1 102
1 104
1 106
1 108
1 110
1 112
1 114
1 116
1 118
1 120
1 122
1 124
1 126
1 128
1 130
1 132
1 134
1 136
1 138
1 140
1 142
1 144
1 146
1 148
1 150
1 152
1 154
1 156
1 158
1 160
1 162
1 164
1 166
1 168
1 170
1 172
1 174
1 176
1 178
1 180
1 182
1 184
1 186
1 188
1 190
1 192
1 194
1 196
1 198
1 200
1 202
1 204
1 206
1 208
1 210
1 212
1 214
1 216
1 218
1 220
1 222
1 224
1 226
1 228
1 230
1 232
1 234
1 236
1 238
1 240
1 242
1 244
1 246
1 248
1 250
1 252
1 254
1 256
1 258
1 260
1 262
1 264
1 266
1 268
1 270
1 272
1 274
1 276
1 278
1 280
1 282
1 284
1 286
1 288
1 290
1 292
1 294
1 296
1 298
1 300
1 302
3 302
1 304
3 304
1 306
1 308
3 308
1 310
3 310
1 312
1 314
3 314
1 316
3 316
1 318
1 320
3 320
1 322
3 322
1 324
1 326
3 326
1 328
3 328
1 330
1 332
3 332
1 334
3 334
1 336
1 338
3 338
1 340
3 340
1 342
1 344
3 344
1 346
3 346
1 348
1 350
3 350
1 352
3 352
1 354
1 356
3 356
1 358
3 358
1 360
1 362
3 362
1 364
3 364
1 366
1 368
3 368
1 370
3 370
1 372
1 374
3 374
1 376
3 376
1 378
1 380
3 380
1 382
3 382
1 384
1 386
3 386
1 388
3 388
1 390
1 392
3 392
1 394
3 394
1 396
1 398
3 398
1 400
3 400
1 402
1 404
3 404
1 406
3 406
1 408
1 410
3 410
1 412
3 412
1 414
1 416
3 416
1 418
3 418
1 420
1 422
3 422
1 424
3 424
1 426
1 428
3 428
1 430
3 430
1 432
1 434
3 434
1 436
3 436
1 438
1 440
3 440
1 442
3 442
1 444
1 446
3 446
1 448
3 448
1 450
1 452
3 452
1 454
3 454
1 456
1 458
3 458
1 460
3 460
1 462
1 464
3 464
1 466
3 466
1 468
1 470
3 470
1 472
3 472
1 474
1 476
3 476
1 478
3 478
1 480
1 482
3 482
1 484
3 484
1 486
1 488
3 488
1 490
3 490
1 492
1 494
3 494
1 496
3 496
1 498
1 500
3 500
1 502
3 502
5 502
1 504
5 504
1 506
3 506
5 506
1 508
3 508
5 508
1 510
1 512
3 512
5 512
1 514
3 514
5 514
1 516
5 516
1 518
3 518
5 518
1 520
3 520
1 522
5 522
1 524
3 524
5 524
1 526
3 526
5 526
1 528
5 528
1 530
3 530
1 532
3 532
5 532
1 534
5 534
1 536
3 536
5 536
1 538
3 538
5 538
1 540
1 542
3 542
5 542
1 544
3 544
5 544
1 546
5 546
1 548
3 548
5 548
1 550
3 550
1 552
5 552
1 554
3 554
5 554
1 556
3 556
5 556
1 558
5 558
1 560
3 560
1 562
3 562
5 562
1 564
5 564
1 566
3 566
5 566
1 568
3 568
5 568
1 570
1 572
3 572
5 572
1 574
3 574
5 574
1 576
5 576
1 578
3 578
5 578
1 580
3 580
1 582
5 582
1 584
3 584
5 584
1 586
3 586
5 586
1 588
5 588
1 590
3 590
1 592
3 592
5 592
1 594
5 594
1 596
3 596
5 596
1 598
3 598
5 598
1 600
1 602
3 602
5 602
1 604
3 604
5 604
1 606
5 606
1 608
3 608
5 608
1 610
3 610
1 612
5 612
1 614
3 614
5 614
1 616
3 616
5 616
1 618
5 618
1 620
3 620
1 622
3 622
5 622
1 624
5 624
1 626
3 626
5 626
1 628
3 628
5 628
1 630
1 632
3 632
5 632
1 634
3 634
5 634
1 636
5 636
1 638
3 638
5 638
1 640
3 640
1 642
5 642
1 644
3 644
5 644
1 646
3 646
5 646
1 648
5 648
1 650
3 650
1 652
3 652
5 652
1 654
5 654
1 656
3 656
5 656
1 658
3 658
5 658
1 660
1 662
3 662
5 662
1 664
3 664
5 664
1 666
5 666
1 668
3 668
5 668
1 670
3 670
1 672
5 672
1 674
3 674
5 674
1 676
3 676
5 676
1 678
5 678
1 680
3 680
1 682
3 682
5 682
1 684
5 684
1 686
3 686
5 686
1 688
3 688
5 688
1 690
1 692
3 692
5 692
1 694
3 694
5 694
1 696
5 696
1 698
3 698
5 698
1 700
3 700
1 702
5 702
7 702
1 704
3 704
5 704
7 704
1 706
3 706
5 706
7 706
1 708
5 708
7 708
1 710
3 710
7 710
1 712
3 712
5 712
7 712
1 714
5 714
1 716
3 716
5 716
7 716
1 718
3 718
5 718
7 718
1 720
7 720
1 722
3 722
5 722
7 722
1 724
3 724
5 724
7 724
1 726
5 726
7 726
1 728
3 728
5 728
1 730
3 730
7 730
1 732
5 732
7 732
1 734
3 734
5 734
7 734
1 736
3 736
5 736
7 736
1 738
5 738
7 738
1 740
3 740
7 740
1 742
3 742
5 742
1 744
5 744
7 744
1 746
3 746
5 746
7 746
1 748
3 748
5 748
7 748
1 750
7 750
1 752
3 752
5 752
7 752
1 754
3 754
5 754
7 754
1 756
5 756
1 758
3 758
5 758
7 758
1 760
3 760
7 760
1 762
5 762
7 762
1 764
3 764
5 764
7 764
1 766
3 766
5 766
7 766
1 768
5 768
7 768
1 770
3 770
1 772
3 772
5 772
7 772
1 774
5 774
7 774
1 776
3 776
5 776
7 776
1 778
3 778
5 778
7 778
1 780
7 780
1 782
3 782
5 782
7 782
1 784
3 784
5 784
1 786
5 786
7 786
1 788
3 788
5 788
7 788
1 790
3 790
7 790
1 792
5 792
7 792
1 794
3 794
5 794
7 794
1 796
3 796
5 796
7 796
1 798
5 798
1 800
3 800
7 800
1 802
3 802
5 802
7 802
1 804
5 804
7 804
1 806
3 806
5 806
7 806
1 808
3 808
5 808
7 808
1 810
7 810
1 812
3 812
5 812
1 814
3 814
5 814
7 814
1 816
5 816
7 816
1 818
3 818
5 818
7 818
1 820
3 820
7 820
1 822
5 822
7 822
1 824
3 824
5 824
7 824
1 826
3 826
5 826
1 828
5 828
7 828
1 830
3 830
7 830
1 832
3 832
5 832
7 832
1 834
5 834
7 834
1 836
3 836
5 836
7 836
1 838
3 838
5 838
7 838
1 840
1 842
3 842
5 842
7 842
1 844
3 844
5 844
7 844
1 846
5 846
7 846
1 848
3 848
5 848
7 848
1 850
3 850
7 850
1 852
5 852
7 852
1 854
3 854
5 854
1 856
3 856
5 856
7 856
1 858
5 858
7 858
1 860
3 860
7 860
1 862
3 862
5 862
7 862
1 864
5 864
7 864
1 866
3 866
5 866
7 866
1 868
3 868
5 868
1 870
7 870
1 872
3 872
5 872
7 872
1 874
3 874
5 874
7 874
1 876
5 876
7 876
1 878
3 878
5 878
7 878
1 880
3 880
7 880
1 882
5 882
1 884
3 884
5 884
7 884
1 886
3 886
5 886
7 886
1 888
5 888
7 888
1 890
3 890
7 890
1 892
3 892
5 892
7 892
1 894
5 894
7 894
1 896
3 896
5 896
1 898
3 898
5 898
7 898
1 900
7 900
1 902
3 902
5 902
7 902
9 902
1 904
3 904
5 904
7 904
9 904
1 906
5 906
7 906
1 908
3 908
5 908
7 908
9 908
1 910
3 910
9 910
1 912
5 912
7 912
1 914
3 914
5 914
7 914
9 914
1 916
3 916
5 916
7 916
9 916
1 918
5 918
7 918
1 920
3 920
7 920
9 920
1 922
3 922
5 922
7 922
9 922
1 924
5 924
1 926
3 926
5 926
7 926
9 926
1 928
3 928
5 928
7 928
9 928
1 930
7 930
1 932
3 932
5 932
7 932
9 932
1 934
3 934
5 934
7 934
9 934
1 936
5 936
7 936
1 938
3 938
5 938
9 938
1 940
3 940
7 940
9 940
1 942
5 942
7 942
1 944
3 944
5 944
7 944
9 944
1 946
3 946
5 946
7 946
9 946
1 948
5 948
7 948
1 950
3 950
7 950
9 950
1 952
3 952
5 952
9 952
1 954
5 954
7 954
1 956
3 956
5 956
7 956
9 956
1 958
3 958
5 958
7 958
9 958
1 960
7 960
1 962
3 962
5 962
7 962
9 962
1 964
3 964
5 964
7 964
9 964
1 966
5 966
1 968
3 968
5 968
7 968
9 968
1 970
3 970
7 970
9 970
1 972
5 972
7 972
1 974
3 974
5 974
7 974
9 974
1 976
3 976
5 976
7 976
9 976
1 978
5 978
7 978
1 980
3 980
9 980
1 982
3 982
5 982
7 982
9 982
1 984
5 984
7 984
1 986
3 986
5 986
7 986
9 986
1 988
3 988
5 988
7 988
9 988
1 990
7 990
1 992
3 992
5 992
7 992
9 992
1 994
3 994
5 994
9 994
1 996
5 996
7 996
1 998
3 998
5 998
7 998
9 998
1 1000
3 1000
7 1000
9 1000
1 1002
5 1002
7 1002
1 1004
3 1004
5 1004
7 1004
9 1004
1 1006
3 1006
5 1006
7 1006
9 1006
1 1008
5 1008
1 1010
3 1010
7 1010
9 1010
1 1012
3 1012
5 1012
7 1012
9 1012
1 1014
5 1014
7 1014
1 1016
3 1016
5 1016
7 1016
9 1016
1 1018
3 1018
5 1018
7 1018
9 1018
1 1020
7 1020
1 1022
3 1022
5 1022
9 1022
1 1024
3 1024
5 1024
7 1024
9 1024
1 1026
5 1026
7 1026
1 1028
3 1028
5 1028
7 1028
9 1028
1 1030
3 1030
7 1030
9 1030
1 1032
5 1032
7 1032
1 1034
3 1034
5 1034
7 1034
9 1034
1 1036
3 1036
5 1036
9 1036
1 1038
5 1038
7 1038
1 1040
3 1040
7 1040
9 1040
1 1042
3 1042
5 1042
7 1042
9 1042
1 1044
5 1044
7 1044
1 1046
3 1046
5 1046
7 1046
9 1046
1 1048
3 1048
5 1048
7 1048
9 1048
1 1050
1 1052
3 1052
5 1052
7 1052
9 1052
1 1054
3 1054
5 1054
7 1054
9 1054
1 1056
5 1056
7 1056
1 1058
3 1058
5 1058
7 1058
9 1058
1 1060
3 1060
7 1060
9 1060
1 1062
5 1062
7 1062
1 1064
3 1064
5 1064
9 1064
1 1066
3 1066
5 1066
7 1066
9 1066
1 1068
5 1068
7 1068
1 1070
3 1070
7 1070
9 1070
1 1072
3 1072
5 1072
7 1072
9 1072
1 1074
5 1074
7 1074
1 1076
3 1076
5 1076
7 1076
9 1076
1 1078
3 1078
5 1078
9 1078
1 1080
7 1080
1 1082
3 1082
5 1082
7 1082
9 1082
1 1084
3 1084
5 1084
7 1084
9 1084
1 1086
5 1086
7 1086
1 1088
3 1088
5 1088
7 1088
9 1088
1 1090
3 1090
7 1090
9 1090
1 1092
5 1092
1 1094
3 1094
5 1094
7 1094
9 1094
1 1096
3 1096
5 1096
7 1096
9 1096
1 1098
5 1098
7 1098
1 1100
3 1100
7 1100
9 1100
1 1102
3 1102
5 1102
7 1102
9 1102
11 1102
1 1104
5 1104
7 1104
11 1104
1 1106
3 1106
5 1106
9 1106
11 1106
1 1108
3 1108
5 1108
7 1108
9 1108
11 1108
1 1110
7 1110
11 1110
1 1112
3 1112
5 1112
7 1112
9 1112
11 1112
1 1114
3 1114
5 1114
7 1114
9 1114
11 1114
1 1116
5 1116
7 1116
11 1116
1 1118
3 1118
5 1118
7 1118
9 1118
11 1118
1 1120
3 1120
9 1120
11 1120
1 1122
5 1122
7 1122
1 1124
3 1124
5 1124
7 1124
9 1124
11 1124
1 1126
3 1126
5 1126
7 1126
9 1126
11 1126
1 1128
5 1128
7 1128
11 1128
1 1130
3 1130
7 1130
9 1130
11 1130
1 1132
3 1132
5 1132
7 1132
9 1132
11 1132
1 1134
5 1134
11 1134
1 1136
3 1136
5 1136
7 1136
9 1136
11 1136
1 1138
3 1138
5 1138
7 1138
9 1138
11 1138
1 1140
7 1140
11 1140
1 1142
3 1142
5 1142
7 1142
9 1142
11 1142
1 1144
3 1144
5 1144
7 1144
9 1144
1 1146
5 1146
7 1146
11 1146
1 1148
3 1148
5 1148
9 1148
11 1148
1 1150
3 1150
7 1150
9 1150
11 1150
1 1152
5 1152
7 1152
11 1152
1 1154
3 1154
5 1154
7 1154
9 1154
11 1154
1 1156
3 1156
5 1156
7 1156
9 1156
11 1156
1 1158
5 1158
7 1158
11 1158
1 1160
3 1160
7 1160
9 1160
11 1160
1 1162
3 1162
5 1162
9 1162
11 1162
1 1164
5 1164
7 1164
11 1164
1 1166
3 1166
5 1166
7 1166
9 1166
1 1168
3 1168
5 1168
7 1168
9 1168
11 1168
1 1170
7 1170
11 1170
1 1172
3 1172
5 1172
7 1172
9 1172
11 1172
1 1174
3 1174
5 1174
7 1174
9 1174
11 1174
1 1176
5 1176
11 1176
1 1178
3 1178
5 1178
7 1178
9 1178
11 1178
1 1180
3 1180
7 1180
9 1180
11 1180
1 1182
5 1182
7 1182
11 1182
1 1184
3 1184
5 1184
7 1184
9 1184
11 1184
1 1186
3 1186
5 1186
7 1186
9 1186
11 1186
1 1188
5 1188
7 1188
1 1190
3 1190
9 1190
11 1190
1 1192
3 1192
5 1192
7 1192
9 1192
11 1192
1 1194
5 1194
7 1194
11 1194
1 1196
3 1196
5 1196
7 1196
9 1196
11 1196
1 1198
3 1198
5 1198
7 1198
9 1198
11 1198
1 1200
7 1200
11 1200
1 1202
3 1202
5 1202
7 1202
9 1202
11 1202
1 1204
3 1204
5 1204
9 1204
11 1204
1 1206
5 1206
7 1206
11 1206
1 1208
3 1208
5 1208
7 1208
9 1208
11 1208
1 1210
3 1210
7 1210
9 1210
1 1212
5 1212
7 1212
11 1212
1 1214
3 1214
5 1214
7 1214
9 1214
11 1214
1 1216
3 1216
5 1216
7 1216
9 1216
11 1216
1 1218
5 1218
11 1218
1 1220
3 1220
7 1220
9 1220
11 1220
1 1222
3 1222
5 1222
7 1222
9 1222
11 1222
1 1224
5 1224
7 1224
11 1224
1 1226
3 1226
5 1226
7 1226
9 1226
11 1226
1 1228
3 1228
5 1228
7 1228
9 1228
11 1228
1 1230
7 1230
11 1230
1 1232
3 1232
5 1232
9 1232
1 1234
3 1234
5 1234
7 1234
9 1234
11 1234
1 1236
5 1236
7 1236
11 1236
1 1238
3 1238
5 1238
7 1238
9 1238
11 1238
1 1240
3 1240
7 1240
9 1240
11 1240
1 1242
5 1242
7 1242
11 1242
1 1244
3 1244
5 1244
7 1244
9 1244
11 1244
1 1246
3 1246
5 1246
9 1246
11 1246
1 1248
5 1248
7 1248
11 1248
1 1250
3 1250
7 1250
9 1250
11 1250
1 1252
3 1252
5 1252
7 1252
9 1252
11 1252
1 1254
5 1254
7 1254
1 1256
3 1256
5 1256
7 1256
9 1256
11 1256
1 1258
3 1258
5 1258
7 1258
9 1258
11 1258
1 1260
11 1260
1 1262
3 1262
5 1262
7 1262
9 1262
11 1262
1 1264
3 1264
5 1264
7 1264
9 1264
11 1264
1 1266
5 1266
7 1266
11 1266
1 1268
3 1268
5 1268
7 1268
9 1268
11 1268
1 1270
3 1270
7 1270
9 1270
11 1270
1 1272
5 1272
7 1272
11 1272
1 1274
3 1274
5 1274
9 1274
11 1274
1 1276
3 1276
5 1276
7 1276
9 1276
1 1278
5 1278
7 1278
11 1278
1 1280
3 1280
7 1280
9 1280
11 1280
1 1282
3 1282
5 1282
7 1282
9 1282
11 1282
1 1284
5 1284
7 1284
11 1284
1 1286
3 1286
5 1286
7 1286
9 1286
11 1286
1 1288
3 1288
5 1288
9 1288
11 1288
1 1290
7 1290
11 1290
1 1292
3 1292
5 1292
7 1292
9 1292
11 1292
1 1294
3 1294
5 1294
7 1294
9 1294
11 1294
1 1296
5 1296
7 1296
11 1296
1 1298
3 1298
5 1298
7 1298
9 1298
1 1300
3 1300
7 1300
9 1300
11 1300
1 1302
5 1302
11 1302
13 1302
1 1304
3 1304
5 1304
7 1304
9 1304
11 1304
13 1304
1 1306
3 1306
5 1306
7 1306
9 1306
11 1306
13 1306
1 1308
5 1308
7 1308
11 1308
13 1308
1 1310
3 1310
7 1310
9 1310
11 1310
13 1310
1 1312
3 1312
5 1312
7 1312
9 1312
11 1312
13 1312
1 1314
5 1314
7 1314
11 1314
13 1314
1 1316
3 1316
5 1316
9 1316
11 1316
13 1316
1 1318
3 1318
5 1318
7 1318
9 1318
11 1318
13 1318
1 1320
7 1320
13 1320
1 1322
3 1322
5 1322
7 1322
9 1322
11 1322
13 1322
1 1324
3 1324
5 1324
7 1324
9 1324
11 1324
13 1324
1 1326
5 1326
7 1326
11 1326
1 1328
3 1328
5 1328
7 1328
9 1328
11 1328
13 1328
1 1330
3 1330
9 1330
11 1330
13 1330
1 1332
5 1332
7 1332
11 1332
13 1332
1 1334
3 1334
5 1334
7 1334
9 1334
11 1334
13 1334
1 1336
3 1336
5 1336
7 1336
9 1336
11 1336
13 1336
1 1338
5 1338
7 1338
11 1338
13 1338
1 1340
3 1340
7 1340
9 1340
11 1340
13 1340
1 1342
3 1342
5 1342
7 1342
9 1342
13 1342
1 1344
5 1344
11 1344
13 1344
1 1346
3 1346
5 1346
7 1346
9 1346
11 1346
13 1346
1 1348
3 1348
5 1348
7 1348
9 1348
11 1348
13 1348
1 1350
7 1350
11 1350
13 1350
1 1352
3 1352
5 1352
7 1352
9 1352
11 1352
1 1354
3 1354
5 1354
7 1354
9 1354
11 1354
13 1354
1 1356
5 1356
7 1356
11 1356
13 1356
1 1358
3 1358
5 1358
9 1358
11 1358
13 1358
1 1360
3 1360
7 1360
9 1360
11 1360
13 1360
1 1362
5 1362
7 1362
11 1362
13 1362
1 1364
3 1364
5 1364
7 1364
9 1364
13 1364
1 1366
3 1366
5 1366
7 1366
9 1366
11 1366
13 1366
1 1368
5 1368
7 1368
11 1368
13 1368
1 1370
3 1370
7 1370
9 1370
11 1370
13 1370
1 1372
3 1372
5 1372
9 1372
11 1372
13 1372
1 1374
5 1374
7 1374
11 1374
13 1374
1 1376
3 1376
5 1376
7 1376
9 1376
11 1376
13 1376
1 1378
3 1378
5 1378
7 1378
9 1378
11 1378
1 1380
7 1380
11 1380
13 1380
1 1382
3 1382
5 1382
7 1382
9 1382
11 1382
13 1382
1 1384
3 1384
5 1384
7 1384
9 1384
11 1384
13 1384
1 1386
5 1386
13 1386
1 1388
3 1388
5 1388
7 1388
9 1388
11 1388
13 1388
1 1390
3 1390
7 1390
9 1390
11 1390
13 1390
1 1392
5 1392
7 1392
11 1392
13 1392
1 1394
3 1394
5 1394
7 1394
9 1394
11 1394
13 1394
1 1396
3 1396
5 1396
7 1396
9 1396
11 1396
13 1396
1 1398
5 1398
7 1398
11 1398
13 1398
1 1400
3 1400
9 1400
11 1400
13 1400
1 1402
3 1402
5 1402
7 1402
9 1402
11 1402
13 1402
1 1404
5 1404
7 1404
11 1404
1 1406
3 1406
5 1406
7 1406
9 1406
11 1406
13 1406
1 1408
3 1408
5 1408
7 1408
9 1408
13 1408
1 1410
7 1410
11 1410
13 1410
1 1412
3 1412
5 1412
7 1412
9 1412
11 1412
13 1412
1 1414
3 1414
5 1414
9 1414
11 1414
13 1414
1 1416
5 1416
7 1416
11 1416
13 1416
1 1418
3 1418
5 1418
7 1418
9 1418
11 1418
13 1418
1 1420
3 1420
7 1420
9 1420
11 1420
13 1420
1 1422
5 1422
7 1422
11 1422
13 1422
1 1424
3 1424
5 1424
7 1424
9 1424
11 1424
13 1424
1 1426
3 1426
5 1426
7 1426
9 1426
11 1426
13 1426
1 1428
5 1428
11 1428
13 1428
1 1430
3 1430
7 1430
9 1430
1 1432
3 1432
5 1432
7 1432
9 1432
11 1432
13 1432
1 1434
5 1434
7 1434
11 1434
13 1434
1 1436
3 1436
5 1436
7 1436
9 1436
11 1436
13 1436
1 1438
3 1438
5 1438
7 1438
9 1438
11 1438
13 1438
1 1440
7 1440
11 1440
13 1440
1 1442
3 1442
5 1442
9 1442
11 1442
13 1442
1 1444
3 1444
5 1444
7 1444
9 1444
11 1444
13 1444
1 1446
5 1446
7 1446
11 1446
13 1446
1 1448
3 1448
5 1448
7 1448
9 1448
11 1448
13 1448
1 1450
3 1450
7 1450
9 1450
11 1450
13 1450
1 1452
5 1452
7 1452
13 1452
1 1454
3 1454
5 1454
7 1454
9 1454
11 1454
13 1454
1 1456
3 1456
5 1456
9 1456
11 1456
1 1458
5 1458
7 1458
11 1458
13 1458
1 1460
3 1460
7 1460
9 1460
11 1460
13 1460
1 1462
3 1462
5 1462
7 1462
9 1462
11 1462
13 1462
1 1464
5 1464
7 1464
11 1464
13 1464
1 1466
3 1466
5 1466
7 1466
9 1466
11 1466
13 1466
1 1468
3 1468
5 1468
7 1468
9 1468
11 1468
13 1468
1 1470
11 1470
13 1470
1 1472
3 1472
5 1472
7 1472
9 1472
11 1472
13 1472
1 1474
3 1474
5 1474
7 1474
9 1474
13 1474
1 1476
5 1476
7 1476
11 1476
13 1476
1 1478
3 1478
5 1478
7 1478
9 1478
11 1478
13 1478
1 1480
3 1480
7 1480
9 1480
11 1480
13 1480
1 1482
5 1482
7 1482
11 1482
1 1484
3 1484
5 1484
9 1484
11 1484
13 1484
1 1486
3 1486
5 1486
7 1486
9 1486
11 1486
13 1486
1 1488
5 1488
7 1488
11 1488
13 1488
1 1490
3 1490
7 1490
9 1490
11 1490
13 1490
1 1492
3 1492
5 1492
7 1492
9 1492
11 1492
13 1492
1 1494
5 1494
7 1494
11 1494
13 1494
1 1496
3 1496
5 1496
7 1496
9 1496
13 1496
1 1498
3 1498
5 1498
9 1498
11 1498
13 1498
1 1500
7 1500
11 1500
13 1500
1 1502
3 1502
5 1502
7 1502
9 1502
11 1502
13 1502
15 1502
1 1504
3 1504
5 1504
7 1504
9 1504
11 1504
13 1504
15 1504
1 1506
5 1506
7 1506
11 1506
13 1506
1 1508
3 1508
5 1508
7 1508
9 1508
11 1508
15 1508
1 1510
3 1510
7 1510
9 1510
11 1510
13 1510
1 1512
5 1512
11 1512
13 1512
1 1514
3 1514
5 1514
7 1514
9 1514
11 1514
13 1514
15 1514
1 1516
3 1516
5 1516
7 1516
9 1516
11 1516
13 1516
15 1516
1 1518
5 1518
7 1518
13 1518
1 1520
3 1520
7 1520
9 1520
11 1520
13 1520
1 1522
3 1522
5 1522
7 1522
9 1522
11 1522
13 1522
15 1522
1 1524
5 1524
7 1524
11 1524
13 1524
1 1526
3 1526
5 1526
9 1526
11 1526
13 1526
15 1526
1 1528
3 1528
5 1528
7 1528
9 1528
11 1528
13 1528
15 1528
1 1530
7 1530
11 1530
13 1530
1 1532
3 1532
5 1532
7 1532
9 1532
11 1532
13 1532
15 1532
1 1534
3 1534
5 1534
7 1534
9 1534
11 1534
15 1534
1 1536
5 1536
7 1536
11 1536
13 1536
1 1538
3 1538
5 1538
7 1538
9 1538
11 1538
13 1538
15 1538
1 1540
3 1540
9 1540
13 1540
1 1542
5 1542
7 1542
11 1542
13 1542
1 1544
3 1544
5 1544
7 1544
9 1544
11 1544
13 1544
15 1544
1 1546
3 1546
5 1546
7 1546
9 1546
11 1546
13 1546
15 1546
1 1548
5 1548
7 1548
11 1548
13 1548
1 1550
3 1550
7 1550
9 1550
11 1550
13 1550
1 1552
3 1552
5 1552
7 1552
9 1552
11 1552
13 1552
15 1552
1 1554
5 1554
11 1554
13 1554
1 1556
3 1556
5 1556
7 1556
9 1556
11 1556
13 1556
15 1556
1 1558
3 1558
5 1558
7 1558
9 1558
11 1558
13 1558
15 1558
1 1560
7 1560
11 1560
1 1562
3 1562
5 1562
7 1562
9 1562
13 1562
15 1562
1 1564
3 1564
5 1564
7 1564
9 1564
11 1564
13 1564
15 1564
1 1566
5 1566
7 1566
11 1566
13 1566
1 1568
3 1568
5 1568
9 1568
11 1568
13 1568
15 1568
1 1570
3 1570
7 1570
9 1570
11 1570
13 1570
1 1572
5 1572
7 1572
11 1572
13 1572
1 1574
3 1574
5 1574
7 1574
9 1574
11 1574
13 1574
15 1574
1 1576
3 1576
5 1576
7 1576
9 1576
11 1576
13 1576
15 1576
1 1578
5 1578
7 1578
11 1578
13 1578
1 1580
3 1580
7 1580
9 1580
11 1580
13 1580
1 1582
3 1582
5 1582
9 1582
11 1582
13 1582
15 1582
1 1584
5 1584
7 1584
13 1584
1 1586
3 1586
5 1586
7 1586
9 1586
11 1586
15 1586
1 1588
3 1588
5 1588
7 1588
9 1588
11 1588
13 1588
15 1588
1 1590
7 1590
11 1590
13 1590
1 1592
3 1592
5 1592
7 1592
9 1592
11 1592
13 1592
15 1592
1 1594
3 1594
5 1594
7 1594
9 1594
11 1594
13 1594
15 1594
1 1596
5 1596
11 1596
13 1596
1 1598
3 1598
5 1598
7 1598
9 1598
11 1598
13 1598
15 1598
1 1600
3 1600
7 1600
9 1600
11 1600
13 1600
1 1602
5 1602
7 1602
11 1602
13 1602
1 1604
3 1604
5 1604
7 1604
9 1604
11 1604
13 1604
15 1604
1 1606
3 1606
5 1606
7 1606
9 1606
13 1606
15 1606
1 1608
5 1608
7 1608
11 1608
13 1608
1 1610
3 1610
9 1610
11 1610
13 1610
1 1612
3 1612
5 1612
7 1612
9 1612
11 1612
15 1612
1 1614
5 1614
7 1614
11 1614
13 1614
1 1616
3 1616
5 1616
7 1616
9 1616
11 1616
13 1616
15 1616
1 1618
3 1618
5 1618
7 1618
9 1618
11 1618
13 1618
15 1618
1 1620
7 1620
11 1620
13 1620
1 1622
3 1622
5 1622
7 1622
9 1622
11 1622
13 1622
15 1622
1 1624
3 1624
5 1624
9 1624
11 1624
13 1624
15 1624
1 1626
5 1626
7 1626
11 1626
13 1626
1 1628
3 1628
5 1628
7 1628
9 1628
13 1628
15 1628
1 1630
3 1630
7 1630
9 1630
11 1630
13 1630
1 1632
5 1632
7 1632
11 1632
13 1632
1 1634
3 1634
5 1634
7 1634
9 1634
11 1634
13 1634
15 1634
1 1636
3 1636
5 1636
7 1636
9 1636
11 1636
13 1636
15 1636
1 1638
5 1638
11 1638
1 1640
3 1640
7 1640
9 1640
11 1640
13 1640
1 1642
3 1642
5 1642
7 1642
9 1642
11 1642
13 1642
15 1642
1 1644
5 1644
7 1644
11 1644
13 1644
1 1646
3 1646
5 1646
7 1646
9 1646
11 1646
13 1646
15 1646
1 1648
3 1648
5 1648
7 1648
9 1648
11 1648
13 1648
15 1648
1 1650
7 1650
13 1650
1 1652
3 1652
5 1652
9 1652
11 1652
13 1652
15 1652
1 1654
3 1654
5 1654
7 1654
9 1654
11 1654
13 1654
15 1654
1 1656
5 1656
7 1656
11 1656
13 1656
1 1658
3 1658
5 1658
7 1658
9 1658
11 1658
13 1658
15 1658
1 1660
3 1660
7 1660
9 1660
11 1660
13 1660
1 1662
5 1662
7 1662
11 1662
13 1662
1 1664
3 1664
5 1664
7 1664
9 1664
11 1664
15 1664
1 1666
3 1666
5 1666
9 1666
11 1666
13 1666
15 1666
1 1668
5 1668
7 1668
11 1668
13 1668
1 1670
3 1670
7 1670
9 1670
11 1670
13 1670
1 1672
3 1672
5 1672
7 1672
9 1672
13 1672
15 1672
1 1674
5 1674
7 1674
11 1674
13 1674
1 1676
3 1676
5 1676
7 1676
9 1676
11 1676
13 1676
15 1676
1 1678
3 1678
5 1678
7 1678
9 1678
11 1678
13 1678
15 1678
1 1680
11 1680
13 1680
1 1682
3 1682
5 1682
7 1682
9 1682
11 1682
13 1682
15 1682
1 1684
3 1684
5 1684
7 1684
9 1684
11 1684
13 1684
15 1684
1 1686
5 1686
7 1686
11 1686
13 1686
1 1688
3 1688
5 1688
7 1688
9 1688
11 1688
13 1688
15 1688
1 1690
3 1690
7 1690
9 1690
11 1690
1 1692
5 1692
7 1692
11 1692
13 1692
1 1694
3 1694
5 1694
9 1694
13 1694
15 1694
1 1696
3 1696
5 1696
7 1696
9 1696
11 1696
13 1696
15 1696
1 1698
5 1698
7 1698
11 1698
13 1698
1 1700
3 1700
7 1700
9 1700
11 1700
13 1700
1 1702
3 1702
5 1702
7 1702
9 1702
11 1702
13 1702
15 1702
17 1702
1 1704
5 1704
7 1704
11 1704
13 1704
17 1704
1 1706
3 1706
5 1706
7 1706
9 1706
11 1706
13 1706
15 1706
17 1706
1 1708
3 1708
5 1708
9 1708
11 1708
13 1708
15 1708
17 1708
1 1710
7 1710
11 1710
13 1710
17 1710
1 1712
3 1712
5 1712
7 1712
9 1712
11 1712
13 1712
15 1712
17 1712
1 1714
3 1714
5 1714
7 1714
9 1714
11 1714
13 1714
15 1714
17 1714
1 1716
5 1716
7 1716
17 1716
1 1718
3 1718
5 1718
7 1718
9 1718
11 1718
13 1718
15 1718
17 1718
1 1720
3 1720
7 1720
9 1720
11 1720
13 1720
17 1720
1 1722
5 1722
11 1722
13 1722
17 1722
1 1724
3 1724
5 1724
7 1724
9 1724
11 1724
13 1724
15 1724
17 1724
1 1726
3 1726
5 1726
7 1726
9 1726
11 1726
13 1726
15 1726
17 1726
1 1728
5 1728
7 1728
11 1728
13 1728
17 1728
1 1730
3 1730
7 1730
9 1730
11 1730
13 1730
17 1730
1 1732
3 1732
5 1732
7 1732
9 1732
11 1732
13 1732
15 1732
17 1732
1 1734
5 1734
7 1734
11 1734
13 1734
1 1736
3 1736
5 1736
9 1736
11 1736
13 1736
15 1736
17 1736
1 1738
3 1738
5 1738
7 1738
9 1738
13 1738
15 1738
17 1738
1 1740
7 1740
11 1740
13 1740
17 1740
1 1742
3 1742
5 1742
7 1742
9 1742
11 1742
15 1742
17 1742
1 1744
3 1744
5 1744
7 1744
9 1744
11 1744
13 1744
15 1744
17 1744
1 1746
5 1746
7 1746
11 1746
13 1746
17 1746
1 1748
3 1748
5 1748
7 1748
9 1748
11 1748
13 1748
15 1748
17 1748
1 1750
3 1750
9 1750
11 1750
13 1750
17 1750
1 1752
5 1752
7 1752
11 1752
13 1752
17 1752
1 1754
3 1754
5 1754
7 1754
9 1754
11 1754
13 1754
15 1754
17 1754
1 1756
3 1756
5 1756
7 1756
9 1756
11 1756
13 1756
15 1756
17 1756
1 1758
5 1758
7 1758
11 1758
13 1758
17 1758
1 1760
3 1760
7 1760
9 1760
13 1760
17 1760
1 1762
3 1762
5 1762
7 1762
9 1762
11 1762
13 1762
15 1762
17 1762
1 1764
5 1764
11 1764
13 1764
17 1764
1 1766
3 1766
5 1766
7 1766
9 1766
11 1766
13 1766
15 1766
17 1766
1 1768
3 1768
5 1768
7 1768
9 1768
11 1768
15 1768
1 1770
7 1770
11 1770
13 1770
17 1770
1 1772
3 1772
5 1772
7 1772
9 1772
11 1772
13 1772
15 1772
17 1772
1 1774
3 1774
5 1774
7 1774
9 1774
11 1774
13 1774
15 1774
17 1774
1 1776
5 1776
7 1776
11 1776
13 1776
17 1776
1 1778
3 1778
5 1778
9 1778
11 1778
13 1778
15 1778
17 1778
1 1780
3 1780
7 1780
9 1780
11 1780
13 1780
17 1780
1 1782
5 1782
7 1782
13 1782
17 1782
1 1784
3 1784
5 1784
7 1784
9 1784
11 1784
13 1784
15 1784
17 1784
1 1786
3 1786
5 1786
7 1786
9 1786
11 1786
13 1786
15 1786
17 1786
1 1788
5 1788
7 1788
11 1788
13 1788
17 1788
1 1790
3 1790
7 1790
9 1790
11 1790
13 1790
17 1790
1 1792
3 1792
5 1792
9 1792
11 1792
13 1792
15 1792
17 1792
1 1794
5 1794
7 1794
11 1794
17 1794
1 1796
3 1796
5 1796
7 1796
9 1796
11 1796
13 1796
15 1796
17 1796
1 1798
3 1798
5 1798
7 1798
9 1798
11 1798
13 1798
15 1798
17 1798
1 1800
7 1800
11 1800
13 1800
17 1800
1 1802
3 1802
5 1802
7 1802
9 1802
11 1802
13 1802
15 1802
1 1804
3 1804
5 1804
7 1804
9 1804
13 1804
15 1804
17 1804
1 1806
5 1806
11 1806
13 1806
17 1806
1 1808
3 1808
5 1808
7 1808
9 1808
11 1808
13 1808
15 1808
17 1808
1 1810
3 1810
7 1810
9 1810
11 1810
13 1810
17 1810
1 1812
5 1812
7 1812
11 1812
13 1812
17 1812
1 1814
3 1814
5 1814
7 1814
9 1814
11 1814
13 1814
15 1814
17 1814
1 1816
3 1816
5 1816
7 1816
9 1816
11 1816
13 1816
15 1816
17 1816
1 1818
5 1818
7 1818
11 1818
13 1818
17 1818
1 1820
3 1820
9 1820
11 1820
17 1820
1 1822
3 1822
5 1822
7 1822
9 1822
11 1822
13 1822
15 1822
17 1822
1 1824
5 1824
7 1824
11 1824
13 1824
17 1824
1 1826
3 1826
5 1826
7 1826
9 1826
13 1826
15 1826
17 1826
1 1828
3 1828
5 1828
7 1828
9 1828
11 1828
13 1828
15 1828
17 1828
1 1830
7 1830
11 1830
13 1830
17 1830
1 1832
3 1832
5 1832
7 1832
9 1832
11 1832
13 1832
15 1832
17 1832
1 1834
3 1834
5 1834
9 1834
11 1834
13 1834
15 1834
17 1834
1 1836
5 1836
7 1836
11 1836
13 1836
1 1838
3 1838
5 1838
7 1838
9 1838
11 1838
13 1838
15 1838
17 1838
1 1840
3 1840
7 1840
9 1840
11 1840
13 1840
17 1840
1 1842
5 1842
7 1842
11 1842
13 1842
17 1842
1 1844
3 1844
5 1844
7 1844
9 1844
11 1844
13 1844
15 1844
17 1844
1 1846
3 1846
5 1846
7 1846
9 1846
11 1846
15 1846
17 1846
1 1848
5 1848
13 1848
17 1848
1 1850
3 1850
7 1850
9 1850
11 1850
13 1850
17 1850
1 1852
3 1852
5 1852
7 1852
9 1852
11 1852
13 1852
15 1852
17 1852
1 1854
5 1854
7 1854
11 1854
13 1854
17 1854
1 1856
3 1856
5 1856
7 1856
9 1856
11 1856
13 1856
15 1856
17 1856
1 1858
3 1858
5 1858
7 1858
9 1858
11 1858
13 1858
15 1858
17 1858
1 1860
7 1860
11 1860
13 1860
17 1860
1 1862
3 1862
5 1862
9 1862
11 1862
13 1862
15 1862
17 1862
1 1864
3 1864
5 1864
7 1864
9 1864
11 1864
13 1864
15 1864
17 1864
1 1866
5 1866
7 1866
11 1866
13 1866
17 1866
1 1868
3 1868
5 1868
7 1868
9 1868
11 1868
13 1868
15 1868
17 1868
1 1870
3 1870
7 1870
9 1870
13 1870
1 1872
5 1872
7 1872
11 1872
17 1872
1 1874
3 1874
5 1874
7 1874
9 1874
11 1874
13 1874
15 1874
17 1874
1 1876
3 1876
5 1876
9 1876
11 1876
13 1876
15 1876
17 1876
1 1878
5 1878
7 1878
11 1878
13 1878
17 1878
1 1880
3 1880
7 1880
9 1880
11 1880
13 1880
17 1880
1 1882
3 1882
5 1882
7 1882
9 1882
11 1882
13 1882
15 1882
17 1882
1 1884
5 1884
7 1884
11 1884
13 1884
17 1884
1 1886
3 1886
5 1886
7 1886
9 1886
11 1886
13 1886
15 1886
17 1886
1 1888
3 1888
5 1888
7 1888
9 1888
11 1888
13 1888
15 1888
17 1888
1 1890
11 1890
13 1890
17 1890
1 1892
3 1892
5 1892
7 1892
9 1892
13 1892
15 1892
17 1892
1 1894
3 1894
5 1894
7 1894
9 1894
11 1894
13 1894
15 1894
17 1894
1 1896
5 1896
7 1896
11 1896
13 1896
17 1896
1 1898
3 1898
5 1898
7 1898
9 1898
11 1898
15 1898
17 1898
1 1900
3 1900
7 1900
9 1900
11 1900
13 1900
17 1900
1 1902
5 1902
7 1902
11 1902
13 1902
17 1902
19 1902
1 1904
3 1904
5 1904
9 1904
11 1904
13 1904
15 1904
19 1904
1 1906
3 1906
5 1906
7 1906
9 1906
11 1906
13 1906
15 1906
17 1906
19 1906
1 1908
5 1908
7 1908
11 1908
13 1908
17 1908
19 1908
1 1910
3 1910
7 1910
9 1910
11 1910
13 1910
17 1910
19 1910
1 1912
3 1912
5 1912
7 1912
9 1912
11 1912
13 1912
15 1912
17 1912
19 1912
1 1914
5 1914
7 1914
13 1914
17 1914
19 1914
1 1916
3 1916
5 1916
7 1916
9 1916
11 1916
13 1916
15 1916
17 1916
19 1916
1 1918
3 1918
5 1918
9 1918
11 1918
13 1918
15 1918
17 1918
19 1918
1 1920
7 1920
11 1920
13 1920
17 1920
19 1920
1 1922
3 1922
5 1922
7 1922
9 1922
11 1922
13 1922
15 1922
17 1922
19 1922
1 1924
3 1924
5 1924
7 1924
9 1924
11 1924
15 1924
17 1924
19 1924
1 1926
5 1926
7 1926
11 1926
13 1926
17 1926
19 1926
1 1928
3 1928
5 1928
7 1928
9 1928
11 1928
13 1928
15 1928
17 1928
19 1928
1 1930
3 1930
7 1930
9 1930
11 1930
13 1930
17 1930
19 1930
1 1932
5 1932
11 1932
13 1932
17 1932
19 1932
1 1934
3 1934
5 1934
7 1934
9 1934
11 1934
13 1934
15 1934
17 1934
19 1934
1 1936
3 1936
5 1936
7 1936
9 1936
13 1936
15 1936
17 1936
19 1936
1 1938
5 1938
7 1938
11 1938
13 1938
1 1940
3 1940
7 1940
9 1940
11 1940
13 1940
17 1940
19 1940
1 1942
3 1942
5 1942
7 1942
9 1942
11 1942
13 1942
15 1942
17 1942
19 1942
1 1944
5 1944
7 1944
11 1944
13 1944
17 1944
19 1944
1 1946
3 1946
5 1946
9 1946
11 1946
13 1946
15 1946
17 1946
19 1946
1 1948
3 1948
5 1948
7 1948
9 1948
11 1948
13 1948
15 1948
17 1948
19 1948
1 1950
7 1950
11 1950
17 1950
19 1950
1 1952
3 1952
5 1952
7 1952
9 1952
11 1952
13 1952
15 1952
17 1952
19 1952
1 1954
3 1954
5 1954
7 1954
9 1954
11 1954
13 1954
15 1954
17 1954
19 1954
1 1956
5 1956
7 1956
11 1956
13 1956
17 1956
19 1956
1 1958
3 1958
5 1958
7 1958
9 1958
13 1958
15 1958
17 1958
19 1958
1 1960
3 1960
9 1960
11 1960
13 1960
17 1960
19 1960
1 1962
5 1962
7 1962
11 1962
13 1962
17 1962
19 1962
1 1964
3 1964
5 1964
7 1964
9 1964
11 1964
13 1964
15 1964
17 1964
19 1964
1 1966
3 1966
5 1966
7 1966
9 1966
11 1966
13 1966
15 1966
17 1966
19 1966
1 1968
5 1968
7 1968
11 1968
13 1968
17 1968
19 1968
1 1970
3 1970
7 1970
9 1970
11 1970
13 1970
17 1970
19 1970
1 1972
3 1972
5 1972
7 1972
9 1972
11 1972
13 1972
15 1972
19 1972
1 1974
5 1974
11 1974
13 1974
17 1974
19 1974
1 1976
3 1976
5 1976
7 1976
9 1976
11 1976
15 1976
17 1976
1 1978
3 1978
5 1978
7 1978
9 1978
11 1978
13 1978
15 1978
17 1978
19 1978
1 1980
7 1980
13 1980
17 1980
19 1980
1 1982
3 1982
5 1982
7 1982
9 1982
11 1982
13 1982
15 1982
17 1982
19 1982
1 1984
3 1984
5 1984
7 1984
9 1984
11 1984
13 1984
15 1984
17 1984
19 1984
1 1986
5 1986
7 1986
11 1986
13 1986
17 1986
19 1986
1 1988
3 1988
5 1988
9 1988
11 1988
13 1988
15 1988
17 1988
19 1988
1 1990
3 1990
7 1990
9 1990
11 1990
13 1990
17 1990
19 1990
1 1992
5 1992
7 1992
11 1992
13 1992
17 1992
19 1992
1 1994
3 1994
5 1994
7 1994
9 1994
11 1994
13 1994
15 1994
17 1994
19 1994
1 1996
3 1996
5 1996
7 1996
9 1996
11 1996
13 1996
15 1996
17 1996
19 1996
1 1998
5 1998
7 1998
11 1998
13 1998
17 1998
19 1998
1 2000
3 2000
7 2000
9 2000
11 2000
13 2000
17 2000
19 2000
1 2002
3 2002
5 2002
9 2002
15 2002
17 2002
19 2002
1 2004
5 2004
7 2004
11 2004
13 2004
17 2004
19 2004
1 2006
3 2006
5 2006
7 2006
9 2006
11 2006
13 2006
15 2006
19 2006
1 2008
3 2008
5 2008
7 2008
9 2008
11 2008
13 2008
15 2008
17 2008
19 2008
1 2010
7 2010
11 2010
13 2010
17 2010
19 2010
1 2012
3 2012
5 2012
7 2012
9 2012
11 2012
13 2012
15 2012
17 2012
19 2012
1 2014
3 2014
5 2014
7 2014
9 2014
11 2014
13 2014
15 2014
17 2014
1 2016
5 2016
11 2016
13 2016
17 2016
19 2016
1 2018
3 2018
5 2018
7 2018
9 2018
11 2018
13 2018
15 2018
17 2018
19 2018
1 2020
3 2020
7 2020
9 2020
11 2020
13 2020
17 2020
19 2020
1 2022
5 2022
7 2022
11 2022
13 2022
17 2022
19 2022
1 2024
3 2024
5 2024
7 2024
9 2024
13 2024
15 2024
17 2024
19 2024
1 2026
3 2026
5 2026
7 2026
9 2026
11 2026
13 2026
15 2026
17 2026
19 2026
1 2028
5 2028
7 2028
11 2028
17 2028
19 2028
1 2030
3 2030
9 2030
11 2030
13 2030
17 2030
19 2030
1 2032
3 2032
5 2032
7 2032
9 2032
11 2032
13 2032
15 2032
17 2032
19 2032
1 2034
5 2034
7 2034
11 2034
13 2034
17 2034
19 2034
1 2036
3 2036
5 2036
7 2036
9 2036
11 2036
13 2036
15 2036
17 2036
19 2036
1 2038
3 2038
5 2038
7 2038
9 2038
11 2038
13 2038
15 2038
17 2038
19 2038
1 2040
7 2040
11 2040
13 2040
19 2040
1 2042
3 2042
5 2042
7 2042
9 2042
11 2042
13 2042
15 2042
17 2042
19 2042
1 2044
3 2044
5 2044
9 2044
11 2044
13 2044
15 2044
17 2044
19 2044
1 2046
5 2046
7 2046
13 2046
17 2046
19 2046
1 2048
3 2048
5 2048
7 2048
9 2048
11 2048
13 2048
15 2048
17 2048
19 2048
1 2050
3 2050
7 2050
9 2050
11 2050
13 2050
17 2050
19 2050
1 2052
5 2052
7 2052
11 2052
13 2052
17 2052
1 2054
3 2054
5 2054
7 2054
9 2054
11 2054
15 2054
17 2054
19 2054
1 2056
3 2056
5 2056
7 2056
9 2056
11 2056
13 2056
15 2056
17 2056
19 2056
1 2058
5 2058
11 2058
13 2058
17 2058
19 2058
1 2060
3 2060
7 2060
9 2060
11 2060
13 2060
17 2060
19 2060
1 2062
3 2062
5 2062
7 2062
9 2062
11 2062
13 2062
15 2062
17 2062
19 2062
1 2064
5 2064
7 2064
11 2064
13 2064
17 2064
19 2064
1 2066
3 2066
5 2066
7 2066
9 2066
11 2066
13 2066
15 2066
17 2066
19 2066
1 2068
3 2068
5 2068
7 2068
9 2068
13 2068
15 2068
17 2068
19 2068
1 2070
7 2070
11 2070
13 2070
17 2070
19 2070
1 2072
3 2072
5 2072
9 2072
11 2072
13 2072
15 2072
17 2072
19 2072
1 2074
3 2074
5 2074
7 2074
9 2074
11 2074
13 2074
15 2074
19 2074
1 2076
5 2076
7 2076
11 2076
13 2076
17 2076
19 2076
1 2078
3 2078
5 2078
7 2078
9 2078
11 2078
13 2078
15 2078
17 2078
19 2078
1 2080
3 2080
7 2080
9 2080
11 2080
17 2080
19 2080
1 2082
5 2082
7 2082
11 2082
13 2082
17 2082
19 2082
1 2084
3 2084
5 2084
7 2084
9 2084
11 2084
13 2084
15 2084
17 2084
19 2084
1 2086
3 2086
5 2086
9 2086
11 2086
13 2086
15 2086
17 2086
19 2086
1 2088
5 2088
7 2088
11 2088
13 2088
17 2088
19 2088
1 2090
3 2090
7 2090
9 2090
13 2090
17 2090
1 2092
3 2092
5 2092
7 2092
9 2092
11 2092
13 2092
15 2092
17 2092
19 2092
1 2094
5 2094
7 2094
11 2094
13 2094
17 2094
19 2094
1 2096
3 2096
5 2096
7 2096
9 2096
11 2096
13 2096
15 2096
17 2096
19 2096
1 2098
3 2098
5 2098
7 2098
9 2098
11 2098
13 2098
15 2098
17 2098
19 2098
1 2100
11 2100
13 2100
17 2100
19 2100
1 2102
3 2102
5 2102
7 2102
9 2102
11 2102
13 2102
15 2102
17 2102
19 2102
21 2102
1 2104
3 2104
5 2104
7 2104
9 2104
11 2104
13 2104
15 2104
17 2104
19 2104
21 2104
1 2106
5 2106
7 2106
11 2106
17 2106
19 2106
1 2108
3 2108
5 2108
7 2108
9 2108
11 2108
13 2108
15 2108
19 2108
21 2108
1 2110
3 2110
7 2110
9 2110
11 2110
13 2110
17 2110
19 2110
21 2110
1 2112
5 2112
7 2112
13 2112
17 2112
19 2112
1 2114
3 2114
5 2114
9 2114
11 2114
13 2114
15 2114
17 2114
19 2114
1 2116
3 2116
5 2116
7 2116
9 2116
11 2116
13 2116
15 2116
17 2116
19 2116
21 2116
1 2118
5 2118
7 2118
11 2118
13 2118
17 2118
19 2118
1 2120
3 2120
7 2120
9 2120
11 2120
13 2120
17 2120
19 2120
21 2120
1 2122
3 2122
5 2122
7 2122
9 2122
11 2122
13 2122
15 2122
17 2122
19 2122
21 2122
1 2124
5 2124
7 2124
11 2124
13 2124
17 2124
19 2124
1 2126
3 2126
5 2126
7 2126
9 2126
11 2126
13 2126
15 2126
17 2126
19 2126
21 2126
1 2128
3 2128
5 2128
9 2128
11 2128
13 2128
15 2128
17 2128
1 2130
7 2130
11 2130
13 2130
17 2130
19 2130
1 2132
3 2132
5 2132
7 2132
9 2132
11 2132
15 2132
17 2132
19 2132
21 2132
1 2134
3 2134
5 2134
7 2134
9 2134
13 2134
15 2134
17 2134
19 2134
21 2134
1 2136
5 2136
7 2136
11 2136
13 2136
17 2136
19 2136
1 2138
3 2138
5 2138
7 2138
9 2138
11 2138
13 2138
15 2138
17 2138
19 2138
21 2138
1 2140
3 2140
7 2140
9 2140
11 2140
13 2140
17 2140
19 2140
21 2140
1 2142
5 2142
11 2142
13 2142
19 2142
1 2144
3 2144
5 2144
7 2144
9 2144
11 2144
13 2144
15 2144
17 2144
19 2144
21 2144
1 2146
3 2146
5 2146
7 2146
9 2146
11 2146
13 2146
15 2146
17 2146
19 2146
21 2146
1 2148
5 2148
7 2148
11 2148
13 2148
17 2148
19 2148
1 2150
3 2150
7 2150
9 2150
11 2150
13 2150
17 2150
19 2150
21 2150
1 2152
3 2152
5 2152
7 2152
9 2152
11 2152
13 2152
15 2152
17 2152
19 2152
21 2152
1 2154
5 2154
7 2154
11 2154
13 2154
17 2154
19 2154
1 2156
3 2156
5 2156
9 2156
13 2156
15 2156
17 2156
19 2156
1 2158
3 2158
5 2158
7 2158
9 2158
11 2158
15 2158
17 2158
19 2158
21 2158
1 2160
7 2160
11 2160
13 2160
17 2160
19 2160
1 2162
3 2162
5 2162
7 2162
9 2162
11 2162
13 2162
15 2162
17 2162
19 2162
21 2162
1 2164
3 2164
5 2164
7 2164
9 2164
11 2164
13 2164
15 2164
17 2164
19 2164
21 2164
1 2166
5 2166
7 2166
11 2166
13 2166
17 2166
1 2168
3 2168
5 2168
7 2168
9 2168
11 2168
13 2168
15 2168
17 2168
19 2168
21 2168
1 2170
3 2170
9 2170
11 2170
13 2170
17 2170
19 2170
1 2172
5 2172
7 2172
11 2172
13 2172
17 2172
19 2172
1 2174
3 2174
5 2174
7 2174
9 2174
11 2174
13 2174
15 2174
17 2174
19 2174
21 2174
1 2176
3 2176
5 2176
7 2176
9 2176
11 2176
13 2176
15 2176
19 2176
21 2176
1 2178
5 2178
7 2178
13 2178
17 2178
19 2178
1 2180
3 2180
7 2180
9 2180
11 2180
13 2180
17 2180
19 2180
21 2180
1 2182
3 2182
5 2182
7 2182
9 2182
11 2182
13 2182
15 2182
17 2182
19 2182
21 2182
1 2184
5 2184
11 2184
17 2184
19 2184
1 2186
3 2186
5 2186
7 2186
9 2186
11 2186
13 2186
15 2186
17 2186
19 2186
21 2186
1 2188
3 2188
5 2188
7 2188
9 2188
11 2188
13 2188
15 2188
17 2188
19 2188
21 2188
1 2190
7 2190
11 2190
13 2190
17 2190
19 2190
1 2192
3 2192
5 2192
7 2192
9 2192
11 2192
13 2192
15 2192
17 2192
19 2192
21 2192
1 2194
3 2194
5 2194
7 2194
9 2194
11 2194
13 2194
15 2194
17 2194
19 2194
21 2194
1 2196
5 2196
7 2196
11 2196
13 2196
17 2196
19 2196
1 2198
3 2198
5 2198
9 2198
11 2198
13 2198
15 2198
17 2198
19 2198
1 2200
3 2200
7 2200
9 2200
13 2200
17 2200
19 2200
21 2200
1 2202
5 2202
7 2202
11 2202
13 2202
17 2202
19 2202
1 2204
3 2204
5 2204
7 2204
9 2204
11 2204
13 2204
15 2204
17 2204
21 2204
1 2206
3 2206
5 2206
7 2206
9 2206
11 2206
13 2206
15 2206
17 2206
19 2206
21 2206
1 2208
5 2208
7 2208
11 2208
13 2208
17 2208
19 2208
1 2210
3 2210
7 2210
9 2210
11 2210
19 2210
21 2210
1 2212
3 2212
5 2212
9 2212
11 2212
13 2212
15 2212
17 2212
19 2212
1 2214
5 2214
7 2214
11 2214
13 2214
17 2214
19 2214
1 2216
3 2216
5 2216
7 2216
9 2216
11 2216
13 2216
15 2216
17 2216
19 2216
21 2216
1 2218
3 2218
5 2218
7 2218
9 2218
11 2218
13 2218
15 2218
17 2218
19 2218
21 2218
1 2220
7 2220
11 2220
13 2220
17 2220
19 2220
1 2222
3 2222
5 2222
7 2222
9 2222
13 2222
15 2222
17 2222
19 2222
21 2222
1 2224
3 2224
5 2224
7 2224
9 2224
11 2224
13 2224
15 2224
17 2224
19 2224
21 2224
1 2226
5 2226
11 2226
13 2226
17 2226
19 2226
1 2228
3 2228
5 2228
7 2228
9 2228
11 2228
13 2228
15 2228
17 2228
19 2228
21 2228
1 2230
3 2230
7 2230
9 2230
11 2230
13 2230
17 2230
19 2230
21 2230
1 2232
5 2232
7 2232
11 2232
13 2232
17 2232
19 2232
1 2234
3 2234
5 2234
7 2234
9 2234
11 2234
13 2234
15 2234
17 2234
19 2234
21 2234
1 2236
3 2236
5 2236
7 2236
9 2236
11 2236
15 2236
17 2236
19 2236
21 2236
1 2238
5 2238
7 2238
11 2238
13 2238
17 2238
19 2238
1 2240
3 2240
9 2240
11 2240
13 2240
17 2240
19 2240
1 2242
3 2242
5 2242
7 2242
9 2242
11 2242
13 2242
15 2242
17 2242
21 2242
1 2244
5 2244
7 2244
13 2244
19 2244
1 2246
3 2246
5 2246
7 2246
9 2246
11 2246
13 2246
15 2246
17 2246
19 2246
21 2246
1 2248
3 2248
5 2248
7 2248
9 2248
11 2248
13 2248
15 2248
17 2248
19 2248
21 2248
1 2250
7 2250
11 2250
13 2250
17 2250
19 2250
1 2252
3 2252
5 2252
7 2252
9 2252
11 2252
13 2252
15 2252
17 2252
19 2252
21 2252
1 2254
3 2254
5 2254
9 2254
11 2254
13 2254
15 2254
17 2254
19 2254
1 2256
5 2256
7 2256
11 2256
13 2256
17 2256
19 2256
1 2258
3 2258
5 2258
7 2258
9 2258
11 2258
13 2258
15 2258
17 2258
19 2258
21 2258
1 2260
3 2260
7 2260
9 2260
11 2260
13 2260
17 2260
19 2260
21 2260
1 2262
5 2262
7 2262
11 2262
17 2262
19 2262
1 2264
3 2264
5 2264
7 2264
9 2264
11 2264
13 2264
15 2264
17 2264
19 2264
21 2264
1 2266
3 2266
5 2266
7 2266
9 2266
13 2266
15 2266
17 2266
19 2266
21 2266
1 2268
5 2268
11 2268
13 2268
17 2268
19 2268
1 2270
3 2270
7 2270
9 2270
11 2270
13 2270
17 2270
19 2270
21 2270
1 2272
3 2272
5 2272
7 2272
9 2272
11 2272
13 2272
15 2272
17 2272
19 2272
21 2272
1 2274
5 2274
7 2274
11 2274
13 2274
17 2274
19 2274
1 2276
3 2276
5 2276
7 2276
9 2276
11 2276
13 2276
15 2276
17 2276
19 2276
21 2276
1 2278
3 2278
5 2278
7 2278
9 2278
11 2278
13 2278
15 2278
19 2278
21 2278
1 2280
7 2280
11 2280
13 2280
17 2280
1 2282
3 2282
5 2282
9 2282
11 2282
13 2282
15 2282
17 2282
19 2282
1 2284
3 2284
5 2284
7 2284
9 2284
11 2284
13 2284
15 2284
17 2284
19 2284
21 2284
1 2286
5 2286
7 2286
11 2286
13 2286
17 2286
19 2286
1 2288
3 2288
5 2288
7 2288
9 2288
15 2288
17 2288
19 2288
21 2288
1 2290
3 2290
7 2290
9 2290
11 2290
13 2290
17 2290
19 2290
21 2290
1 2292
5 2292
7 2292
11 2292
13 2292
17 2292
19 2292
1 2294
3 2294
5 2294
7 2294
9 2294
11 2294
13 2294
15 2294
17 2294
19 2294
21 2294
1 2296
3 2296
5 2296
9 2296
11 2296
13 2296
15 2296
17 2296
19 2296
1 2298
5 2298
7 2298
11 2298
13 2298
17 2298
19 2298
1 2300
3 2300
7 2300
9 2300
11 2300
13 2300
17 2300
19 2300
21 2300
1 2302
3 2302
5 2302
7 2302
9 2302
11 2302
13 2302
15 2302
17 2302
19 2302
21 2302
23 2302
1 2304
5 2304
7 2304
11 2304
13 2304
17 2304
19 2304
23 2304
1 2306
3 2306
5 2306
7 2306
9 2306
11 2306
13 2306
15 2306
17 2306
19 2306
21 2306
23 2306
1 2308
3 2308
5 2308
7 2308
9 2308
11 2308
13 2308
15 2308
17 2308
19 2308
21 2308
23 2308
1 2310
13 2310
17 2310
19 2310
23 2310
1 2312
3 2312
5 2312
7 2312
9 2312
11 2312
13 2312
15 2312
19 2312
21 2312
23 2312
1 2314
3 2314
5 2314
7 2314
9 2314
11 2314
15 2314
17 2314
19 2314
21 2314
23 2314
1 2316
5 2316
7 2316
11 2316
13 2316
17 2316
19 2316
23 2316
1 2318
3 2318
5 2318
7 2318
9 2318
11 2318
13 2318
15 2318
17 2318
21 2318
23 2318
1 2320
3 2320
7 2320
9 2320
11 2320
13 2320
17 2320
19 2320
21 2320
23 2320
1 2322
5 2322
7 2322
11 2322
13 2322
17 2322
19 2322
23 2322
1 2324
3 2324
5 2324
9 2324
11 2324
13 2324
15 2324
17 2324
19 2324
23 2324
1 2326
3 2326
5 2326
7 2326
9 2326
11 2326
13 2326
15 2326
17 2326
19 2326
21 2326
23 2326
1 2328
5 2328
7 2328
11 2328
13 2328
17 2328
19 2328
23 2328
1 2330
3 2330
7 2330
9 2330
11 2330
13 2330
17 2330
19 2330
21 2330
23 2330
1 2332
3 2332
5 2332
7 2332
9 2332
13 2332
15 2332
17 2332
19 2332
21 2332
23 2332
1 2334
5 2334
7 2334
11 2334
13 2334
17 2334
19 2334
23 2334
1 2336
3 2336
5 2336
7 2336
9 2336
11 2336
13 2336
15 2336
17 2336
19 2336
21 2336
23 2336
1 2338
3 2338
5 2338
9 2338
11 2338
13 2338
15 2338
17 2338
19 2338
23 2338
1 2340
7 2340
11 2340
17 2340
19 2340
23 2340
1 2342
3 2342
5 2342
7 2342
9 2342
11 2342
13 2342
15 2342
17 2342
19 2342
21 2342
23 2342
1 2344
3 2344
5 2344
7 2344
9 2344
11 2344
13 2344
15 2344
17 2344
19 2344
21 2344
23 2344
1 2346
5 2346
7 2346
11 2346
13 2346
19 2346
1 2348
3 2348
5 2348
7 2348
9 2348
11 2348
13 2348
15 2348
17 2348
19 2348
21 2348
23 2348
1 2350
3 2350
7 2350
9 2350
11 2350
13 2350
17 2350
19 2350
21 2350
23 2350
1 2352
5 2352
11 2352
13 2352
17 2352
19 2352
23 2352
1 2354
3 2354
5 2354
7 2354
9 2354
13 2354
15 2354
17 2354
19 2354
21 2354
23 2354
1 2356
3 2356
5 2356
7 2356
9 2356
11 2356
13 2356
15 2356
17 2356
21 2356
23 2356
1 2358
5 2358
7 2358
11 2358
13 2358
17 2358
19 2358
23 2358
1 2360
3 2360
7 2360
9 2360
11 2360
13 2360
17 2360
19 2360
21 2360
23 2360
1 2362
3 2362
5 2362
7 2362
9 2362
11 2362
13 2362
15 2362
17 2362
19 2362
21 2362
23 2362
1 2364
5 2364
7 2364
11 2364
13 2364
17 2364
19 2364
23 2364
1 2366
3 2366
5 2366
9 2366
11 2366
15 2366
17 2366
19 2366
23 2366
1 2368
3 2368
5 2368
7 2368
9 2368
11 2368
13 2368
15 2368
17 2368
19 2368
21 2368
23 2368
1 2370
7 2370
11 2370
13 2370
17 2370
19 2370
23 2370
1 2372
3 2372
5 2372
7 2372
9 2372
11 2372
13 2372
15 2372
17 2372
19 2372
21 2372
23 2372
1 2374
3 2374
5 2374
7 2374
9 2374
11 2374
13 2374
15 2374
17 2374
19 2374
21 2374
23 2374
1 2376
5 2376
7 2376
13 2376
17 2376
19 2376
23 2376
1 2378
3 2378
5 2378
7 2378
9 2378
11 2378
13 2378
15 2378
17 2378
19 2378
21 2378
23 2378
1 2380
3 2380
9 2380
11 2380
13 2380
19 2380
23 2380
1 2382
5 2382
7 2382
11 2382
13 2382
17 2382
19 2382
23 2382
1 2384
3 2384
5 2384
7 2384
9 2384
11 2384
13 2384
15 2384
17 2384
19 2384
21 2384
23 2384
1 2386
3 2386
5 2386
7 2386
9 2386
11 2386
13 2386
15 2386
17 2386
19 2386
21 2386
23 2386
1 2388
5 2388
7 2388
11 2388
13 2388
17 2388
19 2388
23 2388
1 2390
3 2390
7 2390
9 2390
11 2390
13 2390
17 2390
19 2390
21 2390
23 2390
1 2392
3 2392
5 2392
7 2392
9 2392
11 2392
15 2392
17 2392
19 2392
21 2392
1 2394
5 2394
11 2394
13 2394
17 2394
23 2394
1 2396
3 2396
5 2396
7 2396
9 2396
11 2396
13 2396
15 2396
17 2396
19 2396
21 2396
23 2396
1 2398
3 2398
5 2398
7 2398
9 2398
13 2398
15 2398
17 2398
19 2398
21 2398
23 2398
1 2400
7 2400
11 2400
13 2400
17 2400
19 2400
23 2400
1 2402
3 2402
5 2402
7 2402
9 2402
11 2402
13 2402
15 2402
17 2402
19 2402
21 2402
23 2402
1 2404
3 2404
5 2404
7 2404
9 2404
11 2404
13 2404
15 2404
17 2404
19 2404
21 2404
23 2404
1 2406
5 2406
7 2406
11 2406
13 2406
17 2406
19 2406
23 2406
1 2408
3 2408
5 2408
9 2408
11 2408
13 2408
15 2408
17 2408
19 2408
23 2408
1 2410
3 2410
7 2410
9 2410
11 2410
13 2410
17 2410
19 2410
21 2410
23 2410
1 2412
5 2412
7 2412
11 2412
13 2412
17 2412
19 2412
23 2412
1 2414
3 2414
5 2414
7 2414
9 2414
11 2414
13 2414
15 2414
19 2414
21 2414
23 2414
1 2416
3 2416
5 2416
7 2416
9 2416
11 2416
13 2416
15 2416
17 2416
19 2416
21 2416
23 2416
1 2418
5 2418
7 2418
11 2418
17 2418
19 2418
23 2418
1 2420
3 2420
7 2420
9 2420
13 2420
17 2420
19 2420
21 2420
23 2420
1 2422
3 2422
5 2422
9 2422
11 2422
13 2422
15 2422
17 2422
19 2422
23 2422
1 2424
5 2424
7 2424
11 2424
13 2424
17 2424
19 2424
23 2424
1 2426
3 2426
5 2426
7 2426
9 2426
11 2426
13 2426
15 2426
17 2426
19 2426
21 2426
23 2426
1 2428
3 2428
5 2428
7 2428
9 2428
11 2428
13 2428
15 2428
17 2428
19 2428
21 2428
23 2428
1 2430
7 2430
11 2430
13 2430
17 2430
19 2430
23 2430
1 2432
3 2432
5 2432
7 2432
9 2432
11 2432
13 2432
15 2432
17 2432
21 2432
23 2432
1 2434
3 2434
5 2434
7 2434
9 2434
11 2434
13 2434
15 2434
17 2434
19 2434
21 2434
23 2434
1 2436
5 2436
11 2436
13 2436
17 2436
19 2436
23 2436
1 2438
3 2438
5 2438
7 2438
9 2438
11 2438
13 2438
15 2438
17 2438
19 2438
21 2438
1 2440
3 2440
7 2440
9 2440
11 2440
13 2440
17 2440
19 2440
21 2440
23 2440
1 2442
5 2442
7 2442
13 2442
17 2442
19 2442
23 2442
1 2444
3 2444
5 2444
7 2444
9 2444
11 2444
15 2444
17 2444
19 2444
21 2444
23 2444
1 2446
3 2446
5 2446
7 2446
9 2446
11 2446
13 2446
15 2446
17 2446
19 2446
21 2446
23 2446
1 2448
5 2448
7 2448
11 2448
13 2448
19 2448
23 2448
1 2450
3 2450
9 2450
11 2450
13 2450
17 2450
19 2450
23 2450
1 2452
3 2452
5 2452
7 2452
9 2452
11 2452
13 2452
15 2452
17 2452
19 2452
21 2452
23 2452
1 2454
5 2454
7 2454
11 2454
13 2454
17 2454
19 2454
23 2454
1 2456
3 2456
5 2456
7 2456
9 2456
11 2456
13 2456
15 2456
17 2456
19 2456
21 2456
23 2456
1 2458
3 2458
5 2458
7 2458
9 2458
11 2458
13 2458
15 2458
17 2458
19 2458
21 2458
23 2458
1 2460
7 2460
11 2460
13 2460
17 2460
19 2460
23 2460
1 2462
3 2462
5 2462
7 2462
9 2462
11 2462
13 2462
15 2462
17 2462
19 2462
21 2462
23 2462
1 2464
3 2464
5 2464
9 2464
13 2464
15 2464
17 2464
19 2464
23 2464
1 2466
5 2466
7 2466
11 2466
13 2466
17 2466
19 2466
23 2466
1 2468
3 2468
5 2468
7 2468
9 2468
11 2468
13 2468
15 2468
17 2468
19 2468
21 2468
23 2468
1 2470
3 2470
7 2470
9 2470
11 2470
17 2470
21 2470
23 2470
1 2472
5 2472
7 2472
11 2472
13 2472
17 2472
19 2472
23 2472
1 2474
3 2474
5 2474
7 2474
9 2474
11 2474
13 2474
15 2474
17 2474
19 2474
21 2474
23 2474
1 2476
3 2476
5 2476
7 2476
9 2476
11 2476
13 2476
15 2476
17 2476
19 2476
21 2476
23 2476
1 2478
5 2478
11 2478
13 2478
17 2478
19 2478
23 2478
1 2480
3 2480
7 2480
9 2480
11 2480
13 2480
17 2480
19 2480
21 2480
23 2480
1 2482
3 2482
5 2482
7 2482
9 2482
11 2482
13 2482
15 2482
19 2482
21 2482
23 2482
1 2484
5 2484
7 2484
11 2484
13 2484
17 2484
19 2484
1 2486
3 2486
5 2486
7 2486
9 2486
13 2486
15 2486
17 2486
19 2486
21 2486
23 2486
1 2488
3 2488
5 2488
7 2488
9 2488
11 2488
13 2488
15 2488
17 2488
19 2488
21 2488
23 2488
1 2490
7 2490
11 2490
13 2490
17 2490
19 2490
23 2490
1 2492
3 2492
5 2492
9 2492
11 2492
13 2492
15 2492
17 2492
19 2492
23 2492
1 2494
3 2494
5 2494
7 2494
9 2494
11 2494
13 2494
15 2494
17 2494
19 2494
21 2494
23 2494
1 2496
5 2496
7 2496
11 2496
17 2496
19 2496
23 2496
1 2498
3 2498
5 2498
7 2498
9 2498
11 2498
13 2498
15 2498
17 2498
19 2498
21 2498
23 2498
1 2500
3 2500
7 2500
9 2500
11 2500
13 2500
17 2500
19 2500
21 2500
23 2500
1 2502
5 2502
7 2502
11 2502
13 2502
17 2502
19 2502
23 2502
25 2502
1 2504
3 2504
5 2504
7 2504
9 2504
11 2504
13 2504
15 2504
17 2504
19 2504
21 2504
23 2504
25 2504
1 2506
3 2506
5 2506
9 2506
11 2506
13 2506
15 2506
17 2506
19 2506
23 2506
25 2506
1 2508
5 2508
7 2508
13 2508
17 2508
23 2508
25 2508
1 2510
3 2510
7 2510
9 2510
11 2510
13 2510
17 2510
19 2510
21 2510
23 2510
1 2512
3 2512
5 2512
7 2512
9 2512
11 2512
13 2512
15 2512
17 2512
19 2512
21 2512
23 2512
25 2512
1 2514
5 2514
7 2514
11 2514
13 2514
17 2514
19 2514
23 2514
25 2514
1 2516
3 2516
5 2516
7 2516
9 2516
11 2516
13 2516
15 2516
19 2516
21 2516
23 2516
25 2516
1 2518
3 2518
5 2518
7 2518
9 2518
11 2518
13 2518
15 2518
17 2518
19 2518
21 2518
23 2518
25 2518
1 2520
11 2520
13 2520
17 2520
19 2520
23 2520
1 2522
3 2522
5 2522
7 2522
9 2522
11 2522
15 2522
17 2522
19 2522
21 2522
23 2522
25 2522
1 2524
3 2524
5 2524
7 2524
9 2524
11 2524
13 2524
15 2524
17 2524
19 2524
21 2524
23 2524
25 2524
1 2526
5 2526
7 2526
11 2526
13 2526
17 2526
19 2526
23 2526
25 2526
1 2528
3 2528
5 2528
7 2528
9 2528
11 2528
13 2528
15 2528
17 2528
19 2528
21 2528
23 2528
25 2528
1 2530
3 2530
7 2530
9 2530
13 2530
17 2530
19 2530
21 2530
1 2532
5 2532
7 2532
11 2532
13 2532
17 2532
19 2532
23 2532
25 2532
1 2534
3 2534
5 2534
9 2534
11 2534
13 2534
15 2534
17 2534
19 2534
23 2534
25 2534
1 2536
3 2536
5 2536
7 2536
9 2536
11 2536
13 2536
15 2536
17 2536
19 2536
21 2536
23 2536
25 2536
1 2538
5 2538
7 2538
11 2538
13 2538
17 2538
19 2538
23 2538
25 2538
1 2540
3 2540
7 2540
9 2540
11 2540
13 2540
17 2540
19 2540
21 2540
23 2540
1 2542
3 2542
5 2542
7 2542
9 2542
11 2542
13 2542
15 2542
17 2542
19 2542
21 2542
23 2542
25 2542
1 2544
5 2544
7 2544
11 2544
13 2544
17 2544
19 2544
23 2544
25 2544
1 2546
3 2546
5 2546
7 2546
9 2546
11 2546
13 2546
15 2546
17 2546
21 2546
23 2546
25 2546
1 2548
3 2548
5 2548
9 2548
11 2548
15 2548
17 2548
19 2548
23 2548
25 2548
1 2550
7 2550
11 2550
13 2550
19 2550
23 2550
1 2552
3 2552
5 2552
7 2552
9 2552
13 2552
15 2552
17 2552
19 2552
21 2552
23 2552
25 2552
1 2554
3 2554
5 2554
7 2554
9 2554
11 2554
13 2554
15 2554
17 2554
19 2554
21 2554
23 2554
25 2554
1 2556
5 2556
7 2556
11 2556
13 2556
17 2556
19 2556
23 2556
25 2556
1 2558
3 2558
5 2558
7 2558
9 2558
11 2558
13 2558
15 2558
17 2558
19 2558
21 2558
23 2558
25 2558
1 2560
3 2560
7 2560
9 2560
11 2560
13 2560
17 2560
19 2560
21 2560
23 2560
1 2562
5 2562
11 2562
13 2562
17 2562
19 2562
23 2562
25 2562
1 2564
3 2564
5 2564
7 2564
9 2564
11 2564
13 2564
15 2564
17 2564
19 2564
21 2564
23 2564
25 2564
1 2566
3 2566
5 2566
7 2566
9 2566
11 2566
13 2566
15 2566
17 2566
19 2566
21 2566
23 2566
25 2566
1 2568
5 2568
7 2568
11 2568
13 2568
17 2568
19 2568
23 2568
25 2568
1 2570
3 2570
7 2570
9 2570
11 2570
13 2570
17 2570
19 2570
21 2570
23 2570
1 2572
3 2572
5 2572
7 2572
9 2572
11 2572
13 2572
15 2572
17 2572
19 2572
21 2572
23 2572
25 2572
1 2574
5 2574
7 2574
17 2574
19 2574
23 2574
25 2574
1 2576
3 2576
5 2576
9 2576
11 2576
13 2576
15 2576
17 2576
19 2576
25 2576
1 2578
3 2578
5 2578
7 2578
9 2578
11 2578
13 2578
15 2578
17 2578
19 2578
21 2578
23 2578
25 2578
1 2580
7 2580
11 2580
13 2580
17 2580
19 2580
23 2580
1 2582
3 2582
5 2582
7 2582
9 2582
11 2582
13 2582
15 2582
17 2582
19 2582
21 2582
23 2582
25 2582
1 2584
3 2584
5 2584
7 2584
9 2584
11 2584
13 2584
15 2584
21 2584
23 2584
25 2584
1 2586
5 2586
7 2586
11 2586
13 2586
17 2586
19 2586
23 2586
25 2586
1 2588
3 2588
5 2588
7 2588
9 2588
11 2588
13 2588
15 2588
17 2588
19 2588
21 2588
23 2588
25 2588
1 2590
3 2590
9 2590
11 2590
13 2590
17 2590
19 2590
23 2590
1 2592
5 2592
7 2592
11 2592
13 2592
17 2592
19 2592
23 2592
25 2592
1 2594
3 2594
5 2594
7 2594
9 2594
11 2594
13 2594
15 2594
17 2594
19 2594
21 2594
23 2594
25 2594
1 2596
3 2596
5 2596
7 2596
9 2596
13 2596
15 2596
17 2596
19 2596
21 2596
23 2596
25 2596
1 2598
5 2598
7 2598
11 2598
13 2598
17 2598
19 2598
23 2598
25 2598
1 2600
3 2600
7 2600
9 2600
11 2600
17 2600
19 2600
21 2600
23 2600
1 2602
3 2602
5 2602
7 2602
9 2602
11 2602
13 2602
15 2602
17 2602
19 2602
21 2602
23 2602
25 2602
1 2604
5 2604
11 2604
13 2604
17 2604
19 2604
23 2604
25 2604
1 2606
3 2606
5 2606
7 2606
9 2606
11 2606
13 2606
15 2606
17 2606
19 2606
21 2606
23 2606
25 2606
1 2608
3 2608
5 2608
7 2608
9 2608
11 2608
13 2608
15 2608
17 2608
19 2608
21 2608
23 2608
25 2608
1 2610
7 2610
11 2610
13 2610
17 2610
19 2610
23 2610
1 2612
3 2612
5 2612
7 2612
9 2612
11 2612
13 2612
15 2612
17 2612
19 2612
21 2612
23 2612
25 2612
1 2614
3 2614
5 2614
7 2614
9 2614
11 2614
13 2614
15 2614
17 2614
19 2614
21 2614
23 2614
25 2614
1 2616
5 2616
7 2616
11 2616
13 2616
17 2616
19 2616
23 2616
25 2616
1 2618
3 2618
5 2618
9 2618
13 2618
15 2618
19 2618
23 2618
25 2618
1 2620
3 2620
7 2620
9 2620
11 2620
13 2620
17 2620
19 2620
21 2620
23 2620
1 2622
5 2622
7 2622
11 2622
13 2622
17 2622
25 2622
1 2624
3 2624
5 2624
7 2624
9 2624
11 2624
13 2624
15 2624
17 2624
19 2624
21 2624
23 2624
25 2624
1 2626
3 2626
5 2626
7 2626
9 2626
11 2626
15 2626
17 2626
19 2626
21 2626
23 2626
25 2626
1 2628
5 2628
7 2628
11 2628
13 2628
17 2628
19 2628
23 2628
25 2628
1 2630
3 2630
7 2630
9 2630
11 2630
13 2630
17 2630
19 2630
21 2630
23 2630
1 2632
3 2632
5 2632
9 2632
11 2632
13 2632
15 2632
17 2632
19 2632
23 2632
25 2632
1 2634
5 2634
7 2634
11 2634
13 2634
17 2634
19 2634
23 2634
25 2634
1 2636
3 2636
5 2636
7 2636
9 2636
11 2636
13 2636
15 2636
17 2636
19 2636
21 2636
23 2636
25 2636
1 2638
3 2638
5 2638
7 2638
9 2638
11 2638
13 2638
15 2638
17 2638
19 2638
21 2638
23 2638
25 2638
1 2640
7 2640
13 2640
17 2640
19 2640
23 2640
1 2642
3 2642
5 2642
7 2642
9 2642
11 2642
13 2642
15 2642
17 2642
19 2642
21 2642
23 2642
25 2642
1 2644
3 2644
5 2644
7 2644
9 2644
11 2644
13 2644
15 2644
17 2644
19 2644
21 2644
23 2644
25 2644
1 2646
5 2646
11 2646
13 2646
17 2646
19 2646
23 2646
25 2646
1 2648
3 2648
5 2648
7 2648
9 2648
11 2648
13 2648
15 2648
17 2648
19 2648
21 2648
23 2648
25 2648
1 2650
3 2650
7 2650
9 2650
11 2650
13 2650
17 2650
19 2650
21 2650
23 2650
1 2652
5 2652
7 2652
11 2652
19 2652
23 2652
25 2652
1 2654
3 2654
5 2654
7 2654
9 2654
11 2654
13 2654
15 2654
17 2654
19 2654
21 2654
23 2654
25 2654
1 2656
3 2656
5 2656
7 2656
9 2656
11 2656
13 2656
15 2656
17 2656
19 2656
21 2656
23 2656
25 2656
1 2658
5 2658
7 2658
11 2658
13 2658
17 2658
19 2658
23 2658
25 2658
1 2660
3 2660
9 2660
11 2660
13 2660
17 2660
23 2660
1 2662
3 2662
5 2662
7 2662
9 2662
13 2662
15 2662
17 2662
19 2662
21 2662
23 2662
25 2662
1 2664
5 2664
7 2664
11 2664
13 2664
17 2664
19 2664
23 2664
25 2664
1 2666
3 2666
5 2666
7 2666
9 2666
11 2666
13 2666
15 2666
17 2666
19 2666
21 2666
23 2666
25 2666
1 2668
3 2668
5 2668
7 2668
9 2668
11 2668
13 2668
15 2668
17 2668
19 2668
21 2668
25 2668
1 2670
7 2670
11 2670
13 2670
17 2670
19 2670
23 2670
1 2672
3 2672
5 2672
7 2672
9 2672
11 2672
13 2672
15 2672
17 2672
19 2672
21 2672
23 2672
25 2672
1 2674
3 2674
5 2674
9 2674
11 2674
13 2674
15 2674
17 2674
19 2674
23 2674
25 2674
1 2676
5 2676
7 2676
11 2676
13 2676
17 2676
19 2676
23 2676
25 2676
1 2678
3 2678
5 2678
7 2678
9 2678
11 2678
15 2678
17 2678
19 2678
21 2678
23 2678
25 2678
1 2680
3 2680
7 2680
9 2680
11 2680
13 2680
17 2680
19 2680
21 2680
23 2680
1 2682
5 2682
7 2682
11 2682
13 2682
17 2682
19 2682
23 2682
25 2682
1 2684
3 2684
5 2684
7 2684
9 2684
13 2684
15 2684
17 2684
19 2684
21 2684
23 2684
25 2684
1 2686
3 2686
5 2686
7 2686
9 2686
11 2686
13 2686
15 2686
19 2686
21 2686
23 2686
25 2686
1 2688
5 2688
11 2688
13 2688
17 2688
19 2688
23 2688
25 2688
1 2690
3 2690
7 2690
9 2690
11 2690
13 2690
17 2690
19 2690
21 2690
23 2690
1 2692
3 2692
5 2692
7 2692
9 2692
11 2692
13 2692
15 2692
17 2692
19 2692
21 2692
23 2692
25 2692
1 2694
5 2694
7 2694
11 2694
13 2694
17 2694
19 2694
23 2694
25 2694
1 2696
3 2696
5 2696
7 2696
9 2696
11 2696
13 2696
15 2696
17 2696
19 2696
21 2696
23 2696
25 2696
1 2698
3 2698
5 2698
7 2698
9 2698
11 2698
13 2698
15 2698
17 2698
21 2698
23 2698
25 2698
1 2700
7 2700
11 2700
13 2700
17 2700
19 2700
23 2700
1 2702
3 2702
5 2702
9 2702
11 2702
13 2702
15 2702
17 2702
19 2702
23 2702
25 2702
27 2702
1 2704
3 2704
5 2704
7 2704
9 2704
11 2704
15 2704
17 2704
19 2704
21 2704
23 2704
25 2704
27 2704
1 2706
5 2706
7 2706
13 2706
17 2706
19 2706
23 2706
25 2706
1 2708
3 2708
5 2708
7 2708
9 2708
11 2708
13 2708
15 2708
17 2708
19 2708
21 2708
23 2708
25 2708
27 2708
1 2710
3 2710
7 2710
9 2710
11 2710
13 2710
17 2710
19 2710
21 2710
23 2710
27 2710
1 2712
5 2712
7 2712
11 2712
13 2712
17 2712
19 2712
23 2712
25 2712
1 2714
3 2714
5 2714
7 2714
9 2714
11 2714
13 2714
15 2714
17 2714
19 2714
21 2714
25 2714
27 2714
1 2716
3 2716
5 2716
9 2716
11 2716
13 2716
15 2716
17 2716
19 2716
23 2716
25 2716
27 2716
1 2718
5 2718
7 2718
11 2718
13 2718
17 2718
19 2718
23 2718
25 2718
1 2720
3 2720
7 2720
9 2720
11 2720
13 2720
19 2720
21 2720
23 2720
27 2720
1 2722
3 2722
5 2722
7 2722
9 2722
11 2722
13 2722
15 2722
17 2722
19 2722
21 2722
23 2722
25 2722
27 2722
1 2724
5 2724
7 2724
11 2724
13 2724
17 2724
19 2724
23 2724
25 2724
1 2726
3 2726
5 2726
7 2726
9 2726
11 2726
13 2726
15 2726
17 2726
19 2726
21 2726
23 2726
25 2726
27 2726
1 2728
3 2728
5 2728
7 2728
9 2728
13 2728
15 2728
17 2728
19 2728
21 2728
23 2728
25 2728
27 2728
1 2730
11 2730
17 2730
19 2730
23 2730
1 2732
3 2732
5 2732
7 2732
9 2732
11 2732
13 2732
15 2732
17 2732
19 2732
21 2732
23 2732
25 2732
27 2732
1 2734
3 2734
5 2734
7 2734
9 2734
11 2734
13 2734
15 2734
17 2734
19 2734
21 2734
23 2734
25 2734
27 2734
1 2736
5 2736
7 2736
11 2736
13 2736
17 2736
23 2736
25 2736
1 2738
3 2738
5 2738
7 2738
9 2738
11 2738
13 2738
15 2738
17 2738
19 2738
21 2738
23 2738
25 2738
27 2738
1 2740
3 2740
7 2740
9 2740
11 2740
13 2740
17 2740
19 2740
21 2740
23 2740
27 2740
1 2742
5 2742
7 2742
11 2742
13 2742
17 2742
19 2742
23 2742
25 2742
1 2744
3 2744
5 2744
9 2744
11 2744
13 2744
15 2744
17 2744
19 2744
23 2744
25 2744
27 2744
1 2746
3 2746
5 2746
7 2746
9 2746
11 2746
13 2746
15 2746
17 2746
19 2746
21 2746
23 2746
25 2746
27 2746
1 2748
5 2748
7 2748
11 2748
13 2748
17 2748
19 2748
23 2748
25 2748
1 2750
3 2750
7 2750
9 2750
13 2750
17 2750
19 2750
21 2750
23 2750
27 2750
1 2752
3 2752
5 2752
7 2752
9 2752
11 2752
13 2752
15 2752
17 2752
19 2752
21 2752
23 2752
25 2752
27 2752
1 2754
5 2754
7 2754
11 2754
13 2754
19 2754
23 2754
25 2754
1 2756
3 2756
5 2756
7 2756
9 2756
11 2756
15 2756
17 2756
19 2756
21 2756
23 2756
25 2756
27 2756
1 2758
3 2758
5 2758
9 2758
11 2758
13 2758
15 2758
17 2758
19 2758
23 2758
25 2758
27 2758
1 2760
7 2760
11 2760
13 2760
17 2760
19 2760
1 2762
3 2762
5 2762
7 2762
9 2762
11 2762
13 2762
15 2762
17 2762
19 2762
21 2762
23 2762
25 2762
27 2762
1 2764
3 2764
5 2764
7 2764
9 2764
11 2764
13 2764
15 2764
17 2764
19 2764
21 2764
23 2764
25 2764
27 2764
1 2766
5 2766
7 2766
11 2766
13 2766
17 2766
19 2766
23 2766
25 2766
1 2768
3 2768
5 2768
7 2768
9 2768
11 2768
13 2768
15 2768
17 2768
19 2768
21 2768
23 2768
25 2768
27 2768
1 2770
3 2770
7 2770
9 2770
11 2770
13 2770
17 2770
19 2770
21 2770
23 2770
27 2770
1 2772
5 2772
13 2772
17 2772
19 2772
23 2772
25 2772
1 2774
3 2774
5 2774
7 2774
9 2774
11 2774
13 2774
15 2774
17 2774
21 2774
23 2774
25 2774
27 2774
1 2776
3 2776
5 2776
7 2776
9 2776
11 2776
13 2776
15 2776
17 2776
19 2776
21 2776
23 2776
25 2776
27 2776
1 2778
5 2778
7 2778
11 2778
13 2778
17 2778
19 2778
23 2778
25 2778
1 2780
3 2780
7 2780
9 2780
11 2780
13 2780
17 2780
19 2780
21 2780
23 2780
27 2780
1 2782
3 2782
5 2782
7 2782
9 2782
11 2782
15 2782
17 2782
19 2782
21 2782
23 2782
25 2782
27 2782
1 2784
5 2784
7 2784
11 2784
13 2784
17 2784
19 2784
23 2784
25 2784
1 2786
3 2786
5 2786
9 2786
11 2786
13 2786
15 2786
17 2786
19 2786
23 2786
25 2786
27 2786
1 2788
3 2788
5 2788
7 2788
9 2788
11 2788
13 2788
15 2788
19 2788
21 2788
23 2788
25 2788
27 2788
1 2790
7 2790
11 2790
13 2790
17 2790
19 2790
23 2790
1 2792
3 2792
5 2792
7 2792
9 2792
11 2792
13 2792
15 2792
17 2792
19 2792
21 2792
23 2792
25 2792
27 2792
1 2794
3 2794
5 2794
7 2794
9 2794
13 2794
15 2794
17 2794
19 2794
21 2794
23 2794
25 2794
27 2794
1 2796
5 2796
7 2796
11 2796
13 2796
17 2796
19 2796
23 2796
25 2796
1 2798
3 2798
5 2798
7 2798
9 2798
11 2798
13 2798
15 2798
17 2798
19 2798
21 2798
23 2798
25 2798
27 2798
1 2800
3 2800
9 2800
11 2800
13 2800
17 2800
19 2800
23 2800
27 2800
1 2802
5 2802
7 2802
11 2802
13 2802
17 2802
19 2802
23 2802
25 2802
1 2804
3 2804
5 2804
7 2804
9 2804
11 2804
13 2804
15 2804
17 2804
19 2804
21 2804
23 2804
25 2804
27 2804
1 2806
3 2806
5 2806
7 2806
9 2806
11 2806
13 2806
15 2806
17 2806
19 2806
21 2806
25 2806
27 2806
1 2808
5 2808
7 2808
11 2808
17 2808
19 2808
23 2808
25 2808
1 2810
3 2810
7 2810
9 2810
11 2810
13 2810
17 2810
19 2810
21 2810
23 2810
27 2810
1 2812
3 2812
5 2812
7 2812
9 2812
11 2812
13 2812
15 2812
17 2812
21 2812
23 2812
25 2812
27 2812
1 2814
5 2814
11 2814
13 2814
17 2814
19 2814
23 2814
25 2814
1 2816
3 2816
5 2816
7 2816
9 2816
13 2816
15 2816
17 2816
19 2816
21 2816
23 2816
25 2816
27 2816
1 2818
3 2818
5 2818
7 2818
9 2818
11 2818
13 2818
15 2818
17 2818
19 2818
21 2818
23 2818
25 2818
27 2818
1 2820
7 2820
11 2820
13 2820
17 2820
19 2820
23 2820
1 2822
3 2822
5 2822
7 2822
9 2822
11 2822
13 2822
15 2822
19 2822
21 2822
23 2822
25 2822
27 2822
1 2824
3 2824
5 2824
7 2824
9 2824
11 2824
13 2824
15 2824
17 2824
19 2824
21 2824
23 2824
25 2824
27 2824
1 2826
5 2826
7 2826
11 2826
13 2826
17 2826
19 2826
23 2826
25 2826
1 2828
3 2828
5 2828
9 2828
11 2828
13 2828
15 2828
17 2828
19 2828
23 2828
25 2828
27 2828
1 2830
3 2830
7 2830
9 2830
11 2830
13 2830
17 2830
19 2830
21 2830
23 2830
27 2830
1 2832
5 2832
7 2832
11 2832
13 2832
17 2832
19 2832
23 2832
25 2832
1 2834
3 2834
5 2834
7 2834
9 2834
11 2834
15 2834
17 2834
19 2834
21 2834
23 2834
25 2834
27 2834
1 2836
3 2836
5 2836
7 2836
9 2836
11 2836
13 2836
15 2836
17 2836
19 2836
21 2836
23 2836
25 2836
27 2836
1 2838
5 2838
7 2838
13 2838
17 2838
19 2838
23 2838
25 2838
1 2840
3 2840
7 2840
9 2840
11 2840
13 2840
17 2840
19 2840
21 2840
23 2840
27 2840
1 2842
3 2842
5 2842
9 2842
11 2842
13 2842
15 2842
17 2842
19 2842
23 2842
25 2842
27 2842
1 2844
5 2844
7 2844
11 2844
13 2844
17 2844
19 2844
23 2844
25 2844
1 2846
3 2846
5 2846
7 2846
9 2846
11 2846
13 2846
15 2846
17 2846
19 2846
21 2846
23 2846
25 2846
27 2846
1 2848
3 2848
5 2848
7 2848
9 2848
11 2848
13 2848
15 2848
17 2848
19 2848
21 2848
23 2848
25 2848
27 2848
1 2850
7 2850
11 2850
13 2850
17 2850
23 2850
1 2852
3 2852
5 2852
7 2852
9 2852
11 2852
13 2852
15 2852
17 2852
19 2852
21 2852
25 2852
27 2852
1 2854
3 2854
5 2854
7 2854
9 2854
11 2854
13 2854
15 2854
17 2854
19 2854
21 2854
23 2854
25 2854
27 2854
1 2856
5 2856
11 2856
13 2856
19 2856
23 2856
25 2856
1 2858
3 2858
5 2858
7 2858
9 2858
11 2858
13 2858
15 2858
17 2858
19 2858
21 2858
23 2858
25 2858
27 2858
1 2860
3 2860
7 2860
9 2860
17 2860
19 2860
21 2860
23 2860
27 2860
1 2862
5 2862
7 2862
11 2862
13 2862
17 2862
19 2862
23 2862
25 2862
1 2864
3 2864
5 2864
7 2864
9 2864
11 2864
13 2864
15 2864
17 2864
19 2864
21 2864
23 2864
25 2864
27 2864
1 2866
3 2866
5 2866
7 2866
9 2866
11 2866
13 2866
15 2866
17 2866
19 2866
21 2866
23 2866
25 2866
27 2866
1 2868
5 2868
7 2868
11 2868
13 2868
17 2868
19 2868
23 2868
25 2868
1 2870
3 2870
9 2870
11 2870
13 2870
17 2870
19 2870
23 2870
27 2870
1 2872
3 2872
5 2872
7 2872
9 2872
11 2872
13 2872
15 2872
17 2872
19 2872
21 2872
23 2872
25 2872
27 2872
1 2874
5 2874
7 2874
11 2874
13 2874
17 2874
19 2874
23 2874
25 2874
1 2876
3 2876
5 2876
7 2876
9 2876
11 2876
13 2876
15 2876
17 2876
19 2876
21 2876
23 2876
25 2876
27 2876
1 2878
3 2878
5 2878
7 2878
9 2878
11 2878
13 2878
15 2878
17 2878
19 2878
21 2878
23 2878
25 2878
27 2878
1 2880
7 2880
11 2880
13 2880
17 2880
19 2880
23 2880
1 2882
3 2882
5 2882
7 2882
9 2882
13 2882
15 2882
17 2882
19 2882
21 2882
23 2882
25 2882
27 2882
1 2884
3 2884
5 2884
9 2884
11 2884
13 2884
15 2884
17 2884
19 2884
23 2884
25 2884
27 2884
1 2886
5 2886
7 2886
11 2886
17 2886
19 2886
23 2886
25 2886
1 2888
3 2888
5 2888
7 2888
9 2888
11 2888
13 2888
15 2888
17 2888
21 2888
23 2888
25 2888
27 2888
1 2890
3 2890
7 2890
9 2890
11 2890
13 2890
19 2890
21 2890
23 2890
27 2890
1 2892
5 2892
7 2892
11 2892
13 2892
17 2892
19 2892
23 2892
25 2892
1 2894
3 2894
5 2894
7 2894
9 2894
11 2894
13 2894
15 2894
17 2894
19 2894
21 2894
23 2894
25 2894
27 2894
1 2896
3 2896
5 2896
7 2896
9 2896
11 2896
13 2896
15 2896
17 2896
19 2896
21 2896
23 2896
25 2896
27 2896
1 2898
5 2898
11 2898
13 2898
17 2898
19 2898
25 2898
1 2900
3 2900
7 2900
9 2900
11 2900
13 2900
17 2900
19 2900
21 2900
23 2900
27 2900
1 2902
3 2902
5 2902
7 2902
9 2902
11 2902
13 2902
15 2902
17 2902
19 2902
21 2902
23 2902
25 2902
27 2902
29 2902
1 2904
5 2904
7 2904
13 2904
17 2904
19 2904
23 2904
25 2904
29 2904
1 2906
3 2906
5 2906
7 2906
9 2906
11 2906
13 2906
15 2906
17 2906
19 2906
21 2906
23 2906
25 2906
27 2906
29 2906
1 2908
3 2908
5 2908
7 2908
9 2908
11 2908
13 2908
15 2908
17 2908
19 2908
21 2908
23 2908
25 2908
27 2908
29 2908
1 2910
7 2910
11 2910
13 2910
17 2910
19 2910
23 2910
29 2910
1 2912
3 2912
5 2912
9 2912
11 2912
15 2912
17 2912
19 2912
23 2912
25 2912
27 2912
29 2912
1 2914
3 2914
5 2914
7 2914
9 2914
11 2914
13 2914
15 2914
17 2914
19 2914
21 2914
23 2914
25 2914
27 2914
29 2914
1 2916
5 2916
7 2916
11 2916
13 2916
17 2916
19 2916
23 2916
25 2916
29 2916
1 2918
3 2918
5 2918
7 2918
9 2918
11 2918
13 2918
15 2918
17 2918
19 2918
21 2918
23 2918
25 2918
27 2918
29 2918
1 2920
3 2920
7 2920
9 2920
11 2920
13 2920
17 2920
19 2920
21 2920
23 2920
27 2920
29 2920
1 2922
5 2922
7 2922
11 2922
13 2922
17 2922
19 2922
23 2922
25 2922
29 2922
1 2924
3 2924
5 2924
7 2924
9 2924
11 2924
13 2924
15 2924
19 2924
21 2924
23 2924
25 2924
27 2924
29 2924
1 2926
3 2926
5 2926
9 2926
13 2926
15 2926
17 2926
23 2926
25 2926
27 2926
29 2926
1 2928
5 2928
7 2928
11 2928
13 2928
17 2928
19 2928
23 2928
25 2928
29 2928
1 2930
3 2930
7 2930
9 2930
11 2930
13 2930
17 2930
19 2930
21 2930
23 2930
27 2930
29 2930
1 2932
3 2932
5 2932
7 2932
9 2932
11 2932
13 2932
15 2932
17 2932
19 2932
21 2932
23 2932
25 2932
27 2932
29 2932
1 2934
5 2934
7 2934
11 2934
13 2934
17 2934
19 2934
23 2934
25 2934
29 2934
1 2936
3 2936
5 2936
7 2936
9 2936
11 2936
13 2936
15 2936
17 2936
19 2936
21 2936
23 2936
25 2936
27 2936
29 2936
1 2938
3 2938
5 2938
7 2938
9 2938
11 2938
15 2938
17 2938
19 2938
21 2938
23 2938
25 2938
27 2938
29 2938
1 2940
11 2940
13 2940
17 2940
19 2940
23 2940
29 2940
1 2942
3 2942
5 2942
7 2942
9 2942
11 2942
13 2942
15 2942
17 2942
19 2942
21 2942
23 2942
25 2942
27 2942
29 2942
1 2944
3 2944
5 2944
7 2944
9 2944
11 2944
13 2944
15 2944
17 2944
19 2944
21 2944
25 2944
27 2944
29 2944
1 2946
5 2946
7 2946
11 2946
13 2946
17 2946
19 2946
23 2946
25 2946
29 2946
1 2948
3 2948
5 2948
7 2948
9 2948
13 2948
15 2948
17 2948
19 2948
21 2948
23 2948
25 2948
27 2948
29 2948
1 2950
3 2950
7 2950
9 2950
11 2950
13 2950
17 2950
19 2950
21 2950
23 2950
27 2950
29 2950
1 2952
5 2952
7 2952
11 2952
13 2952
17 2952
19 2952
23 2952
25 2952
29 2952
1 2954
3 2954
5 2954
9 2954
11 2954
13 2954
15 2954
17 2954
19 2954
23 2954
25 2954
27 2954
29 2954
1 2956
3 2956
5 2956
7 2956
9 2956
11 2956
13 2956
15 2956
17 2956
19 2956
21 2956
23 2956
25 2956
27 2956
29 2956
1 2958
5 2958
7 2958
11 2958
13 2958
19 2958
23 2958
25 2958
1 2960
3 2960
7 2960
9 2960
11 2960
13 2960
17 2960
19 2960
21 2960
23 2960
27 2960
29 2960
1 2962
3 2962
5 2962
7 2962
9 2962
11 2962
13 2962
15 2962
17 2962
19 2962
21 2962
23 2962
25 2962
27 2962
29 2962
1 2964
5 2964
7 2964
11 2964
17 2964
23 2964
25 2964
29 2964
1 2966
3 2966
5 2966
7 2966
9 2966
11 2966
13 2966
15 2966
17 2966
19 2966
21 2966
23 2966
25 2966
27 2966
29 2966
1 2968
3 2968
5 2968
9 2968
11 2968
13 2968
15 2968
17 2968
19 2968
23 2968
25 2968
27 2968
29 2968
1 2970
7 2970
13 2970
17 2970
19 2970
23 2970
29 2970
1 2972
3 2972
5 2972
7 2972
9 2972
11 2972
13 2972
15 2972
17 2972
19 2972
21 2972
23 2972
25 2972
27 2972
29 2972
1 2974
3 2974
5 2974
7 2974
9 2974
11 2974
13 2974
15 2974
17 2974
19 2974
21 2974
23 2974
25 2974
27 2974
29 2974
1 2976
5 2976
7 2976
11 2976
13 2976
17 2976
19 2976
23 2976
25 2976
29 2976
1 2978
3 2978
5 2978
7 2978
9 2978
11 2978
13 2978
15 2978
17 2978
19 2978
21 2978
23 2978
25 2978
27 2978
29 2978
1 2980
3 2980
7 2980
9 2980
11 2980
13 2980
17 2980
19 2980
21 2980
23 2980
27 2980
29 2980
1 2982
5 2982
11 2982
13 2982
17 2982
19 2982
23 2982
25 2982
29 2982
1 2984
3 2984
5 2984
7 2984
9 2984
11 2984
13 2984
15 2984
17 2984
19 2984
21 2984
23 2984
25 2984
27 2984
29 2984
1 2986
3 2986
5 2986
7 2986
9 2986
11 2986
13 2986
15 2986
17 2986
19 2986
21 2986
23 2986
25 2986
27 2986
29 2986
1 2988
5 2988
7 2988
11 2988
13 2988
17 2988
19 2988
23 2988
25 2988
29 2988
1 2990
3 2990
7 2990
9 2990
11 2990
17 2990
19 2990
21 2990
27 2990
29 2990
1 2992
3 2992
5 2992
7 2992
9 2992
13 2992
15 2992
19 2992
21 2992
23 2992
25 2992
27 2992
29 2992
1 2994
5 2994
7 2994
11 2994
13 2994
17 2994
19 2994
23 2994
25 2994
29 2994
1 2996
3 2996
5 2996
9 2996
11 2996
13 2996
15 2996
17 2996
19 2996
23 2996
25 2996
27 2996
29 2996
1 2998
3 2998
5 2998
7 2998
9 2998
11 2998
13 2998
15 2998
17 2998
19 2998
21 2998
23 2998
25 2998
27 2998
29 2998
1 3000
7 3000
11 3000
13 3000
17 3000
19 3000
23 3000
29 3000
1 3002
3 3002
5 3002
7 3002
9 3002
11 3002
13 3002
15 3002
17 3002
21 3002
23 3002
25 3002
27 3002
29 3002
1 3004
3 3004
5 3004
7 3004
9 3004
11 3004
13 3004
15 3004
17 3004
19 3004
21 3004
23 3004
25 3004
27 3004
29 3004
1 3006
5 3006
7 3006
11 3006
13 3006
17 3006
19 3006
23 3006
25 3006
29 3006
1 3008
3 3008
5 3008
7 3008
9 3008
11 3008
13 3008
15 3008
17 3008
19 3008
21 3008
23 3008
25 3008
27 3008
29 3008
1 3010
3 3010
9 3010
11 3010
13 3010
17 3010
19 3010
23 3010
27 3010
29 3010
1 3012
5 3012
7 3012
11 3012
13 3012
17 3012
19 3012
23 3012
25 3012
29 3012
1 3014
3 3014
5 3014
7 3014
9 3014
13 3014
15 3014
17 3014
19 3014
21 3014
23 3014
25 3014
27 3014
29 3014
1 3016
3 3016
5 3016
7 3016
9 3016
11 3016
15 3016
17 3016
19 3016
21 3016
23 3016
25 3016
27 3016
1 3018
5 3018
7 3018
11 3018
13 3018
17 3018
19 3018
23 3018
25 3018
29 3018
1 3020
3 3020
7 3020
9 3020
11 3020
13 3020
17 3020
19 3020
21 3020
23 3020
27 3020
29 3020
1 3022
3 3022
5 3022
7 3022
9 3022
11 3022
13 3022
15 3022
17 3022
19 3022
21 3022
23 3022
25 3022
27 3022
29 3022
1 3024
5 3024
11 3024
13 3024
17 3024
19 3024
23 3024
25 3024
29 3024
1 3026
3 3026
5 3026
7 3026
9 3026
11 3026
13 3026
15 3026
19 3026
21 3026
23 3026
25 3026
27 3026
29 3026
1 3028
3 3028
5 3028
7 3028
9 3028
11 3028
13 3028
15 3028
17 3028
19 3028
21 3028
23 3028
25 3028
27 3028
29 3028
1 3030
7 3030
11 3030
13 3030
17 3030
19 3030
23 3030
29 3030
1 3032
3 3032
5 3032
7 3032
9 3032
11 3032
13 3032
15 3032
17 3032
19 3032
21 3032
23 3032
25 3032
27 3032
29 3032
1 3034
3 3034
5 3034
7 3034
9 3034
11 3034
13 3034
15 3034
17 3034
19 3034
21 3034
23 3034
25 3034
27 3034
29 3034
1 3036
5 3036
7 3036
13 3036
17 3036
19 3036
25 3036
29 3036
1 3038
3 3038
5 3038
9 3038
11 3038
13 3038
15 3038
17 3038
19 3038
23 3038
25 3038
27 3038
29 3038
1 3040
3 3040
7 3040
9 3040
11 3040
13 3040
17 3040
21 3040
23 3040
27 3040
29 3040
1 3042
5 3042
7 3042
11 3042
17 3042
19 3042
23 3042
25 3042
29 3042
1 3044
3 3044
5 3044
7 3044
9 3044
11 3044
13 3044
15 3044
17 3044
19 3044
21 3044
23 3044
25 3044
27 3044
29 3044
1 3046
3 3046
5 3046
7 3046
9 3046
11 3046
13 3046
15 3046
17 3046
19 3046
21 3046
23 3046
25 3046
27 3046
29 3046
1 3048
5 3048
7 3048
11 3048
13 3048
17 3048
19 3048
23 3048
25 3048
29 3048
1 3050
3 3050
7 3050
9 3050
11 3050
13 3050
17 3050
19 3050
21 3050
23 3050
27 3050
29 3050
1 3052
3 3052
5 3052
9 3052
11 3052
13 3052
15 3052
17 3052
19 3052
23 3052
25 3052
27 3052
29 3052
1 3054
5 3054
7 3054
11 3054
13 3054
17 3054
19 3054
23 3054
25 3054
29 3054
1 3056
3 3056
5 3056
7 3056
9 3056
11 3056
13 3056
15 3056
17 3056
19 3056
21 3056
23 3056
25 3056
27 3056
29 3056
1 3058
3 3058
5 3058
7 3058
9 3058
13 3058
15 3058
17 3058
19 3058
21 3058
23 3058
25 3058
27 3058
29 3058
1 3060
7 3060
11 3060
13 3060
19 3060
23 3060
29 3060
1 3062
3 3062
5 3062
7 3062
9 3062
11 3062
13 3062
15 3062
17 3062
19 3062
21 3062
23 3062
25 3062
27 3062
29 3062
1 3064
3 3064
5 3064
7 3064
9 3064
11 3064
13 3064
15 3064
17 3064
19 3064
21 3064
23 3064
25 3064
27 3064
29 3064
1 3066
5 3066
11 3066
13 3066
17 3066
19 3066
23 3066
25 3066
29 3066
1 3068
3 3068
5 3068
7 3068
9 3068
11 3068
15 3068
17 3068
19 3068
21 3068
23 3068
25 3068
27 3068
29 3068
1 3070
3 3070
7 3070
9 3070
11 3070
13 3070
17 3070
19 3070
21 3070
23 3070
27 3070
29 3070
1 3072
5 3072
7 3072
11 3072
13 3072
17 3072
19 3072
23 3072
25 3072
29 3072
1 3074
3 3074
5 3074
7 3074
9 3074
11 3074
13 3074
15 3074
17 3074
19 3074
21 3074
23 3074
25 3074
27 3074
1 3076
3 3076
5 3076
7 3076
9 3076
11 3076
13 3076
15 3076
17 3076
19 3076
21 3076
23 3076
25 3076
27 3076
29 3076
1 3078
5 3078
7 3078
11 3078
13 3078
17 3078
23 3078
25 3078
29 3078
1 3080
3 3080
9 3080
13 3080
17 3080
19 3080
23 3080
27 3080
29 3080
1 3082
3 3082
5 3082
7 3082
9 3082
11 3082
13 3082
15 3082
17 3082
19 3082
21 3082
25 3082
27 3082
29 3082
1 3084
5 3084
7 3084
11 3084
13 3084
17 3084
19 3084
23 3084
25 3084
29 3084
1 3086
3 3086
5 3086
7 3086
9 3086
11 3086
13 3086
15 3086
17 3086
19 3086
21 3086
23 3086
25 3086
27 3086
29 3086
1 3088
3 3088
5 3088
7 3088
9 3088
11 3088
13 3088
15 3088
17 3088
19 3088
21 3088
23 3088
25 3088
27 3088
29 3088
1 3090
7 3090
11 3090
13 3090
17 3090
19 3090
23 3090
29 3090
1 3092
3 3092
5 3092
7 3092
9 3092
11 3092
13 3092
15 3092
17 3092
19 3092
21 3092
23 3092
25 3092
27 3092
29 3092
1 3094
3 3094
5 3094
9 3094
11 3094
15 3094
19 3094
23 3094
25 3094
27 3094
29 3094
1 3096
5 3096
7 3096
11 3096
13 3096
17 3096
19 3096
23 3096
25 3096
29 3096
1 3098
3 3098
5 3098
7 3098
9 3098
11 3098
13 3098
15 3098
17 3098
19 3098
21 3098
23 3098
25 3098
27 3098
29 3098
1 3100
3 3100
7 3100
9 3100
11 3100
13 3100
17 3100
19 3100
21 3100
23 3100
27 3100
29 3100
1 3102
5 3102
7 3102
13 3102
17 3102
19 3102
23 3102
25 3102
29 3102
31 3102
1 3104
3 3104
5 3104
7 3104
9 3104
11 3104
13 3104
15 3104
17 3104
19 3104
21 3104
23 3104
25 3104
27 3104
29 3104
31 3104
1 3106
3 3106
5 3106
7 3106
9 3106
11 3106
13 3106
15 3106
17 3106
19 3106
21 3106
23 3106
25 3106
27 3106
29 3106
31 3106
1 3108
5 3108
11 3108
13 3108
17 3108
19 3108
23 3108
25 3108
29 3108
31 3108
1 3110
3 3110
7 3110
9 3110
11 3110
13 3110
17 3110
19 3110
21 3110
23 3110
27 3110
29 3110
31 3110
1 3112
3 3112
5 3112
7 3112
9 3112
11 3112
13 3112
15 3112
17 3112
19 3112
21 3112
23 3112
25 3112
27 3112
29 3112
31 3112
1 3114
5 3114
7 3114
11 3114
13 3114
17 3114
19 3114
23 3114
25 3114
29 3114
31 3114
1 3116
3 3116
5 3116
7 3116
9 3116
11 3116
13 3116
15 3116
17 3116
21 3116
23 3116
25 3116
27 3116
29 3116
31 3116
1 3118
3 3118
5 3118
7 3118
9 3118
11 3118
13 3118
15 3118
17 3118
19 3118
21 3118
23 3118
25 3118
27 3118
29 3118
31 3118
1 3120
7 3120
11 3120
17 3120
19 3120
23 3120
29 3120
31 3120
1 3122
3 3122
5 3122
9 3122
11 3122
13 3122
15 3122
17 3122
19 3122
23 3122
25 3122
27 3122
29 3122
31 3122
1 3124
3 3124
5 3124
7 3124
9 3124
13 3124
15 3124
17 3124
19 3124
21 3124
23 3124
25 3124
27 3124
29 3124
31 3124
1 3126
5 3126
7 3126
11 3126
13 3126
17 3126
19 3126
23 3126
25 3126
29 3126
31 3126
1 3128
3 3128
5 3128
7 3128
9 3128
11 3128
13 3128
15 3128
19 3128
21 3128
25 3128
27 3128
29 3128
31 3128
1 3130
3 3130
7 3130
9 3130
11 3130
13 3130
17 3130
19 3130
21 3130
23 3130
27 3130
29 3130
31 3130
1 3132
5 3132
7 3132
11 3132
13 3132
17 3132
19 3132
23 3132
25 3132
31 3132
1 3134
3 3134
5 3134
7 3134
9 3134
11 3134
13 3134
15 3134
17 3134
19 3134
21 3134
23 3134
25 3134
27 3134
29 3134
31 3134
1 3136
3 3136
5 3136
9 3136
11 3136
13 3136
15 3136
17 3136
19 3136
23 3136
25 3136
27 3136
29 3136
31 3136
1 3138
5 3138
7 3138
11 3138
13 3138
17 3138
19 3138
23 3138
25 3138
29 3138
31 3138
1 3140
3 3140
7 3140
9 3140
11 3140
13 3140
17 3140
19 3140
21 3140
23 3140
27 3140
29 3140
31 3140
1 3142
3 3142
5 3142
7 3142
9 3142
11 3142
13 3142
15 3142
17 3142
19 3142
21 3142
23 3142
25 3142
27 3142
29 3142
31 3142
1 3144
5 3144
7 3144
11 3144
13 3144
17 3144
19 3144
23 3144
25 3144
29 3144
31 3144
1 3146
3 3146
5 3146
7 3146
9 3146
15 3146
17 3146
19 3146
21 3146
23 3146
25 3146
27 3146
29 3146
31 3146
1 3148
3 3148
5 3148
7 3148
9 3148
11 3148
13 3148
15 3148
17 3148
19 3148
21 3148
23 3148
25 3148
27 3148
29 3148
31 3148
1 3150
11 3150
13 3150
17 3150
19 3150
23 3150
29 3150
31 3150
1 3152
3 3152
5 3152
7 3152
9 3152
11 3152
13 3152
15 3152
17 3152
19 3152
21 3152
23 3152
25 3152
27 3152
29 3152
31 3152
1 3154
3 3154
5 3154
7 3154
9 3154
11 3154
13 3154
15 3154
17 3154
21 3154
23 3154
25 3154
27 3154
29 3154
31 3154
1 3156
5 3156
7 3156
11 3156
13 3156
17 3156
19 3156
23 3156
25 3156
29 3156
31 3156
1 3158
3 3158
5 3158
7 3158
9 3158
11 3158
13 3158
15 3158
17 3158
19 3158
21 3158
23 3158
25 3158
27 3158
29 3158
31 3158
1 3160
3 3160
7 3160
9 3160
11 3160
13 3160
17 3160
19 3160
21 3160
23 3160
27 3160
29 3160
31 3160
1 3162
5 3162
7 3162
11 3162
13 3162
19 3162
23 3162
25 3162
29 3162
1 3164
3 3164
5 3164
9 3164
11 3164
13 3164
15 3164
17 3164
19 3164
23 3164
25 3164
27 3164
29 3164
31 3164
1 3166
3 3166
5 3166
7 3166
9 3166
11 3166
13 3166
15 3166
17 3166
19 3166
21 3166
23 3166
25 3166
27 3166
29 3166
31 3166
1 3168
5 3168
7 3168
13 3168
17 3168
19 3168
23 3168
25 3168
29 3168
31 3168
1 3170
3 3170
7 3170
9 3170
11 3170
13 3170
17 3170
19 3170
21 3170
23 3170
27 3170
29 3170
31 3170
1 3172
3 3172
5 3172
7 3172
9 3172
11 3172
15 3172
17 3172
19 3172
21 3172
23 3172
25 3172
27 3172
29 3172
31 3172
1 3174
5 3174
7 3174
11 3174
13 3174
17 3174
19 3174
25 3174
29 3174
31 3174
1 3176
3 3176
5 3176
7 3176
9 3176
11 3176
13 3176
15 3176
17 3176
19 3176
21 3176
23 3176
25 3176
27 3176
29 3176
31 3176
1 3178
3 3178
5 3178
9 3178
11 3178
13 3178
15 3178
17 3178
19 3178
23 3178
25 3178
27 3178
29 3178
31 3178
1 3180
7 3180
11 3180
13 3180
17 3180
19 3180
23 3180
29 3180
31 3180
1 3182
3 3182
5 3182
7 3182
9 3182
11 3182
13 3182
15 3182
17 3182
19 3182
21 3182
23 3182
25 3182
27 3182
29 3182
31 3182
1 3184
3 3184
5 3184
7 3184
9 3184
11 3184
13 3184
15 3184
17 3184
19 3184
21 3184
23 3184
25 3184
27 3184
29 3184
31 3184
1 3186
5 3186
7 3186
11 3186
13 3186
17 3186
19 3186
23 3186
25 3186
29 3186
31 3186
1 3188
3 3188
5 3188
7 3188
9 3188
11 3188
13 3188
15 3188
17 3188
19 3188
21 3188
23 3188
25 3188
27 3188
29 3188
31 3188
1 3190
3 3190
7 3190
9 3190
13 3190
17 3190
19 3190
21 3190
23 3190
27 3190
31 3190
1 3192
5 3192
11 3192
13 3192
17 3192
23 3192
25 3192
29 3192
31 3192
1 3194
3 3194
5 3194
7 3194
9 3194
11 3194
13 3194
15 3194
17 3194
19 3194
21 3194
23 3194
25 3194
27 3194
29 3194
31 3194
1 3196
3 3196
5 3196
7 3196
9 3196
11 3196
13 3196
15 3196
19 3196
21 3196
23 3196
25 3196
27 3196
29 3196
31 3196
1 3198
5 3198
7 3198
11 3198
17 3198
19 3198
23 3198
25 3198
29 3198
31 3198
1 3200
3 3200
7 3200
9 3200
11 3200
13 3200
17 3200
19 3200
21 3200
23 3200
27 3200
29 3200
31 3200
1 3202
3 3202
5 3202
7 3202
9 3202
11 3202
13 3202
15 3202
17 3202
19 3202
21 3202
23 3202
25 3202
27 3202
29 3202
31 3202
1 3204
5 3204
7 3204
11 3204
13 3204
17 3204
19 3204
23 3204
25 3204
29 3204
31 3204
1 3206
3 3206
5 3206
9 3206
11 3206
13 3206
15 3206
17 3206
19 3206
23 3206
25 3206
27 3206
29 3206
31 3206
1 3208
3 3208
5 3208
7 3208
9 3208
11 3208
13 3208
15 3208
17 3208
19 3208
21 3208
23 3208
25 3208
27 3208
29 3208
31 3208
1 3210
7 3210
11 3210
13 3210
17 3210
19 3210
23 3210
29 3210
31 3210
1 3212
3 3212
5 3212
7 3212
9 3212
13 3212
15 3212
17 3212
19 3212
21 3212
23 3212
25 3212
27 3212
29 3212
31 3212
1 3214
3 3214
5 3214
7 3214
9 3214
11 3214
13 3214
15 3214
17 3214
19 3214
21 3214
23 3214
25 3214
27 3214
29 3214
31 3214
1 3216
5 3216
7 3216
11 3216
13 3216
17 3216
19 3216
23 3216
25 3216
29 3216
31 3216
1 3218
3 3218
5 3218
7 3218
9 3218
11 3218
13 3218
15 3218
17 3218
19 3218
21 3218
23 3218
25 3218
27 3218
29 3218
31 3218
1 3220
3 3220
9 3220
11 3220
13 3220
17 3220
19 3220
27 3220
29 3220
31 3220
1 3222
5 3222
7 3222
11 3222
13 3222
17 3222
19 3222
23 3222
25 3222
29 3222
31 3222
1 3224
3 3224
5 3224
7 3224
9 3224
11 3224
15 3224
17 3224
19 3224
21 3224
23 3224
25 3224
27 3224
29 3224
1 3226
3 3226
5 3226
7 3226
9 3226
11 3226
13 3226
15 3226
17 3226
19 3226
21 3226
23 3226
25 3226
27 3226
29 3226
31 3226
1 3228
5 3228
7 3228
11 3228
13 3228
17 3228
19 3228
23 3228
25 3228
29 3228
31 3228
1 3230
3 3230
7 3230
9 3230
11 3230
13 3230
21 3230
23 3230
27 3230
29 3230
31 3230
1 3232
3 3232
5 3232
7 3232
9 3232
11 3232
13 3232
15 3232
17 3232
19 3232
21 3232
23 3232
25 3232
27 3232
29 3232
31 3232
1 3234
5 3234
13 3234
17 3234
19 3234
23 3234
25 3234
29 3234
31 3234
1 3236
3 3236
5 3236
7 3236
9 3236
11 3236
13 3236
15 3236
17 3236
19 3236
21 3236
23 3236
25 3236
27 3236
29 3236
31 3236
1 3238
3 3238
5 3238
7 3238
9 3238
11 3238
13 3238
15 3238
17 3238
19 3238
21 3238
23 3238
25 3238
27 3238
29 3238
31 3238
1 3240
7 3240
11 3240
13 3240
17 3240
19 3240
23 3240
29 3240
31 3240
1 3242
3 3242
5 3242
7 3242
9 3242
11 3242
13 3242
15 3242
17 3242
19 3242
21 3242
23 3242
25 3242
27 3242
29 3242
31 3242
1 3244
3 3244
5 3244
7 3244
9 3244
11 3244
13 3244
15 3244
17 3244
19 3244
21 3244
23 3244
25 3244
27 3244
29 3244
31 3244
1 3246
5 3246
7 3246
11 3246
13 3246
17 3246
19 3246
23 3246
25 3246
29 3246
31 3246
1 3248
3 3248
5 3248
9 3248
11 3248
13 3248
15 3248
17 3248
19 3248
23 3248
25 3248
27 3248
31 3248
1 3250
3 3250
7 3250
9 3250
11 3250
17 3250
19 3250
21 3250
23 3250
27 3250
29 3250
31 3250
1 3252
5 3252
7 3252
11 3252
13 3252
17 3252
19 3252
23 3252
25 3252
29 3252
31 3252
1 3254
3 3254
5 3254
7 3254
9 3254
11 3254
13 3254
15 3254
17 3254
19 3254
21 3254
23 3254
25 3254
27 3254
29 3254
31 3254
1 3256
3 3256
5 3256
7 3256
9 3256
13 3256
15 3256
17 3256
19 3256
21 3256
23 3256
25 3256
27 3256
29 3256
31 3256
1 3258
5 3258
7 3258
11 3258
13 3258
17 3258
19 3258
23 3258
25 3258
29 3258
31 3258
1 3260
3 3260
7 3260
9 3260
11 3260
13 3260
17 3260
19 3260
21 3260
23 3260
27 3260
29 3260
31 3260
1 3262
3 3262
5 3262
9 3262
11 3262
13 3262
15 3262
17 3262
19 3262
23 3262
25 3262
27 3262
29 3262
31 3262
1 3264
5 3264
7 3264
11 3264
13 3264
19 3264
23 3264
25 3264
29 3264
31 3264
1 3266
3 3266
5 3266
7 3266
9 3266
11 3266
13 3266
15 3266
17 3266
19 3266
21 3266
25 3266
27 3266
29 3266
31 3266
1 3268
3 3268
5 3268
7 3268
9 3268
11 3268
13 3268
15 3268
17 3268
21 3268
23 3268
25 3268
27 3268
29 3268
31 3268
1 3270
7 3270
11 3270
13 3270
17 3270
19 3270
23 3270
29 3270
31 3270
1 3272
3 3272
5 3272
7 3272
9 3272
11 3272
13 3272
15 3272
17 3272
19 3272
21 3272
23 3272
25 3272
27 3272
29 3272
31 3272
1 3274
3 3274
5 3274
7 3274
9 3274
11 3274
13 3274
15 3274
17 3274
19 3274
21 3274
23 3274
25 3274
27 3274
29 3274
31 3274
1 3276
5 3276
11 3276
17 3276
19 3276
23 3276
25 3276
29 3276
31 3276
1 3278
3 3278
5 3278
7 3278
9 3278
13 3278
15 3278
17 3278
19 3278
21 3278
23 3278
25 3278
27 3278
29 3278
31 3278
1 3280
3 3280
7 3280
9 3280
11 3280
13 3280
17 3280
19 3280
21 3280
23 3280
27 3280
29 3280
31 3280
1 3282
5 3282
7 3282
11 3282
13 3282
17 3282
19 3282
23 3282
25 3282
29 3282
31 3282
1 3284
3 3284
5 3284
7 3284
9 3284
11 3284
13 3284
15 3284
17 3284
19 3284
21 3284
23 3284
25 3284
27 3284
29 3284
31 3284
1 3286
3 3286
5 3286
7 3286
9 3286
11 3286
13 3286
15 3286
17 3286
19 3286
21 3286
23 3286
25 3286
27 3286
29 3286
1 3288
5 3288
7 3288
11 3288
13 3288
17 3288
19 3288
23 3288
25 3288
29 3288
31 3288
1 3290
3 3290
9 3290
11 3290
13 3290
17 3290
19 3290
23 3290
27 3290
29 3290
31 3290
1 3292
3 3292
5 3292
7 3292
9 3292
11 3292
13 3292
15 3292
17 3292
19 3292
21 3292
23 3292
25 3292
27 3292
29 3292
31 3292
1 3294
5 3294
7 3294
11 3294
13 3294
17 3294
19 3294
23 3294
25 3294
29 3294
31 3294
1 3296
3 3296
5 3296
7 3296
9 3296
11 3296
13 3296
15 3296
17 3296
19 3296
21 3296
23 3296
25 3296
27 3296
29 3296
31 3296
1 3298
3 3298
5 3298
7 3298
9 3298
11 3298
13 3298
15 3298
19 3298
21 3298
23 3298
25 3298
27 3298
29 3298
31 3298
1 3300
7 3300
13 3300
17 3300
19 3300
23 3300
29 3300
31 3300
1 3302
3 3302
5 3302
7 3302
9 3302
11 3302
15 3302
17 3302
19 3302
21 3302
23 3302
25 3302
27 3302
29 3302
31 3302
33 3302
1 3304
3 3304
5 3304
9 3304
11 3304
13 3304
15 3304
17 3304
19 3304
23 3304
25 3304
27 3304
29 3304
31 3304
33 3304
1 3306
5 3306
7 3306
11 3306
13 3306
17 3306
23 3306
25 3306
31 3306
1 3308
3 3308
5 3308
7 3308
9 3308
11 3308
13 3308
15 3308
17 3308
19 3308
21 3308
23 3308
25 3308
27 3308
29 3308
31 3308
33 3308
1 3310
3 3310
7 3310
9 3310
11 3310
13 3310
17 3310
19 3310
21 3310
23 3310
27 3310
29 3310
31 3310
33 3310
1 3312
5 3312
7 3312
11 3312
13 3312
17 3312
19 3312
25 3312
29 3312
31 3312
1 3314
3 3314
5 3314
7 3314
9 3314
11 3314
13 3314
15 3314
17 3314
19 3314
21 3314
23 3314
25 3314
27 3314
29 3314
31 3314
33 3314
1 3316
3 3316
5 3316
7 3316
9 3316
11 3316
13 3316
15 3316
17 3316
19 3316
21 3316
23 3316
25 3316
27 3316
29 3316
31 3316
33 3316
1 3318
5 3318
11 3318
13 3318
17 3318
19 3318
23 3318
25 3318
29 3318
31 3318
1 3320
3 3320
7 3320
9 3320
11 3320
13 3320
17 3320
19 3320
21 3320
23 3320
27 3320
29 3320
31 3320
33 3320
1 3322
3 3322
5 3322
7 3322
9 3322
13 3322
15 3322
17 3322
19 3322
21 3322
23 3322
25 3322
27 3322
29 3322
31 3322
1 3324
5 3324
7 3324
11 3324
13 3324
17 3324
19 3324
23 3324
25 3324
29 3324
31 3324
1 3326
3 3326
5 3326
7 3326
9 3326
11 3326
13 3326
15 3326
17 3326
19 3326
21 3326
23 3326
25 3326
27 3326
29 3326
31 3326
33 3326
1 3328
3 3328
5 3328
7 3328
9 3328
11 3328
15 3328
17 3328
19 3328
21 3328
23 3328
25 3328
27 3328
29 3328
31 3328
33 3328
1 3330
7 3330
11 3330
13 3330
17 3330
19 3330
23 3330
29 3330
31 3330
1 3332
3 3332
5 3332
9 3332
11 3332
13 3332
15 3332
19 3332
23 3332
25 3332
27 3332
29 3332
31 3332
33 3332
1 3334
3 3334
5 3334
7 3334
9 3334
11 3334
13 3334
15 3334
17 3334
19 3334
21 3334
23 3334
25 3334
27 3334
29 3334
31 3334
33 3334
1 3336
5 3336
7 3336
11 3336
13 3336
17 3336
19 3336
23 3336
25 3336
29 3336
31 3336
1 3338
3 3338
5 3338
7 3338
9 3338
11 3338
13 3338
15 3338
17 3338
19 3338
21 3338
23 3338
25 3338
27 3338
29 3338
31 3338
33 3338
1 3340
3 3340
7 3340
9 3340
11 3340
13 3340
17 3340
19 3340
21 3340
23 3340
27 3340
29 3340
31 3340
33 3340
1 3342
5 3342
7 3342
11 3342
13 3342
17 3342
19 3342
23 3342
25 3342
29 3342
31 3342
1 3344
3 3344
5 3344
7 3344
9 3344
13 3344
15 3344
17 3344
21 3344
23 3344
25 3344
27 3344
29 3344
31 3344
1 3346
3 3346
5 3346
9 3346
11 3346
13 3346
15 3346
17 3346
19 3346
23 3346
25 3346
27 3346
29 3346
31 3346
33 3346
1 3348
5 3348
7 3348
11 3348
13 3348
17 3348
19 3348
23 3348
25 3348
29 3348
1 3350
3 3350
7 3350
9 3350
11 3350
13 3350
17 3350
19 3350
21 3350
23 3350
27 3350
29 3350
31 3350
33 3350
1 3352
3 3352
5 3352
7 3352
9 3352
11 3352
13 3352
15 3352
17 3352
19 3352
21 3352
23 3352
25 3352
27 3352
29 3352
31 3352
33 3352
1 3354
5 3354
7 3354
11 3354
17 3354
19 3354
23 3354
25 3354
29 3354
31 3354
1 3356
3 3356
5 3356
7 3356
9 3356
11 3356
13 3356
15 3356
17 3356
19 3356
21 3356
23 3356
25 3356
27 3356
29 3356
31 3356
33 3356
1 3358
3 3358
5 3358
7 3358
9 3358
11 3358
13 3358
15 3358
17 3358
19 3358
21 3358
25 3358
27 3358
29 3358
31 3358
33 3358
1 3360
11 3360
13 3360
17 3360
19 3360
23 3360
29 3360
31 3360
1 3362
3 3362
5 3362
7 3362
9 3362
11 3362
13 3362
15 3362
17 3362
19 3362
21 3362
23 3362
25 3362
27 3362
29 3362
31 3362
33 3362
1 3364
3 3364
5 3364
7 3364
9 3364
11 3364
13 3364
15 3364
17 3364
19 3364
21 3364
23 3364
25 3364
27 3364
31 3364
33 3364
1 3366
5 3366
7 3366
13 3366
19 3366
23 3366
25 3366
29 3366
31 3366
1 3368
3 3368
5 3368
7 3368
9 3368
11 3368
13 3368
15 3368
17 3368
19 3368
21 3368
23 3368
25 3368
27 3368
29 3368
31 3368
33 3368
1 3370
3 3370
7 3370
9 3370
11 3370
13 3370
17 3370
19 3370
21 3370
23 3370
27 3370
29 3370
31 3370
33 3370
1 3372
5 3372
7 3372
11 3372
13 3372
17 3372
19 3372
23 3372
25 3372
29 3372
31 3372
1 3374
3 3374
5 3374
9 3374
11 3374
13 3374
15 3374
17 3374
19 3374
23 3374
25 3374
27 3374
29 3374
31 3374
33 3374
1 3376
3 3376
5 3376
7 3376
9 3376
11 3376
13 3376
15 3376
17 3376
19 3376
21 3376
23 3376
25 3376
27 3376
29 3376
31 3376
33 3376
1 3378
5 3378
7 3378
11 3378
13 3378
17 3378
19 3378
23 3378
25 3378
29 3378
31 3378
1 3380
3 3380
7 3380
9 3380
11 3380
17 3380
19 3380
21 3380
23 3380
27 3380
29 3380
31 3380
33 3380
1 3382
3 3382
5 3382
7 3382
9 3382
11 3382
13 3382
15 3382
17 3382
21 3382
23 3382
25 3382
27 3382
29 3382
31 3382
33 3382
1 3384
5 3384
7 3384
11 3384
13 3384
17 3384
19 3384
23 3384
25 3384
29 3384
31 3384
1 3386
3 3386
5 3386
7 3386
9 3386
11 3386
13 3386
15 3386
17 3386
19 3386
21 3386
23 3386
25 3386
27 3386
29 3386
31 3386
33 3386
1 3388
3 3388
5 3388
9 3388
13 3388
15 3388
17 3388
19 3388
23 3388
25 3388
27 3388
29 3388
31 3388
1 3390
7 3390
11 3390
13 3390
17 3390
19 3390
23 3390
29 3390
31 3390
1 3392
3 3392
5 3392
7 3392
9 3392
11 3392
13 3392
15 3392
17 3392
19 3392
21 3392
23 3392
25 3392
27 3392
29 3392
31 3392
33 3392
1 3394
3 3394
5 3394
7 3394
9 3394
11 3394
13 3394
15 3394
17 3394
19 3394
21 3394
23 3394
25 3394
27 3394
29 3394
31 3394
33 3394
1 3396
5 3396
7 3396
11 3396
13 3396
17 3396
19 3396
23 3396
25 3396
29 3396
31 3396
1 3398
3 3398
5 3398
7 3398
9 3398
11 3398
13 3398
15 3398
17 3398
19 3398
21 3398
23 3398
25 3398
27 3398
29 3398
31 3398
33 3398
1 3400
3 3400
7 3400
9 3400
11 3400
13 3400
19 3400
21 3400
23 3400
27 3400
29 3400
31 3400
33 3400
1 3402
5 3402
11 3402
13 3402
17 3402
19 3402
23 3402
25 3402
29 3402
31 3402
1 3404
3 3404
5 3404
7 3404
9 3404
11 3404
13 3404
15 3404
17 3404
19 3404
21 3404
25 3404
27 3404
29 3404
31 3404
33 3404
1 3406
3 3406
5 3406
7 3406
9 3406
11 3406
15 3406
17 3406
19 3406
21 3406
23 3406
25 3406
27 3406
29 3406
31 3406
33 3406
1 3408
5 3408
7 3408
11 3408
13 3408
17 3408
19 3408
23 3408
25 3408
29 3408
31 3408
1 3410
3 3410
7 3410
9 3410
13 3410
17 3410
19 3410
21 3410
23 3410
27 3410
29 3410
1 3412
3 3412
5 3412
7 3412
9 3412
11 3412
13 3412
15 3412
17 3412
19 3412
21 3412
23 3412
25 3412
27 3412
29 3412
31 3412
33 3412
1 3414
5 3414
7 3414
11 3414
13 3414
17 3414
19 3414
23 3414
25 3414
29 3414
31 3414
1 3416
3 3416
5 3416
9 3416
11 3416
13 3416
15 3416
17 3416
19 3416
23 3416
25 3416
27 3416
29 3416
31 3416
33 3416
1 3418
3 3418
5 3418
7 3418
9 3418
11 3418
13 3418
15 3418
17 3418
19 3418
21 3418
23 3418
25 3418
27 3418
29 3418
31 3418
33 3418
1 3420
7 3420
11 3420
13 3420
17 3420
23 3420
29 3420
31 3420
1 3422
3 3422
5 3422
7 3422
9 3422
11 3422
13 3422
15 3422
17 3422
19 3422
21 3422
23 3422
25 3422
27 3422
31 3422
33 3422
1 3424
3 3424
5 3424
7 3424
9 3424
11 3424
13 3424
15 3424
17 3424
19 3424
21 3424
23 3424
25 3424
27 3424
29 3424
31 3424
33 3424
1 3426
5 3426
7 3426
11 3426
13 3426
17 3426
19 3426
23 3426
25 3426
29 3426
31 3426
1 3428
3 3428
5 3428
7 3428
9 3428
11 3428
13 3428
15 3428
17 3428
19 3428
21 3428
23 3428
25 3428
27 3428
29 3428
31 3428
33 3428
1 3430
3 3430
9 3430
11 3430
13 3430
17 3430
19 3430
23 3430
27 3430
29 3430
31 3430
33 3430
1 3432
5 3432
7 3432
17 3432
19 3432
23 3432
25 3432
29 3432
31 3432
1 3434
3 3434
5 3434
7 3434
9 3434
11 3434
13 3434
15 3434
19 3434
21 3434
23 3434
25 3434
27 3434
29 3434
31 3434
33 3434
1 3436
3 3436
5 3436
7 3436
9 3436
11 3436
13 3436
15 3436
17 3436
19 3436
21 3436
23 3436
25 3436
27 3436
29 3436
31 3436
33 3436
1 3438
5 3438
7 3438
11 3438
13 3438
17 3438
19 3438
23 3438
25 3438
29 3438
31 3438
1 3440
3 3440
7 3440
9 3440
11 3440
13 3440
17 3440
19 3440
21 3440
23 3440
27 3440
29 3440
31 3440
33 3440
1 3442
3 3442
5 3442
7 3442
9 3442
11 3442
13 3442
15 3442
17 3442
19 3442
21 3442
23 3442
25 3442
27 3442
29 3442
31 3442
33 3442
1 3444
5 3444
11 3444
13 3444
17 3444
19 3444
23 3444
25 3444
29 3444
31 3444
1 3446
3 3446
5 3446
7 3446
9 3446
11 3446
13 3446
15 3446
17 3446
19 3446
21 3446
23 3446
25 3446
27 3446
29 3446
31 3446
33 3446
1 3448
3 3448
5 3448
7 3448
9 3448
11 3448
13 3448
15 3448
17 3448
19 3448
21 3448
23 3448
25 3448
27 3448
29 3448
31 3448
33 3448
1 3450
7 3450
11 3450
13 3450
17 3450
19 3450
29 3450
31 3450
1 3452
3 3452
5 3452
7 3452
9 3452
11 3452
13 3452
15 3452
17 3452
19 3452
21 3452
23 3452
25 3452
27 3452
29 3452
31 3452
33 3452
1 3454
3 3454
5 3454
7 3454
9 3454
13 3454
15 3454
17 3454
19 3454
21 3454
23 3454
25 3454
27 3454
29 3454
31 3454
1 3456
5 3456
7 3456
11 3456
13 3456
17 3456
19 3456
23 3456
25 3456
29 3456
31 3456
1 3458
3 3458
5 3458
9 3458
11 3458
15 3458
17 3458
23 3458
25 3458
27 3458
29 3458
31 3458
33 3458
1 3460
3 3460
7 3460
9 3460
11 3460
13 3460
17 3460
19 3460
21 3460
23 3460
27 3460
29 3460
31 3460
33 3460
1 3462
5 3462
7 3462
11 3462
13 3462
17 3462
19 3462
23 3462
25 3462
29 3462
31 3462
1 3464
3 3464
5 3464
7 3464
9 3464
11 3464
13 3464
15 3464
17 3464
19 3464
21 3464
23 3464
25 3464
27 3464
29 3464
31 3464
33 3464
1 3466
3 3466
5 3466
7 3466
9 3466
11 3466
13 3466
15 3466
17 3466
19 3466
21 3466
23 3466
25 3466
27 3466
29 3466
31 3466
33 3466
1 3468
5 3468
7 3468
11 3468
13 3468
19 3468
23 3468
25 3468
29 3468
31 3468
1 3470
3 3470
7 3470
9 3470
11 3470
13 3470
17 3470
19 3470
21 3470
23 3470
27 3470
29 3470
31 3470
33 3470
1 3472
3 3472
5 3472
9 3472
11 3472
13 3472
15 3472
17 3472
19 3472
23 3472
25 3472
27 3472
29 3472
33 3472
1 3474
5 3474
7 3474
11 3474
13 3474
17 3474
19 3474
23 3474
25 3474
29 3474
31 3474
1 3476
3 3476
5 3476
7 3476
9 3476
13 3476
15 3476
17 3476
19 3476
21 3476
23 3476
25 3476
27 3476
29 3476
31 3476
1 3478
3 3478
5 3478
7 3478
9 3478
11 3478
13 3478
15 3478
17 3478
19 3478
21 3478
23 3478
25 3478
27 3478
29 3478
31 3478
33 3478
1 3480
7 3480
11 3480
13 3480
17 3480
19 3480
23 3480
31 3480
1 3482
3 3482
5 3482
7 3482
9 3482
11 3482
13 3482
15 3482
17 3482
19 3482
21 3482
23 3482
25 3482
27 3482
29 3482
31 3482
33 3482
1 3484
3 3484
5 3484
7 3484
9 3484
11 3484
15 3484
17 3484
19 3484
21 3484
23 3484
25 3484
27 3484
29 3484
31 3484
33 3484
1 3486
5 3486
11 3486
13 3486
17 3486
19 3486
23 3486
25 3486
29 3486
31 3486
1 3488
3 3488
5 3488
7 3488
9 3488
11 3488
13 3488
15 3488
17 3488
19 3488
21 3488
23 3488
25 3488
27 3488
29 3488
31 3488
33 3488
1 3490
3 3490
7 3490
9 3490
11 3490
13 3490
17 3490
19 3490
21 3490
23 3490
27 3490
29 3490
31 3490
33 3490
1 3492
5 3492
7 3492
11 3492
13 3492
17 3492
19 3492
23 3492
25 3492
29 3492
31 3492
1 3494
3 3494
5 3494
7 3494
9 3494
11 3494
13 3494
15 3494
17 3494
19 3494
21 3494
23 3494
25 3494
27 3494
29 3494
31 3494
33 3494
1 3496
3 3496
5 3496
7 3496
9 3496
11 3496
13 3496
15 3496
17 3496
21 3496
25 3496
27 3496
29 3496
31 3496
33 3496
1 3498
5 3498
7 3498
13 3498
17 3498
19 3498
23 3498
25 3498
29 3498
31 3498
1 3500
3 3500
9 3500
11 3500
13 3500
17 3500
19 3500
23 3500
27 3500
29 3500
31 3500
33 3500
1 3502
3 3502
5 3502
7 3502
9 3502
11 3502
13 3502
15 3502
19 3502
21 3502
23 3502
25 3502
27 3502
29 3502
31 3502
33 3502
35 3502
1 3504
5 3504
7 3504
11 3504
13 3504
17 3504
19 3504
23 3504
25 3504
29 3504
31 3504
35 3504
1 3506
3 3506
5 3506
7 3506
9 3506
11 3506
13 3506
15 3506
17 3506
19 3506
21 3506
23 3506
25 3506
27 3506
29 3506
31 3506
33 3506
35 3506
1 3508
3 3508
5 3508
7 3508
9 3508
11 3508
13 3508
15 3508
17 3508
19 3508
21 3508
23 3508
25 3508
27 3508
29 3508
31 3508
33 3508
35 3508
1 3510
7 3510
11 3510
17 3510
19 3510
23 3510
29 3510
31 3510
1 3512
3 3512
5 3512
7 3512
9 3512
11 3512
13 3512
15 3512
17 3512
19 3512
21 3512
23 3512
25 3512
27 3512
29 3512
31 3512
33 3512
35 3512
1 3514
3 3514
5 3514
9 3514
11 3514
13 3514
15 3514
17 3514
19 3514
23 3514
25 3514
27 3514
29 3514
31 3514
33 3514
1 3516
5 3516
7 3516
11 3516
13 3516
17 3516
19 3516
23 3516
25 3516
29 3516
31 3516
35 3516
1 3518
3 3518
5 3518
7 3518
9 3518
11 3518
13 3518
15 3518
17 3518
19 3518
21 3518
23 3518
25 3518
27 3518
29 3518
31 3518
33 3518
35 3518
1 3520
3 3520
7 3520
9 3520
13 3520
17 3520
19 3520
21 3520
23 3520
27 3520
29 3520
31 3520
1 3522
5 3522
7 3522
11 3522
13 3522
17 3522
19 3522
23 3522
25 3522
29 3522
31 3522
35 3522
1 3524
3 3524
5 3524
7 3524
9 3524
11 3524
13 3524
15 3524
17 3524
19 3524
21 3524
23 3524
25 3524
27 3524
29 3524
31 3524
33 3524
35 3524
1 3526
3 3526
5 3526
7 3526
9 3526
11 3526
13 3526
15 3526
17 3526
19 3526
21 3526
23 3526
25 3526
27 3526
29 3526
31 3526
33 3526
35 3526
1 3528
5 3528
11 3528
13 3528
17 3528
19 3528
23 3528
25 3528
29 3528
31 3528
1 3530
3 3530
7 3530
9 3530
11 3530
13 3530
17 3530
19 3530
21 3530
23 3530
27 3530
29 3530
31 3530
33 3530
1 3532
3 3532
5 3532
7 3532
9 3532
11 3532
13 3532
15 3532
17 3532
19 3532
21 3532
23 3532
25 3532
27 3532
29 3532
31 3532
33 3532
35 3532
1 3534
5 3534
7 3534
11 3534
13 3534
17 3534
23 3534
25 3534
29 3534
35 3534
1 3536
3 3536
5 3536
7 3536
9 3536
11 3536
15 3536
19 3536
21 3536
23 3536
25 3536
27 3536
29 3536
31 3536
33 3536
35 3536
1 3538
3 3538
5 3538
7 3538
9 3538
11 3538
13 3538
15 3538
17 3538
19 3538
21 3538
23 3538
25 3538
27 3538
31 3538
33 3538
35 3538
1 3540
7 3540
11 3540
13 3540
17 3540
19 3540
23 3540
29 3540
31 3540
1 3542
3 3542
5 3542
9 3542
13 3542
15 3542
17 3542
19 3542
25 3542
27 3542
29 3542
31 3542
1 3544
3 3544
5 3544
7 3544
9 3544
11 3544
13 3544
15 3544
17 3544
19 3544
21 3544
23 3544
25 3544
27 3544
29 3544
31 3544
33 3544
35 3544
1 3546
5 3546
7 3546
11 3546
13 3546
17 3546
19 3546
23 3546
25 3546
29 3546
31 3546
35 3546
1 3548
3 3548
5 3548
7 3548
9 3548
11 3548
13 3548
15 3548
17 3548
19 3548
21 3548
23 3548
25 3548
27 3548
29 3548
31 3548
33 3548
35 3548
1 3550
3 3550
7 3550
9 3550
11 3550
13 3550
17 3550
19 3550
21 3550
23 3550
27 3550
29 3550
31 3550
33 3550
1 3552
5 3552
7 3552
11 3552
13 3552
17 3552
19 3552
23 3552
25 3552
29 3552
31 3552
35 3552
1 3554
3 3554
5 3554
7 3554
9 3554
11 3554
13 3554
15 3554
17 3554
19 3554
21 3554
23 3554
25 3554
27 3554
29 3554
31 3554
33 3554
35 3554
1 3556
3 3556
5 3556
9 3556
11 3556
13 3556
15 3556
17 3556
19 3556
23 3556
25 3556
27 3556
29 3556
31 3556
33 3556
1 3558
5 3558
7 3558
11 3558
13 3558
17 3558
19 3558
23 3558
25 3558
29 3558
31 3558
35 3558
1 3560
3 3560
7 3560
9 3560
11 3560
13 3560
17 3560
19 3560
21 3560
23 3560
27 3560
29 3560
31 3560
33 3560
1 3562
3 3562
5 3562
7 3562
9 3562
11 3562
15 3562
17 3562
19 3562
21 3562
23 3562
25 3562
27 3562
29 3562
31 3562
33 3562
35 3562
1 3564
5 3564
7 3564
13 3564
17 3564
19 3564
23 3564
25 3564
29 3564
31 3564
35 3564
1 3566
3 3566
5 3566
7 3566
9 3566
11 3566
13 3566
15 3566
17 3566
19 3566
21 3566
23 3566
25 3566
27 3566
29 3566
31 3566
33 3566
35 3566
1 3568
3 3568
5 3568
7 3568
9 3568
11 3568
13 3568
15 3568
17 3568
19 3568
21 3568
23 3568
25 3568
27 3568
29 3568
31 3568
33 3568
35 3568
1 3570
11 3570
13 3570
19 3570
23 3570
29 3570
31 3570
1 3572
3 3572
5 3572
7 3572
9 3572
11 3572
13 3572
15 3572
17 3572
21 3572
23 3572
25 3572
27 3572
29 3572
31 3572
33 3572
35 3572
1 3574
3 3574
5 3574
7 3574
9 3574
11 3574
13 3574
15 3574
17 3574
19 3574
21 3574
23 3574
25 3574
27 3574
29 3574
31 3574
33 3574
35 3574
1 3576
5 3576
7 3576
11 3576
13 3576
17 3576
19 3576
23 3576
25 3576
29 3576
31 3576
35 3576
1 3578
3 3578
5 3578
7 3578
9 3578
11 3578
13 3578
15 3578
17 3578
19 3578
21 3578
23 3578
25 3578
27 3578
29 3578
31 3578
33 3578
35 3578
1 3580
3 3580
7 3580
9 3580
11 3580
13 3580
17 3580
19 3580
21 3580
23 3580
27 3580
29 3580
31 3580
33 3580
1 3582
5 3582
7 3582
11 3582
13 3582
17 3582
19 3582
23 3582
25 3582
29 3582
31 3582
35 3582
1 3584
3 3584
5 3584
9 3584
11 3584
13 3584
15 3584
17 3584
19 3584
23 3584
25 3584
27 3584
29 3584
31 3584
33 3584
1 3586
3 3586
5 3586
7 3586
9 3586
13 3586
15 3586
17 3586
19 3586
21 3586
23 3586
25 3586
27 3586
29 3586
31 3586
35 3586
1 3588
5 3588
7 3588
11 3588
17 3588
19 3588
25 3588
29 3588
31 3588
35 3588
1 3590
3 3590
7 3590
9 3590
11 3590
13 3590
17 3590
19 3590
21 3590
23 3590
27 3590
29 3590
31 3590
33 3590
1 3592
3 3592
5 3592
7 3592
9 3592
11 3592
13 3592
15 3592
17 3592
19 3592
21 3592
23 3592
25 3592
27 3592
29 3592
31 3592
33 3592
35 3592
1 3594
5 3594
7 3594
11 3594
13 3594
17 3594
19 3594
23 3594
25 3594
29 3594
31 3594
35 3594
1 3596
3 3596
5 3596
7 3596
9 3596
11 3596
13 3596
15 3596
17 3596
19 3596
21 3596
23 3596
25 3596
27 3596
33 3596
35 3596
1 3598
3 3598
5 3598
9 3598
11 3598
13 3598
15 3598
17 3598
19 3598
23 3598
25 3598
27 3598
29 3598
31 3598
33 3598
1 3600
7 3600
11 3600
13 3600
17 3600
19 3600
23 3600
29 3600
31 3600
1 3602
3 3602
5 3602
7 3602
9 3602
11 3602
13 3602
15 3602
17 3602
19 3602
21 3602
23 3602
25 3602
27 3602
29 3602
31 3602
33 3602
35 3602
1 3604
3 3604
5 3604
7 3604
9 3604
11 3604
13 3604
15 3604
19 3604
21 3604
23 3604
25 3604
27 3604
29 3604
31 3604
33 3604
35 3604
1 3606
5 3606
7 3606
11 3606
13 3606
17 3606
19 3606
23 3606
25 3606
29 3606
31 3606
35 3606
1 3608
3 3608
5 3608
7 3608
9 3608
13 3608
15 3608
17 3608
19 3608
21 3608
23 3608
25 3608
27 3608
29 3608
31 3608
35 3608
1 3610
3 3610
7 3610
9 3610
11 3610
13 3610
17 3610
21 3610
23 3610
27 3610
29 3610
31 3610
33 3610
1 3612
5 3612
11 3612
13 3612
17 3612
19 3612
23 3612
25 3612
29 3612
31 3612
1 3614
3 3614
5 3614
7 3614
9 3614
11 3614
15 3614
17 3614
19 3614
21 3614
23 3614
25 3614
27 3614
29 3614
31 3614
33 3614
35 3614
1 3616
3 3616
5 3616
7 3616
9 3616
11 3616
13 3616
15 3616
17 3616
19 3616
21 3616
23 3616
25 3616
27 3616
29 3616
31 3616
33 3616
35 3616
1 3618
5 3618
7 3618
11 3618
13 3618
17 3618
19 3618
23 3618
25 3618
29 3618
31 3618
35 3618
1 3620
3 3620
7 3620
9 3620
11 3620
13 3620
17 3620
19 3620
21 3620
23 3620
27 3620
29 3620
31 3620
33 3620
1 3622
3 3622
5 3622
7 3622
9 3622
11 3622
13 3622
15 3622
17 3622
19 3622
21 3622
23 3622
25 3622
27 3622
29 3622
31 3622
33 3622
35 3622
1 3624
5 3624
7 3624
11 3624
13 3624
17 3624
19 3624
23 3624
25 3624
29 3624
31 3624
35 3624
1 3626
3 3626
5 3626
9 3626
11 3626
13 3626
15 3626
17 3626
19 3626
23 3626
25 3626
27 3626
29 3626
31 3626
33 3626
1 3628
3 3628
5 3628
7 3628
9 3628
11 3628
13 3628
15 3628
17 3628
19 3628
21 3628
23 3628
25 3628
27 3628
29 3628
31 3628
33 3628
35 3628
1 3630
7 3630
13 3630
17 3630
19 3630
23 3630
29 3630
31 3630
1 3632
3 3632
5 3632
7 3632
9 3632
11 3632
13 3632
15 3632
17 3632
19 3632
21 3632
23 3632
25 3632
27 3632
29 3632
31 3632
33 3632
35 3632
1 3634
3 3634
5 3634
7 3634
9 3634
11 3634
13 3634
15 3634
17 3634
19 3634
21 3634
25 3634
27 3634
29 3634
31 3634
33 3634
35 3634
1 3636
5 3636
7 3636
11 3636
13 3636
17 3636
19 3636
23 3636
25 3636
29 3636
31 3636
35 3636
1 3638
3 3638
5 3638
7 3638
9 3638
11 3638
13 3638
15 3638
19 3638
21 3638
23 3638
25 3638
27 3638
29 3638
31 3638
33 3638
35 3638
1 3640
3 3640
9 3640
11 3640
17 3640
19 3640
23 3640
27 3640
29 3640
31 3640
33 3640
1 3642
5 3642
7 3642
11 3642
13 3642
17 3642
19 3642
23 3642
25 3642
29 3642
31 3642
35 3642
1 3644
3 3644
5 3644
7 3644
9 3644
11 3644
13 3644
15 3644
17 3644
19 3644
21 3644
23 3644
25 3644
27 3644
29 3644
31 3644
33 3644
35 3644
1 3646
3 3646
5 3646
7 3646
9 3646
11 3646
13 3646
15 3646
17 3646
19 3646
21 3646
23 3646
25 3646
27 3646
29 3646
31 3646
33 3646
35 3646
1 3648
5 3648
7 3648
11 3648
13 3648
17 3648
23 3648
25 3648
29 3648
31 3648
35 3648
1 3650
3 3650
7 3650
9 3650
11 3650
13 3650
17 3650
19 3650
21 3650
23 3650
27 3650
29 3650
31 3650
33 3650
1 3652
3 3652
5 3652
7 3652
9 3652
13 3652
15 3652
17 3652
19 3652
21 3652
23 3652
25 3652
27 3652
29 3652
31 3652
35 3652
1 3654
5 3654
11 3654
13 3654
17 3654
19 3654
23 3654
25 3654
31 3654
1 3656
3 3656
5 3656
7 3656
9 3656
11 3656
13 3656
15 3656
17 3656
19 3656
21 3656
23 3656
25 3656
27 3656
29 3656
31 3656
33 3656
35 3656
1 3658
3 3658
5 3658
7 3658
9 3658
11 3658
13 3658
15 3658
17 3658
19 3658
21 3658
23 3658
25 3658
27 3658
29 3658
33 3658
35 3658
1 3660
7 3660
11 3660
13 3660
17 3660
19 3660
23 3660
29 3660
31 3660
1 3662
3 3662
5 3662
7 3662
9 3662
11 3662
13 3662
15 3662
17 3662
19 3662
21 3662
23 3662
25 3662
27 3662
29 3662
31 3662
33 3662
35 3662
1 3664
3 3664
5 3664
7 3664
9 3664
11 3664
13 3664
15 3664
17 3664
19 3664
21 3664
23 3664
25 3664
27 3664
29 3664
31 3664
33 3664
35 3664
1 3666
5 3666
7 3666
11 3666
17 3666
19 3666
23 3666
25 3666
29 3666
31 3666
35 3666
1 3668
3 3668
5 3668
9 3668
11 3668
13 3668
15 3668
17 3668
19 3668
23 3668
25 3668
27 3668
29 3668
31 3668
33 3668
1 3670
3 3670
7 3670
9 3670
11 3670
13 3670
17 3670
19 3670
21 3670
23 3670
27 3670
29 3670
31 3670
33 3670
1 3672
5 3672
7 3672
11 3672
13 3672
19 3672
23 3672
25 3672
29 3672
31 3672
35 3672
1 3674
3 3674
5 3674
7 3674
9 3674
13 3674
15 3674
17 3674
19 3674
21 3674
23 3674
25 3674
27 3674
29 3674
31 3674
35 3674
1 3676
3 3676
5 3676
7 3676
9 3676
11 3676
13 3676
15 3676
17 3676
19 3676
21 3676
23 3676
25 3676
27 3676
29 3676
31 3676
33 3676
35 3676
1 3678
5 3678
7 3678
11 3678
13 3678
17 3678
19 3678
23 3678
25 3678
29 3678
31 3678
35 3678
1 3680
3 3680
7 3680
9 3680
11 3680
13 3680
17 3680
19 3680
21 3680
27 3680
29 3680
31 3680
33 3680
1 3682
3 3682
5 3682
9 3682
11 3682
13 3682
15 3682
17 3682
19 3682
23 3682
25 3682
27 3682
29 3682
31 3682
33 3682
1 3684
5 3684
7 3684
11 3684
13 3684
17 3684
19 3684
23 3684
25 3684
29 3684
31 3684
35 3684
1 3686
3 3686
5 3686
7 3686
9 3686
11 3686
13 3686
15 3686
17 3686
21 3686
23 3686
25 3686
27 3686
29 3686
31 3686
33 3686
35 3686
1 3688
3 3688
5 3688
7 3688
9 3688
11 3688
13 3688
15 3688
17 3688
19 3688
21 3688
23 3688
25 3688
27 3688
29 3688
31 3688
33 3688
35 3688
1 3690
7 3690
11 3690
13 3690
17 3690
19 3690
23 3690
29 3690
31 3690
1 3692
3 3692
5 3692
7 3692
9 3692
11 3692
15 3692
17 3692
19 3692
21 3692
23 3692
25 3692
27 3692
29 3692
31 3692
33 3692
35 3692
1 3694
3 3694
5 3694
7 3694
9 3694
11 3694
13 3694
15 3694
17 3694
19 3694
21 3694
23 3694
25 3694
27 3694
29 3694
31 3694
33 3694
35 3694
1 3696
5 3696
13 3696
17 3696
19 3696
23 3696
25 3696
29 3696
31 3696
1 3698
3 3698
5 3698
7 3698
9 3698
11 3698
13 3698
15 3698
17 3698
19 3698
21 3698
23 3698
25 3698
27 3698
29 3698
31 3698
33 3698
35 3698
1 3700
3 3700
7 3700
9 3700
11 3700
13 3700
17 3700
19 3700
21 3700
23 3700
27 3700
29 3700
31 3700
33 3700
1 3702
5 3702
7 3702
11 3702
13 3702
17 3702
19 3702
23 3702
25 3702
29 3702
31 3702
35 3702
37 3702
1 3704
3 3704
5 3704
7 3704
9 3704
11 3704
13 3704
15 3704
17 3704
19 3704
21 3704
23 3704
25 3704
27 3704
29 3704
31 3704
33 3704
35 3704
37 3704
1 3706
3 3706
5 3706
7 3706
9 3706
11 3706
13 3706
15 3706
19 3706
21 3706
23 3706
25 3706
27 3706
29 3706
31 3706
33 3706
35 3706
37 3706
1 3708
5 3708
7 3708
11 3708
13 3708
17 3708
19 3708
23 3708
25 3708
29 3708
31 3708
35 3708
37 3708
1 3710
3 3710
9 3710
11 3710
13 3710
17 3710
19 3710
23 3710
27 3710
29 3710
31 3710
33 3710
37 3710
1 3712
3 3712
5 3712
7 3712
9 3712
11 3712
13 3712
15 3712
17 3712
19 3712
21 3712
23 3712
25 3712
27 3712
31 3712
33 3712
35 3712
37 3712
1 3714
5 3714
7 3714
11 3714
13 3714
17 3714
19 3714
23 3714
25 3714
29 3714
31 3714
35 3714
37 3714
1 3716
3 3716
5 3716
7 3716
9 3716
11 3716
13 3716
15 3716
17 3716
19 3716
21 3716
23 3716
25 3716
27 3716
29 3716
31 3716
33 3716
35 3716
37 3716
1 3718
3 3718
5 3718
7 3718
9 3718
15 3718
17 3718
19 3718
21 3718
23 3718
25 3718
27 3718
29 3718
31 3718
35 3718
37 3718
1 3720
7 3720
11 3720
13 3720
17 3720
19 3720
23 3720
29 3720
37 3720
1 3722
3 3722
5 3722
7 3722
9 3722
11 3722
13 3722
15 3722
17 3722
19 3722
21 3722
23 3722
25 3722
27 3722
29 3722
31 3722
33 3722
35 3722
37 3722
1 3724
3 3724
5 3724
9 3724
11 3724
13 3724
15 3724
17 3724
23 3724
25 3724
27 3724
29 3724
31 3724
33 3724
37 3724
1 3726
5 3726
7 3726
11 3726
13 3726
17 3726
19 3726
25 3726
29 3726
31 3726
35 3726
37 3726
1 3728
3 3728
5 3728
7 3728
9 3728
11 3728
13 3728
15 3728
17 3728
19 3728
21 3728
23 3728
25 3728
27 3728
29 3728
31 3728
33 3728
35 3728
37 3728
1 3730
3 3730
7 3730
9 3730
11 3730
13 3730
17 3730
19 3730
21 3730
23 3730
27 3730
29 3730
31 3730
33 3730
37 3730
1 3732
5 3732
7 3732
11 3732
13 3732
17 3732
19 3732
23 3732
25 3732
29 3732
31 3732
35 3732
37 3732
1 3734
3 3734
5 3734
7 3734
9 3734
11 3734
13 3734
15 3734
17 3734
19 3734
21 3734
23 3734
25 3734
27 3734
29 3734
31 3734
33 3734
35 3734
37 3734
1 3736
3 3736
5 3736
7 3736
9 3736
11 3736
13 3736
15 3736
17 3736
19 3736
21 3736
23 3736
25 3736
27 3736
29 3736
31 3736
33 3736
35 3736
37 3736
1 3738
5 3738
11 3738
13 3738
17 3738
19 3738
23 3738
25 3738
29 3738
31 3738
37 3738
1 3740
3 3740
7 3740
9 3740
13 3740
19 3740
21 3740
23 3740
27 3740
29 3740
31 3740
37 3740
1 3742
3 3742
5 3742
7 3742
9 3742
11 3742
13 3742
15 3742
17 3742
19 3742
21 3742
23 3742
25 3742
27 3742
29 3742
31 3742
33 3742
35 3742
37 3742
1 3744
5 3744
7 3744
11 3744
17 3744
19 3744
23 3744
25 3744
29 3744
31 3744
35 3744
37 3744
1 3746
3 3746
5 3746
7 3746
9 3746
11 3746
13 3746
15 3746
17 3746
19 3746
21 3746
23 3746
25 3746
27 3746
29 3746
31 3746
33 3746
35 3746
37 3746
1 3748
3 3748
5 3748
7 3748
9 3748
11 3748
13 3748
15 3748
17 3748
19 3748
21 3748
23 3748
25 3748
27 3748
29 3748
31 3748
33 3748
35 3748
37 3748
1 3750
7 3750
11 3750
13 3750
17 3750
19 3750
23 3750
29 3750
31 3750
37 3750
1 3752
3 3752
5 3752
9 3752
11 3752
13 3752
15 3752
17 3752
19 3752
23 3752
25 3752
27 3752
29 3752
31 3752
33 3752
37 3752
1 3754
3 3754
5 3754
7 3754
9 3754
11 3754
13 3754
15 3754
17 3754
19 3754
21 3754
23 3754
25 3754
27 3754
29 3754
31 3754
33 3754
35 3754
37 3754
1 3756
5 3756
7 3756
11 3756
13 3756
17 3756
19 3756
23 3756
25 3756
29 3756
31 3756
35 3756
37 3756
1 3758
3 3758
5 3758
7 3758
9 3758
11 3758
13 3758
15 3758
17 3758
19 3758
21 3758
23 3758
25 3758
27 3758
29 3758
31 3758
33 3758
35 3758
37 3758
1 3760
3 3760
7 3760
9 3760
11 3760
13 3760
17 3760
19 3760
21 3760
23 3760
27 3760
29 3760
31 3760
33 3760
37 3760
1 3762
5 3762
7 3762
13 3762
17 3762
23 3762
25 3762
29 3762
31 3762
35 3762
37 3762
1 3764
3 3764
5 3764
7 3764
9 3764
11 3764
13 3764
15 3764
17 3764
19 3764
21 3764
23 3764
25 3764
27 3764
29 3764
31 3764
33 3764
35 3764
37 3764
1 3766
3 3766
5 3766
9 3766
11 3766
13 3766
15 3766
17 3766
19 3766
23 3766
25 3766
27 3766
29 3766
31 3766
33 3766
37 3766
1 3768
5 3768
7 3768
11 3768
13 3768
17 3768
19 3768
23 3768
25 3768
29 3768
31 3768
35 3768
37 3768
1 3770
3 3770
7 3770
9 3770
11 3770
17 3770
19 3770
21 3770
23 3770
27 3770
31 3770
33 3770
37 3770
1 3772
3 3772
5 3772
7 3772
9 3772
11 3772
13 3772
15 3772
17 3772
19 3772
21 3772
25 3772
27 3772
29 3772
31 3772
33 3772
35 3772
37 3772
1 3774
5 3774
7 3774
11 3774
13 3774
19 3774
23 3774
25 3774
29 3774
31 3774
35 3774
1 3776
3 3776
5 3776
7 3776
9 3776
11 3776
13 3776
15 3776
17 3776
19 3776
21 3776
23 3776
25 3776
27 3776
29 3776
31 3776
33 3776
35 3776
37 3776
1 3778
3 3778
5 3778
7 3778
9 3778
11 3778
13 3778
15 3778
17 3778
19 3778
21 3778
23 3778
25 3778
27 3778
29 3778
31 3778
33 3778
35 3778
37 3778
1 3780
11 3780
13 3780
17 3780
19 3780
23 3780
29 3780
31 3780
37 3780
1 3782
3 3782
5 3782
7 3782
9 3782
11 3782
13 3782
15 3782
17 3782
19 3782
21 3782
23 3782
25 3782
27 3782
29 3782
33 3782
35 3782
37 3782
1 3784
3 3784
5 3784
7 3784
9 3784
13 3784
15 3784
17 3784
19 3784
21 3784
23 3784
25 3784
27 3784
29 3784
31 3784
35 3784
37 3784
1 3786
5 3786
7 3786
11 3786
13 3786
17 3786
19 3786
23 3786
25 3786
29 3786
31 3786
35 3786
37 3786
1 3788
3 3788
5 3788
7 3788
9 3788
11 3788
13 3788
15 3788
17 3788
19 3788
21 3788
23 3788
25 3788
27 3788
29 3788
31 3788
33 3788
35 3788
37 3788
1 3790
3 3790
7 3790
9 3790
11 3790
13 3790
17 3790
19 3790
21 3790
23 3790
27 3790
29 3790
31 3790
33 3790
37 3790
1 3792
5 3792
7 3792
11 3792
13 3792
17 3792
19 3792
23 3792
25 3792
29 3792
31 3792
35 3792
37 3792
1 3794
3 3794
5 3794
9 3794
11 3794
13 3794
15 3794
17 3794
19 3794
23 3794
25 3794
27 3794
29 3794
31 3794
33 3794
37 3794
1 3796
3 3796
5 3796
7 3796
9 3796
11 3796
15 3796
17 3796
19 3796
21 3796
23 3796
25 3796
27 3796
29 3796
31 3796
33 3796
35 3796
37 3796
1 3798
5 3798
7 3798
11 3798
13 3798
17 3798
19 3798
23 3798
25 3798
29 3798
31 3798
35 3798
37 3798
1 3800
3 3800
7 3800
9 3800
11 3800
13 3800
17 3800
21 3800
23 3800
27 3800
29 3800
31 3800
33 3800
37 3800
1 3802
3 3802
5 3802
7 3802
9 3802
11 3802
13 3802
15 3802
17 3802
19 3802
21 3802
23 3802
25 3802
27 3802
29 3802
31 3802
33 3802
35 3802
37 3802
1 3804
5 3804
7 3804
11 3804
13 3804
17 3804
19 3804
23 3804
25 3804
29 3804
31 3804
35 3804
37 3804
1 3806
3 3806
5 3806
7 3806
9 3806
13 3806
15 3806
17 3806
19 3806
21 3806
23 3806
25 3806
27 3806
29 3806
31 3806
35 3806
37 3806
1 3808
3 3808
5 3808
9 3808
11 3808
13 3808
15 3808
19 3808
23 3808
25 3808
27 3808
29 3808
31 3808
33 3808
37 3808
1 3810
7 3810
11 3810
13 3810
17 3810
19 3810
23 3810
29 3810
31 3810
37 3810
1 3812
3 3812
5 3812
7 3812
9 3812
11 3812
13 3812
15 3812
17 3812
19 3812
21 3812
23 3812
25 3812
27 3812
29 3812
31 3812
33 3812
35 3812
37 3812
1 3814
3 3814
5 3814
7 3814
9 3814
11 3814
13 3814
15 3814
17 3814
19 3814
21 3814
23 3814
25 3814
27 3814
29 3814
31 3814
33 3814
35 3814
37 3814
1 3816
5 3816
7 3816
11 3816
13 3816
17 3816
19 3816
23 3816
25 3816
29 3816
31 3816
35 3816
37 3816
1 3818
3 3818
5 3818
7 3818
9 3818
11 3818
13 3818
15 3818
17 3818
19 3818
21 3818
25 3818
27 3818
29 3818
31 3818
33 3818
35 3818
37 3818
1 3820
3 3820
7 3820
9 3820
11 3820
13 3820
17 3820
19 3820
21 3820
23 3820
27 3820
29 3820
31 3820
33 3820
37 3820
1 3822
5 3822
11 3822
17 3822
19 3822
23 3822
25 3822
29 3822
31 3822
37 3822
1 3824
3 3824
5 3824
7 3824
9 3824
11 3824
13 3824
15 3824
17 3824
19 3824
21 3824
23 3824
25 3824
27 3824
29 3824
31 3824
33 3824
35 3824
37 3824
1 3826
3 3826
5 3826
7 3826
9 3826
11 3826
13 3826
15 3826
17 3826
19 3826
21 3826
23 3826
25 3826
27 3826
29 3826
31 3826
33 3826
35 3826
37 3826
1 3828
5 3828
7 3828
13 3828
17 3828
19 3828
23 3828
25 3828
31 3828
35 3828
37 3828
1 3830
3 3830
7 3830
9 3830
11 3830
13 3830
17 3830
19 3830
21 3830
23 3830
27 3830
29 3830
31 3830
33 3830
37 3830
1 3832
3 3832
5 3832
7 3832
9 3832
11 3832
13 3832
15 3832
17 3832
19 3832
21 3832
23 3832
25 3832
27 3832
29 3832
31 3832
33 3832
35 3832
37 3832
1 3834
5 3834
7 3834
11 3834
13 3834
17 3834
19 3834
23 3834
25 3834
29 3834
31 3834
35 3834
37 3834
1 3836
3 3836
5 3836
9 3836
11 3836
13 3836
15 3836
17 3836
19 3836
23 3836
25 3836
27 3836
29 3836
31 3836
33 3836
37 3836
1 3838
3 3838
5 3838
7 3838
9 3838
11 3838
13 3838
15 3838
17 3838
21 3838
23 3838
25 3838
27 3838
29 3838
31 3838
33 3838
35 3838
37 3838
1 3840
7 3840
11 3840
13 3840
17 3840
19 3840
23 3840
29 3840
31 3840
37 3840
1 3842
3 3842
5 3842
7 3842
9 3842
11 3842
13 3842
15 3842
19 3842
21 3842
23 3842
25 3842
27 3842
29 3842
31 3842
33 3842
35 3842
37 3842
1 3844
3 3844
5 3844
7 3844
9 3844
11 3844
13 3844
15 3844
17 3844
19 3844
21 3844
23 3844
25 3844
27 3844
29 3844
33 3844
35 3844
37 3844
1 3846
5 3846
7 3846
11 3846
13 3846
17 3846
19 3846
23 3846
25 3846
29 3846
31 3846
35 3846
37 3846
1 3848
3 3848
5 3848
7 3848
9 3848
11 3848
15 3848
17 3848
19 3848
21 3848
23 3848
25 3848
27 3848
29 3848
31 3848
33 3848
35 3848
1 3850
3 3850
9 3850
13 3850
17 3850
19 3850
23 3850
27 3850
29 3850
31 3850
37 3850
1 3852
5 3852
7 3852
11 3852
13 3852
17 3852
19 3852
23 3852
25 3852
29 3852
31 3852
35 3852
37 3852
1 3854
3 3854
5 3854
7 3854
9 3854
11 3854
13 3854
15 3854
17 3854
19 3854
21 3854
23 3854
25 3854
27 3854
29 3854
31 3854
33 3854
35 3854
37 3854
1 3856
3 3856
5 3856
7 3856
9 3856
11 3856
13 3856
15 3856
17 3856
19 3856
21 3856
23 3856
25 3856
27 3856
29 3856
31 3856
33 3856
35 3856
37 3856
1 3858
5 3858
7 3858
11 3858
13 3858
17 3858
19 3858
23 3858
25 3858
29 3858
31 3858
35 3858
37 3858
1 3860
3 3860
7 3860
9 3860
11 3860
13 3860
17 3860
19 3860
21 3860
23 3860
27 3860
29 3860
31 3860
33 3860
37 3860
1 3862
3 3862
5 3862
7 3862
9 3862
11 3862
13 3862
15 3862
17 3862
19 3862
21 3862
23 3862
25 3862
27 3862
29 3862
31 3862
33 3862
35 3862
37 3862
1 3864
5 3864
11 3864
13 3864
17 3864
19 3864
25 3864
29 3864
31 3864
37 3864
1 3866
3 3866
5 3866
7 3866
9 3866
11 3866
13 3866
15 3866
17 3866
19 3866
21 3866
23 3866
25 3866
27 3866
29 3866
31 3866
33 3866
35 3866
37 3866
1 3868
3 3868
5 3868
7 3868
9 3868
11 3868
13 3868
15 3868
17 3868
19 3868
21 3868
23 3868
25 3868
27 3868
29 3868
31 3868
33 3868
35 3868
37 3868
1 3870
7 3870
11 3870
13 3870
17 3870
19 3870
23 3870
29 3870
31 3870
37 3870
1 3872
3 3872
5 3872
7 3872
9 3872
13 3872
15 3872
17 3872
19 3872
21 3872
23 3872
25 3872
27 3872
29 3872
31 3872
35 3872
37 3872
1 3874
3 3874
5 3874
7 3874
9 3874
11 3874
15 3874
17 3874
19 3874
21 3874
23 3874
25 3874
27 3874
29 3874
31 3874
33 3874
35 3874
37 3874
1 3876
5 3876
7 3876
11 3876
13 3876
23 3876
25 3876
29 3876
31 3876
35 3876
37 3876
1 3878
3 3878
5 3878
9 3878
11 3878
13 3878
15 3878
17 3878
19 3878
23 3878
25 3878
27 3878
29 3878
31 3878
33 3878
37 3878
1 3880
3 3880
7 3880
9 3880
11 3880
13 3880
17 3880
19 3880
21 3880
23 3880
27 3880
29 3880
31 3880
33 3880
37 3880
1 3882
5 3882
7 3882
11 3882
13 3882
17 3882
19 3882
23 3882
25 3882
29 3882
31 3882
35 3882
37 3882
1 3884
3 3884
5 3884
7 3884
9 3884
11 3884
13 3884
15 3884
17 3884
19 3884
21 3884
23 3884
25 3884
27 3884
29 3884
31 3884
33 3884
35 3884
37 3884
1 3886
3 3886
5 3886
7 3886
9 3886
11 3886
13 3886
15 3886
17 3886
19 3886
21 3886
23 3886
25 3886
27 3886
31 3886
33 3886
35 3886
37 3886
1 3888
5 3888
7 3888
11 3888
13 3888
17 3888
19 3888
23 3888
25 3888
29 3888
31 3888
35 3888
37 3888
1 3890
3 3890
7 3890
9 3890
11 3890
13 3890
17 3890
19 3890
21 3890
23 3890
27 3890
29 3890
31 3890
33 3890
37 3890
1 3892
3 3892
5 3892
9 3892
11 3892
13 3892
15 3892
17 3892
19 3892
23 3892
25 3892
27 3892
29 3892
31 3892
33 3892
37 3892
1 3894
5 3894
7 3894
13 3894
17 3894
19 3894
23 3894
25 3894
29 3894
31 3894
35 3894
37 3894
1 3896
3 3896
5 3896
7 3896
9 3896
11 3896
13 3896
15 3896
17 3896
19 3896
21 3896
23 3896
25 3896
27 3896
29 3896
31 3896
33 3896
35 3896
37 3896
1 3898
3 3898
5 3898
7 3898
9 3898
11 3898
13 3898
15 3898
17 3898
19 3898
21 3898
23 3898
25 3898
27 3898
29 3898
31 3898
33 3898
35 3898
37 3898
1 3900
7 3900
11 3900
17 3900
19 3900
23 3900
29 3900
31 3900
37 3900
1 3902
3 3902
5 3902
7 3902
9 3902
11 3902
13 3902
15 3902
17 3902
19 3902
21 3902
23 3902
25 3902
27 3902
29 3902
31 3902
33 3902
35 3902
37 3902
39 3902
1 3904
3 3904
5 3904
7 3904
9 3904
11 3904
13 3904
15 3904
17 3904
19 3904
21 3904
23 3904
25 3904
27 3904
29 3904
31 3904
33 3904
35 3904
37 3904
39 3904
1 3906
5 3906
11 3906
13 3906
17 3906
19 3906
23 3906
25 3906
29 3906
37 3906
1 3908
3 3908
5 3908
7 3908
9 3908
11 3908
13 3908
15 3908
17 3908
19 3908
21 3908
23 3908
25 3908
27 3908
29 3908
31 3908
33 3908
35 3908
37 3908
39 3908
1 3910
3 3910
7 3910
9 3910
11 3910
13 3910
19 3910
21 3910
27 3910
29 3910
31 3910
33 3910
37 3910
39 3910
1 3912
5 3912
7 3912
11 3912
13 3912
17 3912
19 3912
23 3912
25 3912
29 3912
31 3912
35 3912
37 3912
1 3914
3 3914
5 3914
7 3914
9 3914
11 3914
13 3914
15 3914
17 3914
21 3914
23 3914
25 3914
27 3914
29 3914
31 3914
33 3914
35 3914
37 3914
39 3914
1 3916
3 3916
5 3916
7 3916
9 3916
13 3916
15 3916
17 3916
19 3916
21 3916
23 3916
25 3916
27 3916
29 3916
31 3916
35 3916
37 3916
39 3916
1 3918
5 3918
7 3918
11 3918
13 3918
17 3918
19 3918
23 3918
25 3918
29 3918
31 3918
35 3918
37 3918
1 3920
3 3920
9 3920
11 3920
13 3920
17 3920
19 3920
23 3920
27 3920
29 3920
31 3920
33 3920
37 3920
39 3920
1 3922
3 3922
5 3922
7 3922
9 3922
11 3922
13 3922
15 3922
17 3922
19 3922
21 3922
23 3922
25 3922
27 3922
29 3922
31 3922
33 3922
35 3922
39 3922
1 3924
5 3924
7 3924
11 3924
13 3924
17 3924
19 3924
23 3924
25 3924
29 3924
31 3924
35 3924
37 3924
1 3926
3 3926
5 3926
7 3926
9 3926
11 3926
15 3926
17 3926
19 3926
21 3926
23 3926
25 3926
27 3926
29 3926
31 3926
33 3926
35 3926
37 3926
1 3928
3 3928
5 3928
7 3928
9 3928
11 3928
13 3928
15 3928
17 3928
19 3928
21 3928
23 3928
25 3928
27 3928
29 3928
31 3928
33 3928
35 3928
37 3928
39 3928
1 3930
7 3930
11 3930
13 3930
17 3930
19 3930
23 3930
29 3930
31 3930
37 3930
1 3932
3 3932
5 3932
7 3932
9 3932
11 3932
13 3932
15 3932
17 3932
19 3932
21 3932
23 3932
25 3932
27 3932
29 3932
31 3932
33 3932
35 3932
37 3932
39 3932
1 3934
3 3934
5 3934
9 3934
11 3934
13 3934
15 3934
17 3934
19 3934
23 3934
25 3934
27 3934
29 3934
31 3934
33 3934
37 3934
39 3934
1 3936
5 3936
7 3936
11 3936
13 3936
17 3936
19 3936
23 3936
25 3936
29 3936
31 3936
35 3936
37 3936
1 3938
3 3938
5 3938
7 3938
9 3938
13 3938
15 3938
17 3938
19 3938
21 3938
23 3938
25 3938
27 3938
29 3938
31 3938
35 3938
37 3938
39 3938
1 3940
3 3940
7 3940
9 3940
11 3940
13 3940
17 3940
19 3940
21 3940
23 3940
27 3940
29 3940
31 3940
33 3940
37 3940
39 3940
1 3942
5 3942
7 3942
11 3942
13 3942
17 3942
19 3942
23 3942
25 3942
29 3942
31 3942
35 3942
37 3942
1 3944
3 3944
5 3944
7 3944
9 3944
11 3944
13 3944
15 3944
19 3944
21 3944
23 3944
25 3944
27 3944
31 3944
33 3944
35 3944
37 3944
39 3944
1 3946
3 3946
5 3946
7 3946
9 3946
11 3946
13 3946
15 3946
17 3946
19 3946
21 3946
23 3946
25 3946
27 3946
29 3946
31 3946
33 3946
35 3946
37 3946
39 3946
1 3948
5 3948
11 3948
13 3948
17 3948
19 3948
23 3948
25 3948
29 3948
31 3948
37 3948
1 3950
3 3950
7 3950
9 3950
11 3950
13 3950
17 3950
19 3950
21 3950
23 3950
27 3950
29 3950
31 3950
33 3950
37 3950
39 3950
1 3952
3 3952
5 3952
7 3952
9 3952
11 3952
15 3952
17 3952
21 3952
23 3952
25 3952
27 3952
29 3952
31 3952
33 3952
35 3952
37 3952
1 3954
5 3954
7 3954
11 3954
13 3954
17 3954
19 3954
23 3954
25 3954
29 3954
31 3954
35 3954
37 3954
1 3956
3 3956
5 3956
7 3956
9 3956
11 3956
13 3956
15 3956
17 3956
19 3956
21 3956
25 3956
27 3956
29 3956
31 3956
33 3956
35 3956
37 3956
39 3956
1 3958
3 3958
5 3958
7 3958
9 3958
11 3958
13 3958
15 3958
17 3958
19 3958
21 3958
23 3958
25 3958
27 3958
29 3958
31 3958
33 3958
35 3958
37 3958
39 3958
1 3960
7 3960
13 3960
17 3960
19 3960
23 3960
29 3960
31 3960
37 3960
1 3962
3 3962
5 3962
9 3962
11 3962
13 3962
15 3962
17 3962
19 3962
23 3962
25 3962
27 3962
29 3962
31 3962
33 3962
37 3962
39 3962
1 3964
3 3964
5 3964
7 3964
9 3964
11 3964
13 3964
15 3964
17 3964
19 3964
21 3964
23 3964
25 3964
27 3964
29 3964
31 3964
33 3964
35 3964
37 3964
39 3964
1 3966
5 3966
7 3966
11 3966
13 3966
17 3966
19 3966
23 3966
25 3966
29 3966
31 3966
35 3966
37 3966
1 3968
3 3968
5 3968
7 3968
9 3968
11 3968
13 3968
15 3968
17 3968
19 3968
21 3968
23 3968
25 3968
27 3968
29 3968
33 3968
35 3968
37 3968
39 3968
1 3970
3 3970
7 3970
9 3970
11 3970
13 3970
17 3970
19 3970
21 3970
23 3970
27 3970
29 3970
31 3970
33 3970
37 3970
39 3970
1 3972
5 3972
7 3972
11 3972
13 3972
17 3972
19 3972
23 3972
25 3972
29 3972
31 3972
35 3972
37 3972
1 3974
3 3974
5 3974
7 3974
9 3974
11 3974
13 3974
15 3974
17 3974
19 3974
21 3974
23 3974
25 3974
27 3974
29 3974
31 3974
33 3974
35 3974
37 3974
39 3974
1 3976
3 3976
5 3976
9 3976
11 3976
13 3976
15 3976
17 3976
19 3976
23 3976
25 3976
27 3976
29 3976
31 3976
33 3976
37 3976
39 3976
1 3978
5 3978
7 3978
11 3978
19 3978
23 3978
25 3978
29 3978
31 3978
35 3978
37 3978
1 3980
3 3980
7 3980
9 3980
11 3980
13 3980
17 3980
19 3980
21 3980
23 3980
27 3980
29 3980
31 3980
33 3980
37 3980
39 3980
1 3982
3 3982
5 3982
7 3982
9 3982
13 3982
15 3982
17 3982
19 3982
21 3982
23 3982
25 3982
27 3982
29 3982
31 3982
35 3982
37 3982
39 3982
1 3984
5 3984
7 3984
11 3984
13 3984
17 3984
19 3984
23 3984
25 3984
29 3984
31 3984
35 3984
37 3984
1 3986
3 3986
5 3986
7 3986
9 3986
11 3986
13 3986
15 3986
17 3986
19 3986
21 3986
23 3986
25 3986
27 3986
29 3986
31 3986
33 3986
35 3986
37 3986
39 3986
1 3988
3 3988
5 3988
7 3988
9 3988
11 3988
13 3988
15 3988
17 3988
19 3988
21 3988
23 3988
25 3988
27 3988
29 3988
31 3988
33 3988
35 3988
37 3988
39 3988
1 3990
11 3990
13 3990
17 3990
23 3990
29 3990
31 3990
37 3990
1 3992
3 3992
5 3992
7 3992
9 3992
11 3992
13 3992
15 3992
17 3992
19 3992
21 3992
23 3992
25 3992
27 3992
29 3992
31 3992
33 3992
35 3992
37 3992
39 3992
1 3994
3 3994
5 3994
7 3994
9 3994
11 3994
13 3994
15 3994
17 3994
19 3994
21 3994
23 3994
25 3994
27 3994
29 3994
31 3994
33 3994
35 3994
37 3994
39 3994
1 3996
5 3996
7 3996
11 3996
13 3996
17 3996
19 3996
23 3996
25 3996
29 3996
31 3996
35 3996
1 3998
3 3998
5 3998
7 3998
9 3998
11 3998
13 3998
15 3998
17 3998
19 3998
21 3998
23 3998
25 3998
27 3998
29 3998
31 3998
33 3998
35 3998
37 3998
39 3998
1 4000
3 4000
7 4000
9 4000
11 4000
13 4000
17 4000
19 4000
21 4000
23 4000
27 4000
29 4000
31 4000
33 4000
37 4000
39 4000
1 4002
5 4002
7 4002
11 4002
13 4002
17 4002
19 4002
25 4002
31 4002
35 4002
37 4002
1 4004
3 4004
5 4004
9 4004
15 4004
17 4004
19 4004
23 4004
25 4004
27 4004
29 4004
31 4004
37 4004
1 4006
3 4006
5 4006
7 4006
9 4006
11 4006
13 4006
15 4006
17 4006
19 4006
21 4006
23 4006
25 4006
27 4006
29 4006
31 4006
33 4006
35 4006
37 4006
39 4006
1 4008
5 4008
7 4008
11 4008
13 4008
17 4008
19 4008
23 4008
25 4008
29 4008
31 4008
35 4008
37 4008
1 4010
3 4010
7 4010
9 4010
11 4010
13 4010
17 4010
19 4010
21 4010
23 4010
27 4010
29 4010
31 4010
33 4010
37 4010
39 4010
1 4012
3 4012
5 4012
7 4012
9 4012
11 4012
13 4012
15 4012
19 4012
21 4012
23 4012
25 4012
27 4012
29 4012
31 4012
33 4012
35 4012
37 4012
39 4012
1 4014
5 4014
7 4014
11 4014
13 4014
17 4014
19 4014
23 4014
25 4014
29 4014
31 4014
35 4014
37 4014
1 4016
3 4016
5 4016
7 4016
9 4016
11 4016
13 4016
15 4016
17 4016
19 4016
21 4016
23 4016
25 4016
27 4016
29 4016
31 4016
33 4016
35 4016
37 4016
39 4016
1 4018
3 4018
5 4018
9 4018
11 4018
13 4018
15 4018
17 4018
19 4018
23 4018
25 4018
27 4018
29 4018
31 4018
33 4018
37 4018
39 4018
1 4020
7 4020
11 4020
13 4020
17 4020
19 4020
23 4020
29 4020
31 4020
37 4020
1 4022
3 4022
5 4022
7 4022
9 4022
11 4022
13 4022
15 4022
17 4022
19 4022
21 4022
23 4022
25 4022
27 4022
29 4022
31 4022
33 4022
35 4022
37 4022
39 4022
1 4024
3 4024
5 4024
7 4024
9 4024
11 4024
13 4024
15 4024
17 4024
19 4024
21 4024
23 4024
25 4024
27 4024
29 4024
31 4024
33 4024
35 4024
37 4024
39 4024
1 4026
5 4026
7 4026
13 4026
17 4026
19 4026
23 4026
25 4026
29 4026
31 4026
35 4026
37 4026
1 4028
3 4028
5 4028
7 4028
9 4028
11 4028
13 4028
15 4028
17 4028
21 4028
23 4028
25 4028
27 4028
29 4028
31 4028
33 4028
35 4028
37 4028
39 4028
1 4030
3 4030
7 4030
9 4030
11 4030
17 4030
19 4030
21 4030
23 4030
27 4030
29 4030
33 4030
37 4030
1 4032
5 4032
11 4032
13 4032
17 4032
19 4032
23 4032
25 4032
29 4032
31 4032
37 4032
1 4034
3 4034
5 4034
7 4034
9 4034
11 4034
13 4034
15 4034
17 4034
19 4034
21 4034
23 4034
25 4034
27 4034
29 4034
31 4034
33 4034
35 4034
37 4034
39 4034
1 4036
3 4036
5 4036
7 4036
9 4036
11 4036
13 4036
15 4036
17 4036
19 4036
21 4036
23 4036
25 4036
27 4036
29 4036
31 4036
33 4036
35 4036
37 4036
39 4036
1 4038
5 4038
7 4038
11 4038
13 4038
17 4038
19 4038
23 4038
25 4038
29 4038
31 4038
35 4038
37 4038
1 4040
3 4040
7 4040
9 4040
11 4040
13 4040
17 4040
19 4040
21 4040
23 4040
27 4040
29 4040
31 4040
33 4040
37 4040
39 4040
1 4042
3 4042
5 4042
7 4042
9 4042
11 4042
13 4042
15 4042
17 4042
19 4042
21 4042
23 4042
25 4042
27 4042
29 4042
31 4042
33 4042
35 4042
37 4042
39 4042
1 4044
5 4044
7 4044
11 4044
13 4044
17 4044
19 4044
23 4044
25 4044
29 4044
31 4044
35 4044
37 4044
1 4046
3 4046
5 4046
9 4046
11 4046
13 4046
15 4046
19 4046
23 4046
25 4046
27 4046
29 4046
31 4046
33 4046
37 4046
39 4046
1 4048
3 4048
5 4048
7 4048
9 4048
13 4048
15 4048
17 4048
19 4048
21 4048
25 4048
27 4048
29 4048
31 4048
35 4048
37 4048
39 4048
1 4050
7 4050
11 4050
13 4050
17 4050
19 4050
23 4050
29 4050
31 4050
37 4050
1 4052
3 4052
5 4052
7 4052
9 4052
11 4052
13 4052
15 4052
17 4052
19 4052
21 4052
23 4052
25 4052
27 4052
29 4052
31 4052
33 4052
35 4052
37 4052
39 4052
1 4054
3 4054
5 4054
7 4054
9 4054
11 4054
13 4054
15 4054
17 4054
19 4054
21 4054
23 4054
25 4054
27 4054
29 4054
31 4054
33 4054
35 4054
37 4054
39 4054
1 4056
5 4056
7 4056
11 4056
17 4056
19 4056
23 4056
25 4056
29 4056
31 4056
35 4056
37 4056
1 4058
3 4058
5 4058
7 4058
9 4058
11 4058
13 4058
15 4058
17 4058
19 4058
21 4058
23 4058
25 4058
27 4058
29 4058
31 4058
33 4058
35 4058
37 4058
39 4058
1 4060
3 4060
9 4060
11 4060
13 4060
17 4060
19 4060
23 4060
27 4060
31 4060
33 4060
37 4060
39 4060
1 4062
5 4062
7 4062
11 4062
13 4062
17 4062
19 4062
23 4062
25 4062
29 4062
31 4062
35 4062
37 4062
1 4064
3 4064
5 4064
7 4064
9 4064
11 4064
13 4064
15 4064
17 4064
19 4064
21 4064
23 4064
25 4064
27 4064
29 4064
31 4064
33 4064
35 4064
37 4064
39 4064
1 4066
3 4066
5 4066
7 4066
9 4066
11 4066
13 4066
15 4066
17 4066
21 4066
23 4066
25 4066
27 4066
29 4066
31 4066
33 4066
35 4066
37 4066
39 4066
1 4068
5 4068
7 4068
11 4068
13 4068
17 4068
19 4068
23 4068
25 4068
29 4068
31 4068
35 4068
37 4068
1 4070
3 4070
7 4070
9 4070
13 4070
17 4070
19 4070
21 4070
23 4070
27 4070
29 4070
31 4070
39 4070
1 4072
3 4072
5 4072
7 4072
9 4072
11 4072
13 4072
15 4072
17 4072
19 4072
21 4072
23 4072
25 4072
27 4072
29 4072
31 4072
33 4072
35 4072
37 4072
39 4072
1 4074
5 4074
11 4074
13 4074
17 4074
19 4074
23 4074
25 4074
29 4074
31 4074
37 4074
1 4076
3 4076
5 4076
7 4076
9 4076
11 4076
13 4076
15 4076
17 4076
19 4076
21 4076
23 4076
25 4076
27 4076
29 4076
31 4076
33 4076
35 4076
37 4076
39 4076
1 4078
3 4078
5 4078
7 4078
9 4078
11 4078
13 4078
15 4078
17 4078
19 4078
21 4078
23 4078
25 4078
27 4078
29 4078
31 4078
33 4078
35 4078
37 4078
39 4078
1 4080
7 4080
11 4080
13 4080
19 4080
23 4080
29 4080
31 4080
37 4080
1 4082
3 4082
5 4082
7 4082
9 4082
11 4082
15 4082
17 4082
19 4082
21 4082
23 4082
25 4082
27 4082
29 4082
31 4082
33 4082
35 4082
37 4082
1 4084
3 4084
5 4084
7 4084
9 4084
11 4084
13 4084
15 4084
17 4084
19 4084
21 4084
23 4084
25 4084
27 4084
29 4084
31 4084
33 4084
35 4084
37 4084
39 4084
1 4086
5 4086
7 4086
11 4086
13 4086
17 4086
19 4086
23 4086
25 4086
29 4086
31 4086
35 4086
37 4086
1 4088
3 4088
5 4088
9 4088
11 4088
13 4088
15 4088
17 4088
19 4088
23 4088
25 4088
27 4088
29 4088
31 4088
33 4088
37 4088
39 4088
1 4090
3 4090
7 4090
9 4090
11 4090
13 4090
17 4090
19 4090
21 4090
23 4090
27 4090
29 4090
31 4090
33 4090
37 4090
39 4090
1 4092
5 4092
7 4092
13 4092
17 4092
19 4092
23 4092
25 4092
29 4092
35 4092
37 4092
1 4094
3 4094
5 4094
7 4094
9 4094
11 4094
13 4094
15 4094
17 4094
19 4094
21 4094
25 4094
27 4094
29 4094
31 4094
33 4094
35 4094
37 4094
39 4094
1 4096
3 4096
5 4096
7 4096
9 4096
11 4096
13 4096
15 4096
17 4096
19 4096
21 4096
23 4096
25 4096
27 4096
29 4096
31 4096
33 4096
35 4096
37 4096
39 4096
1 4098
5 4098
7 4098
11 4098
13 4098
17 4098
19 4098
23 4098
25 4098
29 4098
31 4098
35 4098
37 4098
1 4100
3 4100
7 4100
9 4100
11 4100
13 4100
17 4100
19 4100
21 4100
23 4100
27 4100
29 4100
31 4100
33 4100
37 4100
39 4100
1 4102
3 4102
5 4102
9 4102
11 4102
13 4102
15 4102
17 4102
19 4102
23 4102
25 4102
27 4102
29 4102
31 4102
33 4102
37 4102
39 4102
41 4102
1 4104
5 4104
7 4104
11 4104
13 4104
17 4104
23 4104
25 4104
29 4104
31 4104
35 4104
37 4104
41 4104
1 4106
3 4106
5 4106
7 4106
9 4106
11 4106
13 4106
15 4106
17 4106
19 4106
21 4106
23 4106
25 4106
27 4106
29 4106
31 4106
33 4106
35 4106
37 4106
39 4106
41 4106
1 4108
3 4108
5 4108
7 4108
9 4108
11 4108
15 4108
17 4108
19 4108
21 4108
23 4108
25 4108
27 4108
29 4108
31 4108
33 4108
35 4108
37 4108
41 4108
1 4110
7 4110
11 4110
13 4110
17 4110
19 4110
23 4110
29 4110
31 4110
37 4110
41 4110
1 4112
3 4112
5 4112
7 4112
9 4112
11 4112
13 4112
15 4112
17 4112
19 4112
21 4112
23 4112
25 4112
27 4112
29 4112
31 4112
33 4112
35 4112
37 4112
39 4112
41 4112
1 4114
3 4114
5 4114
7 4114
9 4114
13 4114
15 4114
19 4114
21 4114
23 4114
25 4114
27 4114
29 4114
31 4114
35 4114
37 4114
39 4114
41 4114
1 4116
5 4116
11 4116
13 4116
17 4116
19 4116
23 4116
25 4116
29 4116
31 4116
37 4116
41 4116
1 4118
3 4118
5 4118
7 4118
9 4118
11 4118
13 4118
15 4118
17 4118
19 4118
21 4118
23 4118
25 4118
27 4118
31 4118
33 4118
35 4118
37 4118
39 4118
41 4118
1 4120
3 4120
7 4120
9 4120
11 4120
13 4120
17 4120
19 4120
21 4120
23 4120
27 4120
29 4120
31 4120
33 4120
37 4120
39 4120
41 4120
1 4122
5 4122
7 4122
11 4122
13 4122
17 4122
19 4122
23 4122
25 4122
29 4122
31 4122
35 4122
37 4122
41 4122
1 4124
3 4124
5 4124
7 4124
9 4124
11 4124
13 4124
15 4124
17 4124
19 4124
21 4124
23 4124
25 4124
27 4124
29 4124
31 4124
33 4124
35 4124
37 4124
39 4124
41 4124
1 4126
3 4126
5 4126
7 4126
9 4126
11 4126
13 4126
15 4126
17 4126
19 4126
21 4126
23 4126
25 4126
27 4126
29 4126
31 4126
33 4126
35 4126
37 4126
39 4126
41 4126
1 4128
5 4128
7 4128
11 4128
13 4128
17 4128
19 4128
23 4128
25 4128
29 4128
31 4128
35 4128
37 4128
41 4128
1 4130
3 4130
9 4130
11 4130
13 4130
17 4130
19 4130
23 4130
27 4130
29 4130
31 4130
33 4130
37 4130
39 4130
41 4130
1 4132
3 4132
5 4132
7 4132
9 4132
11 4132
13 4132
15 4132
17 4132
19 4132
21 4132
23 4132
25 4132
27 4132
29 4132
31 4132
33 4132
35 4132
37 4132
39 4132
41 4132
1 4134
5 4134
7 4134
11 4134
17 4134
19 4134
23 4134
25 4134
29 4134
31 4134
35 4134
37 4134
41 4134
1 4136
3 4136
5 4136
7 4136
9 4136
13 4136
15 4136
17 4136
19 4136
21 4136
23 4136
25 4136
27 4136
29 4136
31 4136
35 4136
37 4136
39 4136
41 4136
1 4138
3 4138
5 4138
7 4138
9 4138
11 4138
13 4138
15 4138
17 4138
19 4138
21 4138
23 4138
25 4138
27 4138
29 4138
31 4138
33 4138
35 4138
37 4138
39 4138
41 4138
1 4140
7 4140
11 4140
13 4140
17 4140
19 4140
29 4140
31 4140
37 4140
41 4140
1 4142
3 4142
5 4142
7 4142
9 4142
11 4142
13 4142
15 4142
17 4142
21 4142
23 4142
25 4142
27 4142
29 4142
31 4142
33 4142
35 4142
37 4142
39 4142
41 4142
1 4144
3 4144
5 4144
9 4144
11 4144
13 4144
15 4144
17 4144
19 4144
23 4144
25 4144
27 4144
29 4144
31 4144
33 4144
39 4144
41 4144
1 4146
5 4146
7 4146
11 4146
13 4146
17 4146
19 4146
23 4146
25 4146
29 4146
31 4146
35 4146
37 4146
41 4146
1 4148
3 4148
5 4148
7 4148
9 4148
11 4148
13 4148
15 4148
19 4148
21 4148
23 4148
25 4148
27 4148
29 4148
31 4148
33 4148
35 4148
37 4148
39 4148
41 4148
1 4150
3 4150
7 4150
9 4150
11 4150
13 4150
17 4150
19 4150
21 4150
23 4150
27 4150
29 4150
31 4150
33 4150
37 4150
39 4150
41 4150
1 4152
5 4152
7 4152
11 4152
13 4152
17 4152
19 4152
23 4152
25 4152
29 4152
31 4152
35 4152
37 4152
41 4152
1 4154
3 4154
5 4154
7 4154
9 4154
11 4154
13 4154
15 4154
17 4154
19 4154
21 4154
23 4154
25 4154
27 4154
29 4154
33 4154
35 4154
37 4154
39 4154
41 4154
1 4156
3 4156
5 4156
7 4156
9 4156
11 4156
13 4156
15 4156
17 4156
19 4156
21 4156
23 4156
25 4156
27 4156
29 4156
31 4156
33 4156
35 4156
37 4156
39 4156
41 4156
1 4158
5 4158
13 4158
17 4158
19 4158
23 4158
25 4158
29 4158
31 4158
37 4158
41 4158
1 4160
3 4160
7 4160
9 4160
11 4160
17 4160
19 4160
21 4160
23 4160
27 4160
29 4160
31 4160
33 4160
37 4160
41 4160
1 4162
3 4162
5 4162
7 4162
9 4162
11 4162
13 4162
15 4162
17 4162
19 4162
21 4162
23 4162
25 4162
27 4162
29 4162
31 4162
33 4162
35 4162
37 4162
39 4162
41 4162
1 4164
5 4164
7 4164
11 4164
13 4164
17 4164
19 4164
23 4164
25 4164
29 4164
31 4164
35 4164
37 4164
41 4164
1 4166
3 4166
5 4166
7 4166
9 4166
11 4166
13 4166
15 4166
17 4166
19 4166
21 4166
23 4166
25 4166
27 4166
29 4166
31 4166
33 4166
35 4166
37 4166
39 4166
41 4166
1 4168
3 4168
5 4168
7 4168
9 4168
11 4168
13 4168
15 4168
17 4168
19 4168
21 4168
23 4168
25 4168
27 4168
29 4168
31 4168
33 4168
35 4168
37 4168
39 4168
41 4168
1 4170
7 4170
11 4170
13 4170
17 4170
19 4170
23 4170
29 4170
31 4170
37 4170
41 4170
1 4172
3 4172
5 4172
9 4172
11 4172
13 4172
15 4172
17 4172
19 4172
23 4172
25 4172
27 4172
29 4172
31 4172
33 4172
37 4172
39 4172
41 4172
1 4174
3 4174
5 4174
7 4174
9 4174
11 4174
13 4174
15 4174
17 4174
19 4174
21 4174
23 4174
25 4174
27 4174
29 4174
31 4174
33 4174
35 4174
37 4174
39 4174
41 4174
1 4176
5 4176
7 4176
11 4176
13 4176
17 4176
19 4176
23 4176
25 4176
31 4176
35 4176
37 4176
41 4176
1 4178
3 4178
5 4178
7 4178
9 4178
11 4178
13 4178
15 4178
17 4178
19 4178
21 4178
23 4178
25 4178
27 4178
29 4178
31 4178
33 4178
35 4178
37 4178
39 4178
41 4178
1 4180
3 4180
7 4180
9 4180
13 4180
17 4180
21 4180
23 4180
27 4180
29 4180
31 4180
37 4180
39 4180
41 4180
1 4182
5 4182
7 4182
11 4182
13 4182
19 4182
23 4182
25 4182
29 4182
31 4182
35 4182
37 4182
1 4184
3 4184
5 4184
7 4184
9 4184
11 4184
13 4184
15 4184
17 4184
19 4184
21 4184
23 4184
25 4184
27 4184
29 4184
31 4184
33 4184
35 4184
37 4184
39 4184
41 4184
1 4186
3 4186
5 4186
9 4186
11 4186
15 4186
17 4186
19 4186
25 4186
27 4186
29 4186
31 4186
33 4186
37 4186
41 4186
1 4188
5 4188
7 4188
11 4188
13 4188
17 4188
19 4188
23 4188
25 4188
29 4188
31 4188
35 4188
37 4188
41 4188
1 4190
3 4190
7 4190
9 4190
11 4190
13 4190
17 4190
19 4190
21 4190
23 4190
27 4190
29 4190
31 4190
33 4190
37 4190
39 4190
41 4190
1 4192
3 4192
5 4192
7 4192
9 4192
11 4192
13 4192
15 4192
17 4192
19 4192
21 4192
23 4192
25 4192
27 4192
29 4192
31 4192
33 4192
35 4192
37 4192
39 4192
41 4192
1 4194
5 4194
7 4194
11 4194
13 4194
17 4194
19 4194
23 4194
25 4194
29 4194
31 4194
35 4194
37 4194
41 4194
1 4196
3 4196
5 4196
7 4196
9 4196
11 4196
13 4196
15 4196
17 4196
19 4196
21 4196
23 4196
25 4196
27 4196
29 4196
31 4196
33 4196
35 4196
37 4196
39 4196
41 4196
1 4198
3 4198
5 4198
7 4198
9 4198
11 4198
13 4198
15 4198
17 4198
19 4198
21 4198
23 4198
25 4198
27 4198
29 4198
31 4198
33 4198
35 4198
37 4198
39 4198
41 4198
1 4200
11 4200
13 4200
17 4200
19 4200
23 4200
29 4200
31 4200
37 4200
41 4200
1 4202
3 4202
5 4202
7 4202
9 4202
13 4202
15 4202
17 4202
19 4202
21 4202
23 4202
25 4202
27 4202
29 4202
31 4202
35 4202
37 4202
39 4202
41 4202
1 4204
3 4204
5 4204
7 4204
9 4204
11 4204
13 4204
15 4204
17 4204
19 4204
21 4204
23 4204
25 4204
27 4204
29 4204
31 4204
33 4204
35 4204
37 4204
39 4204
41 4204
1 4206
5 4206
7 4206
11 4206
13 4206
17 4206
19 4206
23 4206
25 4206
29 4206
31 4206
35 4206
37 4206
41 4206
1 4208
3 4208
5 4208
7 4208
9 4208
11 4208
13 4208
15 4208
17 4208
19 4208
21 4208
23 4208
25 4208
27 4208
29 4208
31 4208
33 4208
35 4208
37 4208
39 4208
41 4208
1 4210
3 4210
7 4210
9 4210
11 4210
13 4210
17 4210
19 4210
21 4210
23 4210
27 4210
29 4210
31 4210
33 4210
37 4210
39 4210
41 4210
1 4212
5 4212
7 4212
11 4212
17 4212
19 4212
23 4212
25 4212
29 4212
31 4212
35 4212
37 4212
41 4212
1 4214
3 4214
5 4214
9 4214
11 4214
13 4214
15 4214
17 4214
19 4214
23 4214
25 4214
27 4214
29 4214
31 4214
33 4214
37 4214
39 4214
41 4214
1 4216
3 4216
5 4216
7 4216
9 4216
11 4216
13 4216
15 4216
19 4216
21 4216
23 4216
25 4216
27 4216
29 4216
33 4216
35 4216
37 4216
39 4216
41 4216
1 4218
5 4218
7 4218
11 4218
13 4218
17 4218
23 4218
25 4218
29 4218
31 4218
35 4218
41 4218
1 4220
3 4220
7 4220
9 4220
11 4220
13 4220
17 4220
19 4220
21 4220
23 4220
27 4220
29 4220
31 4220
33 4220
37 4220
39 4220
41 4220
1 4222
3 4222
5 4222
7 4222
9 4222
11 4222
13 4222
15 4222
17 4222
19 4222
21 4222
23 4222
25 4222
27 4222
29 4222
31 4222
33 4222
35 4222
37 4222
39 4222
41 4222
1 4224
5 4224
7 4224
13 4224
17 4224
19 4224
23 4224
25 4224
29 4224
31 4224
35 4224
37 4224
41 4224
1 4226
3 4226
5 4226
7 4226
9 4226
11 4226
13 4226
15 4226
17 4226
19 4226
21 4226
23 4226
25 4226
27 4226
29 4226
31 4226
33 4226
35 4226
37 4226
39 4226
41 4226
1 4228
3 4228
5 4228
9 4228
11 4228
13 4228
15 4228
17 4228
19 4228
23 4228
25 4228
27 4228
29 4228
31 4228
33 4228
37 4228
39 4228
41 4228
1 4230
7 4230
11 4230
13 4230
17 4230
19 4230
23 4230
29 4230
31 4230
37 4230
41 4230
1 4232
3 4232
5 4232
7 4232
9 4232
11 4232
13 4232
15 4232
17 4232
19 4232
21 4232
25 4232
27 4232
29 4232
31 4232
33 4232
35 4232
37 4232
39 4232
41 4232
1 4234
3 4234
5 4234
7 4234
9 4234
11 4234
13 4234
15 4234
17 4234
19 4234
21 4234
23 4234
25 4234
27 4234
31 4234
33 4234
35 4234
37 4234
39 4234
41 4234
1 4236
5 4236
7 4236
11 4236
13 4236
17 4236
19 4236
23 4236
25 4236
29 4236
31 4236
35 4236
37 4236
41 4236
1 4238
3 4238
5 4238
7 4238
9 4238
11 4238
15 4238
17 4238
19 4238
21 4238
23 4238
25 4238
27 4238
29 4238
31 4238
33 4238
35 4238
37 4238
41 4238
1 4240
3 4240
7 4240
9 4240
11 4240
13 4240
17 4240
19 4240
21 4240
23 4240
27 4240
29 4240
31 4240
33 4240
37 4240
39 4240
41 4240
1 4242
5 4242
11 4242
13 4242
17 4242
19 4242
23 4242
25 4242
29 4242
31 4242
37 4242
41 4242
1 4244
3 4244
5 4244
7 4244
9 4244
11 4244
13 4244
15 4244
17 4244
19 4244
21 4244
23 4244
25 4244
27 4244
29 4244
31 4244
33 4244
35 4244
37 4244
39 4244
41 4244
1 4246
3 4246
5 4246
7 4246
9 4246
13 4246
15 4246
17 4246
19 4246
21 4246
23 4246
25 4246
27 4246
29 4246
31 4246
35 4246
37 4246
39 4246
41 4246
1 4248
5 4248
7 4248
11 4248
13 4248
17 4248
19 4248
23 4248
25 4248
29 4248
31 4248
35 4248
37 4248
41 4248
1 4250
3 4250
7 4250
9 4250
11 4250
13 4250
19 4250
21 4250
23 4250
27 4250
29 4250
31 4250
33 4250
37 4250
39 4250
41 4250
1 4252
3 4252
5 4252
7 4252
9 4252
11 4252
13 4252
15 4252
17 4252
19 4252
21 4252
23 4252
25 4252
27 4252
29 4252
31 4252
33 4252
35 4252
37 4252
39 4252
41 4252
1 4254
5 4254
7 4254
11 4254
13 4254
17 4254
19 4254
23 4254
25 4254
29 4254
31 4254
35 4254
37 4254
41 4254
1 4256
3 4256
5 4256
9 4256
11 4256
13 4256
15 4256
17 4256
23 4256
25 4256
27 4256
29 4256
31 4256
33 4256
37 4256
39 4256
41 4256
1 4258
3 4258
5 4258
7 4258
9 4258
11 4258
13 4258
15 4258
17 4258
19 4258
21 4258
23 4258
25 4258
27 4258
29 4258
31 4258
33 4258
35 4258
37 4258
39 4258
41 4258
1 4260
7 4260
11 4260
13 4260
17 4260
19 4260
23 4260
29 4260
31 4260
37 4260
41 4260
1 4262
3 4262
5 4262
7 4262
9 4262
11 4262
13 4262
15 4262
17 4262
19 4262
21 4262
23 4262
25 4262
27 4262
29 4262
31 4262
33 4262
35 4262
37 4262
39 4262
41 4262
1 4264
3 4264
5 4264
7 4264
9 4264
11 4264
15 4264
17 4264
19 4264
21 4264
23 4264
25 4264
27 4264
29 4264
31 4264
33 4264
35 4264
37 4264
1 4266
5 4266
7 4266
11 4266
13 4266
17 4266
19 4266
23 4266
25 4266
29 4266
31 4266
35 4266
37 4266
41 4266
1 4268
3 4268
5 4268
7 4268
9 4268
13 4268
15 4268
17 4268
19 4268
21 4268
23 4268
25 4268
27 4268
29 4268
31 4268
35 4268
37 4268
39 4268
41 4268
1 4270
3 4270
9 4270
11 4270
13 4270
17 4270
19 4270
23 4270
27 4270
29 4270
31 4270
33 4270
37 4270
39 4270
41 4270
1 4272
5 4272
7 4272
11 4272
13 4272
17 4272
19 4272
23 4272
25 4272
29 4272
31 4272
35 4272
37 4272
41 4272
1 4274
3 4274
5 4274
7 4274
9 4274
11 4274
13 4274
15 4274
17 4274
19 4274
21 4274
23 4274
25 4274
27 4274
29 4274
31 4274
33 4274
35 4274
37 4274
39 4274
41 4274
1 4276
3 4276
5 4276
7 4276
9 4276
11 4276
13 4276
15 4276
17 4276
19 4276
21 4276
23 4276
25 4276
27 4276
29 4276
31 4276
33 4276
35 4276
37 4276
39 4276
41 4276
1 4278
5 4278
7 4278
11 4278
13 4278
17 4278
19 4278
25 4278
29 4278
35 4278
37 4278
41 4278
1 4280
3 4280
7 4280
9 4280
11 4280
13 4280
17 4280
19 4280
21 4280
23 4280
27 4280
29 4280
31 4280
33 4280
37 4280
39 4280
41 4280
1 4282
3 4282
5 4282
7 4282
9 4282
11 4282
13 4282
15 4282
17 4282
19 4282
21 4282
23 4282
25 4282
27 4282
29 4282
31 4282
33 4282
35 4282
37 4282
39 4282
41 4282
1 4284
5 4284
11 4284
13 4284
19 4284
23 4284
25 4284
29 4284
31 4284
37 4284
41 4284
1 4286
3 4286
5 4286
7 4286
9 4286
11 4286
13 4286
15 4286
17 4286
19 4286
21 4286
23 4286
25 4286
27 4286
29 4286
31 4286
33 4286
35 4286
37 4286
39 4286
41 4286
1 4288
3 4288
5 4288
7 4288
9 4288
11 4288
13 4288
15 4288
17 4288
19 4288
21 4288
23 4288
25 4288
27 4288
29 4288
31 4288
33 4288
35 4288
37 4288
39 4288
41 4288
1 4290
7 4290
17 4290
19 4290
23 4290
29 4290
31 4290
37 4290
41 4290
1 4292
3 4292
5 4292
7 4292
9 4292
11 4292
13 4292
15 4292
17 4292
19 4292
21 4292
23 4292
25 4292
27 4292
31 4292
33 4292
35 4292
39 4292
41 4292
1 4294
3 4294
5 4294
7 4294
9 4294
11 4294
13 4294
15 4294
17 4294
21 4294
23 4294
25 4294
27 4294
29 4294
31 4294
33 4294
35 4294
37 4294
39 4294
41 4294
1 4296
5 4296
7 4296
11 4296
13 4296
17 4296
19 4296
23 4296
25 4296
29 4296
31 4296
35 4296
37 4296
41 4296
1 4298
3 4298
5 4298
9 4298
11 4298
13 4298
15 4298
17 4298
19 4298
23 4298
25 4298
27 4298
29 4298
31 4298
33 4298
37 4298
39 4298
41 4298
1 4300
3 4300
7 4300
9 4300
11 4300
13 4300
17 4300
19 4300
21 4300
23 4300
27 4300
29 4300
31 4300
33 4300
37 4300
39 4300
41 4300
1 4302
5 4302
7 4302
11 4302
13 4302
17 4302
19 4302
23 4302
25 4302
29 4302
31 4302
35 4302
37 4302
41 4302
43 4302
1 4304
3 4304
5 4304
7 4304
9 4304
11 4304
13 4304
15 4304
17 4304
19 4304
21 4304
23 4304
25 4304
27 4304
29 4304
31 4304
33 4304
35 4304
37 4304
39 4304
41 4304
43 4304
1 4306
3 4306
5 4306
7 4306
9 4306
11 4306
13 4306
15 4306
17 4306
19 4306
21 4306
23 4306
25 4306
27 4306
29 4306
31 4306
33 4306
35 4306
37 4306
39 4306
41 4306
43 4306
1 4308
5 4308
7 4308
11 4308
13 4308
17 4308
19 4308
23 4308
25 4308
29 4308
31 4308
35 4308
37 4308
41 4308
43 4308
1 4310
3 4310
7 4310
9 4310
11 4310
13 4310
17 4310
19 4310
21 4310
23 4310
27 4310
29 4310
31 4310
33 4310
37 4310
39 4310
41 4310
43 4310
1 4312
3 4312
5 4312
9 4312
13 4312
15 4312
17 4312
19 4312
23 4312
25 4312
27 4312
29 4312
31 4312
37 4312
39 4312
41 4312
43 4312
1 4314
5 4314
7 4314
11 4314
13 4314
17 4314
19 4314
23 4314
25 4314
29 4314
31 4314
35 4314
37 4314
41 4314
43 4314
1 4316
3 4316
5 4316
7 4316
9 4316
11 4316
15 4316
17 4316
19 4316
21 4316
23 4316
25 4316
27 4316
29 4316
31 4316
33 4316
35 4316
37 4316
41 4316
43 4316
1 4318
3 4318
5 4318
7 4318
9 4318
11 4318
13 4318
15 4318
19 4318
21 4318
23 4318
25 4318
27 4318
29 4318
31 4318
33 4318
35 4318
37 4318
39 4318
41 4318
43 4318
1 4320
7 4320
11 4320
13 4320
17 4320
19 4320
23 4320
29 4320
31 4320
37 4320
41 4320
43 4320
1 4322
3 4322
5 4322
7 4322
9 4322
11 4322
13 4322
15 4322
17 4322
19 4322
21 4322
23 4322
25 4322
27 4322
29 4322
31 4322
33 4322
35 4322
37 4322
39 4322
41 4322
43 4322
1 4324
3 4324
5 4324
7 4324
9 4324
11 4324
13 4324
15 4324
17 4324
19 4324
21 4324
25 4324
27 4324
29 4324
31 4324
33 4324
35 4324
37 4324
39 4324
41 4324
43 4324
1 4326
5 4326
11 4326
13 4326
17 4326
19 4326
23 4326
25 4326
29 4326
31 4326
37 4326
41 4326
43 4326
1 4328
3 4328
5 4328
7 4328
9 4328
11 4328
13 4328
15 4328
17 4328
19 4328
21 4328
23 4328
25 4328
27 4328
29 4328
31 4328
33 4328
35 4328
37 4328
39 4328
41 4328
43 4328
1 4330
3 4330
7 4330
9 4330
11 4330
13 4330
17 4330
19 4330
21 4330
23 4330
27 4330
29 4330
31 4330
33 4330
37 4330
39 4330
41 4330
43 4330
1 4332
5 4332
7 4332
11 4332
13 4332
17 4332
23 4332
25 4332
29 4332
31 4332
35 4332
37 4332
41 4332
43 4332
1 4334
3 4334
5 4334
7 4334
9 4334
13 4334
15 4334
17 4334
19 4334
21 4334
23 4334
25 4334
27 4334
29 4334
31 4334
35 4334
37 4334
39 4334
41 4334
43 4334
1 4336
3 4336
5 4336
7 4336
9 4336
11 4336
13 4336
15 4336
17 4336
19 4336
21 4336
23 4336
25 4336
27 4336
29 4336
31 4336
33 4336
35 4336
37 4336
39 4336
41 4336
43 4336
1 4338
5 4338
7 4338
11 4338
13 4338
17 4338
19 4338
23 4338
25 4338
29 4338
31 4338
35 4338
37 4338
41 4338
43 4338
1 4340
3 4340
9 4340
11 4340
13 4340
17 4340
19 4340
23 4340
27 4340
29 4340
33 4340
37 4340
39 4340
41 4340
43 4340
1 4342
3 4342
5 4342
7 4342
9 4342
11 4342
15 4342
17 4342
19 4342
21 4342
23 4342
25 4342
27 4342
29 4342
31 4342
33 4342
35 4342
37 4342
41 4342
43 4342
1 4344
5 4344
7 4344
11 4344
13 4344
17 4344
19 4344
23 4344
25 4344
29 4344
31 4344
35 4344
37 4344
41 4344
43 4344
1 4346
3 4346
5 4346
7 4346
9 4346
11 4346
13 4346
15 4346
17 4346
19 4346
21 4346
23 4346
25 4346
27 4346
29 4346
31 4346
33 4346
35 4346
37 4346
39 4346
43 4346
1 4348
3 4348
5 4348
7 4348
9 4348
11 4348
13 4348
15 4348
17 4348
19 4348
21 4348
23 4348
25 4348
27 4348
29 4348
31 4348
33 4348
35 4348
37 4348
39 4348
41 4348
43 4348
1 4350
7 4350
11 4350
13 4350
17 4350
19 4350
23 4350
31 4350
37 4350
41 4350
43 4350
1 4352
3 4352
5 4352
7 4352
9 4352
11 4352
13 4352
15 4352
19 4352
21 4352
23 4352
25 4352
27 4352
29 4352
31 4352
33 4352
35 4352
37 4352
39 4352
41 4352
43 4352
1 4354
3 4354
5 4354
9 4354
11 4354
13 4354
15 4354
17 4354
19 4354
23 4354
25 4354
27 4354
29 4354
31 4354
33 4354
37 4354
39 4354
41 4354
43 4354
1 4356
5 4356
7 4356
13 4356
17 4356
19 4356
23 4356
25 4356
29 4356
31 4356
35 4356
37 4356
41 4356
43 4356
1 4358
3 4358
5 4358
7 4358
9 4358
11 4358
13 4358
15 4358
17 4358
19 4358
21 4358
23 4358
25 4358
27 4358
29 4358
31 4358
33 4358
35 4358
37 4358
39 4358
41 4358
43 4358
1 4360
3 4360
7 4360
9 4360
11 4360
13 4360
17 4360
19 4360
21 4360
23 4360
27 4360
29 4360
31 4360
33 4360
37 4360
39 4360
41 4360
43 4360
1 4362
5 4362
7 4362
11 4362
13 4362
17 4362
19 4362
23 4362
25 4362
29 4362
31 4362
35 4362
37 4362
41 4362
43 4362
1 4364
3 4364
5 4364
7 4364
9 4364
11 4364
13 4364
15 4364
17 4364
19 4364
21 4364
23 4364
25 4364
27 4364
29 4364
31 4364
33 4364
35 4364
37 4364
39 4364
41 4364
43 4364
1 4366
3 4366
5 4366
7 4366
9 4366
11 4366
13 4366
15 4366
17 4366
19 4366
21 4366
23 4366
25 4366
27 4366
29 4366
31 4366
33 4366
35 4366
39 4366
41 4366
43 4366
1 4368
5 4368
11 4368
17 4368
19 4368
23 4368
25 4368
29 4368
31 4368
37 4368
41 4368
43 4368
1 4370
3 4370
7 4370
9 4370
11 4370
13 4370
17 4370
21 4370
27 4370
29 4370
31 4370
33 4370
37 4370
39 4370
41 4370
43 4370
1 4372
3 4372
5 4372
7 4372
9 4372
11 4372
13 4372
15 4372
17 4372
19 4372
21 4372
23 4372
25 4372
27 4372
29 4372
31 4372
33 4372
35 4372
37 4372
39 4372
41 4372
43 4372
1 4374
5 4374
7 4374
11 4374
13 4374
17 4374
19 4374
23 4374
25 4374
29 4374
31 4374
35 4374
37 4374
41 4374
43 4374
1 4376
3 4376
5 4376
7 4376
9 4376
11 4376
13 4376
15 4376
17 4376
19 4376
21 4376
23 4376
25 4376
27 4376
29 4376
31 4376
33 4376
35 4376
37 4376
39 4376
41 4376
43 4376
1 4378
3 4378
5 4378
7 4378
9 4378
13 4378
15 4378
17 4378
19 4378
21 4378
23 4378
25 4378
27 4378
29 4378
31 4378
35 4378
37 4378
39 4378
41 4378
43 4378
1 4380
7 4380
11 4380
13 4380
17 4380
19 4380
23 4380
29 4380
31 4380
37 4380
41 4380
43 4380
1 4382
3 4382
5 4382
9 4382
11 4382
13 4382
15 4382
17 4382
19 4382
23 4382
25 4382
27 4382
29 4382
31 4382
33 4382
37 4382
39 4382
41 4382
43 4382
1 4384
3 4384
5 4384
7 4384
9 4384
11 4384
13 4384
15 4384
17 4384
19 4384
21 4384
23 4384
25 4384
27 4384
29 4384
31 4384
33 4384
35 4384
37 4384
39 4384
41 4384
43 4384
1 4386
5 4386
7 4386
11 4386
13 4386
19 4386
23 4386
25 4386
29 4386
31 4386
35 4386
37 4386
41 4386
1 4388
3 4388
5 4388
7 4388
9 4388
11 4388
13 4388
15 4388
17 4388
19 4388
21 4388
23 4388
25 4388
27 4388
29 4388
31 4388
33 4388
35 4388
37 4388
39 4388
41 4388
43 4388
1 4390
3 4390
7 4390
9 4390
11 4390
13 4390
17 4390
19 4390
21 4390
23 4390
27 4390
29 4390
31 4390
33 4390
37 4390
39 4390
41 4390
43 4390
1 4392
5 4392
7 4392
11 4392
13 4392
17 4392
19 4392
23 4392
25 4392
29 4392
31 4392
35 4392
37 4392
41 4392
43 4392
1 4394
3 4394
5 4394
7 4394
9 4394
11 4394
15 4394
17 4394
19 4394
21 4394
23 4394
25 4394
27 4394
29 4394
31 4394
33 4394
35 4394
37 4394
41 4394
43 4394
1 4396
3 4396
5 4396
9 4396
11 4396
13 4396
15 4396
17 4396
19 4396
23 4396
25 4396
27 4396
29 4396
31 4396
33 4396
37 4396
39 4396
41 4396
43 4396
1 4398
5 4398
7 4398
11 4398
13 4398
17 4398
19 4398
23 4398
25 4398
29 4398
31 4398
35 4398
37 4398
41 4398
43 4398
1 4400
3 4400
7 4400
9 4400
13 4400
17 4400
19 4400
21 4400
23 4400
27 4400
29 4400
31 4400
37 4400
39 4400
41 4400
43 4400
1 4402
3 4402
5 4402
7 4402
9 4402
11 4402
13 4402
15 4402
17 4402
19 4402
21 4402
23 4402
25 4402
27 4402
29 4402
33 4402
35 4402
37 4402
39 4402
41 4402
43 4402
1 4404
5 4404
7 4404
11 4404
13 4404
17 4404
19 4404
23 4404
25 4404
29 4404
31 4404
35 4404
37 4404
41 4404
43 4404
1 4406
3 4406
5 4406
7 4406
9 4406
11 4406
13 4406
15 4406
17 4406
19 4406
21 4406
23 4406
25 4406
27 4406
29 4406
31 4406
33 4406
35 4406
37 4406
39 4406
41 4406
43 4406
1 4408
3 4408
5 4408
7 4408
9 4408
11 4408
13 4408
15 4408
17 4408
21 4408
23 4408
25 4408
27 4408
31 4408
33 4408
35 4408
37 4408
39 4408
41 4408
43 4408
1 4410
11 4410
13 4410
17 4410
19 4410
23 4410
29 4410
31 4410
37 4410
41 4410
43 4410
1 4412
3 4412
5 4412
7 4412
9 4412
11 4412
13 4412
15 4412
17 4412
19 4412
21 4412
23 4412
25 4412
27 4412
29 4412
31 4412
33 4412
35 4412
37 4412
39 4412
41 4412
43 4412
1 4414
3 4414
5 4414
7 4414
9 4414
11 4414
13 4414
15 4414
17 4414
19 4414
21 4414
23 4414
25 4414
27 4414
29 4414
31 4414
33 4414
35 4414
37 4414
39 4414
41 4414
43 4414
1 4416
5 4416
7 4416
11 4416
13 4416
17 4416
19 4416
25 4416
29 4416
31 4416
35 4416
37 4416
41 4416
43 4416
1 4418
3 4418
5 4418
7 4418
9 4418
11 4418
13 4418
15 4418
17 4418
19 4418
21 4418
23 4418
25 4418
27 4418
29 4418
31 4418
33 4418
35 4418
37 4418
39 4418
41 4418
43 4418
1 4420
3 4420
7 4420
9 4420
11 4420
19 4420
21 4420
23 4420
27 4420
29 4420
31 4420
33 4420
37 4420
41 4420
43 4420
1 4422
5 4422
7 4422
13 4422
17 4422
19 4422
23 4422
25 4422
29 4422
31 4422
35 4422
37 4422
41 4422
43 4422
1 4424
3 4424
5 4424
9 4424
11 4424
13 4424
15 4424
17 4424
19 4424
23 4424
25 4424
27 4424
29 4424
31 4424
33 4424
37 4424
39 4424
41 4424
43 4424
1 4426
3 4426
5 4426
7 4426
9 4426
11 4426
13 4426
15 4426
17 4426
19 4426
21 4426
23 4426
25 4426
27 4426
29 4426
31 4426
33 4426
35 4426
37 4426
39 4426
41 4426
43 4426
1 4428
5 4428
7 4428
11 4428
13 4428
17 4428
19 4428
23 4428
25 4428
29 4428
31 4428
35 4428
37 4428
43 4428
1 4430
3 4430
7 4430
9 4430
11 4430
13 4430
17 4430
19 4430
21 4430
23 4430
27 4430
29 4430
31 4430
33 4430
37 4430
39 4430
41 4430
43 4430
1 4432
3 4432
5 4432
7 4432
9 4432
11 4432
13 4432
15 4432
17 4432
19 4432
21 4432
23 4432
25 4432
27 4432
29 4432
31 4432
33 4432
35 4432
37 4432
39 4432
41 4432
43 4432
1 4434
5 4434
7 4434
11 4434
13 4434
17 4434
19 4434
23 4434
25 4434
29 4434
31 4434
35 4434
37 4434
41 4434
43 4434
1 4436
3 4436
5 4436
7 4436
9 4436
11 4436
13 4436
15 4436
17 4436
19 4436
21 4436
23 4436
25 4436
27 4436
29 4436
31 4436
33 4436
35 4436
37 4436
39 4436
41 4436
43 4436
1 4438
3 4438
5 4438
9 4438
11 4438
13 4438
15 4438
17 4438
19 4438
23 4438
25 4438
27 4438
29 4438
31 4438
33 4438
37 4438
39 4438
41 4438
43 4438
1 4440
7 4440
11 4440
13 4440
17 4440
19 4440
23 4440
29 4440
31 4440
41 4440
43 4440
1 4442
3 4442
5 4442
7 4442
9 4442
11 4442
13 4442
15 4442
17 4442
19 4442
21 4442
23 4442
25 4442
27 4442
29 4442
31 4442
33 4442
35 4442
37 4442
39 4442
41 4442
43 4442
1 4444
3 4444
5 4444
7 4444
9 4444
13 4444
15 4444
17 4444
19 4444
21 4444
23 4444
25 4444
27 4444
29 4444
31 4444
35 4444
37 4444
39 4444
41 4444
43 4444
1 4446
5 4446
7 4446
11 4446
17 4446
23 4446
25 4446
29 4446
31 4446
35 4446
37 4446
41 4446
43 4446
1 4448
3 4448
5 4448
7 4448
9 4448
11 4448
13 4448
15 4448
17 4448
19 4448
21 4448
23 4448
25 4448
27 4448
29 4448
31 4448
33 4448
35 4448
37 4448
39 4448
41 4448
43 4448
1 4450
3 4450
7 4450
9 4450
11 4450
13 4450
17 4450
19 4450
21 4450
23 4450
27 4450
29 4450
31 4450
33 4450
37 4450
39 4450
41 4450
43 4450
1 4452
5 4452
11 4452
13 4452
17 4452
19 4452
23 4452
25 4452
29 4452
31 4452
37 4452
41 4452
43 4452
1 4454
3 4454
5 4454
7 4454
9 4454
11 4454
13 4454
15 4454
19 4454
21 4454
23 4454
25 4454
27 4454
29 4454
31 4454
33 4454
35 4454
37 4454
39 4454
41 4454
43 4454
1 4456
3 4456
5 4456
7 4456
9 4456
11 4456
13 4456
15 4456
17 4456
19 4456
21 4456
23 4456
25 4456
27 4456
29 4456
31 4456
33 4456
35 4456
37 4456
39 4456
41 4456
43 4456
1 4458
5 4458
7 4458
11 4458
13 4458
17 4458
19 4458
23 4458
25 4458
29 4458
31 4458
35 4458
37 4458
41 4458
43 4458
1 4460
3 4460
7 4460
9 4460
11 4460
13 4460
17 4460
19 4460
21 4460
23 4460
27 4460
29 4460
31 4460
33 4460
37 4460
39 4460
41 4460
43 4460
1 4462
3 4462
5 4462
7 4462
9 4462
11 4462
13 4462
15 4462
17 4462
19 4462
21 4462
25 4462
27 4462
29 4462
31 4462
33 4462
35 4462
37 4462
39 4462
41 4462
43 4462
1 4464
5 4464
7 4464
11 4464
13 4464
17 4464
19 4464
23 4464
25 4464
29 4464
35 4464
37 4464
41 4464
43 4464
1 4466
3 4466
5 4466
9 4466
13 4466
15 4466
17 4466
19 4466
23 4466
25 4466
27 4466
31 4466
37 4466
39 4466
41 4466
43 4466
1 4468
3 4468
5 4468
7 4468
9 4468
11 4468
13 4468
15 4468
17 4468
19 4468
21 4468
23 4468
25 4468
27 4468
29 4468
31 4468
33 4468
35 4468
37 4468
39 4468
41 4468
43 4468
1 4470
7 4470
11 4470
13 4470
17 4470
19 4470
23 4470
29 4470
31 4470
37 4470
41 4470
43 4470
1 4472
3 4472
5 4472
7 4472
9 4472
11 4472
15 4472
17 4472
19 4472
21 4472
23 4472
25 4472
27 4472
29 4472
31 4472
33 4472
35 4472
37 4472
41 4472
1 4474
3 4474
5 4474
7 4474
9 4474
11 4474
13 4474
15 4474
17 4474
19 4474
21 4474
23 4474
25 4474
27 4474
29 4474
31 4474
33 4474
35 4474
37 4474
39 4474
41 4474
43 4474
1 4476
5 4476
7 4476
11 4476
13 4476
17 4476
19 4476
23 4476
25 4476
29 4476
31 4476
35 4476
37 4476
41 4476
43 4476
1 4478
3 4478
5 4478
7 4478
9 4478
11 4478
13 4478
15 4478
17 4478
19 4478
21 4478
23 4478
25 4478
27 4478
29 4478
31 4478
33 4478
35 4478
37 4478
39 4478
41 4478
43 4478
1 4480
3 4480
9 4480
11 4480
13 4480
17 4480
19 4480
23 4480
27 4480
29 4480
31 4480
33 4480
37 4480
39 4480
41 4480
43 4480
1 4482
5 4482
7 4482
11 4482
13 4482
17 4482
19 4482
23 4482
25 4482
29 4482
31 4482
35 4482
37 4482
41 4482
43 4482
1 4484
3 4484
5 4484
7 4484
9 4484
11 4484
13 4484
15 4484
17 4484
21 4484
23 4484
25 4484
27 4484
29 4484
31 4484
33 4484
35 4484
37 4484
39 4484
41 4484
43 4484
1 4486
3 4486
5 4486
7 4486
9 4486
11 4486
13 4486
15 4486
17 4486
19 4486
21 4486
23 4486
25 4486
27 4486
29 4486
31 4486
33 4486
35 4486
37 4486
39 4486
41 4486
43 4486
1 4488
5 4488
7 4488
13 4488
19 4488
23 4488
25 4488
29 4488
31 4488
35 4488
37 4488
41 4488
43 4488
1 4490
3 4490
7 4490
9 4490
11 4490
13 4490
17 4490
19 4490
21 4490
23 4490
27 4490
29 4490
31 4490
33 4490
37 4490
39 4490
41 4490
43 4490
1 4492
3 4492
5 4492
7 4492
9 4492
11 4492
13 4492
15 4492
17 4492
19 4492
21 4492
23 4492
25 4492
27 4492
29 4492
31 4492
33 4492
35 4492
37 4492
39 4492
41 4492
43 4492
1 4494
5 4494
11 4494
13 4494
17 4494
19 4494
23 4494
25 4494
29 4494
31 4494
37 4494
41 4494
43 4494
1 4496
3 4496
5 4496
7 4496
9 4496
11 4496
13 4496
15 4496
17 4496
19 4496
21 4496
23 4496
25 4496
27 4496
29 4496
31 4496
33 4496
35 4496
37 4496
39 4496
41 4496
43 4496
1 4498
3 4498
5 4498
7 4498
9 4498
11 4498
15 4498
17 4498
19 4498
21 4498
23 4498
25 4498
27 4498
29 4498
31 4498
33 4498
35 4498
37 4498
41 4498
43 4498
1 4500
7 4500
11 4500
13 4500
17 4500
19 4500
23 4500
29 4500
31 4500
37 4500
41 4500
43 4500
1 4502
3 4502
5 4502
7 4502
9 4502
11 4502
13 4502
15 4502
17 4502
19 4502
21 4502
23 4502
25 4502
27 4502
29 4502
31 4502
33 4502
35 4502
37 4502
39 4502
41 4502
43 4502
45 4502
1 4504
3 4504
5 4504
7 4504
9 4504
11 4504
13 4504
15 4504
17 4504
19 4504
21 4504
23 4504
25 4504
27 4504
29 4504
31 4504
33 4504
35 4504
37 4504
39 4504
41 4504
43 4504
45 4504
1 4506
5 4506
7 4506
11 4506
13 4506
17 4506
19 4506
23 4506
25 4506
29 4506
31 4506
35 4506
37 4506
41 4506
43 4506
1 4508
3 4508
5 4508
9 4508
11 4508
13 4508
15 4508
17 4508
19 4508
25 4508
27 4508
29 4508
31 4508
33 4508
37 4508
39 4508
41 4508
43 4508
45 4508
1 4510
3 4510
7 4510
9 4510
13 4510
17 4510
19 4510
21 4510
23 4510
27 4510
29 4510
31 4510
37 4510
39 4510
43 4510
1 4512
5 4512
7 4512
11 4512
13 4512
17 4512
19 4512
23 4512
25 4512
29 4512
31 4512
35 4512
37 4512
41 4512
43 4512
1 4514
3 4514
5 4514
7 4514
9 4514
11 4514
13 4514
15 4514
17 4514
19 4514
21 4514
23 4514
25 4514
27 4514
29 4514
31 4514
33 4514
35 4514
39 4514
41 4514
43 4514
45 4514
1 4516
3 4516
5 4516
7 4516
9 4516
11 4516
13 4516
15 4516
17 4516
19 4516
21 4516
23 4516
25 4516
27 4516
29 4516
31 4516
33 4516
35 4516
37 4516
39 4516
41 4516
43 4516
45 4516
1 4518
5 4518
7 4518
11 4518
13 4518
17 4518
19 4518
23 4518
25 4518
29 4518
31 4518
35 4518
37 4518
41 4518
43 4518
1 4520
3 4520
7 4520
9 4520
11 4520
13 4520
17 4520
19 4520
21 4520
23 4520
27 4520
29 4520
31 4520
33 4520
37 4520
39 4520
41 4520
43 4520
1 4522
3 4522
5 4522
9 4522
11 4522
13 4522
15 4522
23 4522
25 4522
27 4522
29 4522
31 4522
33 4522
37 4522
39 4522
41 4522
43 4522
45 4522
1 4524
5 4524
7 4524
11 4524
17 4524
19 4524
23 4524
25 4524
31 4524
35 4524
37 4524
41 4524
43 4524
1 4526
3 4526
5 4526
7 4526
9 4526
11 4526
13 4526
15 4526
17 4526
19 4526
21 4526
23 4526
25 4526
27 4526
29 4526
33 4526
35 4526
37 4526
39 4526
41 4526
43 4526
45 4526
1 4528
3 4528
5 4528
7 4528
9 4528
11 4528
13 4528
15 4528
17 4528
19 4528
21 4528
23 4528
25 4528
27 4528
29 4528
31 4528
33 4528
35 4528
37 4528
39 4528
41 4528
43 4528
45 4528
1 4530
7 4530
11 4530
13 4530
17 4530
19 4530
23 4530
29 4530
31 4530
37 4530
41 4530
43 4530
1 4532
3 4532
5 4532
7 4532
9 4532
13 4532
15 4532
17 4532
19 4532
21 4532
23 4532
25 4532
27 4532
29 4532
31 4532
35 4532
37 4532
39 4532
41 4532
43 4532
45 4532
1 4534
3 4534
5 4534
7 4534
9 4534
11 4534
13 4534
15 4534
17 4534
19 4534
21 4534
23 4534
25 4534
27 4534
29 4534
31 4534
33 4534
35 4534
37 4534
39 4534
41 4534
43 4534
45 4534
1 4536
5 4536
11 4536
13 4536
17 4536
19 4536
23 4536
25 4536
29 4536
31 4536
37 4536
41 4536
43 4536
1 4538
3 4538
5 4538
7 4538
9 4538
11 4538
13 4538
15 4538
17 4538
19 4538
21 4538
23 4538
25 4538
27 4538
29 4538
31 4538
33 4538
35 4538
37 4538
39 4538
41 4538
43 4538
45 4538
1 4540
3 4540
7 4540
9 4540
11 4540
13 4540
17 4540
19 4540
21 4540
23 4540
27 4540
29 4540
31 4540
33 4540
37 4540
39 4540
41 4540
43 4540
1 4542
5 4542
7 4542
11 4542
13 4542
17 4542
19 4542
23 4542
25 4542
29 4542
31 4542
35 4542
37 4542
41 4542
43 4542
1 4544
3 4544
5 4544
7 4544
9 4544
11 4544
13 4544
15 4544
17 4544
19 4544
21 4544
23 4544
25 4544
27 4544
29 4544
31 4544
33 4544
35 4544
37 4544
39 4544
41 4544
43 4544
45 4544
1 4546
3 4546
5 4546
7 4546
9 4546
11 4546
13 4546
15 4546
17 4546
19 4546
21 4546
23 4546
25 4546
27 4546
29 4546
31 4546
33 4546
35 4546
37 4546
39 4546
41 4546
43 4546
45 4546
1 4548
5 4548
7 4548
11 4548
13 4548
17 4548
19 4548
23 4548
25 4548
29 4548
31 4548
35 4548
37 4548
41 4548
43 4548
1 4550
3 4550
9 4550
11 4550
17 4550
19 4550
23 4550
27 4550
29 4550
31 4550
33 4550
37 4550
41 4550
43 4550
1 4552
3 4552
5 4552
7 4552
9 4552
11 4552
13 4552
15 4552
17 4552
19 4552
21 4552
23 4552
25 4552
27 4552
29 4552
31 4552
33 4552
35 4552
37 4552
39 4552
41 4552
43 4552
45 4552
1 4554
5 4554
7 4554
13 4554
17 4554
19 4554
25 4554
29 4554
31 4554
35 4554
37 4554
41 4554
43 4554
1 4556
3 4556
5 4556
7 4556
9 4556
11 4556
13 4556
15 4556
19 4556
21 4556
23 4556
25 4556
27 4556
29 4556
31 4556
33 4556
35 4556
37 4556
39 4556
41 4556
43 4556
45 4556
1 4558
3 4558
5 4558
7 4558
9 4558
11 4558
13 4558
15 4558
17 4558
19 4558
21 4558
23 4558
25 4558
27 4558
29 4558
31 4558
33 4558
35 4558
37 4558
39 4558
41 4558
45 4558
1 4560
7 4560
11 4560
13 4560
17 4560
23 4560
29 4560
31 4560
37 4560
41 4560
43 4560
1 4562
3 4562
5 4562
7 4562
9 4562
11 4562
13 4562
15 4562
17 4562
19 4562
21 4562
23 4562
25 4562
27 4562
29 4562
31 4562
33 4562
35 4562
37 4562
39 4562
41 4562
43 4562
45 4562
1 4564
3 4564
5 4564
9 4564
11 4564
13 4564
15 4564
17 4564
19 4564
23 4564
25 4564
27 4564
29 4564
31 4564
33 4564
37 4564
39 4564
41 4564
43 4564
45 4564
1 4566
5 4566
7 4566
11 4566
13 4566
17 4566
19 4566
23 4566
25 4566
29 4566
31 4566
35 4566
37 4566
41 4566
43 4566
1 4568
3 4568
5 4568
7 4568
9 4568
11 4568
13 4568
15 4568
17 4568
19 4568
21 4568
23 4568
25 4568
27 4568
29 4568
31 4568
33 4568
35 4568
37 4568
39 4568
41 4568
43 4568
45 4568
1 4570
3 4570
7 4570
9 4570
11 4570
13 4570
17 4570
19 4570
21 4570
23 4570
27 4570
29 4570
31 4570
33 4570
37 4570
39 4570
41 4570
43 4570
1 4572
5 4572
7 4572
11 4572
13 4572
17 4572
19 4572
23 4572
25 4572
29 4572
31 4572
35 4572
37 4572
41 4572
43 4572
1 4574
3 4574
5 4574
7 4574
9 4574
11 4574
13 4574
15 4574
17 4574
19 4574
21 4574
23 4574
25 4574
27 4574
29 4574
31 4574
33 4574
35 4574
37 4574
39 4574
41 4574
43 4574
45 4574
1 4576
3 4576
5 4576
7 4576
9 4576
15 4576
17 4576
19 4576
21 4576
23 4576
25 4576
27 4576
29 4576
31 4576
35 4576
37 4576
41 4576
43 4576
45 4576
1 4578
5 4578
11 4578
13 4578
17 4578
19 4578
23 4578
25 4578
29 4578
31 4578
37 4578
41 4578
43 4578
1 4580
3 4580
7 4580
9 4580
11 4580
13 4580
17 4580
19 4580
21 4580
23 4580
27 4580
29 4580
31 4580
33 4580
37 4580
39 4580
41 4580
43 4580
1 4582
3 4582
5 4582
7 4582
9 4582
11 4582
13 4582
15 4582
17 4582
19 4582
21 4582
23 4582
25 4582
27 4582
31 4582
33 4582
35 4582
37 4582
39 4582
41 4582
43 4582
45 4582
1 4584
5 4584
7 4584
11 4584
13 4584
17 4584
19 4584
23 4584
25 4584
29 4584
31 4584
35 4584
37 4584
41 4584
43 4584
1 4586
3 4586
5 4586
7 4586
9 4586
11 4586
13 4586
15 4586
17 4586
19 4586
21 4586
23 4586
25 4586
27 4586
29 4586
31 4586
33 4586
35 4586
37 4586
39 4586
41 4586
43 4586
45 4586
1 4588
3 4588
5 4588
7 4588
9 4588
11 4588
13 4588
15 4588
17 4588
19 4588
21 4588
23 4588
25 4588
27 4588
29 4588
33 4588
35 4588
39 4588
41 4588
43 4588
45 4588
1 4590
7 4590
11 4590
13 4590
19 4590
23 4590
29 4590
31 4590
37 4590
41 4590
43 4590
1 4592
3 4592
5 4592
9 4592
11 4592
13 4592
15 4592
17 4592
19 4592
23 4592
25 4592
27 4592
29 4592
31 4592
33 4592
37 4592
39 4592
43 4592
45 4592
1 4594
3 4594
5 4594
7 4594
9 4594
11 4594
13 4594
15 4594
17 4594
19 4594
21 4594
23 4594
25 4594
27 4594
29 4594
31 4594
33 4594
35 4594
37 4594
39 4594
41 4594
43 4594
45 4594
1 4596
5 4596
7 4596
11 4596
13 4596
17 4596
19 4596
23 4596
25 4596
29 4596
31 4596
35 4596
37 4596
41 4596
43 4596
1 4598
3 4598
5 4598
7 4598
9 4598
13 4598
15 4598
17 4598
21 4598
23 4598
25 4598
27 4598
29 4598
31 4598
35 4598
37 4598
39 4598
41 4598
43 4598
45 4598
1 4600
3 4600
7 4600
9 4600
11 4600
13 4600
17 4600
19 4600
21 4600
27 4600
29 4600
31 4600
33 4600
37 4600
39 4600
41 4600
43 4600
1 4602
5 4602
7 4602
11 4602
17 4602
19 4602
23 4602
25 4602
29 4602
31 4602
35 4602
37 4602
41 4602
43 4602
1 4604
3 4604
5 4604
7 4604
9 4604
11 4604
13 4604
15 4604
17 4604
19 4604
21 4604
23 4604
25 4604
27 4604
29 4604
31 4604
33 4604
35 4604
37 4604
39 4604
41 4604
43 4604
45 4604
1 4606
3 4606
5 4606
9 4606
11 4606
13 4606
15 4606
17 4606
19 4606
23 4606
25 4606
27 4606
29 4606
31 4606
33 4606
37 4606
39 4606
41 4606
43 4606
45 4606
1 4608
5 4608
7 4608
11 4608
13 4608
17 4608
19 4608
23 4608
25 4608
29 4608
31 4608
35 4608
37 4608
41 4608
43 4608
1 4610
3 4610
7 4610
9 4610
11 4610
13 4610
17 4610
19 4610
21 4610
23 4610
27 4610
29 4610
31 4610
33 4610
37 4610
39 4610
41 4610
43 4610
1 4612
3 4612
5 4612
7 4612
9 4612
11 4612
13 4612
15 4612
17 4612
19 4612
21 4612
23 4612
25 4612
27 4612
29 4612
31 4612
33 4612
35 4612
37 4612
39 4612
41 4612
43 4612
45 4612
1 4614
5 4614
7 4614
11 4614
13 4614
17 4614
19 4614
23 4614
25 4614
29 4614
31 4614
35 4614
37 4614
41 4614
43 4614
1 4616
3 4616
5 4616
7 4616
9 4616
11 4616
13 4616
15 4616
17 4616
19 4616
21 4616
23 4616
25 4616
27 4616
29 4616
31 4616
33 4616
35 4616
37 4616
39 4616
41 4616
43 4616
45 4616
1 4618
3 4618
5 4618
7 4618
9 4618
11 4618
13 4618
15 4618
17 4618
19 4618
21 4618
23 4618
25 4618
27 4618
29 4618
31 4618
33 4618
35 4618
37 4618
39 4618
41 4618
43 4618
45 4618
1 4620
13 4620
17 4620
19 4620
23 4620
29 4620
31 4620
37 4620
41 4620
43 4620
1 4622
3 4622
5 4622
7 4622
9 4622
11 4622
13 4622
15 4622
17 4622
19 4622
21 4622
23 4622
25 4622
27 4622
29 4622
31 4622
33 4622
35 4622
37 4622
39 4622
41 4622
43 4622
45 4622
1 4624
3 4624
5 4624
7 4624
9 4624
11 4624
13 4624
15 4624
19 4624
21 4624
23 4624
25 4624
27 4624
29 4624
31 4624
33 4624
35 4624
37 4624
39 4624
41 4624
43 4624
45 4624
1 4626
5 4626
7 4626
11 4626
13 4626
17 4626
19 4626
23 4626
25 4626
29 4626
31 4626
35 4626
37 4626
41 4626
43 4626
1 4628
3 4628
5 4628
7 4628
9 4628
11 4628
15 4628
17 4628
19 4628
21 4628
23 4628
25 4628
27 4628
29 4628
31 4628
33 4628
35 4628
37 4628
41 4628
43 4628
45 4628
1 4630
3 4630
7 4630
9 4630
11 4630
13 4630
17 4630
19 4630
21 4630
23 4630
27 4630
29 4630
31 4630
33 4630
37 4630
39 4630
41 4630
43 4630
1 4632
5 4632
7 4632
11 4632
13 4632
17 4632
19 4632
23 4632
25 4632
29 4632
31 4632
35 4632
37 4632
41 4632
43 4632
1 4634
3 4634
5 4634
9 4634
11 4634
13 4634
15 4634
17 4634
19 4634
23 4634
25 4634
27 4634
29 4634
31 4634
33 4634
37 4634
39 4634
41 4634
43 4634
45 4634
1 4636
3 4636
5 4636
7 4636
9 4636
11 4636
13 4636
15 4636
17 4636
21 4636
23 4636
25 4636
27 4636
29 4636
31 4636
33 4636
35 4636
37 4636
39 4636
41 4636
43 4636
45 4636
1 4638
5 4638
7 4638
11 4638
13 4638
17 4638
19 4638
23 4638
25 4638
29 4638
31 4638
35 4638
37 4638
41 4638
43 4638
1 4640
3 4640
7 4640
9 4640
11 4640
13 4640
17 4640
19 4640
21 4640
23 4640
27 4640
31 4640
33 4640
37 4640
39 4640
41 4640
43 4640
1 4642
3 4642
5 4642
7 4642
9 4642
13 4642
15 4642
17 4642
19 4642
21 4642
23 4642
25 4642
27 4642
29 4642
31 4642
35 4642
37 4642
39 4642
41 4642
43 4642
45 4642
1 4644
5 4644
7 4644
11 4644
13 4644
17 4644
19 4644
23 4644
25 4644
29 4644
31 4644
35 4644
37 4644
41 4644
1 4646
3 4646
5 4646
7 4646
9 4646
11 4646
13 4646
15 4646
17 4646
19 4646
21 4646
25 4646
27 4646
29 4646
31 4646
33 4646
35 4646
37 4646
39 4646
41 4646
43 4646
45 4646
1 4648
3 4648
5 4648
9 4648
11 4648
13 4648
15 4648
17 4648
19 4648
23 4648
25 4648
27 4648
29 4648
31 4648
33 4648
37 4648
39 4648
41 4648
43 4648
45 4648
1 4650
7 4650
11 4650
13 4650
17 4650
19 4650
23 4650
29 4650
37 4650
41 4650
43 4650
1 4652
3 4652
5 4652
7 4652
9 4652
11 4652
13 4652
15 4652
17 4652
19 4652
21 4652
23 4652
25 4652
27 4652
29 4652
31 4652
33 4652
35 4652
37 4652
39 4652
41 4652
43 4652
45 4652
1 4654
3 4654
5 4654
7 4654
9 4654
11 4654
15 4654
17 4654
19 4654
21 4654
23 4654
25 4654
27 4654
29 4654
31 4654
33 4654
35 4654
37 4654
41 4654
43 4654
45 4654
1 4656
5 4656
7 4656
11 4656
13 4656
17 4656
19 4656
23 4656
25 4656
29 4656
31 4656
35 4656
37 4656
41 4656
43 4656
1 4658
3 4658
5 4658
7 4658
9 4658
11 4658
13 4658
15 4658
19 4658
21 4658
23 4658
25 4658
27 4658
29 4658
31 4658
33 4658
35 4658
37 4658
39 4658
41 4658
43 4658
45 4658
1 4660
3 4660
7 4660
9 4660
11 4660
13 4660
17 4660
19 4660
21 4660
23 4660
27 4660
29 4660
31 4660
33 4660
37 4660
39 4660
41 4660
43 4660
1 4662
5 4662
11 4662
13 4662
17 4662
19 4662
23 4662
25 4662
29 4662
31 4662
41 4662
43 4662
1 4664
3 4664
5 4664
7 4664
9 4664
13 4664
15 4664
17 4664
19 4664
21 4664
23 4664
25 4664
27 4664
29 4664
31 4664
35 4664
37 4664
39 4664
41 4664
43 4664
45 4664
1 4666
3 4666
5 4666
7 4666
9 4666
11 4666
13 4666
15 4666
17 4666
19 4666
21 4666
23 4666
25 4666
27 4666
29 4666
31 4666
33 4666
35 4666
37 4666
39 4666
41 4666
43 4666
45 4666
1 4668
5 4668
7 4668
11 4668
13 4668
17 4668
19 4668
23 4668
25 4668
29 4668
31 4668
35 4668
37 4668
41 4668
43 4668
1 4670
3 4670
7 4670
9 4670
11 4670
13 4670
17 4670
19 4670
21 4670
23 4670
27 4670
29 4670
31 4670
33 4670
37 4670
39 4670
41 4670
43 4670
1 4672
3 4672
5 4672
7 4672
9 4672
11 4672
13 4672
15 4672
17 4672
19 4672
21 4672
23 4672
25 4672
27 4672
29 4672
31 4672
33 4672
35 4672
37 4672
39 4672
41 4672
43 4672
45 4672
1 4674
5 4674
7 4674
11 4674
13 4674
17 4674
23 4674
25 4674
29 4674
31 4674
35 4674
37 4674
43 4674
1 4676
3 4676
5 4676
9 4676
11 4676
13 4676
15 4676
17 4676
19 4676
23 4676
25 4676
27 4676
29 4676
31 4676
33 4676
37 4676
39 4676
41 4676
43 4676
45 4676
1 4678
3 4678
5 4678
7 4678
9 4678
11 4678
13 4678
15 4678
17 4678
19 4678
21 4678
23 4678
25 4678
27 4678
29 4678
31 4678
33 4678
35 4678
37 4678
39 4678
41 4678
43 4678
45 4678
1 4680
7 4680
11 4680
17 4680
19 4680
23 4680
29 4680
31 4680
37 4680
41 4680
43 4680
1 4682
3 4682
5 4682
7 4682
9 4682
11 4682
13 4682
15 4682
17 4682
19 4682
21 4682
23 4682
25 4682
27 4682
29 4682
31 4682
33 4682
35 4682
37 4682
39 4682
41 4682
43 4682
45 4682
1 4684
3 4684
5 4684
7 4684
9 4684
11 4684
13 4684
15 4684
17 4684
19 4684
21 4684
23 4684
25 4684
27 4684
29 4684
31 4684
33 4684
35 4684
37 4684
39 4684
41 4684
43 4684
45 4684
1 4686
5 4686
7 4686
13 4686
17 4686
19 4686
23 4686
25 4686
29 4686
31 4686
35 4686
37 4686
41 4686
43 4686
1 4688
3 4688
5 4688
7 4688
9 4688
11 4688
13 4688
15 4688
17 4688
19 4688
21 4688
23 4688
25 4688
27 4688
29 4688
31 4688
33 4688
35 4688
37 4688
39 4688
41 4688
43 4688
45 4688
1 4690
3 4690
9 4690
11 4690
13 4690
17 4690
19 4690
23 4690
27 4690
29 4690
31 4690
33 4690
37 4690
39 4690
41 4690
43 4690
1 4692
5 4692
7 4692
11 4692
13 4692
19 4692
25 4692
29 4692
31 4692
35 4692
37 4692
41 4692
43 4692
1 4694
3 4694
5 4694
7 4694
9 4694
11 4694
13 4694
15 4694
17 4694
19 4694
21 4694
23 4694
25 4694
27 4694
29 4694
31 4694
33 4694
35 4694
37 4694
39 4694
41 4694
43 4694
45 4694
1 4696
3 4696
5 4696
7 4696
9 4696
11 4696
13 4696
15 4696
17 4696
19 4696
21 4696
23 4696
25 4696
27 4696
29 4696
31 4696
33 4696
35 4696
37 4696
39 4696
41 4696
43 4696
45 4696
1 4698
5 4698
7 4698
11 4698
13 4698
17 4698
19 4698
23 4698
25 4698
31 4698
35 4698
37 4698
41 4698
43 4698
1 4700
3 4700
7 4700
9 4700
11 4700
13 4700
17 4700
19 4700
21 4700
23 4700
27 4700
29 4700
31 4700
33 4700
37 4700
39 4700
41 4700
43 4700
1 4702
3 4702
5 4702
7 4702
9 4702
11 4702
13 4702
15 4702
17 4702
19 4702
21 4702
23 4702
25 4702
27 4702
29 4702
31 4702
33 4702
35 4702
37 4702
39 4702
41 4702
43 4702
45 4702
47 4702
1 4704
5 4704
11 4704
13 4704
17 4704
19 4704
23 4704
25 4704
29 4704
31 4704
37 4704
41 4704
43 4704
47 4704
1 4706
3 4706
5 4706
7 4706
9 4706
11 4706
15 4706
17 4706
19 4706
21 4706
23 4706
25 4706
27 4706
29 4706
31 4706
33 4706
35 4706
37 4706
41 4706
43 4706
45 4706
47 4706
1 4708
3 4708
5 4708
7 4708
9 4708
13 4708
15 4708
17 4708
19 4708
21 4708
23 4708
25 4708
27 4708
29 4708
31 4708
35 4708
37 4708
39 4708
41 4708
43 4708
45 4708
47 4708
1 4710
7 4710
11 4710
13 4710
17 4710
19 4710
23 4710
29 4710
31 4710
37 4710
41 4710
43 4710
47 4710
1 4712
3 4712
5 4712
7 4712
9 4712
11 4712
13 4712
15 4712
17 4712
21 4712
23 4712
25 4712
27 4712
29 4712
33 4712
35 4712
37 4712
39 4712
41 4712
43 4712
45 4712
47 4712
1 4714
3 4714
5 4714
7 4714
9 4714
11 4714
13 4714
15 4714
17 4714
19 4714
21 4714
23 4714
25 4714
27 4714
29 4714
31 4714
33 4714
35 4714
37 4714
39 4714
41 4714
43 4714
45 4714
47 4714
1 4716
5 4716
7 4716
11 4716
13 4716
17 4716
19 4716
23 4716
25 4716
29 4716
31 4716
35 4716
37 4716
41 4716
43 4716
47 4716
1 4718
3 4718
5 4718
9 4718
11 4718
13 4718
15 4718
17 4718
19 4718
23 4718
25 4718
27 4718
29 4718
31 4718
33 4718
37 4718
39 4718
41 4718
43 4718
45 4718
47 4718
1 4720
3 4720
7 4720
9 4720
11 4720
13 4720
17 4720
19 4720
21 4720
23 4720
27 4720
29 4720
31 4720
33 4720
37 4720
39 4720
41 4720
43 4720
47 4720
1 4722
5 4722
7 4722
11 4722
13 4722
17 4722
19 4722
23 4722
25 4722
29 4722
31 4722
35 4722
37 4722
41 4722
43 4722
47 4722
1 4724
3 4724
5 4724
7 4724
9 4724
11 4724
13 4724
15 4724
17 4724
19 4724
21 4724
23 4724
25 4724
27 4724
29 4724
31 4724
33 4724
35 4724
37 4724
39 4724
41 4724
43 4724
45 4724
47 4724
1 4726
3 4726
5 4726
7 4726
9 4726
11 4726
13 4726
15 4726
19 4726
21 4726
23 4726
25 4726
27 4726
29 4726
31 4726
33 4726
35 4726
37 4726
39 4726
41 4726
43 4726
45 4726
47 4726
1 4728
5 4728
7 4728
11 4728
13 4728
17 4728
19 4728
23 4728
25 4728
29 4728
31 4728
35 4728
37 4728
41 4728
43 4728
47 4728
1 4730
3 4730
7 4730
9 4730
13 4730
17 4730
19 4730
21 4730
23 4730
27 4730
29 4730
31 4730
37 4730
39 4730
41 4730
47 4730
1 4732
3 4732
5 4732
9 4732
11 4732
15 4732
17 4732
19 4732
23 4732
25 4732
27 4732
29 4732
31 4732
33 4732
37 4732
41 4732
43 4732
45 4732
47 4732
1 4734
5 4734
7 4734
11 4734
13 4734
17 4734
19 4734
23 4734
25 4734
29 4734
31 4734
35 4734
37 4734
41 4734
43 4734
47 4734
1 4736
3 4736
5 4736
7 4736
9 4736
11 4736
13 4736
15 4736
17 4736
19 4736
21 4736
23 4736
25 4736
27 4736
29 4736
31 4736
33 4736
35 4736
39 4736
41 4736
43 4736
45 4736
47 4736
1 4738
3 4738
5 4738
7 4738
9 4738
11 4738
13 4738
15 4738
17 4738
19 4738
21 4738
25 4738
27 4738
29 4738
31 4738
33 4738
35 4738
37 4738
39 4738
41 4738
43 4738
45 4738
47 4738
1 4740
7 4740
11 4740
13 4740
17 4740
19 4740
23 4740
29 4740
31 4740
37 4740
41 4740
43 4740
47 4740
1 4742
3 4742
5 4742
7 4742
9 4742
11 4742
13 4742
15 4742
17 4742
19 4742
21 4742
23 4742
25 4742
27 4742
29 4742
31 4742
33 4742
35 4742
37 4742
39 4742
41 4742
43 4742
45 4742
47 4742
1 4744
3 4744
5 4744
7 4744
9 4744
11 4744
13 4744
15 4744
17 4744
19 4744
21 4744
23 4744
25 4744
27 4744
29 4744
31 4744
33 4744
35 4744
37 4744
39 4744
41 4744
43 4744
45 4744
47 4744
1 4746
5 4746
11 4746
13 4746
17 4746
19 4746
23 4746
25 4746
29 4746
31 4746
37 4746
41 4746
43 4746
47 4746
1 4748
3 4748
5 4748
7 4748
9 4748
11 4748
13 4748
15 4748
17 4748
19 4748
21 4748
23 4748
25 4748
27 4748
29 4748
31 4748
33 4748
35 4748
37 4748
39 4748
41 4748
43 4748
45 4748
47 4748
1 4750
3 4750
7 4750
9 4750
11 4750
13 4750
17 4750
21 4750
23 4750
27 4750
29 4750
31 4750
33 4750
37 4750
39 4750
41 4750
43 4750
47 4750
1 4752
5 4752
7 4752
13 4752
17 4752
19 4752
23 4752
25 4752
29 4752
31 4752
35 4752
37 4752
41 4752
43 4752
47 4752
1 4754
3 4754
5 4754
7 4754
9 4754
11 4754
13 4754
15 4754
17 4754
19 4754
21 4754
23 4754
25 4754
27 4754
29 4754
31 4754
33 4754
35 4754
37 4754
39 4754
41 4754
43 4754
45 4754
47 4754
1 4756
3 4756
5 4756
7 4756
9 4756
11 4756
13 4756
15 4756
17 4756
19 4756
21 4756
23 4756
25 4756
27 4756
31 4756
33 4756
35 4756
37 4756
39 4756
43 4756
45 4756
47 4756
1 4758
5 4758
7 4758
11 4758
17 4758
19 4758
23 4758
25 4758
29 4758
31 4758
35 4758
37 4758
41 4758
43 4758
47 4758
1 4760
3 4760
9 4760
11 4760
13 4760
19 4760
23 4760
27 4760
29 4760
31 4760
33 4760
37 4760
39 4760
41 4760
43 4760
47 4760
1 4762
3 4762
5 4762
7 4762
9 4762
11 4762
13 4762
15 4762
17 4762
19 4762
21 4762
23 4762
25 4762
27 4762
29 4762
31 4762
33 4762
35 4762
37 4762
39 4762
41 4762
43 4762
45 4762
47 4762
1 4764
5 4764
7 4764
11 4764
13 4764
17 4764
19 4764
23 4764
25 4764
29 4764
31 4764
35 4764
37 4764
41 4764
43 4764
47 4764
1 4766
3 4766
5 4766
7 4766
9 4766
11 4766
13 4766
15 4766
17 4766
19 4766
21 4766
23 4766
25 4766
27 4766
29 4766
31 4766
33 4766
35 4766
37 4766
39 4766
41 4766
43 4766
45 4766
47 4766
1 4768
3 4768
5 4768
7 4768
9 4768
11 4768
13 4768
15 4768
17 4768
19 4768
21 4768
23 4768
25 4768
27 4768
29 4768
31 4768
33 4768
35 4768
37 4768
39 4768
41 4768
43 4768
45 4768
47 4768
1 4770
7 4770
11 4770
13 4770
17 4770
19 4770
23 4770
29 4770
31 4770
37 4770
41 4770
43 4770
47 4770
1 4772
3 4772
5 4772
7 4772
9 4772
11 4772
13 4772
15 4772
17 4772
19 4772
21 4772
23 4772
25 4772
27 4772
29 4772
31 4772
33 4772
35 4772
37 4772
39 4772
41 4772
43 4772
45 4772
47 4772
1 4774
3 4774
5 4774
9 4774
13 4774
15 4774
17 4774
19 4774
23 4774
25 4774
27 4774
29 4774
37 4774
39 4774
41 4774
43 4774
45 4774
47 4774
1 4776
5 4776
7 4776
11 4776
13 4776
17 4776
19 4776
23 4776
25 4776
29 4776
31 4776
35 4776
37 4776
41 4776
43 4776
47 4776
1 4778
3 4778
5 4778
7 4778
9 4778
11 4778
13 4778
15 4778
17 4778
19 4778
21 4778
23 4778
25 4778
27 4778
29 4778
31 4778
33 4778
35 4778
37 4778
39 4778
41 4778
43 4778
45 4778
47 4778
1 4780
3 4780
7 4780
9 4780
11 4780
13 4780
17 4780
19 4780
21 4780
23 4780
27 4780
29 4780
31 4780
33 4780
37 4780
39 4780
41 4780
43 4780
47 4780
1 4782
5 4782
7 4782
11 4782
13 4782
17 4782
19 4782
23 4782
25 4782
29 4782
31 4782
35 4782
37 4782
41 4782
43 4782
47 4782
1 4784
3 4784
5 4784
7 4784
9 4784
11 4784
15 4784
17 4784
19 4784
21 4784
25 4784
27 4784
29 4784
31 4784
33 4784
35 4784
37 4784
41 4784
43 4784
45 4784
47 4784
1 4786
3 4786
5 4786
7 4786
9 4786
11 4786
13 4786
15 4786
17 4786
19 4786
21 4786
23 4786
25 4786
27 4786
29 4786
31 4786
33 4786
35 4786
37 4786
39 4786
41 4786
43 4786
45 4786
47 4786
1 4788
5 4788
11 4788
13 4788
17 4788
23 4788
25 4788
29 4788
31 4788
37 4788
41 4788
43 4788
47 4788
1 4790
3 4790
7 4790
9 4790
11 4790
13 4790
17 4790
19 4790
21 4790
23 4790
27 4790
29 4790
31 4790
33 4790
37 4790
39 4790
41 4790
43 4790
47 4790
1 4792
3 4792
5 4792
7 4792
9 4792
11 4792
13 4792
15 4792
17 4792
19 4792
21 4792
23 4792
25 4792
27 4792
29 4792
31 4792
33 4792
35 4792
37 4792
39 4792
41 4792
43 4792
45 4792
47 4792
1 4794
5 4794
7 4794
11 4794
13 4794
19 4794
23 4794
25 4794
29 4794
31 4794
35 4794
37 4794
41 4794
43 4794
1 4796
3 4796
5 4796
7 4796
9 4796
13 4796
15 4796
17 4796
19 4796
21 4796
23 4796
25 4796
27 4796
29 4796
31 4796
35 4796
37 4796
39 4796
41 4796
43 4796
45 4796
47 4796
1 4798
3 4798
5 4798
7 4798
9 4798
11 4798
13 4798
15 4798
17 4798
19 4798
21 4798
23 4798
25 4798
27 4798
29 4798
31 4798
33 4798
35 4798
37 4798
39 4798
41 4798
43 4798
45 4798
47 4798
1 4800
7 4800
11 4800
13 4800
17 4800
19 4800
23 4800
29 4800
31 4800
37 4800
41 4800
43 4800
47 4800
1 4802
3 4802
5 4802
9 4802
11 4802
13 4802
15 4802
17 4802
19 4802
23 4802
25 4802
27 4802
29 4802
31 4802
33 4802
37 4802
39 4802
41 4802
43 4802
45 4802
47 4802
1 4804
3 4804
5 4804
7 4804
9 4804
11 4804
13 4804
15 4804
17 4804
19 4804
21 4804
23 4804
25 4804
27 4804
29 4804
31 4804
33 4804
35 4804
37 4804
39 4804
41 4804
43 4804
45 4804
47 4804
1 4806
5 4806
7 4806
11 4806
13 4806
17 4806
19 4806
23 4806
25 4806
29 4806
31 4806
35 4806
37 4806
41 4806
43 4806
47 4806
1 4808
3 4808
5 4808
7 4808
9 4808
11 4808
13 4808
15 4808
17 4808
19 4808
21 4808
23 4808
25 4808
27 4808
29 4808
31 4808
33 4808
35 4808
37 4808
39 4808
41 4808
43 4808
45 4808
47 4808
1 4810
3 4810
7 4810
9 4810
11 4810
17 4810
19 4810
21 4810
23 4810
27 4810
29 4810
31 4810
33 4810
41 4810
43 4810
47 4810
1 4812
5 4812
7 4812
11 4812
13 4812
17 4812
19 4812
23 4812
25 4812
29 4812
31 4812
35 4812
37 4812
41 4812
43 4812
47 4812
1 4814
3 4814
5 4814
7 4814
9 4814
11 4814
13 4814
15 4814
17 4814
19 4814
21 4814
23 4814
25 4814
27 4814
31 4814
33 4814
35 4814
37 4814
39 4814
41 4814
43 4814
45 4814
47 4814
1 4816
3 4816
5 4816
9 4816
11 4816
13 4816
15 4816
17 4816
19 4816
23 4816
25 4816
27 4816
29 4816
31 4816
33 4816
37 4816
39 4816
41 4816
45 4816
47 4816
1 4818
5 4818
7 4818
13 4818
17 4818
19 4818
23 4818
25 4818
29 4818
31 4818
35 4818
37 4818
41 4818
43 4818
47 4818
1 4820
3 4820
7 4820
9 4820
11 4820
13 4820
17 4820
19 4820
21 4820
23 4820
27 4820
29 4820
31 4820
33 4820
37 4820
39 4820
41 4820
43 4820
47 4820
1 4822
3 4822
5 4822
7 4822
9 4822
11 4822
13 4822
15 4822
17 4822
19 4822
21 4822
23 4822
25 4822
27 4822
29 4822
31 4822
33 4822
35 4822
37 4822
39 4822
41 4822
43 4822
45 4822
47 4822
1 4824
5 4824
7 4824
11 4824
13 4824
17 4824
19 4824
23 4824
25 4824
29 4824
31 4824
35 4824
37 4824
41 4824
43 4824
47 4824
1 4826
3 4826
5 4826
7 4826
9 4826
11 4826
13 4826
15 4826
17 4826
21 4826
23 4826
25 4826
27 4826
29 4826
31 4826
33 4826
35 4826
37 4826
39 4826
41 4826
43 4826
45 4826
47 4826
1 4828
3 4828
5 4828
7 4828
9 4828
11 4828
13 4828
15 4828
19 4828
21 4828
23 4828
25 4828
27 4828
29 4828
31 4828
33 4828
35 4828
37 4828
39 4828
41 4828
43 4828
45 4828
47 4828
1 4830
11 4830
13 4830
17 4830
19 4830
29 4830
31 4830
37 4830
41 4830
43 4830
47 4830
1 4832
3 4832
5 4832
7 4832
9 4832
11 4832
13 4832
15 4832
17 4832
19 4832
21 4832
23 4832
25 4832
27 4832
29 4832
31 4832
33 4832
35 4832
37 4832
39 4832
41 4832
43 4832
45 4832
47 4832
1 4834
3 4834
5 4834
7 4834
9 4834
11 4834
13 4834
15 4834
17 4834
19 4834
21 4834
23 4834
25 4834
27 4834
29 4834
31 4834
33 4834
35 4834
37 4834
39 4834
41 4834
43 4834
45 4834
47 4834
1 4836
5 4836
7 4836
11 4836
17 4836
19 4836
23 4836
25 4836
29 4836
35 4836
37 4836
41 4836
43 4836
47 4836
1 4838
3 4838
5 4838
7 4838
9 4838
11 4838
13 4838
15 4838
17 4838
19 4838
21 4838
23 4838
25 4838
27 4838
29 4838
31 4838
33 4838
35 4838
37 4838
39 4838
43 4838
45 4838
47 4838
1 4840
3 4840
7 4840
9 4840
13 4840
17 4840
19 4840
21 4840
23 4840
27 4840
29 4840
31 4840
37 4840
39 4840
41 4840
43 4840
47 4840
1 4842
5 4842
7 4842
11 4842
13 4842
17 4842
19 4842
23 4842
25 4842
29 4842
31 4842
35 4842
37 4842
41 4842
43 4842
47 4842
1 4844
3 4844
5 4844
9 4844
11 4844
13 4844
15 4844
17 4844
19 4844
23 4844
25 4844
27 4844
29 4844
31 4844
33 4844
37 4844
39 4844
41 4844
43 4844
45 4844
47 4844
1 4846
3 4846
5 4846
7 4846
9 4846
11 4846
13 4846
15 4846
17 4846
19 4846
21 4846
23 4846
25 4846
27 4846
29 4846
31 4846
33 4846
35 4846
37 4846
39 4846
41 4846
43 4846
45 4846
47 4846
1 4848
5 4848
7 4848
11 4848
13 4848
17 4848
19 4848
23 4848
25 4848
29 4848
31 4848
35 4848
37 4848
41 4848
43 4848
47 4848
1 4850
3 4850
7 4850
9 4850
11 4850
13 4850
17 4850
19 4850
21 4850
23 4850
27 4850
29 4850
31 4850
33 4850
37 4850
39 4850
41 4850
43 4850
47 4850
1 4852
3 4852
5 4852
7 4852
9 4852
11 4852
13 4852
15 4852
17 4852
19 4852
21 4852
23 4852
25 4852
27 4852
29 4852
31 4852
33 4852
35 4852
37 4852
39 4852
41 4852
43 4852
45 4852
47 4852
1 4854
5 4854
7 4854
11 4854
13 4854
17 4854
19 4854
23 4854
25 4854
29 4854
31 4854
35 4854
37 4854
41 4854
43 4854
47 4854
1 4856
3 4856
5 4856
7 4856
9 4856
11 4856
13 4856
15 4856
17 4856
19 4856
21 4856
23 4856
25 4856
27 4856
29 4856
31 4856
33 4856
35 4856
37 4856
39 4856
41 4856
43 4856
45 4856
47 4856
1 4858
3 4858
5 4858
9 4858
11 4858
13 4858
15 4858
17 4858
19 4858
23 4858
25 4858
27 4858
29 4858
31 4858
33 4858
37 4858
39 4858
41 4858
43 4858
45 4858
47 4858
1 4860
7 4860
11 4860
13 4860
17 4860
19 4860
23 4860
29 4860
31 4860
37 4860
41 4860
43 4860
47 4860
1 4862
3 4862
5 4862
7 4862
9 4862
15 4862
19 4862
21 4862
23 4862
25 4862
27 4862
29 4862
31 4862
35 4862
37 4862
41 4862
43 4862
45 4862
47 4862
1 4864
3 4864
5 4864
7 4864
9 4864
11 4864
13 4864
15 4864
17 4864
21 4864
23 4864
25 4864
27 4864
29 4864
31 4864
33 4864
35 4864
37 4864
39 4864
41 4864
43 4864
45 4864
47 4864
1 4866
5 4866
7 4866
11 4866
13 4866
17 4866
19 4866
23 4866
25 4866
29 4866
31 4866
35 4866
37 4866
41 4866
43 4866
47 4866
1 4868
3 4868
5 4868
7 4868
9 4868
11 4868
13 4868
15 4868
17 4868
19 4868
21 4868
23 4868
25 4868
27 4868
29 4868
31 4868
33 4868
35 4868
37 4868
39 4868
41 4868
43 4868
45 4868
47 4868
1 4870
3 4870
7 4870
9 4870
11 4870
13 4870
17 4870
19 4870
21 4870
23 4870
27 4870
29 4870
31 4870
33 4870
37 4870
39 4870
41 4870
43 4870
47 4870
1 4872
5 4872
11 4872
13 4872
17 4872
19 4872
23 4872
25 4872
31 4872
37 4872
41 4872
43 4872
47 4872
1 4874
3 4874
5 4874
7 4874
9 4874
11 4874
13 4874
15 4874
17 4874
19 4874
21 4874
23 4874
25 4874
27 4874
29 4874
31 4874
33 4874
35 4874
37 4874
39 4874
41 4874
43 4874
45 4874
47 4874
1 4876
3 4876
5 4876
7 4876
9 4876
11 4876
13 4876
15 4876
17 4876
19 4876
21 4876
25 4876
27 4876
29 4876
31 4876
33 4876
35 4876
37 4876
39 4876
41 4876
43 4876
45 4876
47 4876
1 4878
5 4878
7 4878
11 4878
13 4878
17 4878
19 4878
23 4878
25 4878
29 4878
31 4878
35 4878
37 4878
41 4878
43 4878
47 4878
1 4880
3 4880
7 4880
9 4880
11 4880
13 4880
17 4880
19 4880
21 4880
23 4880
27 4880
29 4880
31 4880
33 4880
37 4880
39 4880
41 4880
43 4880
47 4880
1 4882
3 4882
5 4882
7 4882
9 4882
11 4882
13 4882
15 4882
17 4882
19 4882
21 4882
23 4882
25 4882
27 4882
29 4882
31 4882
33 4882
35 4882
37 4882
39 4882
41 4882
43 4882
45 4882
47 4882
1 4884
5 4884
7 4884
13 4884
17 4884
19 4884
23 4884
25 4884
29 4884
31 4884
35 4884
41 4884
43 4884
47 4884
1 4886
3 4886
5 4886
9 4886
11 4886
13 4886
15 4886
17 4886
19 4886
23 4886
25 4886
27 4886
29 4886
31 4886
33 4886
37 4886
39 4886
41 4886
43 4886
45 4886
47 4886
1 4888
3 4888
5 4888
7 4888
9 4888
11 4888
15 4888
17 4888
19 4888
21 4888
23 4888
25 4888
27 4888
29 4888
31 4888
33 4888
35 4888
37 4888
41 4888
43 4888
45 4888
1 4890
7 4890
11 4890
13 4890
17 4890
19 4890
23 4890
29 4890
31 4890
37 4890
41 4890
43 4890
47 4890
1 4892
3 4892
5 4892
7 4892
9 4892
11 4892
13 4892
15 4892
17 4892
19 4892
21 4892
23 4892
25 4892
27 4892
29 4892
31 4892
33 4892
35 4892
37 4892
39 4892
41 4892
43 4892
45 4892
47 4892
1 4894
3 4894
5 4894
7 4894
9 4894
11 4894
13 4894
15 4894
17 4894
19 4894
21 4894
23 4894
25 4894
27 4894
29 4894
31 4894
33 4894
35 4894
37 4894
39 4894
41 4894
43 4894
45 4894
47 4894
1 4896
5 4896
7 4896
11 4896
13 4896
19 4896
23 4896
25 4896
29 4896
31 4896
35 4896
37 4896
41 4896
43 4896
47 4896
1 4898
3 4898
5 4898
7 4898
9 4898
11 4898
13 4898
15 4898
17 4898
19 4898
21 4898
23 4898
25 4898
27 4898
29 4898
33 4898
35 4898
37 4898
39 4898
41 4898
43 4898
45 4898
47 4898
1 4900
3 4900
9 4900
11 4900
13 4900
17 4900
19 4900
23 4900
27 4900
29 4900
31 4900
33 4900
37 4900
39 4900
41 4900
43 4900
47 4900
1 4902
5 4902
7 4902
11 4902
13 4902
17 4902
23 4902
25 4902
29 4902
31 4902
35 4902
37 4902
41 4902
47 4902
49 4902
1 4904
3 4904
5 4904
7 4904
9 4904
11 4904
13 4904
15 4904
17 4904
19 4904
21 4904
23 4904
25 4904
27 4904
29 4904
31 4904
33 4904
35 4904
37 4904
39 4904
41 4904
43 4904
45 4904
47 4904
49 4904
1 4906
3 4906
5 4906
7 4906
9 4906
13 4906
15 4906
17 4906
19 4906
21 4906
23 4906
25 4906
27 4906
29 4906
31 4906
35 4906
37 4906
39 4906
41 4906
43 4906
45 4906
47 4906
49 4906
1 4908
5 4908
7 4908
11 4908
13 4908
17 4908
19 4908
23 4908
25 4908
29 4908
31 4908
35 4908
37 4908
41 4908
43 4908
47 4908
49 4908
1 4910
3 4910
7 4910
9 4910
11 4910
13 4910
17 4910
19 4910
21 4910
23 4910
27 4910
29 4910
31 4910
33 4910
37 4910
39 4910
41 4910
43 4910
47 4910
49 4910
1 4912
3 4912
5 4912
7 4912
9 4912
11 4912
13 4912
15 4912
17 4912
19 4912
21 4912
23 4912
25 4912
27 4912
29 4912
31 4912
33 4912
35 4912
37 4912
39 4912
41 4912
43 4912
45 4912
47 4912
49 4912
1 4914
5 4914
11 4914
17 4914
19 4914
23 4914
25 4914
29 4914
31 4914
37 4914
41 4914
43 4914
47 4914
1 4916
3 4916
5 4916
7 4916
9 4916
11 4916
13 4916
15 4916
17 4916
19 4916
21 4916
23 4916
25 4916
27 4916
29 4916
31 4916
33 4916
35 4916
37 4916
39 4916
41 4916
43 4916
45 4916
47 4916
49 4916
1 4918
3 4918
5 4918
7 4918
9 4918
11 4918
13 4918
15 4918
17 4918
19 4918
21 4918
23 4918
25 4918
27 4918
29 4918
31 4918
33 4918
35 4918
37 4918
39 4918
41 4918
43 4918
45 4918
47 4918
49 4918
1 4920
7 4920
11 4920
13 4920
17 4920
19 4920
23 4920
29 4920
31 4920
37 4920
43 4920
47 4920
49 4920
1 4922
3 4922
5 4922
7 4922
9 4922
11 4922
13 4922
15 4922
17 4922
19 4922
21 4922
25 4922
27 4922
29 4922
31 4922
33 4922
35 4922
37 4922
39 4922
41 4922
43 4922
45 4922
47 4922
49 4922
1 4924
3 4924
5 4924
7 4924
9 4924
11 4924
13 4924
15 4924
17 4924
19 4924
21 4924
23 4924
25 4924
27 4924
29 4924
31 4924
33 4924
35 4924
37 4924
39 4924
41 4924
43 4924
45 4924
47 4924
49 4924
1 4926
5 4926
7 4926
11 4926
13 4926
17 4926
19 4926
23 4926
25 4926
29 4926
31 4926
35 4926
37 4926
41 4926
43 4926
47 4926
49 4926
1 4928
3 4928
5 4928
9 4928
13 4928
15 4928
17 4928
19 4928
23 4928
25 4928
27 4928
29 4928
31 4928
37 4928
39 4928
41 4928
43 4928
45 4928
47 4928
1 4930
3 4930
7 4930
9 4930
11 4930
13 4930
19 4930
21 4930
23 4930
27 4930
31 4930
33 4930
37 4930
39 4930
41 4930
43 4930
47 4930
49 4930
1 4932
5 4932
7 4932
11 4932
13 4932
17 4932
19 4932
23 4932
25 4932
29 4932
31 4932
35 4932
37 4932
41 4932
43 4932
47 4932
49 4932
1 4934
3 4934
5 4934
7 4934
9 4934
11 4934
13 4934
15 4934
17 4934
19 4934
21 4934
23 4934
25 4934
27 4934
29 4934
31 4934
33 4934
35 4934
37 4934
39 4934
41 4934
43 4934
45 4934
47 4934
49 4934
1 4936
3 4936
5 4936
7 4936
9 4936
11 4936
13 4936
15 4936
17 4936
19 4936
21 4936
23 4936
25 4936
27 4936
29 4936
31 4936
33 4936
35 4936
37 4936
39 4936
41 4936
43 4936
45 4936
47 4936
49 4936
1 4938
5 4938
7 4938
11 4938
13 4938
17 4938
19 4938
23 4938
25 4938
29 4938
31 4938
35 4938
37 4938
41 4938
43 4938
47 4938
49 4938
1 4940
3 4940
7 4940
9 4940
11 4940
17 4940
21 4940
23 4940
27 4940
29 4940
31 4940
33 4940
37 4940
41 4940
43 4940
47 4940
49 4940
1 4942
3 4942
5 4942
9 4942
11 4942
13 4942
15 4942
17 4942
19 4942
23 4942
25 4942
27 4942
29 4942
31 4942
33 4942
37 4942
39 4942
41 4942
43 4942
45 4942
47 4942
1 4944
5 4944
7 4944
11 4944
13 4944
17 4944
19 4944
23 4944
25 4944
29 4944
31 4944
35 4944
37 4944
41 4944
43 4944
47 4944
49 4944
1 4946
3 4946
5 4946
7 4946
9 4946
11 4946
13 4946
15 4946
17 4946
19 4946
21 4946
23 4946
25 4946
27 4946
29 4946
31 4946
33 4946
35 4946
37 4946
39 4946
41 4946
43 4946
45 4946
47 4946
49 4946
1 4948
3 4948
5 4948
7 4948
9 4948
11 4948
13 4948
15 4948
17 4948
19 4948
21 4948
23 4948
25 4948
27 4948
29 4948
31 4948
33 4948
35 4948
37 4948
39 4948
41 4948
43 4948
45 4948
47 4948
49 4948
1 4950
7 4950
13 4950
17 4950
19 4950
23 4950
29 4950
31 4950
37 4950
41 4950
43 4950
47 4950
49 4950
1 4952
3 4952
5 4952
7 4952
9 4952
11 4952
13 4952
15 4952
17 4952
19 4952
21 4952
23 4952
25 4952
27 4952
29 4952
31 4952
33 4952
35 4952
37 4952
39 4952
41 4952
43 4952
45 4952
47 4952
49 4952
1 4954
3 4954
5 4954
7 4954
9 4954
11 4954
13 4954
15 4954
17 4954
19 4954
21 4954
23 4954
25 4954
27 4954
29 4954
31 4954
33 4954
35 4954
37 4954
39 4954
41 4954
43 4954
45 4954
47 4954
49 4954
1 4956
5 4956
11 4956
13 4956
17 4956
19 4956
23 4956
25 4956
29 4956
31 4956
37 4956
41 4956
43 4956
47 4956
1 4958
3 4958
5 4958
7 4958
9 4958
11 4958
13 4958
15 4958
17 4958
19 4958
21 4958
23 4958
25 4958
27 4958
29 4958
31 4958
33 4958
35 4958
39 4958
41 4958
43 4958
45 4958
47 4958
49 4958
1 4960
3 4960
7 4960
9 4960
11 4960
13 4960
17 4960
19 4960
21 4960
23 4960
27 4960
29 4960
33 4960
37 4960
39 4960
41 4960
43 4960
47 4960
49 4960
1 4962
5 4962
7 4962
11 4962
13 4962
17 4962
19 4962
23 4962
25 4962
29 4962
31 4962
35 4962
37 4962
41 4962
43 4962
47 4962
49 4962
1 4964
3 4964
5 4964
7 4964
9 4964
11 4964
13 4964
15 4964
19 4964
21 4964
23 4964
25 4964
27 4964
29 4964
31 4964
33 4964
35 4964
37 4964
39 4964
41 4964
43 4964
45 4964
47 4964
49 4964
1 4966
3 4966
5 4966
7 4966
9 4966
11 4966
15 4966
17 4966
19 4966
21 4966
23 4966
25 4966
27 4966
29 4966
31 4966
33 4966
35 4966
37 4966
41 4966
43 4966
45 4966
47 4966
49 4966
1 4968
5 4968
7 4968
11 4968
13 4968
17 4968
19 4968
25 4968
29 4968
31 4968
35 4968
37 4968
41 4968
43 4968
47 4968
49 4968
1 4970
3 4970
9 4970
11 4970
13 4970
17 4970
19 4970
23 4970
27 4970
29 4970
31 4970
33 4970
37 4970
39 4970
41 4970
43 4970
47 4970
1 4972
3 4972
5 4972
7 4972
9 4972
13 4972
15 4972
17 4972
19 4972
21 4972
23 4972
25 4972
27 4972
29 4972
31 4972
35 4972
37 4972
39 4972
41 4972
43 4972
45 4972
47 4972
49 4972
1 4974
5 4974
7 4974
11 4974
13 4974
17 4974
19 4974
23 4974
25 4974
29 4974
31 4974
35 4974
37 4974
41 4974
43 4974
47 4974
49 4974
1 4976
3 4976
5 4976
7 4976
9 4976
11 4976
13 4976
15 4976
17 4976
19 4976
21 4976
23 4976
25 4976
27 4976
29 4976
31 4976
33 4976
35 4976
37 4976
39 4976
41 4976
43 4976
45 4976
47 4976
49 4976
1 4978
3 4978
5 4978
7 4978
9 4978
11 4978
13 4978
15 4978
17 4978
21 4978
23 4978
25 4978
27 4978
29 4978
31 4978
33 4978
35 4978
37 4978
39 4978
41 4978
43 4978
45 4978
47 4978
49 4978
1 4980
7 4980
11 4980
13 4980
17 4980
19 4980
23 4980
29 4980
31 4980
37 4980
41 4980
43 4980
47 4980
49 4980
1 4982
3 4982
5 4982
7 4982
9 4982
11 4982
13 4982
15 4982
17 4982
19 4982
21 4982
23 4982
25 4982
27 4982
29 4982
31 4982
33 4982
35 4982
37 4982
39 4982
41 4982
43 4982
45 4982
49 4982
1 4984
3 4984
5 4984
9 4984
11 4984
13 4984
15 4984
17 4984
19 4984
23 4984
25 4984
27 4984
29 4984
31 4984
33 4984
37 4984
39 4984
41 4984
43 4984
45 4984
47 4984
1 4986
5 4986
7 4986
11 4986
13 4986
17 4986
19 4986
23 4986
25 4986
29 4986
31 4986
35 4986
37 4986
41 4986
43 4986
47 4986
49 4986
1 4988
3 4988
5 4988
7 4988
9 4988
11 4988
13 4988
15 4988
17 4988
19 4988
21 4988
23 4988
25 4988
27 4988
31 4988
33 4988
35 4988
37 4988
39 4988
41 4988
45 4988
47 4988
49 4988
1 4990
3 4990
7 4990
9 4990
11 4990
13 4990
17 4990
19 4990
21 4990
23 4990
27 4990
29 4990
31 4990
33 4990
37 4990
39 4990
41 4990
43 4990
47 4990
49 4990
1 4992
5 4992
7 4992
11 4992
17 4992
19 4992
23 4992
25 4992
29 4992
31 4992
35 4992
37 4992
41 4992
43 4992
47 4992
49 4992
1 4994
3 4994
5 4994
7 4994
9 4994
13 4994
15 4994
17 4994
19 4994
21 4994
23 4994
25 4994
27 4994
29 4994
31 4994
35 4994
37 4994
39 4994
41 4994
43 4994
45 4994
47 4994
49 4994
1 4996
3 4996
5 4996
7 4996
9 4996
11 4996
13 4996
15 4996
17 4996
19 4996
21 4996
23 4996
25 4996
27 4996
29 4996
31 4996
33 4996
35 4996
37 4996
39 4996
41 4996
43 4996
45 4996
47 4996
49 4996
1 4998
5 4998
11 4998
13 4998
19 4998
23 4998
25 4998
29 4998
31 4998
37 4998
41 4998
43 4998
47 4998
1 5000
3 5000
7 5000
9 5000
11 5000
13 5000
17 5000
19 5000
21 5000
23 5000
27 5000
29 5000
31 5000
33 5000
37 5000
39 5000
41 5000
43 5000
47 5000
49 5000
1 5002
3 5002
5 5002
7 5002
9 5002
11 5002
13 5002
15 5002
17 5002
19 5002
21 5002
23 5002
25 5002
27 5002
29 5002
31 5002
33 5002
35 5002
37 5002
39 5002
43 5002
45 5002
47 5002
49 5002
1 5004
5 5004
7 5004
11 5004
13 5004
17 5004
19 5004
23 5004
25 5004
29 5004
31 5004
35 5004
37 5004
41 5004
43 5004
47 5004
49 5004
1 5006
3 5006
5 5006
7 5006
9 5006
11 5006
13 5006
15 5006
17 5006
19 5006
21 5006
23 5006
25 5006
27 5006
29 5006
31 5006
33 5006
35 5006
37 5006
39 5006
41 5006
43 5006
45 5006
47 5006
49 5006
1 5008
3 5008
5 5008
7 5008
9 5008
11 5008
13 5008
15 5008
17 5008
19 5008
21 5008
23 5008
25 5008
27 5008
29 5008
31 5008
33 5008
35 5008
37 5008
39 5008
41 5008
43 5008
45 5008
47 5008
49 5008
1 5010
7 5010
11 5010
13 5010
17 5010
19 5010
23 5010
29 5010
31 5010
37 5010
41 5010
43 5010
47 5010
49 5010
1 5012
3 5012
5 5012
9 5012
11 5012
13 5012
15 5012
17 5012
19 5012
23 5012
25 5012
27 5012
29 5012
31 5012
33 5012
37 5012
39 5012
41 5012
43 5012
45 5012
47 5012
1 5014
3 5014
5 5014
7 5014
9 5014
11 5014
13 5014
15 5014
17 5014
19 5014
21 5014
25 5014
27 5014
29 5014
31 5014
33 5014
35 5014
37 5014
39 5014
41 5014
43 5014
45 5014
47 5014
49 5014
1 5016
5 5016
7 5016
13 5016
17 5016
23 5016
25 5016
29 5016
31 5016
35 5016
37 5016
41 5016
43 5016
47 5016
49 5016
1 5018
3 5018
5 5018
7 5018
9 5018
11 5018
15 5018
17 5018
19 5018
21 5018
23 5018
25 5018
27 5018
29 5018
31 5018
33 5018
35 5018
37 5018
41 5018
43 5018
45 5018
47 5018
49 5018
1 5020
3 5020
7 5020
9 5020
11 5020
13 5020
17 5020
19 5020
21 5020
23 5020
27 5020
29 5020
31 5020
33 5020
37 5020
39 5020
41 5020
43 5020
47 5020
49 5020
1 5022
5 5022
7 5022
11 5022
13 5022
17 5022
19 5022
23 5022
25 5022
29 5022
35 5022
37 5022
41 5022
43 5022
47 5022
49 5022
1 5024
3 5024
5 5024
7 5024
9 5024
11 5024
13 5024
15 5024
17 5024
19 5024
21 5024
23 5024
25 5024
27 5024
29 5024
31 5024
33 5024
35 5024
37 5024
39 5024
41 5024
43 5024
45 5024
47 5024
49 5024
1 5026
3 5026
5 5026
9 5026
11 5026
13 5026
15 5026
17 5026
19 5026
23 5026
25 5026
27 5026
29 5026
31 5026
33 5026
37 5026
39 5026
41 5026
43 5026
45 5026
47 5026
1 5028
5 5028
7 5028
11 5028
13 5028
17 5028
19 5028
23 5028
25 5028
29 5028
31 5028
35 5028
37 5028
41 5028
43 5028
47 5028
49 5028
1 5030
3 5030
7 5030
9 5030
11 5030
13 5030
17 5030
19 5030
21 5030
23 5030
27 5030
29 5030
31 5030
33 5030
37 5030
39 5030
41 5030
43 5030
47 5030
49 5030
1 5032
3 5032
5 5032
7 5032
9 5032
11 5032
13 5032
15 5032
19 5032
21 5032
23 5032
25 5032
27 5032
29 5032
31 5032
33 5032
35 5032
39 5032
41 5032
43 5032
45 5032
47 5032
49 5032
1 5034
5 5034
7 5034
11 5034
13 5034
17 5034
19 5034
23 5034
25 5034
29 5034
31 5034
35 5034
37 5034
41 5034
43 5034
47 5034
49 5034
1 5036
3 5036
5 5036
7 5036
9 5036
11 5036
13 5036
15 5036
17 5036
19 5036
21 5036
23 5036
25 5036
27 5036
29 5036
31 5036
33 5036
35 5036
37 5036
39 5036
41 5036
43 5036
45 5036
47 5036
49 5036
1 5038
3 5038
5 5038
7 5038
9 5038
13 5038
15 5038
17 5038
19 5038
21 5038
23 5038
25 5038
27 5038
29 5038
31 5038
35 5038
37 5038
39 5038
41 5038
43 5038
45 5038
47 5038
49 5038
1 5040
11 5040
13 5040
17 5040
19 5040
23 5040
29 5040
31 5040
37 5040
41 5040
43 5040
47 5040
1 5042
3 5042
5 5042
7 5042
9 5042
11 5042
13 5042
15 5042
17 5042
19 5042
21 5042
23 5042
25 5042
27 5042
29 5042
31 5042
33 5042
35 5042
37 5042
39 5042
41 5042
43 5042
45 5042
47 5042
49 5042
1 5044
3 5044
5 5044
7 5044
9 5044
11 5044
15 5044
17 5044
19 5044
21 5044
23 5044
25 5044
27 5044
29 5044
31 5044
33 5044
35 5044
37 5044
41 5044
43 5044
45 5044
47 5044
49 5044
1 5046
5 5046
7 5046
11 5046
13 5046
17 5046
19 5046
23 5046
25 5046
31 5046
35 5046
37 5046
41 5046
43 5046
47 5046
49 5046
1 5048
3 5048
5 5048
7 5048
9 5048
11 5048
13 5048
15 5048
17 5048
19 5048
21 5048
23 5048
25 5048
27 5048
29 5048
31 5048
33 5048
35 5048
37 5048
39 5048
41 5048
43 5048
45 5048
47 5048
49 5048
1 5050
3 5050
7 5050
9 5050
11 5050
13 5050
17 5050
19 5050
21 5050
23 5050
27 5050
29 5050
31 5050
33 5050
37 5050
39 5050
41 5050
43 5050
47 5050
49 5050
1 5052
5 5052
7 5052
11 5052
13 5052
17 5052
19 5052
23 5052
25 5052
29 5052
31 5052
35 5052
37 5052
41 5052
43 5052
47 5052
49 5052
1 5054
3 5054
5 5054
9 5054
11 5054
13 5054
15 5054
17 5054
23 5054
25 5054
27 5054
29 5054
31 5054
33 5054
37 5054
39 5054
41 5054
43 5054
45 5054
47 5054
1 5056
3 5056
5 5056
7 5056
9 5056
11 5056
13 5056
15 5056
17 5056
19 5056
21 5056
23 5056
25 5056
27 5056
29 5056
31 5056
33 5056
35 5056
37 5056
39 5056
41 5056
43 5056
45 5056
47 5056
49 5056
1 5058
5 5058
7 5058
11 5058
13 5058
17 5058
19 5058
23 5058
25 5058
29 5058
31 5058
35 5058
37 5058
41 5058
43 5058
47 5058
49 5058
1 5060
3 5060
7 5060
9 5060
13 5060
17 5060
19 5060
21 5060
27 5060
29 5060
31 5060
37 5060
39 5060
41 5060
43 5060
47 5060
49 5060
1 5062
3 5062
5 5062
7 5062
9 5062
11 5062
13 5062
15 5062
17 5062
19 5062
21 5062
23 5062
25 5062
27 5062
29 5062
31 5062
33 5062
35 5062
37 5062
39 5062
41 5062
43 5062
45 5062
47 5062
49 5062
1 5064
5 5064
7 5064
11 5064
13 5064
17 5064
19 5064
23 5064
25 5064
29 5064
31 5064
35 5064
37 5064
41 5064
43 5064
47 5064
49 5064
1 5066
3 5066
5 5066
7 5066
9 5066
11 5066
13 5066
15 5066
19 5066
21 5066
23 5066
25 5066
27 5066
29 5066
31 5066
33 5066
35 5066
37 5066
39 5066
41 5066
43 5066
45 5066
47 5066
49 5066
1 5068
3 5068
5 5068
9 5068
11 5068
13 5068
15 5068
17 5068
19 5068
23 5068
25 5068
27 5068
29 5068
31 5068
33 5068
37 5068
39 5068
41 5068
43 5068
45 5068
47 5068
1 5070
7 5070
11 5070
17 5070
19 5070
23 5070
29 5070
31 5070
37 5070
41 5070
43 5070
47 5070
49 5070
1 5072
3 5072
5 5072
7 5072
9 5072
11 5072
13 5072
15 5072
17 5072
19 5072
21 5072
23 5072
25 5072
27 5072
29 5072
31 5072
33 5072
35 5072
37 5072
39 5072
41 5072
43 5072
45 5072
47 5072
49 5072
1 5074
3 5074
5 5074
7 5074
9 5074
11 5074
13 5074
15 5074
17 5074
19 5074
21 5074
23 5074
25 5074
27 5074
29 5074
31 5074
33 5074
35 5074
37 5074
39 5074
41 5074
45 5074
47 5074
49 5074
1 5076
5 5076
7 5076
11 5076
13 5076
17 5076
19 5076
23 5076
25 5076
29 5076
31 5076
35 5076
37 5076
41 5076
43 5076
49 5076
1 5078
3 5078
5 5078
7 5078
9 5078
11 5078
13 5078
15 5078
17 5078
19 5078
21 5078
23 5078
25 5078
27 5078
29 5078
31 5078
33 5078
35 5078
37 5078
39 5078
41 5078
43 5078
45 5078
47 5078
49 5078
1 5080
3 5080
7 5080
9 5080
11 5080
13 5080
17 5080
19 5080
21 5080
23 5080
27 5080
29 5080
31 5080
33 5080
37 5080
39 5080
41 5080
43 5080
47 5080
49 5080
1 5082
5 5082
13 5082
17 5082
19 5082
23 5082
25 5082
29 5082
31 5082
37 5082
41 5082
43 5082
47 5082
1 5084
3 5084
5 5084
7 5084
9 5084
11 5084
13 5084
15 5084
17 5084
19 5084
21 5084
23 5084
25 5084
27 5084
29 5084
33 5084
35 5084
37 5084
39 5084
43 5084
45 5084
47 5084
49 5084
1 5086
3 5086
5 5086
7 5086
9 5086
11 5086
13 5086
15 5086
17 5086
19 5086
21 5086
23 5086
25 5086
27 5086
29 5086
31 5086
33 5086
35 5086
37 5086
39 5086
41 5086
43 5086
45 5086
47 5086
49 5086
1 5088
5 5088
7 5088
11 5088
13 5088
17 5088
19 5088
23 5088
25 5088
29 5088
31 5088
35 5088
37 5088
41 5088
43 5088
47 5088
49 5088
1 5090
3 5090
7 5090
9 5090
11 5090
13 5090
17 5090
19 5090
21 5090
23 5090
27 5090
29 5090
31 5090
33 5090
37 5090
39 5090
41 5090
43 5090
47 5090
49 5090
1 5092
3 5092
5 5092
7 5092
9 5092
11 5092
13 5092
15 5092
17 5092
21 5092
23 5092
25 5092
27 5092
29 5092
31 5092
33 5092
35 5092
37 5092
39 5092
41 5092
43 5092
45 5092
47 5092
49 5092
1 5094
5 5094
7 5094
11 5094
13 5094
17 5094
19 5094
23 5094
25 5094
29 5094
31 5094
35 5094
37 5094
41 5094
43 5094
47 5094
49 5094
1 5096
3 5096
5 5096
9 5096
11 5096
15 5096
17 5096
19 5096
23 5096
25 5096
27 5096
29 5096
31 5096
33 5096
37 5096
41 5096
43 5096
45 5096
47 5096
1 5098
3 5098
5 5098
7 5098
9 5098
11 5098
13 5098
15 5098
17 5098
19 5098
21 5098
23 5098
25 5098
27 5098
29 5098
31 5098
33 5098
35 5098
37 5098
39 5098
41 5098
43 5098
45 5098
47 5098
49 5098
1 5100
7 5100
11 5100
13 5100
19 5100
23 5100
29 5100
31 5100
37 5100
41 5100
43 5100
47 5100
49 5100
1 5102
3 5102
5 5102
7 5102
9 5102
11 5102
13 5102
15 5102
17 5102
19 5102
21 5102
23 5102
25 5102
27 5102
29 5102
31 5102
33 5102
35 5102
37 5102
39 5102
41 5102
43 5102
45 5102
47 5102
49 5102
51 5102
1 5104
3 5104
5 5104
7 5104
9 5104
13 5104
15 5104
17 5104
19 5104
21 5104
23 5104
25 5104
27 5104
31 5104
35 5104
37 5104
39 5104
41 5104
43 5104
45 5104
47 5104
49 5104
51 5104
1 5106
5 5106
7 5106
11 5106
13 5106
17 5106
19 5106
25 5106
29 5106
31 5106
35 5106
41 5106
43 5106
47 5106
49 5106
1 5108
3 5108
5 5108
7 5108
9 5108
11 5108
13 5108
15 5108
17 5108
19 5108
21 5108
23 5108
25 5108
27 5108
29 5108
31 5108
33 5108
35 5108
37 5108
39 5108
41 5108
43 5108
45 5108
47 5108
49 5108
51 5108
1 5110
3 5110
9 5110
11 5110
13 5110
17 5110
19 5110
23 5110
27 5110
29 5110
31 5110
33 5110
37 5110
39 5110
41 5110
43 5110
47 5110
51 5110
1 5112
5 5112
7 5112
11 5112
13 5112
17 5112
19 5112
23 5112
25 5112
29 5112
31 5112
35 5112
37 5112
41 5112
43 5112
47 5112
49 5112
1 5114
3 5114
5 5114
7 5114
9 5114
11 5114
13 5114
15 5114
17 5114
19 5114
21 5114
23 5114
25 5114
27 5114
29 5114
31 5114
33 5114
35 5114
37 5114
39 5114
41 5114
43 5114
45 5114
47 5114
49 5114
51 5114
1 5116
3 5116
5 5116
7 5116
9 5116
11 5116
13 5116
15 5116
17 5116
19 5116
21 5116
23 5116
25 5116
27 5116
29 5116
31 5116
33 5116
35 5116
37 5116
39 5116
41 5116
43 5116
45 5116
47 5116
49 5116
51 5116
1 5118
5 5118
7 5118
11 5118
13 5118
17 5118
19 5118
23 5118
25 5118
29 5118
31 5118
35 5118
37 5118
41 5118
43 5118
47 5118
49 5118
1 5120
3 5120
7 5120
9 5120
11 5120
13 5120
17 5120
19 5120
21 5120
23 5120
27 5120
29 5120
31 5120
33 5120
37 5120
39 5120
41 5120
43 5120
47 5120
49 5120
51 5120
1 5122
3 5122
5 5122
7 5122
9 5122
11 5122
15 5122
17 5122
19 5122
21 5122
23 5122
25 5122
27 5122
29 5122
31 5122
33 5122
35 5122
37 5122
41 5122
43 5122
45 5122
47 5122
49 5122
51 5122
1 5124
5 5124
11 5124
13 5124
17 5124
19 5124
23 5124
25 5124
29 5124
31 5124
37 5124
41 5124
43 5124
47 5124
1 5126
3 5126
5 5126
7 5126
9 5126
13 5126
15 5126
17 5126
19 5126
21 5126
23 5126
25 5126
27 5126
29 5126
31 5126
35 5126
37 5126
39 5126
41 5126
43 5126
45 5126
47 5126
49 5126
51 5126
1 5128
3 5128
5 5128
7 5128
9 5128
11 5128
13 5128
15 5128
17 5128
19 5128
21 5128
23 5128
25 5128
27 5128
29 5128
31 5128
33 5128
35 5128
37 5128
39 5128
41 5128
43 5128
45 5128
47 5128
49 5128
51 5128
1 5130
7 5130
11 5130
13 5130
17 5130
23 5130
29 5130
31 5130
37 5130
41 5130
43 5130
47 5130
49 5130
1 5132
3 5132
5 5132
7 5132
9 5132
11 5132
13 5132
15 5132
17 5132
19 5132
21 5132
23 5132
25 5132
27 5132
29 5132
31 5132
33 5132
35 5132
37 5132
39 5132
41 5132
43 5132
45 5132
47 5132
49 5132
51 5132
1 5134
3 5134
5 5134
7 5134
9 5134
11 5134
13 5134
15 5134
19 5134
21 5134
23 5134
25 5134
27 5134
29 5134
31 5134
33 5134
35 5134
37 5134
39 5134
41 5134
43 5134
45 5134
47 5134
49 5134
1 5136
5 5136
7 5136
11 5136
13 5136
17 5136
19 5136
23 5136
25 5136
29 5136
31 5136
35 5136
37 5136
41 5136
43 5136
47 5136
49 5136
1 5138
3 5138
5 5138
9 5138
11 5138
13 5138
15 5138
17 5138
19 5138
23 5138
25 5138
27 5138
29 5138
31 5138
33 5138
37 5138
39 5138
41 5138
43 5138
45 5138
47 5138
51 5138
1 5140
3 5140
7 5140
9 5140
11 5140
13 5140
17 5140
19 5140
21 5140
23 5140
27 5140
29 5140
31 5140
33 5140
37 5140
39 5140
41 5140
43 5140
47 5140
49 5140
51 5140
1 5142
5 5142
7 5142
11 5142
13 5142
17 5142
19 5142
23 5142
25 5142
29 5142
31 5142
35 5142
37 5142
41 5142
43 5142
47 5142
49 5142
1 5144
3 5144
5 5144
7 5144
9 5144
11 5144
13 5144
15 5144
17 5144
19 5144
21 5144
23 5144
25 5144
27 5144
29 5144
31 5144
33 5144
35 5144
37 5144
39 5144
41 5144
43 5144
45 5144
47 5144
49 5144
51 5144
1 5146
3 5146
5 5146
7 5146
9 5146
11 5146
13 5146
15 5146
17 5146
19 5146
21 5146
23 5146
25 5146
27 5146
29 5146
33 5146
35 5146
37 5146
39 5146
41 5146
43 5146
45 5146
47 5146
49 5146
51 5146
1 5148
5 5148
7 5148
17 5148
19 5148
23 5148
25 5148
29 5148
31 5148
35 5148
37 5148
41 5148
43 5148
47 5148
49 5148
1 5150
3 5150
7 5150
9 5150
11 5150
13 5150
17 5150
19 5150
21 5150
23 5150
27 5150
29 5150
31 5150
33 5150
37 5150
39 5150
41 5150
43 5150
47 5150
49 5150
51 5150
1 5152
3 5152
5 5152
9 5152
11 5152
13 5152
15 5152
17 5152
19 5152
25 5152
27 5152
29 5152
31 5152
33 5152
37 5152
39 5152
41 5152
43 5152
45 5152
47 5152
51 5152
1 5154
5 5154
7 5154
11 5154
13 5154
17 5154
19 5154
23 5154
25 5154
29 5154
31 5154
35 5154
37 5154
41 5154
43 5154
47 5154
49 5154
1 5156
3 5156
5 5156
7 5156
9 5156
11 5156
13 5156
15 5156
17 5156
19 5156
21 5156
23 5156
25 5156
27 5156
29 5156
31 5156
33 5156
35 5156
37 5156
39 5156
41 5156
43 5156
45 5156
47 5156
49 5156
51 5156
1 5158
3 5158
5 5158
7 5158
9 5158
11 5158
13 5158
15 5158
17 5158
19 5158
21 5158
23 5158
25 5158
27 5158
29 5158
31 5158
33 5158
35 5158
37 5158
39 5158
41 5158
43 5158
45 5158
47 5158
49 5158
51 5158
1 5160
7 5160
11 5160
13 5160
17 5160
19 5160
23 5160
29 5160
31 5160
37 5160
41 5160
47 5160
49 5160
1 5162
3 5162
5 5162
7 5162
9 5162
11 5162
13 5162
15 5162
17 5162
19 5162
21 5162
23 5162
25 5162
27 5162
31 5162
33 5162
35 5162
37 5162
39 5162
41 5162
43 5162
45 5162
47 5162
49 5162
51 5162
1 5164
3 5164
5 5164
7 5164
9 5164
11 5164
13 5164
15 5164
17 5164
19 5164
21 5164
23 5164
25 5164
27 5164
29 5164
31 5164
33 5164
35 5164
37 5164
39 5164
41 5164
43 5164
45 5164
47 5164
49 5164
51 5164
1 5166
5 5166
11 5166
13 5166
17 5166
19 5166
23 5166
25 5166
29 5166
31 5166
37 5166
43 5166
47 5166
1 5168
3 5168
5 5168
7 5168
9 5168
11 5168
13 5168
15 5168
21 5168
23 5168
25 5168
27 5168
29 5168
31 5168
33 5168
35 5168
37 5168
39 5168
41 5168
43 5168
45 5168
47 5168
49 5168
1 5170
3 5170
7 5170
9 5170
13 5170
17 5170
19 5170
21 5170
23 5170
27 5170
29 5170
31 5170
37 5170
39 5170
41 5170
43 5170
49 5170
51 5170
1 5172
5 5172
7 5172
11 5172
13 5172
17 5172
19 5172
23 5172
25 5172
29 5172
31 5172
35 5172
37 5172
41 5172
43 5172
47 5172
49 5172
1 5174
3 5174
5 5174
7 5174
9 5174
11 5174
15 5174
17 5174
19 5174
21 5174
23 5174
25 5174
27 5174
29 5174
31 5174
33 5174
35 5174
37 5174
41 5174
43 5174
45 5174
47 5174
49 5174
51 5174
1 5176
3 5176
5 5176
7 5176
9 5176
11 5176
13 5176
15 5176
17 5176
19 5176
21 5176
23 5176
25 5176
27 5176
29 5176
31 5176
33 5176
35 5176
37 5176
39 5176
41 5176
43 5176
45 5176
47 5176
49 5176
51 5176
1 5178
5 5178
7 5178
11 5178
13 5178
17 5178
19 5178
23 5178
25 5178
29 5178
31 5178
35 5178
37 5178
41 5178
43 5178
47 5178
49 5178
1 5180
3 5180
9 5180
11 5180
13 5180
17 5180
19 5180
23 5180
27 5180
29 5180
31 5180
33 5180
39 5180
41 5180
43 5180
47 5180
51 5180
1 5182
3 5182
5 5182
7 5182
9 5182
11 5182
13 5182
15 5182
17 5182
19 5182
21 5182
23 5182
25 5182
27 5182
29 5182
31 5182
33 5182
35 5182
37 5182
39 5182
41 5182
43 5182
45 5182
47 5182
49 5182
51 5182
1 5184
5 5184
7 5184
11 5184
13 5184
17 5184
19 5184
23 5184
25 5184
29 5184
31 5184
35 5184
37 5184
41 5184
43 5184
47 5184
49 5184
1 5186
3 5186
5 5186
7 5186
9 5186
11 5186
13 5186
15 5186
17 5186
19 5186
21 5186
23 5186
25 5186
27 5186
29 5186
31 5186
33 5186
35 5186
37 5186
39 5186
41 5186
43 5186
45 5186
47 5186
49 5186
51 5186
1 5188
3 5188
5 5188
7 5188
9 5188
11 5188
13 5188
15 5188
17 5188
19 5188
21 5188
23 5188
25 5188
27 5188
29 5188
31 5188
33 5188
35 5188
37 5188
39 5188
41 5188
43 5188
45 5188
47 5188
49 5188
51 5188
1 5190
7 5190
11 5190
13 5190
17 5190
19 5190
23 5190
29 5190
31 5190
37 5190
41 5190
43 5190
47 5190
49 5190
1 5192
3 5192
5 5192
7 5192
9 5192
13 5192
15 5192
17 5192
19 5192
21 5192
23 5192
25 5192
27 5192
29 5192
31 5192
35 5192
37 5192
39 5192
41 5192
43 5192
45 5192
47 5192
49 5192
51 5192
1 5194
3 5194
5 5194
9 5194
11 5194
13 5194
15 5194
17 5194
19 5194
23 5194
25 5194
27 5194
29 5194
31 5194
33 5194
37 5194
39 5194
41 5194
43 5194
45 5194
47 5194
51 5194
1 5196
5 5196
7 5196
11 5196
13 5196
17 5196
19 5196
23 5196
25 5196
29 5196
31 5196
35 5196
37 5196
41 5196
43 5196
47 5196
49 5196
1 5198
3 5198
5 5198
7 5198
9 5198
11 5198
13 5198
15 5198
17 5198
19 5198
21 5198
25 5198
27 5198
29 5198
31 5198
33 5198
35 5198
37 5198
39 5198
41 5198
43 5198
45 5198
47 5198
49 5198
51 5198
1 5200
3 5200
7 5200
9 5200
11 5200
17 5200
19 5200
21 5200
23 5200
27 5200
29 5200
31 5200
33 5200
37 5200
41 5200
43 5200
47 5200
49 5200
51 5200
1 5202
5 5202
7 5202
11 5202
13 5202
19 5202
23 5202
25 5202
29 5202
31 5202
35 5202
37 5202
41 5202
43 5202
47 5202
49 5202
1 5204
3 5204
5 5204
7 5204
9 5204
11 5204
13 5204
15 5204
17 5204
19 5204
21 5204
23 5204
25 5204
27 5204
29 5204
31 5204
33 5204
35 5204
37 5204
39 5204
41 5204
43 5204
45 5204
47 5204
49 5204
51 5204
1 5206
3 5206
5 5206
7 5206
9 5206
11 5206
13 5206
15 5206
17 5206
21 5206
23 5206
25 5206
27 5206
29 5206
31 5206
33 5206
35 5206
37 5206
39 5206
41 5206
43 5206
45 5206
47 5206
49 5206
51 5206
1 5208
5 5208
11 5208
13 5208
17 5208
19 5208
23 5208
25 5208
29 5208
37 5208
41 5208
43 5208
47 5208
1 5210
3 5210
7 5210
9 5210
11 5210
13 5210
17 5210
19 5210
21 5210
23 5210
27 5210
29 5210
31 5210
33 5210
37 5210
39 5210
41 5210
43 5210
47 5210
49 5210
51 5210
1 5212
3 5212
5 5212
7 5212
9 5212
11 5212
13 5212
15 5212
17 5212
19 5212
21 5212
23 5212
25 5212
27 5212
29 5212
31 5212
33 5212
35 5212
37 5212
39 5212
41 5212
43 5212
45 5212
47 5212
49 5212
51 5212
1 5214
5 5214
7 5214
13 5214
17 5214
19 5214
23 5214
25 5214
29 5214
31 5214
35 5214
37 5214
41 5214
43 5214
47 5214
49 5214
1 5216
3 5216
5 5216
7 5216
9 5216
11 5216
13 5216
15 5216
17 5216
19 5216
21 5216
23 5216
25 5216
27 5216
29 5216
31 5216
33 5216
35 5216
37 5216
39 5216
41 5216
43 5216
45 5216
47 5216
49 5216
51 5216
1 5218
3 5218
5 5218
7 5218
9 5218
11 5218
13 5218
15 5218
17 5218
19 5218
21 5218
23 5218
25 5218
27 5218
29 5218
31 5218
33 5218
35 5218
37 5218
39 5218
41 5218
43 5218
45 5218
47 5218
49 5218
51 5218
1 5220
7 5220
11 5220
13 5220
17 5220
19 5220
23 5220
31 5220
37 5220
41 5220
43 5220
47 5220
49 5220
1 5222
3 5222
5 5222
9 5222
11 5222
13 5222
15 5222
17 5222
19 5222
23 5222
25 5222
27 5222
29 5222
31 5222
33 5222
37 5222
39 5222
41 5222
43 5222
45 5222
47 5222
51 5222
1 5224
3 5224
5 5224
7 5224
9 5224
11 5224
13 5224
15 5224
17 5224
19 5224
21 5224
23 5224
25 5224
27 5224
29 5224
31 5224
33 5224
35 5224
37 5224
39 5224
41 5224
43 5224
45 5224
47 5224
49 5224
51 5224
1 5226
5 5226
7 5226
11 5226
17 5226
19 5226
23 5226
25 5226
29 5226
31 5226
35 5226
37 5226
41 5226
43 5226
47 5226
49 5226
1 5228
3 5228
5 5228
7 5228
9 5228
11 5228
13 5228
15 5228
17 5228
19 5228
21 5228
23 5228
25 5228
27 5228
29 5228
31 5228
33 5228
35 5228
37 5228
39 5228
41 5228
43 5228
45 5228
47 5228
49 5228
51 5228
1 5230
3 5230
7 5230
9 5230
11 5230
13 5230
17 5230
19 5230
21 5230
23 5230
27 5230
29 5230
31 5230
33 5230
37 5230
39 5230
41 5230
43 5230
47 5230
49 5230
51 5230
1 5232
5 5232
7 5232
11 5232
13 5232
17 5232
19 5232
23 5232
25 5232
29 5232
31 5232
35 5232
37 5232
41 5232
43 5232
47 5232
49 5232
1 5234
3 5234
5 5234
7 5234
9 5234
11 5234
13 5234
15 5234
17 5234
19 5234
21 5234
23 5234
25 5234
27 5234
29 5234
31 5234
33 5234
35 5234
37 5234
39 5234
41 5234
43 5234
45 5234
47 5234
49 5234
51 5234
1 5236
3 5236
5 5236
9 5236
13 5236
15 5236
19 5236
23 5236
25 5236
27 5236
29 5236
31 5236
37 5236
39 5236
41 5236
43 5236
45 5236
47 5236
1 5238
5 5238
7 5238
11 5238
13 5238
17 5238
19 5238
23 5238
25 5238
29 5238
31 5238
35 5238
37 5238
41 5238
43 5238
47 5238
49 5238
1 5240
3 5240
7 5240
9 5240
11 5240
13 5240
17 5240
19 5240
21 5240
23 5240
27 5240
29 5240
31 5240
33 5240
37 5240
39 5240
41 5240
43 5240
47 5240
49 5240
51 5240
1 5242
3 5242
5 5242
7 5242
9 5242
11 5242
13 5242
15 5242
17 5242
19 5242
21 5242
23 5242
25 5242
27 5242
29 5242
31 5242
33 5242
35 5242
37 5242
39 5242
41 5242
43 5242
45 5242
47 5242
49 5242
51 5242
1 5244
5 5244
7 5244
11 5244
13 5244
17 5244
25 5244
29 5244
31 5244
35 5244
37 5244
41 5244
43 5244
47 5244
49 5244
1 5246
3 5246
5 5246
7 5246
9 5246
11 5246
13 5246
15 5246
17 5246
19 5246
21 5246
23 5246
25 5246
27 5246
29 5246
31 5246
33 5246
35 5246
37 5246
39 5246
41 5246
45 5246
47 5246
49 5246
51 5246
1 5248
3 5248
5 5248
7 5248
9 5248
11 5248
13 5248
15 5248
17 5248
19 5248
21 5248
23 5248
25 5248
27 5248
29 5248
31 5248
33 5248
35 5248
37 5248
39 5248
43 5248
45 5248
47 5248
49 5248
51 5248
1 5250
11 5250
13 5250
17 5250
19 5250
23 5250
29 5250
31 5250
37 5250
41 5250
43 5250
47 5250
1 5252
3 5252
5 5252
7 5252
9 5252
11 5252
15 5252
17 5252
19 5252
21 5252
23 5252
25 5252
27 5252
29 5252
31 5252
33 5252
35 5252
37 5252
41 5252
43 5252
45 5252
47 5252
49 5252
51 5252
1 5254
3 5254
5 5254
7 5254
9 5254
11 5254
13 5254
15 5254
17 5254
19 5254
21 5254
23 5254
25 5254
27 5254
29 5254
31 5254
33 5254
35 5254
39 5254
41 5254
43 5254
45 5254
47 5254
49 5254
51 5254
1 5256
5 5256
7 5256
11 5256
13 5256
17 5256
19 5256
23 5256
25 5256
29 5256
31 5256
35 5256
37 5256
41 5256
43 5256
47 5256
49 5256
1 5258
3 5258
5 5258
7 5258
9 5258
13 5258
15 5258
17 5258
19 5258
21 5258
23 5258
25 5258
27 5258
29 5258
31 5258
35 5258
37 5258
39 5258
41 5258
43 5258
45 5258
47 5258
49 5258
51 5258
1 5260
3 5260
7 5260
9 5260
11 5260
13 5260
17 5260
19 5260
21 5260
23 5260
27 5260
29 5260
31 5260
33 5260
37 5260
39 5260
41 5260
43 5260
47 5260
49 5260
51 5260
1 5262
5 5262
7 5262
11 5262
13 5262
17 5262
19 5262
23 5262
25 5262
29 5262
31 5262
35 5262
37 5262
41 5262
43 5262
47 5262
49 5262
1 5264
3 5264
5 5264
9 5264
11 5264
13 5264
15 5264
17 5264
19 5264
23 5264
25 5264
27 5264
29 5264
31 5264
33 5264
37 5264
39 5264
41 5264
43 5264
45 5264
51 5264
1 5266
3 5266
5 5266
7 5266
9 5266
11 5266
13 5266
15 5266
17 5266
19 5266
21 5266
23 5266
25 5266
27 5266
29 5266
31 5266
33 5266
35 5266
37 5266
39 5266
41 5266
43 5266
45 5266
47 5266
49 5266
51 5266
1 5268
5 5268
7 5268
11 5268
13 5268
17 5268
19 5268
23 5268
25 5268
29 5268
31 5268
35 5268
37 5268
41 5268
43 5268
47 5268
49 5268
1 5270
3 5270
7 5270
9 5270
11 5270
13 5270
19 5270
21 5270
23 5270
27 5270
29 5270
33 5270
37 5270
39 5270
41 5270
43 5270
47 5270
49 5270
1 5272
3 5272
5 5272
7 5272
9 5272
11 5272
13 5272
15 5272
17 5272
19 5272
21 5272
23 5272
25 5272
27 5272
29 5272
31 5272
33 5272
35 5272
37 5272
39 5272
41 5272
43 5272
45 5272
47 5272
49 5272
51 5272
1 5274
5 5274
7 5274
11 5274
13 5274
17 5274
19 5274
23 5274
25 5274
29 5274
31 5274
35 5274
37 5274
41 5274
43 5274
47 5274
49 5274
1 5276
3 5276
5 5276
7 5276
9 5276
11 5276
13 5276
15 5276
17 5276
19 5276
21 5276
23 5276
25 5276
27 5276
29 5276
31 5276
33 5276
35 5276
37 5276
39 5276
41 5276
43 5276
45 5276
47 5276
49 5276
51 5276
1 5278
3 5278
5 5278
9 5278
11 5278
15 5278
17 5278
19 5278
23 5278
25 5278
27 5278
31 5278
33 5278
37 5278
41 5278
43 5278
45 5278
47 5278
51 5278
1 5280
7 5280
13 5280
17 5280
19 5280
23 5280
29 5280
31 5280
37 5280
41 5280
43 5280
47 5280
49 5280
1 5282
3 5282
5 5282
7 5282
9 5282
11 5282
13 5282
15 5282
17 5282
21 5282
23 5282
25 5282
27 5282
29 5282
31 5282
33 5282
35 5282
37 5282
39 5282
41 5282
43 5282
45 5282
47 5282
49 5282
51 5282
1 5284
3 5284
5 5284
7 5284
9 5284
11 5284
13 5284
15 5284
17 5284
19 5284
21 5284
23 5284
25 5284
27 5284
29 5284
31 5284
33 5284
35 5284
37 5284
39 5284
41 5284
43 5284
45 5284
47 5284
49 5284
51 5284
1 5286
5 5286
7 5286
11 5286
13 5286
17 5286
19 5286
23 5286
25 5286
29 5286
31 5286
35 5286
37 5286
41 5286
43 5286
47 5286
49 5286
1 5288
3 5288
5 5288
7 5288
9 5288
11 5288
13 5288
15 5288
17 5288
19 5288
21 5288
23 5288
25 5288
27 5288
29 5288
31 5288
33 5288
35 5288
37 5288
39 5288
41 5288
43 5288
45 5288
47 5288
49 5288
51 5288
1 5290
3 5290
7 5290
9 5290
11 5290
13 5290
17 5290
19 5290
21 5290
27 5290
29 5290
31 5290
33 5290
37 5290
39 5290
41 5290
43 5290
47 5290
49 5290
51 5290
1 5292
5 5292
11 5292
13 5292
17 5292
19 5292
23 5292
25 5292
29 5292
31 5292
37 5292
41 5292
43 5292
47 5292
1 5294
3 5294
5 5294
7 5294
9 5294
11 5294
13 5294
15 5294
17 5294
19 5294
21 5294
23 5294
25 5294
27 5294
29 5294
31 5294
33 5294
35 5294
37 5294
39 5294
41 5294
43 5294
45 5294
47 5294
49 5294
51 5294
1 5296
3 5296
5 5296
7 5296
9 5296
11 5296
13 5296
15 5296
17 5296
19 5296
21 5296
23 5296
25 5296
27 5296
29 5296
31 5296
33 5296
35 5296
37 5296
39 5296
41 5296
43 5296
45 5296
47 5296
49 5296
51 5296
1 5298
5 5298
7 5298
11 5298
13 5298
17 5298
19 5298
23 5298
25 5298
29 5298
31 5298
35 5298
37 5298
41 5298
43 5298
47 5298
49 5298
1 5300
3 5300
7 5300
9 5300
11 5300
13 5300
17 5300
19 5300
21 5300
23 5300
27 5300
29 5300
31 5300
33 5300
37 5300
39 5300
41 5300
43 5300
47 5300
49 5300
51 5300
1 5302
3 5302
5 5302
7 5302
9 5302
13 5302
15 5302
17 5302
19 5302
21 5302
23 5302
25 5302
27 5302
29 5302
31 5302
35 5302
37 5302
39 5302
41 5302
43 5302
45 5302
47 5302
49 5302
51 5302
53 5302
1 5304
5 5304
7 5304
11 5304
19 5304
23 5304
25 5304
29 5304
31 5304
35 5304
37 5304
41 5304
43 5304
47 5304
49 5304
53 5304
1 5306
3 5306
5 5306
9 5306
11 5306
13 5306
15 5306
17 5306
19 5306
23 5306
25 5306
27 5306
29 5306
31 5306
33 5306
37 5306
39 5306
41 5306
43 5306
45 5306
47 5306
51 5306
53 5306
1 5308
3 5308
5 5308
7 5308
9 5308
11 5308
13 5308
15 5308
17 5308
19 5308
21 5308
23 5308
25 5308
27 5308
29 5308
31 5308
33 5308
35 5308
37 5308
39 5308
41 5308
43 5308
45 5308
47 5308
49 5308
51 5308
53 5308
1 5310
7 5310
11 5310
13 5310
17 5310
19 5310
23 5310
29 5310
31 5310
37 5310
41 5310
43 5310
47 5310
49 5310
53 5310
1 5312
3 5312
5 5312
7 5312
9 5312
11 5312
13 5312
15 5312
17 5312
19 5312
21 5312
23 5312
25 5312
27 5312
29 5312
31 5312
33 5312
35 5312
37 5312
39 5312
41 5312
43 5312
45 5312
47 5312
49 5312
51 5312
53 5312
1 5314
3 5314
5 5314
7 5314
9 5314
11 5314
13 5314
15 5314
17 5314
19 5314
21 5314
23 5314
25 5314
27 5314
29 5314
31 5314
33 5314
35 5314
37 5314
39 5314
41 5314
43 5314
45 5314
47 5314
49 5314
51 5314
53 5314
1 5316
5 5316
7 5316
11 5316
13 5316
17 5316
19 5316
23 5316
25 5316
29 5316
31 5316
35 5316
37 5316
41 5316
43 5316
47 5316
49 5316
53 5316
1 5318
3 5318
5 5318
7 5318
9 5318
11 5318
13 5318
15 5318
17 5318
19 5318
21 5318
23 5318
25 5318
27 5318
29 5318
31 5318
33 5318
35 5318
37 5318
39 5318
41 5318
43 5318
45 5318
47 5318
49 5318
51 5318
53 5318
1 5320
3 5320
9 5320
11 5320
13 5320
17 5320
23 5320
27 5320
29 5320
31 5320
33 5320
37 5320
39 5320
41 5320
43 5320
47 5320
51 5320
53 5320
1 5322
5 5322
7 5322
11 5322
13 5322
17 5322
19 5322
23 5322
25 5322
29 5322
31 5322
35 5322
37 5322
41 5322
43 5322
47 5322
49 5322
53 5322
1 5324
3 5324
5 5324
7 5324
9 5324
13 5324
15 5324
17 5324
19 5324
21 5324
23 5324
25 5324
27 5324
29 5324
31 5324
35 5324
37 5324
39 5324
41 5324
43 5324
45 5324
47 5324
49 5324
51 5324
53 5324
1 5326
3 5326
5 5326
7 5326
9 5326
11 5326
13 5326
15 5326
17 5326
19 5326
21 5326
23 5326
25 5326
27 5326
29 5326
31 5326
33 5326
35 5326
37 5326
39 5326
41 5326
43 5326
45 5326
47 5326
49 5326
51 5326
53 5326
1 5328
5 5328
7 5328
11 5328
13 5328
17 5328
19 5328
23 5328
25 5328
29 5328
31 5328
35 5328
41 5328
43 5328
47 5328
49 5328
53 5328
1 5330
3 5330
7 5330
9 5330
11 5330
17 5330
19 5330
21 5330
23 5330
27 5330
29 5330
31 5330
33 5330
37 5330
43 5330
47 5330
49 5330
51 5330
53 5330
1 5332
3 5332
5 5332
7 5332
9 5332
11 5332
13 5332
15 5332
17 5332
19 5332
21 5332
23 5332
25 5332
27 5332
29 5332
33 5332
35 5332
37 5332
39 5332
41 5332
45 5332
47 5332
49 5332
51 5332
53 5332
1 5334
5 5334
11 5334
13 5334
17 5334
19 5334
23 5334
25 5334
29 5334
31 5334
37 5334
41 5334
43 5334
47 5334
53 5334
1 5336
3 5336
5 5336
7 5336
9 5336
11 5336
13 5336
15 5336
17 5336
19 5336
21 5336
25 5336
27 5336
31 5336
33 5336
35 5336
37 5336
39 5336
41 5336
43 5336
45 5336
47 5336
49 5336
51 5336
53 5336
1 5338
3 5338
5 5338
7 5338
9 5338
11 5338
13 5338
15 5338
19 5338
21 5338
23 5338
25 5338
27 5338
29 5338
31 5338
33 5338
35 5338
37 5338
39 5338
41 5338
43 5338
45 5338
47 5338
49 5338
53 5338
1 5340
7 5340
11 5340
13 5340
17 5340
19 5340
23 5340
29 5340
31 5340
37 5340
41 5340
43 5340
47 5340
49 5340
53 5340
1 5342
3 5342
5 5342
7 5342
9 5342
11 5342
13 5342
15 5342
17 5342
19 5342
21 5342
23 5342
25 5342
27 5342
29 5342
31 5342
33 5342
35 5342
37 5342
39 5342
41 5342
43 5342
45 5342
47 5342
49 5342
51 5342
53 5342
1 5344
3 5344
5 5344
7 5344
9 5344
11 5344
13 5344
15 5344
17 5344
19 5344
21 5344
23 5344
25 5344
27 5344
29 5344
31 5344
33 5344
35 5344
37 5344
39 5344
41 5344
43 5344
45 5344
47 5344
49 5344
51 5344
53 5344
1 5346
5 5346
7 5346
13 5346
17 5346
19 5346
23 5346
25 5346
29 5346
31 5346
35 5346
37 5346
41 5346
43 5346
47 5346
49 5346
53 5346
1 5348
3 5348
5 5348
9 5348
11 5348
13 5348
15 5348
17 5348
19 5348
23 5348
25 5348
27 5348
29 5348
31 5348
33 5348
37 5348
39 5348
41 5348
43 5348
45 5348
47 5348
51 5348
53 5348
1 5350
3 5350
7 5350
9 5350
11 5350
13 5350
17 5350
19 5350
21 5350
23 5350
27 5350
29 5350
31 5350
33 5350
37 5350
39 5350
41 5350
43 5350
47 5350
49 5350
51 5350
53 5350
1 5352
5 5352
7 5352
11 5352
13 5352
17 5352
19 5352
23 5352
25 5352
29 5352
31 5352
35 5352
37 5352
41 5352
43 5352
47 5352
49 5352
53 5352
1 5354
3 5354
5 5354
7 5354
9 5354
11 5354
13 5354
15 5354
17 5354
19 5354
21 5354
23 5354
25 5354
27 5354
29 5354
31 5354
33 5354
35 5354
37 5354
39 5354
41 5354
43 5354
45 5354
47 5354
49 5354
51 5354
53 5354
1 5356
3 5356
5 5356
7 5356
9 5356
11 5356
15 5356
17 5356
19 5356
21 5356
23 5356
25 5356
27 5356
29 5356
31 5356
33 5356
35 5356
37 5356
41 5356
43 5356
45 5356
47 5356
49 5356
51 5356
53 5356
1 5358
5 5358
7 5358
11 5358
13 5358
17 5358
23 5358
25 5358
29 5358
31 5358
35 5358
37 5358
41 5358
43 5358
49 5358
53 5358
1 5360
3 5360
7 5360
9 5360
11 5360
13 5360
17 5360
19 5360
21 5360
23 5360
27 5360
29 5360
31 5360
33 5360
37 5360
39 5360
41 5360
43 5360
47 5360
49 5360
51 5360
53 5360
1 5362
3 5362
5 5362
9 5362
11 5362
13 5362
15 5362
17 5362
19 5362
23 5362
25 5362
27 5362
29 5362
31 5362
33 5362
37 5362
39 5362
41 5362
43 5362
45 5362
47 5362
51 5362
53 5362
1 5364
5 5364
7 5364
11 5364
13 5364
17 5364
19 5364
23 5364
25 5364
29 5364
31 5364
35 5364
37 5364
41 5364
43 5364
47 5364
49 5364
53 5364
1 5366
3 5366
5 5366
7 5366
9 5366
11 5366
13 5366
15 5366
17 5366
19 5366
21 5366
23 5366
25 5366
27 5366
29 5366
31 5366
33 5366
35 5366
37 5366
39 5366
41 5366
43 5366
45 5366
47 5366
49 5366
51 5366
53 5366
1 5368
3 5368
5 5368
7 5368
9 5368
13 5368
15 5368
17 5368
19 5368
21 5368
23 5368
25 5368
27 5368
29 5368
31 5368
35 5368
37 5368
39 5368
41 5368
43 5368
45 5368
47 5368
49 5368
51 5368
53 5368
1 5370
7 5370
11 5370
13 5370
17 5370
19 5370
23 5370
29 5370
31 5370
37 5370
41 5370
43 5370
47 5370
49 5370
53 5370
1 5372
3 5372
5 5372
7 5372
9 5372
11 5372
13 5372
15 5372
19 5372
21 5372
23 5372
25 5372
27 5372
29 5372
31 5372
33 5372
35 5372
37 5372
39 5372
41 5372
43 5372
45 5372
47 5372
49 5372
53 5372
1 5374
3 5374
5 5374
7 5374
9 5374
11 5374
13 5374
15 5374
17 5374
19 5374
21 5374
23 5374
25 5374
27 5374
29 5374
31 5374
33 5374
35 5374
37 5374
39 5374
41 5374
43 5374
45 5374
47 5374
49 5374
51 5374
53 5374
1 5376
5 5376
11 5376
13 5376
17 5376
19 5376
23 5376
25 5376
29 5376
31 5376
37 5376
41 5376
43 5376
47 5376
53 5376
1 5378
3 5378
5 5378
7 5378
9 5378
11 5378
13 5378
15 5378
17 5378
19 5378
21 5378
23 5378
25 5378
27 5378
29 5378
31 5378
33 5378
35 5378
37 5378
39 5378
41 5378
43 5378
45 5378
47 5378
49 5378
51 5378
53 5378
1 5380
3 5380
7 5380
9 5380
11 5380
13 5380
17 5380
19 5380
21 5380
23 5380
27 5380
29 5380
31 5380
33 5380
37 5380
39 5380
41 5380
43 5380
47 5380
49 5380
51 5380
53 5380
1 5382
5 5382
7 5382
11 5382
17 5382
19 5382
25 5382
29 5382
31 5382
35 5382
37 5382
41 5382
43 5382
47 5382
49 5382
53 5382
1 5384
3 5384
5 5384
7 5384
9 5384
11 5384
13 5384
15 5384
17 5384
19 5384
21 5384
23 5384
25 5384
27 5384
29 5384
31 5384
33 5384
35 5384
37 5384
39 5384
41 5384
43 5384
45 5384
47 5384
49 5384
51 5384
53 5384
1 5386
3 5386
5 5386
7 5386
9 5386
11 5386
13 5386
15 5386
17 5386
19 5386
21 5386
23 5386
25 5386
27 5386
29 5386
31 5386
33 5386
35 5386
37 5386
39 5386
41 5386
43 5386
45 5386
47 5386
49 5386
51 5386
53 5386
1 5388
5 5388
7 5388
11 5388
13 5388
17 5388
19 5388
23 5388
25 5388
29 5388
31 5388
35 5388
37 5388
41 5388
43 5388
47 5388
49 5388
53 5388
1 5390
3 5390
9 5390
13 5390
17 5390
19 5390
23 5390
27 5390
29 5390
31 5390
37 5390
39 5390
41 5390
43 5390
47 5390
51 5390
53 5390
1 5392
3 5392
5 5392
7 5392
9 5392
11 5392
13 5392
15 5392
17 5392
19 5392
21 5392
23 5392
25 5392
27 5392
29 5392
31 5392
33 5392
35 5392
37 5392
39 5392
41 5392
43 5392
45 5392
47 5392
49 5392
51 5392
53 5392
1 5394
5 5394
7 5394
11 5394
13 5394
17 5394
19 5394
23 5394
25 5394
35 5394
37 5394
41 5394
43 5394
47 5394
49 5394
53 5394
1 5396
3 5396
5 5396
7 5396
9 5396
11 5396
13 5396
15 5396
17 5396
21 5396
23 5396
25 5396
27 5396
29 5396
31 5396
33 5396
35 5396
37 5396
39 5396
41 5396
43 5396
45 5396
47 5396
49 5396
51 5396
53 5396
1 5398
3 5398
5 5398
7 5398
9 5398
11 5398
13 5398
15 5398
17 5398
19 5398
21 5398
23 5398
25 5398
27 5398
29 5398
31 5398
33 5398
35 5398
37 5398
39 5398
41 5398
43 5398
45 5398
47 5398
49 5398
51 5398
53 5398
1 5400
7 5400
11 5400
13 5400
17 5400
19 5400
23 5400
29 5400
31 5400
37 5400
41 5400
43 5400
47 5400
49 5400
53 5400
1 5402
3 5402
5 5402
7 5402
9 5402
11 5402
13 5402
15 5402
17 5402
19 5402
21 5402
23 5402
25 5402
27 5402
29 5402
31 5402
33 5402
35 5402
39 5402
41 5402
43 5402
45 5402
47 5402
49 5402
51 5402
53 5402
1 5404
3 5404
5 5404
9 5404
11 5404
13 5404
15 5404
17 5404
19 5404
23 5404
25 5404
27 5404
29 5404
31 5404
33 5404
37 5404
39 5404
41 5404
43 5404
45 5404
47 5404
51 5404
53 5404
1 5406
5 5406
7 5406
11 5406
13 5406
19 5406
23 5406
25 5406
29 5406
31 5406
35 5406
37 5406
41 5406
43 5406
47 5406
49 5406
1 5408
3 5408
5 5408
7 5408
9 5408
11 5408
15 5408
17 5408
19 5408
21 5408
23 5408
25 5408
27 5408
29 5408
31 5408
33 5408
35 5408
37 5408
41 5408
43 5408
45 5408
47 5408
49 5408
51 5408
53 5408
1 5410
3 5410
7 5410
9 5410
11 5410
13 5410
17 5410
19 5410
21 5410
23 5410
27 5410
29 5410
31 5410
33 5410
37 5410
39 5410
41 5410
43 5410
47 5410
49 5410
51 5410
53 5410
1 5412
5 5412
7 5412
13 5412
17 5412
19 5412
23 5412
25 5412
29 5412
31 5412
35 5412
37 5412
43 5412
47 5412
49 5412
53 5412
1 5414
3 5414
5 5414
7 5414
9 5414
11 5414
13 5414
15 5414
17 5414
19 5414
21 5414
23 5414
25 5414
27 5414
29 5414
31 5414
33 5414
35 5414
37 5414
39 5414
41 5414
43 5414
45 5414
47 5414
49 5414
51 5414
53 5414
1 5416
3 5416
5 5416
7 5416
9 5416
11 5416
13 5416
15 5416
17 5416
19 5416
21 5416
23 5416
25 5416
27 5416
29 5416
31 5416
33 5416
35 5416
37 5416
39 5416
41 5416
43 5416
45 5416
47 5416
49 5416
51 5416
53 5416
1 5418
5 5418
11 5418
13 5418
17 5418
19 5418
23 5418
25 5418
29 5418
31 5418
37 5418
41 5418
47 5418
53 5418
1 5420
3 5420
7 5420
9 5420
11 5420
13 5420
17 5420
19 5420
21 5420
23 5420
27 5420
29 5420
31 5420
33 5420
37 5420
39 5420
41 5420
43 5420
47 5420
49 5420
51 5420
53 5420
1 5422
3 5422
5 5422
7 5422
9 5422
11 5422
13 5422
15 5422
17 5422
19 5422
21 5422
23 5422
25 5422
27 5422
29 5422
31 5422
33 5422
35 5422
37 5422
39 5422
41 5422
43 5422
45 5422
47 5422
49 5422
51 5422
53 5422
1 5424
5 5424
7 5424
11 5424
13 5424
17 5424
19 5424
23 5424
25 5424
29 5424
31 5424
35 5424
37 5424
41 5424
43 5424
47 5424
49 5424
53 5424
1 5426
3 5426
5 5426
7 5426
9 5426
11 5426
13 5426
15 5426
17 5426
19 5426
21 5426
23 5426
25 5426
27 5426
29 5426
31 5426
33 5426
35 5426
37 5426
39 5426
41 5426
43 5426
45 5426
47 5426
49 5426
51 5426
53 5426
1 5428
3 5428
5 5428
7 5428
9 5428
11 5428
13 5428
15 5428
17 5428
19 5428
21 5428
25 5428
27 5428
29 5428
31 5428
33 5428
35 5428
37 5428
39 5428
41 5428
43 5428
45 5428
47 5428
49 5428
51 5428
53 5428
1 5430
7 5430
11 5430
13 5430
17 5430
19 5430
23 5430
29 5430
31 5430
37 5430
41 5430
43 5430
47 5430
49 5430
53 5430
1 5432
3 5432
5 5432
9 5432
11 5432
13 5432
15 5432
17 5432
19 5432
23 5432
25 5432
27 5432
29 5432
31 5432
33 5432
37 5432
39 5432
41 5432
43 5432
45 5432
47 5432
51 5432
53 5432
1 5434
3 5434
5 5434
7 5434
9 5434
15 5434
17 5434
21 5434
23 5434
25 5434
27 5434
29 5434
31 5434
35 5434
37 5434
41 5434
43 5434
45 5434
47 5434
49 5434
51 5434
53 5434
1 5436
5 5436
7 5436
11 5436
13 5436
17 5436
19 5436
23 5436
25 5436
29 5436
31 5436
35 5436
37 5436
41 5436
43 5436
47 5436
49 5436
53 5436
1 5438
3 5438
5 5438
7 5438
9 5438
11 5438
13 5438
15 5438
17 5438
19 5438
21 5438
23 5438
25 5438
27 5438
29 5438
31 5438
33 5438
35 5438
37 5438
39 5438
41 5438
43 5438
45 5438
47 5438
49 5438
51 5438
53 5438
1 5440
3 5440
7 5440
9 5440
11 5440
13 5440
19 5440
21 5440
23 5440
27 5440
29 5440
31 5440
33 5440
37 5440
39 5440
41 5440
43 5440
47 5440
49 5440
53 5440
1 5442
5 5442
7 5442
11 5442
13 5442
17 5442
19 5442
23 5442
25 5442
29 5442
31 5442
35 5442
37 5442
41 5442
43 5442
47 5442
49 5442
53 5442
1 5444
3 5444
5 5444
7 5444
9 5444
11 5444
13 5444
15 5444
17 5444
19 5444
21 5444
23 5444
25 5444
27 5444
29 5444
31 5444
33 5444
35 5444
37 5444
39 5444
41 5444
43 5444
45 5444
47 5444
49 5444
51 5444
53 5444
1 5446
3 5446
5 5446
9 5446
11 5446
13 5446
15 5446
17 5446
19 5446
23 5446
25 5446
27 5446
29 5446
31 5446
33 5446
37 5446
39 5446
41 5446
43 5446
45 5446
47 5446
51 5446
53 5446
1 5448
5 5448
7 5448
11 5448
13 5448
17 5448
19 5448
23 5448
25 5448
29 5448
31 5448
35 5448
37 5448
41 5448
43 5448
47 5448
49 5448
53 5448
1 5450
3 5450
7 5450
9 5450
11 5450
13 5450
17 5450
19 5450
21 5450
23 5450
27 5450
29 5450
31 5450
33 5450
37 5450
39 5450
41 5450
43 5450
47 5450
49 5450
51 5450
53 5450
1 5452
3 5452
5 5452
7 5452
9 5452
11 5452
13 5452
15 5452
17 5452
19 5452
21 5452
23 5452
25 5452
27 5452
31 5452
33 5452
35 5452
37 5452
39 5452
41 5452
43 5452
45 5452
49 5452
51 5452
53 5452
1 5454
5 5454
7 5454
11 5454
13 5454
17 5454
19 5454
23 5454
25 5454
29 5454
31 5454
35 5454
37 5454
41 5454
43 5454
47 5454
49 5454
53 5454
1 5456
3 5456
5 5456
7 5456
9 5456
13 5456
15 5456
17 5456
19 5456
21 5456
23 5456
25 5456
27 5456
29 5456
35 5456
37 5456
39 5456
41 5456
43 5456
45 5456
47 5456
49 5456
51 5456
53 5456
1 5458
3 5458
5 5458
7 5458
9 5458
11 5458
13 5458
15 5458
17 5458
19 5458
21 5458
23 5458
25 5458
27 5458
29 5458
31 5458
33 5458
35 5458
37 5458
39 5458
41 5458
43 5458
45 5458
47 5458
49 5458
51 5458
53 5458
1 5460
11 5460
17 5460
19 5460
23 5460
29 5460
31 5460
37 5460
41 5460
43 5460
47 5460
53 5460
1 5462
3 5462
5 5462
7 5462
9 5462
11 5462
13 5462
15 5462
17 5462
19 5462
21 5462
23 5462
25 5462
27 5462
29 5462
31 5462
33 5462
35 5462
37 5462
39 5462
41 5462
43 5462
45 5462
47 5462
49 5462
51 5462
53 5462
1 5464
3 5464
5 5464
7 5464
9 5464
11 5464
13 5464
15 5464
17 5464
19 5464
21 5464
23 5464
25 5464
27 5464
29 5464
31 5464
33 5464
35 5464
37 5464
39 5464
41 5464
43 5464
45 5464
47 5464
49 5464
51 5464
53 5464
1 5466
5 5466
7 5466
11 5466
13 5466
17 5466
19 5466
23 5466
25 5466
29 5466
31 5466
35 5466
37 5466
41 5466
43 5466
47 5466
49 5466
53 5466
1 5468
3 5468
5 5468
7 5468
9 5468
11 5468
13 5468
15 5468
17 5468
19 5468
21 5468
23 5468
25 5468
27 5468
29 5468
31 5468
33 5468
35 5468
37 5468
39 5468
41 5468
43 5468
45 5468
47 5468
49 5468
51 5468
53 5468
1 5470
3 5470
7 5470
9 5470
11 5470
13 5470
17 5470
19 5470
21 5470
23 5470
27 5470
29 5470
31 5470
33 5470
37 5470
39 5470
41 5470
43 5470
47 5470
49 5470
51 5470
53 5470
1 5472
5 5472
7 5472
11 5472
13 5472
17 5472
23 5472
25 5472
29 5472
31 5472
35 5472
37 5472
41 5472
43 5472
47 5472
49 5472
53 5472
1 5474
3 5474
5 5474
9 5474
11 5474
13 5474
15 5474
19 5474
25 5474
27 5474
29 5474
31 5474
33 5474
37 5474
39 5474
41 5474
43 5474
45 5474
47 5474
53 5474
1 5476
3 5476
5 5476
7 5476
9 5476
11 5476
13 5476
15 5476
17 5476
19 5476
21 5476
23 5476
25 5476
27 5476
29 5476
31 5476
33 5476
35 5476
39 5476
41 5476
43 5476
45 5476
47 5476
49 5476
51 5476
53 5476
1 5478
5 5478
7 5478
13 5478
17 5478
19 5478
23 5478
25 5478
29 5478
31 5478
35 5478
37 5478
41 5478
43 5478
47 5478
49 5478
53 5478
1 5480
3 5480
7 5480
9 5480
11 5480
13 5480
17 5480
19 5480
21 5480
23 5480
27 5480
29 5480
31 5480
33 5480
37 5480
39 5480
41 5480
43 5480
47 5480
49 5480
51 5480
53 5480
1 5482
3 5482
5 5482
7 5482
9 5482
11 5482
13 5482
15 5482
17 5482
19 5482
21 5482
23 5482
25 5482
27 5482
29 5482
31 5482
33 5482
35 5482
37 5482
39 5482
41 5482
43 5482
45 5482
47 5482
49 5482
51 5482
53 5482
1 5484
5 5484
7 5484
11 5484
13 5484
17 5484
19 5484
23 5484
25 5484
29 5484
31 5484
35 5484
37 5484
41 5484
43 5484
47 5484
49 5484
53 5484
1 5486
3 5486
5 5486
7 5486
9 5486
11 5486
15 5486
17 5486
19 5486
21 5486
23 5486
25 5486
27 5486
29 5486
31 5486
33 5486
35 5486
37 5486
41 5486
43 5486
45 5486
47 5486
49 5486
51 5486
53 5486
1 5488
3 5488
5 5488
9 5488
11 5488
13 5488
15 5488
17 5488
19 5488
23 5488
25 5488
27 5488
29 5488
31 5488
33 5488
37 5488
39 5488
41 5488
43 5488
45 5488
47 5488
51 5488
53 5488
1 5490
7 5490
11 5490
13 5490
17 5490
19 5490
23 5490
29 5490
31 5490
37 5490
41 5490
43 5490
47 5490
49 5490
53 5490
1 5492
3 5492
5 5492
7 5492
9 5492
11 5492
13 5492
15 5492
17 5492
19 5492
21 5492
23 5492
25 5492
27 5492
29 5492
31 5492
33 5492
35 5492
37 5492
39 5492
41 5492
43 5492
45 5492
47 5492
49 5492
51 5492
53 5492
1 5494
3 5494
5 5494
7 5494
9 5494
11 5494
13 5494
15 5494
17 5494
19 5494
21 5494
23 5494
25 5494
27 5494
29 5494
31 5494
33 5494
35 5494
37 5494
39 5494
43 5494
45 5494
47 5494
49 5494
51 5494
53 5494
1 5496
5 5496
7 5496
11 5496
13 5496
17 5496
19 5496
23 5496
25 5496
29 5496
31 5496
35 5496
37 5496
41 5496
43 5496
47 5496
49 5496
53 5496
1 5498
3 5498
5 5498
7 5498
9 5498
11 5498
13 5498
15 5498
17 5498
19 5498
21 5498
23 5498
25 5498
27 5498
29 5498
31 5498
33 5498
35 5498
37 5498
39 5498
41 5498
43 5498
45 5498
47 5498
49 5498
51 5498
53 5498
1 5500
3 5500
7 5500
9 5500
13 5500
17 5500
19 5500
21 5500
23 5500
27 5500
29 5500
31 5500
37 5500
39 5500
41 5500
43 5500
47 5500
49 5500
51 5500
53 5500
1 5502
5 5502
11 5502
13 5502
17 5502
19 5502
23 5502
25 5502
29 5502
31 5502
37 5502
41 5502
43 5502
47 5502
53 5502
55 5502
1 5504
3 5504
5 5504
7 5504
9 5504
11 5504
13 5504
15 5504
17 5504
19 5504
21 5504
23 5504
25 5504
27 5504
29 5504
31 5504
33 5504
35 5504
37 5504
39 5504
41 5504
45 5504
47 5504
49 5504
51 5504
53 5504
55 5504
1 5506
3 5506
5 5506
7 5506
9 5506
11 5506
13 5506
15 5506
17 5506
19 5506
21 5506
23 5506
25 5506
27 5506
29 5506
31 5506
33 5506
35 5506
37 5506
39 5506
41 5506
43 5506
45 5506
47 5506
49 5506
51 5506
53 5506
55 5506
1 5508
5 5508
7 5508
11 5508
13 5508
19 5508
23 5508
25 5508
29 5508
31 5508
35 5508
37 5508
41 5508
43 5508
47 5508
49 5508
53 5508
55 5508
1 5510
3 5510
7 5510
9 5510
11 5510
13 5510
17 5510
21 5510
23 5510
27 5510
31 5510
33 5510
37 5510
39 5510
41 5510
43 5510
47 5510
49 5510
51 5510
53 5510
1 5512
3 5512
5 5512
7 5512
9 5512
11 5512
15 5512
17 5512
19 5512
21 5512
23 5512
25 5512
27 5512
29 5512
31 5512
33 5512
35 5512
37 5512
41 5512
43 5512
45 5512
47 5512
49 5512
51 5512
55 5512
1 5514
5 5514
7 5514
11 5514
13 5514
17 5514
19 5514
23 5514
25 5514
29 5514
31 5514
35 5514
37 5514
41 5514
43 5514
47 5514
49 5514
53 5514
55 5514
1 5516
3 5516
5 5516
9 5516
11 5516
13 5516
15 5516
17 5516
19 5516
23 5516
25 5516
27 5516
29 5516
31 5516
33 5516
37 5516
39 5516
41 5516
43 5516
45 5516
47 5516
51 5516
53 5516
55 5516
1 5518
3 5518
5 5518
7 5518
9 5518
11 5518
13 5518
15 5518
17 5518
19 5518
21 5518
23 5518
25 5518
27 5518
29 5518
33 5518
35 5518
37 5518
39 5518
41 5518
43 5518
45 5518
47 5518
49 5518
51 5518
53 5518
55 5518
1 5520
7 5520
11 5520
13 5520
17 5520
19 5520
29 5520
31 5520
37 5520
41 5520
43 5520
47 5520
49 5520
53 5520
1 5522
3 5522
5 5522
7 5522
9 5522
13 5522
15 5522
17 5522
19 5522
21 5522
23 5522
25 5522
27 5522
29 5522
31 5522
35 5522
37 5522
39 5522
41 5522
43 5522
45 5522
47 5522
49 5522
51 5522
53 5522
1 5524
3 5524
5 5524
7 5524
9 5524
11 5524
13 5524
15 5524
17 5524
19 5524
21 5524
23 5524
25 5524
27 5524
29 5524
31 5524
33 5524
35 5524
37 5524
39 5524
41 5524
43 5524
45 5524
47 5524
49 5524
51 5524
53 5524
55 5524
1 5526
5 5526
7 5526
11 5526
13 5526
17 5526
19 5526
23 5526
25 5526
29 5526
31 5526
35 5526
37 5526
41 5526
43 5526
47 5526
49 5526
53 5526
55 5526
1 5528
3 5528
5 5528
7 5528
9 5528
11 5528
13 5528
15 5528
17 5528
19 5528
21 5528
23 5528
25 5528
27 5528
29 5528
31 5528
33 5528
35 5528
37 5528
39 5528
41 5528
43 5528
45 5528
47 5528
49 5528
51 5528
53 5528
55 5528
1 5530
3 5530
9 5530
11 5530
13 5530
17 5530
19 5530
23 5530
27 5530
29 5530
31 5530
33 5530
37 5530
39 5530
41 5530
43 5530
47 5530
51 5530
53 5530
1 5532
5 5532
7 5532
11 5532
13 5532
17 5532
19 5532
23 5532
25 5532
29 5532
31 5532
35 5532
37 5532
41 5532
43 5532
47 5532
49 5532
53 5532
55 5532
1 5534
3 5534
5 5534
7 5534
9 5534
11 5534
13 5534
15 5534
17 5534
19 5534
21 5534
23 5534
25 5534
27 5534
29 5534
31 5534
33 5534
35 5534
37 5534
39 5534
41 5534
43 5534
45 5534
47 5534
49 5534
51 5534
53 5534
55 5534
1 5536
3 5536
5 5536
7 5536
9 5536
11 5536
13 5536
15 5536
17 5536
19 5536
21 5536
23 5536
25 5536
27 5536
29 5536
31 5536
33 5536
35 5536
37 5536
39 5536
41 5536
43 5536
45 5536
47 5536
49 5536
51 5536
53 5536
55 5536
1 5538
5 5538
7 5538
11 5538
17 5538
19 5538
23 5538
25 5538
29 5538
31 5538
35 5538
37 5538
41 5538
43 5538
47 5538
49 5538
53 5538
55 5538
1 5540
3 5540
7 5540
9 5540
11 5540
13 5540
17 5540
19 5540
21 5540
23 5540
27 5540
29 5540
31 5540
33 5540
37 5540
39 5540
41 5540
43 5540
47 5540
49 5540
51 5540
53 5540
1 5542
3 5542
5 5542
7 5542
9 5542
11 5542
13 5542
15 5542
19 5542
21 5542
23 5542
25 5542
27 5542
29 5542
31 5542
33 5542
35 5542
37 5542
39 5542
41 5542
43 5542
45 5542
47 5542
49 5542
53 5542
55 5542
1 5544
5 5544
13 5544
17 5544
19 5544
23 5544
25 5544
29 5544
31 5544
37 5544
41 5544
43 5544
47 5544
53 5544
1 5546
3 5546
5 5546
7 5546
9 5546
11 5546
13 5546
15 5546
17 5546
19 5546
21 5546
23 5546
25 5546
27 5546
29 5546
31 5546
33 5546
35 5546
37 5546
39 5546
41 5546
43 5546
45 5546
49 5546
51 5546
53 5546
55 5546
1 5548
3 5548
5 5548
7 5548
9 5548
11 5548
13 5548
15 5548
17 5548
21 5548
23 5548
25 5548
27 5548
29 5548
31 5548
33 5548
35 5548
37 5548
39 5548
41 5548
43 5548
45 5548
47 5548
49 5548
51 5548
53 5548
55 5548
1 5550
7 5550
11 5550
13 5550
17 5550
19 5550
23 5550
29 5550
31 5550
41 5550
43 5550
47 5550
49 5550
53 5550
1 5552
3 5552
5 5552
7 5552
9 5552
11 5552
13 5552
15 5552
17 5552
19 5552
21 5552
23 5552
25 5552
27 5552
29 5552
31 5552
33 5552
35 5552
37 5552
39 5552
41 5552
43 5552
45 5552
47 5552
49 5552
51 5552
53 5552
55 5552
1 5554
3 5554
5 5554
7 5554
9 5554
11 5554
13 5554
15 5554
17 5554
19 5554
21 5554
23 5554
25 5554
27 5554
29 5554
31 5554
33 5554
35 5554
37 5554
39 5554
41 5554
43 5554
45 5554
47 5554
49 5554
51 5554
53 5554
55 5554
1 5556
5 5556
7 5556
11 5556
13 5556
17 5556
19 5556
23 5556
25 5556
29 5556
31 5556
35 5556
37 5556
41 5556
43 5556
47 5556
49 5556
53 5556
55 5556
1 5558
3 5558
5 5558
9 5558
11 5558
13 5558
15 5558
17 5558
19 5558
23 5558
25 5558
27 5558
29 5558
31 5558
33 5558
37 5558
39 5558
41 5558
43 5558
45 5558
47 5558
51 5558
53 5558
55 5558
1 5560
3 5560
7 5560
9 5560
11 5560
13 5560
17 5560
19 5560
21 5560
23 5560
27 5560
29 5560
31 5560
33 5560
37 5560
39 5560
41 5560
43 5560
47 5560
49 5560
51 5560
53 5560
1 5562
5 5562
7 5562
11 5562
13 5562
17 5562
19 5562
23 5562
25 5562
29 5562
31 5562
35 5562
37 5562
41 5562
43 5562
47 5562
49 5562
53 5562
55 5562
1 5564
3 5564
5 5564
7 5564
9 5564
11 5564
15 5564
17 5564
19 5564
21 5564
23 5564
25 5564
27 5564
29 5564
31 5564
33 5564
35 5564
37 5564
41 5564
43 5564
45 5564
47 5564
49 5564
51 5564
53 5564
55 5564
1 5566
3 5566
5 5566
7 5566
9 5566
13 5566
15 5566
17 5566
19 5566
21 5566
25 5566
27 5566
29 5566
31 5566
35 5566
37 5566
39 5566
41 5566
43 5566
45 5566
47 5566
49 5566
51 5566
53 5566
1 5568
5 5568
7 5568
11 5568
13 5568
17 5568
19 5568
23 5568
25 5568
31 5568
35 5568
37 5568
41 5568
43 5568
47 5568
49 5568
53 5568
55 5568
1 5570
3 5570
7 5570
9 5570
11 5570
13 5570
17 5570
19 5570
21 5570
23 5570
27 5570
29 5570
31 5570
33 5570
37 5570
39 5570
41 5570
43 5570
47 5570
49 5570
51 5570
53 5570
1 5572
3 5572
5 5572
9 5572
11 5572
13 5572
15 5572
17 5572
19 5572
23 5572
25 5572
27 5572
29 5572
31 5572
33 5572
37 5572
39 5572
41 5572
43 5572
45 5572
47 5572
51 5572
53 5572
55 5572
1 5574
5 5574
7 5574
11 5574
13 5574
17 5574
19 5574
23 5574
25 5574
29 5574
31 5574
35 5574
37 5574
41 5574
43 5574
47 5574
49 5574
53 5574
55 5574
1 5576
3 5576
5 5576
7 5576
9 5576
11 5576
13 5576
15 5576
19 5576
21 5576
23 5576
25 5576
27 5576
29 5576
31 5576
33 5576
35 5576
37 5576
39 5576
43 5576
45 5576
47 5576
49 5576
53 5576
55 5576
1 5578
3 5578
5 5578
7 5578
9 5578
11 5578
13 5578
15 5578
17 5578
19 5578
21 5578
23 5578
25 5578
27 5578
29 5578
31 5578
33 5578
35 5578
37 5578
39 5578
41 5578
43 5578
45 5578
47 5578
49 5578
51 5578
53 5578
55 5578
1 5580
7 5580
11 5580
13 5580
17 5580
19 5580
23 5580
29 5580
37 5580
41 5580
43 5580
47 5580
49 5580
53 5580
1 5582
3 5582
5 5582
7 5582
9 5582
11 5582
13 5582
15 5582
17 5582
19 5582
21 5582
23 5582
25 5582
27 5582
29 5582
31 5582
33 5582
35 5582
37 5582
39 5582
41 5582
43 5582
45 5582
47 5582
49 5582
51 5582
53 5582
55 5582
1 5584
3 5584
5 5584
7 5584
9 5584
11 5584
13 5584
15 5584
17 5584
19 5584
21 5584
23 5584
25 5584
27 5584
29 5584
31 5584
33 5584
35 5584
37 5584
39 5584
41 5584
43 5584
45 5584
47 5584
49 5584
51 5584
53 5584
55 5584
1 5586
5 5586
11 5586
13 5586
17 5586
23 5586
25 5586
29 5586
31 5586
37 5586
41 5586
43 5586
47 5586
53 5586
55 5586
1 5588
3 5588
5 5588
7 5588
9 5588
13 5588
15 5588
17 5588
19 5588
21 5588
23 5588
25 5588
27 5588
29 5588
31 5588
35 5588
37 5588
39 5588
41 5588
43 5588
45 5588
47 5588
49 5588
51 5588
53 5588
1 5590
3 5590
7 5590
9 5590
11 5590
17 5590
19 5590
21 5590
23 5590
27 5590
29 5590
31 5590
33 5590
37 5590
41 5590
47 5590
49 5590
51 5590
53 5590
1 5592
5 5592
7 5592
11 5592
13 5592
17 5592
19 5592
23 5592
25 5592
29 5592
31 5592
35 5592
37 5592
41 5592
43 5592
47 5592
49 5592
53 5592
55 5592
1 5594
3 5594
5 5594
7 5594
9 5594
11 5594
13 5594
15 5594
17 5594
19 5594
21 5594
23 5594
25 5594
27 5594
29 5594
31 5594
33 5594
35 5594
37 5594
39 5594
41 5594
43 5594
45 5594
47 5594
49 5594
51 5594
53 5594
55 5594
1 5596
3 5596
5 5596
7 5596
9 5596
11 5596
13 5596
15 5596
17 5596
19 5596
21 5596
23 5596
25 5596
27 5596
29 5596
31 5596
33 5596
35 5596
37 5596
39 5596
41 5596
43 5596
45 5596
47 5596
49 5596
51 5596
53 5596
55 5596
1 5598
5 5598
7 5598
11 5598
13 5598
17 5598
19 5598
23 5598
25 5598
29 5598
31 5598
35 5598
37 5598
41 5598
43 5598
47 5598
49 5598
53 5598
55 5598
1 5600
3 5600
9 5600
11 5600
13 5600
17 5600
19 5600
23 5600
27 5600
29 5600
31 5600
33 5600
37 5600
39 5600
41 5600
43 5600
47 5600
51 5600
53 5600
1 5602
3 5602
5 5602
7 5602
9 5602
11 5602
13 5602
15 5602
17 5602
19 5602
21 5602
23 5602
25 5602
27 5602
29 5602
31 5602
33 5602
35 5602
37 5602
39 5602
41 5602
43 5602
45 5602
47 5602
49 5602
51 5602
53 5602
55 5602
1 5604
5 5604
7 5604
11 5604
13 5604
17 5604
19 5604
23 5604
25 5604
29 5604
31 5604
35 5604
37 5604
41 5604
43 5604
47 5604
49 5604
53 5604
55 5604
1 5606
3 5606
5 5606
7 5606
9 5606
11 5606
13 5606
15 5606
17 5606
19 5606
21 5606
23 5606
25 5606
27 5606
29 5606
31 5606
33 5606
35 5606
37 5606
39 5606
41 5606
43 5606
45 5606
47 5606
49 5606
51 5606
53 5606
55 5606
1 5608
3 5608
5 5608
7 5608
9 5608
11 5608
13 5608
15 5608
17 5608
19 5608
21 5608
23 5608
25 5608
27 5608
29 5608
31 5608
33 5608
35 5608
37 5608
39 5608
41 5608
43 5608
45 5608
47 5608
49 5608
51 5608
53 5608
55 5608
1 5610
7 5610
13 5610
19 5610
23 5610
29 5610
31 5610
37 5610
41 5610
43 5610
47 5610
49 5610
53 5610
1 5612
3 5612
5 5612
7 5612
9 5612
11 5612
13 5612
15 5612
17 5612
19 5612
21 5612
25 5612
27 5612
29 5612
31 5612
33 5612
35 5612
37 5612
39 5612
41 5612
43 5612
45 5612
47 5612
49 5612
51 5612
53 5612
55 5612
1 5614
3 5614
5 5614
9 5614
11 5614
13 5614
15 5614
17 5614
19 5614
23 5614
25 5614
27 5614
29 5614
31 5614
33 5614
37 5614
39 5614
41 5614
43 5614
45 5614
47 5614
51 5614
53 5614
55 5614
1 5616
5 5616
7 5616
11 5616
17 5616
19 5616
23 5616
25 5616
29 5616
31 5616
35 5616
37 5616
41 5616
43 5616
47 5616
49 5616
53 5616
55 5616
1 5618
3 5618
5 5618
7 5618
9 5618
11 5618
13 5618
15 5618
17 5618
19 5618
21 5618
23 5618
25 5618
27 5618
29 5618
31 5618
33 5618
35 5618
37 5618
39 5618
41 5618
43 5618
45 5618
47 5618
49 5618
51 5618
55 5618
1 5620
3 5620
7 5620
9 5620
11 5620
13 5620
17 5620
19 5620
21 5620
23 5620
27 5620
29 5620
31 5620
33 5620
37 5620
39 5620
41 5620
43 5620
47 5620
49 5620
51 5620
53 5620
1 5622
5 5622
7 5622
11 5622
13 5622
17 5622
19 5622
23 5622
25 5622
29 5622
31 5622
35 5622
37 5622
41 5622
43 5622
47 5622
49 5622
53 5622
55 5622
1 5624
3 5624
5 5624
7 5624
9 5624
11 5624
13 5624
15 5624
17 5624
21 5624
23 5624
25 5624
27 5624
29 5624
31 5624
33 5624
35 5624
39 5624
41 5624
43 5624
45 5624
47 5624
49 5624
51 5624
53 5624
55 5624
1 5626
3 5626
5 5626
7 5626
9 5626
11 5626
13 5626
15 5626
17 5626
19 5626
21 5626
23 5626
25 5626
27 5626
31 5626
33 5626
35 5626
37 5626
39 5626
41 5626
43 5626
45 5626
47 5626
49 5626
51 5626
53 5626
55 5626
1 5628
5 5628
11 5628
13 5628
17 5628
19 5628
23 5628
25 5628
29 5628
31 5628
37 5628
41 5628
43 5628
47 5628
53 5628
55 5628
1 5630
3 5630
7 5630
9 5630
11 5630
13 5630
17 5630
19 5630
21 5630
23 5630
27 5630
29 5630
31 5630
33 5630
37 5630
39 5630
41 5630
43 5630
47 5630
49 5630
51 5630
53 5630
1 5632
3 5632
5 5632
7 5632
9 5632
13 5632
15 5632
17 5632
19 5632
21 5632
23 5632
25 5632
27 5632
29 5632
31 5632
35 5632
37 5632
39 5632
41 5632
43 5632
45 5632
47 5632
49 5632
51 5632
53 5632
1 5634
5 5634
7 5634
11 5634
13 5634
17 5634
19 5634
23 5634
25 5634
29 5634
31 5634
35 5634
37 5634
41 5634
43 5634
47 5634
49 5634
53 5634
55 5634
1 5636
3 5636
5 5636
7 5636
9 5636
11 5636
13 5636
15 5636
17 5636
19 5636
21 5636
23 5636
25 5636
27 5636
29 5636
31 5636
33 5636
35 5636
37 5636
39 5636
41 5636
43 5636
45 5636
47 5636
49 5636
51 5636
53 5636
55 5636
1 5638
3 5638
5 5638
7 5638
9 5638
11 5638
13 5638
15 5638
17 5638
19 5638
21 5638
23 5638
25 5638
27 5638
29 5638
31 5638
33 5638
35 5638
37 5638
39 5638
41 5638
43 5638
45 5638
47 5638
49 5638
51 5638
53 5638
55 5638
1 5640
7 5640
11 5640
13 5640
17 5640
19 5640
23 5640
29 5640
31 5640
37 5640
41 5640
43 5640
49 5640
53 5640
1 5642
3 5642
5 5642
9 5642
11 5642
15 5642
17 5642
19 5642
23 5642
25 5642
27 5642
29 5642
33 5642
37 5642
41 5642
43 5642
45 5642
47 5642
51 5642
53 5642
55 5642
1 5644
3 5644
5 5644
7 5644
9 5644
11 5644
13 5644
15 5644
19 5644
21 5644
23 5644
25 5644
27 5644
29 5644
31 5644
33 5644
35 5644
37 5644
39 5644
41 5644
43 5644
45 5644
47 5644
49 5644
53 5644
55 5644
1 5646
5 5646
7 5646
11 5646
13 5646
17 5646
19 5646
23 5646
25 5646
29 5646
31 5646
35 5646
37 5646
41 5646
43 5646
47 5646
49 5646
53 5646
55 5646
1 5648
3 5648
5 5648
7 5648
9 5648
11 5648
13 5648
15 5648
17 5648
19 5648
21 5648
23 5648
25 5648
27 5648
29 5648
31 5648
33 5648
35 5648
37 5648
39 5648
41 5648
43 5648
45 5648
47 5648
49 5648
51 5648
53 5648
55 5648
1 5650
3 5650
7 5650
9 5650
11 5650
13 5650
17 5650
19 5650
21 5650
23 5650
27 5650
29 5650
31 5650
33 5650
37 5650
39 5650
41 5650
43 5650
47 5650
49 5650
51 5650
53 5650
1 5652
5 5652
7 5652
11 5652
13 5652
17 5652
19 5652
23 5652
25 5652
29 5652
31 5652
35 5652
37 5652
41 5652
43 5652
47 5652
49 5652
53 5652
55 5652
1 5654
3 5654
5 5654
7 5654
9 5654
13 5654
15 5654
17 5654
19 5654
21 5654
23 5654
25 5654
27 5654
29 5654
31 5654
35 5654
37 5654
39 5654
41 5654
43 5654
45 5654
47 5654
49 5654
51 5654
53 5654
1 5656
3 5656
5 5656
9 5656
11 5656
13 5656
15 5656
17 5656
19 5656
23 5656
25 5656
27 5656
29 5656
31 5656
33 5656
37 5656
39 5656
41 5656
43 5656
45 5656
47 5656
51 5656
53 5656
55 5656
1 5658
5 5658
7 5658
11 5658
13 5658
17 5658
19 5658
25 5658
29 5658
31 5658
35 5658
37 5658
43 5658
47 5658
49 5658
53 5658
55 5658
1 5660
3 5660
7 5660
9 5660
11 5660
13 5660
17 5660
19 5660
21 5660
23 5660
27 5660
29 5660
31 5660
33 5660
37 5660
39 5660
41 5660
43 5660
47 5660
49 5660
51 5660
53 5660
1 5662
3 5662
5 5662
7 5662
9 5662
11 5662
13 5662
15 5662
17 5662
21 5662
23 5662
25 5662
27 5662
29 5662
31 5662
33 5662
35 5662
37 5662
39 5662
41 5662
43 5662
45 5662
47 5662
49 5662
51 5662
53 5662
55 5662
1 5664
5 5664
7 5664
11 5664
13 5664
17 5664
19 5664
23 5664
25 5664
29 5664
31 5664
35 5664
37 5664
41 5664
43 5664
47 5664
49 5664
53 5664
55 5664
1 5666
3 5666
5 5666
7 5666
9 5666
11 5666
13 5666
15 5666
17 5666
19 5666
21 5666
23 5666
25 5666
27 5666
29 5666
31 5666
33 5666
35 5666
37 5666
39 5666
41 5666
43 5666
45 5666
47 5666
49 5666
51 5666
53 5666
55 5666
1 5668
3 5668
5 5668
7 5668
9 5668
11 5668
15 5668
17 5668
19 5668
21 5668
23 5668
25 5668
27 5668
29 5668
31 5668
33 5668
35 5668
37 5668
41 5668
43 5668
45 5668
47 5668
49 5668
51 5668
53 5668
55 5668
1 5670
11 5670
13 5670
17 5670
19 5670
23 5670
29 5670
31 5670
37 5670
41 5670
43 5670
47 5670
53 5670
1 5672
3 5672
5 5672
7 5672
9 5672
11 5672
13 5672
15 5672
17 5672
19 5672
21 5672
23 5672
25 5672
27 5672
29 5672
31 5672
33 5672
35 5672
37 5672
39 5672
41 5672
43 5672
45 5672
47 5672
49 5672
51 5672
53 5672
55 5672
1 5674
3 5674
5 5674
7 5674
9 5674
11 5674
13 5674
15 5674
17 5674
19 5674
21 5674
23 5674
25 5674
27 5674
29 5674
31 5674
33 5674
35 5674
37 5674
39 5674
41 5674
43 5674
45 5674
47 5674
49 5674
51 5674
53 5674
55 5674
1 5676
5 5676
7 5676
13 5676
17 5676
19 5676
23 5676
25 5676
29 5676
31 5676
35 5676
37 5676
41 5676
47 5676
49 5676
53 5676
1 5678
3 5678
5 5678
7 5678
9 5678
11 5678
13 5678
15 5678
19 5678
21 5678
23 5678
25 5678
27 5678
29 5678
31 5678
33 5678
35 5678
37 5678
39 5678
41 5678
43 5678
45 5678
47 5678
49 5678
53 5678
55 5678
1 5680
3 5680
7 5680
9 5680
11 5680
13 5680
17 5680
19 5680
21 5680
23 5680
27 5680
29 5680
31 5680
33 5680
37 5680
39 5680
41 5680
43 5680
47 5680
49 5680
51 5680
53 5680
1 5682
5 5682
7 5682
11 5682
13 5682
17 5682
19 5682
23 5682
25 5682
29 5682
31 5682
35 5682
37 5682
41 5682
43 5682
47 5682
49 5682
53 5682
55 5682
1 5684
3 5684
5 5684
9 5684
11 5684
13 5684
15 5684
17 5684
19 5684
23 5684
25 5684
27 5684
31 5684
33 5684
37 5684
39 5684
41 5684
43 5684
45 5684
47 5684
51 5684
53 5684
55 5684
1 5686
3 5686
5 5686
7 5686
9 5686
11 5686
13 5686
15 5686
17 5686
19 5686
21 5686
23 5686
25 5686
27 5686
29 5686
31 5686
33 5686
35 5686
37 5686
39 5686
41 5686
43 5686
45 5686
47 5686
49 5686
51 5686
53 5686
55 5686
1 5688
5 5688
7 5688
11 5688
13 5688
17 5688
19 5688
23 5688
25 5688
29 5688
31 5688
35 5688
37 5688
41 5688
43 5688
47 5688
49 5688
53 5688
55 5688
1 5690
3 5690
7 5690
9 5690
11 5690
13 5690
17 5690
19 5690
21 5690
23 5690
27 5690
29 5690
31 5690
33 5690
37 5690
39 5690
41 5690
43 5690
47 5690
49 5690
51 5690
53 5690
1 5692
3 5692
5 5692
7 5692
9 5692
11 5692
13 5692
15 5692
17 5692
19 5692
21 5692
23 5692
25 5692
27 5692
29 5692
31 5692
33 5692
35 5692
37 5692
39 5692
41 5692
43 5692
45 5692
47 5692
49 5692
51 5692
53 5692
55 5692
1 5694
5 5694
7 5694
11 5694
17 5694
19 5694
23 5694
25 5694
29 5694
31 5694
35 5694
37 5694
41 5694
43 5694
47 5694
49 5694
53 5694
55 5694
1 5696
3 5696
5 5696
7 5696
9 5696
11 5696
13 5696
15 5696
17 5696
19 5696
21 5696
23 5696
25 5696
27 5696
29 5696
31 5696
33 5696
35 5696
37 5696
39 5696
41 5696
43 5696
45 5696
47 5696
49 5696
51 5696
53 5696
55 5696
1 5698
3 5698
5 5698
9 5698
13 5698
15 5698
17 5698
19 5698
23 5698
25 5698
27 5698
29 5698
31 5698
39 5698
41 5698
43 5698
45 5698
47 5698
51 5698
53 5698
1 5700
7 5700
11 5700
13 5700
17 5700
23 5700
29 5700
31 5700
37 5700
41 5700
43 5700
47 5700
49 5700
53 5700
1 5702
3 5702
5 5702
7 5702
9 5702
11 5702
13 5702
15 5702
17 5702
19 5702
21 5702
23 5702
25 5702
27 5702
29 5702
31 5702
33 5702
35 5702
37 5702
39 5702
41 5702
43 5702
45 5702
47 5702
49 5702
51 5702
53 5702
55 5702
57 5702
1 5704
3 5704
5 5704
7 5704
9 5704
11 5704
13 5704
15 5704
17 5704
19 5704
21 5704
25 5704
27 5704
29 5704
33 5704
35 5704
37 5704
39 5704
41 5704
43 5704
45 5704
47 5704
49 5704
51 5704
53 5704
55 5704
57 5704
1 5706
5 5706
7 5706
11 5706
13 5706
17 5706
19 5706
23 5706
25 5706
29 5706
31 5706
35 5706
37 5706
41 5706
43 5706
47 5706
49 5706
53 5706
55 5706
1 5708
3 5708
5 5708
7 5708
9 5708
11 5708
13 5708
15 5708
17 5708
19 5708
21 5708
23 5708
25 5708
27 5708
29 5708
31 5708
33 5708
35 5708
37 5708
39 5708
41 5708
43 5708
45 5708
47 5708
49 5708
51 5708
53 5708
55 5708
57 5708
1 5710
3 5710
7 5710
9 5710
11 5710
13 5710
17 5710
19 5710
21 5710
23 5710
27 5710
29 5710
31 5710
33 5710
37 5710
39 5710
41 5710
43 5710
47 5710
49 5710
51 5710
53 5710
57 5710
1 5712
5 5712
11 5712
13 5712
19 5712
23 5712
25 5712
29 5712
31 5712
37 5712
41 5712
43 5712
47 5712
53 5712
55 5712
1 5714
3 5714
5 5714
7 5714
9 5714
11 5714
13 5714
15 5714
17 5714
19 5714
21 5714
23 5714
25 5714
27 5714
29 5714
31 5714
33 5714
35 5714
37 5714
39 5714
41 5714
43 5714
45 5714
47 5714
49 5714
51 5714
53 5714
55 5714
57 5714
1 5716
3 5716
5 5716
7 5716
9 5716
11 5716
13 5716
15 5716
17 5716
19 5716
21 5716
23 5716
25 5716
27 5716
29 5716
31 5716
33 5716
35 5716
37 5716
39 5716
41 5716
43 5716
45 5716
47 5716
49 5716
51 5716
53 5716
55 5716
57 5716
1 5718
5 5718
7 5718
11 5718
13 5718
17 5718
19 5718
23 5718
25 5718
29 5718
31 5718
35 5718
37 5718
41 5718
43 5718
47 5718
49 5718
53 5718
55 5718
1 5720
3 5720
7 5720
9 5720
17 5720
19 5720
21 5720
23 5720
27 5720
29 5720
31 5720
37 5720
41 5720
43 5720
47 5720
49 5720
51 5720
53 5720
57 5720
1 5722
3 5722
5 5722
7 5722
9 5722
11 5722
13 5722
15 5722
17 5722
19 5722
21 5722
23 5722
25 5722
27 5722
29 5722
31 5722
33 5722
35 5722
37 5722
39 5722
41 5722
43 5722
45 5722
47 5722
49 5722
51 5722
53 5722
55 5722
57 5722
1 5724
5 5724
7 5724
11 5724
13 5724
17 5724
19 5724
23 5724
25 5724
29 5724
31 5724
35 5724
37 5724
41 5724
43 5724
47 5724
49 5724
55 5724
1 5726
3 5726
5 5726
9 5726
11 5726
13 5726
15 5726
17 5726
19 5726
23 5726
25 5726
27 5726
29 5726
31 5726
33 5726
37 5726
39 5726
41 5726
43 5726
45 5726
47 5726
51 5726
53 5726
55 5726
57 5726
1 5728
3 5728
5 5728
7 5728
9 5728
11 5728
13 5728
15 5728
17 5728
19 5728
21 5728
23 5728
25 5728
27 5728
29 5728
31 5728
33 5728
35 5728
37 5728
39 5728
41 5728
43 5728
45 5728
47 5728
49 5728
51 5728
53 5728
55 5728
57 5728
1 5730
7 5730
11 5730
13 5730
17 5730
19 5730
23 5730
29 5730
31 5730
37 5730
41 5730
43 5730
47 5730
49 5730
53 5730
1 5732
3 5732
5 5732
7 5732
9 5732
11 5732
13 5732
15 5732
17 5732
19 5732
21 5732
23 5732
25 5732
27 5732
29 5732
31 5732
33 5732
35 5732
37 5732
39 5732
41 5732
43 5732
45 5732
47 5732
49 5732
51 5732
53 5732
55 5732
57 5732
1 5734
3 5734
5 5734
7 5734
9 5734
11 5734
13 5734
15 5734
17 5734
19 5734
21 5734
23 5734
25 5734
27 5734
29 5734
31 5734
33 5734
35 5734
37 5734
39 5734
41 5734
43 5734
45 5734
49 5734
51 5734
53 5734
55 5734
57 5734
1 5736
5 5736
7 5736
11 5736
13 5736
17 5736
19 5736
23 5736
25 5736
29 5736
31 5736
35 5736
37 5736
41 5736
43 5736
47 5736
49 5736
53 5736
55 5736
1 5738
3 5738
5 5738
7 5738
9 5738
11 5738
13 5738
15 5738
17 5738
21 5738
23 5738
25 5738
27 5738
29 5738
31 5738
33 5738
35 5738
37 5738
39 5738
41 5738
43 5738
45 5738
47 5738
49 5738
51 5738
53 5738
55 5738
1 5740
3 5740
9 5740
11 5740
13 5740
17 5740
19 5740
23 5740
27 5740
29 5740
31 5740
33 5740
37 5740
39 5740
43 5740
47 5740
51 5740
53 5740
57 5740
1 5742
5 5742
7 5742
13 5742
17 5742
19 5742
23 5742
25 5742
31 5742
35 5742
37 5742
41 5742
43 5742
47 5742
49 5742
53 5742
1 5744
3 5744
5 5744
7 5744
9 5744
11 5744
13 5744
15 5744
17 5744
19 5744
21 5744
23 5744
25 5744
27 5744
29 5744
31 5744
33 5744
35 5744
37 5744
39 5744
41 5744
43 5744
45 5744
47 5744
49 5744
51 5744
53 5744
55 5744
57 5744
1 5746
3 5746
5 5746
7 5746
9 5746
11 5746
15 5746
19 5746
21 5746
23 5746
25 5746
27 5746
29 5746
31 5746
33 5746
35 5746
37 5746
41 5746
43 5746
45 5746
47 5746
49 5746
53 5746
55 5746
57 5746
1 5748
5 5748
7 5748
11 5748
13 5748
17 5748
19 5748
23 5748
25 5748
29 5748
31 5748
35 5748
37 5748
41 5748
43 5748
47 5748
49 5748
53 5748
55 5748
1 5750
3 5750
7 5750
9 5750
11 5750
13 5750
17 5750
19 5750
21 5750
27 5750
29 5750
31 5750
33 5750
37 5750
39 5750
41 5750
43 5750
47 5750
49 5750
51 5750
53 5750
57 5750
1 5752
3 5752
5 5752
7 5752
9 5752
11 5752
13 5752
15 5752
17 5752
19 5752
21 5752
23 5752
25 5752
27 5752
29 5752
31 5752
33 5752
35 5752
37 5752
39 5752
41 5752
43 5752
45 5752
47 5752
49 5752
51 5752
53 5752
55 5752
57 5752
1 5754
5 5754
11 5754
13 5754
17 5754
19 5754
23 5754
25 5754
29 5754
31 5754
37 5754
41 5754
43 5754
47 5754
53 5754
55 5754
1 5756
3 5756
5 5756
7 5756
9 5756
11 5756
13 5756
15 5756
17 5756
19 5756
21 5756
23 5756
25 5756
27 5756
29 5756
31 5756
33 5756
35 5756
37 5756
39 5756
41 5756
43 5756
45 5756
47 5756
49 5756
51 5756
53 5756
55 5756
57 5756
1 5758
3 5758
5 5758
7 5758
9 5758
11 5758
13 5758
15 5758
17 5758
19 5758
21 5758
23 5758
25 5758
27 5758
29 5758
31 5758
33 5758
35 5758
37 5758
39 5758
41 5758
43 5758
45 5758
47 5758
49 5758
51 5758
53 5758
55 5758
57 5758
1 5760
7 5760
11 5760
13 5760
17 5760
19 5760
23 5760
29 5760
31 5760
37 5760
41 5760
43 5760
47 5760
49 5760
53 5760
1 5762
3 5762
5 5762
7 5762
9 5762
11 5762
13 5762
15 5762
17 5762
19 5762
21 5762
23 5762
25 5762
27 5762
29 5762
31 5762
33 5762
35 5762
37 5762
39 5762
41 5762
45 5762
47 5762
49 5762
51 5762
53 5762
55 5762
57 5762
1 5764
3 5764
5 5764
7 5764
9 5764
13 5764
15 5764
17 5764
19 5764
21 5764
23 5764
25 5764
27 5764
29 5764
31 5764
35 5764
37 5764
39 5764
41 5764
43 5764
45 5764
47 5764
49 5764
51 5764
53 5764
57 5764
1 5766
5 5766
7 5766
11 5766
13 5766
17 5766
19 5766
23 5766
25 5766
29 5766
35 5766
37 5766
41 5766
43 5766
47 5766
49 5766
53 5766
55 5766
1 5768
3 5768
5 5768
9 5768
11 5768
13 5768
15 5768
17 5768
19 5768
23 5768
25 5768
27 5768
29 5768
31 5768
33 5768
37 5768
39 5768
41 5768
43 5768
45 5768
47 5768
51 5768
53 5768
55 5768
57 5768
1 5770
3 5770
7 5770
9 5770
11 5770
13 5770
17 5770
19 5770
21 5770
23 5770
27 5770
29 5770
31 5770
33 5770
37 5770
39 5770
41 5770
43 5770
47 5770
49 5770
51 5770
53 5770
57 5770
1 5772
5 5772
7 5772
11 5772
17 5772
19 5772
23 5772
25 5772
29 5772
31 5772
35 5772
41 5772
43 5772
47 5772
49 5772
53 5772
55 5772
1 5774
3 5774
5 5774
7 5774
9 5774
11 5774
13 5774
15 5774
17 5774
19 5774
21 5774
23 5774
25 5774
27 5774
29 5774
31 5774
33 5774
35 5774
37 5774
39 5774
41 5774
43 5774
45 5774
47 5774
49 5774
51 5774
53 5774
55 5774
57 5774
1 5776
3 5776
5 5776
7 5776
9 5776
11 5776
13 5776
15 5776
17 5776
21 5776
23 5776
25 5776
27 5776
29 5776
31 5776
33 5776
35 5776
37 5776
39 5776
41 5776
43 5776
45 5776
47 5776
49 5776
51 5776
53 5776
55 5776
1 5778
5 5778
7 5778
11 5778
13 5778
17 5778
19 5778
23 5778
25 5778
29 5778
31 5778
35 5778
37 5778
41 5778
43 5778
47 5778
49 5778
53 5778
55 5778
1 5780
3 5780
7 5780
9 5780
11 5780
13 5780
19 5780
21 5780
23 5780
27 5780
29 5780
31 5780
33 5780
37 5780
39 5780
41 5780
43 5780
47 5780
49 5780
53 5780
57 5780
1 5782
3 5782
5 5782
9 5782
11 5782
13 5782
15 5782
17 5782
19 5782
23 5782
25 5782
27 5782
29 5782
31 5782
33 5782
37 5782
39 5782
41 5782
43 5782
45 5782
47 5782
51 5782
53 5782
55 5782
57 5782
1 5784
5 5784
7 5784
11 5784
13 5784
17 5784
19 5784
23 5784
25 5784
29 5784
31 5784
35 5784
37 5784
41 5784
43 5784
47 5784
49 5784
53 5784
55 5784
1 5786
3 5786
5 5786
7 5786
9 5786
13 5786
15 5786
17 5786
19 5786
21 5786
23 5786
25 5786
27 5786
29 5786
31 5786
35 5786
37 5786
39 5786
41 5786
43 5786
45 5786
47 5786
49 5786
51 5786
53 5786
57 5786
1 5788
3 5788
5 5788
7 5788
9 5788
11 5788
13 5788
15 5788
17 5788
19 5788
21 5788
23 5788
25 5788
27 5788
29 5788
31 5788
33 5788
35 5788
37 5788
39 5788
41 5788
43 5788
45 5788
47 5788
49 5788
51 5788
53 5788
55 5788
57 5788
1 5790
7 5790
11 5790
13 5790
17 5790
19 5790
23 5790
29 5790
31 5790
37 5790
41 5790
43 5790
47 5790
49 5790
53 5790
1 5792
3 5792
5 5792
7 5792
9 5792
11 5792
13 5792
15 5792
17 5792
19 5792
21 5792
23 5792
25 5792
27 5792
29 5792
31 5792
33 5792
35 5792
37 5792
39 5792
41 5792
43 5792
45 5792
47 5792
49 5792
51 5792
53 5792
55 5792
57 5792
1 5794
3 5794
5 5794
7 5794
9 5794
11 5794
13 5794
15 5794
17 5794
19 5794
21 5794
23 5794
25 5794
27 5794
29 5794
31 5794
33 5794
35 5794
37 5794
39 5794
41 5794
43 5794
45 5794
47 5794
49 5794
51 5794
53 5794
55 5794
57 5794
1 5796
5 5796
11 5796
13 5796
17 5796
19 5796
25 5796
29 5796
31 5796
37 5796
41 5796
43 5796
47 5796
53 5796
55 5796
1 5798
3 5798
5 5798
7 5798
9 5798
11 5798
15 5798
17 5798
19 5798
21 5798
23 5798
25 5798
27 5798
29 5798
31 5798
33 5798
35 5798
37 5798
41 5798
43 5798
45 5798
47 5798
49 5798
51 5798
53 5798
55 5798
57 5798
1 5800
3 5800
7 5800
9 5800
11 5800
13 5800
17 5800
19 5800
21 5800
23 5800
27 5800
31 5800
33 5800
37 5800
39 5800
41 5800
43 5800
47 5800
49 5800
51 5800
53 5800
57 5800
1 5802
5 5802
7 5802
11 5802
13 5802
17 5802
19 5802
23 5802
25 5802
29 5802
31 5802
35 5802
37 5802
41 5802
43 5802
47 5802
49 5802
53 5802
55 5802
1 5804
3 5804
5 5804
7 5804
9 5804
11 5804
13 5804
15 5804
17 5804
19 5804
21 5804
23 5804
25 5804
27 5804
29 5804
31 5804
33 5804
35 5804
37 5804
39 5804
41 5804
43 5804
45 5804
47 5804
49 5804
51 5804
53 5804
55 5804
57 5804
1 5806
3 5806
5 5806
7 5806
9 5806
11 5806
13 5806
15 5806
17 5806
19 5806
21 5806
23 5806
25 5806
27 5806
29 5806
31 5806
33 5806
35 5806
37 5806
39 5806
41 5806
43 5806
45 5806
47 5806
49 5806
51 5806
53 5806
55 5806
57 5806
1 5808
5 5808
7 5808
13 5808
17 5808
19 5808
23 5808
25 5808
29 5808
31 5808
35 5808
37 5808
41 5808
43 5808
47 5808
49 5808
53 5808
1 5810
3 5810
9 5810
11 5810
13 5810
17 5810
19 5810
23 5810
27 5810
29 5810
31 5810
33 5810
37 5810
39 5810
41 5810
43 5810
47 5810
51 5810
53 5810
57 5810
1 5812
3 5812
5 5812
7 5812
9 5812
11 5812
13 5812
15 5812
17 5812
19 5812
21 5812
23 5812
25 5812
27 5812
29 5812
31 5812
33 5812
35 5812
37 5812
39 5812
41 5812
43 5812
45 5812
47 5812
49 5812
51 5812
53 5812
55 5812
57 5812
1 5814
5 5814
7 5814
11 5814
13 5814
23 5814
25 5814
29 5814
31 5814
35 5814
37 5814
41 5814
43 5814
47 5814
49 5814
53 5814
55 5814
1 5816
3 5816
5 5816
7 5816
9 5816
11 5816
13 5816
15 5816
17 5816
19 5816
21 5816
23 5816
25 5816
27 5816
29 5816
31 5816
33 5816
35 5816
37 5816
39 5816
41 5816
43 5816
45 5816
47 5816
49 5816
51 5816
53 5816
55 5816
57 5816
1 5818
3 5818
5 5818
7 5818
9 5818
11 5818
13 5818
15 5818
17 5818
19 5818
21 5818
23 5818
25 5818
27 5818
29 5818
31 5818
33 5818
35 5818
37 5818
39 5818
41 5818
43 5818
45 5818
47 5818
49 5818
51 5818
53 5818
55 5818
57 5818
1 5820
7 5820
11 5820
13 5820
17 5820
19 5820
23 5820
29 5820
31 5820
37 5820
41 5820
43 5820
47 5820
49 5820
53 5820
1 5822
3 5822
5 5822
7 5822
9 5822
11 5822
13 5822
15 5822
17 5822
19 5822
21 5822
23 5822
25 5822
27 5822
29 5822
31 5822
33 5822
35 5822
37 5822
39 5822
43 5822
45 5822
47 5822
49 5822
51 5822
53 5822
55 5822
57 5822
1 5824
3 5824
5 5824
9 5824
11 5824
15 5824
17 5824
19 5824
23 5824
25 5824
27 5824
29 5824
31 5824
33 5824
37 5824
41 5824
43 5824
45 5824
47 5824
51 5824
53 5824
55 5824
57 5824
1 5826
5 5826
7 5826
11 5826
13 5826
17 5826
19 5826
23 5826
25 5826
29 5826
31 5826
35 5826
37 5826
41 5826
43 5826
47 5826
49 5826
53 5826
55 5826
1 5828
3 5828
5 5828
7 5828
9 5828
11 5828
13 5828
15 5828
17 5828
19 5828
21 5828
23 5828
25 5828
27 5828
29 5828
33 5828
35 5828
37 5828
39 5828
41 5828
43 5828
45 5828
49 5828
51 5828
53 5828
55 5828
57 5828
1 5830
3 5830
7 5830
9 5830
13 5830
17 5830
19 5830
21 5830
23 5830
27 5830
29 5830
31 5830
37 5830
39 5830
41 5830
43 5830
47 5830
49 5830
51 5830
57 5830
1 5832
5 5832
7 5832
11 5832
13 5832
17 5832
19 5832
23 5832
25 5832
29 5832
31 5832
35 5832
37 5832
41 5832
43 5832
47 5832
49 5832
53 5832
55 5832
1 5834
3 5834
5 5834
7 5834
9 5834
11 5834
13 5834
15 5834
17 5834
19 5834
21 5834
23 5834
25 5834
27 5834
29 5834
31 5834
33 5834
35 5834
37 5834
39 5834
41 5834
43 5834
45 5834
47 5834
49 5834
51 5834
53 5834
55 5834
57 5834
1 5836
3 5836
5 5836
7 5836
9 5836
11 5836
13 5836
15 5836
17 5836
19 5836
21 5836
23 5836
25 5836
27 5836
29 5836
31 5836
33 5836
35 5836
37 5836
39 5836
41 5836
43 5836
45 5836
47 5836
49 5836
51 5836
53 5836
55 5836
57 5836
1 5838
5 5838
11 5838
13 5838
17 5838
19 5838
23 5838
25 5838
29 5838
31 5838
37 5838
41 5838
43 5838
47 5838
53 5838
55 5838
1 5840
3 5840
7 5840
9 5840
11 5840
13 5840
17 5840
19 5840
21 5840
23 5840
27 5840
29 5840
31 5840
33 5840
37 5840
39 5840
41 5840
43 5840
47 5840
49 5840
51 5840
53 5840
57 5840
1 5842
3 5842
5 5842
7 5842
9 5842
11 5842
13 5842
15 5842
17 5842
19 5842
21 5842
25 5842
27 5842
29 5842
31 5842
33 5842
35 5842
37 5842
39 5842
41 5842
43 5842
45 5842
47 5842
49 5842
51 5842
53 5842
55 5842
57 5842
1 5844
5 5844
7 5844
11 5844
13 5844
17 5844
19 5844
23 5844
25 5844
29 5844
31 5844
35 5844
37 5844
41 5844
43 5844
47 5844
49 5844
53 5844
55 5844
1 5846
3 5846
5 5846
7 5846
9 5846
11 5846
13 5846
15 5846
17 5846
19 5846
21 5846
23 5846
25 5846
27 5846
29 5846
31 5846
33 5846
35 5846
39 5846
41 5846
43 5846
45 5846
47 5846
49 5846
51 5846
53 5846
55 5846
57 5846
1 5848
3 5848
5 5848
7 5848
9 5848
11 5848
13 5848
15 5848
19 5848
21 5848
23 5848
25 5848
27 5848
29 5848
31 5848
33 5848
35 5848
37 5848
39 5848
41 5848
45 5848
47 5848
49 5848
53 5848
55 5848
57 5848
1 5850
7 5850
11 5850
17 5850
19 5850
23 5850
29 5850
31 5850
37 5850
41 5850
43 5850
47 5850
49 5850
53 5850
1 5852
3 5852
5 5852
9 5852
13 5852
15 5852
17 5852
23 5852
25 5852
27 5852
29 5852
31 5852
37 5852
39 5852
41 5852
43 5852
45 5852
47 5852
51 5852
53 5852
1 5854
3 5854
5 5854
7 5854
9 5854
11 5854
13 5854
15 5854
17 5854
19 5854
21 5854
23 5854
25 5854
27 5854
29 5854
31 5854
33 5854
35 5854
37 5854
39 5854
41 5854
43 5854
45 5854
47 5854
49 5854
51 5854
53 5854
55 5854
57 5854
1 5856
5 5856
7 5856
11 5856
13 5856
17 5856
19 5856
23 5856
25 5856
29 5856
31 5856
35 5856
37 5856
41 5856
43 5856
47 5856
49 5856
53 5856
55 5856
1 5858
3 5858
5 5858
7 5858
9 5858
11 5858
13 5858
15 5858
17 5858
19 5858
21 5858
23 5858
25 5858
27 5858
31 5858
33 5858
35 5858
37 5858
39 5858
41 5858
43 5858
45 5858
47 5858
49 5858
51 5858
53 5858
55 5858
57 5858
1 5860
3 5860
7 5860
9 5860
11 5860
13 5860
17 5860
19 5860
21 5860
23 5860
27 5860
29 5860
31 5860
33 5860
37 5860
39 5860
41 5860
43 5860
47 5860
49 5860
51 5860
53 5860
57 5860
1 5862
5 5862
7 5862
11 5862
13 5862
17 5862
19 5862
23 5862
25 5862
29 5862
31 5862
35 5862
37 5862
41 5862
43 5862
47 5862
49 5862
53 5862
55 5862
1 5864
3 5864
5 5864
7 5864
9 5864
11 5864
13 5864
15 5864
17 5864
19 5864
21 5864
23 5864
25 5864
27 5864
29 5864
31 5864
33 5864
35 5864
37 5864
39 5864
41 5864
43 5864
45 5864
47 5864
49 5864
51 5864
53 5864
55 5864
57 5864
1 5866
3 5866
5 5866
9 5866
11 5866
13 5866
15 5866
17 5866
19 5866
23 5866
25 5866
27 5866
29 5866
31 5866
33 5866
37 5866
39 5866
41 5866
43 5866
45 5866
47 5866
51 5866
53 5866
55 5866
57 5866
1 5868
5 5868
7 5868
11 5868
13 5868
17 5868
19 5868
23 5868
25 5868
29 5868
31 5868
35 5868
37 5868
41 5868
43 5868
47 5868
49 5868
53 5868
55 5868
1 5870
3 5870
7 5870
9 5870
11 5870
13 5870
17 5870
19 5870
21 5870
23 5870
27 5870
29 5870
31 5870
33 5870
37 5870
39 5870
41 5870
43 5870
47 5870
49 5870
51 5870
53 5870
57 5870
1 5872
3 5872
5 5872
7 5872
9 5872
11 5872
13 5872
15 5872
17 5872
19 5872
21 5872
23 5872
25 5872
27 5872
29 5872
31 5872
33 5872
35 5872
37 5872
39 5872
41 5872
43 5872
45 5872
47 5872
49 5872
51 5872
53 5872
55 5872
57 5872
1 5874
5 5874
7 5874
13 5874
17 5874
19 5874
23 5874
25 5874
29 5874
31 5874
35 5874
37 5874
41 5874
43 5874
47 5874
49 5874
53 5874
1 5876
3 5876
5 5876
7 5876
9 5876
11 5876
15 5876
17 5876
19 5876
21 5876
23 5876
25 5876
27 5876
29 5876
31 5876
33 5876
35 5876
37 5876
41 5876
43 5876
45 5876
47 5876
49 5876
51 5876
53 5876
55 5876
57 5876
1 5878
3 5878
5 5878
7 5878
9 5878
11 5878
13 5878
15 5878
17 5878
19 5878
21 5878
23 5878
25 5878
27 5878
29 5878
31 5878
33 5878
35 5878
37 5878
39 5878
41 5878
43 5878
45 5878
47 5878
49 5878
51 5878
53 5878
55 5878
57 5878
1 5880
11 5880
13 5880
17 5880
19 5880
23 5880
29 5880
31 5880
37 5880
41 5880
43 5880
47 5880
53 5880
1 5882
3 5882
5 5882
7 5882
9 5882
11 5882
13 5882
15 5882
19 5882
21 5882
23 5882
25 5882
27 5882
29 5882
31 5882
33 5882
35 5882
37 5882
39 5882
41 5882
43 5882
45 5882
47 5882
49 5882
53 5882
55 5882
57 5882
1 5884
3 5884
5 5884
7 5884
9 5884
11 5884
13 5884
15 5884
17 5884
19 5884
21 5884
23 5884
25 5884
27 5884
29 5884
31 5884
33 5884
35 5884
37 5884
39 5884
41 5884
43 5884
45 5884
47 5884
49 5884
51 5884
53 5884
55 5884
57 5884
1 5886
5 5886
7 5886
11 5886
13 5886
17 5886
19 5886
23 5886
25 5886
29 5886
31 5886
35 5886
37 5886
41 5886
43 5886
47 5886
49 5886
53 5886
55 5886
1 5888
3 5888
5 5888
7 5888
9 5888
11 5888
13 5888
15 5888
17 5888
19 5888
21 5888
25 5888
27 5888
29 5888
31 5888
33 5888
35 5888
37 5888
39 5888
41 5888
43 5888
45 5888
47 5888
49 5888
51 5888
53 5888
55 5888
57 5888
1 5890
3 5890
7 5890
9 5890
11 5890
13 5890
17 5890
21 5890
23 5890
27 5890
29 5890
33 5890
37 5890
39 5890
41 5890
43 5890
47 5890
49 5890
51 5890
53 5890
1 5892
5 5892
7 5892
11 5892
13 5892
17 5892
19 5892
23 5892
25 5892
29 5892
31 5892
35 5892
37 5892
41 5892
43 5892
47 5892
49 5892
53 5892
55 5892
1 5894
3 5894
5 5894
9 5894
11 5894
13 5894
15 5894
17 5894
19 5894
23 5894
25 5894
27 5894
29 5894
31 5894
33 5894
37 5894
39 5894
41 5894
43 5894
45 5894
47 5894
51 5894
53 5894
55 5894
57 5894
1 5896
3 5896
5 5896
7 5896
9 5896
13 5896
15 5896
17 5896
19 5896
21 5896
23 5896
25 5896
27 5896
29 5896
31 5896
35 5896
37 5896
39 5896
41 5896
43 5896
45 5896
47 5896
49 5896
51 5896
53 5896
57 5896
1 5898
5 5898
7 5898
11 5898
13 5898
17 5898
19 5898
23 5898
25 5898
29 5898
31 5898
35 5898
37 5898
41 5898
43 5898
47 5898
49 5898
53 5898
55 5898
1 5900
3 5900
7 5900
9 5900
11 5900
13 5900
17 5900
19 5900
21 5900
23 5900
27 5900
29 5900
31 5900
33 5900
37 5900
39 5900
41 5900
43 5900
47 5900
49 5900
51 5900
53 5900
57 5900
1 5902
3 5902
5 5902
7 5902
9 5902
11 5902
15 5902
17 5902
19 5902
21 5902
23 5902
25 5902
27 5902
29 5902
31 5902
33 5902
35 5902
37 5902
41 5902
43 5902
45 5902
47 5902
49 5902
51 5902
53 5902
55 5902
57 5902
59 5902
1 5904
5 5904
7 5904
11 5904
13 5904
17 5904
19 5904
23 5904
25 5904
29 5904
31 5904
35 5904
37 5904
43 5904
47 5904
49 5904
53 5904
55 5904
59 5904
1 5906
3 5906
5 5906
7 5906
9 5906
11 5906
13 5906
15 5906
17 5906
19 5906
21 5906
23 5906
25 5906
27 5906
29 5906
31 5906
33 5906
35 5906
37 5906
39 5906
41 5906
43 5906
45 5906
47 5906
49 5906
51 5906
53 5906
55 5906
57 5906
59 5906
1 5908
3 5908
5 5908
9 5908
11 5908
13 5908
15 5908
17 5908
19 5908
23 5908
25 5908
27 5908
29 5908
31 5908
33 5908
37 5908
39 5908
41 5908
43 5908
45 5908
47 5908
51 5908
53 5908
55 5908
57 5908
59 5908
1 5910
7 5910
11 5910
13 5910
17 5910
19 5910
23 5910
29 5910
31 5910
37 5910
41 5910
43 5910
47 5910
49 5910
53 5910
59 5910
1 5912
3 5912
5 5912
7 5912
9 5912
11 5912
13 5912
15 5912
17 5912
19 5912
21 5912
23 5912
25 5912
27 5912
29 5912
31 5912
33 5912
35 5912
37 5912
39 5912
41 5912
43 5912
45 5912
47 5912
49 5912
51 5912
53 5912
55 5912
57 5912
59 5912
1 5914
3 5914
5 5914
7 5914
9 5914
11 5914
13 5914
15 5914
17 5914
19 5914
21 5914
23 5914
25 5914
27 5914
29 5914
31 5914
33 5914
35 5914
37 5914
39 5914
41 5914
43 5914
45 5914
47 5914
49 5914
51 5914
53 5914
55 5914
57 5914
59 5914
1 5916
5 5916
7 5916
11 5916
13 5916
19 5916
23 5916
25 5916
31 5916
35 5916
37 5916
41 5916
43 5916
47 5916
49 5916
53 5916
55 5916
59 5916
1 5918
3 5918
5 5918
7 5918
9 5918
13 5918
15 5918
17 5918
19 5918
21 5918
23 5918
25 5918
27 5918
29 5918
31 5918
35 5918
37 5918
39 5918
41 5918
43 5918
45 5918
47 5918
49 5918
51 5918
53 5918
57 5918
59 5918
1 5920
3 5920
7 5920
9 5920
11 5920
13 5920
17 5920
19 5920
21 5920
23 5920
27 5920
29 5920
31 5920
33 5920
39 5920
41 5920
43 5920
47 5920
49 5920
51 5920
53 5920
57 5920
59 5920
1 5922
5 5922
11 5922
13 5922
17 5922
19 5922
23 5922
25 5922
29 5922
31 5922
37 5922
41 5922
43 5922
53 5922
55 5922
59 5922
1 5924
3 5924
5 5924
7 5924
9 5924
11 5924
13 5924
15 5924
17 5924
19 5924
21 5924
23 5924
25 5924
27 5924
29 5924
31 5924
33 5924
35 5924
37 5924
39 5924
41 5924
43 5924
45 5924
47 5924
49 5924
51 5924
53 5924
55 5924
57 5924
59 5924
1 5926
3 5926
5 5926
7 5926
9 5926
11 5926
13 5926
15 5926
17 5926
19 5926
21 5926
23 5926
25 5926
27 5926
29 5926
31 5926
33 5926
35 5926
37 5926
39 5926
41 5926
43 5926
45 5926
47 5926
49 5926
51 5926
53 5926
55 5926
57 5926
59 5926
1 5928
5 5928
7 5928
11 5928
17 5928
23 5928
25 5928
29 5928
31 5928
35 5928
37 5928
41 5928
43 5928
47 5928
49 5928
53 5928
55 5928
59 5928
1 5930
3 5930
7 5930
9 5930
11 5930
13 5930
17 5930
19 5930
21 5930
23 5930
27 5930
29 5930
31 5930
33 5930
37 5930
39 5930
41 5930
43 5930
47 5930
49 5930
51 5930
53 5930
57 5930
59 5930
1 5932
3 5932
5 5932
7 5932
9 5932
11 5932
13 5932
15 5932
17 5932
19 5932
21 5932
23 5932
25 5932
27 5932
29 5932
31 5932
33 5932
35 5932
37 5932
39 5932
41 5932
43 5932
45 5932
47 5932
49 5932
51 5932
53 5932
55 5932
57 5932
59 5932
1 5934
5 5934
7 5934
11 5934
13 5934
17 5934
19 5934
25 5934
29 5934
31 5934
35 5934
37 5934
41 5934
47 5934
49 5934
53 5934
55 5934
59 5934
1 5936
3 5936
5 5936
9 5936
11 5936
13 5936
15 5936
17 5936
19 5936
23 5936
25 5936
27 5936
29 5936
31 5936
33 5936
37 5936
39 5936
41 5936
43 5936
45 5936
47 5936
51 5936
55 5936
57 5936
59 5936
1 5938
3 5938
5 5938
7 5938
9 5938
11 5938
13 5938
15 5938
17 5938
19 5938
21 5938
23 5938
25 5938
27 5938
29 5938
31 5938
33 5938
35 5938
37 5938
39 5938
41 5938
43 5938
45 5938
47 5938
49 5938
51 5938
53 5938
55 5938
57 5938
59 5938
1 5940
7 5940
13 5940
17 5940
19 5940
23 5940
29 5940
31 5940
37 5940
41 5940
43 5940
47 5940
49 5940
53 5940
59 5940
1 5942
3 5942
5 5942
7 5942
9 5942
11 5942
13 5942
15 5942
17 5942
19 5942
21 5942
23 5942
25 5942
27 5942
29 5942
31 5942
33 5942
35 5942
37 5942
39 5942
41 5942
43 5942
45 5942
47 5942
49 5942
51 5942
53 5942
55 5942
57 5942
59 5942
1 5944
3 5944
5 5944
7 5944
9 5944
11 5944
13 5944
15 5944
17 5944
19 5944
21 5944
23 5944
25 5944
27 5944
29 5944
31 5944
33 5944
35 5944
37 5944
39 5944
41 5944
43 5944
45 5944
47 5944
49 5944
51 5944
53 5944
55 5944
57 5944
59 5944
1 5946
5 5946
7 5946
11 5946
13 5946
17 5946
19 5946
23 5946
25 5946
29 5946
31 5946
35 5946
37 5946
41 5946
43 5946
47 5946
49 5946
53 5946
55 5946
59 5946
1 5948
3 5948
5 5948
7 5948
9 5948
11 5948
13 5948
15 5948
17 5948
19 5948
21 5948
23 5948
25 5948
27 5948
29 5948
31 5948
33 5948
35 5948
37 5948
39 5948
41 5948
43 5948
45 5948
47 5948
49 5948
51 5948
53 5948
55 5948
57 5948
59 5948
1 5950
3 5950
9 5950
11 5950
13 5950
19 5950
23 5950
27 5950
29 5950
31 5950
33 5950
37 5950
39 5950
41 5950
43 5950
47 5950
53 5950
57 5950
59 5950
1 5952
5 5952
7 5952
11 5952
13 5952
17 5952
19 5952
23 5952
25 5952
29 5952
35 5952
37 5952
41 5952
43 5952
47 5952
49 5952
53 5952
55 5952
59 5952
1 5954
3 5954
5 5954
7 5954
9 5954
11 5954
15 5954
17 5954
19 5954
21 5954
23 5954
25 5954
27 5954
29 5954
31 5954
33 5954
35 5954
37 5954
41 5954
43 5954
45 5954
47 5954
49 5954
51 5954
53 5954
55 5954
57 5954
59 5954
1 5956
3 5956
5 5956
7 5956
9 5956
11 5956
13 5956
15 5956
17 5956
19 5956
21 5956
23 5956
25 5956
27 5956
29 5956
31 5956
33 5956
35 5956
37 5956
39 5956
41 5956
43 5956
45 5956
47 5956
49 5956
51 5956
53 5956
55 5956
57 5956
59 5956
1 5958
5 5958
7 5958
11 5958
13 5958
17 5958
19 5958
23 5958
25 5958
29 5958
31 5958
35 5958
37 5958
41 5958
43 5958
47 5958
49 5958
53 5958
55 5958
59 5958
1 5960
3 5960
7 5960
9 5960
11 5960
13 5960
17 5960
19 5960
21 5960
23 5960
27 5960
29 5960
31 5960
33 5960
37 5960
39 5960
41 5960
43 5960
47 5960
49 5960
51 5960
53 5960
57 5960
59 5960
1 5962
3 5962
5 5962
7 5962
9 5962
13 5962
15 5962
17 5962
19 5962
21 5962
23 5962
25 5962
27 5962
29 5962
31 5962
35 5962
37 5962
39 5962
41 5962
43 5962
45 5962
47 5962
49 5962
51 5962
53 5962
57 5962
59 5962
1 5964
5 5964
11 5964
13 5964
17 5964
19 5964
23 5964
25 5964
29 5964
31 5964
37 5964
41 5964
43 5964
47 5964
53 5964
55 5964
59 5964
1 5966
3 5966
5 5966
7 5966
9 5966
11 5966
13 5966
15 5966
17 5966
21 5966
23 5966
25 5966
27 5966
29 5966
31 5966
33 5966
35 5966
37 5966
39 5966
41 5966
43 5966
45 5966
47 5966
49 5966
51 5966
53 5966
55 5966
59 5966
1 5968
3 5968
5 5968
7 5968
9 5968
11 5968
13 5968
15 5968
17 5968
19 5968
21 5968
23 5968
25 5968
27 5968
29 5968
31 5968
33 5968
35 5968
37 5968
39 5968
41 5968
43 5968
45 5968
47 5968
49 5968
51 5968
53 5968
55 5968
57 5968
59 5968
1 5970
7 5970
11 5970
13 5970
17 5970
19 5970
23 5970
29 5970
31 5970
37 5970
41 5970
43 5970
47 5970
49 5970
53 5970
59 5970
1 5972
3 5972
5 5972
7 5972
9 5972
11 5972
13 5972
15 5972
17 5972
19 5972
21 5972
23 5972
25 5972
27 5972
29 5972
31 5972
33 5972
35 5972
37 5972
39 5972
41 5972
43 5972
45 5972
47 5972
49 5972
51 5972
53 5972
55 5972
57 5972
59 5972
1 5974
3 5974
5 5974
7 5974
9 5974
11 5974
13 5974
15 5974
17 5974
19 5974
21 5974
23 5974
25 5974
27 5974
31 5974
33 5974
35 5974
37 5974
39 5974
41 5974
43 5974
45 5974
47 5974
49 5974
51 5974
53 5974
55 5974
57 5974
59 5974
1 5976
5 5976
7 5976
11 5976
13 5976
17 5976
19 5976
23 5976
25 5976
29 5976
31 5976
35 5976
37 5976
41 5976
43 5976
47 5976
49 5976
53 5976
55 5976
59 5976
1 5978
3 5978
5 5978
9 5978
11 5978
13 5978
15 5978
17 5978
19 5978
23 5978
25 5978
27 5978
29 5978
31 5978
33 5978
37 5978
39 5978
41 5978
43 5978
45 5978
47 5978
51 5978
53 5978
55 5978
57 5978
59 5978
1 5980
3 5980
7 5980
9 5980
11 5980
17 5980
19 5980
21 5980
27 5980
29 5980
31 5980
33 5980
37 5980
41 5980
43 5980
47 5980
49 5980
51 5980
53 5980
57 5980
59 5980
1 5982
5 5982
7 5982
11 5982
13 5982
17 5982
19 5982
23 5982
25 5982
29 5982
31 5982
35 5982
37 5982
41 5982
43 5982
47 5982
49 5982
53 5982
55 5982
59 5982
1 5984
3 5984
5 5984
7 5984
9 5984
13 5984
15 5984
19 5984
21 5984
23 5984
25 5984
27 5984
29 5984
31 5984
35 5984
37 5984
39 5984
41 5984
43 5984
45 5984
47 5984
49 5984
53 5984
57 5984
59 5984
1 5986
3 5986
5 5986
7 5986
9 5986
11 5986
13 5986
15 5986
17 5986
19 5986
21 5986
23 5986
25 5986
27 5986
29 5986
31 5986
33 5986
35 5986
37 5986
39 5986
43 5986
45 5986
47 5986
49 5986
51 5986
53 5986
55 5986
57 5986
59 5986
1 5988
5 5988
7 5988
11 5988
13 5988
17 5988
19 5988
23 5988
25 5988
29 5988
31 5988
35 5988
37 5988
41 5988
43 5988
47 5988
49 5988
53 5988
55 5988
59 5988
1 5990
3 5990
7 5990
9 5990
11 5990
13 5990
17 5990
19 5990
21 5990
23 5990
27 5990
29 5990
31 5990
33 5990
37 5990
39 5990
41 5990
43 5990
47 5990
49 5990
51 5990
53 5990
57 5990
59 5990
1 5992
3 5992
5 5992
9 5992
11 5992
13 5992
15 5992
17 5992
19 5992
23 5992
25 5992
27 5992
29 5992
31 5992
33 5992
37 5992
39 5992
41 5992
43 5992
45 5992
47 5992
51 5992
53 5992
55 5992
57 5992
59 5992
1 5994
5 5994
7 5994
11 5994
13 5994
17 5994
19 5994
23 5994
25 5994
29 5994
31 5994
35 5994
41 5994
43 5994
47 5994
49 5994
53 5994
55 5994
59 5994
1 5996
3 5996
5 5996
7 5996
9 5996
11 5996
13 5996
15 5996
17 5996
19 5996
21 5996
23 5996
25 5996
27 5996
29 5996
31 5996
33 5996
35 5996
37 5996
39 5996
41 5996
43 5996
45 5996
47 5996
49 5996
51 5996
53 5996
55 5996
57 5996
59 5996
1 5998
3 5998
5 5998
7 5998
9 5998
11 5998
13 5998
15 5998
17 5998
19 5998
21 5998
23 5998
25 5998
27 5998
29 5998
31 5998
33 5998
35 5998
37 5998
39 5998
41 5998
43 5998
45 5998
47 5998
49 5998
51 5998
53 5998
55 5998
57 5998
59 5998
1 6000
7 6000
11 6000
13 6000
17 6000
19 6000
23 6000
29 6000
31 6000
37 6000
41 6000
43 6000
47 6000
49 6000
53 6000
59 6000
1 6002
3 6002
5 6002
7 6002
9 6002
11 6002
13 6002
15 6002
17 6002
19 6002
21 6002
23 6002
25 6002
27 6002
29 6002
31 6002
33 6002
35 6002
37 6002
39 6002
41 6002
43 6002
45 6002
47 6002
49 6002
51 6002
53 6002
55 6002
57 6002
59 6002
1 6004
3 6004
5 6004
7 6004
9 6004
11 6004
13 6004
15 6004
17 6004
21 6004
23 6004
25 6004
27 6004
29 6004
31 6004
33 6004
35 6004
37 6004
39 6004
41 6004
43 6004
45 6004
47 6004
49 6004
51 6004
53 6004
55 6004
59 6004
1 6006
5 6006
17 6006
19 6006
23 6006
25 6006
29 6006
31 6006
37 6006
41 6006
43 6006
47 6006
53 6006
59 6006
1 6008
3 6008
5 6008
7 6008
9 6008
11 6008
13 6008
15 6008
17 6008
19 6008
21 6008
23 6008
25 6008
27 6008
29 6008
31 6008
33 6008
35 6008
37 6008
39 6008
41 6008
43 6008
45 6008
47 6008
49 6008
51 6008
53 6008
55 6008
57 6008
59 6008
1 6010
3 6010
7 6010
9 6010
11 6010
13 6010
17 6010
19 6010
21 6010
23 6010
27 6010
29 6010
31 6010
33 6010
37 6010
39 6010
41 6010
43 6010
47 6010
49 6010
51 6010
53 6010
57 6010
59 6010
1 6012
5 6012
7 6012
11 6012
13 6012
17 6012
19 6012
23 6012
25 6012
29 6012
31 6012
35 6012
37 6012
41 6012
43 6012
47 6012
49 6012
53 6012
55 6012
59 6012
1 6014
3 6014
5 6014
7 6014
9 6014
11 6014
13 6014
15 6014
17 6014
19 6014
21 6014
23 6014
25 6014
27 6014
29 6014
33 6014
35 6014
37 6014
39 6014
41 6014
43 6014
45 6014
47 6014
49 6014
51 6014
53 6014
55 6014
57 6014
59 6014
1 6016
3 6016
5 6016
7 6016
9 6016
11 6016
13 6016
15 6016
17 6016
19 6016
21 6016
23 6016
25 6016
27 6016
29 6016
31 6016
33 6016
35 6016
37 6016
39 6016
41 6016
43 6016
45 6016
49 6016
51 6016
53 6016
55 6016
57 6016
59 6016
1 6018
5 6018
7 6018
11 6018
13 6018
19 6018
23 6018
25 6018
29 6018
31 6018
35 6018
37 6018
41 6018
43 6018
47 6018
49 6018
53 6018
55 6018
1 6020
3 6020
9 6020
11 6020
13 6020
17 6020
19 6020
23 6020
27 6020
29 6020
31 6020
33 6020
37 6020
39 6020
41 6020
47 6020
51 6020
53 6020
57 6020
59 6020
1 6022
3 6022
5 6022
7 6022
9 6022
11 6022
13 6022
15 6022
17 6022
19 6022
21 6022
23 6022
25 6022
27 6022
29 6022
31 6022
33 6022
35 6022
37 6022
39 6022
41 6022
43 6022
45 6022
47 6022
49 6022
51 6022
53 6022
55 6022
57 6022
59 6022
1 6024
5 6024
7 6024
11 6024
13 6024
17 6024
19 6024
23 6024
25 6024
29 6024
31 6024
35 6024
37 6024
41 6024
43 6024
47 6024
49 6024
53 6024
55 6024
59 6024
1 6026
3 6026
5 6026
7 6026
9 6026
11 6026
13 6026
15 6026
17 6026
19 6026
21 6026
25 6026
27 6026
29 6026
31 6026
33 6026
35 6026
37 6026
39 6026
41 6026
43 6026
45 6026
47 6026
49 6026
51 6026
53 6026
55 6026
57 6026
59 6026
1 6028
3 6028
5 6028
7 6028
9 6028
13 6028
15 6028
17 6028
19 6028
21 6028
23 6028
25 6028
27 6028
29 6028
31 6028
35 6028
37 6028
39 6028
41 6028
43 6028
45 6028
47 6028
49 6028
51 6028
53 6028
57 6028
59 6028
1 6030
7 6030
11 6030
13 6030
17 6030
19 6030
23 6030
29 6030
31 6030
37 6030
41 6030
43 6030
47 6030
49 6030
53 6030
59 6030
1 6032
3 6032
5 6032
7 6032
9 6032
11 6032
15 6032
17 6032
19 6032
21 6032
23 6032
25 6032
27 6032
31 6032
33 6032
35 6032
37 6032
41 6032
43 6032
45 6032
47 6032
49 6032
51 6032
53 6032
55 6032
57 6032
59 6032
1 6034
3 6034
5 6034
9 6034
11 6034
13 6034
15 6034
17 6034
19 6034
23 6034
25 6034
27 6034
29 6034
31 6034
33 6034
37 6034
39 6034
41 6034
43 6034
45 6034
47 6034
51 6034
53 6034
55 6034
57 6034
59 6034
1 6036
5 6036
7 6036
11 6036
13 6036
17 6036
19 6036
23 6036
25 6036
29 6036
31 6036
35 6036
37 6036
41 6036
43 6036
47 6036
49 6036
53 6036
55 6036
59 6036
1 6038
3 6038
5 6038
7 6038
9 6038
11 6038
13 6038
15 6038
17 6038
19 6038
21 6038
23 6038
25 6038
27 6038
29 6038
31 6038
33 6038
35 6038
37 6038
39 6038
41 6038
43 6038
45 6038
47 6038
49 6038
51 6038
53 6038
55 6038
57 6038
59 6038
1 6040
3 6040
7 6040
9 6040
11 6040
13 6040
17 6040
19 6040
21 6040
23 6040
27 6040
29 6040
31 6040
33 6040
37 6040
39 6040
41 6040
43 6040
47 6040
49 6040
51 6040
53 6040
57 6040
59 6040
1 6042
5 6042
7 6042
11 6042
13 6042
17 6042
23 6042
25 6042
29 6042
31 6042
35 6042
37 6042
41 6042
43 6042
47 6042
49 6042
55 6042
59 6042
1 6044
3 6044
5 6044
7 6044
9 6044
11 6044
13 6044
15 6044
17 6044
19 6044
21 6044
23 6044
25 6044
27 6044
29 6044
31 6044
33 6044
35 6044
37 6044
39 6044
41 6044
43 6044
45 6044
47 6044
49 6044
51 6044
53 6044
55 6044
57 6044
59 6044
1 6046
3 6046
5 6046
7 6046
9 6046
11 6046
13 6046
15 6046
17 6046
19 6046
21 6046
23 6046
25 6046
27 6046
29 6046
31 6046
33 6046
35 6046
37 6046
39 6046
41 6046
43 6046
45 6046
47 6046
49 6046
51 6046
53 6046
55 6046
57 6046
59 6046
1 6048
5 6048
11 6048
13 6048
17 6048
19 6048
23 6048
25 6048
29 6048
31 6048
37 6048
41 6048
43 6048
47 6048
53 6048
55 6048
59 6048
1 6050
3 6050
7 6050
9 6050
13 6050
17 6050
19 6050
21 6050
23 6050
27 6050
29 6050
31 6050
37 6050
39 6050
41 6050
43 6050
47 6050
49 6050
51 6050
53 6050
57 6050
59 6050
1 6052
3 6052
5 6052
7 6052
9 6052
11 6052
13 6052
15 6052
19 6052
21 6052
23 6052
25 6052
27 6052
29 6052
31 6052
33 6052
35 6052
37 6052
39 6052
41 6052
43 6052
45 6052
47 6052
49 6052
53 6052
55 6052
57 6052
59 6052
1 6054
5 6054
7 6054
11 6054
13 6054
17 6054
19 6054
23 6054
25 6054
29 6054
31 6054
35 6054
37 6054
41 6054
43 6054
47 6054
49 6054
53 6054
55 6054
59 6054
1 6056
3 6056
5 6056
7 6056
9 6056
11 6056
13 6056
15 6056
17 6056
19 6056
21 6056
23 6056
25 6056
27 6056
29 6056
31 6056
33 6056
35 6056
37 6056
39 6056
41 6056
43 6056
45 6056
47 6056
49 6056
51 6056
53 6056
55 6056
57 6056
59 6056
1 6058
3 6058
5 6058
7 6058
9 6058
11 6058
15 6058
17 6058
19 6058
21 6058
23 6058
25 6058
27 6058
29 6058
31 6058
33 6058
35 6058
37 6058
41 6058
43 6058
45 6058
47 6058
49 6058
51 6058
53 6058
55 6058
57 6058
59 6058
1 6060
7 6060
11 6060
13 6060
17 6060
19 6060
23 6060
29 6060
31 6060
37 6060
41 6060
43 6060
47 6060
49 6060
53 6060
59 6060
1 6062
3 6062
5 6062
9 6062
11 6062
13 6062
15 6062
17 6062
19 6062
23 6062
25 6062
27 6062
29 6062
31 6062
33 6062
37 6062
39 6062
41 6062
43 6062
45 6062
47 6062
51 6062
53 6062
55 6062
57 6062
59 6062
1 6064
3 6064
5 6064
7 6064
9 6064
11 6064
13 6064
15 6064
17 6064
19 6064
21 6064
23 6064
25 6064
27 6064
29 6064
31 6064
33 6064
35 6064
37 6064
39 6064
41 6064
43 6064
45 6064
47 6064
49 6064
51 6064
53 6064
55 6064
57 6064
59 6064
1 6066
5 6066
7 6066
11 6066
13 6066
17 6066
19 6066
23 6066
25 6066
29 6066
31 6066
35 6066
37 6066
41 6066
43 6066
47 6066
49 6066
53 6066
55 6066
59 6066
1 6068
3 6068
5 6068
7 6068
9 6068
11 6068
13 6068
15 6068
17 6068
19 6068
21 6068
23 6068
25 6068
27 6068
29 6068
31 6068
33 6068
35 6068
39 6068
43 6068
45 6068
47 6068
49 6068
51 6068
53 6068
55 6068
57 6068
59 6068
1 6070
3 6070
7 6070
9 6070
11 6070
13 6070
17 6070
19 6070
21 6070
23 6070
27 6070
29 6070
31 6070
33 6070
37 6070
39 6070
41 6070
43 6070
47 6070
49 6070
51 6070
53 6070
57 6070
59 6070
1 6072
5 6072
7 6072
13 6072
17 6072
19 6072
25 6072
29 6072
31 6072
35 6072
37 6072
41 6072
43 6072
47 6072
49 6072
53 6072
59 6072
1 6074
3 6074
5 6074
7 6074
9 6074
11 6074
13 6074
15 6074
17 6074
19 6074
21 6074
23 6074
25 6074
27 6074
29 6074
31 6074
33 6074
35 6074
37 6074
39 6074
41 6074
43 6074
45 6074
47 6074
49 6074
51 6074
53 6074
55 6074
57 6074
59 6074
1 6076
3 6076
5 6076
9 6076
11 6076
13 6076
15 6076
17 6076
19 6076
23 6076
25 6076
27 6076
29 6076
33 6076
37 6076
39 6076
41 6076
43 6076
45 6076
47 6076
51 6076
53 6076
55 6076
57 6076
59 6076
1 6078
5 6078
7 6078
11 6078
13 6078
17 6078
19 6078
23 6078
25 6078
29 6078
31 6078
35 6078
37 6078
41 6078
43 6078
47 6078
49 6078
53 6078
55 6078
59 6078
1 6080
3 6080
7 6080
9 6080
11 6080
13 6080
17 6080
21 6080
23 6080
27 6080
29 6080
31 6080
33 6080
37 6080
39 6080
41 6080
43 6080
47 6080
49 6080
51 6080
53 6080
59 6080
1 6082
3 6082
5 6082
7 6082
9 6082
11 6082
13 6082
15 6082
17 6082
19 6082
21 6082
23 6082
25 6082
27 6082
29 6082
31 6082
33 6082
35 6082
37 6082
39 6082
41 6082
43 6082
45 6082
47 6082
49 6082
51 6082
53 6082
55 6082
57 6082
59 6082
1 6084
5 6084
7 6084
11 6084
17 6084
19 6084
23 6084
25 6084
29 6084
31 6084
35 6084
37 6084
41 6084
43 6084
47 6084
49 6084
53 6084
55 6084
59 6084
1 6086
3 6086
5 6086
7 6086
9 6086
11 6086
13 6086
15 6086
19 6086
21 6086
23 6086
25 6086
27 6086
29 6086
31 6086
33 6086
35 6086
37 6086
39 6086
41 6086
43 6086
45 6086
47 6086
49 6086
53 6086
55 6086
57 6086
59 6086
1 6088
3 6088
5 6088
7 6088
9 6088
11 6088
13 6088
15 6088
17 6088
19 6088
21 6088
23 6088
25 6088
27 6088
29 6088
31 6088
33 6088
35 6088
37 6088
39 6088
41 6088
43 6088
45 6088
47 6088
49 6088
51 6088
53 6088
55 6088
57 6088
59 6088
1 6090
11 6090
13 6090
17 6090
19 6090
23 6090
31 6090
37 6090
41 6090
43 6090
47 6090
53 6090
59 6090
1 6092
3 6092
5 6092
7 6092
9 6092
11 6092
13 6092
15 6092
17 6092
19 6092
21 6092
23 6092
25 6092
27 6092
29 6092
31 6092
33 6092
35 6092
37 6092
39 6092
41 6092
43 6092
45 6092
47 6092
49 6092
51 6092
53 6092
55 6092
57 6092
59 6092
1 6094
3 6094
5 6094
7 6094
9 6094
13 6094
15 6094
17 6094
19 6094
21 6094
23 6094
25 6094
27 6094
29 6094
31 6094
35 6094
37 6094
39 6094
41 6094
43 6094
45 6094
47 6094
49 6094
51 6094
53 6094
57 6094
59 6094
1 6096
5 6096
7 6096
11 6096
13 6096
17 6096
19 6096
23 6096
25 6096
29 6096
31 6096
35 6096
37 6096
41 6096
43 6096
47 6096
49 6096
53 6096
55 6096
59 6096
1 6098
3 6098
5 6098
7 6098
9 6098
11 6098
13 6098
15 6098
17 6098
19 6098
21 6098
23 6098
25 6098
27 6098
29 6098
31 6098
33 6098
35 6098
37 6098
39 6098
41 6098
43 6098
45 6098
47 6098
49 6098
51 6098
53 6098
55 6098
57 6098
59 6098
1 6100
3 6100
7 6100
9 6100
11 6100
13 6100
17 6100
19 6100
21 6100
23 6100
27 6100
29 6100
31 6100
33 6100
37 6100
39 6100
41 6100
43 6100
47 6100
49 6100
51 6100
53 6100
57 6100
59 6100
1 6102
5 6102
7 6102
11 6102
13 6102
17 6102
19 6102
23 6102
25 6102
29 6102
31 6102
35 6102
37 6102
41 6102
43 6102
47 6102
49 6102
53 6102
55 6102
59 6102
61 6102
1 6104
3 6104
5 6104
9 6104
11 6104
13 6104
15 6104
17 6104
19 6104
23 6104
25 6104
27 6104
29 6104
31 6104
33 6104
37 6104
39 6104
41 6104
43 6104
45 6104
47 6104
51 6104
53 6104
55 6104
57 6104
59 6104
61 6104
1 6106
3 6106
5 6106
7 6106
9 6106
11 6106
13 6106
15 6106
17 6106
19 6106
21 6106
23 6106
25 6106
27 6106
29 6106
31 6106
33 6106
35 6106
37 6106
39 6106
41 6106
45 6106
47 6106
49 6106
51 6106
53 6106
55 6106
57 6106
59 6106
61 6106
1 6108
5 6108
7 6108
11 6108
13 6108
17 6108
19 6108
23 6108
25 6108
29 6108
31 6108
35 6108
37 6108
41 6108
43 6108
47 6108
49 6108
53 6108
55 6108
59 6108
61 6108
1 6110
3 6110
7 6110
9 6110
11 6110
17 6110
19 6110
21 6110
23 6110
27 6110
29 6110
31 6110
33 6110
37 6110
41 6110
43 6110
49 6110
51 6110
53 6110
57 6110
59 6110
61 6110
1 6112
3 6112
5 6112
7 6112
9 6112
11 6112
13 6112
15 6112
17 6112
19 6112
21 6112
23 6112
25 6112
27 6112
29 6112
31 6112
33 6112
35 6112
37 6112
39 6112
41 6112
43 6112
45 6112
47 6112
49 6112
51 6112
53 6112
55 6112
57 6112
59 6112
61 6112
1 6114
5 6114
7 6114
11 6114
13 6114
17 6114
19 6114
23 6114
25 6114
29 6114
31 6114
35 6114
37 6114
41 6114
43 6114
47 6114
49 6114
53 6114
55 6114
59 6114
61 6114
1 6116
3 6116
5 6116
7 6116
9 6116
13 6116
15 6116
17 6116
19 6116
21 6116
23 6116
25 6116
27 6116
29 6116
31 6116
35 6116
37 6116
39 6116
41 6116
43 6116
45 6116
47 6116
49 6116
51 6116
53 6116
57 6116
59 6116
61 6116
1 6118
3 6118
5 6118
9 6118
11 6118
13 6118
15 6118
17 6118
25 6118
27 6118
29 6118
31 6118
33 6118
37 6118
39 6118
41 6118
43 6118
45 6118
47 6118
51 6118
53 6118
55 6118
59 6118
61 6118
1 6120
7 6120
11 6120
13 6120
19 6120
23 6120
29 6120
31 6120
37 6120
41 6120
43 6120
47 6120
49 6120
53 6120
59 6120
61 6120
1 6122
3 6122
5 6122
7 6122
9 6122
11 6122
13 6122
15 6122
17 6122
19 6122
21 6122
23 6122
25 6122
27 6122
29 6122
31 6122
33 6122
35 6122
37 6122
39 6122
41 6122
43 6122
45 6122
47 6122
49 6122
51 6122
53 6122
55 6122
57 6122
59 6122
61 6122
1 6124
3 6124
5 6124
7 6124
9 6124
11 6124
13 6124
15 6124
17 6124
19 6124
21 6124
23 6124
25 6124
27 6124
29 6124
31 6124
33 6124
35 6124
37 6124
39 6124
41 6124
43 6124
45 6124
47 6124
49 6124
51 6124
53 6124
55 6124
57 6124
59 6124
61 6124
1 6126
5 6126
7 6126
11 6126
13 6126
17 6126
19 6126
23 6126
25 6126
29 6126
31 6126
35 6126
37 6126
41 6126
43 6126
47 6126
49 6126
53 6126
55 6126
59 6126
61 6126
1 6128
3 6128
5 6128
7 6128
9 6128
11 6128
13 6128
15 6128
17 6128
19 6128
21 6128
23 6128
25 6128
27 6128
29 6128
31 6128
33 6128
35 6128
37 6128
39 6128
41 6128
43 6128
45 6128
47 6128
49 6128
51 6128
53 6128
55 6128
57 6128
59 6128
61 6128
1 6130
3 6130
7 6130
9 6130
11 6130
13 6130
17 6130
19 6130
21 6130
23 6130
27 6130
29 6130
31 6130
33 6130
37 6130
39 6130
41 6130
43 6130
47 6130
49 6130
51 6130
53 6130
57 6130
59 6130
61 6130
1 6132
5 6132
11 6132
13 6132
17 6132
19 6132
23 6132
25 6132
29 6132
31 6132
37 6132
41 6132
43 6132
47 6132
53 6132
55 6132
59 6132
61 6132
1 6134
3 6134
5 6134
7 6134
9 6134
11 6134
13 6134
15 6134
17 6134
19 6134
21 6134
23 6134
25 6134
27 6134
29 6134
31 6134
33 6134
35 6134
37 6134
39 6134
41 6134
43 6134
45 6134
47 6134
49 6134
51 6134
53 6134
55 6134
57 6134
59 6134
61 6134
1 6136
3 6136
5 6136
7 6136
9 6136
11 6136
15 6136
17 6136
19 6136
21 6136
23 6136
25 6136
27 6136
29 6136
31 6136
33 6136
35 6136
37 6136
41 6136
43 6136
45 6136
47 6136
49 6136
51 6136
53 6136
55 6136
57 6136
61 6136
1 6138
5 6138
7 6138
13 6138
17 6138
19 6138
23 6138
25 6138
29 6138
35 6138
37 6138
41 6138
43 6138
47 6138
49 6138
53 6138
59 6138
61 6138
1 6140
3 6140
7 6140
9 6140
11 6140
13 6140
17 6140
19 6140
21 6140
23 6140
27 6140
29 6140
31 6140
33 6140
37 6140
39 6140
41 6140
43 6140
47 6140
49 6140
51 6140
53 6140
57 6140
59 6140
61 6140
1 6142
3 6142
5 6142
7 6142
9 6142
11 6142
13 6142
15 6142
17 6142
19 6142
21 6142
23 6142
25 6142
27 6142
29 6142
31 6142
33 6142
35 6142
39 6142
41 6142
43 6142
45 6142
47 6142
49 6142
51 6142
53 6142
55 6142
57 6142
59 6142
61 6142
1 6144
5 6144
7 6144
11 6144
13 6144
17 6144
19 6144
23 6144
25 6144
29 6144
31 6144
35 6144
37 6144
41 6144
43 6144
47 6144
49 6144
53 6144
55 6144
59 6144
61 6144
1 6146
3 6146
5 6146
9 6146
11 6146
13 6146
15 6146
17 6146
19 6146
23 6146
25 6146
27 6146
29 6146
31 6146
33 6146
37 6146
39 6146
41 6146
43 6146
45 6146
47 6146
51 6146
53 6146
55 6146
57 6146
59 6146
61 6146
1 6148
3 6148
5 6148
7 6148
9 6148
11 6148
13 6148
15 6148
17 6148
19 6148
21 6148
23 6148
25 6148
27 6148
31 6148
33 6148
35 6148
37 6148
39 6148
41 6148
43 6148
45 6148
47 6148
49 6148
51 6148
55 6148
57 6148
59 6148
61 6148
1 6150
7 6150
11 6150
13 6150
17 6150
19 6150
23 6150
29 6150
31 6150
37 6150
43 6150
47 6150
49 6150
53 6150
59 6150
61 6150
1 6152
3 6152
5 6152
7 6152
9 6152
11 6152
13 6152
15 6152
17 6152
19 6152
21 6152
23 6152
25 6152
27 6152
29 6152
31 6152
33 6152
35 6152
37 6152
39 6152
41 6152
43 6152
45 6152
47 6152
49 6152
51 6152
53 6152
55 6152
57 6152
59 6152
61 6152
1 6154
3 6154
5 6154
7 6154
9 6154
11 6154
13 6154
15 6154
19 6154
21 6154
23 6154
25 6154
27 6154
29 6154
31 6154
33 6154
35 6154
37 6154
39 6154
41 6154
43 6154
45 6154
47 6154
49 6154
53 6154
55 6154
57 6154
59 6154
61 6154
1 6156
5 6156
7 6156
11 6156
13 6156
17 6156
23 6156
25 6156
29 6156
31 6156
35 6156
37 6156
41 6156
43 6156
47 6156
49 6156
53 6156
55 6156
59 6156
61 6156
1 6158
3 6158
5 6158
7 6158
9 6158
11 6158
13 6158
15 6158
17 6158
19 6158
21 6158
23 6158
25 6158
27 6158
29 6158
31 6158
33 6158
35 6158
37 6158
39 6158
41 6158
43 6158
45 6158
47 6158
49 6158
51 6158
53 6158
55 6158
57 6158
59 6158
61 6158
1 6160
3 6160
9 6160
13 6160
17 6160
19 6160
23 6160
27 6160
29 6160
31 6160
37 6160
39 6160
41 6160
43 6160
47 6160
51 6160
53 6160
57 6160
59 6160
61 6160
1 6162
5 6162
7 6162
11 6162
17 6162
19 6162
23 6162
25 6162
29 6162
31 6162
35 6162
37 6162
41 6162
43 6162
47 6162
49 6162
53 6162
55 6162
59 6162
61 6162
1 6164
3 6164
5 6164
7 6164
9 6164
11 6164
13 6164
15 6164
17 6164
19 6164
21 6164
25 6164
27 6164
29 6164
31 6164
33 6164
35 6164
37 6164
39 6164
41 6164
43 6164
45 6164
47 6164
49 6164
51 6164
53 6164
55 6164
57 6164
59 6164
61 6164
1 6166
3 6166
5 6166
7 6166
9 6166
11 6166
13 6166
15 6166
17 6166
19 6166
21 6166
23 6166
25 6166
27 6166
29 6166
31 6166
33 6166
35 6166
37 6166
39 6166
41 6166
43 6166
45 6166
47 6166
49 6166
51 6166
53 6166
55 6166
57 6166
59 6166
61 6166
1 6168
5 6168
7 6168
11 6168
13 6168
17 6168
19 6168
23 6168
25 6168
29 6168
31 6168
35 6168
37 6168
41 6168
43 6168
47 6168
49 6168
53 6168
55 6168
59 6168
61 6168
1 6170
3 6170
7 6170
9 6170
11 6170
13 6170
17 6170
19 6170
21 6170
23 6170
27 6170
29 6170
31 6170
33 6170
37 6170
39 6170
41 6170
43 6170
47 6170
49 6170
51 6170
53 6170
57 6170
59 6170
61 6170
1 6172
3 6172
5 6172
7 6172
9 6172
11 6172
13 6172
15 6172
17 6172
19 6172
21 6172
23 6172
25 6172
27 6172
29 6172
31 6172
33 6172
35 6172
37 6172
39 6172
41 6172
43 6172
45 6172
47 6172
49 6172
51 6172
53 6172
55 6172
57 6172
59 6172
61 6172
1 6174
5 6174
11 6174
13 6174
17 6174
19 6174
23 6174
25 6174
29 6174
31 6174
37 6174
41 6174
43 6174
47 6174
53 6174
55 6174
59 6174
61 6174
1 6176
3 6176
5 6176
7 6176
9 6176
11 6176
13 6176
15 6176
17 6176
19 6176
21 6176
23 6176
25 6176
27 6176
29 6176
31 6176
33 6176
35 6176
37 6176
39 6176
41 6176
43 6176
45 6176
47 6176
49 6176
51 6176
53 6176
55 6176
57 6176
59 6176
61 6176
1 6178
3 6178
5 6178
7 6178
9 6178
11 6178
13 6178
15 6178
17 6178
19 6178
21 6178
23 6178
25 6178
27 6178
29 6178
31 6178
33 6178
35 6178
37 6178
39 6178
41 6178
43 6178
45 6178
47 6178
49 6178
51 6178
53 6178
55 6178
57 6178
59 6178
61 6178
1 6180
7 6180
11 6180
13 6180
17 6180
19 6180
23 6180
29 6180
31 6180
37 6180
41 6180
43 6180
47 6180
49 6180
53 6180
59 6180
61 6180
1 6182
3 6182
5 6182
7 6182
9 6182
13 6182
15 6182
17 6182
19 6182
21 6182
23 6182
25 6182
27 6182
29 6182
31 6182
35 6182
37 6182
39 6182
41 6182
43 6182
45 6182
47 6182
49 6182
51 6182
53 6182
57 6182
59 6182
61 6182
1 6184
3 6184
5 6184
7 6184
9 6184
11 6184
13 6184
15 6184
17 6184
19 6184
21 6184
23 6184
25 6184
27 6184
29 6184
31 6184
33 6184
35 6184
37 6184
39 6184
41 6184
43 6184
45 6184
47 6184
49 6184
51 6184
53 6184
55 6184
57 6184
59 6184
61 6184
1 6186
5 6186
7 6186
11 6186
13 6186
17 6186
19 6186
23 6186
25 6186
29 6186
31 6186
35 6186
37 6186
41 6186
43 6186
47 6186
49 6186
53 6186
55 6186
59 6186
61 6186
1 6188
3 6188
5 6188
9 6188
11 6188
15 6188
19 6188
23 6188
25 6188
27 6188
29 6188
31 6188
33 6188
37 6188
41 6188
43 6188
45 6188
47 6188
53 6188
55 6188
57 6188
59 6188
61 6188
1 6190
3 6190
7 6190
9 6190
11 6190
13 6190
17 6190
19 6190
21 6190
23 6190
27 6190
29 6190
31 6190
33 6190
37 6190
39 6190
41 6190
43 6190
47 6190
49 6190
51 6190
53 6190
57 6190
59 6190
61 6190
1 6192
5 6192
7 6192
11 6192
13 6192
17 6192
19 6192
23 6192
25 6192
29 6192
31 6192
35 6192
37 6192
41 6192
47 6192
49 6192
53 6192
55 6192
59 6192
61 6192
1 6194
3 6194
5 6194
7 6194
9 6194
11 6194
13 6194
15 6194
17 6194
21 6194
23 6194
25 6194
27 6194
29 6194
31 6194
33 6194
35 6194
37 6194
39 6194
41 6194
43 6194
45 6194
47 6194
49 6194
51 6194
53 6194
55 6194
59 6194
61 6194
1 6196
3 6196
5 6196
7 6196
9 6196
11 6196
13 6196
15 6196
17 6196
19 6196
21 6196
23 6196
25 6196
27 6196
29 6196
31 6196
33 6196
35 6196
37 6196
39 6196
41 6196
43 6196
45 6196
47 6196
49 6196
51 6196
53 6196
55 6196
57 6196
59 6196
61 6196
1 6198
5 6198
7 6198
11 6198
13 6198
17 6198
19 6198
23 6198
25 6198
29 6198
31 6198
35 6198
37 6198
41 6198
43 6198
47 6198
49 6198
53 6198
55 6198
59 6198
61 6198
1 6200
3 6200
7 6200
9 6200
11 6200
13 6200
17 6200
19 6200
21 6200
23 6200
27 6200
29 6200
33 6200
37 6200
39 6200
41 6200
43 6200
47 6200
49 6200
51 6200
53 6200
57 6200
59 6200
61 6200
1 6202
3 6202
5 6202
9 6202
11 6202
13 6202
15 6202
17 6202
19 6202
23 6202
25 6202
27 6202
29 6202
31 6202
33 6202
37 6202
39 6202
41 6202
43 6202
45 6202
47 6202
51 6202
53 6202
55 6202
57 6202
59 6202
61 6202
1 6204
5 6204
7 6204
13 6204
17 6204
19 6204
23 6204
25 6204
29 6204
31 6204
35 6204
37 6204
41 6204
43 6204
49 6204
53 6204
59 6204
61 6204
1 6206
3 6206
5 6206
7 6206
9 6206
11 6206
13 6206
15 6206
17 6206
19 6206
21 6206
23 6206
25 6206
27 6206
31 6206
33 6206
35 6206
37 6206
39 6206
41 6206
43 6206
45 6206
47 6206
49 6206
51 6206
53 6206
55 6206
57 6206
59 6206
61 6206
1 6208
3 6208
5 6208
7 6208
9 6208
11 6208
13 6208
15 6208
17 6208
19 6208
21 6208
23 6208
25 6208
27 6208
29 6208
31 6208
33 6208
35 6208
37 6208
39 6208
41 6208
43 6208
45 6208
47 6208
49 6208
51 6208
53 6208
55 6208
57 6208
59 6208
61 6208
1 6210
7 6210
11 6210
13 6210
17 6210
19 6210
29 6210
31 6210
37 6210
41 6210
43 6210
47 6210
49 6210
53 6210
59 6210
61 6210
1 6212
3 6212
5 6212
7 6212
9 6212
11 6212
13 6212
15 6212
17 6212
19 6212
21 6212
23 6212
25 6212
27 6212
29 6212
31 6212
33 6212
35 6212
37 6212
39 6212
41 6212
43 6212
45 6212
47 6212
49 6212
51 6212
53 6212
55 6212
57 6212
59 6212
61 6212
1 6214
3 6214
5 6214
7 6214
9 6214
11 6214
15 6214
17 6214
19 6214
21 6214
23 6214
25 6214
27 6214
29 6214
31 6214
33 6214
35 6214
37 6214
41 6214
43 6214
45 6214
47 6214
49 6214
51 6214
53 6214
55 6214
57 6214
59 6214
61 6214
1 6216
5 6216
11 6216
13 6216
17 6216
19 6216
23 6216
25 6216
29 6216
31 6216
41 6216
43 6216
47 6216
53 6216
55 6216
59 6216
61 6216
1 6218
3 6218
5 6218
7 6218
9 6218
11 6218
13 6218
15 6218
17 6218
19 6218
21 6218
23 6218
25 6218
27 6218
29 6218
31 6218
33 6218
35 6218
37 6218
39 6218
41 6218
43 6218
45 6218
47 6218
49 6218
51 6218
53 6218
55 6218
57 6218
59 6218
61 6218
1 6220
3 6220
7 6220
9 6220
11 6220
13 6220
17 6220
19 6220
21 6220
23 6220
27 6220
29 6220
31 6220
33 6220
37 6220
39 6220
41 6220
43 6220
47 6220
49 6220
51 6220
53 6220
57 6220
59 6220
61 6220
1 6222
5 6222
7 6222
11 6222
13 6222
19 6222
23 6222
25 6222
29 6222
31 6222
35 6222
37 6222
41 6222
43 6222
47 6222
49 6222
53 6222
55 6222
59 6222
1 6224
3 6224
5 6224
7 6224
9 6224
11 6224
13 6224
15 6224
17 6224
19 6224
21 6224
23 6224
25 6224
27 6224
29 6224
31 6224
33 6224
35 6224
37 6224
39 6224
41 6224
43 6224
45 6224
47 6224
49 6224
51 6224
53 6224
55 6224
57 6224
59 6224
61 6224
1 6226
3 6226
5 6226
7 6226
9 6226
13 6226
15 6226
17 6226
19 6226
21 6226
23 6226
25 6226
27 6226
29 6226
31 6226
35 6226
37 6226
39 6226
41 6226
43 6226
45 6226
47 6226
49 6226
51 6226
53 6226
57 6226
59 6226
61 6226
1 6228
5 6228
7 6228
11 6228
13 6228
17 6228
19 6228
23 6228
25 6228
29 6228
31 6228
35 6228
37 6228
41 6228
43 6228
47 6228
49 6228
53 6228
55 6228
59 6228
61 6228
1 6230
3 6230
9 6230
11 6230
13 6230
17 6230
19 6230
23 6230
27 6230
29 6230
31 6230
33 6230
37 6230
39 6230
41 6230
43 6230
47 6230
51 6230
53 6230
57 6230
59 6230
61 6230
1 6232
3 6232
5 6232
7 6232
9 6232
11 6232
13 6232
15 6232
17 6232
21 6232
23 6232
25 6232
27 6232
29 6232
31 6232
33 6232
35 6232
37 6232
39 6232
43 6232
45 6232
47 6232
49 6232
51 6232
53 6232
55 6232
59 6232
61 6232
1 6234
5 6234
7 6234
11 6234
13 6234
17 6234
19 6234
23 6234
25 6234
29 6234
31 6234
35 6234
37 6234
41 6234
43 6234
47 6234
49 6234
53 6234
55 6234
59 6234
61 6234
1 6236
3 6236
5 6236
7 6236
9 6236
11 6236
13 6236
15 6236
17 6236
19 6236
21 6236
23 6236
25 6236
27 6236
29 6236
31 6236
33 6236
35 6236
37 6236
39 6236
41 6236
43 6236
45 6236
47 6236
49 6236
51 6236
53 6236
55 6236
57 6236
59 6236
61 6236
1 6238
3 6238
5 6238
7 6238
9 6238
11 6238
13 6238
15 6238
17 6238
19 6238
21 6238
23 6238
25 6238
27 6238
29 6238
31 6238
33 6238
35 6238
37 6238
39 6238
41 6238
43 6238
45 6238
47 6238
49 6238
51 6238
53 6238
55 6238
57 6238
59 6238
61 6238
1 6240
7 6240
11 6240
17 6240
19 6240
23 6240
29 6240
31 6240
37 6240
41 6240
43 6240
47 6240
49 6240
53 6240
59 6240
61 6240
1 6242
3 6242
5 6242
7 6242
9 6242
11 6242
13 6242
15 6242
17 6242
19 6242
21 6242
23 6242
25 6242
27 6242
29 6242
31 6242
33 6242
35 6242
37 6242
39 6242
41 6242
43 6242
45 6242
47 6242
49 6242
51 6242
53 6242
55 6242
57 6242
59 6242
61 6242
1 6244
3 6244
5 6244
9 6244
11 6244
13 6244
15 6244
17 6244
19 6244
23 6244
25 6244
27 6244
29 6244
31 6244
33 6244
37 6244
39 6244
41 6244
43 6244
45 6244
47 6244
51 6244
53 6244
55 6244
57 6244
59 6244
61 6244
1 6246
5 6246
7 6246
11 6246
13 6246
17 6246
19 6246
23 6246
25 6246
29 6246
31 6246
35 6246
37 6246
41 6246
43 6246
47 6246
49 6246
53 6246
55 6246
59 6246
61 6246
1 6248
3 6248
5 6248
7 6248
9 6248
13 6248
15 6248
17 6248
19 6248
21 6248
23 6248
25 6248
27 6248
29 6248
31 6248
35 6248
37 6248
39 6248
41 6248
43 6248
45 6248
47 6248
49 6248
51 6248
53 6248
57 6248
59 6248
61 6248
1 6250
3 6250
7 6250
9 6250
11 6250
13 6250
17 6250
19 6250
21 6250
23 6250
27 6250
29 6250
31 6250
33 6250
37 6250
39 6250
41 6250
43 6250
47 6250
49 6250
51 6250
53 6250
57 6250
59 6250
61 6250
1 6252
5 6252
7 6252
11 6252
13 6252
17 6252
19 6252
23 6252
25 6252
29 6252
31 6252
35 6252
37 6252
41 6252
43 6252
47 6252
49 6252
53 6252
55 6252
59 6252
61 6252
1 6254
3 6254
5 6254
7 6254
9 6254
11 6254
13 6254
15 6254
17 6254
19 6254
21 6254
23 6254
25 6254
27 6254
29 6254
31 6254
33 6254
35 6254
37 6254
39 6254
41 6254
43 6254
45 6254
47 6254
49 6254
51 6254
55 6254
57 6254
61 6254
1 6256
3 6256
5 6256
7 6256
9 6256
11 6256
13 6256
15 6256
19 6256
21 6256
25 6256
27 6256
29 6256
31 6256
33 6256
35 6256
37 6256
39 6256
41 6256
43 6256
45 6256
47 6256
49 6256
53 6256
55 6256
57 6256
59 6256
61 6256
1 6258
5 6258
11 6258
13 6258
17 6258
19 6258
23 6258
25 6258
29 6258
31 6258
37 6258
41 6258
43 6258
47 6258
53 6258
55 6258
59 6258
61 6258
1 6260
3 6260
7 6260
9 6260
11 6260
13 6260
17 6260
19 6260
21 6260
23 6260
27 6260
29 6260
31 6260
33 6260
37 6260
39 6260
41 6260
43 6260
47 6260
49 6260
51 6260
53 6260
57 6260
59 6260
61 6260
1 6262
3 6262
5 6262
7 6262
9 6262
11 6262
13 6262
15 6262
17 6262
19 6262
21 6262
23 6262
25 6262
27 6262
29 6262
33 6262
35 6262
37 6262
39 6262
41 6262
43 6262
45 6262
47 6262
49 6262
51 6262
53 6262
55 6262
57 6262
59 6262
61 6262
1 6264
5 6264
7 6264
11 6264
13 6264
17 6264
19 6264
23 6264
25 6264
31 6264
35 6264
37 6264
41 6264
43 6264
47 6264
49 6264
53 6264
55 6264
59 6264
61 6264
1 6266
3 6266
5 6266
7 6266
9 6266
11 6266
15 6266
17 6266
19 6266
21 6266
23 6266
25 6266
27 6266
29 6266
31 6266
33 6266
35 6266
37 6266
41 6266
43 6266
45 6266
47 6266
49 6266
51 6266
53 6266
55 6266
57 6266
59 6266
61 6266
1 6268
3 6268
5 6268
7 6268
9 6268
11 6268
13 6268
15 6268
17 6268
19 6268
21 6268
23 6268
25 6268
27 6268
29 6268
31 6268
33 6268
35 6268
37 6268
39 6268
41 6268
43 6268
45 6268
47 6268
49 6268
51 6268
53 6268
55 6268
57 6268
59 6268
61 6268
1 6270
7 6270
13 6270
17 6270
23 6270
29 6270
31 6270
37 6270
41 6270
43 6270
47 6270
49 6270
53 6270
59 6270
61 6270
1 6272
3 6272
5 6272
9 6272
11 6272
13 6272
15 6272
17 6272
19 6272
23 6272
25 6272
27 6272
29 6272
31 6272
33 6272
37 6272
39 6272
41 6272
43 6272
45 6272
47 6272
51 6272
53 6272
55 6272
57 6272
59 6272
61 6272
1 6274
3 6274
5 6274
7 6274
9 6274
11 6274
13 6274
15 6274
17 6274
19 6274
21 6274
23 6274
25 6274
27 6274
29 6274
31 6274
33 6274
35 6274
37 6274
39 6274
41 6274
43 6274
45 6274
47 6274
49 6274
51 6274
53 6274
55 6274
57 6274
59 6274
61 6274
1 6276
5 6276
7 6276
11 6276
13 6276
17 6276
19 6276
23 6276
25 6276
29 6276
31 6276
35 6276
37 6276
41 6276
43 6276
47 6276
49 6276
53 6276
55 6276
59 6276
61 6276
1 6278
3 6278
5 6278
7 6278
9 6278
11 6278
13 6278
15 6278
17 6278
19 6278
21 6278
23 6278
25 6278
27 6278
29 6278
31 6278
33 6278
35 6278
37 6278
39 6278
41 6278
45 6278
47 6278
49 6278
51 6278
53 6278
55 6278
57 6278
59 6278
61 6278
1 6280
3 6280
7 6280
9 6280
11 6280
13 6280
17 6280
19 6280
21 6280
23 6280
27 6280
29 6280
31 6280
33 6280
37 6280
39 6280
41 6280
43 6280
47 6280
49 6280
51 6280
53 6280
57 6280
59 6280
61 6280
1 6282
5 6282
7 6282
11 6282
13 6282
17 6282
19 6282
23 6282
25 6282
29 6282
31 6282
35 6282
37 6282
41 6282
43 6282
47 6282
49 6282
53 6282
55 6282
59 6282
61 6282
1 6284
3 6284
5 6284
7 6284
9 6284
11 6284
13 6284
15 6284
17 6284
19 6284
21 6284
23 6284
25 6284
27 6284
29 6284
31 6284
33 6284
35 6284
37 6284
39 6284
41 6284
43 6284
45 6284
47 6284
49 6284
51 6284
53 6284
55 6284
57 6284
59 6284
61 6284
1 6286
3 6286
5 6286
9 6286
11 6286
13 6286
15 6286
17 6286
19 6286
23 6286
25 6286
27 6286
29 6286
31 6286
33 6286
37 6286
39 6286
41 6286
43 6286
45 6286
47 6286
51 6286
53 6286
55 6286
57 6286
59 6286
61 6286
1 6288
5 6288
7 6288
11 6288
13 6288
17 6288
19 6288
23 6288
25 6288
29 6288
31 6288
35 6288
37 6288
41 6288
43 6288
47 6288
49 6288
53 6288
55 6288
59 6288
61 6288
1 6290
3 6290
7 6290
9 6290
11 6290
13 6290
19 6290
21 6290
23 6290
27 6290
29 6290
31 6290
33 6290
39 6290
41 6290
43 6290
47 6290
49 6290
53 6290
57 6290
59 6290
61 6290
1 6292
3 6292
5 6292
7 6292
9 6292
15 6292
17 6292
19 6292
21 6292
23 6292
25 6292
27 6292
29 6292
31 6292
35 6292
37 6292
41 6292
43 6292
45 6292
47 6292
49 6292
51 6292
53 6292
57 6292
59 6292
61 6292
1 6294
5 6294
7 6294
11 6294
13 6294
17 6294
19 6294
23 6294
25 6294
29 6294
31 6294
35 6294
37 6294
41 6294
43 6294
47 6294
49 6294
53 6294
55 6294
59 6294
61 6294
1 6296
3 6296
5 6296
7 6296
9 6296
11 6296
13 6296
15 6296
17 6296
19 6296
21 6296
23 6296
25 6296
27 6296
29 6296
31 6296
33 6296
35 6296
37 6296
39 6296
41 6296
43 6296
45 6296
47 6296
49 6296
51 6296
53 6296
55 6296
57 6296
59 6296
61 6296
1 6298
3 6298
5 6298
7 6298
9 6298
11 6298
13 6298
15 6298
17 6298
19 6298
21 6298
23 6298
25 6298
27 6298
29 6298
31 6298
33 6298
35 6298
37 6298
39 6298
41 6298
43 6298
45 6298
49 6298
51 6298
53 6298
55 6298
57 6298
59 6298
61 6298
1 6300
11 6300
13 6300
17 6300
19 6300
23 6300
29 6300
31 6300
37 6300
41 6300
43 6300
47 6300
53 6300
59 6300
61 6300
1 6302
3 6302
5 6302
7 6302
9 6302
11 6302
13 6302
15 6302
17 6302
19 6302
21 6302
25 6302
27 6302
29 6302
31 6302
33 6302
35 6302
37 6302
39 6302
41 6302
43 6302
45 6302
47 6302
49 6302
51 6302
53 6302
55 6302
57 6302
59 6302
61 6302
63 6302
1 6304
3 6304
5 6304
7 6304
9 6304
11 6304
13 6304
15 6304
17 6304
19 6304
21 6304
23 6304
25 6304
27 6304
29 6304
31 6304
33 6304
35 6304
37 6304
39 6304
41 6304
43 6304
45 6304
47 6304
49 6304
51 6304
53 6304
55 6304
57 6304
59 6304
61 6304
63 6304
1 6306
5 6306
7 6306
11 6306
13 6306
17 6306
19 6306
23 6306
25 6306
29 6306
31 6306
35 6306
37 6306
41 6306
43 6306
47 6306
49 6306
53 6306
55 6306
59 6306
61 6306
1 6308
3 6308
5 6308
7 6308
9 6308
11 6308
13 6308
15 6308
17 6308
21 6308
23 6308
25 6308
27 6308
29 6308
31 6308
33 6308
35 6308
37 6308
39 6308
41 6308
43 6308
45 6308
47 6308
49 6308
51 6308
53 6308
55 6308
59 6308
61 6308
63 6308
1 6310
3 6310
7 6310
9 6310
11 6310
13 6310
17 6310
19 6310
21 6310
23 6310
27 6310
29 6310
31 6310
33 6310
37 6310
39 6310
41 6310
43 6310
47 6310
49 6310
51 6310
53 6310
57 6310
59 6310
61 6310
63 6310
1 6312
5 6312
7 6312
11 6312
13 6312
17 6312
19 6312
23 6312
25 6312
29 6312
31 6312
35 6312
37 6312
41 6312
43 6312
47 6312
49 6312
53 6312
55 6312
59 6312
61 6312
1 6314
3 6314
5 6314
9 6314
13 6314
15 6314
17 6314
19 6314
23 6314
25 6314
27 6314
29 6314
31 6314
37 6314
39 6314
43 6314
45 6314
47 6314
51 6314
53 6314
57 6314
59 6314
61 6314
1 6316
3 6316
5 6316
7 6316
9 6316
11 6316
13 6316
15 6316
17 6316
19 6316
21 6316
23 6316
25 6316
27 6316
29 6316
31 6316
33 6316
35 6316
37 6316
39 6316
41 6316
43 6316
45 6316
47 6316
49 6316
51 6316
53 6316
55 6316
57 6316
59 6316
61 6316
63 6316
1 6318
5 6318
7 6318
11 6318
17 6318
19 6318
23 6318
25 6318
29 6318
31 6318
35 6318
37 6318
41 6318
43 6318
47 6318
49 6318
53 6318
55 6318
59 6318
61 6318
1 6320
3 6320
7 6320
9 6320
11 6320
13 6320
17 6320
19 6320
21 6320
23 6320
27 6320
29 6320
31 6320
33 6320
37 6320
39 6320
41 6320
43 6320
47 6320
49 6320
51 6320
53 6320
57 6320
59 6320
61 6320
63 6320
1 6322
3 6322
5 6322
7 6322
9 6322
11 6322
13 6322
15 6322
17 6322
19 6322
21 6322
23 6322
25 6322
27 6322
31 6322
33 6322
35 6322
37 6322
39 6322
41 6322
43 6322
45 6322
47 6322
49 6322
51 6322
53 6322
55 6322
57 6322
59 6322
61 6322
63 6322
1 6324
5 6324
7 6324
11 6324
13 6324
19 6324
23 6324
25 6324
29 6324
35 6324
37 6324
41 6324
43 6324
47 6324
49 6324
53 6324
55 6324
59 6324
61 6324
1 6326
3 6326
5 6326
7 6326
9 6326
11 6326
13 6326
15 6326
17 6326
19 6326
21 6326
23 6326
25 6326
27 6326
29 6326
31 6326
33 6326
35 6326
37 6326
39 6326
41 6326
43 6326
45 6326
47 6326
49 6326
51 6326
53 6326
55 6326
57 6326
59 6326
61 6326
63 6326
1 6328
3 6328
5 6328
9 6328
11 6328
13 6328
15 6328
17 6328
19 6328
23 6328
25 6328
27 6328
29 6328
31 6328
33 6328
37 6328
39 6328
41 6328
43 6328
45 6328
47 6328
51 6328
53 6328
55 6328
57 6328
59 6328
61 6328
1 6330
7 6330
11 6330
13 6330
17 6330
19 6330
23 6330
29 6330
31 6330
37 6330
41 6330
43 6330
47 6330
49 6330
53 6330
59 6330
61 6330
1 6332
3 6332
5 6332
7 6332
9 6332
11 6332
13 6332
15 6332
17 6332
19 6332
21 6332
23 6332
25 6332
27 6332
29 6332
31 6332
33 6332
35 6332
37 6332
39 6332
41 6332
43 6332
45 6332
47 6332
49 6332
51 6332
53 6332
55 6332
57 6332
59 6332
61 6332
63 6332
1 6334
3 6334
5 6334
7 6334
9 6334
11 6334
13 6334
15 6334
17 6334
19 6334
21 6334
23 6334
25 6334
27 6334
29 6334
31 6334
33 6334
35 6334
37 6334
39 6334
41 6334
43 6334
45 6334
47 6334
49 6334
51 6334
53 6334
55 6334
57 6334
59 6334
61 6334
63 6334
1 6336
5 6336
7 6336
13 6336
17 6336
19 6336
23 6336
25 6336
29 6336
31 6336
35 6336
37 6336
41 6336
43 6336
47 6336
49 6336
53 6336
59 6336
61 6336
1 6338
3 6338
5 6338
7 6338
9 6338
11 6338
13 6338
15 6338
17 6338
19 6338
21 6338
23 6338
25 6338
27 6338
29 6338
31 6338
33 6338
35 6338
37 6338
39 6338
41 6338
43 6338
45 6338
47 6338
49 6338
51 6338
53 6338
55 6338
57 6338
59 6338
61 6338
63 6338
1 6340
3 6340
7 6340
9 6340
11 6340
13 6340
17 6340
19 6340
21 6340
23 6340
27 6340
29 6340
31 6340
33 6340
37 6340
39 6340
41 6340
43 6340
47 6340
49 6340
51 6340
53 6340
57 6340
59 6340
61 6340
63 6340
1 6342
5 6342
11 6342
13 6342
17 6342
19 6342
23 6342
25 6342
29 6342
31 6342
37 6342
41 6342
43 6342
47 6342
53 6342
55 6342
59 6342
61 6342
1 6344
3 6344
5 6344
7 6344
9 6344
11 6344
15 6344
17 6344
19 6344
21 6344
23 6344
25 6344
27 6344
29 6344
31 6344
33 6344
35 6344
37 6344
41 6344
43 6344
45 6344
47 6344
49 6344
51 6344
53 6344
55 6344
57 6344
59 6344
63 6344
1 6346
3 6346
5 6346
7 6346
9 6346
11 6346
13 6346
15 6346
17 6346
21 6346
23 6346
25 6346
27 6346
29 6346
31 6346
33 6346
35 6346
37 6346
39 6346
41 6346
43 6346
45 6346
47 6346
49 6346
51 6346
53 6346
55 6346
59 6346
61 6346
63 6346
1 6348
5 6348
7 6348
11 6348
13 6348
17 6348
19 6348
25 6348
29 6348
31 6348
35 6348
37 6348
41 6348
43 6348
47 6348
49 6348
53 6348
55 6348
59 6348
61 6348
1 6350
3 6350
7 6350
9 6350
11 6350
13 6350
17 6350
19 6350
21 6350
23 6350
27 6350
29 6350
31 6350
33 6350
37 6350
39 6350
41 6350
43 6350
47 6350
49 6350
51 6350
53 6350
57 6350
59 6350
61 6350
63 6350
1 6352
3 6352
5 6352
7 6352
9 6352
11 6352
13 6352
15 6352
17 6352
19 6352
21 6352
23 6352
25 6352
27 6352
29 6352
31 6352
33 6352
35 6352
37 6352
39 6352
41 6352
43 6352
45 6352
47 6352
49 6352
51 6352
53 6352
55 6352
57 6352
59 6352
61 6352
63 6352
1 6354
5 6354
7 6354
11 6354
13 6354
17 6354
19 6354
23 6354
25 6354
29 6354
31 6354
35 6354
37 6354
41 6354
43 6354
47 6354
49 6354
53 6354
55 6354
59 6354
61 6354
1 6356
3 6356
5 6356
9 6356
11 6356
13 6356
15 6356
17 6356
19 6356
23 6356
25 6356
27 6356
29 6356
31 6356
33 6356
37 6356
39 6356
41 6356
43 6356
45 6356
47 6356
51 6356
53 6356
55 6356
57 6356
59 6356
61 6356
1 6358
3 6358
5 6358
7 6358
9 6358
13 6358
15 6358
19 6358
21 6358
23 6358
25 6358
27 6358
29 6358
31 6358
35 6358
37 6358
39 6358
41 6358
43 6358
45 6358
47 6358
49 6358
53 6358
57 6358
59 6358
61 6358
63 6358
1 6360
7 6360
11 6360
13 6360
17 6360
19 6360
23 6360
29 6360
31 6360
37 6360
41 6360
43 6360
47 6360
49 6360
59 6360
61 6360
1 6362
3 6362
5 6362
7 6362
9 6362
11 6362
13 6362
15 6362
17 6362
19 6362
21 6362
23 6362
25 6362
27 6362
29 6362
31 6362
33 6362
35 6362
37 6362
39 6362
41 6362
43 6362
45 6362
47 6362
49 6362
51 6362
53 6362
55 6362
57 6362
59 6362
61 6362
63 6362
1 6364
3 6364
5 6364
7 6364
9 6364
11 6364
13 6364
15 6364
17 6364
19 6364
21 6364
23 6364
25 6364
27 6364
29 6364
31 6364
33 6364
35 6364
39 6364
41 6364
45 6364
47 6364
49 6364
51 6364
53 6364
55 6364
57 6364
59 6364
61 6364
63 6364
1 6366
5 6366
7 6366
11 6366
13 6366
17 6366
19 6366
23 6366
25 6366
29 6366
31 6366
35 6366
37 6366
41 6366
43 6366
47 6366
49 6366
53 6366
55 6366
59 6366
61 6366
1 6368
3 6368
5 6368
7 6368
9 6368
11 6368
13 6368
15 6368
17 6368
19 6368
21 6368
23 6368
25 6368
27 6368
29 6368
31 6368
33 6368
35 6368
37 6368
39 6368
41 6368
43 6368
45 6368
47 6368
49 6368
51 6368
53 6368
55 6368
57 6368
59 6368
61 6368
63 6368
1 6370
3 6370
9 6370
11 6370
17 6370
19 6370
23 6370
27 6370
29 6370
31 6370
33 6370
37 6370
41 6370
43 6370
47 6370
51 6370
53 6370
57 6370
59 6370
61 6370
1 6372
5 6372
7 6372
11 6372
13 6372
17 6372
19 6372
23 6372
25 6372
29 6372
31 6372
35 6372
37 6372
41 6372
43 6372
47 6372
49 6372
53 6372
55 6372
61 6372
1 6374
3 6374
5 6374
7 6374
9 6374
11 6374
13 6374
15 6374
17 6374
19 6374
21 6374
23 6374
25 6374
27 6374
29 6374
31 6374
33 6374
35 6374
37 6374
39 6374
41 6374
43 6374
45 6374
47 6374
49 6374
51 6374
53 6374
55 6374
57 6374
59 6374
61 6374
63 6374
1 6376
3 6376
5 6376
7 6376
9 6376
11 6376
13 6376
15 6376
17 6376
19 6376
21 6376
23 6376
25 6376
27 6376
29 6376
31 6376
33 6376
35 6376
37 6376
39 6376
41 6376
43 6376
45 6376
47 6376
49 6376
51 6376
53 6376
55 6376
57 6376
59 6376
61 6376
63 6376
1 6378
5 6378
7 6378
11 6378
13 6378
17 6378
19 6378
23 6378
25 6378
29 6378
31 6378
35 6378
37 6378
41 6378
43 6378
47 6378
49 6378
53 6378
55 6378
59 6378
61 6378
1 6380
3 6380
7 6380
9 6380
13 6380
17 6380
19 6380
21 6380
23 6380
27 6380
31 6380
37 6380
39 6380
41 6380
43 6380
47 6380
49 6380
51 6380
53 6380
57 6380
59 6380
61 6380
63 6380
1 6382
3 6382
5 6382
7 6382
9 6382
11 6382
13 6382
15 6382
17 6382
19 6382
21 6382
23 6382
25 6382
27 6382
29 6382
31 6382
33 6382
35 6382
37 6382
39 6382
41 6382
43 6382
45 6382
47 6382
49 6382
51 6382
53 6382
55 6382
57 6382
59 6382
61 6382
63 6382
1 6384
5 6384
11 6384
13 6384
17 6384
23 6384
25 6384
29 6384
31 6384
37 6384
41 6384
43 6384
47 6384
53 6384
55 6384
59 6384
61 6384
1 6386
3 6386
5 6386
7 6386
9 6386
11 6386
13 6386
15 6386
17 6386
19 6386
21 6386
23 6386
25 6386
27 6386
29 6386
33 6386
35 6386
37 6386
39 6386
41 6386
43 6386
45 6386
47 6386
49 6386
51 6386
53 6386
55 6386
57 6386
59 6386
61 6386
63 6386
1 6388
3 6388
5 6388
7 6388
9 6388
11 6388
13 6388
15 6388
17 6388
19 6388
21 6388
23 6388
25 6388
27 6388
29 6388
31 6388
33 6388
35 6388
37 6388
39 6388
41 6388
43 6388
45 6388
47 6388
49 6388
51 6388
53 6388
55 6388
57 6388
59 6388
61 6388
63 6388
1 6390
7 6390
11 6390
13 6390
17 6390
19 6390
23 6390
29 6390
31 6390
37 6390
41 6390
43 6390
47 6390
49 6390
53 6390
59 6390
61 6390
1 6392
3 6392
5 6392
7 6392
9 6392
11 6392
13 6392
15 6392
19 6392
21 6392
23 6392
25 6392
27 6392
29 6392
31 6392
33 6392
35 6392
37 6392
39 6392
41 6392
43 6392
45 6392
49 6392
53 6392
55 6392
57 6392
59 6392
61 6392
63 6392
1 6394
3 6394
5 6394
7 6394
9 6394
11 6394
13 6394
15 6394
17 6394
19 6394
21 6394
25 6394
27 6394
29 6394
31 6394
33 6394
35 6394
37 6394
39 6394
41 6394
43 6394
45 6394
47 6394
49 6394
51 6394
53 6394
55 6394
57 6394
59 6394
61 6394
63 6394
1 6396
5 6396
7 6396
11 6396
17 6396
19 6396
23 6396
25 6396
29 6396
31 6396
35 6396
37 6396
43 6396
47 6396
49 6396
53 6396
55 6396
59 6396
61 6396
1 6398
3 6398
5 6398
9 6398
11 6398
13 6398
15 6398
17 6398
19 6398
23 6398
25 6398
27 6398
29 6398
31 6398
33 6398
37 6398
39 6398
41 6398
43 6398
45 6398
47 6398
51 6398
53 6398
55 6398
57 6398
59 6398
61 6398
1 6400
3 6400
7 6400
9 6400
11 6400
13 6400
17 6400
19 6400
21 6400
23 6400
27 6400
29 6400
31 6400
33 6400
37 6400
39 6400
41 6400
43 6400
47 6400
49 6400
51 6400
53 6400
57 6400
59 6400
61 6400
63 6400
1 6402
5 6402
7 6402
13 6402
17 6402
19 6402
23 6402
25 6402
29 6402
31 6402
35 6402
37 6402
41 6402
43 6402
47 6402
49 6402
53 6402
59 6402
61 6402
1 6404
3 6404
5 6404
7 6404
9 6404
11 6404
13 6404
15 6404
17 6404
19 6404
21 6404
23 6404
25 6404
27 6404
29 6404
31 6404
33 6404
35 6404
37 6404
39 6404
41 6404
43 6404
45 6404
47 6404
49 6404
51 6404
53 6404
55 6404
57 6404
59 6404
61 6404
63 6404
1 6406
3 6406
5 6406
7 6406
9 6406
11 6406
13 6406
15 6406
17 6406
19 6406
21 6406
23 6406
25 6406
27 6406
29 6406
31 6406
33 6406
35 6406
37 6406
39 6406
41 6406
43 6406
45 6406
47 6406
49 6406
51 6406
53 6406
55 6406
57 6406
59 6406
61 6406
63 6406
1 6408
5 6408
7 6408
11 6408
13 6408
17 6408
19 6408
23 6408
25 6408
29 6408
31 6408
35 6408
37 6408
41 6408
43 6408
47 6408
49 6408
53 6408
55 6408
59 6408
61 6408
1 6410
3 6410
7 6410
9 6410
11 6410
13 6410
17 6410
19 6410
21 6410
23 6410
27 6410
29 6410
31 6410
33 6410
37 6410
39 6410
41 6410
43 6410
47 6410
49 6410
51 6410
53 6410
57 6410
59 6410
61 6410
63 6410
1 6412
3 6412
5 6412
9 6412
11 6412
13 6412
15 6412
17 6412
19 6412
23 6412
25 6412
27 6412
29 6412
31 6412
33 6412
37 6412
39 6412
41 6412
43 6412
45 6412
47 6412
51 6412
53 6412
55 6412
57 6412
59 6412
61 6412
1 6414
5 6414
7 6414
11 6414
13 6414
17 6414
19 6414
23 6414
25 6414
29 6414
31 6414
35 6414
37 6414
41 6414
43 6414
47 6414
49 6414
53 6414
55 6414
59 6414
61 6414
1 6416
3 6416
5 6416
7 6416
9 6416
11 6416
13 6416
15 6416
17 6416
19 6416
21 6416
23 6416
25 6416
27 6416
29 6416
31 6416
33 6416
35 6416
37 6416
39 6416
41 6416
43 6416
45 6416
47 6416
49 6416
51 6416
53 6416
55 6416
57 6416
59 6416
61 6416
63 6416
1 6418
3 6418
5 6418
7 6418
9 6418
11 6418
13 6418
15 6418
17 6418
19 6418
21 6418
23 6418
25 6418
27 6418
29 6418
31 6418
33 6418
35 6418
37 6418
39 6418
41 6418
43 6418
45 6418
47 6418
49 6418
51 6418
53 6418
55 6418
57 6418
59 6418
61 6418
63 6418
1 6420
7 6420
11 6420
13 6420
17 6420
19 6420
23 6420
29 6420
31 6420
37 6420
41 6420
43 6420
47 6420
49 6420
53 6420
59 6420
61 6420
1 6422
3 6422
5 6422
7 6422
9 6422
11 6422
15 6422
17 6422
21 6422
23 6422
25 6422
27 6422
29 6422
31 6422
33 6422
35 6422
37 6422
41 6422
43 6422
45 6422
47 6422
49 6422
51 6422
53 6422
55 6422
59 6422
61 6422
63 6422
1 6424
3 6424
5 6424
7 6424
9 6424
13 6424
15 6424
17 6424
19 6424
21 6424
23 6424
25 6424
27 6424
29 6424
31 6424
35 6424
37 6424
39 6424
41 6424
43 6424
45 6424
47 6424
49 6424
51 6424
53 6424
57 6424
59 6424
61 6424
63 6424
1 6426
5 6426
11 6426
13 6426
19 6426
23 6426
25 6426
29 6426
31 6426
37 6426
41 6426
43 6426
47 6426
53 6426
55 6426
59 6426
61 6426
1 6428
3 6428
5 6428
7 6428
9 6428
11 6428
13 6428
15 6428
17 6428
19 6428
21 6428
23 6428
25 6428
27 6428
29 6428
31 6428
33 6428
35 6428
37 6428
39 6428
41 6428
43 6428
45 6428
47 6428
49 6428
51 6428
53 6428
55 6428
57 6428
59 6428
61 6428
63 6428
1 6430
3 6430
7 6430
9 6430
11 6430
13 6430
17 6430
19 6430
21 6430
23 6430
27 6430
29 6430
31 6430
33 6430
37 6430
39 6430
41 6430
43 6430
47 6430
49 6430
51 6430
53 6430
57 6430
59 6430
61 6430
63 6430
1 6432
5 6432
7 6432
11 6432
13 6432
17 6432
19 6432
23 6432
25 6432
29 6432
31 6432
35 6432
37 6432
41 6432
43 6432
47 6432
49 6432
53 6432
55 6432
59 6432
61 6432
1 6434
3 6434
5 6434
7 6434
9 6434
11 6434
13 6434
15 6434
17 6434
19 6434
21 6434
23 6434
25 6434
27 6434
29 6434
31 6434
33 6434
35 6434
37 6434
39 6434
41 6434
43 6434
45 6434
47 6434
49 6434
51 6434
53 6434
55 6434
57 6434
59 6434
61 6434
63 6434
1 6436
3 6436
5 6436
7 6436
9 6436
11 6436
13 6436
15 6436
17 6436
19 6436
21 6436
23 6436
25 6436
27 6436
29 6436
31 6436
33 6436
35 6436
37 6436
39 6436
41 6436
43 6436
45 6436
47 6436
49 6436
51 6436
53 6436
55 6436
57 6436
59 6436
61 6436
63 6436
1 6438
5 6438
7 6438
11 6438
13 6438
17 6438
19 6438
23 6438
25 6438
31 6438
35 6438
41 6438
43 6438
47 6438
49 6438
53 6438
55 6438
59 6438
61 6438
1 6440
3 6440
9 6440
11 6440
13 6440
17 6440
19 6440
27 6440
29 6440
31 6440
33 6440
37 6440
39 6440
41 6440
43 6440
47 6440
51 6440
53 6440
57 6440
59 6440
61 6440
1 6442
3 6442
5 6442
7 6442
9 6442
11 6442
13 6442
15 6442
17 6442
19 6442
21 6442
23 6442
25 6442
27 6442
29 6442
31 6442
33 6442
35 6442
37 6442
39 6442
41 6442
43 6442
45 6442
47 6442
49 6442
51 6442
53 6442
55 6442
57 6442
59 6442
61 6442
63 6442
1 6444
5 6444
7 6444
11 6444
13 6444
17 6444
19 6444
23 6444
25 6444
29 6444
31 6444
35 6444
37 6444
41 6444
43 6444
47 6444
49 6444
53 6444
55 6444
59 6444
61 6444
1 6446
3 6446
5 6446
7 6446
9 6446
13 6446
15 6446
17 6446
19 6446
21 6446
23 6446
25 6446
27 6446
29 6446
31 6446
35 6446
37 6446
39 6446
41 6446
43 6446
45 6446
47 6446
49 6446
51 6446
53 6446
57 6446
59 6446
61 6446
63 6446
1 6448
3 6448
5 6448
7 6448
9 6448
11 6448
15 6448
17 6448
19 6448
21 6448
23 6448
25 6448
27 6448
29 6448
33 6448
35 6448
37 6448
41 6448
43 6448
45 6448
47 6448
49 6448
51 6448
53 6448
55 6448
57 6448
59 6448
61 6448
63 6448
1 6450
7 6450
11 6450
13 6450
17 6450
19 6450
23 6450
29 6450
31 6450
37 6450
41 6450
47 6450
49 6450
53 6450
59 6450
61 6450
1 6452
3 6452
5 6452
7 6452
9 6452
11 6452
13 6452
15 6452
17 6452
19 6452
21 6452
23 6452
25 6452
27 6452
29 6452
31 6452
33 6452
35 6452
37 6452
39 6452
41 6452
43 6452
45 6452
47 6452
49 6452
51 6452
53 6452
55 6452
57 6452
59 6452
61 6452
63 6452
1 6454
3 6454
5 6454
9 6454
11 6454
13 6454
15 6454
17 6454
19 6454
23 6454
25 6454
27 6454
29 6454
31 6454
33 6454
37 6454
39 6454
41 6454
43 6454
45 6454
47 6454
51 6454
53 6454
55 6454
57 6454
59 6454
61 6454
1 6456
5 6456
7 6456
11 6456
13 6456
17 6456
19 6456
23 6456
25 6456
29 6456
31 6456
35 6456
37 6456
41 6456
43 6456
47 6456
49 6456
53 6456
55 6456
59 6456
61 6456
1 6458
3 6458
5 6458
7 6458
9 6458
11 6458
13 6458
15 6458
17 6458
19 6458
21 6458
23 6458
25 6458
27 6458
29 6458
31 6458
33 6458
35 6458
37 6458
39 6458
41 6458
43 6458
45 6458
47 6458
49 6458
51 6458
53 6458
55 6458
57 6458
59 6458
61 6458
63 6458
1 6460
3 6460
7 6460
9 6460
11 6460
13 6460
21 6460
23 6460
27 6460
29 6460
31 6460
33 6460
37 6460
39 6460
41 6460
43 6460
47 6460
49 6460
53 6460
59 6460
61 6460
63 6460
1 6462
5 6462
7 6462
11 6462
13 6462
17 6462
19 6462
23 6462
25 6462
29 6462
31 6462
35 6462
37 6462
41 6462
43 6462
47 6462
49 6462
53 6462
55 6462
59 6462
61 6462
1 6464
3 6464
5 6464
7 6464
9 6464
11 6464
13 6464
15 6464
17 6464
19 6464
21 6464
23 6464
25 6464
27 6464
29 6464
31 6464
33 6464
35 6464
37 6464
39 6464
41 6464
43 6464
45 6464
47 6464
49 6464
51 6464
53 6464
55 6464
57 6464
59 6464
61 6464
63 6464
1 6466
3 6466
5 6466
7 6466
9 6466
11 6466
13 6466
15 6466
17 6466
19 6466
21 6466
23 6466
25 6466
27 6466
29 6466
31 6466
33 6466
35 6466
37 6466
39 6466
41 6466
43 6466
45 6466
47 6466
49 6466
51 6466
55 6466
57 6466
59 6466
63 6466
1 6468
5 6468
13 6468
17 6468
19 6468
23 6468
25 6468
29 6468
31 6468
37 6468
41 6468
43 6468
47 6468
53 6468
59 6468
61 6468
1 6470
3 6470
7 6470
9 6470
11 6470
13 6470
17 6470
19 6470
21 6470
23 6470
27 6470
29 6470
31 6470
33 6470
37 6470
39 6470
41 6470
43 6470
47 6470
49 6470
51 6470
53 6470
57 6470
59 6470
61 6470
63 6470
1 6472
3 6472
5 6472
7 6472
9 6472
11 6472
13 6472
15 6472
17 6472
19 6472
21 6472
23 6472
25 6472
27 6472
29 6472
31 6472
33 6472
35 6472
37 6472
39 6472
41 6472
43 6472
45 6472
47 6472
49 6472
51 6472
53 6472
55 6472
57 6472
59 6472
61 6472
63 6472
1 6474
5 6474
7 6474
11 6474
17 6474
19 6474
23 6474
25 6474
29 6474
31 6474
35 6474
37 6474
41 6474
43 6474
47 6474
49 6474
53 6474
55 6474
59 6474
61 6474
1 6476
3 6476
5 6476
7 6476
9 6476
11 6476
13 6476
15 6476
17 6476
19 6476
21 6476
23 6476
25 6476
27 6476
29 6476
31 6476
33 6476
35 6476
37 6476
39 6476
41 6476
43 6476
45 6476
47 6476
49 6476
51 6476
53 6476
55 6476
57 6476
59 6476
61 6476
63 6476
1 6478
3 6478
5 6478
7 6478
9 6478
11 6478
13 6478
15 6478
17 6478
19 6478
21 6478
23 6478
25 6478
27 6478
29 6478
31 6478
33 6478
35 6478
37 6478
39 6478
43 6478
45 6478
47 6478
49 6478
51 6478
53 6478
55 6478
57 6478
59 6478
61 6478
63 6478
1 6480
7 6480
11 6480
13 6480
17 6480
19 6480
23 6480
29 6480
31 6480
37 6480
41 6480
43 6480
47 6480
49 6480
53 6480
59 6480
61 6480
1 6482
3 6482
5 6482
9 6482
11 6482
13 6482
15 6482
17 6482
19 6482
23 6482
25 6482
27 6482
29 6482
31 6482
33 6482
37 6482
39 6482
41 6482
43 6482
45 6482
47 6482
51 6482
53 6482
55 6482
57 6482
59 6482
61 6482
1 6484
3 6484
5 6484
7 6484
9 6484
11 6484
13 6484
15 6484
17 6484
19 6484
21 6484
23 6484
25 6484
27 6484
29 6484
31 6484
33 6484
35 6484
37 6484
39 6484
41 6484
43 6484
45 6484
47 6484
49 6484
51 6484
53 6484
55 6484
57 6484
59 6484
61 6484
63 6484
1 6486
5 6486
7 6486
11 6486
13 6486
17 6486
19 6486
25 6486
29 6486
31 6486
35 6486
37 6486
41 6486
43 6486
49 6486
53 6486
55 6486
59 6486
61 6486
1 6488
3 6488
5 6488
7 6488
9 6488
11 6488
13 6488
15 6488
17 6488
19 6488
21 6488
23 6488
25 6488
27 6488
29 6488
31 6488
33 6488
35 6488
37 6488
39 6488
41 6488
43 6488
45 6488
47 6488
49 6488
51 6488
53 6488
55 6488
57 6488
59 6488
61 6488
63 6488
1 6490
3 6490
7 6490
9 6490
13 6490
17 6490
19 6490
21 6490
23 6490
27 6490
29 6490
31 6490
37 6490
39 6490
41 6490
43 6490
47 6490
49 6490
51 6490
53 6490
57 6490
61 6490
63 6490
1 6492
5 6492
7 6492
11 6492
13 6492
17 6492
19 6492
23 6492
25 6492
29 6492
31 6492
35 6492
37 6492
41 6492
43 6492
47 6492
49 6492
53 6492
55 6492
59 6492
61 6492
1 6494
3 6494
5 6494
7 6494
9 6494
11 6494
13 6494
15 6494
19 6494
21 6494
23 6494
25 6494
27 6494
29 6494
31 6494
33 6494
35 6494
37 6494
39 6494
41 6494
43 6494
45 6494
47 6494
49 6494
53 6494
55 6494
57 6494
59 6494
61 6494
63 6494
1 6496
3 6496
5 6496
9 6496
11 6496
13 6496
15 6496
17 6496
19 6496
23 6496
25 6496
27 6496
31 6496
33 6496
37 6496
39 6496
41 6496
43 6496
45 6496
47 6496
51 6496
53 6496
55 6496
57 6496
59 6496
61 6496
1 6498
5 6498
7 6498
11 6498
13 6498
17 6498
23 6498
25 6498
29 6498
31 6498
35 6498
37 6498
41 6498
43 6498
47 6498
49 6498
53 6498
55 6498
59 6498
61 6498
1 6500
3 6500
7 6500
9 6500
11 6500
17 6500
19 6500
21 6500
23 6500
27 6500
29 6500
31 6500
33 6500
37 6500
41 6500
43 6500
47 6500
49 6500
51 6500
53 6500
57 6500
59 6500
61 6500
63 6500
1 6502
3 6502
5 6502
7 6502
9 6502
11 6502
13 6502
15 6502
17 6502
19 6502
21 6502
23 6502
25 6502
27 6502
29 6502
31 6502
33 6502
35 6502
37 6502
39 6502
41 6502
43 6502
45 6502
47 6502
49 6502
51 6502
53 6502
55 6502
57 6502
59 6502
61 6502
63 6502
65 6502
1 6504
5 6504
7 6504
11 6504
13 6504
17 6504
19 6504
23 6504
25 6504
29 6504
31 6504
35 6504
37 6504
41 6504
43 6504
47 6504
49 6504
53 6504
55 6504
59 6504
61 6504
65 6504
1 6506
3 6506
5 6506
7 6506
9 6506
11 6506
13 6506
15 6506
17 6506
19 6506
21 6506
23 6506
25 6506
27 6506
29 6506
31 6506
33 6506
35 6506
37 6506
39 6506
41 6506
43 6506
45 6506
47 6506
49 6506
51 6506
53 6506
55 6506
57 6506
59 6506
61 6506
63 6506
65 6506
1 6508
3 6508
5 6508
7 6508
9 6508
11 6508
13 6508
15 6508
17 6508
19 6508
21 6508
23 6508
25 6508
27 6508
29 6508
31 6508
33 6508
35 6508
37 6508
39 6508
41 6508
43 6508
45 6508
47 6508
49 6508
51 6508
53 6508
55 6508
57 6508
59 6508
61 6508
63 6508
65 6508
1 6510
11 6510
13 6510
17 6510
19 6510
23 6510
29 6510
37 6510
41 6510
43 6510
47 6510
53 6510
59 6510
61 6510
1 6512
3 6512
5 6512
7 6512
9 6512
13 6512
15 6512
17 6512
19 6512
21 6512
23 6512
25 6512
27 6512
29 6512
31 6512
35 6512
39 6512
41 6512
43 6512
45 6512
47 6512
49 6512
51 6512
53 6512
57 6512
59 6512
61 6512
63 6512
65 6512
1 6514
3 6514
5 6514
7 6514
9 6514
11 6514
13 6514
15 6514
17 6514
19 6514
21 6514
23 6514
25 6514
27 6514
29 6514
31 6514
33 6514
35 6514
37 6514
39 6514
41 6514
43 6514
45 6514
47 6514
49 6514
51 6514
53 6514
55 6514
57 6514
59 6514
61 6514
63 6514
65 6514
1 6516
5 6516
7 6516
11 6516
13 6516
17 6516
19 6516
23 6516
25 6516
29 6516
31 6516
35 6516
37 6516
41 6516
43 6516
47 6516
49 6516
53 6516
55 6516
59 6516
61 6516
65 6516
1 6518
3 6518
5 6518
7 6518
9 6518
11 6518
13 6518
15 6518
17 6518
19 6518
21 6518
23 6518
25 6518
27 6518
29 6518
31 6518
33 6518
35 6518
37 6518
39 6518
41 6518
43 6518
45 6518
47 6518
49 6518
51 6518
53 6518
55 6518
57 6518
59 6518
61 6518
63 6518
65 6518
1 6520
3 6520
7 6520
9 6520
11 6520
13 6520
17 6520
19 6520
21 6520
23 6520
27 6520
29 6520
31 6520
33 6520
37 6520
39 6520
41 6520
43 6520
47 6520
49 6520
51 6520
53 6520
57 6520
59 6520
61 6520
63 6520
1 6522
5 6522
7 6522
11 6522
13 6522
17 6522
19 6522
23 6522
25 6522
29 6522
31 6522
35 6522
37 6522
41 6522
43 6522
47 6522
49 6522
53 6522
55 6522
59 6522
61 6522
65 6522
1 6524
3 6524
5 6524
9 6524
11 6524
13 6524
15 6524
17 6524
19 6524
23 6524
25 6524
27 6524
29 6524
31 6524
33 6524
37 6524
39 6524
41 6524
43 6524
45 6524
47 6524
51 6524
53 6524
55 6524
57 6524
59 6524
61 6524
65 6524
1 6526
3 6526
5 6526
7 6526
9 6526
11 6526
15 6526
17 6526
19 6526
21 6526
23 6526
25 6526
27 6526
29 6526
31 6526
33 6526
35 6526
37 6526
41 6526
43 6526
45 6526
47 6526
49 6526
51 6526
53 6526
55 6526
57 6526
59 6526
61 6526
63 6526
1 6528
5 6528
7 6528
11 6528
13 6528
19 6528
23 6528
25 6528
29 6528
31 6528
35 6528
37 6528
41 6528
43 6528
47 6528
49 6528
53 6528
55 6528
59 6528
61 6528
65 6528
1 6530
3 6530
7 6530
9 6530
11 6530
13 6530
17 6530
19 6530
21 6530
23 6530
27 6530
29 6530
31 6530
33 6530
37 6530
39 6530
41 6530
43 6530
47 6530
49 6530
51 6530
53 6530
57 6530
59 6530
61 6530
63 6530
1 6532
3 6532
5 6532
7 6532
9 6532
11 6532
13 6532
15 6532
17 6532
19 6532
21 6532
25 6532
27 6532
29 6532
31 6532
33 6532
35 6532
37 6532
39 6532
41 6532
43 6532
45 6532
47 6532
49 6532
51 6532
53 6532
55 6532
57 6532
59 6532
61 6532
63 6532
65 6532
1 6534
5 6534
7 6534
13 6534
17 6534
19 6534
23 6534
25 6534
29 6534
31 6534
35 6534
37 6534
41 6534
43 6534
47 6534
49 6534
53 6534
59 6534
61 6534
65 6534
1 6536
3 6536
5 6536
7 6536
9 6536
11 6536
13 6536
15 6536
17 6536
21 6536
23 6536
25 6536
27 6536
29 6536
31 6536
33 6536
35 6536
37 6536
39 6536
41 6536
45 6536
47 6536
49 6536
51 6536
53 6536
55 6536
59 6536
61 6536
63 6536
65 6536
1 6538
3 6538
5 6538
9 6538
11 6538
13 6538
15 6538
17 6538
19 6538
23 6538
25 6538
27 6538
29 6538
31 6538
33 6538
37 6538
39 6538
41 6538
43 6538
45 6538
47 6538
51 6538
53 6538
55 6538
57 6538
59 6538
61 6538
65 6538
1 6540
7 6540
11 6540
13 6540
17 6540
19 6540
23 6540
29 6540
31 6540
37 6540
41 6540
43 6540
47 6540
49 6540
53 6540
59 6540
61 6540
1 6542
3 6542
5 6542
7 6542
9 6542
11 6542
13 6542
15 6542
17 6542
19 6542
21 6542
23 6542
25 6542
27 6542
29 6542
31 6542
33 6542
35 6542
37 6542
39 6542
41 6542
43 6542
45 6542
47 6542
49 6542
51 6542
53 6542
55 6542
57 6542
59 6542
61 6542
63 6542
65 6542
1 6544
3 6544
5 6544
7 6544
9 6544
11 6544
13 6544
15 6544
17 6544
19 6544
21 6544
23 6544
25 6544
27 6544
29 6544
31 6544
33 6544
35 6544
37 6544
39 6544
41 6544
43 6544
45 6544
47 6544
49 6544
51 6544
53 6544
55 6544
57 6544
59 6544
61 6544
63 6544
65 6544
1 6546
5 6546
7 6546
11 6546
13 6546
17 6546
19 6546
23 6546
25 6546
29 6546
31 6546
35 6546
37 6546
41 6546
43 6546
47 6546
49 6546
53 6546
55 6546
59 6546
61 6546
65 6546
1 6548
3 6548
5 6548
7 6548
9 6548
11 6548
13 6548
15 6548
17 6548
19 6548
21 6548
23 6548
25 6548
27 6548
29 6548
31 6548
33 6548
35 6548
37 6548
39 6548
41 6548
43 6548
45 6548
47 6548
49 6548
51 6548
53 6548
55 6548
57 6548
59 6548
61 6548
63 6548
65 6548
1 6550
3 6550
7 6550
9 6550
11 6550
13 6550
17 6550
19 6550
21 6550
23 6550
27 6550
29 6550
31 6550
33 6550
37 6550
39 6550
41 6550
43 6550
47 6550
49 6550
51 6550
53 6550
57 6550
59 6550
61 6550
63 6550
1 6552
5 6552
11 6552
17 6552
19 6552
23 6552
25 6552
29 6552
31 6552
37 6552
41 6552
43 6552
47 6552
53 6552
55 6552
59 6552
61 6552
1 6554
3 6554
5 6554
7 6554
9 6554
11 6554
13 6554
15 6554
17 6554
19 6554
21 6554
23 6554
25 6554
27 6554
31 6554
33 6554
35 6554
37 6554
39 6554
41 6554
43 6554
45 6554
47 6554
49 6554
51 6554
53 6554
55 6554
57 6554
59 6554
61 6554
63 6554
65 6554
1 6556
3 6556
5 6556
7 6556
9 6556
13 6556
15 6556
17 6556
19 6556
21 6556
23 6556
25 6556
27 6556
29 6556
31 6556
35 6556
37 6556
39 6556
41 6556
43 6556
45 6556
47 6556
49 6556
51 6556
53 6556
57 6556
59 6556
61 6556
63 6556
65 6556
1 6558
5 6558
7 6558
11 6558
13 6558
17 6558
19 6558
23 6558
25 6558
29 6558
31 6558
35 6558
37 6558
41 6558
43 6558
47 6558
49 6558
53 6558
55 6558
59 6558
61 6558
65 6558
1 6560
3 6560
7 6560
9 6560
11 6560
13 6560
17 6560
19 6560
21 6560
23 6560
27 6560
29 6560
31 6560
33 6560
37 6560
39 6560
43 6560
47 6560
49 6560
51 6560
53 6560
57 6560
59 6560
61 6560
63 6560
1 6562
3 6562
5 6562
7 6562
9 6562
11 6562
13 6562
15 6562
19 6562
21 6562
23 6562
25 6562
27 6562
29 6562
31 6562
33 6562
35 6562
37 6562
39 6562
41 6562
43 6562
45 6562
47 6562
49 6562
53 6562
55 6562
57 6562
59 6562
61 6562
63 6562
65 6562
1 6564
5 6564
7 6564
11 6564
13 6564
17 6564
19 6564
23 6564
25 6564
29 6564
31 6564
35 6564
37 6564
41 6564
43 6564
47 6564
49 6564
53 6564
55 6564
59 6564
61 6564
65 6564
1 6566
3 6566
5 6566
9 6566
11 6566
13 6566
15 6566
17 6566
19 6566
23 6566
25 6566
27 6566
29 6566
31 6566
33 6566
37 6566
39 6566
41 6566
43 6566
45 6566
47 6566
51 6566
53 6566
55 6566
57 6566
59 6566
61 6566
65 6566
1 6568
3 6568
5 6568
7 6568
9 6568
11 6568
13 6568
15 6568
17 6568
19 6568
21 6568
23 6568
25 6568
27 6568
29 6568
31 6568
33 6568
35 6568
37 6568
39 6568
41 6568
43 6568
45 6568
47 6568
49 6568
51 6568
53 6568
55 6568
57 6568
59 6568
61 6568
63 6568
65 6568
1 6570
7 6570
11 6570
13 6570
17 6570
19 6570
23 6570
29 6570
31 6570
37 6570
41 6570
43 6570
47 6570
49 6570
53 6570
59 6570
61 6570
1 6572
3 6572
5 6572
7 6572
9 6572
11 6572
13 6572
15 6572
17 6572
19 6572
21 6572
23 6572
25 6572
27 6572
29 6572
33 6572
35 6572
37 6572
39 6572
41 6572
43 6572
45 6572
47 6572
49 6572
51 6572
55 6572
57 6572
59 6572
61 6572
63 6572
65 6572
1 6574
3 6574
5 6574
7 6574
9 6574
11 6574
13 6574
15 6574
17 6574
21 6574
23 6574
25 6574
27 6574
29 6574
31 6574
33 6574
35 6574
37 6574
39 6574
41 6574
43 6574
45 6574
47 6574
49 6574
51 6574
53 6574
55 6574
59 6574
61 6574
63 6574
65 6574
1 6576
5 6576
7 6576
11 6576
13 6576
17 6576
19 6576
23 6576
25 6576
29 6576
31 6576
35 6576
37 6576
41 6576
43 6576
47 6576
49 6576
53 6576
55 6576
59 6576
61 6576
65 6576
1 6578
3 6578
5 6578
7 6578
9 6578
15 6578
17 6578
19 6578
21 6578
25 6578
27 6578
29 6578
31 6578
35 6578
37 6578
41 6578
43 6578
45 6578
47 6578
49 6578
51 6578
53 6578
57 6578
59 6578
61 6578
63 6578
1 6580
3 6580
9 6580
11 6580
13 6580
17 6580
19 6580
23 6580
27 6580
29 6580
31 6580
33 6580
37 6580
39 6580
41 6580
43 6580
51 6580
53 6580
57 6580
59 6580
61 6580
1 6582
5 6582
7 6582
11 6582
13 6582
17 6582
19 6582
23 6582
25 6582
29 6582
31 6582
35 6582
37 6582
41 6582
43 6582
47 6582
49 6582
53 6582
55 6582
59 6582
61 6582
65 6582
1 6584
3 6584
5 6584
7 6584
9 6584
11 6584
13 6584
15 6584
17 6584
19 6584
21 6584
23 6584
25 6584
27 6584
29 6584
31 6584
33 6584
35 6584
37 6584
39 6584
41 6584
43 6584
45 6584
47 6584
49 6584
51 6584
53 6584
55 6584
57 6584
59 6584
61 6584
63 6584
65 6584
1 6586
3 6586
5 6586
7 6586
9 6586
11 6586
13 6586
15 6586
17 6586
19 6586
21 6586
23 6586
25 6586
27 6586
29 6586
31 6586
33 6586
35 6586
39 6586
41 6586
43 6586
45 6586
47 6586
49 6586
51 6586
53 6586
55 6586
57 6586
59 6586
61 6586
63 6586
65 6586
1 6588
5 6588
7 6588
11 6588
13 6588
17 6588
19 6588
23 6588
25 6588
29 6588
31 6588
35 6588
37 6588
41 6588
43 6588
47 6588
49 6588
53 6588
55 6588
59 6588
65 6588
1 6590
3 6590
7 6590
9 6590
11 6590
13 6590
17 6590
19 6590
21 6590
23 6590
27 6590
29 6590
31 6590
33 6590
37 6590
39 6590
41 6590
43 6590
47 6590
49 6590
51 6590
53 6590
57 6590
59 6590
61 6590
63 6590
1 6592
3 6592
5 6592
7 6592
9 6592
11 6592
13 6592
15 6592
17 6592
19 6592
21 6592
23 6592
25 6592
27 6592
29 6592
31 6592
33 6592
35 6592
37 6592
39 6592
41 6592
43 6592
45 6592
47 6592
49 6592
51 6592
53 6592
55 6592
57 6592
59 6592
61 6592
63 6592
65 6592
1 6594
5 6594
11 6594
13 6594
17 6594
19 6594
23 6594
25 6594
29 6594
31 6594
37 6594
41 6594
43 6594
47 6594
53 6594
55 6594
59 6594
61 6594
65 6594
1 6596
3 6596
5 6596
7 6596
9 6596
11 6596
13 6596
15 6596
19 6596
21 6596
23 6596
25 6596
27 6596
29 6596
31 6596
33 6596
35 6596
37 6596
39 6596
41 6596
43 6596
45 6596
47 6596
49 6596
53 6596
55 6596
57 6596
59 6596
61 6596
63 6596
65 6596
1 6598
3 6598
5 6598
7 6598
9 6598
11 6598
13 6598
15 6598
17 6598
19 6598
21 6598
23 6598
25 6598
27 6598
29 6598
31 6598
33 6598
35 6598
37 6598
39 6598
41 6598
43 6598
45 6598
47 6598
49 6598
51 6598
53 6598
55 6598
57 6598
59 6598
61 6598
63 6598
65 6598
1 6600
7 6600
13 6600
17 6600
19 6600
23 6600
29 6600
31 6600
37 6600
41 6600
43 6600
47 6600
49 6600
53 6600
59 6600
61 6600
1 6602
3 6602
5 6602
7 6602
9 6602
11 6602
13 6602
15 6602
17 6602
19 6602
21 6602
23 6602
25 6602
27 6602
29 6602
31 6602
33 6602
35 6602
37 6602
39 6602
41 6602
43 6602
45 6602
47 6602
49 6602
51 6602
53 6602
55 6602
57 6602
59 6602
61 6602
63 6602
65 6602
1 6604
3 6604
5 6604
7 6604
9 6604
11 6604
15 6604
17 6604
19 6604
21 6604
23 6604
25 6604
27 6604
29 6604
31 6604
33 6604
35 6604
37 6604
41 6604
43 6604
45 6604
47 6604
49 6604
51 6604
53 6604
55 6604
57 6604
59 6604
61 6604
63 6604
1 6606
5 6606
7 6606
11 6606
13 6606
17 6606
19 6606
23 6606
25 6606
29 6606
31 6606
35 6606
37 6606
41 6606
43 6606
47 6606
49 6606
53 6606
55 6606
59 6606
61 6606
65 6606
1 6608
3 6608
5 6608
9 6608
11 6608
13 6608
15 6608
17 6608
19 6608
23 6608
25 6608
27 6608
29 6608
31 6608
33 6608
37 6608
39 6608
41 6608
43 6608
45 6608
47 6608
51 6608
53 6608
55 6608
57 6608
61 6608
65 6608
1 6610
3 6610
7 6610
9 6610
11 6610
13 6610
17 6610
19 6610
21 6610
23 6610
27 6610
29 6610
31 6610
33 6610
37 6610
39 6610
41 6610
43 6610
47 6610
49 6610
51 6610
53 6610
57 6610
59 6610
61 6610
63 6610
1 6612
5 6612
7 6612
11 6612
13 6612
17 6612
23 6612
25 6612
31 6612
35 6612
37 6612
41 6612
43 6612
47 6612
49 6612
53 6612
55 6612
59 6612
61 6612
65 6612
1 6614
3 6614
5 6614
7 6614
9 6614
11 6614
13 6614
15 6614
17 6614
19 6614
21 6614
23 6614
25 6614
27 6614
29 6614
31 6614
33 6614
35 6614
37 6614
39 6614
41 6614
43 6614
45 6614
47 6614
49 6614
51 6614
53 6614
55 6614
57 6614
59 6614
61 6614
63 6614
65 6614
1 6616
3 6616
5 6616
7 6616
9 6616
11 6616
13 6616
15 6616
17 6616
19 6616
21 6616
23 6616
25 6616
27 6616
29 6616
31 6616
33 6616
35 6616
37 6616
39 6616
41 6616
43 6616
45 6616
47 6616
49 6616
51 6616
53 6616
55 6616
57 6616
59 6616
61 6616
63 6616
65 6616
1 6618
5 6618
7 6618
11 6618
13 6618
17 6618
19 6618
23 6618
25 6618
29 6618
31 6618
35 6618
37 6618
41 6618
43 6618
47 6618
49 6618
53 6618
55 6618
59 6618
61 6618
65 6618
1 6620
3 6620
7 6620
9 6620
11 6620
13 6620
17 6620
19 6620
21 6620
23 6620
27 6620
29 6620
31 6620
33 6620
37 6620
39 6620
41 6620
43 6620
47 6620
49 6620
51 6620
53 6620
57 6620
59 6620
61 6620
63 6620
1 6622
3 6622
5 6622
9 6622
13 6622
15 6622
17 6622
19 6622
23 6622
25 6622
27 6622
29 6622
31 6622
37 6622
39 6622
41 6622
45 6622
47 6622
51 6622
53 6622
57 6622
59 6622
61 6622
65 6622
1 6624
5 6624
7 6624
11 6624
13 6624
17 6624
19 6624
25 6624
29 6624
31 6624
35 6624
37 6624
41 6624
43 6624
47 6624
49 6624
53 6624
55 6624
59 6624
61 6624
65 6624
1 6626
3 6626
5 6626
7 6626
9 6626
11 6626
13 6626
15 6626
17 6626
19 6626
21 6626
23 6626
25 6626
27 6626
29 6626
31 6626
33 6626
35 6626
37 6626
39 6626
41 6626
43 6626
45 6626
47 6626
49 6626
51 6626
53 6626
55 6626
57 6626
59 6626
61 6626
63 6626
65 6626
1 6628
3 6628
5 6628
7 6628
9 6628
11 6628
13 6628
15 6628
17 6628
19 6628
21 6628
23 6628
25 6628
27 6628
29 6628
31 6628
33 6628
35 6628
37 6628
39 6628
41 6628
43 6628
45 6628
47 6628
49 6628
51 6628
53 6628
55 6628
57 6628
59 6628
61 6628
63 6628
65 6628
1 6630
7 6630
11 6630
19 6630
23 6630
29 6630
31 6630
37 6630
41 6630
43 6630
47 6630
49 6630
53 6630
59 6630
61 6630
1 6632
3 6632
5 6632
7 6632
9 6632
11 6632
13 6632
15 6632
17 6632
19 6632
21 6632
23 6632
25 6632
27 6632
29 6632
31 6632
33 6632
35 6632
37 6632
39 6632
41 6632
43 6632
45 6632
47 6632
49 6632
51 6632
53 6632
55 6632
57 6632
59 6632
61 6632
63 6632
65 6632
1 6634
3 6634
5 6634
7 6634
9 6634
11 6634
13 6634
15 6634
17 6634
19 6634
21 6634
23 6634
25 6634
27 6634
29 6634
33 6634
35 6634
37 6634
39 6634
41 6634
43 6634
45 6634
47 6634
49 6634
51 6634
53 6634
55 6634
57 6634
59 6634
61 6634
63 6634
65 6634
1 6636
5 6636
11 6636
13 6636
17 6636
19 6636
23 6636
25 6636
29 6636
31 6636
37 6636
41 6636
43 6636
47 6636
53 6636
55 6636
59 6636
61 6636
65 6636
1 6638
3 6638
5 6638
7 6638
9 6638
11 6638
13 6638
15 6638
17 6638
19 6638
21 6638
23 6638
25 6638
27 6638
29 6638
31 6638
33 6638
35 6638
37 6638
39 6638
41 6638
43 6638
45 6638
47 6638
49 6638
51 6638
53 6638
55 6638
57 6638
59 6638
61 6638
63 6638
65 6638
1 6640
3 6640
7 6640
9 6640
11 6640
13 6640
17 6640
19 6640
21 6640
23 6640
27 6640
29 6640
31 6640
33 6640
37 6640
39 6640
41 6640
43 6640
47 6640
49 6640
51 6640
53 6640
57 6640
59 6640
61 6640
63 6640
1 6642
5 6642
7 6642
11 6642
13 6642
17 6642
19 6642
23 6642
25 6642
29 6642
31 6642
35 6642
37 6642
43 6642
47 6642
49 6642
53 6642
55 6642
59 6642
61 6642
65 6642
1 6644
3 6644
5 6644
7 6644
9 6644
13 6644
15 6644
17 6644
19 6644
21 6644
23 6644
25 6644
27 6644
29 6644
31 6644
35 6644
37 6644
39 6644
41 6644
43 6644
45 6644
47 6644
49 6644
51 6644
53 6644
57 6644
59 6644
61 6644
63 6644
65 6644
1 6646
3 6646
5 6646
7 6646
9 6646
11 6646
13 6646
15 6646
17 6646
19 6646
21 6646
23 6646
25 6646
27 6646
29 6646
31 6646
33 6646
35 6646
37 6646
39 6646
41 6646
43 6646
45 6646
47 6646
49 6646
51 6646
53 6646
55 6646
57 6646
59 6646
61 6646
63 6646
65 6646
1 6648
5 6648
7 6648
11 6648
13 6648
17 6648
19 6648
23 6648
25 6648
29 6648
31 6648
35 6648
37 6648
41 6648
43 6648
47 6648
49 6648
53 6648
55 6648
59 6648
61 6648
65 6648
1 6650
3 6650
9 6650
11 6650
13 6650
17 6650
23 6650
27 6650
29 6650
31 6650
33 6650
37 6650
39 6650
41 6650
43 6650
47 6650
51 6650
53 6650
59 6650
61 6650
1 6652
3 6652
5 6652
7 6652
9 6652
11 6652
13 6652
15 6652
17 6652
19 6652
21 6652
23 6652
25 6652
27 6652
29 6652
31 6652
33 6652
35 6652
37 6652
39 6652
41 6652
43 6652
45 6652
47 6652
49 6652
51 6652
53 6652
55 6652
57 6652
59 6652
61 6652
63 6652
65 6652
1 6654
5 6654
7 6654
11 6654
13 6654
17 6654
19 6654
23 6654
25 6654
29 6654
31 6654
35 6654
37 6654
41 6654
43 6654
47 6654
49 6654
53 6654
55 6654
59 6654
61 6654
65 6654
1 6656
3 6656
5 6656
7 6656
9 6656
11 6656
15 6656
17 6656
19 6656
21 6656
23 6656
25 6656
27 6656
29 6656
31 6656
33 6656
35 6656
37 6656
41 6656
43 6656
45 6656
47 6656
49 6656
51 6656
53 6656
55 6656
57 6656
59 6656
61 6656
63 6656
1 6658
3 6658
5 6658
7 6658
9 6658
11 6658
13 6658
15 6658
17 6658
19 6658
21 6658
23 6658
25 6658
27 6658
29 6658
31 6658
33 6658
35 6658
37 6658
39 6658
41 6658
43 6658
45 6658
47 6658
49 6658
51 6658
53 6658
55 6658
57 6658
59 6658
61 6658
63 6658
65 6658
1 6660
7 6660
11 6660
13 6660
17 6660
19 6660
23 6660
29 6660
31 6660
41 6660
43 6660
47 6660
49 6660
53 6660
59 6660
61 6660
1 6662
3 6662
5 6662
7 6662
9 6662
11 6662
13 6662
15 6662
17 6662
19 6662
21 6662
23 6662
25 6662
27 6662
29 6662
31 6662
33 6662
35 6662
37 6662
39 6662
41 6662
43 6662
45 6662
47 6662
49 6662
51 6662
53 6662
55 6662
57 6662
59 6662
61 6662
63 6662
65 6662
1 6664
3 6664
5 6664
9 6664
11 6664
13 6664
15 6664
19 6664
23 6664
25 6664
27 6664
29 6664
31 6664
33 6664
37 6664
39 6664
41 6664
43 6664
45 6664
47 6664
53 6664
55 6664
57 6664
59 6664
61 6664
65 6664
1 6666
5 6666
7 6666
13 6666
17 6666
19 6666
23 6666
25 6666
29 6666
31 6666
35 6666
37 6666
41 6666
43 6666
47 6666
49 6666
53 6666
59 6666
61 6666
65 6666
1 6668
3 6668
5 6668
7 6668
9 6668
11 6668
13 6668
15 6668
17 6668
19 6668
21 6668
23 6668
25 6668
27 6668
29 6668
31 6668
33 6668
35 6668
37 6668
39 6668
41 6668
43 6668
45 6668
47 6668
49 6668
51 6668
53 6668
55 6668
57 6668
59 6668
61 6668
63 6668
65 6668
1 6670
3 6670
7 6670
9 6670
11 6670
13 6670
17 6670
19 6670
21 6670
27 6670
31 6670
33 6670
37 6670
39 6670
41 6670
43 6670
47 6670
49 6670
51 6670
53 6670
57 6670
59 6670
61 6670
63 6670
1 6672
5 6672
7 6672
11 6672
13 6672
17 6672
19 6672
23 6672
25 6672
29 6672
31 6672
35 6672
37 6672
41 6672
43 6672
47 6672
49 6672
53 6672
55 6672
59 6672
61 6672
65 6672
1 6674
3 6674
5 6674
7 6674
9 6674
11 6674
13 6674
15 6674
17 6674
19 6674
21 6674
23 6674
25 6674
27 6674
29 6674
31 6674
33 6674
35 6674
37 6674
39 6674
41 6674
43 6674
45 6674
49 6674
51 6674
53 6674
55 6674
57 6674
59 6674
61 6674
63 6674
65 6674
1 6676
3 6676
5 6676
7 6676
9 6676
11 6676
13 6676
15 6676
17 6676
19 6676
21 6676
23 6676
25 6676
27 6676
29 6676
31 6676
33 6676
35 6676
37 6676
39 6676
41 6676
43 6676
45 6676
47 6676
49 6676
51 6676
53 6676
55 6676
57 6676
59 6676
61 6676
63 6676
65 6676
1 6678
5 6678
11 6678
13 6678
17 6678
19 6678
23 6678
25 6678
29 6678
31 6678
37 6678
41 6678
43 6678
47 6678
55 6678
59 6678
61 6678
65 6678
1 6680
3 6680
7 6680
9 6680
11 6680
13 6680
17 6680
19 6680
21 6680
23 6680
27 6680
29 6680
31 6680
33 6680
37 6680
39 6680
41 6680
43 6680
47 6680
49 6680
51 6680
53 6680
57 6680
59 6680
61 6680
63 6680
1 6682
3 6682
5 6682
7 6682
9 6682
11 6682
15 6682
17 6682
19 6682
21 6682
23 6682
25 6682
27 6682
29 6682
31 6682
33 6682
35 6682
37 6682
41 6682
43 6682
45 6682
47 6682
49 6682
51 6682
53 6682
55 6682
57 6682
59 6682
61 6682
63 6682
1 6684
5 6684
7 6684
11 6684
13 6684
17 6684
19 6684
23 6684
25 6684
29 6684
31 6684
35 6684
37 6684
41 6684
43 6684
47 6684
49 6684
53 6684
55 6684
59 6684
61 6684
65 6684
1 6686
3 6686
5 6686
7 6686
9 6686
11 6686
13 6686
15 6686
17 6686
19 6686
21 6686
23 6686
25 6686
27 6686
29 6686
31 6686
33 6686
35 6686
37 6686
39 6686
41 6686
43 6686
45 6686
47 6686
49 6686
51 6686
53 6686
55 6686
57 6686
59 6686
61 6686
63 6686
65 6686
1 6688
3 6688
5 6688
7 6688
9 6688
13 6688
15 6688
17 6688
21 6688
23 6688
25 6688
27 6688
29 6688
31 6688
35 6688
37 6688
39 6688
41 6688
43 6688
45 6688
47 6688
49 6688
51 6688
53 6688
59 6688
61 6688
63 6688
65 6688
1 6690
7 6690
11 6690
13 6690
17 6690
19 6690
23 6690
29 6690
31 6690
37 6690
41 6690
43 6690
47 6690
49 6690
53 6690
59 6690
61 6690
1 6692
3 6692
5 6692
9 6692
11 6692
13 6692
15 6692
17 6692
19 6692
23 6692
25 6692
27 6692
29 6692
31 6692
33 6692
37 6692
39 6692
41 6692
43 6692
45 6692
47 6692
51 6692
53 6692
55 6692
57 6692
59 6692
61 6692
65 6692
1 6694
3 6694
5 6694
7 6694
9 6694
11 6694
13 6694
15 6694
17 6694
19 6694
21 6694
23 6694
25 6694
27 6694
29 6694
31 6694
33 6694
35 6694
37 6694
39 6694
41 6694
43 6694
45 6694
47 6694
49 6694
51 6694
53 6694
55 6694
57 6694
59 6694
61 6694
63 6694
65 6694
1 6696
5 6696
7 6696
11 6696
13 6696
17 6696
19 6696
23 6696
25 6696
29 6696
35 6696
37 6696
41 6696
43 6696
47 6696
49 6696
53 6696
55 6696
59 6696
61 6696
65 6696
1 6698
3 6698
5 6698
7 6698
9 6698
11 6698
13 6698
15 6698
19 6698
21 6698
23 6698
25 6698
27 6698
29 6698
31 6698
33 6698
35 6698
37 6698
39 6698
41 6698
43 6698
45 6698
47 6698
49 6698
53 6698
55 6698
57 6698
59 6698
61 6698
63 6698
65 6698
1 6700
3 6700
7 6700
9 6700
11 6700
13 6700
17 6700
19 6700
21 6700
23 6700
27 6700
29 6700
31 6700
33 6700
37 6700
39 6700
41 6700
43 6700
47 6700
49 6700
51 6700
53 6700
57 6700
59 6700
61 6700
63 6700
1 6702
5 6702
7 6702
11 6702
13 6702
17 6702
19 6702
23 6702
25 6702
29 6702
31 6702
35 6702
37 6702
41 6702
43 6702
47 6702
49 6702
53 6702
55 6702
59 6702
61 6702
65 6702
67 6702
1 6704
3 6704
5 6704
7 6704
9 6704
11 6704
13 6704
15 6704
17 6704
19 6704
21 6704
23 6704
25 6704
27 6704
29 6704
31 6704
33 6704
35 6704
37 6704
39 6704
41 6704
43 6704
45 6704
47 6704
49 6704
51 6704
53 6704
55 6704
57 6704
59 6704
61 6704
63 6704
65 6704
67 6704
1 6706
3 6706
5 6706
9 6706
11 6706
13 6706
15 6706
17 6706
19 6706
23 6706
25 6706
27 6706
29 6706
31 6706
33 6706
37 6706
39 6706
41 6706
43 6706
45 6706
47 6706
51 6706
53 6706
55 6706
57 6706
59 6706
61 6706
65 6706
67 6706
1 6708
5 6708
7 6708
11 6708
17 6708
19 6708
23 6708
25 6708
29 6708
31 6708
35 6708
37 6708
41 6708
47 6708
49 6708
53 6708
55 6708
59 6708
61 6708
67 6708
1 6710
3 6710
7 6710
9 6710
13 6710
17 6710
19 6710
21 6710
23 6710
27 6710
29 6710
31 6710
37 6710
39 6710
41 6710
43 6710
47 6710
49 6710
51 6710
53 6710
57 6710
59 6710
63 6710
67 6710
1 6712
3 6712
5 6712
7 6712
9 6712
11 6712
13 6712
15 6712
17 6712
19 6712
21 6712
23 6712
25 6712
27 6712
29 6712
31 6712
33 6712
35 6712
37 6712
39 6712
41 6712
43 6712
45 6712
47 6712
49 6712
51 6712
53 6712
55 6712
57 6712
59 6712
61 6712
63 6712
65 6712
67 6712
1 6714
5 6714
7 6714
11 6714
13 6714
17 6714
19 6714
23 6714
25 6714
29 6714
31 6714
35 6714
37 6714
41 6714
43 6714
47 6714
49 6714
53 6714
55 6714
59 6714
61 6714
65 6714
67 6714
1 6716
3 6716
5 6716
7 6716
9 6716
11 6716
13 6716
15 6716
17 6716
19 6716
21 6716
25 6716
27 6716
29 6716
31 6716
33 6716
35 6716
37 6716
39 6716
41 6716
43 6716
45 6716
47 6716
49 6716
51 6716
53 6716
55 6716
57 6716
59 6716
61 6716
63 6716
65 6716
67 6716
1 6718
3 6718
5 6718
7 6718
9 6718
11 6718
13 6718
15 6718
17 6718
19 6718
21 6718
23 6718
25 6718
27 6718
29 6718
31 6718
33 6718
35 6718
37 6718
39 6718
41 6718
43 6718
45 6718
47 6718
49 6718
51 6718
53 6718
55 6718
57 6718
59 6718
61 6718
63 6718
65 6718
67 6718
1 6720
11 6720
13 6720
17 6720
19 6720
23 6720
29 6720
31 6720
37 6720
41 6720
43 6720
47 6720
53 6720
59 6720
61 6720
67 6720
1 6722
3 6722
5 6722
7 6722
9 6722
11 6722
13 6722
15 6722
17 6722
19 6722
21 6722
23 6722
25 6722
27 6722
29 6722
31 6722
33 6722
35 6722
37 6722
39 6722
41 6722
43 6722
45 6722
47 6722
49 6722
51 6722
53 6722
55 6722
57 6722
59 6722
61 6722
63 6722
65 6722
67 6722
1 6724
3 6724
5 6724
7 6724
9 6724
11 6724
13 6724
15 6724
17 6724
19 6724
21 6724
23 6724
25 6724
27 6724
29 6724
31 6724
33 6724
35 6724
37 6724
39 6724
43 6724
45 6724
47 6724
49 6724
51 6724
53 6724
55 6724
57 6724
59 6724
61 6724
63 6724
65 6724
67 6724
1 6726
5 6726
7 6726
11 6726
13 6726
17 6726
23 6726
25 6726
29 6726
31 6726
35 6726
37 6726
41 6726
43 6726
47 6726
49 6726
53 6726
55 6726
61 6726
65 6726
67 6726
1 6728
3 6728
5 6728
7 6728
9 6728
11 6728
13 6728
15 6728
17 6728
19 6728
21 6728
23 6728
25 6728
27 6728
31 6728
33 6728
35 6728
37 6728
39 6728
41 6728
43 6728
45 6728
47 6728
49 6728
51 6728
53 6728
55 6728
57 6728
59 6728
61 6728
63 6728
65 6728
67 6728
1 6730
3 6730
7 6730
9 6730
11 6730
13 6730
17 6730
19 6730
21 6730
23 6730
27 6730
29 6730
31 6730
33 6730
37 6730
39 6730
41 6730
43 6730
47 6730
49 6730
51 6730
53 6730
57 6730
59 6730
61 6730
63 6730
67 6730
1 6732
5 6732
7 6732
13 6732
19 6732
23 6732
25 6732
29 6732
31 6732
35 6732
37 6732
41 6732
43 6732
47 6732
49 6732
53 6732
59 6732
61 6732
65 6732
67 6732
1 6734
3 6734
5 6734
9 6734
11 6734
15 6734
17 6734
19 6734
23 6734
25 6734
27 6734
29 6734
31 6734
33 6734
41 6734
43 6734
45 6734
47 6734
51 6734
53 6734
55 6734
57 6734
59 6734
61 6734
67 6734
1 6736
3 6736
5 6736
7 6736
9 6736
11 6736
13 6736
15 6736
17 6736
19 6736
21 6736
23 6736
25 6736
27 6736
29 6736
31 6736
33 6736
35 6736
37 6736
39 6736
41 6736
43 6736
45 6736
47 6736
49 6736
51 6736
53 6736
55 6736
57 6736
59 6736
61 6736
63 6736
65 6736
67 6736
1 6738
5 6738
7 6738
11 6738
13 6738
17 6738
19 6738
23 6738
25 6738
29 6738
31 6738
35 6738
37 6738
41 6738
43 6738
47 6738
49 6738
53 6738
55 6738
59 6738
61 6738
65 6738
67 6738
1 6740
3 6740
7 6740
9 6740
11 6740
13 6740
17 6740
19 6740
21 6740
23 6740
27 6740
29 6740
31 6740
33 6740
37 6740
39 6740
41 6740
43 6740
47 6740
49 6740
51 6740
53 6740
57 6740
59 6740
61 6740
63 6740
67 6740
1 6742
3 6742
5 6742
7 6742
9 6742
11 6742
13 6742
15 6742
17 6742
19 6742
21 6742
23 6742
25 6742
27 6742
29 6742
31 6742
33 6742
35 6742
37 6742
39 6742
41 6742
43 6742
45 6742
47 6742
49 6742
51 6742
53 6742
55 6742
57 6742
59 6742
61 6742
63 6742
65 6742
67 6742
1 6744
5 6744
7 6744
11 6744
13 6744
17 6744
19 6744
23 6744
25 6744
29 6744
31 6744
35 6744
37 6744
41 6744
43 6744
47 6744
49 6744
53 6744
55 6744
59 6744
61 6744
65 6744
67 6744
1 6746
3 6746
5 6746
7 6746
9 6746
11 6746
13 6746
15 6746
17 6746
19 6746
21 6746
23 6746
25 6746
27 6746
29 6746
31 6746
33 6746
35 6746
37 6746
39 6746
41 6746
43 6746
45 6746
47 6746
49 6746
51 6746
53 6746
55 6746
57 6746
59 6746
61 6746
63 6746
65 6746
67 6746
1 6748
3 6748
5 6748
9 6748
11 6748
13 6748
15 6748
17 6748
19 6748
23 6748
25 6748
27 6748
29 6748
31 6748
33 6748
37 6748
39 6748
41 6748
43 6748
45 6748
47 6748
51 6748
53 6748
55 6748
57 6748
59 6748
61 6748
65 6748
67 6748
1 6750
7 6750
11 6750
13 6750
17 6750
19 6750
23 6750
29 6750
31 6750
37 6750
41 6750
43 6750
47 6750
49 6750
53 6750
59 6750
61 6750
67 6750
1 6752
3 6752
5 6752
7 6752
9 6752
11 6752
13 6752
15 6752
17 6752
19 6752
21 6752
23 6752
25 6752
27 6752
29 6752
31 6752
33 6752
35 6752
37 6752
39 6752
41 6752
43 6752
45 6752
47 6752
49 6752
51 6752
53 6752
55 6752
57 6752
59 6752
61 6752
63 6752
65 6752
67 6752
1 6754
3 6754
5 6754
7 6754
9 6754
13 6754
15 6754
17 6754
19 6754
21 6754
23 6754
25 6754
27 6754
29 6754
31 6754
35 6754
37 6754
39 6754
41 6754
43 6754
45 6754
47 6754
49 6754
51 6754
53 6754
57 6754
59 6754
61 6754
63 6754
65 6754
67 6754
1 6756
5 6756
7 6756
11 6756
13 6756
17 6756
19 6756
23 6756
25 6756
29 6756
31 6756
35 6756
37 6756
41 6756
43 6756
47 6756
49 6756
53 6756
55 6756
59 6756
61 6756
65 6756
67 6756
1 6758
3 6758
5 6758
7 6758
9 6758
11 6758
13 6758
15 6758
17 6758
19 6758
21 6758
23 6758
25 6758
27 6758
29 6758
33 6758
35 6758
37 6758
39 6758
41 6758
43 6758
45 6758
47 6758
49 6758
51 6758
53 6758
55 6758
57 6758
59 6758
61 6758
63 6758
65 6758
67 6758
1 6760
3 6760
7 6760
9 6760
11 6760
17 6760
19 6760
21 6760
23 6760
27 6760
29 6760
31 6760
33 6760
37 6760
41 6760
43 6760
47 6760
49 6760
51 6760
53 6760
57 6760
59 6760
61 6760
63 6760
67 6760
1 6762
5 6762
11 6762
13 6762
17 6762
19 6762
25 6762
29 6762
31 6762
37 6762
41 6762
43 6762
47 6762
53 6762
55 6762
59 6762
61 6762
65 6762
67 6762
1 6764
3 6764
5 6764
7 6764
9 6764
11 6764
13 6764
15 6764
17 6764
21 6764
23 6764
25 6764
27 6764
29 6764
31 6764
33 6764
35 6764
37 6764
39 6764
41 6764
43 6764
45 6764
47 6764
49 6764
51 6764
53 6764
55 6764
59 6764
61 6764
63 6764
65 6764
67 6764
1 6766
3 6766
5 6766
7 6766
9 6766
11 6766
13 6766
15 6766
19 6766
21 6766
23 6766
25 6766
27 6766
29 6766
31 6766
33 6766
35 6766
37 6766
39 6766
41 6766
43 6766
45 6766
47 6766
49 6766
53 6766
55 6766
57 6766
59 6766
61 6766
63 6766
65 6766
67 6766
1 6768
5 6768
7 6768
11 6768
13 6768
17 6768
19 6768
23 6768
25 6768
29 6768
31 6768
35 6768
37 6768
41 6768
43 6768
49 6768
53 6768
55 6768
59 6768
61 6768
65 6768
67 6768
1 6770
3 6770
7 6770
9 6770
11 6770
13 6770
17 6770
19 6770
21 6770
23 6770
27 6770
29 6770
31 6770
33 6770
37 6770
39 6770
41 6770
43 6770
47 6770
49 6770
51 6770
53 6770
57 6770
59 6770
61 6770
63 6770
67 6770
1 6772
3 6772
5 6772
7 6772
9 6772
11 6772
13 6772
15 6772
17 6772
19 6772
21 6772
23 6772
25 6772
27 6772
29 6772
31 6772
33 6772
35 6772
37 6772
39 6772
41 6772
43 6772
45 6772
47 6772
49 6772
51 6772
53 6772
55 6772
57 6772
59 6772
61 6772
63 6772
65 6772
67 6772
1 6774
5 6774
7 6774
11 6774
13 6774
17 6774
19 6774
23 6774
25 6774
29 6774
31 6774
35 6774
37 6774
41 6774
43 6774
47 6774
49 6774
53 6774
55 6774
59 6774
61 6774
65 6774
67 6774
1 6776
3 6776
5 6776
9 6776
13 6776
15 6776
17 6776
19 6776
23 6776
25 6776
27 6776
29 6776
31 6776
37 6776
39 6776
41 6776
43 6776
45 6776
47 6776
51 6776
53 6776
57 6776
59 6776
61 6776
65 6776
67 6776
1 6778
3 6778
5 6778
7 6778
9 6778
11 6778
13 6778
15 6778
17 6778
19 6778
21 6778
23 6778
25 6778
27 6778
29 6778
31 6778
33 6778
35 6778
37 6778
39 6778
41 6778
43 6778
45 6778
47 6778
49 6778
51 6778
53 6778
55 6778
57 6778
59 6778
61 6778
63 6778
65 6778
67 6778
1 6780
7 6780
11 6780
13 6780
17 6780
19 6780
23 6780
29 6780
31 6780
37 6780
41 6780
43 6780
47 6780
49 6780
53 6780
59 6780
61 6780
67 6780
1 6782
3 6782
5 6782
7 6782
9 6782
11 6782
13 6782
15 6782
17 6782
19 6782
21 6782
23 6782
25 6782
27 6782
29 6782
31 6782
33 6782
35 6782
37 6782
39 6782
41 6782
43 6782
45 6782
47 6782
49 6782
51 6782
53 6782
55 6782
57 6782
59 6782
61 6782
63 6782
65 6782
67 6782
1 6784
3 6784
5 6784
7 6784
9 6784
11 6784
13 6784
15 6784
17 6784
19 6784
21 6784
23 6784
25 6784
27 6784
29 6784
31 6784
33 6784
35 6784
37 6784
39 6784
41 6784
43 6784
45 6784
47 6784
49 6784
51 6784
55 6784
57 6784
59 6784
61 6784
63 6784
65 6784
67 6784
1 6786
5 6786
7 6786
11 6786
17 6786
19 6786
23 6786
25 6786
31 6786
35 6786
37 6786
41 6786
43 6786
47 6786
49 6786
53 6786
55 6786
59 6786
61 6786
67 6786
1 6788
3 6788
5 6788
7 6788
9 6788
11 6788
13 6788
15 6788
17 6788
19 6788
21 6788
23 6788
25 6788
27 6788
29 6788
31 6788
33 6788
35 6788
37 6788
39 6788
41 6788
43 6788
45 6788
47 6788
49 6788
51 6788
53 6788
55 6788
57 6788
59 6788
61 6788
63 6788
65 6788
67 6788
1 6790
3 6790
9 6790
11 6790
13 6790
17 6790
19 6790
23 6790
27 6790
29 6790
31 6790
33 6790
37 6790
39 6790
41 6790
43 6790
47 6790
51 6790
53 6790
57 6790
59 6790
61 6790
67 6790
1 6792
5 6792
7 6792
11 6792
13 6792
17 6792
19 6792
23 6792
25 6792
29 6792
31 6792
35 6792
37 6792
41 6792
43 6792
47 6792
49 6792
53 6792
55 6792
59 6792
61 6792
65 6792
67 6792
1 6794
3 6794
5 6794
7 6794
9 6794
11 6794
13 6794
15 6794
17 6794
19 6794
21 6794
23 6794
25 6794
27 6794
29 6794
31 6794
33 6794
35 6794
37 6794
39 6794
41 6794
45 6794
47 6794
49 6794
51 6794
53 6794
55 6794
57 6794
59 6794
61 6794
63 6794
65 6794
67 6794
1 6796
3 6796
5 6796
7 6796
9 6796
11 6796
13 6796
15 6796
17 6796
19 6796
21 6796
23 6796
25 6796
27 6796
29 6796
31 6796
33 6796
35 6796
37 6796
39 6796
41 6796
43 6796
45 6796
47 6796
49 6796
51 6796
53 6796
55 6796
57 6796
59 6796
61 6796
63 6796
65 6796
67 6796
1 6798
5 6798
7 6798
13 6798
17 6798
19 6798
23 6798
25 6798
29 6798
31 6798
35 6798
37 6798
41 6798
43 6798
47 6798
49 6798
53 6798
59 6798
61 6798
65 6798
67 6798
1 6800
3 6800
7 6800
9 6800
11 6800
13 6800
19 6800
21 6800
23 6800
27 6800
29 6800
31 6800
33 6800
37 6800
39 6800
41 6800
43 6800
47 6800
49 6800
53 6800
57 6800
59 6800
61 6800
63 6800
67 6800
1 6802
3 6802
5 6802
7 6802
9 6802
11 6802
13 6802
15 6802
17 6802
21 6802
23 6802
25 6802
27 6802
29 6802
31 6802
33 6802
35 6802
37 6802
39 6802
41 6802
43 6802
45 6802
47 6802
49 6802
51 6802
53 6802
55 6802
59 6802
61 6802
63 6802
65 6802
67 6802
1 6804
5 6804
11 6804
13 6804
17 6804
19 6804
23 6804
25 6804
29 6804
31 6804
37 6804
41 6804
43 6804
47 6804
53 6804
55 6804
59 6804
61 6804
65 6804
67 6804
1 6806
3 6806
5 6806
7 6806
9 6806
11 6806
13 6806
15 6806
17 6806
19 6806
21 6806
23 6806
25 6806
27 6806
29 6806
31 6806
33 6806
35 6806
37 6806
39 6806
43 6806
45 6806
47 6806
49 6806
51 6806
53 6806
55 6806
57 6806
59 6806
61 6806
63 6806
65 6806
67 6806
1 6808
3 6808
5 6808
7 6808
9 6808
11 6808
13 6808
15 6808
17 6808
19 6808
21 6808
25 6808
27 6808
29 6808
31 6808
33 6808
35 6808
39 6808
41 6808
43 6808
45 6808
47 6808
49 6808
51 6808
53 6808
55 6808
57 6808
59 6808
61 6808
63 6808
65 6808
67 6808
1 6810
7 6810
11 6810
13 6810
17 6810
19 6810
23 6810
29 6810
31 6810
37 6810
41 6810
43 6810
47 6810
49 6810
53 6810
59 6810
61 6810
67 6810
1 6812
3 6812
5 6812
7 6812
9 6812
11 6812
15 6812
17 6812
19 6812
21 6812
23 6812
25 6812
27 6812
29 6812
31 6812
33 6812
35 6812
37 6812
41 6812
43 6812
45 6812
47 6812
49 6812
51 6812
53 6812
55 6812
57 6812
59 6812
61 6812
63 6812
67 6812
1 6814
3 6814
5 6814
7 6814
9 6814
11 6814
13 6814
15 6814
17 6814
19 6814
21 6814
23 6814
25 6814
27 6814
29 6814
31 6814
33 6814
35 6814
37 6814
39 6814
41 6814
43 6814
45 6814
47 6814
49 6814
51 6814
53 6814
55 6814
57 6814
59 6814
61 6814
63 6814
65 6814
67 6814
1 6816
5 6816
7 6816
11 6816
13 6816
17 6816
19 6816
23 6816
25 6816
29 6816
31 6816
35 6816
37 6816
41 6816
43 6816
47 6816
49 6816
53 6816
55 6816
59 6816
61 6816
65 6816
67 6816
1 6818
3 6818
5 6818
9 6818
11 6818
13 6818
15 6818
17 6818
19 6818
23 6818
25 6818
27 6818
29 6818
31 6818
33 6818
37 6818
39 6818
41 6818
43 6818
45 6818
47 6818
51 6818
53 6818
55 6818
57 6818
59 6818
61 6818
65 6818
67 6818
1 6820
3 6820
7 6820
9 6820
13 6820
17 6820
19 6820
21 6820
23 6820
27 6820
29 6820
37 6820
39 6820
41 6820
43 6820
47 6820
49 6820
51 6820
53 6820
57 6820
59 6820
61 6820
63 6820
67 6820
1 6822
5 6822
7 6822
11 6822
13 6822
17 6822
19 6822
23 6822
25 6822
29 6822
31 6822
35 6822
37 6822
41 6822
43 6822
47 6822
49 6822
53 6822
55 6822
59 6822
61 6822
65 6822
67 6822
1 6824
3 6824
5 6824
7 6824
9 6824
11 6824
13 6824
15 6824
17 6824
19 6824
21 6824
23 6824
25 6824
27 6824
29 6824
31 6824
33 6824
35 6824
37 6824
39 6824
41 6824
43 6824
45 6824
47 6824
49 6824
51 6824
53 6824
55 6824
57 6824
59 6824
61 6824
63 6824
65 6824
67 6824
1 6826
3 6826
5 6826
7 6826
9 6826
11 6826
13 6826
15 6826
17 6826
19 6826
21 6826
23 6826
25 6826
27 6826
29 6826
31 6826
33 6826
35 6826
37 6826
39 6826
41 6826
43 6826
45 6826
47 6826
49 6826
51 6826
53 6826
55 6826
57 6826
59 6826
61 6826
63 6826
65 6826
67 6826
1 6828
5 6828
7 6828
11 6828
13 6828
17 6828
19 6828
23 6828
25 6828
29 6828
31 6828
35 6828
37 6828
41 6828
43 6828
47 6828
49 6828
53 6828
55 6828
59 6828
61 6828
65 6828
67 6828
1 6830
3 6830
7 6830
9 6830
11 6830
13 6830
17 6830
19 6830
21 6830
23 6830
27 6830
29 6830
31 6830
33 6830
37 6830
39 6830
41 6830
43 6830
47 6830
49 6830
51 6830
53 6830
57 6830
59 6830
61 6830
63 6830
67 6830
1 6832
3 6832
5 6832
9 6832
11 6832
13 6832
15 6832
17 6832
19 6832
23 6832
25 6832
27 6832
29 6832
31 6832
33 6832
37 6832
39 6832
41 6832
43 6832
45 6832
47 6832
51 6832
53 6832
55 6832
57 6832
59 6832
65 6832
67 6832
1 6834
5 6834
7 6834
11 6834
13 6834
19 6834
23 6834
25 6834
29 6834
31 6834
35 6834
37 6834
41 6834
43 6834
47 6834
49 6834
53 6834
55 6834
59 6834
61 6834
65 6834
1 6836
3 6836
5 6836
7 6836
9 6836
11 6836
13 6836
15 6836
17 6836
19 6836
21 6836
23 6836
25 6836
27 6836
29 6836
31 6836
33 6836
35 6836
37 6836
39 6836
41 6836
43 6836
45 6836
47 6836
49 6836
51 6836
53 6836
55 6836
57 6836
59 6836
61 6836
63 6836
65 6836
67 6836
1 6838
3 6838
5 6838
7 6838
9 6838
11 6838
15 6838
17 6838
19 6838
21 6838
23 6838
25 6838
27 6838
29 6838
31 6838
33 6838
35 6838
37 6838
41 6838
43 6838
45 6838
47 6838
49 6838
51 6838
53 6838
55 6838
57 6838
59 6838
61 6838
63 6838
67 6838
1 6840
7 6840
11 6840
13 6840
17 6840
23 6840
29 6840
31 6840
37 6840
41 6840
43 6840
47 6840
49 6840
53 6840
59 6840
61 6840
67 6840
1 6842
3 6842
5 6842
7 6842
9 6842
13 6842
15 6842
17 6842
19 6842
21 6842
23 6842
25 6842
27 6842
29 6842
31 6842
35 6842
37 6842
39 6842
41 6842
43 6842
45 6842
47 6842
49 6842
51 6842
53 6842
57 6842
59 6842
61 6842
63 6842
65 6842
67 6842
1 6844
3 6844
5 6844
7 6844
9 6844
11 6844
13 6844
15 6844
17 6844
19 6844
21 6844
23 6844
25 6844
27 6844
31 6844
33 6844
35 6844
37 6844
39 6844
41 6844
43 6844
45 6844
47 6844
49 6844
51 6844
53 6844
55 6844
57 6844
61 6844
63 6844
65 6844
67 6844
1 6846
5 6846
11 6846
13 6846
17 6846
19 6846
23 6846
25 6846
29 6846
31 6846
37 6846
41 6846
43 6846
47 6846
53 6846
55 6846
59 6846
61 6846
65 6846
67 6846
1 6848
3 6848
5 6848
7 6848
9 6848
11 6848
13 6848
15 6848
17 6848
19 6848
21 6848
23 6848
25 6848
27 6848
29 6848
31 6848
33 6848
35 6848
37 6848
39 6848
41 6848
43 6848
45 6848
47 6848
49 6848
51 6848
53 6848
55 6848
57 6848
59 6848
61 6848
63 6848
65 6848
67 6848
1 6850
3 6850
7 6850
9 6850
11 6850
13 6850
17 6850
19 6850
21 6850
23 6850
27 6850
29 6850
31 6850
33 6850
37 6850
39 6850
41 6850
43 6850
47 6850
49 6850
51 6850
53 6850
57 6850
59 6850
61 6850
63 6850
67 6850
1 6852
5 6852
7 6852
11 6852
13 6852
17 6852
19 6852
23 6852
25 6852
29 6852
31 6852
35 6852
37 6852
41 6852
43 6852
47 6852
49 6852
53 6852
55 6852
59 6852
61 6852
65 6852
67 6852
1 6854
3 6854
5 6854
7 6854
9 6854
11 6854
13 6854
15 6854
17 6854
19 6854
21 6854
25 6854
27 6854
29 6854
31 6854
33 6854
35 6854
37 6854
39 6854
41 6854
43 6854
45 6854
47 6854
49 6854
51 6854
53 6854
55 6854
57 6854
59 6854
61 6854
63 6854
65 6854
67 6854
1 6856
3 6856
5 6856
7 6856
9 6856
11 6856
13 6856
15 6856
17 6856
19 6856
21 6856
23 6856
25 6856
27 6856
29 6856
31 6856
33 6856
35 6856
37 6856
39 6856
41 6856
43 6856
45 6856
47 6856
49 6856
51 6856
53 6856
55 6856
57 6856
59 6856
61 6856
63 6856
65 6856
67 6856
1 6858
5 6858
7 6858
11 6858
13 6858
17 6858
19 6858
23 6858
25 6858
29 6858
31 6858
35 6858
37 6858
41 6858
43 6858
47 6858
49 6858
53 6858
55 6858
59 6858
61 6858
65 6858
67 6858
1 6860
3 6860
9 6860
11 6860
13 6860
17 6860
19 6860
23 6860
27 6860
29 6860
31 6860
33 6860
37 6860
39 6860
41 6860
43 6860
47 6860
51 6860
53 6860
57 6860
59 6860
61 6860
67 6860
1 6862
3 6862
5 6862
7 6862
9 6862
11 6862
13 6862
15 6862
17 6862
19 6862
21 6862
23 6862
25 6862
27 6862
29 6862
31 6862
33 6862
35 6862
37 6862
39 6862
41 6862
43 6862
45 6862
49 6862
51 6862
53 6862
55 6862
57 6862
59 6862
61 6862
63 6862
65 6862
67 6862
1 6864
5 6864
7 6864
17 6864
19 6864
23 6864
25 6864
29 6864
31 6864
35 6864
37 6864
41 6864
43 6864
47 6864
49 6864
53 6864
59 6864
61 6864
67 6864
1 6866
3 6866
5 6866
7 6866
9 6866
11 6866
13 6866
15 6866
17 6866
19 6866
21 6866
23 6866
25 6866
27 6866
29 6866
31 6866
33 6866
35 6866
37 6866
39 6866
41 6866
43 6866
45 6866
47 6866
49 6866
51 6866
53 6866
55 6866
57 6866
59 6866
61 6866
63 6866
65 6866
67 6866
1 6868
3 6868
5 6868
7 6868
9 6868
11 6868
13 6868
15 6868
19 6868
21 6868
23 6868
25 6868
27 6868
29 6868
31 6868
33 6868
35 6868
37 6868
39 6868
41 6868
43 6868
45 6868
47 6868
49 6868
53 6868
55 6868
57 6868
59 6868
61 6868
63 6868
65 6868
67 6868
1 6870
7 6870
11 6870
13 6870
17 6870
19 6870
23 6870
29 6870
31 6870
37 6870
41 6870
43 6870
47 6870
49 6870
53 6870
59 6870
61 6870
67 6870
1 6872
3 6872
5 6872
7 6872
9 6872
11 6872
13 6872
15 6872
17 6872
19 6872
21 6872
23 6872
25 6872
27 6872
29 6872
31 6872
33 6872
35 6872
37 6872
39 6872
41 6872
43 6872
45 6872
47 6872
49 6872
51 6872
53 6872
55 6872
57 6872
59 6872
61 6872
63 6872
65 6872
67 6872
1 6874
3 6874
5 6874
9 6874
11 6874
13 6874
15 6874
17 6874
19 6874
23 6874
25 6874
27 6874
29 6874
31 6874
33 6874
37 6874
39 6874
41 6874
43 6874
45 6874
47 6874
51 6874
53 6874
55 6874
57 6874
59 6874
61 6874
65 6874
67 6874
1 6876
5 6876
7 6876
11 6876
13 6876
17 6876
19 6876
23 6876
25 6876
29 6876
31 6876
35 6876
37 6876
41 6876
43 6876
47 6876
49 6876
53 6876
55 6876
59 6876
61 6876
65 6876
67 6876
1 6878
3 6878
5 6878
7 6878
9 6878
11 6878
13 6878
15 6878
17 6878
21 6878
23 6878
25 6878
27 6878
29 6878
31 6878
33 6878
35 6878
37 6878
39 6878
41 6878
43 6878
45 6878
47 6878
49 6878
51 6878
53 6878
55 6878
59 6878
61 6878
63 6878
65 6878
67 6878
1 6880
3 6880
7 6880
9 6880
11 6880
13 6880
17 6880
19 6880
21 6880
23 6880
27 6880
29 6880
31 6880
33 6880
37 6880
39 6880
41 6880
47 6880
49 6880
51 6880
53 6880
57 6880
59 6880
61 6880
63 6880
67 6880
1 6882
5 6882
7 6882
11 6882
13 6882
17 6882
19 6882
23 6882
25 6882
29 6882
35 6882
41 6882
43 6882
47 6882
49 6882
53 6882
55 6882
59 6882
61 6882
65 6882
67 6882
1 6884
3 6884
5 6884
7 6884
9 6884
11 6884
13 6884
15 6884
17 6884
19 6884
21 6884
23 6884
25 6884
27 6884
29 6884
31 6884
33 6884
35 6884
37 6884
39 6884
41 6884
43 6884
45 6884
47 6884
49 6884
51 6884
53 6884
55 6884
57 6884
59 6884
61 6884
63 6884
65 6884
67 6884
1 6886
3 6886
5 6886
7 6886
9 6886
13 6886
15 6886
17 6886
19 6886
21 6886
23 6886
25 6886
27 6886
29 6886
31 6886
35 6886
37 6886
39 6886
41 6886
43 6886
45 6886
47 6886
49 6886
51 6886
53 6886
57 6886
59 6886
61 6886
63 6886
65 6886
67 6886
1 6888
5 6888
11 6888
13 6888
17 6888
19 6888
23 6888
25 6888
29 6888
31 6888
37 6888
43 6888
47 6888
53 6888
55 6888
59 6888
61 6888
65 6888
67 6888
1 6890
3 6890
7 6890
9 6890
11 6890
17 6890
19 6890
21 6890
23 6890
27 6890
29 6890
31 6890
33 6890
37 6890
41 6890
43 6890
47 6890
49 6890
51 6890
57 6890
59 6890
61 6890
63 6890
67 6890
1 6892
3 6892
5 6892
7 6892
9 6892
11 6892
13 6892
15 6892
17 6892
19 6892
21 6892
23 6892
25 6892
27 6892
29 6892
31 6892
33 6892
35 6892
37 6892
39 6892
41 6892
43 6892
45 6892
47 6892
49 6892
51 6892
53 6892
55 6892
57 6892
59 6892
61 6892
63 6892
65 6892
67 6892
1 6894
5 6894
7 6894
11 6894
13 6894
17 6894
19 6894
23 6894
25 6894
29 6894
31 6894
35 6894
37 6894
41 6894
43 6894
47 6894
49 6894
53 6894
55 6894
59 6894
61 6894
65 6894
67 6894
1 6896
3 6896
5 6896
7 6896
9 6896
11 6896
13 6896
15 6896
17 6896
19 6896
21 6896
23 6896
25 6896
27 6896
29 6896
31 6896
33 6896
35 6896
37 6896
39 6896
41 6896
43 6896
45 6896
47 6896
49 6896
51 6896
53 6896
55 6896
57 6896
59 6896
61 6896
63 6896
65 6896
67 6896
1 6898
3 6898
5 6898
7 6898
9 6898
11 6898
13 6898
15 6898
17 6898
19 6898
21 6898
23 6898
25 6898
27 6898
29 6898
31 6898
33 6898
35 6898
37 6898
39 6898
41 6898
43 6898
45 6898
47 6898
49 6898
51 6898
53 6898
55 6898
57 6898
59 6898
61 6898
63 6898
65 6898
67 6898
1 6900
7 6900
11 6900
13 6900
17 6900
19 6900
29 6900
31 6900
37 6900
41 6900
43 6900
47 6900
49 6900
53 6900
59 6900
61 6900
67 6900
1 6902
3 6902
5 6902
9 6902
11 6902
13 6902
15 6902
19 6902
23 6902
25 6902
27 6902
31 6902
33 6902
37 6902
39 6902
41 6902
43 6902
45 6902
47 6902
53 6902
55 6902
57 6902
59 6902
61 6902
65 6902
67 6902
69 6902
1 6904
3 6904
5 6904
7 6904
9 6904
11 6904
13 6904
15 6904
17 6904
19 6904
21 6904
23 6904
25 6904
27 6904
29 6904
31 6904
33 6904
35 6904
37 6904
39 6904
41 6904
43 6904
45 6904
47 6904
49 6904
51 6904
53 6904
55 6904
57 6904
59 6904
61 6904
63 6904
65 6904
67 6904
69 6904
1 6906
5 6906
7 6906
11 6906
13 6906
17 6906
19 6906
23 6906
25 6906
29 6906
31 6906
35 6906
37 6906
41 6906
43 6906
47 6906
49 6906
53 6906
55 6906
59 6906
61 6906
65 6906
67 6906
1 6908
3 6908
5 6908
7 6908
9 6908
13 6908
15 6908
17 6908
19 6908
21 6908
23 6908
25 6908
27 6908
29 6908
31 6908
35 6908
37 6908
39 6908
41 6908
43 6908
45 6908
47 6908
49 6908
51 6908
53 6908
57 6908
59 6908
61 6908
63 6908
65 6908
67 6908
69 6908
1 6910
3 6910
7 6910
9 6910
11 6910
13 6910
17 6910
19 6910
21 6910
23 6910
27 6910
29 6910
31 6910
33 6910
37 6910
39 6910
41 6910
43 6910
47 6910
49 6910
51 6910
53 6910
57 6910
59 6910
61 6910
63 6910
67 6910
69 6910
1 6912
5 6912
7 6912
11 6912
13 6912
17 6912
19 6912
23 6912
25 6912
29 6912
31 6912
35 6912
37 6912
41 6912
43 6912
47 6912
49 6912
53 6912
55 6912
59 6912
61 6912
65 6912
67 6912
1 6914
3 6914
5 6914
7 6914
9 6914
11 6914
13 6914
15 6914
17 6914
19 6914
21 6914
23 6914
25 6914
27 6914
29 6914
31 6914
33 6914
35 6914
37 6914
39 6914
41 6914
43 6914
45 6914
47 6914
49 6914
51 6914
53 6914
55 6914
57 6914
59 6914
61 6914
63 6914
65 6914
67 6914
69 6914
1 6916
3 6916
5 6916
9 6916
11 6916
15 6916
17 6916
23 6916
25 6916
27 6916
29 6916
31 6916
33 6916
37 6916
41 6916
43 6916
45 6916
47 6916
51 6916
53 6916
55 6916
59 6916
61 6916
67 6916
69 6916
1 6918
5 6918
7 6918
11 6918
13 6918
17 6918
19 6918
23 6918
25 6918
29 6918
31 6918
35 6918
37 6918
41 6918
43 6918
47 6918
49 6918
53 6918
55 6918
59 6918
61 6918
65 6918
67 6918
1 6920
3 6920
7 6920
9 6920
11 6920
13 6920
17 6920
19 6920
21 6920
23 6920
27 6920
29 6920
31 6920
33 6920
37 6920
39 6920
41 6920
43 6920
47 6920
49 6920
51 6920
53 6920
57 6920
59 6920
61 6920
63 6920
67 6920
69 6920
1 6922
3 6922
5 6922
7 6922
9 6922
11 6922
13 6922
15 6922
17 6922
19 6922
21 6922
23 6922
25 6922
27 6922
29 6922
31 6922
33 6922
35 6922
37 6922
39 6922
41 6922
43 6922
45 6922
47 6922
49 6922
51 6922
53 6922
55 6922
57 6922
59 6922
61 6922
63 6922
65 6922
67 6922
69 6922
1 6924
5 6924
7 6924
11 6924
13 6924
17 6924
19 6924
23 6924
25 6924
29 6924
31 6924
35 6924
37 6924
41 6924
43 6924
47 6924
49 6924
53 6924
55 6924
59 6924
61 6924
65 6924
67 6924
1 6926
3 6926
5 6926
7 6926
9 6926
11 6926
13 6926
15 6926
17 6926
19 6926
21 6926
23 6926
25 6926
27 6926
29 6926
31 6926
33 6926
35 6926
37 6926
39 6926
41 6926
43 6926
45 6926
47 6926
49 6926
51 6926
53 6926
55 6926
57 6926
59 6926
61 6926
63 6926
65 6926
67 6926
69 6926
1 6928
3 6928
5 6928
7 6928
9 6928
11 6928
13 6928
15 6928
17 6928
19 6928
21 6928
23 6928
25 6928
27 6928
29 6928
31 6928
33 6928
35 6928
37 6928
39 6928
41 6928
43 6928
45 6928
47 6928
49 6928
51 6928
53 6928
55 6928
57 6928
59 6928
61 6928
63 6928
65 6928
67 6928
69 6928
1 6930
13 6930
17 6930
19 6930
23 6930
29 6930
31 6930
37 6930
41 6930
43 6930
47 6930
53 6930
59 6930
61 6930
67 6930
1 6932
3 6932
5 6932
7 6932
9 6932
11 6932
13 6932
15 6932
17 6932
19 6932
21 6932
23 6932
25 6932
27 6932
29 6932
31 6932
33 6932
35 6932
37 6932
39 6932
41 6932
43 6932
45 6932
47 6932
49 6932
51 6932
53 6932
55 6932
57 6932
59 6932
61 6932
63 6932
65 6932
67 6932
69 6932
1 6934
3 6934
5 6934
7 6934
9 6934
11 6934
13 6934
15 6934
17 6934
19 6934
21 6934
23 6934
25 6934
27 6934
29 6934
31 6934
33 6934
35 6934
37 6934
39 6934
41 6934
43 6934
45 6934
47 6934
49 6934
51 6934
53 6934
55 6934
57 6934
59 6934
61 6934
63 6934
65 6934
67 6934
69 6934
1 6936
5 6936
7 6936
11 6936
13 6936
19 6936
23 6936
25 6936
29 6936
31 6936
35 6936
37 6936
41 6936
43 6936
47 6936
49 6936
53 6936
55 6936
59 6936
61 6936
65 6936
67 6936
1 6938
3 6938
5 6938
7 6938
9 6938
11 6938
13 6938
15 6938
17 6938
19 6938
21 6938
23 6938
25 6938
27 6938
29 6938
31 6938
33 6938
35 6938
37 6938
39 6938
41 6938
43 6938
45 6938
47 6938
49 6938
51 6938
53 6938
55 6938
57 6938
59 6938
61 6938
63 6938
65 6938
67 6938
69 6938
1 6940
3 6940
7 6940
9 6940
11 6940
13 6940
17 6940
19 6940
21 6940
23 6940
27 6940
29 6940
31 6940
33 6940
37 6940
39 6940
41 6940
43 6940
47 6940
49 6940
51 6940
53 6940
57 6940
59 6940
61 6940
63 6940
67 6940
69 6940
1 6942
5 6942
7 6942
11 6942
17 6942
19 6942
23 6942
25 6942
29 6942
31 6942
35 6942
37 6942
41 6942
43 6942
47 6942
49 6942
53 6942
55 6942
59 6942
61 6942
67 6942
1 6944
3 6944
5 6944
9 6944
11 6944
13 6944
15 6944
17 6944
19 6944
23 6944
25 6944
27 6944
29 6944
33 6944
37 6944
39 6944
41 6944
43 6944
45 6944
47 6944
51 6944
53 6944
55 6944
57 6944
59 6944
61 6944
65 6944
67 6944
69 6944
1 6946
3 6946
5 6946
7 6946
9 6946
11 6946
13 6946
15 6946
17 6946
19 6946
21 6946
25 6946
27 6946
29 6946
31 6946
33 6946
35 6946
37 6946
39 6946
41 6946
43 6946
45 6946
47 6946
49 6946
51 6946
53 6946
55 6946
57 6946
59 6946
61 6946
63 6946
65 6946
67 6946
1 6948
5 6948
7 6948
11 6948
13 6948
17 6948
19 6948
23 6948
25 6948
29 6948
31 6948
35 6948
37 6948
41 6948
43 6948
47 6948
49 6948
53 6948
55 6948
59 6948
61 6948
65 6948
67 6948
1 6950
3 6950
7 6950
9 6950
11 6950
13 6950
17 6950
19 6950
21 6950
23 6950
27 6950
29 6950
31 6950
33 6950
37 6950
39 6950
41 6950
43 6950
47 6950
49 6950
51 6950
53 6950
57 6950
59 6950
61 6950
63 6950
67 6950
69 6950
1 6952
3 6952
5 6952
7 6952
9 6952
13 6952
15 6952
17 6952
19 6952
21 6952
23 6952
25 6952
27 6952
29 6952
31 6952
35 6952
37 6952
39 6952
41 6952
43 6952
45 6952
47 6952
49 6952
51 6952
53 6952
57 6952
59 6952
61 6952
63 6952
65 6952
67 6952
69 6952
1 6954
5 6954
7 6954
11 6954
13 6954
17 6954
23 6954
25 6954
29 6954
31 6954
35 6954
37 6954
41 6954
43 6954
47 6954
49 6954
53 6954
55 6954
59 6954
65 6954
67 6954
1 6956
3 6956
5 6956
7 6956
9 6956
11 6956
13 6956
15 6956
17 6956
19 6956
21 6956
23 6956
25 6956
27 6956
29 6956
31 6956
33 6956
35 6956
39 6956
41 6956
43 6956
45 6956
49 6956
51 6956
53 6956
55 6956
57 6956
59 6956
61 6956
63 6956
65 6956
67 6956
69 6956
1 6958
3 6958
5 6958
9 6958
11 6958
13 6958
15 6958
17 6958
19 6958
23 6958
25 6958
27 6958
29 6958
31 6958
33 6958
37 6958
39 6958
41 6958
43 6958
45 6958
47 6958
51 6958
53 6958
55 6958
57 6958
59 6958
61 6958
65 6958
67 6958
69 6958
1 6960
7 6960
11 6960
13 6960
17 6960
19 6960
23 6960
31 6960
37 6960
41 6960
43 6960
47 6960
49 6960
53 6960
59 6960
61 6960
67 6960
1 6962
3 6962
5 6962
7 6962
9 6962
11 6962
13 6962
15 6962
17 6962
19 6962
21 6962
23 6962
25 6962
27 6962
29 6962
31 6962
33 6962
35 6962
37 6962
39 6962
41 6962
43 6962
45 6962
47 6962
49 6962
51 6962
53 6962
55 6962
57 6962
61 6962
63 6962
65 6962
67 6962
69 6962
1 6964
3 6964
5 6964
7 6964
9 6964
11 6964
13 6964
15 6964
17 6964
19 6964
21 6964
23 6964
25 6964
27 6964
29 6964
31 6964
33 6964
35 6964
37 6964
39 6964
41 6964
43 6964
45 6964
47 6964
49 6964
51 6964
53 6964
55 6964
57 6964
59 6964
61 6964
63 6964
65 6964
67 6964
69 6964
1 6966
5 6966
7 6966
11 6966
13 6966
17 6966
19 6966
23 6966
25 6966
29 6966
31 6966
35 6966
37 6966
41 6966
47 6966
49 6966
53 6966
55 6966
59 6966
61 6966
65 6966
67 6966
1 6968
3 6968
5 6968
7 6968
9 6968
11 6968
15 6968
17 6968
19 6968
21 6968
23 6968
25 6968
27 6968
29 6968
31 6968
33 6968
35 6968
37 6968
41 6968
43 6968
45 6968
47 6968
49 6968
51 6968
53 6968
55 6968
57 6968
59 6968
61 6968
63 6968
69 6968
1 6970
3 6970
7 6970
9 6970
11 6970
13 6970
19 6970
21 6970
23 6970
27 6970
29 6970
31 6970
33 6970
37 6970
39 6970
43 6970
47 6970
49 6970
53 6970
57 6970
59 6970
61 6970
63 6970
67 6970
69 6970
1 6972
5 6972
11 6972
13 6972
17 6972
19 6972
23 6972
25 6972
29 6972
31 6972
37 6972
41 6972
43 6972
47 6972
53 6972
55 6972
59 6972
61 6972
65 6972
67 6972
1 6974
3 6974
5 6974
7 6974
9 6974
13 6974
15 6974
17 6974
19 6974
21 6974
23 6974
25 6974
27 6974
29 6974
31 6974
35 6974
37 6974
39 6974
41 6974
43 6974
45 6974
47 6974
49 6974
51 6974
53 6974
57 6974
59 6974
61 6974
63 6974
65 6974
67 6974
69 6974
1 6976
3 6976
5 6976
7 6976
9 6976
11 6976
13 6976
15 6976
17 6976
19 6976
21 6976
23 6976
25 6976
27 6976
29 6976
31 6976
33 6976
35 6976
37 6976
39 6976
41 6976
43 6976
45 6976
47 6976
49 6976
51 6976
53 6976
55 6976
57 6976
59 6976
61 6976
63 6976
65 6976
67 6976
69 6976
1 6978
5 6978
7 6978
11 6978
13 6978
17 6978
19 6978
23 6978
25 6978
29 6978
31 6978
35 6978
37 6978
41 6978
43 6978
47 6978
49 6978
53 6978
55 6978
59 6978
61 6978
65 6978
67 6978
1 6980
3 6980
7 6980
9 6980
11 6980
13 6980
17 6980
19 6980
21 6980
23 6980
27 6980
29 6980
31 6980
33 6980
37 6980
39 6980
41 6980
43 6980
47 6980
49 6980
51 6980
53 6980
57 6980
59 6980
61 6980
63 6980
67 6980
69 6980
1 6982
3 6982
5 6982
7 6982
9 6982
11 6982
13 6982
15 6982
17 6982
19 6982
21 6982
23 6982
25 6982
27 6982
29 6982
31 6982
33 6982
35 6982
37 6982
39 6982
41 6982
43 6982
45 6982
47 6982
49 6982
51 6982
53 6982
55 6982
57 6982
59 6982
61 6982
63 6982
65 6982
67 6982
69 6982
1 6984
5 6984
7 6984
11 6984
13 6984
17 6984
19 6984
23 6984
25 6984
29 6984
31 6984
35 6984
37 6984
41 6984
43 6984
47 6984
49 6984
53 6984
55 6984
59 6984
61 6984
65 6984
67 6984
1 6986
3 6986
5 6986
9 6986
11 6986
13 6986
15 6986
17 6986
19 6986
23 6986
25 6986
27 6986
29 6986
31 6986
33 6986
37 6986
39 6986
41 6986
43 6986
45 6986
47 6986
51 6986
53 6986
55 6986
57 6986
59 6986
61 6986
65 6986
67 6986
69 6986
1 6988
3 6988
5 6988
7 6988
9 6988
11 6988
13 6988
15 6988
17 6988
19 6988
21 6988
23 6988
25 6988
27 6988
29 6988
31 6988
33 6988
35 6988
37 6988
39 6988
41 6988
43 6988
45 6988
47 6988
49 6988
51 6988
53 6988
55 6988
57 6988
59 6988
61 6988
63 6988
65 6988
67 6988
69 6988
1 6990
7 6990
11 6990
13 6990
17 6990
19 6990
23 6990
29 6990
31 6990
37 6990
41 6990
43 6990
47 6990
49 6990
53 6990
59 6990
61 6990
67 6990
1 6992
3 6992
5 6992
7 6992
9 6992
11 6992
13 6992
15 6992
17 6992
21 6992
25 6992
27 6992
29 6992
31 6992
33 6992
35 6992
37 6992
39 6992
41 6992
43 6992
45 6992
47 6992
49 6992
51 6992
53 6992
55 6992
59 6992
61 6992
63 6992
65 6992
67 6992
1 6994
3 6994
5 6994
7 6994
9 6994
11 6994
15 6994
17 6994
19 6994
21 6994
23 6994
25 6994
27 6994
29 6994
31 6994
33 6994
35 6994
37 6994
41 6994
43 6994
45 6994
47 6994
49 6994
51 6994
53 6994
55 6994
57 6994
59 6994
61 6994
63 6994
67 6994
69 6994
1 6996
5 6996
7 6996
13 6996
17 6996
19 6996
23 6996
25 6996
29 6996
31 6996
35 6996
37 6996
41 6996
43 6996
47 6996
49 6996
59 6996
61 6996
65 6996
67 6996
1 6998
3 6998
5 6998
7 6998
9 6998
11 6998
13 6998
15 6998
17 6998
19 6998
21 6998
23 6998
25 6998
27 6998
29 6998
31 6998
33 6998
35 6998
37 6998
39 6998
41 6998
43 6998
45 6998
47 6998
49 6998
51 6998
53 6998
55 6998
57 6998
59 6998
61 6998
63 6998
65 6998
67 6998
69 6998
1 7000
3 7000
9 7000
11 7000
13 7000
17 7000
19 7000
23 7000
27 7000
29 7000
31 7000
33 7000
37 7000
39 7000
41 7000
43 7000
47 7000
51 7000
53 7000
57 7000
59 7000
61 7000
67 7000
69 7000
1 7002
5 7002
7 7002
11 7002
13 7002
17 7002
19 7002
23 7002
25 7002
29 7002
31 7002
35 7002
37 7002
41 7002
43 7002
47 7002
49 7002
53 7002
55 7002
59 7002
61 7002
65 7002
67 7002
1 7004
3 7004
5 7004
7 7004
9 7004
11 7004
13 7004
15 7004
19 7004
21 7004
23 7004
25 7004
27 7004
29 7004
31 7004
33 7004
35 7004
37 7004
39 7004
41 7004
43 7004
45 7004
47 7004
49 7004
53 7004
55 7004
57 7004
59 7004
61 7004
63 7004
65 7004
67 7004
69 7004
1 7006
3 7006
5 7006
7 7006
9 7006
11 7006
13 7006
15 7006
17 7006
19 7006
21 7006
23 7006
25 7006
27 7006
29 7006
33 7006
35 7006
37 7006
39 7006
41 7006
43 7006
45 7006
47 7006
49 7006
51 7006
53 7006
55 7006
57 7006
59 7006
61 7006
63 7006
65 7006
67 7006
69 7006
1 7008
5 7008
7 7008
11 7008
13 7008
17 7008
19 7008
23 7008
25 7008
29 7008
31 7008
35 7008
37 7008
41 7008
43 7008
47 7008
49 7008
53 7008
55 7008
59 7008
61 7008
65 7008
67 7008
1 7010
3 7010
7 7010
9 7010
11 7010
13 7010
17 7010
19 7010
21 7010
23 7010
27 7010
29 7010
31 7010
33 7010
37 7010
39 7010
41 7010
43 7010
47 7010
49 7010
51 7010
53 7010
57 7010
59 7010
61 7010
63 7010
67 7010
69 7010
1 7012
3 7012
5 7012
7 7012
9 7012
11 7012
13 7012
15 7012
17 7012
19 7012
21 7012
23 7012
25 7012
27 7012
29 7012
31 7012
33 7012
35 7012
37 7012
39 7012
41 7012
43 7012
45 7012
47 7012
49 7012
51 7012
53 7012
55 7012
57 7012
59 7012
61 7012
63 7012
65 7012
67 7012
69 7012
1 7014
5 7014
11 7014
13 7014
17 7014
19 7014
23 7014
25 7014
29 7014
31 7014
37 7014
41 7014
43 7014
47 7014
53 7014
55 7014
59 7014
61 7014
65 7014
67 7014
1 7016
3 7016
5 7016
7 7016
9 7016
11 7016
13 7016
15 7016
17 7016
19 7016
21 7016
23 7016
25 7016
27 7016
29 7016
31 7016
33 7016
35 7016
37 7016
39 7016
41 7016
43 7016
45 7016
47 7016
49 7016
51 7016
53 7016
55 7016
57 7016
59 7016
61 7016
63 7016
65 7016
67 7016
69 7016
1 7018
3 7018
5 7018
7 7018
9 7018
13 7018
15 7018
17 7018
19 7018
21 7018
23 7018
25 7018
27 7018
31 7018
35 7018
37 7018
39 7018
41 7018
43 7018
45 7018
47 7018
49 7018
51 7018
53 7018
57 7018
59 7018
61 7018
63 7018
65 7018
67 7018
69 7018
1 7020
7 7020
11 7020
17 7020
19 7020
23 7020
29 7020
31 7020
37 7020
41 7020
43 7020
47 7020
49 7020
53 7020
59 7020
61 7020
67 7020
1 7022
3 7022
5 7022
7 7022
9 7022
11 7022
13 7022
15 7022
17 7022
19 7022
21 7022
23 7022
25 7022
27 7022
29 7022
31 7022
33 7022
35 7022
37 7022
39 7022
41 7022
43 7022
45 7022
47 7022
49 7022
51 7022
53 7022
55 7022
57 7022
59 7022
61 7022
63 7022
65 7022
67 7022
69 7022
1 7024
3 7024
5 7024
7 7024
9 7024
11 7024
13 7024
15 7024
17 7024
19 7024
21 7024
23 7024
25 7024
27 7024
29 7024
31 7024
33 7024
35 7024
37 7024
39 7024
41 7024
43 7024
45 7024
47 7024
49 7024
51 7024
53 7024
55 7024
57 7024
59 7024
61 7024
63 7024
65 7024
67 7024
69 7024
1 7026
5 7026
7 7026
11 7026
13 7026
17 7026
19 7026
23 7026
25 7026
29 7026
31 7026
35 7026
37 7026
41 7026
43 7026
47 7026
49 7026
53 7026
55 7026
59 7026
61 7026
65 7026
67 7026
1 7028
3 7028
5 7028
9 7028
11 7028
13 7028
15 7028
17 7028
19 7028
23 7028
25 7028
27 7028
29 7028
31 7028
33 7028
37 7028
39 7028
41 7028
43 7028
45 7028
47 7028
51 7028
53 7028
55 7028
57 7028
59 7028
61 7028
65 7028
67 7028
69 7028
1 7030
3 7030
7 7030
9 7030
11 7030
13 7030
17 7030
21 7030
23 7030
27 7030
29 7030
31 7030
33 7030
39 7030
41 7030
43 7030
47 7030
49 7030
51 7030
53 7030
59 7030
61 7030
63 7030
67 7030
69 7030
1 7032
5 7032
7 7032
11 7032
13 7032
17 7032
19 7032
23 7032
25 7032
29 7032
31 7032
35 7032
37 7032
41 7032
43 7032
47 7032
49 7032
53 7032
55 7032
59 7032
61 7032
65 7032
67 7032
1 7034
3 7034
5 7034
7 7034
9 7034
11 7034
13 7034
15 7034
17 7034
19 7034
21 7034
23 7034
25 7034
27 7034
29 7034
31 7034
33 7034
35 7034
37 7034
39 7034
41 7034
43 7034
45 7034
47 7034
49 7034
51 7034
53 7034
55 7034
57 7034
59 7034
61 7034
63 7034
65 7034
67 7034
69 7034
1 7036
3 7036
5 7036
7 7036
9 7036
11 7036
13 7036
15 7036
17 7036
19 7036
21 7036
23 7036
25 7036
27 7036
29 7036
31 7036
33 7036
35 7036
37 7036
39 7036
41 7036
43 7036
45 7036
47 7036
49 7036
51 7036
53 7036
55 7036
57 7036
59 7036
61 7036
63 7036
65 7036
67 7036
69 7036
1 7038
5 7038
7 7038
11 7038
13 7038
19 7038
25 7038
29 7038
31 7038
35 7038
37 7038
41 7038
43 7038
47 7038
49 7038
53 7038
55 7038
59 7038
61 7038
65 7038
67 7038
1 7040
3 7040
7 7040
9 7040
13 7040
17 7040
19 7040
21 7040
23 7040
27 7040
29 7040
31 7040
37 7040
39 7040
41 7040
43 7040
47 7040
49 7040
51 7040
53 7040
57 7040
59 7040
61 7040
63 7040
67 7040
69 7040
1 7042
3 7042
5 7042
9 7042
11 7042
13 7042
15 7042
17 7042
19 7042
23 7042
25 7042
27 7042
29 7042
31 7042
33 7042
37 7042
39 7042
41 7042
43 7042
45 7042
47 7042
51 7042
53 7042
55 7042
57 7042
59 7042
61 7042
65 7042
67 7042
69 7042
1 7044
5 7044
7 7044
11 7044
13 7044
17 7044
19 7044
23 7044
25 7044
29 7044
31 7044
35 7044
37 7044
41 7044
43 7044
47 7044
49 7044
53 7044
55 7044
59 7044
61 7044
65 7044
67 7044
1 7046
3 7046
5 7046
7 7046
9 7046
11 7046
15 7046
17 7046
19 7046
21 7046
23 7046
25 7046
27 7046
29 7046
31 7046
33 7046
35 7046
37 7046
41 7046
43 7046
45 7046
47 7046
49 7046
51 7046
53 7046
55 7046
57 7046
59 7046
61 7046
63 7046
67 7046
69 7046
1 7048
3 7048
5 7048
7 7048
9 7048
11 7048
13 7048
15 7048
17 7048
19 7048
21 7048
23 7048
25 7048
27 7048
29 7048
31 7048
33 7048
35 7048
37 7048
39 7048
41 7048
43 7048
45 7048
47 7048
49 7048
51 7048
53 7048
55 7048
57 7048
59 7048
61 7048
63 7048
65 7048
67 7048
69 7048
1 7050
7 7050
11 7050
13 7050
17 7050
19 7050
23 7050
29 7050
31 7050
37 7050
41 7050
43 7050
49 7050
53 7050
59 7050
61 7050
67 7050
1 7052
3 7052
5 7052
7 7052
9 7052
11 7052
13 7052
15 7052
17 7052
19 7052
21 7052
23 7052
25 7052
27 7052
29 7052
31 7052
33 7052
35 7052
37 7052
39 7052
45 7052
47 7052
49 7052
51 7052
53 7052
55 7052
57 7052
59 7052
61 7052
63 7052
65 7052
67 7052
69 7052
1 7054
3 7054
5 7054
7 7054
9 7054
11 7054
13 7054
15 7054
17 7054
19 7054
21 7054
23 7054
25 7054
27 7054
29 7054
31 7054
33 7054
35 7054
37 7054
39 7054
41 7054
43 7054
45 7054
47 7054
49 7054
51 7054
53 7054
55 7054
57 7054
59 7054
61 7054
63 7054
65 7054
67 7054
69 7054
1 7056
5 7056
11 7056
13 7056
17 7056
19 7056
23 7056
25 7056
29 7056
31 7056
37 7056
41 7056
43 7056
47 7056
53 7056
55 7056
59 7056
61 7056
65 7056
67 7056
1 7058
3 7058
5 7058
7 7058
9 7058
11 7058
13 7058
15 7058
17 7058
19 7058
21 7058
23 7058
25 7058
27 7058
29 7058
31 7058
33 7058
35 7058
37 7058
39 7058
41 7058
43 7058
45 7058
47 7058
49 7058
51 7058
53 7058
55 7058
57 7058
59 7058
61 7058
63 7058
65 7058
67 7058
69 7058
1 7060
3 7060
7 7060
9 7060
11 7060
13 7060
17 7060
19 7060
21 7060
23 7060
27 7060
29 7060
31 7060
33 7060
37 7060
39 7060
41 7060
43 7060
47 7060
49 7060
51 7060
53 7060
57 7060
59 7060
61 7060
63 7060
67 7060
69 7060
1 7062
5 7062
7 7062
13 7062
17 7062
19 7062
23 7062
25 7062
29 7062
31 7062
35 7062
37 7062
41 7062
43 7062
47 7062
49 7062
53 7062
59 7062
61 7062
65 7062
67 7062
1 7064
3 7064
5 7064
7 7064
9 7064
11 7064
13 7064
15 7064
17 7064
19 7064
21 7064
23 7064
25 7064
27 7064
29 7064
31 7064
33 7064
35 7064
37 7064
39 7064
41 7064
43 7064
45 7064
47 7064
49 7064
51 7064
53 7064
55 7064
57 7064
59 7064
61 7064
63 7064
65 7064
67 7064
69 7064
1 7066
3 7066
5 7066
7 7066
9 7066
11 7066
13 7066
15 7066
17 7066
19 7066
21 7066
23 7066
25 7066
27 7066
29 7066
31 7066
33 7066
35 7066
37 7066
39 7066
41 7066
43 7066
45 7066
47 7066
49 7066
51 7066
53 7066
55 7066
57 7066
59 7066
61 7066
63 7066
65 7066
67 7066
69 7066
1 7068
5 7068
7 7068
11 7068
13 7068
17 7068
23 7068
25 7068
29 7068
35 7068
37 7068
41 7068
43 7068
47 7068
49 7068
53 7068
55 7068
59 7068
61 7068
65 7068
67 7068
1 7070
3 7070
9 7070
11 7070
13 7070
17 7070
19 7070
23 7070
27 7070
29 7070
31 7070
33 7070
37 7070
39 7070
41 7070
43 7070
47 7070
51 7070
53 7070
57 7070
59 7070
61 7070
67 7070
69 7070
1 7072
3 7072
5 7072
7 7072
9 7072
11 7072
15 7072
19 7072
21 7072
23 7072
25 7072
27 7072
29 7072
31 7072
33 7072
35 7072
37 7072
41 7072
43 7072
45 7072
47 7072
49 7072
53 7072
55 7072
57 7072
59 7072
61 7072
63 7072
67 7072
69 7072
1 7074
5 7074
7 7074
11 7074
13 7074
17 7074
19 7074
23 7074
25 7074
29 7074
31 7074
35 7074
37 7074
41 7074
43 7074
47 7074
49 7074
53 7074
55 7074
59 7074
61 7074
65 7074
67 7074
1 7076
3 7076
5 7076
7 7076
9 7076
11 7076
13 7076
15 7076
17 7076
19 7076
21 7076
23 7076
25 7076
27 7076
31 7076
33 7076
35 7076
37 7076
39 7076
41 7076
43 7076
45 7076
47 7076
49 7076
51 7076
53 7076
55 7076
57 7076
59 7076
63 7076
65 7076
67 7076
69 7076
1 7078
3 7078
5 7078
7 7078
9 7078
11 7078
13 7078
15 7078
17 7078
19 7078
21 7078
23 7078
25 7078
27 7078
29 7078
31 7078
33 7078
35 7078
37 7078
39 7078
41 7078
43 7078
45 7078
47 7078
49 7078
51 7078
53 7078
55 7078
57 7078
59 7078
61 7078
63 7078
65 7078
67 7078
69 7078
1 7080
7 7080
11 7080
13 7080
17 7080
19 7080
23 7080
29 7080
31 7080
37 7080
41 7080
43 7080
47 7080
49 7080
53 7080
61 7080
67 7080
1 7082
3 7082
5 7082
7 7082
9 7082
11 7082
13 7082
15 7082
17 7082
19 7082
21 7082
23 7082
25 7082
27 7082
29 7082
31 7082
33 7082
35 7082
37 7082
39 7082
41 7082
43 7082
45 7082
47 7082
49 7082
51 7082
53 7082
55 7082
57 7082
59 7082
61 7082
63 7082
65 7082
67 7082
69 7082
1 7084
3 7084
5 7084
9 7084
13 7084
15 7084
17 7084
19 7084
25 7084
27 7084
29 7084
31 7084
37 7084
39 7084
41 7084
43 7084
45 7084
47 7084
51 7084
53 7084
57 7084
59 7084
61 7084
65 7084
67 7084
1 7086
5 7086
7 7086
11 7086
13 7086
17 7086
19 7086
23 7086
25 7086
29 7086
31 7086
35 7086
37 7086
41 7086
43 7086
47 7086
49 7086
53 7086
55 7086
59 7086
61 7086
65 7086
67 7086
1 7088
3 7088
5 7088
7 7088
9 7088
11 7088
13 7088
15 7088
17 7088
19 7088
21 7088
23 7088
25 7088
27 7088
29 7088
31 7088
33 7088
35 7088
37 7088
39 7088
41 7088
43 7088
45 7088
47 7088
49 7088
51 7088
53 7088
55 7088
57 7088
59 7088
61 7088
63 7088
65 7088
67 7088
69 7088
1 7090
3 7090
7 7090
9 7090
11 7090
13 7090
17 7090
19 7090
21 7090
23 7090
27 7090
29 7090
31 7090
33 7090
37 7090
39 7090
41 7090
43 7090
47 7090
49 7090
51 7090
53 7090
57 7090
59 7090
61 7090
63 7090
67 7090
69 7090
1 7092
5 7092
7 7092
11 7092
13 7092
17 7092
19 7092
23 7092
25 7092
29 7092
31 7092
35 7092
37 7092
41 7092
43 7092
47 7092
49 7092
53 7092
55 7092
59 7092
61 7092
65 7092
67 7092
1 7094
3 7094
5 7094
7 7094
9 7094
11 7094
13 7094
15 7094
17 7094
19 7094
21 7094
23 7094
25 7094
27 7094
29 7094
31 7094
33 7094
35 7094
37 7094
39 7094
41 7094
43 7094
45 7094
47 7094
49 7094
51 7094
53 7094
55 7094
57 7094
59 7094
61 7094
63 7094
65 7094
67 7094
69 7094
1 7096
3 7096
5 7096
7 7096
9 7096
11 7096
13 7096
15 7096
17 7096
19 7096
21 7096
23 7096
25 7096
27 7096
29 7096
31 7096
33 7096
35 7096
37 7096
39 7096
41 7096
43 7096
45 7096
47 7096
49 7096
51 7096
53 7096
55 7096
57 7096
59 7096
61 7096
63 7096
65 7096
67 7096
69 7096
1 7098
5 7098
11 7098
17 7098
19 7098
23 7098
25 7098
29 7098
31 7098
37 7098
41 7098
43 7098
47 7098
53 7098
55 7098
59 7098
61 7098
67 7098
1 7100
3 7100
7 7100
9 7100
11 7100
13 7100
17 7100
19 7100
21 7100
23 7100
27 7100
29 7100
31 7100
33 7100
37 7100
39 7100
41 7100
43 7100
47 7100
49 7100
51 7100
53 7100
57 7100
59 7100
61 7100
63 7100
67 7100
69 7100
1 7102
3 7102
5 7102
7 7102
9 7102
11 7102
13 7102
15 7102
17 7102
19 7102
21 7102
23 7102
25 7102
27 7102
29 7102
31 7102
33 7102
35 7102
37 7102
39 7102
41 7102
43 7102
45 7102
47 7102
49 7102
51 7102
55 7102
57 7102
59 7102
61 7102
63 7102
65 7102
69 7102
71 7102
1 7104
5 7104
7 7104
11 7104
13 7104
17 7104
19 7104
23 7104
25 7104
29 7104
31 7104
35 7104
41 7104
43 7104
47 7104
49 7104
53 7104
55 7104
59 7104
61 7104
65 7104
67 7104
71 7104
1 7106
3 7106
5 7106
7 7106
9 7106
13 7106
15 7106
21 7106
23 7106
25 7106
27 7106
29 7106
31 7106
35 7106
37 7106
39 7106
41 7106
43 7106
45 7106
47 7106
49 7106
53 7106
59 7106
61 7106
63 7106
65 7106
67 7106
69 7106
71 7106
1 7108
3 7108
5 7108
7 7108
9 7108
11 7108
13 7108
15 7108
17 7108
19 7108
21 7108
23 7108
25 7108
27 7108
29 7108
31 7108
33 7108
35 7108
37 7108
39 7108
41 7108
43 7108
45 7108
47 7108
49 7108
51 7108
53 7108
55 7108
57 7108
59 7108
61 7108
63 7108
65 7108
67 7108
69 7108
71 7108
1 7110
7 7110
11 7110
13 7110
17 7110
19 7110
23 7110
29 7110
31 7110
37 7110
41 7110
43 7110
47 7110
49 7110
53 7110
59 7110
61 7110
67 7110
71 7110
1 7112
3 7112
5 7112
9 7112
11 7112
13 7112
15 7112
17 7112
19 7112
23 7112
25 7112
27 7112
29 7112
31 7112
33 7112
37 7112
39 7112
41 7112
43 7112
45 7112
47 7112
51 7112
53 7112
55 7112
57 7112
59 7112
61 7112
65 7112
67 7112
69 7112
71 7112
1 7114
3 7114
5 7114
7 7114
9 7114
11 7114
13 7114
15 7114
17 7114
19 7114
21 7114
23 7114
25 7114
27 7114
29 7114
31 7114
33 7114
35 7114
37 7114
39 7114
41 7114
43 7114
45 7114
47 7114
49 7114
51 7114
53 7114
55 7114
57 7114
59 7114
61 7114
63 7114
65 7114
67 7114
69 7114
71 7114
1 7116
5 7116
7 7116
11 7116
13 7116
17 7116
19 7116
23 7116
25 7116
29 7116
31 7116
35 7116
37 7116
41 7116
43 7116
47 7116
49 7116
53 7116
55 7116
59 7116
61 7116
65 7116
67 7116
71 7116
1 7118
3 7118
5 7118
7 7118
9 7118
11 7118
13 7118
15 7118
17 7118
19 7118
21 7118
23 7118
25 7118
27 7118
29 7118
31 7118
33 7118
35 7118
37 7118
39 7118
41 7118
43 7118
45 7118
47 7118
49 7118
51 7118
53 7118
55 7118
57 7118
59 7118
61 7118
63 7118
65 7118
67 7118
69 7118
71 7118
1 7120
3 7120
7 7120
9 7120
11 7120
13 7120
17 7120
19 7120
21 7120
23 7120
27 7120
29 7120
31 7120
33 7120
37 7120
39 7120
41 7120
43 7120
47 7120
49 7120
51 7120
53 7120
57 7120
59 7120
61 7120
63 7120
67 7120
69 7120
71 7120
1 7122
5 7122
7 7122
11 7122
13 7122
17 7122
19 7122
23 7122
25 7122
29 7122
31 7122
35 7122
37 7122
41 7122
43 7122
47 7122
49 7122
53 7122
55 7122
59 7122
61 7122
65 7122
67 7122
71 7122
1 7124
3 7124
5 7124
7 7124
9 7124
11 7124
15 7124
17 7124
19 7124
21 7124
23 7124
25 7124
27 7124
29 7124
31 7124
33 7124
35 7124
37 7124
41 7124
43 7124
45 7124
47 7124
49 7124
51 7124
53 7124
55 7124
57 7124
59 7124
61 7124
63 7124
67 7124
69 7124
71 7124
1 7126
3 7126
5 7126
9 7126
11 7126
13 7126
15 7126
17 7126
19 7126
23 7126
25 7126
27 7126
29 7126
31 7126
33 7126
37 7126
39 7126
41 7126
43 7126
45 7126
47 7126
51 7126
53 7126
55 7126
57 7126
59 7126
61 7126
65 7126
67 7126
69 7126
71 7126
1 7128
5 7128
7 7128
13 7128
17 7128
19 7128
23 7128
25 7128
29 7128
31 7128
35 7128
37 7128
41 7128
43 7128
47 7128
49 7128
53 7128
59 7128
61 7128
65 7128
67 7128
71 7128
1 7130
3 7130
7 7130
9 7130
11 7130
13 7130
17 7130
19 7130
21 7130
27 7130
29 7130
33 7130
37 7130
39 7130
41 7130
43 7130
47 7130
49 7130
51 7130
53 7130
57 7130
59 7130
61 7130
63 7130
67 7130
71 7130
1 7132
3 7132
5 7132
7 7132
9 7132
11 7132
13 7132
15 7132
17 7132
19 7132
21 7132
23 7132
25 7132
27 7132
29 7132
31 7132
33 7132
35 7132
37 7132
39 7132
41 7132
43 7132
45 7132
47 7132
49 7132
51 7132
53 7132
55 7132
57 7132
59 7132
61 7132
63 7132
65 7132
67 7132
69 7132
71 7132
1 7134
5 7134
7 7134
11 7134
13 7134
17 7134
19 7134
23 7134
25 7134
31 7134
35 7134
37 7134
43 7134
47 7134
49 7134
53 7134
55 7134
59 7134
61 7134
65 7134
67 7134
71 7134
1 7136
3 7136
5 7136
7 7136
9 7136
11 7136
13 7136
15 7136
17 7136
19 7136
21 7136
23 7136
25 7136
27 7136
29 7136
31 7136
33 7136
35 7136
37 7136
39 7136
41 7136
43 7136
45 7136
47 7136
49 7136
51 7136
53 7136
55 7136
57 7136
59 7136
61 7136
63 7136
65 7136
67 7136
69 7136
71 7136
1 7138
3 7138
5 7138
7 7138
9 7138
11 7138
13 7138
15 7138
17 7138
19 7138
21 7138
23 7138
25 7138
27 7138
29 7138
31 7138
33 7138
35 7138
37 7138
39 7138
41 7138
45 7138
47 7138
49 7138
51 7138
53 7138
55 7138
57 7138
59 7138
61 7138
63 7138
65 7138
67 7138
69 7138
71 7138
1 7140
11 7140
13 7140
19 7140
23 7140
29 7140
31 7140
37 7140
41 7140
43 7140
47 7140
53 7140
59 7140
61 7140
67 7140
71 7140
1 7142
3 7142
5 7142
7 7142
9 7142
11 7142
13 7142
15 7142
17 7142
19 7142
21 7142
23 7142
25 7142
27 7142
29 7142
31 7142
33 7142
35 7142
37 7142
39 7142
41 7142
43 7142
45 7142
47 7142
49 7142
51 7142
53 7142
55 7142
57 7142
59 7142
61 7142
63 7142
65 7142
67 7142
69 7142
71 7142
1 7144
3 7144
5 7144
7 7144
9 7144
11 7144
13 7144
15 7144
17 7144
21 7144
23 7144
25 7144
27 7144
29 7144
31 7144
33 7144
35 7144
37 7144
39 7144
41 7144
43 7144
45 7144
49 7144
51 7144
53 7144
55 7144
59 7144
61 7144
63 7144
65 7144
67 7144
69 7144
71 7144
1 7146
5 7146
7 7146
11 7146
13 7146
17 7146
19 7146
23 7146
25 7146
29 7146
31 7146
35 7146
37 7146
41 7146
43 7146
47 7146
49 7146
53 7146
55 7146
59 7146
61 7146
65 7146
67 7146
71 7146
1 7148
3 7148
5 7148
7 7148
9 7148
11 7148
13 7148
15 7148
17 7148
19 7148
21 7148
23 7148
25 7148
27 7148
29 7148
31 7148
33 7148
35 7148
37 7148
39 7148
41 7148
43 7148
45 7148
47 7148
49 7148
51 7148
53 7148
55 7148
57 7148
59 7148
61 7148
63 7148
65 7148
67 7148
69 7148
71 7148
1 7150
3 7150
7 7150
9 7150
17 7150
19 7150
21 7150
23 7150
27 7150
29 7150
31 7150
37 7150
41 7150
43 7150
47 7150
49 7150
51 7150
53 7150
57 7150
59 7150
61 7150
63 7150
67 7150
69 7150
71 7150
1 7152
5 7152
7 7152
11 7152
13 7152
17 7152
19 7152
23 7152
25 7152
29 7152
31 7152
35 7152
37 7152
41 7152
43 7152
47 7152
49 7152
53 7152
55 7152
59 7152
61 7152
65 7152
67 7152
71 7152
1 7154
3 7154
5 7154
9 7154
11 7154
13 7154
15 7154
17 7154
19 7154
23 7154
25 7154
27 7154
29 7154
31 7154
33 7154
37 7154
39 7154
41 7154
43 7154
45 7154
47 7154
51 7154
53 7154
55 7154
57 7154
59 7154
61 7154
65 7154
67 7154
69 7154
71 7154
1 7156
3 7156
5 7156
7 7156
9 7156
11 7156
13 7156
15 7156
17 7156
19 7156
21 7156
23 7156
25 7156
27 7156
29 7156
31 7156
33 7156
35 7156
37 7156
39 7156
41 7156
43 7156
45 7156
47 7156
49 7156
51 7156
53 7156
55 7156
57 7156
59 7156
61 7156
63 7156
65 7156
67 7156
69 7156
71 7156
1 7158
5 7158
7 7158
11 7158
13 7158
17 7158
19 7158
23 7158
25 7158
29 7158
31 7158
35 7158
37 7158
41 7158
43 7158
47 7158
49 7158
53 7158
55 7158
59 7158
61 7158
65 7158
67 7158
71 7158
1 7160
3 7160
7 7160
9 7160
11 7160
13 7160
17 7160
19 7160
21 7160
23 7160
27 7160
29 7160
31 7160
33 7160
37 7160
39 7160
41 7160
43 7160
47 7160
49 7160
51 7160
53 7160
57 7160
59 7160
61 7160
63 7160
67 7160
69 7160
71 7160
1 7162
3 7162
5 7162
7 7162
9 7162
11 7162
13 7162
15 7162
17 7162
19 7162
21 7162
23 7162
25 7162
27 7162
29 7162
31 7162
33 7162
35 7162
37 7162
39 7162
41 7162
43 7162
45 7162
47 7162
49 7162
51 7162
53 7162
55 7162
57 7162
59 7162
61 7162
63 7162
65 7162
67 7162
69 7162
71 7162
1 7164
5 7164
7 7164
11 7164
13 7164
17 7164
19 7164
23 7164
25 7164
29 7164
31 7164
35 7164
37 7164
41 7164
43 7164
47 7164
49 7164
53 7164
55 7164
59 7164
61 7164
65 7164
67 7164
71 7164
1 7166
3 7166
5 7166
7 7166
9 7166
11 7166
13 7166
15 7166
17 7166
19 7166
21 7166
23 7166
25 7166
27 7166
29 7166
31 7166
33 7166
35 7166
37 7166
39 7166
41 7166
43 7166
45 7166
47 7166
49 7166
51 7166
53 7166
55 7166
57 7166
59 7166
61 7166
63 7166
65 7166
67 7166
69 7166
71 7166
1 7168
3 7168
5 7168
9 7168
11 7168
13 7168
15 7168
17 7168
19 7168
23 7168
25 7168
27 7168
29 7168
31 7168
33 7168
37 7168
39 7168
41 7168
43 7168
45 7168
47 7168
51 7168
53 7168
55 7168
57 7168
59 7168
61 7168
65 7168
67 7168
69 7168
71 7168
1 7170
7 7170
11 7170
13 7170
17 7170
19 7170
23 7170
29 7170
31 7170
37 7170
41 7170
43 7170
47 7170
49 7170
53 7170
59 7170
61 7170
67 7170
71 7170
1 7172
3 7172
5 7172
7 7172
9 7172
13 7172
15 7172
17 7172
19 7172
21 7172
23 7172
25 7172
27 7172
29 7172
31 7172
35 7172
37 7172
39 7172
41 7172
43 7172
45 7172
47 7172
49 7172
51 7172
53 7172
57 7172
59 7172
61 7172
63 7172
65 7172
67 7172
69 7172
71 7172
1 7174
3 7174
5 7174
7 7174
9 7174
11 7174
13 7174
15 7174
19 7174
21 7174
23 7174
25 7174
27 7174
29 7174
31 7174
33 7174
35 7174
37 7174
39 7174
41 7174
43 7174
45 7174
47 7174
49 7174
53 7174
55 7174
57 7174
59 7174
61 7174
63 7174
65 7174
67 7174
69 7174
71 7174
1 7176
5 7176
7 7176
11 7176
17 7176
19 7176
25 7176
29 7176
31 7176
35 7176
37 7176
41 7176
43 7176
47 7176
49 7176
53 7176
55 7176
59 7176
61 7176
67 7176
71 7176
1 7178
3 7178
5 7178
7 7178
9 7178
11 7178
13 7178
15 7178
17 7178
19 7178
21 7178
23 7178
25 7178
27 7178
29 7178
31 7178
33 7178
35 7178
39 7178
41 7178
43 7178
45 7178
47 7178
49 7178
51 7178
53 7178
55 7178
57 7178
59 7178
61 7178
63 7178
65 7178
67 7178
69 7178
71 7178
1 7180
3 7180
7 7180
9 7180
11 7180
13 7180
17 7180
19 7180
21 7180
23 7180
27 7180
29 7180
31 7180
33 7180
37 7180
39 7180
41 7180
43 7180
47 7180
49 7180
51 7180
53 7180
57 7180
59 7180
61 7180
63 7180
67 7180
69 7180
71 7180
1 7182
5 7182
11 7182
13 7182
17 7182
23 7182
25 7182
29 7182
31 7182
37 7182
41 7182
43 7182
47 7182
53 7182
55 7182
59 7182
61 7182
65 7182
67 7182
71 7182
1 7184
3 7184
5 7184
7 7184
9 7184
11 7184
13 7184
15 7184
17 7184
19 7184
21 7184
23 7184
25 7184
27 7184
29 7184
31 7184
33 7184
35 7184
37 7184
39 7184
41 7184
43 7184
45 7184
47 7184
49 7184
51 7184
53 7184
55 7184
57 7184
59 7184
61 7184
63 7184
65 7184
67 7184
69 7184
71 7184
1 7186
3 7186
5 7186
7 7186
9 7186
11 7186
13 7186
15 7186
17 7186
19 7186
21 7186
23 7186
25 7186
27 7186
29 7186
31 7186
33 7186
35 7186
37 7186
39 7186
41 7186
43 7186
45 7186
47 7186
49 7186
51 7186
53 7186
55 7186
57 7186
59 7186
61 7186
63 7186
65 7186
67 7186
69 7186
71 7186
1 7188
5 7188
7 7188
11 7188
13 7188
17 7188
19 7188
23 7188
25 7188
29 7188
31 7188
35 7188
37 7188
41 7188
43 7188
47 7188
49 7188
53 7188
55 7188
59 7188
61 7188
65 7188
67 7188
71 7188
1 7190
3 7190
7 7190
9 7190
11 7190
13 7190
17 7190
19 7190
21 7190
23 7190
27 7190
29 7190
31 7190
33 7190
37 7190
39 7190
41 7190
43 7190
47 7190
49 7190
51 7190
53 7190
57 7190
59 7190
61 7190
63 7190
67 7190
69 7190
71 7190
1 7192
3 7192
5 7192
7 7192
9 7192
11 7192
13 7192
15 7192
17 7192
19 7192
21 7192
23 7192
25 7192
27 7192
33 7192
35 7192
37 7192
39 7192
41 7192
43 7192
45 7192
47 7192
49 7192
51 7192
53 7192
55 7192
57 7192
59 7192
61 7192
63 7192
65 7192
67 7192
69 7192
71 7192
1 7194
5 7194
7 7194
13 7194
17 7194
19 7194
23 7194
25 7194
29 7194
31 7194
35 7194
37 7194
41 7194
43 7194
47 7194
49 7194
53 7194
59 7194
61 7194
65 7194
67 7194
71 7194
1 7196
3 7196
5 7196
9 7196
11 7196
13 7196
15 7196
17 7196
19 7196
23 7196
25 7196
27 7196
29 7196
31 7196
33 7196
37 7196
39 7196
41 7196
43 7196
45 7196
47 7196
51 7196
53 7196
55 7196
57 7196
59 7196
61 7196
65 7196
67 7196
69 7196
71 7196
1 7198
3 7198
5 7198
7 7198
9 7198
11 7198
13 7198
15 7198
17 7198
19 7198
21 7198
23 7198
25 7198
27 7198
29 7198
31 7198
33 7198
35 7198
37 7198
39 7198
41 7198
43 7198
45 7198
47 7198
49 7198
51 7198
53 7198
55 7198
57 7198
63 7198
65 7198
67 7198
69 7198
71 7198
1 7200
7 7200
11 7200
13 7200
17 7200
19 7200
23 7200
29 7200
31 7200
37 7200
41 7200
43 7200
47 7200
49 7200
53 7200
59 7200
61 7200
67 7200
71 7200
1 7202
3 7202
5 7202
7 7202
9 7202
11 7202
15 7202
17 7202
19 7202
21 7202
23 7202
25 7202
27 7202
29 7202
31 7202
33 7202
35 7202
37 7202
41 7202
43 7202
45 7202
47 7202
49 7202
51 7202
53 7202
55 7202
57 7202
59 7202
61 7202
63 7202
67 7202
69 7202
71 7202
1 7204
3 7204
5 7204
7 7204
9 7204
11 7204
13 7204
15 7204
17 7204
19 7204
21 7204
23 7204
25 7204
27 7204
29 7204
31 7204
33 7204
35 7204
37 7204
39 7204
41 7204
43 7204
45 7204
47 7204
49 7204
51 7204
53 7204
55 7204
57 7204
59 7204
61 7204
63 7204
65 7204
67 7204
69 7204
71 7204
1 7206
5 7206
7 7206
11 7206
13 7206
17 7206
19 7206
23 7206
25 7206
29 7206
31 7206
35 7206
37 7206
41 7206
43 7206
47 7206
49 7206
53 7206
55 7206
59 7206
61 7206
65 7206
67 7206
71 7206
1 7208
3 7208
5 7208
7 7208
9 7208
11 7208
13 7208
15 7208
19 7208
21 7208
23 7208
25 7208
27 7208
29 7208
31 7208
33 7208
35 7208
37 7208
39 7208
41 7208
43 7208
45 7208
47 7208
49 7208
55 7208
57 7208
59 7208
61 7208
63 7208
65 7208
67 7208
69 7208
71 7208
1 7210
3 7210
9 7210
11 7210
13 7210
17 7210
19 7210
23 7210
27 7210
29 7210
31 7210
33 7210
37 7210
39 7210
41 7210
43 7210
47 7210
51 7210
53 7210
57 7210
59 7210
61 7210
67 7210
69 7210
71 7210
1 7212
5 7212
7 7212
11 7212
13 7212
17 7212
19 7212
23 7212
25 7212
29 7212
31 7212
35 7212
37 7212
41 7212
43 7212
47 7212
49 7212
53 7212
55 7212
59 7212
61 7212
65 7212
67 7212
71 7212
1 7214
3 7214
5 7214
7 7214
9 7214
11 7214
13 7214
15 7214
17 7214
19 7214
21 7214
23 7214
25 7214
27 7214
29 7214
31 7214
33 7214
35 7214
37 7214
39 7214
41 7214
43 7214
45 7214
47 7214
49 7214
51 7214
53 7214
55 7214
57 7214
59 7214
61 7214
63 7214
65 7214
67 7214
69 7214
71 7214
1 7216
3 7216
5 7216
7 7216
9 7216
13 7216
15 7216
17 7216
19 7216
21 7216
23 7216
25 7216
27 7216
29 7216
31 7216
35 7216
37 7216
39 7216
43 7216
45 7216
47 7216
49 7216
51 7216
53 7216
57 7216
59 7216
61 7216
63 7216
65 7216
67 7216
69 7216
71 7216
1 7218
5 7218
7 7218
11 7218
13 7218
17 7218
19 7218
23 7218
25 7218
29 7218
31 7218
35 7218
37 7218
41 7218
43 7218
47 7218
49 7218
53 7218
55 7218
59 7218
61 7218
65 7218
67 7218
71 7218
1 7220
3 7220
7 7220
9 7220
11 7220
13 7220
17 7220
21 7220
23 7220
27 7220
29 7220
31 7220
33 7220
37 7220
39 7220
41 7220
43 7220
47 7220
49 7220
51 7220
53 7220
59 7220
61 7220
63 7220
67 7220
69 7220
71 7220
1 7222
3 7222
5 7222
7 7222
9 7222
11 7222
13 7222
15 7222
17 7222
19 7222
21 7222
25 7222
27 7222
29 7222
31 7222
33 7222
35 7222
37 7222
39 7222
41 7222
43 7222
45 7222
47 7222
49 7222
51 7222
53 7222
55 7222
57 7222
59 7222
61 7222
63 7222
65 7222
67 7222
71 7222
1 7224
5 7224
11 7224
13 7224
17 7224
19 7224
23 7224
25 7224
29 7224
31 7224
37 7224
41 7224
47 7224
53 7224
55 7224
59 7224
61 7224
65 7224
67 7224
71 7224
1 7226
3 7226
5 7226
7 7226
9 7226
11 7226
13 7226
15 7226
17 7226
19 7226
21 7226
23 7226
25 7226
27 7226
29 7226
31 7226
33 7226
35 7226
37 7226
39 7226
41 7226
43 7226
45 7226
47 7226
49 7226
51 7226
53 7226
55 7226
57 7226
59 7226
61 7226
63 7226
65 7226
67 7226
69 7226
71 7226
1 7228
3 7228
5 7228
7 7228
9 7228
11 7228
15 7228
17 7228
19 7228
21 7228
23 7228
25 7228
27 7228
29 7228
31 7228
33 7228
35 7228
37 7228
41 7228
43 7228
45 7228
47 7228
49 7228
51 7228
53 7228
55 7228
57 7228
59 7228
61 7228
63 7228
67 7228
69 7228
71 7228
1 7230
7 7230
11 7230
13 7230
17 7230
19 7230
23 7230
29 7230
31 7230
37 7230
41 7230
43 7230
47 7230
49 7230
53 7230
59 7230
61 7230
67 7230
71 7230
1 7232
3 7232
5 7232
7 7232
9 7232
11 7232
13 7232
15 7232
17 7232
19 7232
21 7232
23 7232
25 7232
27 7232
29 7232
31 7232
33 7232
35 7232
37 7232
39 7232
41 7232
43 7232
45 7232
47 7232
49 7232
51 7232
53 7232
55 7232
57 7232
59 7232
61 7232
63 7232
65 7232
67 7232
69 7232
71 7232
1 7234
3 7234
5 7234
7 7234
9 7234
11 7234
13 7234
15 7234
17 7234
19 7234
21 7234
23 7234
25 7234
27 7234
29 7234
31 7234
33 7234
35 7234
37 7234
39 7234
41 7234
43 7234
45 7234
47 7234
49 7234
51 7234
53 7234
55 7234
57 7234
59 7234
61 7234
63 7234
65 7234
67 7234
69 7234
71 7234
1 7236
5 7236
7 7236
11 7236
13 7236
17 7236
19 7236
23 7236
25 7236
29 7236
31 7236
35 7236
37 7236
41 7236
43 7236
47 7236
49 7236
53 7236
55 7236
59 7236
61 7236
65 7236
71 7236
1 7238
3 7238
5 7238
9 7238
13 7238
15 7238
17 7238
19 7238
23 7238
25 7238
27 7238
29 7238
31 7238
37 7238
39 7238
41 7238
43 7238
45 7238
51 7238
53 7238
57 7238
59 7238
61 7238
65 7238
67 7238
69 7238
71 7238
1 7240
3 7240
7 7240
9 7240
11 7240
13 7240
17 7240
19 7240
21 7240
23 7240
27 7240
29 7240
31 7240
33 7240
37 7240
39 7240
41 7240
43 7240
47 7240
49 7240
51 7240
53 7240
57 7240
59 7240
61 7240
63 7240
67 7240
69 7240
71 7240
1 7242
5 7242
7 7242
11 7242
13 7242
19 7242
23 7242
25 7242
29 7242
31 7242
35 7242
37 7242
41 7242
43 7242
47 7242
49 7242
53 7242
55 7242
59 7242
61 7242
65 7242
67 7242
1 7244
3 7244
5 7244
7 7244
9 7244
11 7244
13 7244
15 7244
17 7244
19 7244
21 7244
23 7244
25 7244
27 7244
29 7244
31 7244
33 7244
35 7244
37 7244
39 7244
41 7244
43 7244
45 7244
47 7244
49 7244
51 7244
53 7244
55 7244
57 7244
59 7244
61 7244
63 7244
65 7244
67 7244
69 7244
71 7244
1 7246
3 7246
5 7246
7 7246
9 7246
11 7246
13 7246
15 7246
17 7246
19 7246
21 7246
23 7246
25 7246
27 7246
29 7246
31 7246
33 7246
35 7246
37 7246
39 7246
41 7246
43 7246
45 7246
47 7246
49 7246
51 7246
53 7246
55 7246
57 7246
59 7246
61 7246
63 7246
65 7246
67 7246
69 7246
71 7246
1 7248
5 7248
7 7248
11 7248
13 7248
17 7248
19 7248
23 7248
25 7248
29 7248
31 7248
35 7248
37 7248
41 7248
43 7248
47 7248
49 7248
53 7248
55 7248
59 7248
61 7248
65 7248
67 7248
71 7248
1 7250
3 7250
7 7250
9 7250
11 7250
13 7250
17 7250
19 7250
21 7250
23 7250
27 7250
31 7250
33 7250
37 7250
39 7250
41 7250
43 7250
47 7250
49 7250
51 7250
53 7250
57 7250
59 7250
61 7250
63 7250
67 7250
69 7250
71 7250
1 7252
3 7252
5 7252
9 7252
11 7252
13 7252
15 7252
17 7252
19 7252
23 7252
25 7252
27 7252
29 7252
31 7252
33 7252
39 7252
41 7252
43 7252
45 7252
47 7252
51 7252
53 7252
55 7252
57 7252
59 7252
61 7252
65 7252
67 7252
69 7252
71 7252
1 7254
5 7254
7 7254
11 7254
17 7254
19 7254
23 7254
25 7254
29 7254
35 7254
37 7254
41 7254
43 7254
47 7254
49 7254
53 7254
55 7254
59 7254
61 7254
67 7254
71 7254
1 7256
3 7256
5 7256
7 7256
9 7256
11 7256
13 7256
15 7256
17 7256
19 7256
21 7256
23 7256
25 7256
27 7256
29 7256
31 7256
33 7256
35 7256
37 7256
39 7256
41 7256
43 7256
45 7256
47 7256
49 7256
51 7256
53 7256
55 7256
57 7256
59 7256
61 7256
63 7256
65 7256
67 7256
69 7256
71 7256
1 7258
3 7258
5 7258
7 7258
9 7258
11 7258
13 7258
15 7258
17 7258
21 7258
23 7258
25 7258
27 7258
29 7258
31 7258
33 7258
35 7258
37 7258
39 7258
41 7258
43 7258
45 7258
47 7258
49 7258
51 7258
53 7258
55 7258
59 7258
61 7258
63 7258
65 7258
67 7258
69 7258
71 7258
1 7260
7 7260
13 7260
17 7260
19 7260
23 7260
29 7260
31 7260
37 7260
41 7260
43 7260
47 7260
49 7260
53 7260
59 7260
61 7260
67 7260
71 7260
1 7262
3 7262
5 7262
7 7262
9 7262
11 7262
13 7262
15 7262
17 7262
19 7262
21 7262
23 7262
25 7262
27 7262
29 7262
31 7262
33 7262
35 7262
37 7262
39 7262
41 7262
43 7262
45 7262
47 7262
49 7262
51 7262
53 7262
55 7262
57 7262
59 7262
61 7262
63 7262
65 7262
67 7262
69 7262
71 7262
1 7264
3 7264
5 7264
7 7264
9 7264
11 7264
13 7264
15 7264
17 7264
19 7264
21 7264
23 7264
25 7264
27 7264
29 7264
31 7264
33 7264
35 7264
37 7264
39 7264
41 7264
43 7264
45 7264
47 7264
49 7264
51 7264
53 7264
55 7264
57 7264
59 7264
61 7264
63 7264
65 7264
67 7264
69 7264
71 7264
1 7266
5 7266
11 7266
13 7266
17 7266
19 7266
23 7266
25 7266
29 7266
31 7266
37 7266
41 7266
43 7266
47 7266
53 7266
55 7266
59 7266
61 7266
65 7266
67 7266
71 7266
1 7268
3 7268
5 7268
7 7268
9 7268
11 7268
13 7268
15 7268
17 7268
19 7268
21 7268
25 7268
27 7268
29 7268
31 7268
33 7268
35 7268
37 7268
39 7268
41 7268
43 7268
45 7268
47 7268
49 7268
51 7268
53 7268
55 7268
57 7268
59 7268
61 7268
63 7268
65 7268
67 7268
71 7268
1 7270
3 7270
7 7270
9 7270
11 7270
13 7270
17 7270
19 7270
21 7270
23 7270
27 7270
29 7270
31 7270
33 7270
37 7270
39 7270
41 7270
43 7270
47 7270
49 7270
51 7270
53 7270
57 7270
59 7270
61 7270
63 7270
67 7270
69 7270
71 7270
1 7272
5 7272
7 7272
11 7272
13 7272
17 7272
19 7272
23 7272
25 7272
29 7272
31 7272
35 7272
37 7272
41 7272
43 7272
47 7272
49 7272
53 7272
55 7272
59 7272
61 7272
65 7272
67 7272
71 7272
1 7274
3 7274
5 7274
7 7274
9 7274
11 7274
13 7274
15 7274
17 7274
19 7274
21 7274
23 7274
25 7274
27 7274
29 7274
31 7274
33 7274
35 7274
37 7274
39 7274
41 7274
43 7274
45 7274
47 7274
49 7274
51 7274
53 7274
55 7274
57 7274
59 7274
61 7274
63 7274
65 7274
67 7274
69 7274
71 7274
1 7276
3 7276
5 7276
7 7276
9 7276
11 7276
13 7276
15 7276
19 7276
21 7276
23 7276
25 7276
27 7276
29 7276
31 7276
33 7276
35 7276
37 7276
39 7276
41 7276
43 7276
45 7276
47 7276
49 7276
53 7276
55 7276
57 7276
59 7276
61 7276
63 7276
65 7276
67 7276
69 7276
71 7276
1 7278
5 7278
7 7278
11 7278
13 7278
17 7278
19 7278
23 7278
25 7278
29 7278
31 7278
35 7278
37 7278
41 7278
43 7278
47 7278
49 7278
53 7278
55 7278
59 7278
61 7278
65 7278
67 7278
71 7278
1 7280
3 7280
9 7280
11 7280
17 7280
19 7280
23 7280
27 7280
29 7280
31 7280
33 7280
37 7280
41 7280
43 7280
47 7280
51 7280
53 7280
57 7280
59 7280
61 7280
67 7280
69 7280
71 7280
1 7282
3 7282
5 7282
7 7282
9 7282
13 7282
15 7282
17 7282
19 7282
21 7282
23 7282
25 7282
27 7282
29 7282
31 7282
35 7282
37 7282
39 7282
41 7282
43 7282
45 7282
47 7282
49 7282
51 7282
53 7282
57 7282
59 7282
61 7282
63 7282
65 7282
67 7282
69 7282
71 7282
1 7284
5 7284
7 7284
11 7284
13 7284
17 7284
19 7284
23 7284
25 7284
29 7284
31 7284
35 7284
37 7284
41 7284
43 7284
47 7284
49 7284
53 7284
55 7284
59 7284
61 7284
65 7284
67 7284
71 7284
1 7286
3 7286
5 7286
7 7286
9 7286
11 7286
13 7286
15 7286
17 7286
19 7286
21 7286
23 7286
25 7286
27 7286
29 7286
31 7286
33 7286
35 7286
37 7286
39 7286
41 7286
43 7286
45 7286
47 7286
49 7286
51 7286
53 7286
55 7286
57 7286
59 7286
61 7286
63 7286
65 7286
67 7286
69 7286
71 7286
1 7288
3 7288
5 7288
7 7288
9 7288
11 7288
13 7288
15 7288
17 7288
19 7288
21 7288
23 7288
25 7288
27 7288
29 7288
31 7288
33 7288
35 7288
37 7288
39 7288
41 7288
43 7288
45 7288
47 7288
49 7288
51 7288
53 7288
55 7288
57 7288
59 7288
61 7288
63 7288
65 7288
67 7288
69 7288
71 7288
1 7290
7 7290
11 7290
13 7290
17 7290
19 7290
23 7290
29 7290
31 7290
37 7290
41 7290
43 7290
47 7290
49 7290
53 7290
59 7290
61 7290
67 7290
71 7290
1 7292
3 7292
5 7292
7 7292
9 7292
11 7292
13 7292
15 7292
17 7292
19 7292
21 7292
23 7292
25 7292
27 7292
29 7292
31 7292
33 7292
35 7292
37 7292
39 7292
41 7292
43 7292
45 7292
47 7292
49 7292
51 7292
53 7292
55 7292
57 7292
59 7292
61 7292
63 7292
65 7292
67 7292
69 7292
71 7292
1 7294
3 7294
5 7294
9 7294
11 7294
13 7294
15 7294
17 7294
19 7294
23 7294
25 7294
27 7294
29 7294
31 7294
33 7294
37 7294
39 7294
41 7294
43 7294
45 7294
47 7294
51 7294
53 7294
55 7294
57 7294
59 7294
61 7294
65 7294
67 7294
69 7294
71 7294
1 7296
5 7296
7 7296
11 7296
13 7296
17 7296
23 7296
25 7296
29 7296
31 7296
35 7296
37 7296
41 7296
43 7296
47 7296
49 7296
53 7296
55 7296
59 7296
61 7296
65 7296
67 7296
71 7296
1 7298
3 7298
5 7298
7 7298
9 7298
11 7298
13 7298
15 7298
17 7298
19 7298
21 7298
23 7298
25 7298
27 7298
29 7298
31 7298
33 7298
35 7298
37 7298
39 7298
43 7298
45 7298
47 7298
49 7298
51 7298
53 7298
55 7298
57 7298
59 7298
61 7298
63 7298
65 7298
67 7298
69 7298
71 7298
1 7300
3 7300
7 7300
9 7300
11 7300
13 7300
17 7300
19 7300
21 7300
23 7300
27 7300
29 7300
31 7300
33 7300
37 7300
39 7300
41 7300
43 7300
47 7300
49 7300
51 7300
53 7300
57 7300
59 7300
61 7300
63 7300
67 7300
69 7300
71 7300
1 7302
5 7302
7 7302
11 7302
13 7302
17 7302
19 7302
23 7302
25 7302
29 7302
31 7302
35 7302
37 7302
41 7302
43 7302
47 7302
49 7302
53 7302
55 7302
59 7302
61 7302
65 7302
67 7302
71 7302
73 7302
1 7304
3 7304
5 7304
7 7304
9 7304
13 7304
15 7304
17 7304
19 7304
21 7304
23 7304
25 7304
27 7304
29 7304
31 7304
35 7304
37 7304
39 7304
41 7304
43 7304
45 7304
47 7304
49 7304
51 7304
53 7304
57 7304
59 7304
61 7304
63 7304
65 7304
67 7304
69 7304
71 7304
73 7304
1 7306
3 7306
5 7306
7 7306
9 7306
11 7306
15 7306
17 7306
19 7306
21 7306
23 7306
25 7306
27 7306
29 7306
31 7306
33 7306
35 7306
37 7306
41 7306
43 7306
45 7306
47 7306
49 7306
51 7306
53 7306
55 7306
57 7306
59 7306
61 7306
63 7306
67 7306
69 7306
71 7306
73 7306
1 7308
5 7308
11 7308
13 7308
17 7308
19 7308
23 7308
25 7308
31 7308
37 7308
41 7308
43 7308
47 7308
53 7308
55 7308
59 7308
61 7308
65 7308
67 7308
71 7308
73 7308
1 7310
3 7310
7 7310
9 7310
11 7310
13 7310
19 7310
21 7310
23 7310
27 7310
29 7310
31 7310
33 7310
37 7310
39 7310
41 7310
47 7310
49 7310
53 7310
57 7310
59 7310
61 7310
63 7310
67 7310
69 7310
71 7310
73 7310
1 7312
3 7312
5 7312
7 7312
9 7312
11 7312
13 7312
15 7312
17 7312
19 7312
21 7312
23 7312
25 7312
27 7312
29 7312
31 7312
33 7312
35 7312
37 7312
39 7312
41 7312
43 7312
45 7312
47 7312
49 7312
51 7312
53 7312
55 7312
57 7312
59 7312
61 7312
63 7312
65 7312
67 7312
69 7312
71 7312
73 7312
1 7314
5 7314
7 7314
11 7314
13 7314
17 7314
19 7314
25 7314
29 7314
31 7314
35 7314
37 7314
41 7314
43 7314
47 7314
49 7314
55 7314
59 7314
61 7314
65 7314
67 7314
71 7314
73 7314
1 7316
3 7316
5 7316
7 7316
9 7316
11 7316
13 7316
15 7316
17 7316
19 7316
21 7316
23 7316
25 7316
27 7316
29 7316
33 7316
35 7316
37 7316
39 7316
41 7316
43 7316
45 7316
47 7316
49 7316
51 7316
53 7316
55 7316
57 7316
61 7316
63 7316
65 7316
67 7316
69 7316
71 7316
73 7316
1 7318
3 7318
5 7318
7 7318
9 7318
11 7318
13 7318
15 7318
17 7318
19 7318
21 7318
23 7318
25 7318
27 7318
29 7318
31 7318
33 7318
35 7318
37 7318
39 7318
41 7318
43 7318
45 7318
47 7318
49 7318
51 7318
53 7318
55 7318
57 7318
59 7318
61 7318
63 7318
65 7318
67 7318
69 7318
71 7318
73 7318
1 7320
7 7320
11 7320
13 7320
17 7320
19 7320
23 7320
29 7320
31 7320
37 7320
41 7320
43 7320
47 7320
49 7320
53 7320
59 7320
67 7320
71 7320
73 7320
1 7322
3 7322
5 7322
9 7322
11 7322
13 7322
15 7322
17 7322
19 7322
23 7322
25 7322
27 7322
29 7322
31 7322
33 7322
37 7322
39 7322
41 7322
43 7322
45 7322
47 7322
51 7322
53 7322
55 7322
57 7322
59 7322
61 7322
65 7322
67 7322
69 7322
71 7322
73 7322
1 7324
3 7324
5 7324
7 7324
9 7324
11 7324
13 7324
15 7324
17 7324
19 7324
21 7324
23 7324
25 7324
27 7324
29 7324
31 7324
33 7324
35 7324
37 7324
39 7324
41 7324
43 7324
45 7324
47 7324
49 7324
51 7324
53 7324
55 7324
57 7324
59 7324
61 7324
63 7324
65 7324
67 7324
69 7324
71 7324
73 7324
1 7326
5 7326
7 7326
13 7326
17 7326
19 7326
23 7326
25 7326
29 7326
31 7326
35 7326
41 7326
43 7326
47 7326
49 7326
53 7326
59 7326
61 7326
65 7326
67 7326
71 7326
73 7326
1 7328
3 7328
5 7328
7 7328
9 7328
11 7328
13 7328
15 7328
17 7328
19 7328
21 7328
23 7328
25 7328
27 7328
29 7328
31 7328
33 7328
35 7328
37 7328
39 7328
41 7328
43 7328
45 7328
47 7328
49 7328
51 7328
53 7328
55 7328
57 7328
59 7328
61 7328
63 7328
65 7328
67 7328
69 7328
71 7328
73 7328
1 7330
3 7330
7 7330
9 7330
11 7330
13 7330
17 7330
19 7330
21 7330
23 7330
27 7330
29 7330
31 7330
33 7330
37 7330
39 7330
41 7330
43 7330
47 7330
49 7330
51 7330
53 7330
57 7330
59 7330
61 7330
63 7330
67 7330
69 7330
71 7330
73 7330
1 7332
5 7332
7 7332
11 7332
17 7332
19 7332
23 7332
25 7332
29 7332
31 7332
35 7332
37 7332
41 7332
43 7332
49 7332
53 7332
55 7332
59 7332
61 7332
67 7332
71 7332
73 7332
1 7334
3 7334
5 7334
7 7334
9 7334
11 7334
13 7334
15 7334
17 7334
21 7334
23 7334
25 7334
27 7334
29 7334
31 7334
33 7334
35 7334
37 7334
39 7334
41 7334
43 7334
45 7334
47 7334
49 7334
51 7334
53 7334
55 7334
59 7334
61 7334
63 7334
65 7334
67 7334
69 7334
71 7334
73 7334
1 7336
3 7336
5 7336
9 7336
11 7336
13 7336
15 7336
17 7336
19 7336
23 7336
25 7336
27 7336
29 7336
31 7336
33 7336
37 7336
39 7336
41 7336
43 7336
45 7336
47 7336
51 7336
53 7336
55 7336
57 7336
59 7336
61 7336
65 7336
67 7336
69 7336
71 7336
73 7336
1 7338
5 7338
7 7338
11 7338
13 7338
17 7338
19 7338
23 7338
25 7338
29 7338
31 7338
35 7338
37 7338
41 7338
43 7338
47 7338
49 7338
53 7338
55 7338
59 7338
61 7338
65 7338
67 7338
71 7338
73 7338
1 7340
3 7340
7 7340
9 7340
11 7340
13 7340
17 7340
19 7340
21 7340
23 7340
27 7340
29 7340
31 7340
33 7340
37 7340
39 7340
41 7340
43 7340
47 7340
49 7340
51 7340
53 7340
57 7340
59 7340
61 7340
63 7340
67 7340
69 7340
71 7340
73 7340
1 7342
3 7342
5 7342
7 7342
9 7342
11 7342
13 7342
15 7342
17 7342
19 7342
21 7342
23 7342
25 7342
27 7342
29 7342
31 7342
33 7342
35 7342
37 7342
39 7342
41 7342
43 7342
45 7342
47 7342
49 7342
51 7342
53 7342
55 7342
57 7342
59 7342
61 7342
63 7342
65 7342
67 7342
69 7342
71 7342
73 7342
1 7344
5 7344
7 7344
11 7344
13 7344
19 7344
23 7344
25 7344
29 7344
31 7344
35 7344
37 7344
41 7344
43 7344
47 7344
49 7344
53 7344
55 7344
59 7344
61 7344
65 7344
67 7344
71 7344
73 7344
1 7346
3 7346
5 7346
7 7346
9 7346
11 7346
13 7346
15 7346
17 7346
19 7346
21 7346
23 7346
25 7346
27 7346
29 7346
31 7346
33 7346
35 7346
37 7346
39 7346
41 7346
43 7346
45 7346
47 7346
49 7346
51 7346
53 7346
55 7346
57 7346
59 7346
61 7346
63 7346
65 7346
67 7346
69 7346
71 7346
73 7346
1 7348
3 7348
5 7348
7 7348
9 7348
13 7348
15 7348
17 7348
19 7348
21 7348
23 7348
25 7348
27 7348
29 7348
31 7348
35 7348
37 7348
39 7348
41 7348
43 7348
45 7348
47 7348
49 7348
51 7348
53 7348
57 7348
59 7348
61 7348
63 7348
65 7348
67 7348
69 7348
71 7348
73 7348
1 7350
11 7350
13 7350
17 7350
19 7350
23 7350
29 7350
31 7350
37 7350
41 7350
43 7350
47 7350
53 7350
59 7350
61 7350
67 7350
71 7350
73 7350
1 7352
3 7352
5 7352
7 7352
9 7352
11 7352
13 7352
15 7352
17 7352
19 7352
21 7352
23 7352
25 7352
27 7352
29 7352
31 7352
33 7352
35 7352
37 7352
39 7352
41 7352
43 7352
45 7352
47 7352
49 7352
51 7352
53 7352
55 7352
57 7352
59 7352
61 7352
63 7352
65 7352
67 7352
69 7352
71 7352
73 7352
1 7354
3 7354
5 7354
7 7354
9 7354
11 7354
13 7354
15 7354
17 7354
19 7354
21 7354
23 7354
25 7354
27 7354
29 7354
31 7354
33 7354
35 7354
37 7354
39 7354
41 7354
43 7354
45 7354
47 7354
49 7354
51 7354
53 7354
55 7354
57 7354
59 7354
61 7354
63 7354
65 7354
67 7354
69 7354
71 7354
73 7354
1 7356
5 7356
7 7356
11 7356
13 7356
17 7356
19 7356
23 7356
25 7356
29 7356
31 7356
35 7356
37 7356
41 7356
43 7356
47 7356
49 7356
53 7356
55 7356
59 7356
61 7356
65 7356
67 7356
71 7356
73 7356
1 7358
3 7358
5 7358
7 7358
9 7358
11 7358
15 7358
17 7358
19 7358
21 7358
23 7358
25 7358
27 7358
29 7358
31 7358
33 7358
35 7358
37 7358
41 7358
43 7358
45 7358
47 7358
49 7358
51 7358
53 7358
55 7358
57 7358
59 7358
61 7358
63 7358
67 7358
69 7358
71 7358
73 7358
1 7360
3 7360
7 7360
9 7360
11 7360
13 7360
17 7360
19 7360
21 7360
27 7360
29 7360
31 7360
33 7360
37 7360
39 7360
41 7360
43 7360
47 7360
49 7360
51 7360
53 7360
57 7360
59 7360
61 7360
63 7360
67 7360
71 7360
73 7360
1 7362
5 7362
7 7362
11 7362
13 7362
17 7362
19 7362
23 7362
25 7362
29 7362
31 7362
35 7362
37 7362
41 7362
43 7362
47 7362
49 7362
53 7362
55 7362
59 7362
61 7362
65 7362
67 7362
71 7362
73 7362
1 7364
3 7364
5 7364
9 7364
11 7364
13 7364
15 7364
17 7364
19 7364
23 7364
25 7364
27 7364
29 7364
31 7364
33 7364
37 7364
39 7364
41 7364
43 7364
45 7364
47 7364
51 7364
53 7364
55 7364
57 7364
59 7364
61 7364
65 7364
67 7364
69 7364
71 7364
73 7364
1 7366
3 7366
5 7366
7 7366
9 7366
11 7366
13 7366
15 7366
17 7366
19 7366
21 7366
23 7366
25 7366
27 7366
31 7366
33 7366
35 7366
37 7366
39 7366
41 7366
43 7366
45 7366
47 7366
49 7366
51 7366
53 7366
55 7366
57 7366
59 7366
61 7366
63 7366
65 7366
67 7366
69 7366
71 7366
73 7366
1 7368
5 7368
7 7368
11 7368
13 7368
17 7368
19 7368
23 7368
25 7368
29 7368
31 7368
35 7368
37 7368
41 7368
43 7368
47 7368
49 7368
53 7368
55 7368
59 7368
61 7368
65 7368
67 7368
71 7368
73 7368
1 7370
3 7370
7 7370
9 7370
13 7370
17 7370
19 7370
21 7370
23 7370
27 7370
29 7370
31 7370
37 7370
39 7370
41 7370
43 7370
47 7370
49 7370
51 7370
53 7370
57 7370
59 7370
61 7370
63 7370
69 7370
71 7370
73 7370
1 7372
3 7372
5 7372
7 7372
9 7372
11 7372
13 7372
15 7372
17 7372
21 7372
23 7372
25 7372
27 7372
29 7372
31 7372
33 7372
35 7372
37 7372
39 7372
41 7372
43 7372
45 7372
47 7372
49 7372
51 7372
53 7372
55 7372
59 7372
61 7372
63 7372
65 7372
67 7372
69 7372
71 7372
73 7372
1 7374
5 7374
7 7374
11 7374
13 7374
17 7374
19 7374
23 7374
25 7374
29 7374
31 7374
35 7374
37 7374
41 7374
43 7374
47 7374
49 7374
53 7374
55 7374
59 7374
61 7374
65 7374
67 7374
71 7374
73 7374
1 7376
3 7376
5 7376
7 7376
9 7376
11 7376
13 7376
15 7376
17 7376
19 7376
21 7376
23 7376
25 7376
27 7376
29 7376
31 7376
33 7376
35 7376
37 7376
39 7376
41 7376
43 7376
45 7376
47 7376
49 7376
51 7376
53 7376
55 7376
57 7376
59 7376
61 7376
63 7376
65 7376
67 7376
69 7376
71 7376
73 7376
1 7378
3 7378
5 7378
9 7378
11 7378
13 7378
15 7378
19 7378
23 7378
25 7378
27 7378
29 7378
33 7378
37 7378
39 7378
41 7378
43 7378
45 7378
47 7378
53 7378
55 7378
57 7378
59 7378
61 7378
65 7378
67 7378
69 7378
71 7378
73 7378
1 7380
7 7380
11 7380
13 7380
17 7380
19 7380
23 7380
29 7380
31 7380
37 7380
43 7380
47 7380
49 7380
53 7380
59 7380
61 7380
67 7380
71 7380
73 7380
1 7382
3 7382
5 7382
7 7382
9 7382
11 7382
13 7382
15 7382
17 7382
19 7382
21 7382
23 7382
25 7382
27 7382
29 7382
31 7382
33 7382
35 7382
37 7382
39 7382
41 7382
43 7382
45 7382
47 7382
49 7382
51 7382
53 7382
55 7382
57 7382
59 7382
61 7382
63 7382
65 7382
67 7382
69 7382
71 7382
73 7382
1 7384
3 7384
5 7384
7 7384
9 7384
11 7384
15 7384
17 7384
19 7384
21 7384
23 7384
25 7384
27 7384
29 7384
31 7384
33 7384
35 7384
37 7384
41 7384
43 7384
45 7384
47 7384
49 7384
51 7384
53 7384
55 7384
57 7384
59 7384
61 7384
63 7384
67 7384
69 7384
73 7384
1 7386
5 7386
7 7386
11 7386
13 7386
17 7386
19 7386
23 7386
25 7386
29 7386
31 7386
35 7386
37 7386
41 7386
43 7386
47 7386
49 7386
53 7386
55 7386
59 7386
61 7386
65 7386
67 7386
71 7386
73 7386
1 7388
3 7388
5 7388
7 7388
9 7388
11 7388
13 7388
15 7388
17 7388
19 7388
21 7388
23 7388
25 7388
27 7388
29 7388
31 7388
33 7388
35 7388
37 7388
39 7388
41 7388
43 7388
45 7388
47 7388
49 7388
51 7388
53 7388
55 7388
57 7388
59 7388
61 7388
63 7388
65 7388
67 7388
69 7388
71 7388
73 7388
1 7390
3 7390
7 7390
9 7390
11 7390
13 7390
17 7390
19 7390
21 7390
23 7390
27 7390
29 7390
31 7390
33 7390
37 7390
39 7390
41 7390
43 7390
47 7390
49 7390
51 7390
53 7390
57 7390
59 7390
61 7390
63 7390
67 7390
69 7390
71 7390
73 7390
1 7392
5 7392
13 7392
17 7392
19 7392
23 7392
25 7392
29 7392
31 7392
37 7392
41 7392
43 7392
47 7392
53 7392
59 7392
61 7392
65 7392
67 7392
71 7392
73 7392
1 7394
3 7394
5 7394
7 7394
9 7394
11 7394
13 7394
15 7394
17 7394
19 7394
21 7394
23 7394
25 7394
27 7394
29 7394
31 7394
33 7394
35 7394
37 7394
39 7394
41 7394
43 7394
45 7394
47 7394
49 7394
51 7394
53 7394
55 7394
57 7394
59 7394
61 7394
63 7394
65 7394
67 7394
69 7394
71 7394
73 7394
1 7396
3 7396
5 7396
7 7396
9 7396
11 7396
13 7396
15 7396
17 7396
19 7396
21 7396
23 7396
25 7396
27 7396
29 7396
31 7396
33 7396
35 7396
37 7396
39 7396
41 7396
45 7396
47 7396
49 7396
51 7396
53 7396
55 7396
57 7396
59 7396
61 7396
63 7396
65 7396
67 7396
69 7396
71 7396
73 7396
1 7398
5 7398
7 7398
11 7398
13 7398
17 7398
19 7398
23 7398
25 7398
29 7398
31 7398
35 7398
37 7398
41 7398
43 7398
47 7398
49 7398
53 7398
55 7398
59 7398
61 7398
65 7398
67 7398
71 7398
73 7398
1 7400
3 7400
7 7400
9 7400
11 7400
13 7400
17 7400
19 7400
21 7400
23 7400
27 7400
29 7400
31 7400
33 7400
39 7400
41 7400
43 7400
47 7400
49 7400
51 7400
53 7400
57 7400
59 7400
61 7400
63 7400
67 7400
69 7400
71 7400
73 7400
1 7402
3 7402
5 7402
7 7402
9 7402
11 7402
13 7402
15 7402
17 7402
19 7402
21 7402
23 7402
25 7402
27 7402
29 7402
31 7402
33 7402
35 7402
37 7402
39 7402
41 7402
43 7402
45 7402
47 7402
49 7402
51 7402
53 7402
55 7402
57 7402
59 7402
61 7402
63 7402
65 7402
67 7402
69 7402
71 7402
73 7402
1 7404
5 7404
7 7404
11 7404
13 7404
17 7404
19 7404
23 7404
25 7404
29 7404
31 7404
35 7404
37 7404
41 7404
43 7404
47 7404
49 7404
53 7404
55 7404
59 7404
61 7404
65 7404
67 7404
71 7404
73 7404
1 7406
3 7406
5 7406
9 7406
11 7406
13 7406
15 7406
17 7406
19 7406
25 7406
27 7406
29 7406
31 7406
33 7406
37 7406
39 7406
41 7406
43 7406
45 7406
47 7406
51 7406
53 7406
55 7406
57 7406
59 7406
61 7406
65 7406
67 7406
71 7406
73 7406
1 7408
3 7408
5 7408
7 7408
9 7408
11 7408
13 7408
15 7408
17 7408
19 7408
21 7408
23 7408
25 7408
27 7408
29 7408
31 7408
33 7408
35 7408
37 7408
39 7408
41 7408
43 7408
45 7408
47 7408
49 7408
51 7408
53 7408
55 7408
57 7408
59 7408
61 7408
63 7408
65 7408
67 7408
69 7408
71 7408
73 7408
1 7410
7 7410
11 7410
17 7410
23 7410
29 7410
31 7410
37 7410
41 7410
43 7410
47 7410
49 7410
53 7410
59 7410
61 7410
67 7410
71 7410
73 7410
1 7412
3 7412
5 7412
7 7412
9 7412
11 7412
13 7412
15 7412
19 7412
21 7412
23 7412
25 7412
27 7412
29 7412
31 7412
33 7412
35 7412
37 7412
39 7412
41 7412
43 7412
45 7412
47 7412
49 7412
53 7412
55 7412
57 7412
59 7412
61 7412
63 7412
65 7412
67 7412
69 7412
71 7412
73 7412
1 7414
3 7414
5 7414
7 7414
9 7414
13 7414
15 7414
17 7414
19 7414
21 7414
23 7414
25 7414
27 7414
29 7414
31 7414
35 7414
37 7414
39 7414
41 7414
43 7414
45 7414
47 7414
49 7414
51 7414
53 7414
57 7414
59 7414
61 7414
63 7414
65 7414
67 7414
69 7414
71 7414
73 7414
1 7416
5 7416
7 7416
11 7416
13 7416
17 7416
19 7416
23 7416
25 7416
29 7416
31 7416
35 7416
37 7416
41 7416
43 7416
47 7416
49 7416
53 7416
55 7416
59 7416
61 7416
65 7416
67 7416
71 7416
73 7416
1 7418
3 7418
5 7418
7 7418
9 7418
11 7418
13 7418
15 7418
17 7418
19 7418
21 7418
23 7418
25 7418
27 7418
29 7418
31 7418
33 7418
35 7418
37 7418
39 7418
41 7418
43 7418
45 7418
47 7418
49 7418
51 7418
53 7418
55 7418
57 7418
59 7418
61 7418
63 7418
65 7418
67 7418
69 7418
71 7418
73 7418
1 7420
3 7420
9 7420
11 7420
13 7420
17 7420
19 7420
23 7420
27 7420
29 7420
31 7420
33 7420
37 7420
39 7420
41 7420
43 7420
47 7420
51 7420
57 7420
59 7420
61 7420
67 7420
69 7420
71 7420
73 7420
1 7422
5 7422
7 7422
11 7422
13 7422
17 7422
19 7422
23 7422
25 7422
29 7422
31 7422
35 7422
37 7422
41 7422
43 7422
47 7422
49 7422
53 7422
55 7422
59 7422
61 7422
65 7422
67 7422
71 7422
73 7422
1 7424
3 7424
5 7424
7 7424
9 7424
11 7424
13 7424
15 7424
17 7424
19 7424
21 7424
23 7424
25 7424
27 7424
31 7424
33 7424
35 7424
37 7424
39 7424
41 7424
43 7424
45 7424
47 7424
49 7424
51 7424
53 7424
55 7424
57 7424
59 7424
61 7424
63 7424
65 7424
67 7424
69 7424
71 7424
73 7424
1 7426
3 7426
5 7426
7 7426
9 7426
11 7426
13 7426
15 7426
17 7426
19 7426
21 7426
23 7426
25 7426
27 7426
29 7426
31 7426
33 7426
35 7426
37 7426
39 7426
41 7426
43 7426
45 7426
49 7426
51 7426
53 7426
55 7426
57 7426
59 7426
61 7426
63 7426
65 7426
67 7426
69 7426
71 7426
73 7426
1 7428
5 7428
7 7428
11 7428
13 7428
17 7428
19 7428
23 7428
25 7428
29 7428
31 7428
35 7428
37 7428
41 7428
43 7428
47 7428
49 7428
53 7428
55 7428
59 7428
61 7428
65 7428
67 7428
71 7428
73 7428
1 7430
3 7430
7 7430
9 7430
11 7430
13 7430
17 7430
19 7430
21 7430
23 7430
27 7430
29 7430
31 7430
33 7430
37 7430
39 7430
41 7430
43 7430
47 7430
49 7430
51 7430
53 7430
57 7430
59 7430
61 7430
63 7430
67 7430
69 7430
71 7430
73 7430
1 7432
3 7432
5 7432
7 7432
9 7432
11 7432
13 7432
15 7432
17 7432
19 7432
21 7432
23 7432
25 7432
27 7432
29 7432
31 7432
33 7432
35 7432
37 7432
39 7432
41 7432
43 7432
45 7432
47 7432
49 7432
51 7432
53 7432
55 7432
57 7432
59 7432
61 7432
63 7432
65 7432
67 7432
69 7432
71 7432
73 7432
1 7434
5 7434
11 7434
13 7434
17 7434
19 7434
23 7434
25 7434
29 7434
31 7434
37 7434
41 7434
43 7434
47 7434
53 7434
55 7434
61 7434
65 7434
67 7434
71 7434
73 7434
1 7436
3 7436
5 7436
7 7436
9 7436
15 7436
17 7436
19 7436
21 7436
23 7436
25 7436
27 7436
29 7436
31 7436
35 7436
37 7436
41 7436
43 7436
45 7436
47 7436
49 7436
51 7436
53 7436
57 7436
59 7436
61 7436
63 7436
67 7436
69 7436
71 7436
73 7436
1 7438
3 7438
5 7438
7 7438
9 7438
11 7438
13 7438
15 7438
17 7438
19 7438
21 7438
23 7438
25 7438
27 7438
29 7438
31 7438
33 7438
35 7438
37 7438
39 7438
41 7438
43 7438
45 7438
47 7438
49 7438
51 7438
53 7438
55 7438
57 7438
59 7438
61 7438
63 7438
65 7438
67 7438
69 7438
71 7438
73 7438
1 7440
7 7440
11 7440
13 7440
17 7440
19 7440
23 7440
29 7440
37 7440
41 7440
43 7440
47 7440
49 7440
53 7440
59 7440
61 7440
67 7440
71 7440
73 7440
1 7442
3 7442
5 7442
7 7442
9 7442
11 7442
13 7442
15 7442
17 7442
19 7442
21 7442
23 7442
25 7442
27 7442
29 7442
31 7442
33 7442
35 7442
37 7442
39 7442
41 7442
43 7442
45 7442
47 7442
49 7442
51 7442
53 7442
55 7442
57 7442
59 7442
63 7442
65 7442
67 7442
69 7442
71 7442
73 7442
1 7444
3 7444
5 7444
7 7444
9 7444
11 7444
13 7444
15 7444
17 7444
19 7444
21 7444
23 7444
25 7444
27 7444
29 7444
31 7444
33 7444
35 7444
37 7444
39 7444
41 7444
43 7444
45 7444
47 7444
49 7444
51 7444
53 7444
55 7444
57 7444
59 7444
61 7444
63 7444
65 7444
67 7444
69 7444
71 7444
73 7444
1 7446
5 7446
7 7446
11 7446
13 7446
19 7446
23 7446
25 7446
29 7446
31 7446
35 7446
37 7446
41 7446
43 7446
47 7446
49 7446
53 7446
55 7446
59 7446
61 7446
65 7446
67 7446
71 7446
1 7448
3 7448
5 7448
9 7448
11 7448
13 7448
15 7448
17 7448
23 7448
25 7448
27 7448
29 7448
31 7448
33 7448
37 7448
39 7448
41 7448
43 7448
45 7448
47 7448
51 7448
53 7448
55 7448
59 7448
61 7448
65 7448
67 7448
69 7448
71 7448
73 7448
1 7450
3 7450
7 7450
9 7450
11 7450
13 7450
17 7450
19 7450
21 7450
23 7450
27 7450
29 7450
31 7450
33 7450
37 7450
39 7450
41 7450
43 7450
47 7450
49 7450
51 7450
53 7450
57 7450
59 7450
61 7450
63 7450
67 7450
69 7450
71 7450
73 7450
1 7452
5 7452
7 7452
11 7452
13 7452
17 7452
19 7452
25 7452
29 7452
31 7452
35 7452
37 7452
41 7452
43 7452
47 7452
49 7452
53 7452
55 7452
59 7452
61 7452
65 7452
67 7452
71 7452
73 7452
1 7454
3 7454
5 7454
7 7454
9 7454
11 7454
13 7454
15 7454
17 7454
19 7454
21 7454
23 7454
25 7454
27 7454
29 7454
31 7454
33 7454
35 7454
37 7454
39 7454
41 7454
43 7454
45 7454
47 7454
49 7454
51 7454
53 7454
55 7454
57 7454
59 7454
61 7454
63 7454
65 7454
67 7454
69 7454
71 7454
73 7454
1 7456
3 7456
5 7456
7 7456
9 7456
11 7456
13 7456
15 7456
17 7456
19 7456
21 7456
23 7456
25 7456
27 7456
29 7456
31 7456
33 7456
35 7456
37 7456
39 7456
41 7456
43 7456
45 7456
47 7456
49 7456
51 7456
53 7456
55 7456
57 7456
59 7456
61 7456
63 7456
65 7456
67 7456
69 7456
71 7456
73 7456
1 7458
5 7458
7 7458
13 7458
17 7458
19 7458
23 7458
25 7458
29 7458
31 7458
35 7458
37 7458
41 7458
43 7458
47 7458
49 7458
53 7458
59 7458
61 7458
65 7458
67 7458
71 7458
73 7458
1 7460
3 7460
7 7460
9 7460
11 7460
13 7460
17 7460
19 7460
21 7460
23 7460
27 7460
29 7460
31 7460
33 7460
37 7460
39 7460
41 7460
43 7460
47 7460
49 7460
51 7460
53 7460
57 7460
59 7460
61 7460
63 7460
67 7460
69 7460
71 7460
73 7460
1 7462
3 7462
5 7462
9 7462
11 7462
15 7462
17 7462
19 7462
23 7462
25 7462
27 7462
29 7462
31 7462
33 7462
37 7462
43 7462
45 7462
47 7462
51 7462
53 7462
55 7462
57 7462
59 7462
61 7462
67 7462
69 7462
71 7462
73 7462
1 7464
5 7464
7 7464
11 7464
13 7464
17 7464
19 7464
23 7464
25 7464
29 7464
31 7464
35 7464
37 7464
41 7464
43 7464
47 7464
49 7464
53 7464
55 7464
59 7464
61 7464
65 7464
67 7464
71 7464
73 7464
1 7466
3 7466
5 7466
7 7466
9 7466
11 7466
13 7466
15 7466
17 7466
19 7466
21 7466
23 7466
25 7466
27 7466
29 7466
31 7466
33 7466
35 7466
37 7466
39 7466
41 7466
43 7466
45 7466
47 7466
49 7466
51 7466
53 7466
55 7466
57 7466
59 7466
61 7466
63 7466
65 7466
67 7466
69 7466
71 7466
73 7466
1 7468
3 7468
5 7468
7 7468
9 7468
11 7468
13 7468
15 7468
17 7468
19 7468
21 7468
23 7468
25 7468
27 7468
29 7468
31 7468
33 7468
35 7468
37 7468
39 7468
41 7468
43 7468
45 7468
47 7468
49 7468
51 7468
53 7468
55 7468
57 7468
59 7468
61 7468
63 7468
65 7468
67 7468
69 7468
71 7468
73 7468
1 7470
7 7470
11 7470
13 7470
17 7470
19 7470
23 7470
29 7470
31 7470
37 7470
41 7470
43 7470
47 7470
49 7470
53 7470
59 7470
61 7470
67 7470
71 7470
73 7470
1 7472
3 7472
5 7472
7 7472
9 7472
11 7472
13 7472
15 7472
17 7472
19 7472
21 7472
23 7472
25 7472
27 7472
29 7472
31 7472
33 7472
35 7472
37 7472
39 7472
41 7472
43 7472
45 7472
47 7472
49 7472
51 7472
53 7472
55 7472
57 7472
59 7472
61 7472
63 7472
65 7472
67 7472
69 7472
71 7472
73 7472
1 7474
3 7474
5 7474
7 7474
9 7474
11 7474
13 7474
15 7474
17 7474
19 7474
21 7474
23 7474
25 7474
27 7474
29 7474
31 7474
33 7474
35 7474
39 7474
41 7474
43 7474
45 7474
47 7474
49 7474
51 7474
53 7474
55 7474
57 7474
59 7474
61 7474
63 7474
65 7474
67 7474
69 7474
71 7474
73 7474
1 7476
5 7476
11 7476
13 7476
17 7476
19 7476
23 7476
25 7476
29 7476
31 7476
37 7476
41 7476
43 7476
47 7476
53 7476
55 7476
59 7476
61 7476
65 7476
67 7476
71 7476
73 7476
1 7478
3 7478
5 7478
7 7478
9 7478
11 7478
13 7478
15 7478
17 7478
19 7478
21 7478
23 7478
25 7478
27 7478
29 7478
31 7478
33 7478
35 7478
37 7478
39 7478
41 7478
43 7478
45 7478
47 7478
49 7478
51 7478
53 7478
55 7478
57 7478
59 7478
61 7478
63 7478
65 7478
67 7478
69 7478
71 7478
73 7478
1 7480
3 7480
7 7480
9 7480
13 7480
19 7480
21 7480
23 7480
27 7480
29 7480
31 7480
37 7480
39 7480
41 7480
43 7480
47 7480
49 7480
53 7480
57 7480
59 7480
61 7480
63 7480
67 7480
69 7480
71 7480
73 7480
1 7482
5 7482
7 7482
11 7482
13 7482
17 7482
19 7482
23 7482
25 7482
31 7482
35 7482
37 7482
41 7482
47 7482
49 7482
53 7482
55 7482
59 7482
61 7482
65 7482
67 7482
71 7482
73 7482
1 7484
3 7484
5 7484
7 7484
9 7484
11 7484
13 7484
15 7484
17 7484
19 7484
21 7484
23 7484
25 7484
27 7484
29 7484
31 7484
33 7484
35 7484
37 7484
39 7484
41 7484
43 7484
45 7484
47 7484
49 7484
51 7484
53 7484
55 7484
57 7484
59 7484
61 7484
63 7484
65 7484
67 7484
69 7484
71 7484
73 7484
1 7486
3 7486
5 7486
7 7486
9 7486
11 7486
13 7486
15 7486
17 7486
21 7486
23 7486
25 7486
27 7486
29 7486
31 7486
33 7486
35 7486
37 7486
39 7486
41 7486
43 7486
45 7486
47 7486
49 7486
51 7486
53 7486
55 7486
59 7486
61 7486
63 7486
65 7486
67 7486
69 7486
71 7486
73 7486
1 7488
5 7488
7 7488
11 7488
17 7488
19 7488
23 7488
25 7488
29 7488
31 7488
35 7488
37 7488
41 7488
43 7488
47 7488
49 7488
53 7488
55 7488
59 7488
61 7488
67 7488
71 7488
73 7488
1 7490
3 7490
9 7490
11 7490
13 7490
17 7490
19 7490
23 7490
27 7490
29 7490
31 7490
33 7490
37 7490
39 7490
41 7490
43 7490
47 7490
51 7490
53 7490
57 7490
59 7490
61 7490
67 7490
69 7490
71 7490
73 7490
1 7492
3 7492
5 7492
7 7492
9 7492
11 7492
13 7492
15 7492
17 7492
19 7492
21 7492
23 7492
25 7492
27 7492
29 7492
31 7492
33 7492
35 7492
37 7492
39 7492
41 7492
43 7492
45 7492
47 7492
49 7492
51 7492
53 7492
55 7492
57 7492
59 7492
61 7492
63 7492
65 7492
67 7492
69 7492
71 7492
73 7492
1 7494
5 7494
7 7494
11 7494
13 7494
17 7494
19 7494
23 7494
25 7494
29 7494
31 7494
35 7494
37 7494
41 7494
43 7494
47 7494
49 7494
53 7494
55 7494
59 7494
61 7494
65 7494
67 7494
71 7494
73 7494
1 7496
3 7496
5 7496
7 7496
9 7496
11 7496
13 7496
15 7496
17 7496
19 7496
21 7496
23 7496
25 7496
27 7496
29 7496
31 7496
33 7496
35 7496
37 7496
39 7496
41 7496
43 7496
45 7496
47 7496
49 7496
51 7496
53 7496
55 7496
57 7496
59 7496
61 7496
63 7496
65 7496
67 7496
69 7496
71 7496
73 7496
1 7498
3 7498
5 7498
7 7498
9 7498
11 7498
13 7498
15 7498
17 7498
19 7498
21 7498
25 7498
27 7498
29 7498
31 7498
33 7498
35 7498
37 7498
39 7498
41 7498
43 7498
45 7498
47 7498
49 7498
51 7498
53 7498
55 7498
57 7498
59 7498
61 7498
63 7498
65 7498
67 7498
71 7498
73 7498
1 7500
7 7500
11 7500
13 7500
17 7500
19 7500
23 7500
29 7500
31 7500
37 7500
41 7500
43 7500
47 7500
49 7500
53 7500
59 7500
61 7500
67 7500
71 7500
73 7500
1 7502
3 7502
5 7502
7 7502
9 7502
13 7502
15 7502
17 7502
19 7502
21 7502
23 7502
25 7502
27 7502
29 7502
35 7502
37 7502
39 7502
41 7502
43 7502
45 7502
47 7502
49 7502
51 7502
53 7502
57 7502
59 7502
61 7502
63 7502
65 7502
67 7502
69 7502
71 7502
73 7502
75 7502
1 7504
3 7504
5 7504
9 7504
11 7504
13 7504
15 7504
17 7504
19 7504
23 7504
25 7504
27 7504
29 7504
31 7504
33 7504
37 7504
39 7504
41 7504
43 7504
45 7504
47 7504
51 7504
53 7504
55 7504
57 7504
59 7504
61 7504
65 7504
69 7504
71 7504
73 7504
75 7504
1 7506
5 7506
7 7506
11 7506
13 7506
17 7506
19 7506
23 7506
25 7506
29 7506
31 7506
35 7506
37 7506
41 7506
43 7506
47 7506
49 7506
53 7506
55 7506
59 7506
61 7506
65 7506
67 7506
71 7506
73 7506
1 7508
3 7508
5 7508
7 7508
9 7508
11 7508
13 7508
15 7508
17 7508
19 7508
21 7508
23 7508
25 7508
27 7508
29 7508
31 7508
33 7508
35 7508
37 7508
39 7508
41 7508
43 7508
45 7508
47 7508
49 7508
51 7508
53 7508
55 7508
57 7508
59 7508
61 7508
63 7508
65 7508
67 7508
69 7508
71 7508
73 7508
75 7508
1 7510
3 7510
7 7510
9 7510
11 7510
13 7510
17 7510
19 7510
21 7510
23 7510
27 7510
29 7510
31 7510
33 7510
37 7510
39 7510
41 7510
43 7510
47 7510
49 7510
51 7510
53 7510
57 7510
59 7510
61 7510
63 7510
67 7510
69 7510
71 7510
73 7510
1 7512
5 7512
7 7512
11 7512
13 7512
17 7512
19 7512
23 7512
25 7512
29 7512
31 7512
35 7512
37 7512
41 7512
43 7512
47 7512
49 7512
53 7512
55 7512
59 7512
61 7512
65 7512
67 7512
71 7512
73 7512
1 7514
3 7514
5 7514
7 7514
9 7514
11 7514
15 7514
19 7514
21 7514
23 7514
25 7514
27 7514
29 7514
31 7514
33 7514
35 7514
37 7514
41 7514
43 7514
45 7514
47 7514
49 7514
53 7514
55 7514
57 7514
59 7514
61 7514
63 7514
67 7514
69 7514
71 7514
73 7514
75 7514
1 7516
3 7516
5 7516
7 7516
9 7516
11 7516
13 7516
15 7516
17 7516
19 7516
21 7516
23 7516
25 7516
27 7516
29 7516
31 7516
33 7516
35 7516
37 7516
39 7516
41 7516
43 7516
45 7516
47 7516
49 7516
51 7516
53 7516
55 7516
57 7516
59 7516
61 7516
63 7516
65 7516
67 7516
69 7516
71 7516
73 7516
75 7516
1 7518
5 7518
11 7518
13 7518
17 7518
19 7518
23 7518
25 7518
29 7518
31 7518
37 7518
41 7518
43 7518
47 7518
53 7518
55 7518
59 7518
61 7518
65 7518
67 7518
71 7518
73 7518
1 7520
3 7520
7 7520
9 7520
11 7520
13 7520
17 7520
19 7520
21 7520
23 7520
27 7520
29 7520
31 7520
33 7520
37 7520
39 7520
41 7520
43 7520
49 7520
51 7520
53 7520
57 7520
59 7520
61 7520
63 7520
67 7520
69 7520
71 7520
73 7520
1 7522
3 7522
5 7522
7 7522
9 7522
11 7522
13 7522
15 7522
17 7522
19 7522
21 7522
23 7522
25 7522
27 7522
29 7522
31 7522
33 7522
35 7522
37 7522
39 7522
41 7522
43 7522
45 7522
47 7522
49 7522
51 7522
53 7522
55 7522
57 7522
59 7522
61 7522
63 7522
65 7522
67 7522
69 7522
71 7522
73 7522
75 7522
1 7524
5 7524
7 7524
13 7524
17 7524
23 7524
25 7524
29 7524
31 7524
35 7524
37 7524
41 7524
43 7524
47 7524
49 7524
53 7524
59 7524
61 7524
65 7524
67 7524
71 7524
73 7524
1 7526
3 7526
5 7526
7 7526
9 7526
11 7526
13 7526
15 7526
17 7526
19 7526
21 7526
23 7526
25 7526
27 7526
29 7526
31 7526
33 7526
35 7526
37 7526
39 7526
41 7526
43 7526
45 7526
47 7526
49 7526
51 7526
55 7526
57 7526
59 7526
61 7526
63 7526
65 7526
67 7526
69 7526
73 7526
75 7526
1 7528
3 7528
5 7528
7 7528
9 7528
11 7528
13 7528
15 7528
17 7528
19 7528
21 7528
23 7528
25 7528
27 7528
29 7528
31 7528
33 7528
35 7528
37 7528
39 7528
41 7528
43 7528
45 7528
47 7528
49 7528
51 7528
53 7528
55 7528
57 7528
59 7528
61 7528
63 7528
65 7528
67 7528
69 7528
71 7528
73 7528
75 7528
1 7530
7 7530
11 7530
13 7530
17 7530
19 7530
23 7530
29 7530
31 7530
37 7530
41 7530
43 7530
47 7530
49 7530
53 7530
59 7530
61 7530
67 7530
71 7530
73 7530
1 7532
3 7532
5 7532
9 7532
11 7532
13 7532
15 7532
17 7532
19 7532
23 7532
25 7532
27 7532
29 7532
31 7532
33 7532
37 7532
39 7532
41 7532
43 7532
45 7532
47 7532
51 7532
53 7532
55 7532
57 7532
59 7532
61 7532
65 7532
67 7532
69 7532
71 7532
73 7532
75 7532
1 7534
3 7534
5 7534
7 7534
9 7534
11 7534
13 7534
15 7534
17 7534
19 7534
21 7534
23 7534
25 7534
27 7534
29 7534
31 7534
33 7534
35 7534
37 7534
39 7534
41 7534
43 7534
45 7534
47 7534
49 7534
51 7534
53 7534
55 7534
57 7534
59 7534
61 7534
63 7534
65 7534
67 7534
69 7534
71 7534
73 7534
75 7534
1 7536
5 7536
7 7536
11 7536
13 7536
17 7536
19 7536
23 7536
25 7536
29 7536
31 7536
35 7536
37 7536
41 7536
43 7536
47 7536
49 7536
53 7536
55 7536
59 7536
61 7536
65 7536
67 7536
71 7536
73 7536
1 7538
3 7538
5 7538
7 7538
9 7538
11 7538
13 7538
15 7538
17 7538
19 7538
21 7538
23 7538
25 7538
27 7538
29 7538
31 7538
33 7538
35 7538
37 7538
39 7538
41 7538
43 7538
45 7538
47 7538
49 7538
51 7538
53 7538
55 7538
57 7538
59 7538
61 7538
63 7538
65 7538
67 7538
69 7538
71 7538
73 7538
75 7538
1 7540
3 7540
7 7540
9 7540
11 7540
17 7540
19 7540
21 7540
23 7540
27 7540
31 7540
33 7540
37 7540
41 7540
43 7540
47 7540
49 7540
51 7540
53 7540
57 7540
59 7540
61 7540
63 7540
67 7540
69 7540
71 7540
73 7540
1 7542
5 7542
7 7542
11 7542
13 7542
17 7542
19 7542
23 7542
25 7542
29 7542
31 7542
35 7542
37 7542
41 7542
43 7542
47 7542
49 7542
53 7542
55 7542
59 7542
61 7542
65 7542
67 7542
71 7542
73 7542
1 7544
3 7544
5 7544
7 7544
9 7544
11 7544
13 7544
15 7544
17 7544
19 7544
21 7544
25 7544
27 7544
29 7544
31 7544
33 7544
35 7544
37 7544
39 7544
43 7544
45 7544
47 7544
49 7544
51 7544
53 7544
55 7544
57 7544
59 7544
61 7544
63 7544
65 7544
67 7544
71 7544
73 7544
75 7544
1 7546
3 7546
5 7546
9 7546
13 7546
15 7546
17 7546
19 7546
23 7546
25 7546
27 7546
29 7546
31 7546
37 7546
39 7546
41 7546
43 7546
45 7546
47 7546
51 7546
53 7546
57 7546
59 7546
61 7546
65 7546
67 7546
69 7546
71 7546
73 7546
75 7546
1 7548
5 7548
7 7548
11 7548
13 7548
19 7548
23 7548
25 7548
29 7548
31 7548
35 7548
41 7548
43 7548
47 7548
49 7548
53 7548
55 7548
59 7548
61 7548
65 7548
67 7548
71 7548
73 7548
1 7550
3 7550
7 7550
9 7550
11 7550
13 7550
17 7550
19 7550
21 7550
23 7550
27 7550
29 7550
31 7550
33 7550
37 7550
39 7550
41 7550
43 7550
47 7550
49 7550
51 7550
53 7550
57 7550
59 7550
61 7550
63 7550
67 7550
69 7550
71 7550
73 7550
1 7552
3 7552
5 7552
7 7552
9 7552
11 7552
13 7552
15 7552
17 7552
19 7552
21 7552
23 7552
25 7552
27 7552
29 7552
31 7552
33 7552
35 7552
37 7552
39 7552
41 7552
43 7552
45 7552
47 7552
49 7552
51 7552
53 7552
55 7552
57 7552
61 7552
63 7552
65 7552
67 7552
69 7552
71 7552
73 7552
75 7552
1 7554
5 7554
7 7554
11 7554
13 7554
17 7554
19 7554
23 7554
25 7554
29 7554
31 7554
35 7554
37 7554
41 7554
43 7554
47 7554
49 7554
53 7554
55 7554
59 7554
61 7554
65 7554
67 7554
71 7554
73 7554
1 7556
3 7556
5 7556
7 7556
9 7556
11 7556
13 7556
15 7556
17 7556
19 7556
21 7556
23 7556
25 7556
27 7556
29 7556
31 7556
33 7556
35 7556
37 7556
39 7556
41 7556
43 7556
45 7556
47 7556
49 7556
51 7556
53 7556
55 7556
57 7556
59 7556
61 7556
63 7556
65 7556
67 7556
69 7556
71 7556
73 7556
75 7556
1 7558
3 7558
5 7558
7 7558
9 7558
11 7558
13 7558
15 7558
17 7558
19 7558
21 7558
23 7558
25 7558
27 7558
29 7558
31 7558
33 7558
35 7558
37 7558
39 7558
41 7558
43 7558
45 7558
47 7558
49 7558
51 7558
53 7558
55 7558
57 7558
59 7558
61 7558
63 7558
65 7558
67 7558
69 7558
71 7558
73 7558
75 7558
1 7560
11 7560
13 7560
17 7560
19 7560
23 7560
29 7560
31 7560
37 7560
41 7560
43 7560
47 7560
53 7560
59 7560
61 7560
67 7560
71 7560
73 7560
1 7562
3 7562
5 7562
7 7562
9 7562
11 7562
13 7562
15 7562
17 7562
21 7562
23 7562
25 7562
27 7562
29 7562
31 7562
33 7562
35 7562
37 7562
39 7562
41 7562
43 7562
45 7562
47 7562
49 7562
51 7562
53 7562
55 7562
59 7562
61 7562
63 7562
65 7562
67 7562
69 7562
71 7562
73 7562
75 7562
1 7564
3 7564
5 7564
7 7564
9 7564
11 7564
13 7564
15 7564
17 7564
19 7564
21 7564
23 7564
25 7564
27 7564
29 7564
33 7564
35 7564
37 7564
39 7564
41 7564
43 7564
45 7564
47 7564
49 7564
51 7564
53 7564
55 7564
57 7564
59 7564
63 7564
65 7564
67 7564
69 7564
71 7564
73 7564
75 7564
1 7566
5 7566
7 7566
11 7566
17 7566
19 7566
23 7566
25 7566
29 7566
31 7566
35 7566
37 7566
41 7566
43 7566
47 7566
49 7566
53 7566
55 7566
59 7566
61 7566
67 7566
71 7566
73 7566
1 7568
3 7568
5 7568
7 7568
9 7568
13 7568
15 7568
17 7568
19 7568
21 7568
23 7568
25 7568
27 7568
29 7568
31 7568
35 7568
37 7568
39 7568
41 7568
45 7568
47 7568
49 7568
51 7568
53 7568
57 7568
59 7568
61 7568
63 7568
65 7568
67 7568
69 7568
71 7568
73 7568
75 7568
1 7570
3 7570
7 7570
9 7570
11 7570
13 7570
17 7570
19 7570
21 7570
23 7570
27 7570
29 7570
31 7570
33 7570
37 7570
39 7570
41 7570
43 7570
47 7570
49 7570
51 7570
53 7570
57 7570
59 7570
61 7570
63 7570
67 7570
69 7570
71 7570
73 7570
1 7572
5 7572
7 7572
11 7572
13 7572
17 7572
19 7572
23 7572
25 7572
29 7572
31 7572
35 7572
37 7572
41 7572
43 7572
47 7572
49 7572
53 7572
55 7572
59 7572
61 7572
65 7572
67 7572
71 7572
73 7572
1 7574
3 7574
5 7574
9 7574
11 7574
13 7574
15 7574
17 7574
19 7574
23 7574
25 7574
27 7574
29 7574
31 7574
33 7574
37 7574
39 7574
41 7574
43 7574
45 7574
47 7574
51 7574
53 7574
55 7574
57 7574
59 7574
61 7574
65 7574
67 7574
69 7574
71 7574
73 7574
75 7574
1 7576
3 7576
5 7576
7 7576
9 7576
11 7576
13 7576
15 7576
17 7576
19 7576
21 7576
23 7576
25 7576
27 7576
29 7576
31 7576
33 7576
35 7576
37 7576
39 7576
41 7576
43 7576
45 7576
47 7576
49 7576
51 7576
53 7576
55 7576
57 7576
59 7576
61 7576
63 7576
65 7576
67 7576
69 7576
71 7576
73 7576
75 7576
1 7578
5 7578
7 7578
11 7578
13 7578
17 7578
19 7578
23 7578
25 7578
29 7578
31 7578
35 7578
37 7578
41 7578
43 7578
47 7578
49 7578
53 7578
55 7578
59 7578
61 7578
65 7578
67 7578
71 7578
73 7578
1 7580
3 7580
7 7580
9 7580
11 7580
13 7580
17 7580
19 7580
21 7580
23 7580
27 7580
29 7580
31 7580
33 7580
37 7580
39 7580
41 7580
43 7580
47 7580
49 7580
51 7580
53 7580
57 7580
59 7580
61 7580
63 7580
67 7580
69 7580
71 7580
73 7580
1 7582
3 7582
5 7582
7 7582
9 7582
11 7582
13 7582
15 7582
19 7582
21 7582
23 7582
25 7582
27 7582
29 7582
31 7582
33 7582
35 7582
37 7582
39 7582
41 7582
43 7582
45 7582
47 7582
49 7582
53 7582
55 7582
57 7582
59 7582
61 7582
63 7582
65 7582
67 7582
69 7582
71 7582
73 7582
75 7582
1 7584
5 7584
7 7584
11 7584
13 7584
17 7584
19 7584
23 7584
25 7584
29 7584
31 7584
35 7584
37 7584
41 7584
43 7584
47 7584
49 7584
53 7584
55 7584
59 7584
61 7584
65 7584
67 7584
71 7584
73 7584
1 7586
3 7586
5 7586
7 7586
9 7586
11 7586
13 7586
15 7586
17 7586
19 7586
21 7586
23 7586
25 7586
27 7586
29 7586
31 7586
33 7586
35 7586
37 7586
39 7586
41 7586
43 7586
45 7586
47 7586
49 7586
51 7586
53 7586
55 7586
57 7586
59 7586
61 7586
63 7586
65 7586
67 7586
69 7586
71 7586
73 7586
75 7586
1 7588
3 7588
5 7588
9 7588
11 7588
13 7588
15 7588
17 7588
19 7588
23 7588
25 7588
27 7588
29 7588
31 7588
33 7588
37 7588
39 7588
41 7588
43 7588
45 7588
47 7588
51 7588
53 7588
55 7588
57 7588
59 7588
61 7588
65 7588
67 7588
69 7588
71 7588
73 7588
75 7588
1 7590
7 7590
13 7590
17 7590
19 7590
29 7590
31 7590
37 7590
41 7590
43 7590
47 7590
49 7590
53 7590
59 7590
61 7590
67 7590
71 7590
73 7590
1 7592
3 7592
5 7592
7 7592
9 7592
11 7592
15 7592
17 7592
19 7592
21 7592
23 7592
25 7592
27 7592
29 7592
31 7592
33 7592
35 7592
37 7592
41 7592
43 7592
45 7592
47 7592
49 7592
51 7592
53 7592
55 7592
57 7592
59 7592
61 7592
63 7592
67 7592
69 7592
71 7592
75 7592
1 7594
3 7594
5 7594
7 7594
9 7594
11 7594
13 7594
15 7594
17 7594
19 7594
21 7594
23 7594
25 7594
27 7594
29 7594
31 7594
33 7594
35 7594
37 7594
39 7594
41 7594
43 7594
45 7594
47 7594
49 7594
51 7594
53 7594
55 7594
57 7594
59 7594
61 7594
63 7594
65 7594
67 7594
69 7594
71 7594
73 7594
75 7594
1 7596
5 7596
7 7596
11 7596
13 7596
17 7596
19 7596
23 7596
25 7596
29 7596
31 7596
35 7596
37 7596
41 7596
43 7596
47 7596
49 7596
53 7596
55 7596
59 7596
61 7596
65 7596
67 7596
71 7596
73 7596
1 7598
3 7598
5 7598
7 7598
9 7598
11 7598
13 7598
15 7598
17 7598
19 7598
21 7598
23 7598
25 7598
27 7598
31 7598
33 7598
35 7598
37 7598
39 7598
41 7598
43 7598
45 7598
47 7598
49 7598
51 7598
53 7598
55 7598
57 7598
59 7598
61 7598
63 7598
65 7598
67 7598
69 7598
71 7598
73 7598
75 7598
1 7600
3 7600
7 7600
9 7600
11 7600
13 7600
17 7600
21 7600
23 7600
27 7600
29 7600
31 7600
33 7600
37 7600
39 7600
41 7600
43 7600
47 7600
49 7600
51 7600
53 7600
59 7600
61 7600
63 7600
67 7600
69 7600
71 7600
73 7600
1 7602
5 7602
11 7602
13 7602
17 7602
19 7602
23 7602
25 7602
29 7602
31 7602
37 7602
41 7602
43 7602
47 7602
53 7602
55 7602
59 7602
61 7602
65 7602
67 7602
71 7602
73 7602
1 7604
3 7604
5 7604
7 7604
9 7604
11 7604
13 7604
15 7604
17 7604
19 7604
21 7604
23 7604
25 7604
27 7604
29 7604
31 7604
33 7604
35 7604
37 7604
39 7604
41 7604
43 7604
45 7604
47 7604
49 7604
51 7604
53 7604
55 7604
57 7604
59 7604
61 7604
63 7604
65 7604
67 7604
69 7604
71 7604
73 7604
75 7604
1 7606
3 7606
5 7606
7 7606
9 7606
11 7606
13 7606
15 7606
17 7606
19 7606
21 7606
23 7606
25 7606
27 7606
29 7606
31 7606
33 7606
35 7606
37 7606
39 7606
41 7606
43 7606
45 7606
47 7606
49 7606
51 7606
53 7606
55 7606
57 7606
59 7606
61 7606
63 7606
65 7606
67 7606
69 7606
71 7606
73 7606
75 7606
1 7608
5 7608
7 7608
11 7608
13 7608
17 7608
19 7608
23 7608
25 7608
29 7608
31 7608
35 7608
37 7608
41 7608
43 7608
47 7608
49 7608
53 7608
55 7608
59 7608
61 7608
65 7608
67 7608
71 7608
73 7608
1 7610
3 7610
7 7610
9 7610
11 7610
13 7610
17 7610
19 7610
21 7610
23 7610
27 7610
29 7610
31 7610
33 7610
37 7610
39 7610
41 7610
43 7610
47 7610
49 7610
51 7610
53 7610
57 7610
59 7610
61 7610
63 7610
67 7610
69 7610
71 7610
73 7610
1 7612
3 7612
5 7612
7 7612
9 7612
13 7612
15 7612
17 7612
19 7612
21 7612
23 7612
25 7612
27 7612
29 7612
31 7612
35 7612
37 7612
39 7612
41 7612
43 7612
45 7612
47 7612
49 7612
51 7612
53 7612
57 7612
59 7612
61 7612
63 7612
65 7612
67 7612
69 7612
71 7612
73 7612
75 7612
1 7614
5 7614
7 7614
11 7614
13 7614
17 7614
19 7614
23 7614
25 7614
29 7614
31 7614
35 7614
37 7614
41 7614
43 7614
49 7614
53 7614
55 7614
59 7614
61 7614
65 7614
67 7614
71 7614
73 7614
1 7616
3 7616
5 7616
9 7616
11 7616
13 7616
15 7616
19 7616
23 7616
25 7616
27 7616
29 7616
31 7616
33 7616
37 7616
39 7616
41 7616
43 7616
45 7616
47 7616
53 7616
55 7616
57 7616
59 7616
61 7616
65 7616
67 7616
69 7616
71 7616
73 7616
75 7616
1 7618
3 7618
5 7618
7 7618
9 7618
11 7618
15 7618
17 7618
19 7618
21 7618
23 7618
25 7618
27 7618
29 7618
31 7618
33 7618
35 7618
37 7618
41 7618
43 7618
45 7618
47 7618
49 7618
51 7618
53 7618
55 7618
57 7618
59 7618
61 7618
63 7618
67 7618
69 7618
71 7618
73 7618
75 7618
1 7620
7 7620
11 7620
13 7620
17 7620
19 7620
23 7620
29 7620
31 7620
37 7620
41 7620
43 7620
47 7620
49 7620
53 7620
59 7620
61 7620
67 7620
71 7620
73 7620
1 7622
3 7622
5 7622
7 7622
9 7622
11 7622
13 7622
15 7622
17 7622
19 7622
21 7622
23 7622
25 7622
27 7622
29 7622
31 7622
33 7622
35 7622
39 7622
41 7622
43 7622
45 7622
47 7622
49 7622
51 7622
53 7622
55 7622
57 7622
59 7622
61 7622
63 7622
65 7622
67 7622
69 7622
71 7622
73 7622
75 7622
1 7624
3 7624
5 7624
7 7624
9 7624
11 7624
13 7624
15 7624
17 7624
19 7624
21 7624
23 7624
25 7624
27 7624
29 7624
31 7624
33 7624
35 7624
37 7624
39 7624
41 7624
43 7624
45 7624
47 7624
49 7624
51 7624
53 7624
55 7624
57 7624
59 7624
61 7624
63 7624
65 7624
67 7624
69 7624
71 7624
73 7624
75 7624
1 7626
5 7626
7 7626
11 7626
13 7626
17 7626
19 7626
23 7626
25 7626
29 7626
35 7626
37 7626
43 7626
47 7626
49 7626
53 7626
55 7626
59 7626
61 7626
65 7626
67 7626
71 7626
73 7626
1 7628
3 7628
5 7628
7 7628
9 7628
11 7628
13 7628
15 7628
17 7628
19 7628
21 7628
23 7628
25 7628
27 7628
29 7628
31 7628
33 7628
35 7628
37 7628
39 7628
41 7628
43 7628
45 7628
47 7628
49 7628
51 7628
53 7628
55 7628
57 7628
59 7628
61 7628
63 7628
65 7628
67 7628
69 7628
71 7628
73 7628
75 7628
1 7630
3 7630
9 7630
11 7630
13 7630
17 7630
19 7630
23 7630
27 7630
29 7630
31 7630
33 7630
37 7630
39 7630
41 7630
43 7630
47 7630
51 7630
53 7630
57 7630
59 7630
61 7630
67 7630
69 7630
71 7630
73 7630
1 7632
5 7632
7 7632
11 7632
13 7632
17 7632
19 7632
23 7632
25 7632
29 7632
31 7632
35 7632
37 7632
41 7632
43 7632
47 7632
49 7632
55 7632
59 7632
61 7632
65 7632
67 7632
71 7632
73 7632
1 7634
3 7634
5 7634
7 7634
9 7634
13 7634
15 7634
17 7634
19 7634
21 7634
23 7634
25 7634
27 7634
29 7634
31 7634
35 7634
37 7634
39 7634
41 7634
43 7634
45 7634
47 7634
49 7634
51 7634
53 7634
57 7634
59 7634
61 7634
63 7634
65 7634
67 7634
69 7634
71 7634
73 7634
75 7634
1 7636
3 7636
5 7636
7 7636
9 7636
11 7636
13 7636
15 7636
17 7636
19 7636
21 7636
25 7636
27 7636
29 7636
31 7636
33 7636
35 7636
37 7636
39 7636
41 7636
43 7636
45 7636
47 7636
49 7636
51 7636
53 7636
55 7636
57 7636
59 7636
61 7636
63 7636
65 7636
67 7636
71 7636
73 7636
75 7636
1 7638
5 7638
7 7638
11 7638
13 7638
17 7638
23 7638
25 7638
29 7638
31 7638
35 7638
37 7638
41 7638
43 7638
47 7638
49 7638
53 7638
55 7638
59 7638
61 7638
65 7638
71 7638
73 7638
1 7640
3 7640
7 7640
9 7640
11 7640
13 7640
17 7640
19 7640
21 7640
23 7640
27 7640
29 7640
31 7640
33 7640
37 7640
39 7640
41 7640
43 7640
47 7640
49 7640
51 7640
53 7640
57 7640
59 7640
61 7640
63 7640
67 7640
69 7640
71 7640
73 7640
1 7642
3 7642
5 7642
7 7642
9 7642
11 7642
13 7642
15 7642
17 7642
19 7642
21 7642
23 7642
25 7642
27 7642
29 7642
31 7642
33 7642
35 7642
37 7642
39 7642
41 7642
43 7642
45 7642
47 7642
49 7642
51 7642
53 7642
55 7642
57 7642
59 7642
61 7642
63 7642
65 7642
67 7642
69 7642
71 7642
73 7642
75 7642
1 7644
5 7644
11 7644
17 7644
19 7644
23 7644
25 7644
29 7644
31 7644
37 7644
41 7644
43 7644
47 7644
53 7644
55 7644
59 7644
61 7644
67 7644
71 7644
73 7644
1 7646
3 7646
5 7646
7 7646
9 7646
11 7646
13 7646
15 7646
17 7646
19 7646
21 7646
23 7646
25 7646
27 7646
29 7646
31 7646
33 7646
35 7646
37 7646
39 7646
41 7646
43 7646
45 7646
47 7646
49 7646
51 7646
53 7646
55 7646
57 7646
59 7646
61 7646
63 7646
65 7646
67 7646
69 7646
71 7646
73 7646
75 7646
1 7648
3 7648
5 7648
7 7648
9 7648
11 7648
13 7648
15 7648
17 7648
19 7648
21 7648
23 7648
25 7648
27 7648
29 7648
31 7648
33 7648
35 7648
37 7648
39 7648
41 7648
43 7648
45 7648
47 7648
49 7648
51 7648
53 7648
55 7648
57 7648
59 7648
61 7648
63 7648
65 7648
67 7648
69 7648
71 7648
73 7648
75 7648
1 7650
7 7650
11 7650
13 7650
19 7650
23 7650
29 7650
31 7650
37 7650
41 7650
43 7650
47 7650
49 7650
53 7650
59 7650
61 7650
67 7650
71 7650
73 7650
1 7652
3 7652
5 7652
7 7652
9 7652
11 7652
13 7652
15 7652
17 7652
19 7652
21 7652
23 7652
25 7652
27 7652
29 7652
31 7652
33 7652
35 7652
37 7652
39 7652
41 7652
43 7652
45 7652
47 7652
49 7652
51 7652
53 7652
55 7652
57 7652
59 7652
61 7652
63 7652
65 7652
67 7652
69 7652
71 7652
73 7652
75 7652
1 7654
3 7654
5 7654
7 7654
9 7654
11 7654
13 7654
15 7654
17 7654
19 7654
21 7654
23 7654
25 7654
27 7654
29 7654
31 7654
33 7654
35 7654
37 7654
39 7654
41 7654
45 7654
47 7654
49 7654
51 7654
53 7654
55 7654
57 7654
59 7654
61 7654
63 7654
65 7654
67 7654
69 7654
71 7654
73 7654
75 7654
1 7656
5 7656
7 7656
13 7656
17 7656
19 7656
23 7656
25 7656
31 7656
35 7656
37 7656
41 7656
43 7656
47 7656
49 7656
53 7656
59 7656
61 7656
65 7656
67 7656
71 7656
73 7656
1 7658
3 7658
5 7658
9 7658
11 7658
13 7658
15 7658
17 7658
19 7658
23 7658
25 7658
27 7658
29 7658
31 7658
33 7658
37 7658
39 7658
41 7658
43 7658
45 7658
47 7658
51 7658
53 7658
55 7658
57 7658
59 7658
61 7658
65 7658
67 7658
69 7658
71 7658
73 7658
75 7658
1 7660
3 7660
7 7660
9 7660
11 7660
13 7660
17 7660
19 7660
21 7660
23 7660
27 7660
29 7660
31 7660
33 7660
37 7660
39 7660
41 7660
43 7660
47 7660
49 7660
51 7660
53 7660
57 7660
59 7660
61 7660
63 7660
67 7660
69 7660
71 7660
73 7660
1 7662
5 7662
7 7662
11 7662
13 7662
17 7662
19 7662
23 7662
25 7662
29 7662
31 7662
35 7662
37 7662
41 7662
43 7662
47 7662
49 7662
53 7662
55 7662
59 7662
61 7662
65 7662
67 7662
71 7662
73 7662
1 7664
3 7664
5 7664
7 7664
9 7664
11 7664
13 7664
15 7664
17 7664
19 7664
21 7664
23 7664
25 7664
27 7664
29 7664
31 7664
33 7664
35 7664
37 7664
39 7664
41 7664
43 7664
45 7664
47 7664
49 7664
51 7664
53 7664
55 7664
57 7664
59 7664
61 7664
63 7664
65 7664
67 7664
69 7664
71 7664
73 7664
75 7664
1 7666
3 7666
5 7666
7 7666
9 7666
11 7666
13 7666
15 7666
17 7666
19 7666
21 7666
23 7666
25 7666
27 7666
29 7666
31 7666
33 7666
35 7666
37 7666
39 7666
41 7666
43 7666
45 7666
47 7666
49 7666
51 7666
53 7666
55 7666
57 7666
59 7666
61 7666
63 7666
65 7666
67 7666
69 7666
71 7666
73 7666
75 7666
1 7668
5 7668
7 7668
11 7668
13 7668
17 7668
19 7668
23 7668
25 7668
29 7668
31 7668
35 7668
37 7668
41 7668
43 7668
47 7668
49 7668
53 7668
55 7668
59 7668
61 7668
65 7668
67 7668
73 7668
1 7670
3 7670
7 7670
9 7670
11 7670
17 7670
19 7670
21 7670
23 7670
27 7670
29 7670
31 7670
33 7670
37 7670
41 7670
43 7670
47 7670
49 7670
51 7670
53 7670
57 7670
61 7670
63 7670
67 7670
69 7670
71 7670
73 7670
1 7672
3 7672
5 7672
9 7672
11 7672
13 7672
15 7672
17 7672
19 7672
23 7672
25 7672
27 7672
29 7672
31 7672
33 7672
37 7672
39 7672
41 7672
43 7672
45 7672
47 7672
51 7672
53 7672
55 7672
57 7672
59 7672
61 7672
65 7672
67 7672
69 7672
71 7672
73 7672
75 7672
1 7674
5 7674
7 7674
11 7674
13 7674
17 7674
19 7674
23 7674
25 7674
29 7674
31 7674
35 7674
37 7674
41 7674
43 7674
47 7674
49 7674
53 7674
55 7674
59 7674
61 7674
65 7674
67 7674
71 7674
73 7674
1 7676
3 7676
5 7676
7 7676
9 7676
11 7676
13 7676
15 7676
17 7676
21 7676
23 7676
25 7676
27 7676
29 7676
31 7676
33 7676
35 7676
37 7676
39 7676
41 7676
43 7676
45 7676
47 7676
49 7676
51 7676
53 7676
55 7676
59 7676
61 7676
63 7676
65 7676
67 7676
69 7676
71 7676
73 7676
75 7676
1 7678
3 7678
5 7678
7 7678
9 7678
13 7678
15 7678
17 7678
19 7678
21 7678
23 7678
25 7678
27 7678
29 7678
31 7678
35 7678
37 7678
39 7678
41 7678
43 7678
45 7678
47 7678
49 7678
51 7678
53 7678
57 7678
59 7678
61 7678
63 7678
65 7678
67 7678
69 7678
71 7678
73 7678
75 7678
1 7680
7 7680
11 7680
13 7680
17 7680
19 7680
23 7680
29 7680
31 7680
37 7680
41 7680
43 7680
47 7680
49 7680
53 7680
59 7680
61 7680
67 7680
71 7680
73 7680
1 7682
3 7682
5 7682
7 7682
9 7682
11 7682
13 7682
15 7682
17 7682
19 7682
21 7682
25 7682
27 7682
29 7682
31 7682
33 7682
35 7682
37 7682
39 7682
41 7682
43 7682
45 7682
47 7682
49 7682
51 7682
53 7682
55 7682
57 7682
59 7682
61 7682
63 7682
65 7682
67 7682
71 7682
73 7682
75 7682
1 7684
3 7684
5 7684
7 7684
9 7684
11 7684
13 7684
15 7684
19 7684
21 7684
23 7684
25 7684
27 7684
29 7684
31 7684
33 7684
35 7684
37 7684
39 7684
41 7684
43 7684
45 7684
47 7684
49 7684
53 7684
55 7684
57 7684
59 7684
61 7684
63 7684
65 7684
67 7684
69 7684
71 7684
73 7684
75 7684
1 7686
5 7686
11 7686
13 7686
17 7686
19 7686
23 7686
25 7686
29 7686
31 7686
37 7686
41 7686
43 7686
47 7686
53 7686
55 7686
59 7686
65 7686
67 7686
71 7686
73 7686
1 7688
3 7688
5 7688
7 7688
9 7688
11 7688
13 7688
15 7688
17 7688
19 7688
21 7688
23 7688
25 7688
27 7688
29 7688
33 7688
35 7688
37 7688
39 7688
41 7688
43 7688
45 7688
47 7688
49 7688
51 7688
53 7688
55 7688
57 7688
59 7688
61 7688
63 7688
65 7688
67 7688
69 7688
71 7688
73 7688
75 7688
1 7690
3 7690
7 7690
9 7690
11 7690
13 7690
17 7690
19 7690
21 7690
23 7690
27 7690
29 7690
31 7690
33 7690
37 7690
39 7690
41 7690
43 7690
47 7690
49 7690
51 7690
53 7690
57 7690
59 7690
61 7690
63 7690
67 7690
69 7690
71 7690
73 7690
1 7692
5 7692
7 7692
11 7692
13 7692
17 7692
19 7692
23 7692
25 7692
29 7692
31 7692
35 7692
37 7692
41 7692
43 7692
47 7692
49 7692
53 7692
55 7692
59 7692
61 7692
65 7692
67 7692
71 7692
73 7692
1 7694
3 7694
5 7694
7 7694
9 7694
11 7694
13 7694
15 7694
17 7694
19 7694
21 7694
23 7694
25 7694
27 7694
29 7694
31 7694
33 7694
35 7694
37 7694
39 7694
41 7694
43 7694
45 7694
47 7694
49 7694
51 7694
53 7694
55 7694
57 7694
59 7694
61 7694
63 7694
65 7694
67 7694
69 7694
71 7694
73 7694
75 7694
1 7696
3 7696
5 7696
7 7696
9 7696
11 7696
15 7696
17 7696
19 7696
21 7696
23 7696
25 7696
27 7696
29 7696
31 7696
33 7696
35 7696
41 7696
43 7696
45 7696
47 7696
49 7696
51 7696
53 7696
55 7696
57 7696
59 7696
61 7696
63 7696
67 7696
69 7696
71 7696
73 7696
75 7696
1 7698
5 7698
7 7698
11 7698
13 7698
17 7698
19 7698
23 7698
25 7698
29 7698
31 7698
35 7698
37 7698
41 7698
43 7698
47 7698
49 7698
53 7698
55 7698
59 7698
61 7698
65 7698
67 7698
71 7698
73 7698
1 7700
3 7700
9 7700
13 7700
17 7700
19 7700
23 7700
27 7700
29 7700
31 7700
37 7700
39 7700
41 7700
43 7700
47 7700
51 7700
53 7700
57 7700
59 7700
61 7700
67 7700
69 7700
71 7700
73 7700
1 7702
3 7702
5 7702
7 7702
9 7702
11 7702
13 7702
15 7702
17 7702
19 7702
21 7702
23 7702
25 7702
27 7702
29 7702
31 7702
33 7702
35 7702
37 7702
39 7702
41 7702
43 7702
45 7702
47 7702
49 7702
51 7702
53 7702
55 7702
57 7702
59 7702
61 7702
63 7702
65 7702
67 7702
69 7702
71 7702
73 7702
75 7702
77 7702
1 7704
5 7704
7 7704
11 7704
13 7704
17 7704
19 7704
23 7704
25 7704
29 7704
31 7704
35 7704
37 7704
41 7704
43 7704
47 7704
49 7704
53 7704
55 7704
59 7704
61 7704
65 7704
67 7704
71 7704
73 7704
77 7704
1 7706
3 7706
5 7706
7 7706
9 7706
11 7706
13 7706
15 7706
17 7706
19 7706
21 7706
23 7706
25 7706
27 7706
29 7706
31 7706
33 7706
35 7706
37 7706
39 7706
41 7706
43 7706
45 7706
47 7706
49 7706
51 7706
53 7706
55 7706
57 7706
59 7706
61 7706
63 7706
65 7706
67 7706
69 7706
71 7706
73 7706
75 7706
77 7706
1 7708
3 7708
5 7708
7 7708
9 7708
11 7708
13 7708
15 7708
17 7708
19 7708
21 7708
23 7708
25 7708
27 7708
29 7708
31 7708
33 7708
35 7708
37 7708
39 7708
43 7708
45 7708
49 7708
51 7708
53 7708
55 7708
57 7708
59 7708
61 7708
63 7708
65 7708
67 7708
69 7708
71 7708
73 7708
75 7708
77 7708
1 7710
7 7710
11 7710
13 7710
17 7710
19 7710
23 7710
29 7710
31 7710
37 7710
41 7710
43 7710
47 7710
49 7710
53 7710
59 7710
61 7710
67 7710
71 7710
73 7710
77 7710
1 7712
3 7712
5 7712
7 7712
9 7712
11 7712
13 7712
15 7712
17 7712
19 7712
21 7712
23 7712
25 7712
27 7712
29 7712
31 7712
33 7712
35 7712
37 7712
39 7712
41 7712
43 7712
45 7712
47 7712
49 7712
51 7712
53 7712
55 7712
57 7712
59 7712
61 7712
63 7712
65 7712
67 7712
69 7712
71 7712
73 7712
75 7712
77 7712
1 7714
3 7714
5 7714
9 7714
11 7714
13 7714
15 7714
17 7714
23 7714
25 7714
27 7714
31 7714
33 7714
37 7714
39 7714
41 7714
43 7714
45 7714
47 7714
51 7714
53 7714
55 7714
59 7714
61 7714
65 7714
67 7714
69 7714
71 7714
73 7714
75 7714
1 7716
5 7716
7 7716
11 7716
13 7716
17 7716
19 7716
23 7716
25 7716
29 7716
31 7716
35 7716
37 7716
41 7716
43 7716
47 7716
49 7716
53 7716
55 7716
59 7716
61 7716
65 7716
67 7716
71 7716
73 7716
77 7716
1 7718
3 7718
5 7718
7 7718
9 7718
11 7718
13 7718
15 7718
19 7718
21 7718
23 7718
25 7718
27 7718
29 7718
31 7718
33 7718
35 7718
37 7718
39 7718
41 7718
43 7718
45 7718
47 7718
49 7718
53 7718
55 7718
57 7718
59 7718
61 7718
63 7718
65 7718
67 7718
69 7718
71 7718
73 7718
75 7718
77 7718
1 7720
3 7720
7 7720
9 7720
11 7720
13 7720
17 7720
19 7720
21 7720
23 7720
27 7720
29 7720
31 7720
33 7720
37 7720
39 7720
41 7720
43 7720
47 7720
49 7720
51 7720
53 7720
57 7720
59 7720
61 7720
63 7720
67 7720
69 7720
71 7720
73 7720
77 7720
1 7722
5 7722
7 7722
17 7722
19 7722
23 7722
25 7722
29 7722
31 7722
35 7722
37 7722
41 7722
43 7722
47 7722
49 7722
53 7722
59 7722
61 7722
67 7722
71 7722
73 7722
1 7724
3 7724
5 7724
7 7724
9 7724
11 7724
13 7724
15 7724
17 7724
19 7724
21 7724
23 7724
25 7724
27 7724
29 7724
31 7724
33 7724
35 7724
37 7724
39 7724
41 7724
43 7724
45 7724
47 7724
49 7724
51 7724
53 7724
55 7724
57 7724
59 7724
61 7724
63 7724
65 7724
67 7724
69 7724
71 7724
73 7724
75 7724
77 7724
1 7726
3 7726
5 7726
7 7726
9 7726
11 7726
13 7726
15 7726
17 7726
19 7726
21 7726
23 7726
25 7726
27 7726
29 7726
31 7726
33 7726
35 7726
37 7726
39 7726
41 7726
43 7726
45 7726
47 7726
49 7726
51 7726
53 7726
55 7726
57 7726
59 7726
61 7726
63 7726
65 7726
67 7726
69 7726
71 7726
73 7726
75 7726
77 7726
1 7728
5 7728
11 7728
13 7728
17 7728
19 7728
25 7728
29 7728
31 7728
37 7728
41 7728
43 7728
47 7728
53 7728
55 7728
59 7728
61 7728
65 7728
67 7728
71 7728
73 7728
1 7730
3 7730
7 7730
9 7730
11 7730
13 7730
17 7730
19 7730
21 7730
23 7730
27 7730
29 7730
31 7730
33 7730
37 7730
39 7730
41 7730
43 7730
47 7730
49 7730
51 7730
53 7730
57 7730
59 7730
61 7730
63 7730
67 7730
69 7730
71 7730
73 7730
77 7730
1 7732
3 7732
5 7732
7 7732
9 7732
11 7732
13 7732
15 7732
17 7732
19 7732
21 7732
23 7732
25 7732
27 7732
29 7732
31 7732
33 7732
35 7732
37 7732
39 7732
41 7732
43 7732
45 7732
47 7732
49 7732
51 7732
53 7732
55 7732
57 7732
59 7732
61 7732
63 7732
65 7732
67 7732
69 7732
71 7732
73 7732
75 7732
77 7732
1 7734
5 7734
7 7734
11 7734
13 7734
17 7734
19 7734
23 7734
25 7734
29 7734
31 7734
35 7734
37 7734
41 7734
43 7734
47 7734
49 7734
53 7734
55 7734
59 7734
61 7734
65 7734
67 7734
71 7734
73 7734
77 7734
1 7736
3 7736
5 7736
7 7736
9 7736
11 7736
13 7736
15 7736
17 7736
19 7736
21 7736
23 7736
25 7736
27 7736
29 7736
31 7736
33 7736
35 7736
37 7736
39 7736
41 7736
43 7736
45 7736
47 7736
49 7736
51 7736
53 7736
55 7736
57 7736
59 7736
61 7736
63 7736
65 7736
67 7736
69 7736
71 7736
73 7736
75 7736
77 7736
1 7738
3 7738
5 7738
7 7738
9 7738
11 7738
13 7738
15 7738
17 7738
19 7738
21 7738
23 7738
25 7738
27 7738
29 7738
31 7738
33 7738
35 7738
37 7738
39 7738
41 7738
43 7738
45 7738
47 7738
49 7738
51 7738
55 7738
57 7738
59 7738
61 7738
63 7738
65 7738
67 7738
69 7738
71 7738
75 7738
77 7738
1 7740
7 7740
11 7740
13 7740
17 7740
19 7740
23 7740
29 7740
31 7740
37 7740
41 7740
47 7740
49 7740
53 7740
59 7740
61 7740
67 7740
71 7740
73 7740
77 7740
1 7742
3 7742
5 7742
9 7742
11 7742
13 7742
15 7742
17 7742
19 7742
23 7742
25 7742
27 7742
29 7742
31 7742
33 7742
37 7742
39 7742
41 7742
43 7742
45 7742
47 7742
51 7742
53 7742
55 7742
57 7742
59 7742
61 7742
65 7742
67 7742
69 7742
71 7742
73 7742
75 7742
1 7744
3 7744
5 7744
7 7744
9 7744
13 7744
15 7744
17 7744
19 7744
21 7744
23 7744
25 7744
27 7744
29 7744
31 7744
35 7744
37 7744
39 7744
41 7744
43 7744
45 7744
47 7744
49 7744
51 7744
53 7744
57 7744
59 7744
61 7744
63 7744
65 7744
67 7744
69 7744
71 7744
73 7744
75 7744
1 7746
5 7746
7 7746
11 7746
13 7746
17 7746
19 7746
23 7746
25 7746
29 7746
31 7746
35 7746
37 7746
41 7746
43 7746
47 7746
49 7746
53 7746
55 7746
59 7746
61 7746
65 7746
67 7746
71 7746
73 7746
77 7746
1 7748
3 7748
5 7748
7 7748
9 7748
11 7748
15 7748
17 7748
19 7748
21 7748
23 7748
25 7748
27 7748
29 7748
31 7748
33 7748
35 7748
37 7748
41 7748
43 7748
45 7748
47 7748
49 7748
51 7748
53 7748
55 7748
57 7748
59 7748
61 7748
63 7748
67 7748
69 7748
71 7748
73 7748
75 7748
77 7748
1 7750
3 7750
7 7750
9 7750
11 7750
13 7750
17 7750
19 7750
21 7750
23 7750
27 7750
29 7750
33 7750
37 7750
39 7750
41 7750
43 7750
47 7750
49 7750
51 7750
53 7750
57 7750
59 7750
61 7750
63 7750
67 7750
69 7750
71 7750
73 7750
77 7750
1 7752
5 7752
7 7752
11 7752
13 7752
23 7752
25 7752
29 7752
31 7752
35 7752
37 7752
41 7752
43 7752
47 7752
49 7752
53 7752
55 7752
59 7752
61 7752
65 7752
67 7752
71 7752
73 7752
77 7752
1 7754
3 7754
5 7754
7 7754
9 7754
11 7754
13 7754
15 7754
17 7754
19 7754
21 7754
23 7754
25 7754
27 7754
29 7754
31 7754
33 7754
35 7754
37 7754
39 7754
41 7754
43 7754
45 7754
47 7754
49 7754
51 7754
53 7754
55 7754
57 7754
59 7754
61 7754
63 7754
65 7754
67 7754
69 7754
71 7754
73 7754
75 7754
77 7754
1 7756
3 7756
5 7756
9 7756
11 7756
13 7756
15 7756
17 7756
19 7756
23 7756
25 7756
27 7756
29 7756
31 7756
33 7756
37 7756
39 7756
41 7756
43 7756
45 7756
47 7756
51 7756
53 7756
55 7756
57 7756
59 7756
61 7756
65 7756
67 7756
69 7756
71 7756
73 7756
75 7756
1 7758
5 7758
7 7758
11 7758
13 7758
17 7758
19 7758
23 7758
25 7758
29 7758
31 7758
35 7758
37 7758
41 7758
43 7758
47 7758
49 7758
53 7758
55 7758
59 7758
61 7758
65 7758
67 7758
71 7758
73 7758
77 7758
1 7760
3 7760
7 7760
9 7760
11 7760
13 7760
17 7760
19 7760
21 7760
23 7760
27 7760
29 7760
31 7760
33 7760
37 7760
39 7760
41 7760
43 7760
47 7760
49 7760
51 7760
53 7760
57 7760
59 7760
61 7760
63 7760
67 7760
69 7760
71 7760
73 7760
77 7760
1 7762
3 7762
5 7762
7 7762
9 7762
11 7762
13 7762
15 7762
17 7762
19 7762
21 7762
23 7762
25 7762
27 7762
29 7762
31 7762
33 7762
35 7762
37 7762
39 7762
41 7762
43 7762
45 7762
47 7762
49 7762
51 7762
53 7762
55 7762
57 7762
59 7762
61 7762
63 7762
65 7762
67 7762
69 7762
71 7762
73 7762
75 7762
77 7762
1 7764
5 7764
7 7764
11 7764
13 7764
17 7764
19 7764
23 7764
25 7764
29 7764
31 7764
35 7764
37 7764
41 7764
43 7764
47 7764
49 7764
53 7764
55 7764
59 7764
61 7764
65 7764
67 7764
71 7764
73 7764
77 7764
1 7766
3 7766
5 7766
7 7766
9 7766
13 7766
15 7766
17 7766
19 7766
21 7766
23 7766
25 7766
27 7766
29 7766
31 7766
35 7766
37 7766
39 7766
41 7766
43 7766
45 7766
47 7766
49 7766
51 7766
53 7766
57 7766
59 7766
61 7766
63 7766
65 7766
67 7766
69 7766
71 7766
73 7766
75 7766
1 7768
3 7768
5 7768
7 7768
9 7768
11 7768
13 7768
15 7768
17 7768
19 7768
21 7768
23 7768
25 7768
27 7768
29 7768
31 7768
33 7768
35 7768
37 7768
39 7768
41 7768
43 7768
45 7768
47 7768
49 7768
51 7768
53 7768
55 7768
57 7768
59 7768
61 7768
63 7768
65 7768
67 7768
69 7768
71 7768
73 7768
75 7768
77 7768
1 7770
11 7770
13 7770
17 7770
19 7770
23 7770
29 7770
31 7770
41 7770
43 7770
47 7770
53 7770
59 7770
61 7770
67 7770
71 7770
73 7770
1 7772
3 7772
5 7772
7 7772
9 7772
11 7772
13 7772
15 7772
17 7772
19 7772
21 7772
23 7772
25 7772
27 7772
31 7772
33 7772
35 7772
37 7772
39 7772
41 7772
43 7772
45 7772
47 7772
49 7772
51 7772
53 7772
55 7772
57 7772
59 7772
61 7772
63 7772
65 7772
69 7772
71 7772
73 7772
75 7772
77 7772
1 7774
3 7774
5 7774
7 7774
9 7774
11 7774
15 7774
17 7774
19 7774
21 7774
25 7774
27 7774
29 7774
31 7774
33 7774
35 7774
37 7774
41 7774
43 7774
45 7774
47 7774
49 7774
51 7774
53 7774
55 7774
57 7774
59 7774
61 7774
63 7774
67 7774
71 7774
73 7774
75 7774
77 7774
1 7776
5 7776
7 7776
11 7776
13 7776
17 7776
19 7776
23 7776
25 7776
29 7776
31 7776
35 7776
37 7776
41 7776
43 7776
47 7776
49 7776
53 7776
55 7776
59 7776
61 7776
65 7776
67 7776
71 7776
73 7776
77 7776
1 7778
3 7778
5 7778
7 7778
9 7778
11 7778
13 7778
15 7778
17 7778
19 7778
21 7778
23 7778
25 7778
27 7778
29 7778
31 7778
33 7778
35 7778
37 7778
39 7778
41 7778
43 7778
45 7778
47 7778
49 7778
51 7778
53 7778
55 7778
57 7778
59 7778
61 7778
63 7778
65 7778
67 7778
69 7778
71 7778
73 7778
75 7778
77 7778
1 7780
3 7780
7 7780
9 7780
11 7780
13 7780
17 7780
19 7780
21 7780
23 7780
27 7780
29 7780
31 7780
33 7780
37 7780
39 7780
41 7780
43 7780
47 7780
49 7780
51 7780
53 7780
57 7780
59 7780
61 7780
63 7780
67 7780
69 7780
71 7780
73 7780
77 7780
1 7782
5 7782
7 7782
11 7782
13 7782
17 7782
19 7782
23 7782
25 7782
29 7782
31 7782
35 7782
37 7782
41 7782
43 7782
47 7782
49 7782
53 7782
55 7782
59 7782
61 7782
65 7782
67 7782
71 7782
73 7782
77 7782
1 7784
3 7784
5 7784
9 7784
11 7784
13 7784
15 7784
17 7784
19 7784
23 7784
25 7784
27 7784
29 7784
31 7784
33 7784
37 7784
39 7784
41 7784
43 7784
45 7784
47 7784
51 7784
53 7784
55 7784
57 7784
59 7784
61 7784
65 7784
67 7784
69 7784
71 7784
73 7784
75 7784
1 7786
3 7786
5 7786
7 7786
9 7786
11 7786
13 7786
15 7786
19 7786
21 7786
23 7786
25 7786
27 7786
29 7786
31 7786
33 7786
35 7786
37 7786
39 7786
41 7786
43 7786
45 7786
47 7786
49 7786
53 7786
55 7786
57 7786
59 7786
61 7786
63 7786
65 7786
67 7786
69 7786
71 7786
73 7786
75 7786
77 7786
1 7788
5 7788
7 7788
13 7788
17 7788
19 7788
23 7788
25 7788
29 7788
31 7788
35 7788
37 7788
41 7788
43 7788
47 7788
49 7788
53 7788
61 7788
65 7788
67 7788
71 7788
73 7788
1 7790
3 7790
7 7790
9 7790
11 7790
13 7790
17 7790
21 7790
23 7790
27 7790
29 7790
31 7790
33 7790
37 7790
39 7790
43 7790
47 7790
49 7790
51 7790
53 7790
59 7790
61 7790
63 7790
67 7790
69 7790
71 7790
73 7790
77 7790
1 7792
3 7792
5 7792
7 7792
9 7792
11 7792
13 7792
15 7792
17 7792
19 7792
21 7792
23 7792
25 7792
27 7792
29 7792
31 7792
33 7792
35 7792
37 7792
39 7792
41 7792
43 7792
45 7792
47 7792
49 7792
51 7792
53 7792
55 7792
57 7792
59 7792
61 7792
63 7792
65 7792
67 7792
69 7792
71 7792
73 7792
75 7792
77 7792
1 7794
5 7794
7 7794
11 7794
13 7794
17 7794
19 7794
23 7794
25 7794
29 7794
31 7794
35 7794
37 7794
41 7794
43 7794
47 7794
49 7794
53 7794
55 7794
59 7794
61 7794
65 7794
67 7794
71 7794
73 7794
77 7794
1 7796
3 7796
5 7796
7 7796
9 7796
11 7796
13 7796
15 7796
17 7796
19 7796
21 7796
23 7796
25 7796
27 7796
29 7796
31 7796
33 7796
35 7796
37 7796
39 7796
41 7796
43 7796
45 7796
47 7796
49 7796
51 7796
53 7796
55 7796
57 7796
59 7796
61 7796
63 7796
65 7796
67 7796
69 7796
71 7796
73 7796
75 7796
77 7796
1 7798
3 7798
5 7798
9 7798
11 7798
13 7798
15 7798
17 7798
19 7798
23 7798
25 7798
27 7798
29 7798
31 7798
33 7798
37 7798
39 7798
41 7798
43 7798
45 7798
47 7798
51 7798
53 7798
55 7798
57 7798
59 7798
61 7798
65 7798
67 7798
69 7798
71 7798
73 7798
75 7798
1 7800
7 7800
11 7800
17 7800
19 7800
23 7800
29 7800
31 7800
37 7800
41 7800
43 7800
47 7800
49 7800
53 7800
59 7800
61 7800
67 7800
71 7800
73 7800
77 7800
1 7802
3 7802
5 7802
7 7802
9 7802
11 7802
13 7802
15 7802
17 7802
19 7802
21 7802
23 7802
25 7802
27 7802
29 7802
31 7802
33 7802
35 7802
37 7802
39 7802
41 7802
43 7802
45 7802
49 7802
51 7802
53 7802
55 7802
57 7802
59 7802
61 7802
63 7802
65 7802
67 7802
69 7802
71 7802
73 7802
75 7802
77 7802
1 7804
3 7804
5 7804
7 7804
9 7804
11 7804
13 7804
15 7804
17 7804
19 7804
21 7804
23 7804
25 7804
27 7804
29 7804
31 7804
33 7804
35 7804
37 7804
39 7804
41 7804
43 7804
45 7804
47 7804
49 7804
51 7804
53 7804
55 7804
57 7804
59 7804
61 7804
63 7804
65 7804
67 7804
69 7804
71 7804
73 7804
75 7804
77 7804
1 7806
5 7806
7 7806
11 7806
13 7806
17 7806
19 7806
23 7806
25 7806
29 7806
31 7806
35 7806
37 7806
41 7806
43 7806
47 7806
49 7806
53 7806
55 7806
59 7806
61 7806
65 7806
67 7806
71 7806
73 7806
77 7806
1 7808
3 7808
5 7808
7 7808
9 7808
11 7808
13 7808
15 7808
17 7808
19 7808
21 7808
23 7808
25 7808
27 7808
29 7808
31 7808
33 7808
35 7808
37 7808
39 7808
41 7808
43 7808
45 7808
47 7808
49 7808
51 7808
53 7808
55 7808
57 7808
59 7808
63 7808
65 7808
67 7808
69 7808
71 7808
73 7808
75 7808
77 7808
1 7810
3 7810
7 7810
9 7810
13 7810
17 7810
19 7810
21 7810
23 7810
27 7810
29 7810
31 7810
37 7810
39 7810
41 7810
43 7810
47 7810
49 7810
51 7810
53 7810
57 7810
59 7810
61 7810
63 7810
67 7810
69 7810
73 7810
1 7812
5 7812
11 7812
13 7812
17 7812
19 7812
23 7812
25 7812
29 7812
37 7812
41 7812
43 7812
47 7812
53 7812
55 7812
59 7812
61 7812
65 7812
67 7812
71 7812
73 7812
1 7814
3 7814
5 7814
7 7814
9 7814
11 7814
13 7814
15 7814
17 7814
19 7814
21 7814
23 7814
25 7814
27 7814
29 7814
31 7814
33 7814
35 7814
37 7814
39 7814
41 7814
43 7814
45 7814
47 7814
49 7814
51 7814
53 7814
55 7814
57 7814
59 7814
61 7814
63 7814
65 7814
67 7814
69 7814
71 7814
73 7814
75 7814
77 7814
1 7816
3 7816
5 7816
7 7816
9 7816
11 7816
13 7816
15 7816
17 7816
19 7816
21 7816
23 7816
25 7816
27 7816
29 7816
31 7816
33 7816
35 7816
37 7816
39 7816
41 7816
43 7816
45 7816
47 7816
49 7816
51 7816
53 7816
55 7816
57 7816
59 7816
61 7816
63 7816
65 7816
67 7816
69 7816
71 7816
73 7816
75 7816
77 7816
1 7818
5 7818
7 7818
11 7818
13 7818
17 7818
19 7818
23 7818
25 7818
29 7818
31 7818
35 7818
37 7818
41 7818
43 7818
47 7818
49 7818
53 7818
55 7818
59 7818
61 7818
65 7818
67 7818
71 7818
73 7818
77 7818
1 7820
3 7820
7 7820
9 7820
11 7820
13 7820
19 7820
21 7820
27 7820
29 7820
31 7820
33 7820
37 7820
39 7820
41 7820
43 7820
47 7820
49 7820
53 7820
57 7820
59 7820
61 7820
63 7820
67 7820
71 7820
73 7820
77 7820
1 7822
3 7822
5 7822
7 7822
9 7822
11 7822
13 7822
15 7822
17 7822
19 7822
21 7822
23 7822
25 7822
27 7822
29 7822
31 7822
33 7822
35 7822
37 7822
39 7822
41 7822
43 7822
45 7822
47 7822
49 7822
51 7822
53 7822
55 7822
57 7822
59 7822
61 7822
63 7822
65 7822
67 7822
69 7822
71 7822
73 7822
75 7822
77 7822
1 7824
5 7824
7 7824
11 7824
13 7824
17 7824
19 7824
23 7824
25 7824
29 7824
31 7824
35 7824
37 7824
41 7824
43 7824
47 7824
49 7824
53 7824
55 7824
59 7824
61 7824
65 7824
67 7824
71 7824
73 7824
77 7824
1 7826
3 7826
5 7826
9 7826
11 7826
15 7826
17 7826
19 7826
23 7826
25 7826
27 7826
29 7826
31 7826
33 7826
37 7826
41 7826
45 7826
47 7826
51 7826
53 7826
55 7826
57 7826
59 7826
61 7826
67 7826
69 7826
71 7826
73 7826
75 7826
1 7828
3 7828
5 7828
7 7828
9 7828
11 7828
13 7828
15 7828
17 7828
21 7828
23 7828
25 7828
27 7828
29 7828
31 7828
33 7828
35 7828
37 7828
39 7828
41 7828
43 7828
45 7828
47 7828
49 7828
51 7828
53 7828
55 7828
59 7828
61 7828
63 7828
65 7828
67 7828
69 7828
71 7828
73 7828
75 7828
77 7828
1 7830
7 7830
11 7830
13 7830
17 7830
19 7830
23 7830
31 7830
37 7830
41 7830
43 7830
47 7830
49 7830
53 7830
59 7830
61 7830
67 7830
71 7830
73 7830
77 7830
1 7832
3 7832
5 7832
7 7832
9 7832
13 7832
15 7832
17 7832
19 7832
21 7832
23 7832
25 7832
27 7832
29 7832
31 7832
35 7832
37 7832
39 7832
41 7832
43 7832
45 7832
47 7832
49 7832
51 7832
53 7832
57 7832
59 7832
61 7832
63 7832
65 7832
67 7832
69 7832
71 7832
73 7832
75 7832
1 7834
3 7834
5 7834
7 7834
9 7834
11 7834
13 7834
15 7834
17 7834
19 7834
21 7834
23 7834
25 7834
27 7834
29 7834
31 7834
33 7834
35 7834
37 7834
39 7834
41 7834
43 7834
45 7834
47 7834
49 7834
51 7834
53 7834
55 7834
57 7834
59 7834
61 7834
63 7834
65 7834
67 7834
69 7834
71 7834
73 7834
75 7834
77 7834
1 7836
5 7836
7 7836
11 7836
13 7836
17 7836
19 7836
23 7836
25 7836
29 7836
31 7836
35 7836
37 7836
41 7836
43 7836
47 7836
49 7836
53 7836
55 7836
59 7836
61 7836
65 7836
67 7836
71 7836
73 7836
77 7836
1 7838
3 7838
5 7838
7 7838
9 7838
11 7838
13 7838
15 7838
17 7838
19 7838
21 7838
23 7838
25 7838
27 7838
29 7838
31 7838
33 7838
35 7838
37 7838
39 7838
41 7838
43 7838
45 7838
47 7838
49 7838
51 7838
53 7838
55 7838
57 7838
59 7838
61 7838
63 7838
65 7838
67 7838
69 7838
71 7838
73 7838
75 7838
77 7838
1 7840
3 7840
9 7840
11 7840
13 7840
17 7840
19 7840
23 7840
27 7840
29 7840
31 7840
33 7840
37 7840
39 7840
41 7840
43 7840
47 7840
51 7840
53 7840
57 7840
59 7840
61 7840
67 7840
69 7840
71 7840
73 7840
1 7842
5 7842
7 7842
11 7842
13 7842
17 7842
19 7842
23 7842
25 7842
29 7842
31 7842
35 7842
37 7842
41 7842
43 7842
47 7842
49 7842
53 7842
55 7842
59 7842
61 7842
65 7842
67 7842
71 7842
73 7842
77 7842
1 7844
3 7844
5 7844
7 7844
9 7844
11 7844
13 7844
15 7844
17 7844
19 7844
21 7844
23 7844
25 7844
27 7844
29 7844
31 7844
33 7844
35 7844
39 7844
41 7844
43 7844
45 7844
47 7844
49 7844
51 7844
55 7844
57 7844
59 7844
61 7844
63 7844
65 7844
67 7844
69 7844
71 7844
73 7844
75 7844
77 7844
1 7846
3 7846
5 7846
7 7846
9 7846
11 7846
13 7846
15 7846
17 7846
19 7846
21 7846
23 7846
25 7846
27 7846
29 7846
31 7846
33 7846
35 7846
37 7846
39 7846
41 7846
43 7846
45 7846
47 7846
49 7846
51 7846
53 7846
55 7846
57 7846
59 7846
61 7846
63 7846
65 7846
67 7846
69 7846
71 7846
73 7846
75 7846
77 7846
1 7848
5 7848
7 7848
11 7848
13 7848
17 7848
19 7848
23 7848
25 7848
29 7848
31 7848
35 7848
37 7848
41 7848
43 7848
47 7848
49 7848
53 7848
55 7848
59 7848
61 7848
65 7848
67 7848
71 7848
73 7848
77 7848
1 7850
3 7850
7 7850
9 7850
11 7850
13 7850
17 7850
19 7850
21 7850
23 7850
27 7850
29 7850
31 7850
33 7850
37 7850
39 7850
41 7850
43 7850
47 7850
49 7850
51 7850
53 7850
57 7850
59 7850
61 7850
63 7850
67 7850
69 7850
71 7850
73 7850
77 7850
1 7852
3 7852
5 7852
7 7852
9 7852
11 7852
15 7852
17 7852
19 7852
21 7852
23 7852
25 7852
27 7852
29 7852
31 7852
33 7852
35 7852
37 7852
41 7852
43 7852
45 7852
47 7852
49 7852
51 7852
53 7852
55 7852
57 7852
59 7852
61 7852
63 7852
67 7852
69 7852
71 7852
73 7852
75 7852
77 7852
1 7854
5 7854
13 7854
19 7854
23 7854
25 7854
29 7854
31 7854
37 7854
41 7854
43 7854
47 7854
53 7854
59 7854
61 7854
65 7854
67 7854
71 7854
73 7854
1 7856
3 7856
5 7856
7 7856
9 7856
11 7856
13 7856
15 7856
17 7856
19 7856
21 7856
23 7856
25 7856
27 7856
29 7856
31 7856
33 7856
35 7856
37 7856
39 7856
41 7856
43 7856
45 7856
47 7856
49 7856
51 7856
53 7856
55 7856
57 7856
59 7856
61 7856
63 7856
65 7856
67 7856
69 7856
71 7856
73 7856
75 7856
77 7856
1 7858
3 7858
5 7858
7 7858
9 7858
11 7858
13 7858
15 7858
17 7858
19 7858
21 7858
23 7858
25 7858
27 7858
29 7858
31 7858
33 7858
35 7858
37 7858
39 7858
41 7858
43 7858
45 7858
47 7858
49 7858
51 7858
53 7858
55 7858
57 7858
59 7858
61 7858
63 7858
65 7858
67 7858
69 7858
71 7858
73 7858
75 7858
77 7858
1 7860
7 7860
11 7860
13 7860
17 7860
19 7860
23 7860
29 7860
31 7860
37 7860
41 7860
43 7860
47 7860
49 7860
53 7860
59 7860
61 7860
67 7860
71 7860
73 7860
77 7860
1 7862
3 7862
5 7862
7 7862
9 7862
11 7862
13 7862
15 7862
17 7862
19 7862
21 7862
23 7862
25 7862
27 7862
29 7862
31 7862
33 7862
35 7862
37 7862
39 7862
41 7862
43 7862
45 7862
47 7862
49 7862
51 7862
53 7862
55 7862
57 7862
59 7862
61 7862
63 7862
65 7862
67 7862
69 7862
71 7862
73 7862
75 7862
77 7862
1 7864
3 7864
5 7864
7 7864
9 7864
11 7864
13 7864
15 7864
17 7864
19 7864
21 7864
23 7864
25 7864
27 7864
29 7864
31 7864
33 7864
35 7864
37 7864
39 7864
41 7864
43 7864
45 7864
47 7864
49 7864
51 7864
53 7864
55 7864
57 7864
59 7864
61 7864
63 7864
65 7864
67 7864
69 7864
71 7864
73 7864
75 7864
77 7864
1 7866
5 7866
7 7866
11 7866
13 7866
17 7866
25 7866
29 7866
31 7866
35 7866
37 7866
41 7866
43 7866
47 7866
49 7866
53 7866
55 7866
59 7866
61 7866
65 7866
67 7866
71 7866
73 7866
77 7866
1 7868
3 7868
5 7868
9 7868
11 7868
13 7868
15 7868
17 7868
19 7868
23 7868
25 7868
27 7868
29 7868
31 7868
33 7868
37 7868
39 7868
41 7868
43 7868
45 7868
47 7868
51 7868
53 7868
55 7868
57 7868
59 7868
61 7868
65 7868
67 7868
69 7868
71 7868
73 7868
75 7868
1 7870
3 7870
7 7870
9 7870
11 7870
13 7870
17 7870
19 7870
21 7870
23 7870
27 7870
29 7870
31 7870
33 7870
37 7870
39 7870
41 7870
43 7870
47 7870
49 7870
51 7870
53 7870
57 7870
59 7870
61 7870
63 7870
67 7870
69 7870
71 7870
73 7870
77 7870
1 7872
5 7872
7 7872
11 7872
13 7872
17 7872
19 7872
23 7872
25 7872
29 7872
31 7872
35 7872
37 7872
43 7872
47 7872
49 7872
53 7872
55 7872
59 7872
61 7872
65 7872
67 7872
71 7872
73 7872
77 7872
1 7874
3 7874
5 7874
7 7874
9 7874
11 7874
13 7874
15 7874
17 7874
19 7874
21 7874
23 7874
25 7874
27 7874
29 7874
33 7874
35 7874
37 7874
39 7874
41 7874
43 7874
45 7874
47 7874
49 7874
51 7874
53 7874
55 7874
57 7874
59 7874
61 7874
63 7874
65 7874
67 7874
69 7874
71 7874
73 7874
75 7874
77 7874
1 7876
3 7876
5 7876
7 7876
9 7876
13 7876
15 7876
17 7876
19 7876
21 7876
23 7876
25 7876
27 7876
29 7876
31 7876
35 7876
37 7876
39 7876
41 7876
43 7876
45 7876
47 7876
49 7876
51 7876
53 7876
57 7876
59 7876
61 7876
63 7876
65 7876
67 7876
69 7876
71 7876
73 7876
75 7876
1 7878
5 7878
7 7878
11 7878
17 7878
19 7878
23 7878
25 7878
29 7878
31 7878
35 7878
37 7878
41 7878
43 7878
47 7878
49 7878
53 7878
55 7878
59 7878
61 7878
67 7878
71 7878
73 7878
77 7878
1 7880
3 7880
7 7880
9 7880
11 7880
13 7880
17 7880
19 7880
21 7880
23 7880
27 7880
29 7880
31 7880
33 7880
37 7880
39 7880
41 7880
43 7880
47 7880
49 7880
51 7880
53 7880
57 7880
59 7880
61 7880
63 7880
67 7880
69 7880
71 7880
73 7880
77 7880
1 7882
3 7882
5 7882
9 7882
11 7882
13 7882
15 7882
17 7882
19 7882
23 7882
25 7882
27 7882
29 7882
31 7882
33 7882
37 7882
39 7882
41 7882
43 7882
45 7882
47 7882
51 7882
53 7882
55 7882
57 7882
59 7882
61 7882
65 7882
67 7882
69 7882
71 7882
73 7882
75 7882
1 7884
5 7884
7 7884
11 7884
13 7884
17 7884
19 7884
23 7884
25 7884
29 7884
31 7884
35 7884
37 7884
41 7884
43 7884
47 7884
49 7884
53 7884
55 7884
59 7884
61 7884
65 7884
67 7884
71 7884
77 7884
1 7886
3 7886
5 7886
7 7886
9 7886
11 7886
13 7886
15 7886
17 7886
19 7886
21 7886
23 7886
25 7886
27 7886
29 7886
31 7886
33 7886
35 7886
37 7886
39 7886
41 7886
43 7886
45 7886
47 7886
49 7886
51 7886
53 7886
55 7886
57 7886
59 7886
61 7886
63 7886
65 7886
67 7886
69 7886
71 7886
73 7886
75 7886
77 7886
1 7888
3 7888
5 7888
7 7888
9 7888
11 7888
13 7888
15 7888
19 7888
21 7888
23 7888
25 7888
27 7888
31 7888
33 7888
35 7888
37 7888
39 7888
41 7888
43 7888
45 7888
47 7888
49 7888
53 7888
55 7888
57 7888
59 7888
61 7888
63 7888
65 7888
67 7888
69 7888
71 7888
73 7888
75 7888
77 7888
1 7890
7 7890
11 7890
13 7890
17 7890
19 7890
23 7890
29 7890
31 7890
37 7890
41 7890
43 7890
47 7890
49 7890
53 7890
59 7890
61 7890
67 7890
71 7890
73 7890
77 7890
1 7892
3 7892
5 7892
7 7892
9 7892
11 7892
13 7892
15 7892
17 7892
19 7892
21 7892
23 7892
25 7892
27 7892
29 7892
31 7892
33 7892
35 7892
37 7892
39 7892
41 7892
43 7892
45 7892
47 7892
49 7892
51 7892
53 7892
55 7892
57 7892
59 7892
61 7892
63 7892
65 7892
67 7892
69 7892
71 7892
73 7892
75 7892
77 7892
1 7894
3 7894
5 7894
7 7894
9 7894
11 7894
13 7894
15 7894
17 7894
19 7894
21 7894
23 7894
25 7894
27 7894
29 7894
31 7894
33 7894
35 7894
37 7894
39 7894
41 7894
43 7894
45 7894
47 7894
49 7894
51 7894
53 7894
55 7894
57 7894
59 7894
61 7894
63 7894
65 7894
67 7894
69 7894
71 7894
73 7894
75 7894
77 7894
1 7896
5 7896
11 7896
13 7896
17 7896
19 7896
23 7896
25 7896
29 7896
31 7896
37 7896
41 7896
43 7896
53 7896
55 7896
59 7896
61 7896
65 7896
67 7896
71 7896
73 7896
1 7898
3 7898
5 7898
7 7898
9 7898
13 7898
15 7898
17 7898
19 7898
21 7898
23 7898
25 7898
27 7898
29 7898
31 7898
35 7898
37 7898
39 7898
41 7898
43 7898
45 7898
47 7898
49 7898
51 7898
53 7898
57 7898
59 7898
61 7898
63 7898
65 7898
67 7898
69 7898
71 7898
73 7898
75 7898
1 7900
3 7900
7 7900
9 7900
11 7900
13 7900
17 7900
19 7900
21 7900
23 7900
27 7900
29 7900
31 7900
33 7900
37 7900
39 7900
41 7900
43 7900
47 7900
49 7900
51 7900
53 7900
57 7900
59 7900
61 7900
63 7900
67 7900
69 7900
71 7900
73 7900
77 7900
1 7902
5 7902
7 7902
11 7902
13 7902
17 7902
19 7902
23 7902
25 7902
29 7902
31 7902
35 7902
37 7902
41 7902
43 7902
47 7902
49 7902
53 7902
55 7902
59 7902
61 7902
65 7902
67 7902
71 7902
73 7902
77 7902
79 7902
1 7904
3 7904
5 7904
7 7904
9 7904
11 7904
15 7904
17 7904
21 7904
23 7904
25 7904
27 7904
29 7904
31 7904
33 7904
35 7904
37 7904
41 7904
43 7904
45 7904
47 7904
49 7904
51 7904
53 7904
55 7904
59 7904
61 7904
63 7904
67 7904
69 7904
71 7904
73 7904
75 7904
77 7904
79 7904
1 7906
3 7906
5 7906
7 7906
9 7906
11 7906
13 7906
15 7906
17 7906
19 7906
21 7906
23 7906
25 7906
27 7906
29 7906
31 7906
33 7906
35 7906
37 7906
39 7906
41 7906
43 7906
45 7906
47 7906
49 7906
51 7906
53 7906
55 7906
57 7906
61 7906
63 7906
65 7906
69 7906
71 7906
73 7906
75 7906
77 7906
79 7906
1 7908
5 7908
7 7908
11 7908
13 7908
17 7908
19 7908
23 7908
25 7908
29 7908
31 7908
35 7908
37 7908
41 7908
43 7908
47 7908
49 7908
53 7908
55 7908
59 7908
61 7908
65 7908
67 7908
71 7908
73 7908
77 7908
79 7908
1 7910
3 7910
9 7910
11 7910
13 7910
17 7910
19 7910
23 7910
27 7910
29 7910
31 7910
33 7910
37 7910
39 7910
41 7910
43 7910
47 7910
51 7910
53 7910
57 7910
59 7910
61 7910
67 7910
69 7910
71 7910
73 7910
79 7910
1 7912
3 7912
5 7912
7 7912
9 7912
11 7912
13 7912
15 7912
17 7912
19 7912
21 7912
25 7912
27 7912
29 7912
31 7912
33 7912
35 7912
37 7912
39 7912
41 7912
45 7912
47 7912
49 7912
51 7912
53 7912
55 7912
57 7912
59 7912
61 7912
63 7912
65 7912
67 7912
71 7912
73 7912
75 7912
77 7912
79 7912
1 7914
5 7914
7 7914
11 7914
13 7914
17 7914
19 7914
23 7914
25 7914
29 7914
31 7914
35 7914
37 7914
41 7914
43 7914
47 7914
49 7914
53 7914
55 7914
59 7914
61 7914
65 7914
67 7914
71 7914
73 7914
77 7914
79 7914
1 7916
3 7916
5 7916
7 7916
9 7916
11 7916
13 7916
15 7916
17 7916
19 7916
21 7916
23 7916
25 7916
27 7916
29 7916
31 7916
33 7916
35 7916
37 7916
39 7916
41 7916
43 7916
45 7916
47 7916
49 7916
51 7916
53 7916
55 7916
57 7916
59 7916
61 7916
63 7916
65 7916
67 7916
69 7916
71 7916
73 7916
75 7916
77 7916
79 7916
1 7918
3 7918
5 7918
7 7918
9 7918
11 7918
13 7918
15 7918
17 7918
19 7918
21 7918
23 7918
25 7918
27 7918
29 7918
31 7918
33 7918
35 7918
39 7918
41 7918
43 7918
45 7918
47 7918
49 7918
51 7918
53 7918
55 7918
57 7918
59 7918
61 7918
63 7918
65 7918
67 7918
69 7918
71 7918
73 7918
75 7918
77 7918
79 7918
1 7920
7 7920
13 7920
17 7920
19 7920
23 7920
29 7920
31 7920
37 7920
41 7920
43 7920
47 7920
49 7920
53 7920
59 7920
61 7920
67 7920
71 7920
73 7920
79 7920
1 7922
3 7922
5 7922
7 7922
9 7922
11 7922
13 7922
15 7922
19 7922
21 7922
23 7922
25 7922
27 7922
29 7922
31 7922
33 7922
35 7922
37 7922
39 7922
41 7922
43 7922
45 7922
47 7922
49 7922
53 7922
55 7922
57 7922
59 7922
61 7922
63 7922
65 7922
67 7922
69 7922
71 7922
73 7922
75 7922
77 7922
79 7922
1 7924
3 7924
5 7924
9 7924
11 7924
13 7924
15 7924
17 7924
19 7924
23 7924
25 7924
27 7924
29 7924
31 7924
33 7924
37 7924
39 7924
41 7924
43 7924
45 7924
47 7924
51 7924
53 7924
55 7924
57 7924
59 7924
61 7924
65 7924
67 7924
69 7924
71 7924
73 7924
75 7924
79 7924
1 7926
5 7926
7 7926
11 7926
13 7926
17 7926
19 7926
23 7926
25 7926
29 7926
31 7926
35 7926
37 7926
41 7926
43 7926
47 7926
49 7926
53 7926
55 7926
59 7926
61 7926
65 7926
67 7926
71 7926
73 7926
77 7926
79 7926
1 7928
3 7928
5 7928
7 7928
9 7928
11 7928
13 7928
15 7928
17 7928
19 7928
21 7928
23 7928
25 7928
27 7928
29 7928
31 7928
33 7928
35 7928
37 7928
39 7928
41 7928
43 7928
45 7928
47 7928
49 7928
51 7928
53 7928
55 7928
57 7928
59 7928
61 7928
63 7928
65 7928
67 7928
69 7928
71 7928
73 7928
75 7928
77 7928
79 7928
1 7930
3 7930
7 7930
9 7930
11 7930
17 7930
19 7930
21 7930
23 7930
27 7930
29 7930
31 7930
33 7930
37 7930
41 7930
43 7930
47 7930
49 7930
51 7930
53 7930
57 7930
59 7930
63 7930
67 7930
69 7930
71 7930
73 7930
77 7930
79 7930
1 7932
5 7932
7 7932
11 7932
13 7932
17 7932
19 7932
23 7932
25 7932
29 7932
31 7932
35 7932
37 7932
41 7932
43 7932
47 7932
49 7932
53 7932
55 7932
59 7932
61 7932
65 7932
67 7932
71 7932
73 7932
77 7932
79 7932
1 7934
3 7934
5 7934
7 7934
9 7934
11 7934
13 7934
15 7934
17 7934
19 7934
21 7934
23 7934
25 7934
27 7934
29 7934
31 7934
33 7934
35 7934
37 7934
39 7934
41 7934
43 7934
45 7934
47 7934
49 7934
51 7934
53 7934
55 7934
57 7934
59 7934
61 7934
63 7934
65 7934
67 7934
69 7934
71 7934
73 7934
75 7934
77 7934
79 7934
1 7936
3 7936
5 7936
7 7936
9 7936
11 7936
13 7936
15 7936
17 7936
19 7936
21 7936
23 7936
25 7936
27 7936
29 7936
33 7936
35 7936
37 7936
39 7936
41 7936
43 7936
45 7936
47 7936
49 7936
51 7936
53 7936
55 7936
57 7936
59 7936
61 7936
63 7936
65 7936
67 7936
69 7936
71 7936
73 7936
75 7936
77 7936
79 7936
1 7938
5 7938
11 7938
13 7938
17 7938
19 7938
23 7938
25 7938
29 7938
31 7938
37 7938
41 7938
43 7938
47 7938
53 7938
55 7938
59 7938
61 7938
65 7938
67 7938
71 7938
73 7938
79 7938
1 7940
3 7940
7 7940
9 7940
11 7940
13 7940
17 7940
19 7940
21 7940
23 7940
27 7940
29 7940
31 7940
33 7940
37 7940
39 7940
41 7940
43 7940
47 7940
49 7940
51 7940
53 7940
57 7940
59 7940
61 7940
63 7940
67 7940
69 7940
71 7940
73 7940
77 7940
79 7940
1 7942
3 7942
5 7942
7 7942
9 7942
13 7942
15 7942
17 7942
21 7942
23 7942
25 7942
27 7942
29 7942
31 7942
35 7942
37 7942
39 7942
41 7942
43 7942
45 7942
47 7942
49 7942
51 7942
53 7942
59 7942
61 7942
63 7942
65 7942
67 7942
69 7942
71 7942
73 7942
75 7942
79 7942
1 7944
5 7944
7 7944
11 7944
13 7944
17 7944
19 7944
23 7944
25 7944
29 7944
31 7944
35 7944
37 7944
41 7944
43 7944
47 7944
49 7944
53 7944
55 7944
59 7944
61 7944
65 7944
67 7944
71 7944
73 7944
77 7944
79 7944
1 7946
3 7946
5 7946
7 7946
9 7946
11 7946
13 7946
15 7946
17 7946
19 7946
21 7946
23 7946
25 7946
27 7946
31 7946
33 7946
35 7946
37 7946
39 7946
41 7946
43 7946
45 7946
47 7946
49 7946
51 7946
53 7946
55 7946
57 7946
59 7946
61 7946
63 7946
65 7946
67 7946
69 7946
71 7946
73 7946
75 7946
77 7946
79 7946
1 7948
3 7948
5 7948
7 7948
9 7948
11 7948
13 7948
15 7948
17 7948
19 7948
21 7948
23 7948
25 7948
27 7948
29 7948
31 7948
33 7948
35 7948
37 7948
39 7948
41 7948
43 7948
45 7948
47 7948
49 7948
51 7948
53 7948
55 7948
57 7948
59 7948
61 7948
63 7948
65 7948
67 7948
69 7948
71 7948
73 7948
75 7948
77 7948
79 7948
1 7950
7 7950
11 7950
13 7950
17 7950
19 7950
23 7950
29 7950
31 7950
37 7950
41 7950
43 7950
47 7950
49 7950
59 7950
61 7950
67 7950
71 7950
73 7950
77 7950
79 7950
1 7952
3 7952
5 7952
9 7952
11 7952
13 7952
15 7952
17 7952
19 7952
23 7952
25 7952
27 7952
29 7952
31 7952
33 7952
37 7952
39 7952
41 7952
43 7952
45 7952
47 7952
51 7952
53 7952
55 7952
57 7952
59 7952
61 7952
65 7952
67 7952
69 7952
73 7952
75 7952
79 7952
1 7954
3 7954
5 7954
7 7954
9 7954
11 7954
13 7954
15 7954
17 7954
19 7954
21 7954
23 7954
25 7954
27 7954
29 7954
31 7954
33 7954
35 7954
37 7954
39 7954
43 7954
45 7954
47 7954
49 7954
51 7954
53 7954
55 7954
57 7954
59 7954
61 7954
63 7954
65 7954
67 7954
69 7954
71 7954
73 7954
75 7954
77 7954
79 7954
1 7956
5 7956
7 7956
11 7956
19 7956
23 7956
25 7956
29 7956
31 7956
35 7956
37 7956
41 7956
43 7956
47 7956
49 7956
53 7956
55 7956
59 7956
61 7956
67 7956
71 7956
73 7956
77 7956
79 7956
1 7958
3 7958
5 7958
7 7958
9 7958
11 7958
13 7958
15 7958
17 7958
19 7958
21 7958
25 7958
27 7958
29 7958
31 7958
33 7958
35 7958
37 7958
39 7958
41 7958
43 7958
45 7958
47 7958
49 7958
51 7958
53 7958
55 7958
57 7958
59 7958
61 7958
63 7958
65 7958
67 7958
71 7958
73 7958
75 7958
77 7958
79 7958
1 7960
3 7960
7 7960
9 7960
11 7960
13 7960
17 7960
19 7960
21 7960
23 7960
27 7960
29 7960
31 7960
33 7960
37 7960
39 7960
41 7960
43 7960
47 7960
49 7960
51 7960
53 7960
57 7960
59 7960
61 7960
63 7960
67 7960
69 7960
71 7960
73 7960
77 7960
79 7960
1 7962
5 7962
7 7962
11 7962
13 7962
17 7962
19 7962
23 7962
25 7962
29 7962
31 7962
35 7962
37 7962
41 7962
43 7962
47 7962
49 7962
53 7962
55 7962
59 7962
61 7962
65 7962
67 7962
71 7962
73 7962
77 7962
79 7962
1 7964
3 7964
5 7964
7 7964
9 7964
13 7964
15 7964
17 7964
19 7964
21 7964
23 7964
25 7964
27 7964
29 7964
31 7964
35 7964
37 7964
39 7964
41 7964
43 7964
45 7964
47 7964
49 7964
51 7964
53 7964
57 7964
59 7964
61 7964
63 7964
65 7964
67 7964
69 7964
71 7964
73 7964
75 7964
79 7964
1 7966
3 7966
5 7966
9 7966
11 7966
13 7966
15 7966
17 7966
19 7966
23 7966
25 7966
27 7966
29 7966
31 7966
33 7966
37 7966
39 7966
41 7966
43 7966
45 7966
47 7966
51 7966
53 7966
55 7966
57 7966
59 7966
61 7966
65 7966
67 7966
69 7966
71 7966
73 7966
75 7966
79 7966
1 7968
5 7968
7 7968
11 7968
13 7968
17 7968
19 7968
23 7968
25 7968
29 7968
31 7968
35 7968
37 7968
41 7968
43 7968
47 7968
49 7968
53 7968
55 7968
59 7968
61 7968
65 7968
67 7968
71 7968
73 7968
77 7968
79 7968
1 7970
3 7970
7 7970
9 7970
11 7970
13 7970
17 7970
19 7970
21 7970
23 7970
27 7970
29 7970
31 7970
33 7970
37 7970
39 7970
41 7970
43 7970
47 7970
49 7970
51 7970
53 7970
57 7970
59 7970
61 7970
63 7970
67 7970
69 7970
71 7970
73 7970
77 7970
79 7970
1 7972
3 7972
5 7972
7 7972
9 7972
11 7972
13 7972
15 7972
17 7972
19 7972
21 7972
23 7972
25 7972
27 7972
29 7972
31 7972
33 7972
35 7972
37 7972
39 7972
41 7972
43 7972
45 7972
47 7972
49 7972
51 7972
53 7972
55 7972
57 7972
59 7972
61 7972
63 7972
65 7972
67 7972
69 7972
71 7972
73 7972
75 7972
77 7972
79 7972
1 7974
5 7974
7 7974
11 7974
13 7974
17 7974
19 7974
23 7974
25 7974
29 7974
31 7974
35 7974
37 7974
41 7974
43 7974
47 7974
49 7974
53 7974
55 7974
59 7974
61 7974
65 7974
67 7974
71 7974
73 7974
77 7974
79 7974
1 7976
3 7976
5 7976
7 7976
9 7976
11 7976
13 7976
15 7976
17 7976
19 7976
21 7976
23 7976
25 7976
27 7976
29 7976
31 7976
33 7976
35 7976
37 7976
39 7976
41 7976
43 7976
45 7976
47 7976
49 7976
51 7976
53 7976
55 7976
57 7976
59 7976
61 7976
63 7976
65 7976
67 7976
69 7976
71 7976
73 7976
75 7976
77 7976
79 7976
1 7978
3 7978
5 7978
7 7978
9 7978
11 7978
13 7978
15 7978
17 7978
19 7978
21 7978
23 7978
25 7978
27 7978
29 7978
31 7978
33 7978
35 7978
37 7978
39 7978
41 7978
43 7978
45 7978
47 7978
49 7978
51 7978
53 7978
55 7978
57 7978
59 7978
61 7978
63 7978
65 7978
67 7978
69 7978
71 7978
73 7978
75 7978
77 7978
79 7978
1 7980
11 7980
13 7980
17 7980
23 7980
29 7980
31 7980
37 7980
41 7980
43 7980
47 7980
53 7980
59 7980
61 7980
67 7980
71 7980
73 7980
79 7980
1 7982
3 7982
5 7982
7 7982
9 7982
11 7982
15 7982
17 7982
19 7982
21 7982
23 7982
25 7982
27 7982
29 7982
31 7982
33 7982
35 7982
37 7982
41 7982
43 7982
45 7982
47 7982
49 7982
51 7982
53 7982
55 7982
57 7982
59 7982
61 7982
63 7982
67 7982
69 7982
71 7982
73 7982
75 7982
77 7982
79 7982
1 7984
3 7984
5 7984
7 7984
9 7984
11 7984
13 7984
15 7984
17 7984
19 7984
21 7984
23 7984
25 7984
27 7984
29 7984
31 7984
33 7984
35 7984
37 7984
39 7984
41 7984
43 7984
45 7984
47 7984
49 7984
51 7984
53 7984
55 7984
57 7984
59 7984
61 7984
63 7984
65 7984
67 7984
69 7984
71 7984
73 7984
75 7984
77 7984
79 7984
1 7986
5 7986
7 7986
13 7986
17 7986
19 7986
23 7986
25 7986
29 7986
31 7986
35 7986
37 7986
41 7986
43 7986
47 7986
49 7986
53 7986
59 7986
61 7986
65 7986
67 7986
71 7986
73 7986
79 7986
1 7988
3 7988
5 7988
7 7988
9 7988
11 7988
13 7988
15 7988
17 7988
19 7988
21 7988
23 7988
25 7988
27 7988
29 7988
31 7988
33 7988
35 7988
37 7988
39 7988
41 7988
43 7988
45 7988
47 7988
49 7988
51 7988
53 7988
55 7988
57 7988
59 7988
61 7988
63 7988
65 7988
67 7988
69 7988
71 7988
73 7988
75 7988
77 7988
79 7988
1 7990
3 7990
7 7990
9 7990
11 7990
13 7990
19 7990
21 7990
23 7990
27 7990
29 7990
31 7990
33 7990
37 7990
39 7990
41 7990
43 7990
49 7990
53 7990
57 7990
59 7990
61 7990
63 7990
67 7990
69 7990
71 7990
73 7990
77 7990
79 7990
1 7992
5 7992
7 7992
11 7992
13 7992
17 7992
19 7992
23 7992
25 7992
29 7992
31 7992
35 7992
41 7992
43 7992
47 7992
49 7992
53 7992
55 7992
59 7992
61 7992
65 7992
67 7992
71 7992
73 7992
77 7992
79 7992
1 7994
3 7994
5 7994
9 7994
11 7994
13 7994
15 7994
17 7994
19 7994
23 7994
25 7994
27 7994
29 7994
31 7994
33 7994
37 7994
39 7994
41 7994
43 7994
45 7994
47 7994
51 7994
53 7994
55 7994
57 7994
59 7994
61 7994
65 7994
67 7994
69 7994
71 7994
73 7994
75 7994
79 7994
1 7996
3 7996
5 7996
7 7996
9 7996
11 7996
13 7996
15 7996
17 7996
19 7996
21 7996
23 7996
25 7996
27 7996
29 7996
31 7996
33 7996
35 7996
37 7996
39 7996
41 7996
43 7996
45 7996
47 7996
49 7996
51 7996
53 7996
55 7996
57 7996
59 7996
61 7996
63 7996
65 7996
67 7996
69 7996
71 7996
73 7996
75 7996
77 7996
79 7996
1 7998
5 7998
7 7998
11 7998
13 7998
17 7998
19 7998
23 7998
25 7998
29 7998
35 7998
37 7998
41 7998
47 7998
49 7998
53 7998
55 7998
59 7998
61 7998
65 7998
67 7998
71 7998
73 7998
77 7998
79 7998
1 8000
3 8000
7 8000
9 8000
11 8000
13 8000
17 8000
19 8000
21 8000
23 8000
27 8000
29 8000
31 8000
33 8000
37 8000
39 8000
41 8000
43 8000
47 8000
49 8000
51 8000
53 8000
57 8000
59 8000
61 8000
63 8000
67 8000
69 8000
71 8000
73 8000
77 8000
79 8000
1 8002
3 8002
5 8002
7 8002
9 8002
11 8002
13 8002
15 8002
17 8002
19 8002
21 8002
23 8002
25 8002
27 8002
29 8002
31 8002
33 8002
35 8002
37 8002
39 8002
41 8002
43 8002
45 8002
47 8002
49 8002
51 8002
53 8002
55 8002
57 8002
59 8002
61 8002
63 8002
65 8002
67 8002
69 8002
71 8002
73 8002
75 8002
77 8002
79 8002
1 8004
5 8004
7 8004
11 8004
13 8004
17 8004
19 8004
25 8004
31 8004
35 8004
37 8004
41 8004
43 8004
47 8004
49 8004
53 8004
55 8004
59 8004
61 8004
65 8004
67 8004
71 8004
73 8004
77 8004
79 8004
1 8006
3 8006
5 8006
7 8006
9 8006
11 8006
13 8006
15 8006
17 8006
19 8006
21 8006
23 8006
25 8006
27 8006
29 8006
31 8006
33 8006
35 8006
37 8006
39 8006
41 8006
43 8006
45 8006
47 8006
49 8006
51 8006
53 8006
55 8006
57 8006
59 8006
61 8006
63 8006
65 8006
67 8006
69 8006
71 8006
73 8006
75 8006
77 8006
79 8006
1 8008
3 8008
5 8008
9 8008
15 8008
17 8008
19 8008
23 8008
25 8008
27 8008
29 8008
31 8008
37 8008
41 8008
43 8008
45 8008
47 8008
51 8008
53 8008
57 8008
59 8008
61 8008
67 8008
69 8008
71 8008
73 8008
75 8008
79 8008
1 8010
7 8010
11 8010
13 8010
17 8010
19 8010
23 8010
29 8010
31 8010
37 8010
41 8010
43 8010
47 8010
49 8010
53 8010
59 8010
61 8010
67 8010
71 8010
73 8010
77 8010
79 8010
1 8012
3 8012
5 8012
7 8012
9 8012
11 8012
13 8012
15 8012
17 8012
19 8012
21 8012
23 8012
25 8012
27 8012
29 8012
31 8012
33 8012
35 8012
37 8012
39 8012
41 8012
43 8012
45 8012
47 8012
49 8012
51 8012
53 8012
55 8012
57 8012
59 8012
61 8012
63 8012
65 8012
67 8012
69 8012
71 8012
73 8012
75 8012
77 8012
79 8012
1 8014
3 8014
5 8014
7 8014
9 8014
11 8014
13 8014
15 8014
17 8014
19 8014
21 8014
23 8014
25 8014
27 8014
29 8014
31 8014
33 8014
35 8014
37 8014
39 8014
41 8014
43 8014
45 8014
47 8014
49 8014
51 8014
53 8014
55 8014
57 8014
59 8014
61 8014
63 8014
65 8014
67 8014
69 8014
71 8014
73 8014
75 8014
77 8014
79 8014
1 8016
5 8016
7 8016
11 8016
13 8016
17 8016
19 8016
23 8016
25 8016
29 8016
31 8016
35 8016
37 8016
41 8016
43 8016
47 8016
49 8016
53 8016
55 8016
59 8016
61 8016
65 8016
67 8016
71 8016
73 8016
77 8016
79 8016
1 8018
3 8018
5 8018
7 8018
9 8018
11 8018
13 8018
15 8018
17 8018
21 8018
23 8018
25 8018
27 8018
29 8018
31 8018
33 8018
35 8018
37 8018
39 8018
41 8018
43 8018
45 8018
47 8018
49 8018
51 8018
53 8018
55 8018
59 8018
61 8018
63 8018
65 8018
67 8018
69 8018
71 8018
73 8018
75 8018
77 8018
79 8018
1 8020
3 8020
7 8020
9 8020
11 8020
13 8020
17 8020
19 8020
21 8020
23 8020
27 8020
29 8020
31 8020
33 8020
37 8020
39 8020
41 8020
43 8020
47 8020
49 8020
51 8020
53 8020
57 8020
59 8020
61 8020
63 8020
67 8020
69 8020
71 8020
73 8020
77 8020
79 8020
1 8022
5 8022
11 8022
13 8022
17 8022
19 8022
23 8022
25 8022
29 8022
31 8022
37 8022
41 8022
43 8022
47 8022
53 8022
55 8022
59 8022
61 8022
65 8022
67 8022
71 8022
73 8022
79 8022
1 8024
3 8024
5 8024
7 8024
9 8024
11 8024
13 8024
15 8024
19 8024
21 8024
23 8024
25 8024
27 8024
29 8024
31 8024
33 8024
35 8024
37 8024
39 8024
41 8024
43 8024
45 8024
47 8024
49 8024
53 8024
55 8024
57 8024
61 8024
63 8024
65 8024
67 8024
69 8024
71 8024
73 8024
75 8024
77 8024
79 8024
1 8026
3 8026
5 8026
7 8026
9 8026
11 8026
13 8026
15 8026
17 8026
19 8026
21 8026
23 8026
25 8026
27 8026
29 8026
31 8026
33 8026
35 8026
37 8026
39 8026
41 8026
43 8026
45 8026
47 8026
49 8026
51 8026
53 8026
55 8026
57 8026
59 8026
61 8026
63 8026
65 8026
67 8026
69 8026
71 8026
73 8026
75 8026
77 8026
79 8026
1 8028
5 8028
7 8028
11 8028
13 8028
17 8028
19 8028
23 8028
25 8028
29 8028
31 8028
35 8028
37 8028
41 8028
43 8028
47 8028
49 8028
53 8028
55 8028
59 8028
61 8028
65 8028
67 8028
71 8028
73 8028
77 8028
79 8028
1 8030
3 8030
7 8030
9 8030
13 8030
17 8030
19 8030
21 8030
23 8030
27 8030
29 8030
31 8030
37 8030
39 8030
41 8030
43 8030
47 8030
49 8030
51 8030
53 8030
57 8030
59 8030
61 8030
63 8030
67 8030
69 8030
71 8030
79 8030
1 8032
3 8032
5 8032
7 8032
9 8032
11 8032
13 8032
15 8032
17 8032
19 8032
21 8032
23 8032
25 8032
27 8032
29 8032
31 8032
33 8032
35 8032
37 8032
39 8032
41 8032
43 8032
45 8032
47 8032
49 8032
51 8032
53 8032
55 8032
57 8032
59 8032
61 8032
63 8032
65 8032
67 8032
69 8032
71 8032
73 8032
75 8032
77 8032
79 8032
1 8034
5 8034
7 8034
11 8034
17 8034
19 8034
23 8034
25 8034
29 8034
31 8034
35 8034
37 8034
41 8034
43 8034
47 8034
49 8034
53 8034
55 8034
59 8034
61 8034
67 8034
71 8034
73 8034
77 8034
79 8034
1 8036
3 8036
5 8036
9 8036
11 8036
13 8036
15 8036
17 8036
19 8036
23 8036
25 8036
27 8036
29 8036
31 8036
33 8036
37 8036
39 8036
43 8036
45 8036
47 8036
51 8036
53 8036
55 8036
57 8036
59 8036
61 8036
65 8036
67 8036
69 8036
71 8036
73 8036
75 8036
79 8036
1 8038
3 8038
5 8038
7 8038
9 8038
11 8038
13 8038
15 8038
17 8038
19 8038
21 8038
23 8038
25 8038
27 8038
29 8038
31 8038
33 8038
35 8038
37 8038
39 8038
41 8038
43 8038
45 8038
47 8038
49 8038
51 8038
53 8038
55 8038
57 8038
59 8038
61 8038
63 8038
65 8038
67 8038
69 8038
71 8038
73 8038
75 8038
77 8038
79 8038
1 8040
7 8040
11 8040
13 8040
17 8040
19 8040
23 8040
29 8040
31 8040
37 8040
41 8040
43 8040
47 8040
49 8040
53 8040
59 8040
61 8040
71 8040
73 8040
77 8040
79 8040
1 8042
3 8042
5 8042
7 8042
9 8042
11 8042
13 8042
15 8042
17 8042
19 8042
21 8042
23 8042
25 8042
27 8042
29 8042
31 8042
33 8042
35 8042
37 8042
39 8042
41 8042
43 8042
45 8042
47 8042
49 8042
51 8042
53 8042
55 8042
57 8042
59 8042
61 8042
63 8042
65 8042
67 8042
69 8042
71 8042
73 8042
75 8042
77 8042
79 8042
1 8044
3 8044
5 8044
7 8044
9 8044
11 8044
13 8044
15 8044
17 8044
19 8044
21 8044
23 8044
25 8044
27 8044
29 8044
31 8044
33 8044
35 8044
37 8044
39 8044
41 8044
43 8044
45 8044
47 8044
49 8044
51 8044
53 8044
55 8044
57 8044
59 8044
61 8044
63 8044
65 8044
67 8044
69 8044
71 8044
73 8044
75 8044
77 8044
79 8044
1 8046
5 8046
7 8046
11 8046
13 8046
17 8046
19 8046
23 8046
25 8046
29 8046
31 8046
35 8046
37 8046
41 8046
43 8046
47 8046
49 8046
53 8046
55 8046
59 8046
61 8046
65 8046
67 8046
71 8046
73 8046
77 8046
79 8046
1 8048
3 8048
5 8048
7 8048
9 8048
11 8048
13 8048
15 8048
17 8048
19 8048
21 8048
23 8048
25 8048
27 8048
29 8048
31 8048
33 8048
35 8048
37 8048
39 8048
41 8048
43 8048
45 8048
47 8048
49 8048
51 8048
53 8048
55 8048
57 8048
59 8048
61 8048
63 8048
65 8048
67 8048
69 8048
71 8048
73 8048
75 8048
77 8048
79 8048
1 8050
3 8050
9 8050
11 8050
13 8050
17 8050
19 8050
27 8050
29 8050
31 8050
33 8050
37 8050
39 8050
41 8050
43 8050
47 8050
51 8050
53 8050
57 8050
59 8050
61 8050
67 8050
71 8050
73 8050
79 8050
1 8052
5 8052
7 8052
13 8052
17 8052
19 8052
23 8052
25 8052
29 8052
31 8052
35 8052
37 8052
41 8052
43 8052
47 8052
49 8052
53 8052
59 8052
65 8052
67 8052
71 8052
73 8052
79 8052
1 8054
3 8054
5 8054
7 8054
9 8054
11 8054
13 8054
15 8054
17 8054
19 8054
21 8054
23 8054
25 8054
27 8054
29 8054
31 8054
33 8054
35 8054
37 8054
39 8054
41 8054
43 8054
45 8054
47 8054
49 8054
51 8054
53 8054
55 8054
57 8054
59 8054
61 8054
63 8054
65 8054
67 8054
69 8054
71 8054
73 8054
75 8054
77 8054
79 8054
1 8056
3 8056
5 8056
7 8056
9 8056
11 8056
13 8056
15 8056
17 8056
21 8056
23 8056
25 8056
27 8056
29 8056
31 8056
33 8056
35 8056
37 8056
39 8056
41 8056
43 8056
45 8056
47 8056
49 8056
51 8056
55 8056
59 8056
61 8056
63 8056
65 8056
67 8056
69 8056
71 8056
73 8056
75 8056
77 8056
79 8056
1 8058
5 8058
7 8058
11 8058
13 8058
19 8058
23 8058
25 8058
29 8058
31 8058
35 8058
37 8058
41 8058
43 8058
47 8058
49 8058
53 8058
55 8058
59 8058
61 8058
65 8058
67 8058
71 8058
73 8058
77 8058
1 8060
3 8060
7 8060
9 8060
11 8060
17 8060
19 8060
21 8060
23 8060
27 8060
29 8060
33 8060
37 8060
41 8060
43 8060
47 8060
49 8060
51 8060
53 8060
57 8060
59 8060
61 8060
63 8060
67 8060
69 8060
71 8060
73 8060
77 8060
79 8060
1 8062
3 8062
5 8062
7 8062
9 8062
11 8062
13 8062
15 8062
17 8062
19 8062
21 8062
23 8062
25 8062
27 8062
31 8062
33 8062
35 8062
37 8062
39 8062
41 8062
43 8062
45 8062
47 8062
49 8062
51 8062
53 8062
55 8062
57 8062
59 8062
61 8062
63 8062
65 8062
67 8062
69 8062
71 8062
73 8062
75 8062
77 8062
79 8062
1 8064
5 8064
11 8064
13 8064
17 8064
19 8064
23 8064
25 8064
29 8064
31 8064
37 8064
41 8064
43 8064
47 8064
53 8064
55 8064
59 8064
61 8064
65 8064
67 8064
71 8064
73 8064
79 8064
1 8066
3 8066
5 8066
7 8066
9 8066
11 8066
13 8066
15 8066
17 8066
19 8066
21 8066
23 8066
25 8066
27 8066
29 8066
31 8066
33 8066
35 8066
39 8066
41 8066
43 8066
45 8066
47 8066
49 8066
51 8066
53 8066
55 8066
57 8066
59 8066
61 8066
63 8066
65 8066
67 8066
69 8066
71 8066
73 8066
75 8066
77 8066
79 8066
1 8068
3 8068
5 8068
7 8068
9 8068
11 8068
13 8068
15 8068
17 8068
19 8068
21 8068
23 8068
25 8068
27 8068
29 8068
31 8068
33 8068
35 8068
37 8068
39 8068
41 8068
43 8068
45 8068
47 8068
49 8068
51 8068
53 8068
55 8068
57 8068
59 8068
61 8068
63 8068
65 8068
67 8068
69 8068
71 8068
73 8068
75 8068
77 8068
79 8068
1 8070
7 8070
11 8070
13 8070
17 8070
19 8070
23 8070
29 8070
31 8070
37 8070
41 8070
43 8070
47 8070
49 8070
53 8070
59 8070
61 8070
67 8070
71 8070
73 8070
77 8070
79 8070
1 8072
3 8072
5 8072
7 8072
9 8072
11 8072
13 8072
15 8072
17 8072
19 8072
21 8072
23 8072
25 8072
27 8072
29 8072
31 8072
33 8072
35 8072
37 8072
39 8072
41 8072
43 8072
45 8072
47 8072
49 8072
51 8072
53 8072
55 8072
57 8072
59 8072
61 8072
63 8072
65 8072
67 8072
69 8072
71 8072
73 8072
75 8072
77 8072
79 8072
1 8074
3 8074
5 8074
7 8074
9 8074
13 8074
15 8074
17 8074
19 8074
21 8074
23 8074
25 8074
27 8074
29 8074
31 8074
35 8074
37 8074
39 8074
41 8074
43 8074
45 8074
47 8074
49 8074
51 8074
53 8074
57 8074
59 8074
61 8074
63 8074
65 8074
67 8074
69 8074
71 8074
73 8074
75 8074
79 8074
1 8076
5 8076
7 8076
11 8076
13 8076
17 8076
19 8076
23 8076
25 8076
29 8076
31 8076
35 8076
37 8076
41 8076
43 8076
47 8076
49 8076
53 8076
55 8076
59 8076
61 8076
65 8076
67 8076
71 8076
73 8076
77 8076
79 8076
1 8078
3 8078
5 8078
9 8078
11 8078
13 8078
15 8078
17 8078
19 8078
23 8078
25 8078
27 8078
29 8078
31 8078
33 8078
37 8078
39 8078
41 8078
43 8078
45 8078
47 8078
51 8078
53 8078
55 8078
57 8078
59 8078
61 8078
65 8078
67 8078
69 8078
71 8078
73 8078
75 8078
79 8078
1 8080
3 8080
7 8080
9 8080
11 8080
13 8080
17 8080
19 8080
21 8080
23 8080
27 8080
29 8080
31 8080
33 8080
37 8080
39 8080
41 8080
43 8080
47 8080
49 8080
51 8080
53 8080
57 8080
59 8080
61 8080
63 8080
67 8080
69 8080
71 8080
73 8080
77 8080
79 8080
1 8082
5 8082
7 8082
11 8082
13 8082
17 8082
19 8082
23 8082
25 8082
29 8082
31 8082
35 8082
37 8082
41 8082
43 8082
47 8082
49 8082
53 8082
55 8082
59 8082
61 8082
65 8082
67 8082
71 8082
73 8082
77 8082
79 8082
1 8084
3 8084
5 8084
7 8084
9 8084
11 8084
13 8084
15 8084
17 8084
19 8084
21 8084
23 8084
25 8084
27 8084
29 8084
31 8084
33 8084
35 8084
37 8084
39 8084
41 8084
45 8084
49 8084
51 8084
53 8084
55 8084
57 8084
59 8084
61 8084
63 8084
65 8084
67 8084
69 8084
71 8084
73 8084
75 8084
77 8084
79 8084
1 8086
3 8086
5 8086
7 8086
9 8086
11 8086
15 8086
17 8086
19 8086
21 8086
23 8086
25 8086
27 8086
29 8086
31 8086
33 8086
35 8086
37 8086
41 8086
43 8086
45 8086
47 8086
49 8086
51 8086
53 8086
55 8086
57 8086
59 8086
61 8086
63 8086
67 8086
69 8086
71 8086
73 8086
75 8086
77 8086
79 8086
1 8088
5 8088
7 8088
11 8088
13 8088
17 8088
19 8088
23 8088
25 8088
29 8088
31 8088
35 8088
37 8088
41 8088
43 8088
47 8088
49 8088
53 8088
55 8088
59 8088
61 8088
65 8088
67 8088
71 8088
73 8088
77 8088
79 8088
1 8090
3 8090
7 8090
9 8090
11 8090
13 8090
17 8090
19 8090
21 8090
23 8090
27 8090
29 8090
31 8090
33 8090
37 8090
39 8090
41 8090
43 8090
47 8090
49 8090
51 8090
53 8090
57 8090
59 8090
61 8090
63 8090
67 8090
69 8090
71 8090
73 8090
77 8090
79 8090
1 8092
3 8092
5 8092
9 8092
11 8092
13 8092
15 8092
19 8092
23 8092
25 8092
27 8092
29 8092
31 8092
33 8092
37 8092
39 8092
41 8092
43 8092
45 8092
47 8092
53 8092
55 8092
57 8092
59 8092
61 8092
65 8092
67 8092
69 8092
71 8092
73 8092
75 8092
79 8092
1 8094
5 8094
7 8094
11 8094
13 8094
17 8094
23 8094
25 8094
29 8094
31 8094
35 8094
37 8094
41 8094
43 8094
47 8094
49 8094
53 8094
55 8094
59 8094
61 8094
65 8094
67 8094
73 8094
77 8094
79 8094
1 8096
3 8096
5 8096
7 8096
9 8096
13 8096
15 8096
17 8096
19 8096
21 8096
25 8096
27 8096
29 8096
31 8096
35 8096
37 8096
39 8096
41 8096
43 8096
45 8096
47 8096
49 8096
51 8096
53 8096
57 8096
59 8096
61 8096
63 8096
65 8096
67 8096
71 8096
73 8096
75 8096
79 8096
1 8098
3 8098
5 8098
7 8098
9 8098
11 8098
13 8098
15 8098
17 8098
19 8098
21 8098
23 8098
25 8098
27 8098
29 8098
31 8098
33 8098
35 8098
37 8098
39 8098
41 8098
43 8098
45 8098
47 8098
49 8098
51 8098
53 8098
55 8098
57 8098
59 8098
61 8098
63 8098
65 8098
67 8098
69 8098
71 8098
73 8098
75 8098
77 8098
79 8098
1 8100
7 8100
11 8100
13 8100
17 8100
19 8100
23 8100
29 8100
31 8100
37 8100
41 8100
43 8100
47 8100
49 8100
53 8100
59 8100
61 8100
67 8100
71 8100
73 8100
77 8100
79 8100
1 8102
3 8102
5 8102
7 8102
9 8102
11 8102
13 8102
15 8102
17 8102
19 8102
21 8102
23 8102
25 8102
27 8102
29 8102
31 8102
33 8102
35 8102
37 8102
39 8102
41 8102
43 8102
45 8102
47 8102
49 8102
51 8102
53 8102
55 8102
57 8102
59 8102
61 8102
63 8102
65 8102
67 8102
69 8102
71 8102
73 8102
75 8102
77 8102
79 8102
81 8102
1 8104
3 8104
5 8104
7 8104
9 8104
11 8104
13 8104
15 8104
17 8104
19 8104
21 8104
23 8104
25 8104
27 8104
29 8104
31 8104
33 8104
35 8104
37 8104
39 8104
41 8104
43 8104
45 8104
47 8104
49 8104
51 8104
53 8104
55 8104
57 8104
59 8104
61 8104
63 8104
65 8104
67 8104
69 8104
71 8104
73 8104
75 8104
77 8104
79 8104
81 8104
1 8106
5 8106
11 8106
13 8106
17 8106
19 8106
23 8106
25 8106
29 8106
31 8106
37 8106
41 8106
43 8106
47 8106
53 8106
55 8106
59 8106
61 8106
65 8106
67 8106
71 8106
73 8106
79 8106
1 8108
3 8108
5 8108
7 8108
9 8108
11 8108
13 8108
15 8108
17 8108
19 8108
21 8108
23 8108
25 8108
27 8108
29 8108
31 8108
33 8108
35 8108
37 8108
39 8108
41 8108
43 8108
45 8108
47 8108
49 8108
51 8108
53 8108
55 8108
57 8108
59 8108
61 8108
63 8108
65 8108
67 8108
69 8108
71 8108
73 8108
75 8108
77 8108
79 8108
81 8108
1 8110
3 8110
7 8110
9 8110
11 8110
13 8110
17 8110
19 8110
21 8110
23 8110
27 8110
29 8110
31 8110
33 8110
37 8110
39 8110
41 8110
43 8110
47 8110
49 8110
51 8110
53 8110
57 8110
59 8110
61 8110
63 8110
67 8110
69 8110
71 8110
73 8110
77 8110
79 8110
81 8110
1 8112
5 8112
7 8112
11 8112
17 8112
19 8112
23 8112
25 8112
29 8112
31 8112
35 8112
37 8112
41 8112
43 8112
47 8112
49 8112
53 8112
55 8112
59 8112
61 8112
67 8112
71 8112
73 8112
77 8112
79 8112
1 8114
3 8114
5 8114
7 8114
9 8114
11 8114
13 8114
15 8114
17 8114
19 8114
21 8114
23 8114
25 8114
27 8114
29 8114
31 8114
33 8114
35 8114
37 8114
39 8114
41 8114
43 8114
45 8114
47 8114
49 8114
51 8114
53 8114
55 8114
57 8114
59 8114
61 8114
63 8114
65 8114
67 8114
69 8114
71 8114
73 8114
75 8114
77 8114
79 8114
81 8114
1 8116
3 8116
5 8116
7 8116
9 8116
11 8116
13 8116
15 8116
17 8116
19 8116
21 8116
23 8116
25 8116
27 8116
29 8116
31 8116
33 8116
35 8116
37 8116
39 8116
41 8116
43 8116
45 8116
47 8116
49 8116
51 8116
53 8116
55 8116
57 8116
59 8116
61 8116
63 8116
65 8116
67 8116
69 8116
71 8116
73 8116
75 8116
77 8116
79 8116
81 8116
1 8118
5 8118
7 8118
13 8118
17 8118
19 8118
23 8118
25 8118
29 8118
31 8118
35 8118
37 8118
43 8118
47 8118
49 8118
53 8118
59 8118
61 8118
65 8118
67 8118
71 8118
73 8118
79 8118
1 8120
3 8120
9 8120
11 8120
13 8120
17 8120
19 8120
23 8120
27 8120
31 8120
33 8120
37 8120
39 8120
41 8120
43 8120
47 8120
51 8120
53 8120
57 8120
59 8120
61 8120
67 8120
69 8120
71 8120
73 8120
79 8120
81 8120
1 8122
3 8122
5 8122
7 8122
9 8122
11 8122
13 8122
15 8122
17 8122
19 8122
21 8122
23 8122
25 8122
27 8122
29 8122
33 8122
35 8122
37 8122
39 8122
41 8122
43 8122
45 8122
47 8122
49 8122
51 8122
53 8122
55 8122
57 8122
59 8122
61 8122
63 8122
65 8122
67 8122
69 8122
71 8122
73 8122
75 8122
77 8122
79 8122
81 8122
1 8124
5 8124
7 8124
11 8124
13 8124
17 8124
19 8124
23 8124
25 8124
29 8124
31 8124
35 8124
37 8124
41 8124
43 8124
47 8124
49 8124
53 8124
55 8124
59 8124
61 8124
65 8124
67 8124
71 8124
73 8124
77 8124
79 8124
1 8126
3 8126
5 8126
7 8126
9 8126
11 8126
13 8126
15 8126
19 8126
21 8126
23 8126
25 8126
27 8126
29 8126
31 8126
33 8126
35 8126
37 8126
39 8126
41 8126
43 8126
45 8126
47 8126
49 8126
53 8126
55 8126
57 8126
59 8126
61 8126
63 8126
65 8126
67 8126
69 8126
71 8126
73 8126
75 8126
77 8126
79 8126
81 8126
1 8128
3 8128
5 8128
7 8128
9 8128
11 8128
13 8128
15 8128
17 8128
19 8128
21 8128
23 8128
25 8128
27 8128
29 8128
31 8128
33 8128
35 8128
37 8128
39 8128
41 8128
43 8128
45 8128
47 8128
49 8128
51 8128
53 8128
55 8128
57 8128
59 8128
61 8128
63 8128
65 8128
67 8128
69 8128
71 8128
73 8128
75 8128
77 8128
79 8128
81 8128
1 8130
7 8130
11 8130
13 8130
17 8130
19 8130
23 8130
29 8130
31 8130
37 8130
41 8130
43 8130
47 8130
49 8130
53 8130
59 8130
61 8130
67 8130
71 8130
73 8130
77 8130
79 8130
1 8132
3 8132
5 8132
7 8132
9 8132
11 8132
13 8132
15 8132
17 8132
21 8132
23 8132
25 8132
27 8132
29 8132
31 8132
33 8132
35 8132
37 8132
39 8132
41 8132
43 8132
45 8132
47 8132
49 8132
51 8132
53 8132
55 8132
59 8132
61 8132
63 8132
65 8132
67 8132
69 8132
71 8132
73 8132
75 8132
77 8132
79 8132
81 8132
1 8134
3 8134
5 8134
9 8134
11 8134
13 8134
15 8134
17 8134
19 8134
23 8134
25 8134
27 8134
29 8134
31 8134
33 8134
37 8134
39 8134
41 8134
43 8134
45 8134
47 8134
51 8134
53 8134
55 8134
57 8134
59 8134
61 8134
65 8134
67 8134
69 8134
71 8134
73 8134
75 8134
79 8134
81 8134
1 8136
5 8136
7 8136
11 8136
13 8136
17 8136
19 8136
23 8136
25 8136
29 8136
31 8136
35 8136
37 8136
41 8136
43 8136
47 8136
49 8136
53 8136
55 8136
59 8136
61 8136
65 8136
67 8136
71 8136
73 8136
77 8136
79 8136
1 8138
3 8138
5 8138
7 8138
9 8138
11 8138
15 8138
17 8138
19 8138
21 8138
23 8138
25 8138
27 8138
29 8138
31 8138
33 8138
35 8138
37 8138
41 8138
43 8138
45 8138
47 8138
49 8138
51 8138
53 8138
55 8138
57 8138
59 8138
61 8138
63 8138
67 8138
69 8138
71 8138
73 8138
75 8138
77 8138
79 8138
81 8138
1 8140
3 8140
7 8140
9 8140
13 8140
17 8140
19 8140
21 8140
23 8140
27 8140
29 8140
31 8140
39 8140
41 8140
43 8140
47 8140
49 8140
51 8140
53 8140
57 8140
59 8140
61 8140
63 8140
67 8140
69 8140
71 8140
73 8140
79 8140
81 8140
1 8142
5 8142
7 8142
11 8142
13 8142
17 8142
19 8142
25 8142
29 8142
31 8142
35 8142
37 8142
41 8142
43 8142
47 8142
49 8142
53 8142
55 8142
61 8142
65 8142
67 8142
71 8142
73 8142
77 8142
79 8142
1 8144
3 8144
5 8144
7 8144
9 8144
11 8144
13 8144
15 8144
17 8144
19 8144
21 8144
23 8144
25 8144
27 8144
29 8144
31 8144
33 8144
35 8144
37 8144
39 8144
41 8144
43 8144
45 8144
47 8144
49 8144
51 8144
53 8144
55 8144
57 8144
59 8144
61 8144
63 8144
65 8144
67 8144
69 8144
71 8144
73 8144
75 8144
77 8144
79 8144
81 8144
1 8146
3 8146
5 8146
7 8146
9 8146
11 8146
13 8146
15 8146
17 8146
19 8146
21 8146
23 8146
25 8146
27 8146
29 8146
31 8146
33 8146
35 8146
37 8146
39 8146
41 8146
43 8146
45 8146
47 8146
49 8146
51 8146
53 8146
55 8146
57 8146
59 8146
61 8146
63 8146
65 8146
67 8146
69 8146
71 8146
73 8146
75 8146
77 8146
79 8146
81 8146
1 8148
5 8148
11 8148
13 8148
17 8148
19 8148
23 8148
25 8148
29 8148
31 8148
37 8148
41 8148
43 8148
47 8148
53 8148
55 8148
59 8148
61 8148
65 8148
67 8148
71 8148
73 8148
79 8148
1 8150
3 8150
7 8150
9 8150
11 8150
13 8150
17 8150
19 8150
21 8150
23 8150
27 8150
29 8150
31 8150
33 8150
37 8150
39 8150
41 8150
43 8150
47 8150
49 8150
51 8150
53 8150
57 8150
59 8150
61 8150
63 8150
67 8150
69 8150
71 8150
73 8150
77 8150
79 8150
81 8150
1 8152
3 8152
5 8152
7 8152
9 8152
11 8152
13 8152
15 8152
17 8152
19 8152
21 8152
23 8152
25 8152
27 8152
29 8152
31 8152
33 8152
35 8152
37 8152
39 8152
41 8152
43 8152
45 8152
47 8152
49 8152
51 8152
53 8152
55 8152
57 8152
59 8152
61 8152
63 8152
65 8152
67 8152
69 8152
71 8152
73 8152
75 8152
77 8152
79 8152
81 8152
1 8154
5 8154
7 8154
11 8154
13 8154
17 8154
19 8154
23 8154
25 8154
29 8154
31 8154
35 8154
37 8154
41 8154
43 8154
47 8154
49 8154
53 8154
55 8154
59 8154
61 8154
65 8154
67 8154
71 8154
73 8154
77 8154
79 8154
1 8156
3 8156
5 8156
7 8156
9 8156
11 8156
13 8156
15 8156
17 8156
19 8156
21 8156
23 8156
25 8156
27 8156
29 8156
31 8156
33 8156
35 8156
37 8156
39 8156
41 8156
43 8156
45 8156
47 8156
49 8156
51 8156
53 8156
55 8156
57 8156
59 8156
61 8156
63 8156
65 8156
67 8156
69 8156
71 8156
73 8156
75 8156
77 8156
79 8156
81 8156
1 8158
3 8158
5 8158
7 8158
9 8158
11 8158
13 8158
15 8158
17 8158
19 8158
21 8158
23 8158
25 8158
27 8158
29 8158
31 8158
33 8158
35 8158
37 8158
39 8158
41 8158
43 8158
45 8158
47 8158
49 8158
51 8158
53 8158
55 8158
57 8158
59 8158
61 8158
63 8158
65 8158
67 8158
69 8158
71 8158
73 8158
75 8158
77 8158
79 8158
81 8158
1 8160
7 8160
11 8160
13 8160
19 8160
23 8160
29 8160
31 8160
37 8160
41 8160
43 8160
47 8160
49 8160
53 8160
59 8160
61 8160
67 8160
71 8160
73 8160
77 8160
79 8160
1 8162
3 8162
5 8162
9 8162
13 8162
15 8162
17 8162
19 8162
23 8162
25 8162
27 8162
29 8162
31 8162
37 8162
39 8162
41 8162
43 8162
45 8162
47 8162
51 8162
57 8162
59 8162
61 8162
65 8162
67 8162
69 8162
71 8162
73 8162
75 8162
79 8162
81 8162
1 8164
3 8164
5 8164
7 8164
9 8164
11 8164
15 8164
17 8164
19 8164
21 8164
23 8164
25 8164
27 8164
29 8164
31 8164
33 8164
35 8164
37 8164
41 8164
43 8164
45 8164
47 8164
49 8164
51 8164
53 8164
55 8164
57 8164
59 8164
61 8164
63 8164
67 8164
69 8164
71 8164
73 8164
75 8164
77 8164
79 8164
81 8164
1 8166
5 8166
7 8166
11 8166
13 8166
17 8166
19 8166
23 8166
25 8166
29 8166
31 8166
35 8166
37 8166
41 8166
43 8166
47 8166
49 8166
53 8166
55 8166
59 8166
61 8166
65 8166
67 8166
71 8166
73 8166
77 8166
79 8166
1 8168
3 8168
5 8168
7 8168
9 8168
11 8168
13 8168
15 8168
17 8168
19 8168
21 8168
23 8168
25 8168
27 8168
29 8168
31 8168
33 8168
35 8168
37 8168
39 8168
41 8168
43 8168
45 8168
47 8168
49 8168
51 8168
53 8168
55 8168
57 8168
59 8168
61 8168
63 8168
65 8168
67 8168
69 8168
71 8168
73 8168
75 8168
77 8168
79 8168
81 8168
1 8170
3 8170
7 8170
9 8170
11 8170
13 8170
17 8170
21 8170
23 8170
27 8170
29 8170
31 8170
33 8170
37 8170
39 8170
41 8170
47 8170
49 8170
51 8170
53 8170
59 8170
61 8170
63 8170
67 8170
69 8170
71 8170
73 8170
77 8170
79 8170
81 8170
1 8172
5 8172
7 8172
11 8172
13 8172
17 8172
19 8172
23 8172
25 8172
29 8172
31 8172
35 8172
37 8172
41 8172
43 8172
47 8172
49 8172
53 8172
55 8172
59 8172
61 8172
65 8172
67 8172
71 8172
73 8172
77 8172
79 8172
1 8174
3 8174
5 8174
7 8174
9 8174
11 8174
13 8174
15 8174
17 8174
19 8174
21 8174
23 8174
25 8174
27 8174
29 8174
31 8174
33 8174
35 8174
37 8174
39 8174
41 8174
43 8174
45 8174
47 8174
49 8174
51 8174
53 8174
55 8174
57 8174
59 8174
63 8174
65 8174
69 8174
71 8174
73 8174
75 8174
77 8174
79 8174
81 8174
1 8176
3 8176
5 8176
9 8176
11 8176
13 8176
15 8176
17 8176
19 8176
23 8176
25 8176
27 8176
29 8176
31 8176
33 8176
37 8176
39 8176
41 8176
43 8176
45 8176
47 8176
51 8176
53 8176
55 8176
57 8176
59 8176
61 8176
65 8176
67 8176
69 8176
71 8176
75 8176
79 8176
81 8176
1 8178
5 8178
7 8178
11 8178
13 8178
17 8178
19 8178
23 8178
25 8178
31 8178
35 8178
37 8178
41 8178
43 8178
49 8178
53 8178
55 8178
59 8178
61 8178
65 8178
67 8178
71 8178
73 8178
77 8178
79 8178
1 8180
3 8180
7 8180
9 8180
11 8180
13 8180
17 8180
19 8180
21 8180
23 8180
27 8180
29 8180
31 8180
33 8180
37 8180
39 8180
41 8180
43 8180
47 8180
49 8180
51 8180
53 8180
57 8180
59 8180
61 8180
63 8180
67 8180
69 8180
71 8180
73 8180
77 8180
79 8180
81 8180
1 8182
3 8182
5 8182
7 8182
9 8182
11 8182
13 8182
15 8182
17 8182
19 8182
21 8182
23 8182
25 8182
27 8182
29 8182
31 8182
33 8182
35 8182
37 8182
39 8182
41 8182
43 8182
45 8182
47 8182
49 8182
51 8182
53 8182
55 8182
57 8182
59 8182
61 8182
63 8182
65 8182
67 8182
69 8182
71 8182
73 8182
75 8182
77 8182
79 8182
81 8182
1 8184
5 8184
7 8184
13 8184
17 8184
19 8184
23 8184
25 8184
29 8184
35 8184
37 8184
41 8184
43 8184
47 8184
49 8184
53 8184
59 8184
61 8184
65 8184
67 8184
71 8184
73 8184
79 8184
1 8186
3 8186
5 8186
7 8186
9 8186
11 8186
13 8186
15 8186
17 8186
19 8186
21 8186
23 8186
25 8186
27 8186
29 8186
31 8186
33 8186
35 8186
37 8186
39 8186
41 8186
43 8186
45 8186
47 8186
49 8186
51 8186
53 8186
55 8186
57 8186
59 8186
61 8186
63 8186
65 8186
67 8186
69 8186
71 8186
73 8186
75 8186
77 8186
79 8186
81 8186
1 8188
3 8188
5 8188
7 8188
9 8188
11 8188
13 8188
15 8188
17 8188
19 8188
21 8188
25 8188
27 8188
29 8188
31 8188
33 8188
35 8188
37 8188
39 8188
41 8188
43 8188
45 8188
47 8188
49 8188
51 8188
53 8188
55 8188
57 8188
59 8188
61 8188
63 8188
65 8188
67 8188
71 8188
73 8188
75 8188
77 8188
79 8188
81 8188
1 8190
11 8190
17 8190
19 8190
23 8190
29 8190
31 8190
37 8190
41 8190
43 8190
47 8190
53 8190
59 8190
61 8190
67 8190
71 8190
73 8190
79 8190
1 8192
3 8192
5 8192
7 8192
9 8192
11 8192
13 8192
15 8192
17 8192
19 8192
21 8192
23 8192
25 8192
27 8192
29 8192
31 8192
33 8192
35 8192
37 8192
39 8192
41 8192
43 8192
45 8192
47 8192
49 8192
51 8192
53 8192
55 8192
57 8192
59 8192
61 8192
63 8192
65 8192
67 8192
69 8192
71 8192
73 8192
75 8192
77 8192
79 8192
81 8192
1 8194
3 8194
5 8194
7 8194
9 8194
11 8194
13 8194
15 8194
19 8194
21 8194
23 8194
25 8194
27 8194
29 8194
31 8194
33 8194
35 8194
37 8194
39 8194
41 8194
43 8194
45 8194
47 8194
49 8194
53 8194
55 8194
57 8194
59 8194
61 8194
63 8194
65 8194
67 8194
69 8194
71 8194
73 8194
75 8194
77 8194
79 8194
81 8194
1 8196
5 8196
7 8196
11 8196
13 8196
17 8196
19 8196
23 8196
25 8196
29 8196
31 8196
35 8196
37 8196
41 8196
43 8196
47 8196
49 8196
53 8196
55 8196
59 8196
61 8196
65 8196
67 8196
71 8196
73 8196
77 8196
79 8196
1 8198
3 8198
5 8198
7 8198
9 8198
11 8198
13 8198
15 8198
17 8198
19 8198
21 8198
23 8198
25 8198
27 8198
29 8198
31 8198
33 8198
35 8198
37 8198
39 8198
41 8198
43 8198
45 8198
47 8198
49 8198
51 8198
53 8198
55 8198
57 8198
59 8198
61 8198
63 8198
65 8198
67 8198
69 8198
71 8198
73 8198
75 8198
77 8198
79 8198
81 8198
1 8200
3 8200
7 8200
9 8200
11 8200
13 8200
17 8200
19 8200
21 8200
23 8200
27 8200
29 8200
31 8200
33 8200
37 8200
39 8200
43 8200
47 8200
49 8200
51 8200
53 8200
57 8200
59 8200
61 8200
63 8200
67 8200
69 8200
71 8200
73 8200
77 8200
79 8200
81 8200
1 8202
5 8202
7 8202
11 8202
13 8202
17 8202
19 8202
23 8202
25 8202
29 8202
31 8202
35 8202
37 8202
41 8202
43 8202
47 8202
49 8202
53 8202
55 8202
59 8202
61 8202
65 8202
67 8202
71 8202
73 8202
77 8202
79 8202
1 8204
3 8204
5 8204
9 8204
11 8204
13 8204
15 8204
17 8204
19 8204
23 8204
25 8204
27 8204
29 8204
31 8204
33 8204
37 8204
39 8204
41 8204
43 8204
45 8204
47 8204
51 8204
53 8204
55 8204
57 8204
59 8204
61 8204
65 8204
67 8204
69 8204
71 8204
73 8204
75 8204
79 8204
81 8204
1 8206
3 8206
5 8206
7 8206
9 8206
13 8206
15 8206
17 8206
19 8206
21 8206
23 8206
25 8206
27 8206
29 8206
31 8206
35 8206
37 8206
39 8206
41 8206
43 8206
45 8206
47 8206
49 8206
51 8206
53 8206
57 8206
59 8206
61 8206
63 8206
65 8206
67 8206
69 8206
71 8206
73 8206
75 8206
79 8206
81 8206
1 8208
5 8208
7 8208
11 8208
13 8208
17 8208
23 8208
25 8208
29 8208
31 8208
35 8208
37 8208
41 8208
43 8208
47 8208
49 8208
53 8208
55 8208
59 8208
61 8208
65 8208
67 8208
71 8208
73 8208
77 8208
79 8208
1 8210
3 8210
7 8210
9 8210
11 8210
13 8210
17 8210
19 8210
21 8210
23 8210
27 8210
29 8210
31 8210
33 8210
37 8210
39 8210
41 8210
43 8210
47 8210
49 8210
51 8210
53 8210
57 8210
59 8210
61 8210
63 8210
67 8210
69 8210
71 8210
73 8210
77 8210
79 8210
81 8210
1 8212
3 8212
5 8212
7 8212
9 8212
11 8212
13 8212
15 8212
17 8212
19 8212
21 8212
23 8212
25 8212
27 8212
29 8212
31 8212
33 8212
35 8212
37 8212
39 8212
41 8212
43 8212
45 8212
47 8212
49 8212
51 8212
53 8212
55 8212
57 8212
59 8212
61 8212
63 8212
65 8212
67 8212
69 8212
71 8212
73 8212
75 8212
77 8212
79 8212
81 8212
1 8214
5 8214
7 8214
11 8214
13 8214
17 8214
19 8214
23 8214
25 8214
29 8214
31 8214
35 8214
41 8214
43 8214
47 8214
49 8214
53 8214
55 8214
59 8214
61 8214
65 8214
67 8214
71 8214
73 8214
77 8214
79 8214
1 8216
3 8216
5 8216
7 8216
9 8216
11 8216
15 8216
17 8216
19 8216
21 8216
23 8216
25 8216
27 8216
29 8216
31 8216
33 8216
35 8216
37 8216
41 8216
43 8216
45 8216
47 8216
49 8216
51 8216
53 8216
55 8216
57 8216
59 8216
61 8216
63 8216
67 8216
69 8216
71 8216
73 8216
75 8216
77 8216
81 8216
1 8218
3 8218
5 8218
9 8218
11 8218
13 8218
15 8218
17 8218
19 8218
23 8218
25 8218
27 8218
29 8218
31 8218
33 8218
37 8218
39 8218
41 8218
43 8218
45 8218
47 8218
51 8218
53 8218
55 8218
57 8218
59 8218
61 8218
65 8218
67 8218
69 8218
71 8218
73 8218
75 8218
79 8218
81 8218
1 8220
7 8220
11 8220
13 8220
17 8220
19 8220
23 8220
29 8220
31 8220
37 8220
41 8220
43 8220
47 8220
49 8220
53 8220
59 8220
61 8220
67 8220
71 8220
73 8220
77 8220
79 8220
1 8222
3 8222
5 8222
7 8222
9 8222
11 8222
13 8222
15 8222
17 8222
19 8222
21 8222
23 8222
25 8222
27 8222
29 8222
31 8222
33 8222
35 8222
37 8222
39 8222
41 8222
43 8222
45 8222
47 8222
49 8222
51 8222
53 8222
55 8222
57 8222
59 8222
61 8222
63 8222
65 8222
67 8222
69 8222
71 8222
73 8222
75 8222
77 8222
79 8222
81 8222
1 8224
3 8224
5 8224
7 8224
9 8224
11 8224
13 8224
15 8224
17 8224
19 8224
21 8224
23 8224
25 8224
27 8224
29 8224
31 8224
33 8224
35 8224
37 8224
39 8224
41 8224
43 8224
45 8224
47 8224
49 8224
51 8224
53 8224
55 8224
57 8224
59 8224
61 8224
63 8224
65 8224
67 8224
69 8224
71 8224
73 8224
75 8224
77 8224
79 8224
81 8224
1 8226
5 8226
7 8226
11 8226
13 8226
17 8226
19 8226
23 8226
25 8226
29 8226
31 8226
35 8226
37 8226
41 8226
43 8226
47 8226
49 8226
53 8226
55 8226
59 8226
61 8226
65 8226
67 8226
71 8226
73 8226
77 8226
79 8226
1 8228
3 8228
5 8228
7 8228
9 8228
13 8228
15 8228
19 8228
21 8228
23 8228
25 8228
27 8228
29 8228
31 8228
35 8228
37 8228
39 8228
41 8228
43 8228
45 8228
47 8228
49 8228
53 8228
57 8228
59 8228
61 8228
63 8228
65 8228
67 8228
69 8228
71 8228
73 8228
75 8228
79 8228
81 8228
1 8230
3 8230
7 8230
9 8230
11 8230
13 8230
17 8230
19 8230
21 8230
23 8230
27 8230
29 8230
31 8230
33 8230
37 8230
39 8230
41 8230
43 8230
47 8230
49 8230
51 8230
53 8230
57 8230
59 8230
61 8230
63 8230
67 8230
69 8230
71 8230
73 8230
77 8230
79 8230
81 8230
1 8232
5 8232
11 8232
13 8232
17 8232
19 8232
23 8232
25 8232
29 8232
31 8232
37 8232
41 8232
43 8232
47 8232
53 8232
55 8232
59 8232
61 8232
65 8232
67 8232
71 8232
73 8232
79 8232
1 8234
3 8234
5 8234
7 8234
9 8234
11 8234
13 8234
15 8234
17 8234
19 8234
21 8234
25 8234
27 8234
29 8234
31 8234
33 8234
35 8234
37 8234
39 8234
41 8234
43 8234
45 8234
47 8234
49 8234
51 8234
53 8234
55 8234
57 8234
59 8234
61 8234
63 8234
65 8234
67 8234
71 8234
73 8234
75 8234
77 8234
79 8234
81 8234
1 8236
3 8236
5 8236
7 8236
9 8236
11 8236
13 8236
15 8236
17 8236
19 8236
21 8236
23 8236
25 8236
27 8236
31 8236
33 8236
35 8236
37 8236
39 8236
41 8236
43 8236
45 8236
47 8236
49 8236
51 8236
53 8236
55 8236
57 8236
59 8236
61 8236
63 8236
65 8236
67 8236
69 8236
73 8236
75 8236
77 8236
79 8236
81 8236
1 8238
5 8238
7 8238
11 8238
13 8238
17 8238
19 8238
23 8238
25 8238
29 8238
31 8238
35 8238
37 8238
41 8238
43 8238
47 8238
49 8238
53 8238
55 8238
59 8238
61 8238
65 8238
67 8238
71 8238
73 8238
77 8238
79 8238
1 8240
3 8240
7 8240
9 8240
11 8240
13 8240
17 8240
19 8240
21 8240
23 8240
27 8240
29 8240
31 8240
33 8240
37 8240
39 8240
41 8240
43 8240
47 8240
49 8240
51 8240
53 8240
57 8240
59 8240
61 8240
63 8240
67 8240
69 8240
71 8240
73 8240
77 8240
79 8240
81 8240
1 8242
3 8242
5 8242
7 8242
9 8242
11 8242
15 8242
17 8242
19 8242
21 8242
23 8242
25 8242
27 8242
29 8242
31 8242
33 8242
35 8242
37 8242
41 8242
43 8242
45 8242
47 8242
49 8242
51 8242
53 8242
55 8242
57 8242
59 8242
61 8242
63 8242
67 8242
69 8242
71 8242
73 8242
75 8242
77 8242
79 8242
81 8242
1 8244
5 8244
7 8244
11 8244
13 8244
17 8244
19 8244
23 8244
25 8244
29 8244
31 8244
35 8244
37 8244
41 8244
43 8244
47 8244
49 8244
53 8244
55 8244
59 8244
61 8244
65 8244
67 8244
71 8244
73 8244
77 8244
79 8244
1 8246
3 8246
5 8246
9 8246
11 8246
13 8246
15 8246
17 8246
23 8246
25 8246
27 8246
29 8246
33 8246
37 8246
39 8246
41 8246
43 8246
45 8246
47 8246
51 8246
53 8246
55 8246
59 8246
61 8246
65 8246
67 8246
69 8246
71 8246
73 8246
75 8246
79 8246
81 8246
1 8248
3 8248
5 8248
7 8248
9 8248
11 8248
13 8248
15 8248
17 8248
19 8248
21 8248
23 8248
25 8248
27 8248
29 8248
31 8248
33 8248
35 8248
37 8248
39 8248
41 8248
43 8248
45 8248
47 8248
49 8248
51 8248
53 8248
55 8248
57 8248
59 8248
61 8248
63 8248
65 8248
67 8248
69 8248
71 8248
73 8248
75 8248
77 8248
79 8248
81 8248
1 8250
7 8250
13 8250
17 8250
19 8250
23 8250
29 8250
31 8250
37 8250
41 8250
43 8250
47 8250
49 8250
53 8250
59 8250
61 8250
67 8250
71 8250
73 8250
79 8250
1 8252
3 8252
5 8252
7 8252
9 8252
11 8252
13 8252
15 8252
17 8252
19 8252
21 8252
23 8252
25 8252
27 8252
29 8252
31 8252
33 8252
35 8252
37 8252
39 8252
41 8252
43 8252
45 8252
47 8252
49 8252
51 8252
53 8252
55 8252
57 8252
59 8252
61 8252
63 8252
65 8252
67 8252
69 8252
71 8252
73 8252
75 8252
77 8252
79 8252
81 8252
1 8254
3 8254
5 8254
7 8254
9 8254
11 8254
13 8254
15 8254
17 8254
19 8254
21 8254
23 8254
25 8254
27 8254
29 8254
31 8254
33 8254
35 8254
37 8254
39 8254
41 8254
43 8254
45 8254
47 8254
49 8254
51 8254
53 8254
55 8254
57 8254
59 8254
61 8254
63 8254
65 8254
67 8254
69 8254
71 8254
73 8254
75 8254
77 8254
79 8254
81 8254
1 8256
5 8256
7 8256
11 8256
13 8256
17 8256
19 8256
23 8256
25 8256
29 8256
31 8256
35 8256
37 8256
41 8256
47 8256
49 8256
53 8256
55 8256
59 8256
61 8256
65 8256
67 8256
71 8256
73 8256
77 8256
79 8256
1 8258
3 8258
5 8258
7 8258
9 8258
11 8258
13 8258
15 8258
17 8258
19 8258
21 8258
23 8258
25 8258
27 8258
29 8258
31 8258
33 8258
35 8258
37 8258
39 8258
41 8258
43 8258
45 8258
47 8258
49 8258
51 8258
53 8258
55 8258
57 8258
59 8258
61 8258
63 8258
65 8258
67 8258
69 8258
71 8258
73 8258
75 8258
77 8258
79 8258
81 8258
1 8260
3 8260
9 8260
11 8260
13 8260
17 8260
19 8260
23 8260
27 8260
29 8260
31 8260
33 8260
37 8260
39 8260
41 8260
43 8260
47 8260
51 8260
53 8260
57 8260
61 8260
67 8260
69 8260
71 8260
73 8260
79 8260
81 8260
1 8262
5 8262
7 8262
11 8262
13 8262
19 8262
23 8262
25 8262
29 8262
31 8262
35 8262
37 8262
41 8262
43 8262
47 8262
49 8262
53 8262
55 8262
59 8262
61 8262
65 8262
67 8262
71 8262
73 8262
77 8262
79 8262
1 8264
3 8264
5 8264
7 8264
9 8264
11 8264
13 8264
15 8264
17 8264
19 8264
21 8264
23 8264
25 8264
27 8264
29 8264
31 8264
33 8264
35 8264
37 8264
39 8264
41 8264
43 8264
45 8264
47 8264
49 8264
51 8264
53 8264
55 8264
57 8264
59 8264
61 8264
63 8264
65 8264
67 8264
69 8264
71 8264
73 8264
75 8264
77 8264
79 8264
81 8264
1 8266
3 8266
5 8266
7 8266
9 8266
11 8266
13 8266
15 8266
17 8266
19 8266
21 8266
23 8266
25 8266
27 8266
29 8266
31 8266
33 8266
35 8266
37 8266
39 8266
41 8266
43 8266
45 8266
47 8266
49 8266
51 8266
53 8266
55 8266
57 8266
59 8266
61 8266
63 8266
65 8266
67 8266
69 8266
71 8266
73 8266
75 8266
77 8266
79 8266
81 8266
1 8268
5 8268
7 8268
11 8268
17 8268
19 8268
23 8268
25 8268
29 8268
31 8268
35 8268
37 8268
41 8268
43 8268
47 8268
49 8268
55 8268
59 8268
61 8268
67 8268
71 8268
73 8268
77 8268
79 8268
1 8270
3 8270
7 8270
9 8270
11 8270
13 8270
17 8270
19 8270
21 8270
23 8270
27 8270
29 8270
31 8270
33 8270
37 8270
39 8270
41 8270
43 8270
47 8270
49 8270
51 8270
53 8270
57 8270
59 8270
61 8270
63 8270
67 8270
69 8270
71 8270
73 8270
77 8270
79 8270
81 8270
1 8272
3 8272
5 8272
7 8272
9 8272
13 8272
15 8272
17 8272
19 8272
21 8272
23 8272
25 8272
27 8272
29 8272
31 8272
35 8272
37 8272
39 8272
41 8272
43 8272
45 8272
49 8272
51 8272
53 8272
57 8272
59 8272
61 8272
63 8272
65 8272
67 8272
69 8272
71 8272
73 8272
75 8272
79 8272
81 8272
1 8274
5 8274
11 8274
13 8274
17 8274
19 8274
23 8274
25 8274
29 8274
31 8274
37 8274
41 8274
43 8274
47 8274
53 8274
55 8274
59 8274
61 8274
65 8274
67 8274
71 8274
73 8274
79 8274
1 8276
3 8276
5 8276
7 8276
9 8276
11 8276
13 8276
15 8276
17 8276
19 8276
21 8276
23 8276
25 8276
27 8276
29 8276
31 8276
33 8276
35 8276
37 8276
39 8276
41 8276
43 8276
45 8276
47 8276
49 8276
51 8276
53 8276
55 8276
57 8276
59 8276
61 8276
63 8276
65 8276
67 8276
69 8276
71 8276
73 8276
75 8276
77 8276
79 8276
81 8276
1 8278
3 8278
5 8278
7 8278
9 8278
11 8278
13 8278
15 8278
17 8278
19 8278
21 8278
23 8278
25 8278
27 8278
29 8278
31 8278
33 8278
35 8278
37 8278
39 8278
41 8278
43 8278
45 8278
47 8278
49 8278
51 8278
53 8278
55 8278
57 8278
59 8278
61 8278
63 8278
65 8278
67 8278
69 8278
71 8278
73 8278
75 8278
77 8278
79 8278
81 8278
1 8280
7 8280
11 8280
13 8280
17 8280
19 8280
29 8280
31 8280
37 8280
41 8280
43 8280
47 8280
49 8280
53 8280
59 8280
61 8280
67 8280
71 8280
73 8280
77 8280
79 8280
1 8282
3 8282
5 8282
7 8282
9 8282
11 8282
13 8282
15 8282
17 8282
19 8282
21 8282
23 8282
25 8282
27 8282
29 8282
31 8282
33 8282
35 8282
37 8282
39 8282
43 8282
45 8282
47 8282
49 8282
51 8282
53 8282
55 8282
57 8282
59 8282
61 8282
63 8282
65 8282
67 8282
69 8282
71 8282
73 8282
75 8282
77 8282
79 8282
81 8282
1 8284
3 8284
5 8284
7 8284
9 8284
11 8284
13 8284
15 8284
17 8284
21 8284
23 8284
25 8284
27 8284
29 8284
31 8284
33 8284
35 8284
37 8284
39 8284
41 8284
43 8284
45 8284
47 8284
49 8284
51 8284
53 8284
55 8284
59 8284
61 8284
63 8284
65 8284
67 8284
69 8284
71 8284
73 8284
75 8284
77 8284
79 8284
81 8284
1 8286
5 8286
7 8286
11 8286
13 8286
17 8286
19 8286
23 8286
25 8286
29 8286
31 8286
35 8286
37 8286
41 8286
43 8286
47 8286
49 8286
53 8286
55 8286
59 8286
61 8286
65 8286
67 8286
71 8286
73 8286
77 8286
79 8286
1 8288
3 8288
5 8288
9 8288
11 8288
13 8288
15 8288
17 8288
19 8288
23 8288
25 8288
27 8288
29 8288
31 8288
33 8288
39 8288
41 8288
43 8288
45 8288
47 8288
51 8288
53 8288
55 8288
57 8288
59 8288
61 8288
65 8288
67 8288
69 8288
71 8288
73 8288
75 8288
79 8288
81 8288
1 8290
3 8290
7 8290
9 8290
11 8290
13 8290
17 8290
19 8290
21 8290
23 8290
27 8290
29 8290
31 8290
33 8290
37 8290
39 8290
41 8290
43 8290
47 8290
49 8290
51 8290
53 8290
57 8290
59 8290
61 8290
63 8290
67 8290
69 8290
71 8290
73 8290
77 8290
79 8290
81 8290
1 8292
5 8292
7 8292
11 8292
13 8292
17 8292
19 8292
23 8292
25 8292
29 8292
31 8292
35 8292
37 8292
41 8292
43 8292
47 8292
49 8292
53 8292
55 8292
59 8292
61 8292
65 8292
67 8292
71 8292
73 8292
77 8292
79 8292
1 8294
3 8294
5 8294
7 8294
9 8294
15 8294
17 8294
19 8294
21 8294
23 8294
25 8294
27 8294
31 8294
35 8294
37 8294
41 8294
43 8294
45 8294
47 8294
49 8294
51 8294
53 8294
57 8294
59 8294
61 8294
63 8294
67 8294
69 8294
71 8294
73 8294
75 8294
79 8294
81 8294
1 8296
3 8296
5 8296
7 8296
9 8296
11 8296
13 8296
15 8296
19 8296
21 8296
23 8296
25 8296
27 8296
29 8296
31 8296
33 8296
35 8296
37 8296
39 8296
41 8296
43 8296
45 8296
47 8296
49 8296
53 8296
55 8296
57 8296
59 8296
63 8296
65 8296
67 8296
69 8296
71 8296
73 8296
75 8296
77 8296
79 8296
81 8296
1 8298
5 8298
7 8298
11 8298
13 8298
17 8298
19 8298
23 8298
25 8298
29 8298
31 8298
35 8298
37 8298
41 8298
43 8298
47 8298
49 8298
53 8298
55 8298
59 8298
61 8298
65 8298
67 8298
71 8298
73 8298
77 8298
79 8298
1 8300
3 8300
7 8300
9 8300
11 8300
13 8300
17 8300
19 8300
21 8300
23 8300
27 8300
29 8300
31 8300
33 8300
37 8300
39 8300
41 8300
43 8300
47 8300
49 8300
51 8300
53 8300
57 8300
59 8300
61 8300
63 8300
67 8300
69 8300
71 8300
73 8300
77 8300
79 8300
81 8300
1 8302
3 8302
5 8302
9 8302
11 8302
13 8302
15 8302
17 8302
19 8302
23 8302
25 8302
27 8302
29 8302
31 8302
33 8302
37 8302
39 8302
41 8302
43 8302
45 8302
47 8302
51 8302
53 8302
55 8302
57 8302
59 8302
61 8302
65 8302
67 8302
69 8302
71 8302
73 8302
75 8302
79 8302
81 8302
83 8302
1 8304
5 8304
7 8304
11 8304
13 8304
17 8304
19 8304
23 8304
25 8304
29 8304
31 8304
35 8304
37 8304
41 8304
43 8304
47 8304
49 8304
53 8304
55 8304
59 8304
61 8304
65 8304
67 8304
71 8304
73 8304
77 8304
79 8304
83 8304
1 8306
3 8306
5 8306
7 8306
9 8306
11 8306
13 8306
15 8306
17 8306
19 8306
21 8306
23 8306
25 8306
27 8306
29 8306
31 8306
33 8306
35 8306
37 8306
39 8306
41 8306
43 8306
45 8306
47 8306
49 8306
51 8306
53 8306
55 8306
57 8306
59 8306
61 8306
63 8306
65 8306
67 8306
69 8306
71 8306
73 8306
75 8306
77 8306
79 8306
81 8306
83 8306
1 8308
3 8308
5 8308
7 8308
9 8308
11 8308
13 8308
15 8308
17 8308
19 8308
21 8308
23 8308
25 8308
27 8308
29 8308
33 8308
35 8308
37 8308
39 8308
41 8308
43 8308
45 8308
47 8308
49 8308
51 8308
53 8308
55 8308
57 8308
59 8308
61 8308
63 8308
65 8308
69 8308
71 8308
73 8308
75 8308
77 8308
79 8308
81 8308
83 8308
1 8310
7 8310
11 8310
13 8310
17 8310
19 8310
23 8310
29 8310
31 8310
37 8310
41 8310
43 8310
47 8310
49 8310
53 8310
59 8310
61 8310
67 8310
71 8310
73 8310
77 8310
79 8310
83 8310
1 8312
3 8312
5 8312
7 8312
9 8312
11 8312
13 8312
15 8312
17 8312
19 8312
21 8312
23 8312
25 8312
27 8312
29 8312
31 8312
33 8312
35 8312
37 8312
39 8312
41 8312
43 8312
45 8312
47 8312
49 8312
51 8312
53 8312
55 8312
57 8312
59 8312
61 8312
63 8312
65 8312
67 8312
69 8312
71 8312
73 8312
75 8312
77 8312
79 8312
81 8312
83 8312
1 8314
3 8314
5 8314
7 8314
9 8314
11 8314
13 8314
15 8314
17 8314
19 8314
21 8314
23 8314
25 8314
27 8314
29 8314
31 8314
33 8314
35 8314
37 8314
39 8314
41 8314
43 8314
45 8314
47 8314
49 8314
51 8314
53 8314
55 8314
57 8314
59 8314
61 8314
63 8314
65 8314
67 8314
69 8314
71 8314
73 8314
75 8314
77 8314
79 8314
81 8314
83 8314
1 8316
5 8316
13 8316
17 8316
19 8316
23 8316
25 8316
29 8316
31 8316
37 8316
41 8316
43 8316
47 8316
53 8316
59 8316
61 8316
65 8316
67 8316
71 8316
73 8316
79 8316
83 8316
1 8318
3 8318
5 8318
7 8318
9 8318
11 8318
13 8318
15 8318
17 8318
19 8318
21 8318
23 8318
25 8318
27 8318
29 8318
31 8318
33 8318
35 8318
37 8318
39 8318
41 8318
43 8318
45 8318
47 8318
49 8318
51 8318
53 8318
55 8318
57 8318
59 8318
61 8318
63 8318
65 8318
67 8318
69 8318
71 8318
73 8318
75 8318
77 8318
79 8318
81 8318
83 8318
1 8320
3 8320
7 8320
9 8320
11 8320
17 8320
19 8320
21 8320
23 8320
27 8320
29 8320
31 8320
33 8320
37 8320
41 8320
43 8320
47 8320
49 8320
51 8320
53 8320
57 8320
59 8320
61 8320
63 8320
67 8320
69 8320
71 8320
73 8320
77 8320
79 8320
81 8320
83 8320
1 8322
5 8322
7 8322
11 8322
13 8322
17 8322
23 8322
25 8322
29 8322
31 8322
35 8322
37 8322
41 8322
43 8322
47 8322
49 8322
53 8322
55 8322
59 8322
61 8322
65 8322
67 8322
71 8322
77 8322
79 8322
83 8322
1 8324
3 8324
5 8324
7 8324
9 8324
11 8324
13 8324
15 8324
17 8324
19 8324
21 8324
23 8324
25 8324
27 8324
29 8324
31 8324
33 8324
35 8324
37 8324
39 8324
41 8324
43 8324
45 8324
47 8324
49 8324
51 8324
53 8324
55 8324
57 8324
59 8324
61 8324
63 8324
65 8324
67 8324
69 8324
71 8324
73 8324
75 8324
77 8324
79 8324
81 8324
83 8324
1 8326
3 8326
5 8326
7 8326
9 8326
11 8326
13 8326
15 8326
17 8326
19 8326
21 8326
25 8326
27 8326
29 8326
31 8326
33 8326
35 8326
37 8326
39 8326
41 8326
43 8326
45 8326
47 8326
49 8326
51 8326
53 8326
55 8326
57 8326
59 8326
61 8326
63 8326
65 8326
67 8326
71 8326
73 8326
75 8326
77 8326
79 8326
81 8326
83 8326
1 8328
5 8328
7 8328
11 8328
13 8328
17 8328
19 8328
23 8328
25 8328
29 8328
31 8328
35 8328
37 8328
41 8328
43 8328
47 8328
49 8328
53 8328
55 8328
59 8328
61 8328
65 8328
67 8328
71 8328
73 8328
77 8328
79 8328
83 8328
1 8330
3 8330
9 8330
11 8330
13 8330
19 8330
23 8330
27 8330
29 8330
31 8330
33 8330
37 8330
39 8330
41 8330
43 8330
47 8330
53 8330
57 8330
59 8330
61 8330
67 8330
69 8330
71 8330
73 8330
79 8330
81 8330
83 8330
1 8332
3 8332
5 8332
7 8332
9 8332
11 8332
13 8332
15 8332
17 8332
19 8332
21 8332
23 8332
25 8332
27 8332
29 8332
31 8332
33 8332
35 8332
37 8332
39 8332
41 8332
43 8332
45 8332
47 8332
49 8332
51 8332
53 8332
55 8332
57 8332
59 8332
61 8332
63 8332
65 8332
67 8332
69 8332
71 8332
73 8332
75 8332
77 8332
79 8332
81 8332
83 8332
1 8334
5 8334
7 8334
11 8334
13 8334
17 8334
19 8334
23 8334
25 8334
29 8334
31 8334
35 8334
37 8334
41 8334
43 8334
47 8334
49 8334
53 8334
55 8334
59 8334
61 8334
65 8334
67 8334
71 8334
73 8334
77 8334
79 8334
83 8334
1 8336
3 8336
5 8336
7 8336
9 8336
11 8336
13 8336
15 8336
17 8336
19 8336
21 8336
23 8336
25 8336
27 8336
29 8336
31 8336
33 8336
35 8336
37 8336
39 8336
41 8336
43 8336
45 8336
47 8336
49 8336
51 8336
53 8336
55 8336
57 8336
59 8336
61 8336
63 8336
65 8336
67 8336
69 8336
71 8336
73 8336
75 8336
77 8336
79 8336
81 8336
83 8336
1 8338
3 8338
5 8338
7 8338
9 8338
13 8338
15 8338
17 8338
19 8338
21 8338
23 8338
25 8338
27 8338
29 8338
31 8338
35 8338
37 8338
39 8338
41 8338
43 8338
45 8338
47 8338
49 8338
51 8338
53 8338
57 8338
59 8338
61 8338
63 8338
65 8338
67 8338
69 8338
71 8338
73 8338
75 8338
79 8338
81 8338
83 8338
1 8340
7 8340
11 8340
13 8340
17 8340
19 8340
23 8340
29 8340
31 8340
37 8340
41 8340
43 8340
47 8340
49 8340
53 8340
59 8340
61 8340
67 8340
71 8340
73 8340
77 8340
79 8340
83 8340
1 8342
3 8342
5 8342
7 8342
9 8342
11 8342
13 8342
15 8342
17 8342
19 8342
21 8342
23 8342
25 8342
27 8342
29 8342
31 8342
33 8342
35 8342
37 8342
39 8342
41 8342
45 8342
47 8342
49 8342
51 8342
53 8342
55 8342
57 8342
59 8342
61 8342
63 8342
65 8342
67 8342
69 8342
71 8342
73 8342
75 8342
77 8342
79 8342
81 8342
83 8342
1 8344
3 8344
5 8344
9 8344
11 8344
13 8344
15 8344
17 8344
19 8344
23 8344
25 8344
27 8344
29 8344
31 8344
33 8344
37 8344
39 8344
41 8344
43 8344
45 8344
47 8344
51 8344
53 8344
55 8344
57 8344
59 8344
61 8344
65 8344
67 8344
69 8344
71 8344
73 8344
75 8344
79 8344
81 8344
83 8344
1 8346
5 8346
7 8346
11 8346
17 8346
19 8346
23 8346
25 8346
29 8346
31 8346
35 8346
37 8346
41 8346
43 8346
47 8346
49 8346
53 8346
55 8346
59 8346
61 8346
67 8346
71 8346
73 8346
77 8346
79 8346
83 8346
1 8348
3 8348
5 8348
7 8348
9 8348
11 8348
13 8348
15 8348
17 8348
19 8348
21 8348
23 8348
25 8348
27 8348
29 8348
31 8348
33 8348
35 8348
37 8348
39 8348
41 8348
43 8348
45 8348
47 8348
49 8348
51 8348
53 8348
55 8348
57 8348
59 8348
61 8348
63 8348
65 8348
67 8348
69 8348
71 8348
73 8348
75 8348
77 8348
79 8348
81 8348
83 8348
1 8350
3 8350
7 8350
9 8350
11 8350
13 8350
17 8350
19 8350
21 8350
23 8350
27 8350
29 8350
31 8350
33 8350
37 8350
39 8350
41 8350
43 8350
47 8350
49 8350
51 8350
53 8350
57 8350
59 8350
61 8350
63 8350
67 8350
69 8350
71 8350
73 8350
77 8350
79 8350
81 8350
83 8350
1 8352
5 8352
7 8352
11 8352
13 8352
17 8352
19 8352
23 8352
25 8352
31 8352
35 8352
37 8352
41 8352
43 8352
47 8352
49 8352
53 8352
55 8352
59 8352
61 8352
65 8352
67 8352
71 8352
73 8352
77 8352
79 8352
83 8352
1 8354
3 8354
5 8354
7 8354
9 8354
11 8354
13 8354
15 8354
17 8354
19 8354
21 8354
23 8354
25 8354
27 8354
29 8354
31 8354
33 8354
35 8354
37 8354
39 8354
41 8354
43 8354
45 8354
47 8354
49 8354
51 8354
53 8354
55 8354
57 8354
59 8354
61 8354
63 8354
65 8354
67 8354
69 8354
71 8354
73 8354
75 8354
77 8354
79 8354
81 8354
83 8354
1 8356
3 8356
5 8356
7 8356
9 8356
11 8356
13 8356
15 8356
17 8356
19 8356
21 8356
23 8356
25 8356
27 8356
29 8356
31 8356
33 8356
35 8356
37 8356
39 8356
41 8356
43 8356
45 8356
47 8356
49 8356
51 8356
53 8356
55 8356
57 8356
59 8356
61 8356
63 8356
65 8356
67 8356
69 8356
71 8356
73 8356
75 8356
77 8356
79 8356
81 8356
83 8356
1 8358
5 8358
11 8358
13 8358
17 8358
19 8358
23 8358
25 8358
29 8358
31 8358
37 8358
41 8358
43 8358
47 8358
53 8358
55 8358
59 8358
61 8358
65 8358
67 8358
71 8358
73 8358
79 8358
83 8358
1 8360
3 8360
7 8360
9 8360
13 8360
17 8360
21 8360
23 8360
27 8360
29 8360
31 8360
37 8360
39 8360
41 8360
43 8360
47 8360
49 8360
51 8360
53 8360
59 8360
61 8360
63 8360
67 8360
69 8360
71 8360
73 8360
79 8360
81 8360
83 8360
1 8362
3 8362
5 8362
7 8362
9 8362
11 8362
13 8362
15 8362
17 8362
19 8362
21 8362
23 8362
25 8362
27 8362
29 8362
31 8362
33 8362
35 8362
39 8362
41 8362
43 8362
45 8362
47 8362
49 8362
51 8362
53 8362
55 8362
57 8362
59 8362
61 8362
63 8362
65 8362
67 8362
69 8362
71 8362
73 8362
75 8362
77 8362
79 8362
81 8362
83 8362
1 8364
5 8364
7 8364
11 8364
13 8364
19 8364
23 8364
25 8364
29 8364
31 8364
35 8364
37 8364
43 8364
47 8364
49 8364
53 8364
55 8364
59 8364
61 8364
65 8364
67 8364
71 8364
73 8364
77 8364
79 8364
83 8364
1 8366
3 8366
5 8366
7 8366
9 8366
11 8366
13 8366
15 8366
17 8366
19 8366
21 8366
23 8366
25 8366
27 8366
29 8366
31 8366
33 8366
35 8366
37 8366
39 8366
41 8366
43 8366
45 8366
49 8366
51 8366
53 8366
55 8366
57 8366
59 8366
61 8366
63 8366
65 8366
67 8366
69 8366
71 8366
73 8366
75 8366
77 8366
79 8366
81 8366
83 8366
1 8368
3 8368
5 8368
7 8368
9 8368
11 8368
13 8368
15 8368
17 8368
19 8368
21 8368
23 8368
25 8368
27 8368
29 8368
31 8368
33 8368
35 8368
37 8368
39 8368
41 8368
43 8368
45 8368
47 8368
49 8368
51 8368
53 8368
55 8368
57 8368
59 8368
61 8368
63 8368
65 8368
67 8368
69 8368
71 8368
73 8368
75 8368
77 8368
79 8368
81 8368
83 8368
1 8370
7 8370
11 8370
13 8370
17 8370
19 8370
23 8370
29 8370
37 8370
41 8370
43 8370
47 8370
49 8370
53 8370
59 8370
61 8370
67 8370
71 8370
73 8370
77 8370
79 8370
83 8370
1 8372
3 8372
5 8372
9 8372
11 8372
15 8372
17 8372
19 8372
25 8372
27 8372
29 8372
31 8372
33 8372
37 8372
41 8372
43 8372
45 8372
47 8372
51 8372
53 8372
55 8372
57 8372
59 8372
61 8372
67 8372
71 8372
73 8372
75 8372
79 8372
81 8372
83 8372
1 8374
3 8374
5 8374
7 8374
9 8374
11 8374
13 8374
15 8374
17 8374
19 8374
21 8374
23 8374
25 8374
27 8374
29 8374
31 8374
33 8374
35 8374
37 8374
39 8374
41 8374
43 8374
45 8374
47 8374
49 8374
51 8374
55 8374
57 8374
59 8374
61 8374
63 8374
65 8374
67 8374
69 8374
71 8374
73 8374
75 8374
77 8374
81 8374
83 8374
1 8376
5 8376
7 8376
11 8376
13 8376
17 8376
19 8376
23 8376
25 8376
29 8376
31 8376
35 8376
37 8376
41 8376
43 8376
47 8376
49 8376
53 8376
55 8376
59 8376
61 8376
65 8376
67 8376
71 8376
73 8376
77 8376
79 8376
83 8376
1 8378
3 8378
5 8378
7 8378
9 8378
11 8378
13 8378
15 8378
17 8378
19 8378
21 8378
23 8378
25 8378
27 8378
29 8378
31 8378
33 8378
35 8378
37 8378
39 8378
41 8378
43 8378
45 8378
47 8378
49 8378
51 8378
53 8378
55 8378
57 8378
61 8378
63 8378
65 8378
67 8378
69 8378
73 8378
75 8378
77 8378
79 8378
81 8378
83 8378
1 8380
3 8380
7 8380
9 8380
11 8380
13 8380
17 8380
19 8380
21 8380
23 8380
27 8380
29 8380
31 8380
33 8380
37 8380
39 8380
41 8380
43 8380
47 8380
49 8380
51 8380
53 8380
57 8380
59 8380
61 8380
63 8380
67 8380
69 8380
71 8380
73 8380
77 8380
79 8380
81 8380
83 8380
1 8382
5 8382
7 8382
13 8382
17 8382
19 8382
23 8382
25 8382
29 8382
31 8382
35 8382
37 8382
41 8382
43 8382
47 8382
49 8382
53 8382
59 8382
61 8382
65 8382
67 8382
71 8382
73 8382
79 8382
83 8382
1 8384
3 8384
5 8384
7 8384
9 8384
11 8384
13 8384
15 8384
17 8384
19 8384
21 8384
23 8384
25 8384
27 8384
29 8384
31 8384
33 8384
35 8384
37 8384
39 8384
41 8384
43 8384
45 8384
47 8384
49 8384
51 8384
53 8384
55 8384
57 8384
59 8384
61 8384
63 8384
65 8384
67 8384
69 8384
71 8384
73 8384
75 8384
77 8384
79 8384
81 8384
83 8384
1 8386
3 8386
5 8386
9 8386
11 8386
13 8386
15 8386
17 8386
19 8386
23 8386
25 8386
27 8386
29 8386
31 8386
33 8386
37 8386
39 8386
41 8386
43 8386
45 8386
47 8386
51 8386
53 8386
55 8386
57 8386
59 8386
61 8386
65 8386
67 8386
69 8386
71 8386
73 8386
75 8386
79 8386
81 8386
83 8386
1 8388
5 8388
7 8388
11 8388
13 8388
17 8388
19 8388
23 8388
25 8388
29 8388
31 8388
35 8388
37 8388
41 8388
43 8388
47 8388
49 8388
53 8388
55 8388
59 8388
61 8388
65 8388
67 8388
71 8388
73 8388
77 8388
79 8388
83 8388
1 8390
3 8390
7 8390
9 8390
11 8390
13 8390
17 8390
19 8390
21 8390
23 8390
27 8390
29 8390
31 8390
33 8390
37 8390
39 8390
41 8390
43 8390
47 8390
49 8390
51 8390
53 8390
57 8390
59 8390
61 8390
63 8390
67 8390
69 8390
71 8390
73 8390
77 8390
79 8390
81 8390
83 8390
1 8392
3 8392
5 8392
7 8392
9 8392
11 8392
13 8392
15 8392
17 8392
19 8392
21 8392
23 8392
25 8392
27 8392
29 8392
31 8392
33 8392
35 8392
37 8392
39 8392
41 8392
43 8392
45 8392
47 8392
49 8392
51 8392
53 8392
55 8392
57 8392
59 8392
61 8392
63 8392
65 8392
67 8392
69 8392
71 8392
73 8392
75 8392
77 8392
79 8392
81 8392
83 8392
1 8394
5 8394
7 8394
11 8394
13 8394
17 8394
19 8394
23 8394
25 8394
29 8394
31 8394
35 8394
37 8394
41 8394
43 8394
47 8394
49 8394
53 8394
55 8394
59 8394
61 8394
65 8394
67 8394
71 8394
73 8394
77 8394
79 8394
83 8394
1 8396
3 8396
5 8396
7 8396
9 8396
11 8396
13 8396
15 8396
17 8396
19 8396
21 8396
23 8396
25 8396
27 8396
29 8396
31 8396
33 8396
35 8396
37 8396
39 8396
41 8396
43 8396
45 8396
47 8396
49 8396
51 8396
53 8396
55 8396
57 8396
59 8396
61 8396
63 8396
65 8396
67 8396
69 8396
71 8396
73 8396
75 8396
77 8396
79 8396
81 8396
83 8396
1 8398
3 8398
5 8398
7 8398
9 8398
11 8398
15 8398
21 8398
23 8398
25 8398
27 8398
29 8398
31 8398
33 8398
35 8398
37 8398
41 8398
43 8398
45 8398
47 8398
49 8398
53 8398
55 8398
59 8398
61 8398
63 8398
67 8398
69 8398
71 8398
73 8398
75 8398
77 8398
79 8398
81 8398
83 8398
1 8400
11 8400
13 8400
17 8400
19 8400
23 8400
29 8400
31 8400
37 8400
41 8400
43 8400
47 8400
53 8400
59 8400
61 8400
67 8400
71 8400
73 8400
79 8400
83 8400
1 8402
3 8402
5 8402
7 8402
9 8402
11 8402
13 8402
15 8402
17 8402
19 8402
21 8402
23 8402
25 8402
27 8402
29 8402
31 8402
33 8402
35 8402
37 8402
39 8402
41 8402
43 8402
45 8402
47 8402
49 8402
51 8402
53 8402
55 8402
57 8402
59 8402
61 8402
63 8402
65 8402
67 8402
69 8402
71 8402
73 8402
75 8402
77 8402
79 8402
81 8402
83 8402
1 8404
3 8404
5 8404
7 8404
9 8404
13 8404
15 8404
17 8404
19 8404
21 8404
23 8404
25 8404
27 8404
29 8404
31 8404
35 8404
37 8404
39 8404
41 8404
43 8404
45 8404
47 8404
49 8404
51 8404
53 8404
57 8404
59 8404
61 8404
63 8404
65 8404
67 8404
69 8404
71 8404
73 8404
75 8404
79 8404
81 8404
83 8404
1 8406
5 8406
7 8406
11 8406
13 8406
17 8406
19 8406
23 8406
25 8406
29 8406
31 8406
35 8406
37 8406
41 8406
43 8406
47 8406
49 8406
53 8406
55 8406
59 8406
61 8406
65 8406
67 8406
71 8406
73 8406
77 8406
79 8406
83 8406
1 8408
3 8408
5 8408
7 8408
9 8408
11 8408
13 8408
15 8408
17 8408
19 8408
21 8408
23 8408
25 8408
27 8408
29 8408
31 8408
33 8408
35 8408
37 8408
39 8408
41 8408
43 8408
45 8408
47 8408
49 8408
51 8408
53 8408
55 8408
57 8408
59 8408
61 8408
63 8408
65 8408
67 8408
69 8408
71 8408
73 8408
75 8408
77 8408
79 8408
81 8408
83 8408
1 8410
3 8410
7 8410
9 8410
11 8410
13 8410
17 8410
19 8410
21 8410
23 8410
27 8410
31 8410
33 8410
37 8410
39 8410
41 8410
43 8410
47 8410
49 8410
51 8410
53 8410
57 8410
59 8410
61 8410
63 8410
67 8410
69 8410
71 8410
73 8410
77 8410
79 8410
81 8410
83 8410
1 8412
5 8412
7 8412
11 8412
13 8412
17 8412
19 8412
23 8412
25 8412
29 8412
31 8412
35 8412
37 8412
41 8412
43 8412
47 8412
49 8412
53 8412
55 8412
59 8412
61 8412
65 8412
67 8412
71 8412
73 8412
77 8412
79 8412
83 8412
1 8414
3 8414
5 8414
9 8414
11 8414
13 8414
15 8414
17 8414
19 8414
23 8414
25 8414
27 8414
29 8414
31 8414
33 8414
37 8414
39 8414
41 8414
43 8414
45 8414
47 8414
51 8414
53 8414
55 8414
57 8414
59 8414
61 8414
65 8414
67 8414
69 8414
71 8414
73 8414
75 8414
79 8414
81 8414
83 8414
1 8416
3 8416
5 8416
7 8416
9 8416
11 8416
13 8416
15 8416
17 8416
19 8416
21 8416
23 8416
25 8416
27 8416
29 8416
31 8416
33 8416
35 8416
37 8416
39 8416
41 8416
43 8416
45 8416
47 8416
49 8416
51 8416
53 8416
55 8416
57 8416
59 8416
61 8416
63 8416
65 8416
67 8416
69 8416
71 8416
73 8416
75 8416
77 8416
79 8416
81 8416
83 8416
1 8418
5 8418
7 8418
11 8418
13 8418
17 8418
19 8418
25 8418
29 8418
31 8418
35 8418
37 8418
41 8418
43 8418
47 8418
49 8418
53 8418
55 8418
59 8418
65 8418
67 8418
71 8418
73 8418
77 8418
79 8418
83 8418
1 8420
3 8420
7 8420
9 8420
11 8420
13 8420
17 8420
19 8420
21 8420
23 8420
27 8420
29 8420
31 8420
33 8420
37 8420
39 8420
41 8420
43 8420
47 8420
49 8420
51 8420
53 8420
57 8420
59 8420
61 8420
63 8420
67 8420
69 8420
71 8420
73 8420
77 8420
79 8420
81 8420
83 8420
1 8422
3 8422
5 8422
7 8422
9 8422
11 8422
13 8422
15 8422
17 8422
19 8422
21 8422
23 8422
25 8422
27 8422
29 8422
31 8422
33 8422
35 8422
37 8422
39 8422
41 8422
43 8422
45 8422
47 8422
49 8422
51 8422
53 8422
55 8422
57 8422
59 8422
61 8422
63 8422
65 8422
67 8422
69 8422
71 8422
73 8422
75 8422
77 8422
79 8422
81 8422
83 8422
1 8424
5 8424
7 8424
11 8424
17 8424
19 8424
23 8424
25 8424
29 8424
31 8424
35 8424
37 8424
41 8424
43 8424
47 8424
49 8424
53 8424
55 8424
59 8424
61 8424
67 8424
71 8424
73 8424
77 8424
79 8424
83 8424
1 8426
3 8426
5 8426
7 8426
9 8426
13 8426
15 8426
17 8426
19 8426
21 8426
23 8426
25 8426
27 8426
29 8426
31 8426
35 8426
37 8426
39 8426
41 8426
43 8426
45 8426
47 8426
49 8426
51 8426
53 8426
57 8426
59 8426
61 8426
63 8426
65 8426
67 8426
69 8426
71 8426
73 8426
75 8426
79 8426
81 8426
83 8426
1 8428
3 8428
5 8428
9 8428
11 8428
13 8428
15 8428
17 8428
19 8428
23 8428
25 8428
27 8428
29 8428
31 8428
33 8428
37 8428
39 8428
41 8428
45 8428
47 8428
51 8428
53 8428
55 8428
57 8428
59 8428
61 8428
65 8428
67 8428
69 8428
71 8428
73 8428
75 8428
79 8428
81 8428
83 8428
1 8430
7 8430
11 8430
13 8430
17 8430
19 8430
23 8430
29 8430
31 8430
37 8430
41 8430
43 8430
47 8430
49 8430
53 8430
59 8430
61 8430
67 8430
71 8430
73 8430
77 8430
79 8430
83 8430
1 8432
3 8432
5 8432
7 8432
9 8432
11 8432
13 8432
15 8432
19 8432
21 8432
23 8432
25 8432
27 8432
29 8432
33 8432
35 8432
37 8432
39 8432
41 8432
43 8432
45 8432
47 8432
49 8432
53 8432
55 8432
57 8432
59 8432
61 8432
63 8432
65 8432
67 8432
69 8432
71 8432
73 8432
75 8432
77 8432
79 8432
81 8432
83 8432
1 8434
3 8434
5 8434
7 8434
9 8434
11 8434
13 8434
15 8434
17 8434
19 8434
21 8434
23 8434
25 8434
27 8434
29 8434
31 8434
33 8434
35 8434
37 8434
39 8434
41 8434
43 8434
45 8434
47 8434
49 8434
51 8434
53 8434
55 8434
57 8434
59 8434
61 8434
63 8434
65 8434
67 8434
69 8434
71 8434
73 8434
75 8434
77 8434
79 8434
81 8434
83 8434
1 8436
5 8436
7 8436
11 8436
13 8436
17 8436
23 8436
25 8436
29 8436
31 8436
35 8436
41 8436
43 8436
47 8436
49 8436
53 8436
55 8436
59 8436
61 8436
65 8436
67 8436
71 8436
73 8436
77 8436
79 8436
83 8436
1 8438
3 8438
5 8438
7 8438
9 8438
11 8438
13 8438
15 8438
17 8438
19 8438
21 8438
23 8438
25 8438
27 8438
29 8438
31 8438
33 8438
35 8438
37 8438
39 8438
41 8438
43 8438
45 8438
47 8438
49 8438
51 8438
53 8438
55 8438
57 8438
59 8438
61 8438
63 8438
65 8438
67 8438
69 8438
71 8438
73 8438
75 8438
77 8438
79 8438
81 8438
83 8438
1 8440
3 8440
7 8440
9 8440
11 8440
13 8440
17 8440
19 8440
21 8440
23 8440
27 8440
29 8440
31 8440
33 8440
37 8440
39 8440
41 8440
43 8440
47 8440
49 8440
51 8440
53 8440
57 8440
59 8440
61 8440
63 8440
67 8440
69 8440
71 8440
73 8440
77 8440
79 8440
81 8440
83 8440
1 8442
5 8442
11 8442
13 8442
17 8442
19 8442
23 8442
25 8442
29 8442
31 8442
37 8442
41 8442
43 8442
47 8442
53 8442
55 8442
59 8442
61 8442
65 8442
71 8442
73 8442
79 8442
83 8442
1 8444
3 8444
5 8444
7 8444
9 8444
11 8444
13 8444
15 8444
17 8444
19 8444
21 8444
23 8444
25 8444
27 8444
29 8444
31 8444
33 8444
35 8444
37 8444
39 8444
41 8444
43 8444
45 8444
47 8444
49 8444
51 8444
53 8444
55 8444
57 8444
59 8444
61 8444
63 8444
65 8444
67 8444
69 8444
71 8444
73 8444
75 8444
77 8444
79 8444
81 8444
83 8444
1 8446
3 8446
5 8446
7 8446
9 8446
11 8446
13 8446
15 8446
17 8446
19 8446
21 8446
23 8446
25 8446
27 8446
29 8446
31 8446
33 8446
35 8446
37 8446
39 8446
43 8446
45 8446
47 8446
49 8446
51 8446
53 8446
55 8446
57 8446
59 8446
61 8446
63 8446
65 8446
67 8446
69 8446
71 8446
73 8446
75 8446
77 8446
79 8446
81 8446
83 8446
1 8448
5 8448
7 8448
13 8448
17 8448
19 8448
23 8448
25 8448
29 8448
31 8448
35 8448
37 8448
41 8448
43 8448
47 8448
49 8448
53 8448
59 8448
61 8448
65 8448
67 8448
71 8448
73 8448
79 8448
83 8448
1 8450
3 8450
7 8450
9 8450
11 8450
17 8450
19 8450
21 8450
23 8450
27 8450
29 8450
31 8450
33 8450
37 8450
41 8450
43 8450
47 8450
49 8450
51 8450
53 8450
57 8450
59 8450
61 8450
63 8450
67 8450
69 8450
71 8450
73 8450
77 8450
79 8450
81 8450
83 8450
1 8452
3 8452
5 8452
7 8452
9 8452
11 8452
13 8452
15 8452
17 8452
19 8452
21 8452
23 8452
25 8452
27 8452
29 8452
31 8452
33 8452
35 8452
37 8452
39 8452
41 8452
43 8452
45 8452
47 8452
49 8452
51 8452
53 8452
55 8452
57 8452
59 8452
61 8452
63 8452
65 8452
67 8452
69 8452
71 8452
73 8452
75 8452
77 8452
79 8452
81 8452
83 8452
1 8454
5 8454
7 8454
11 8454
13 8454
17 8454
19 8454
23 8454
25 8454
29 8454
31 8454
35 8454
37 8454
41 8454
43 8454
47 8454
49 8454
53 8454
55 8454
59 8454
61 8454
65 8454
67 8454
71 8454
73 8454
77 8454
79 8454
83 8454
1 8456
3 8456
5 8456
9 8456
11 8456
13 8456
15 8456
17 8456
19 8456
23 8456
25 8456
27 8456
29 8456
31 8456
33 8456
37 8456
39 8456
41 8456
43 8456
45 8456
47 8456
51 8456
53 8456
55 8456
57 8456
59 8456
61 8456
65 8456
67 8456
69 8456
71 8456
73 8456
75 8456
79 8456
81 8456
83 8456
1 8458
3 8458
5 8458
7 8458
9 8458
11 8458
13 8458
15 8458
17 8458
19 8458
21 8458
23 8458
25 8458
27 8458
29 8458
31 8458
33 8458
35 8458
37 8458
39 8458
41 8458
43 8458
45 8458
47 8458
49 8458
51 8458
53 8458
55 8458
57 8458
59 8458
61 8458
63 8458
65 8458
67 8458
69 8458
71 8458
73 8458
75 8458
77 8458
79 8458
81 8458
83 8458
1 8460
7 8460
11 8460
13 8460
17 8460
19 8460
23 8460
29 8460
31 8460
37 8460
41 8460
43 8460
49 8460
53 8460
59 8460
61 8460
67 8460
71 8460
73 8460
77 8460
79 8460
83 8460
1 8462
3 8462
5 8462
7 8462
9 8462
11 8462
13 8462
15 8462
17 8462
19 8462
21 8462
23 8462
25 8462
27 8462
29 8462
31 8462
33 8462
35 8462
37 8462
39 8462
41 8462
43 8462
45 8462
47 8462
49 8462
51 8462
53 8462
55 8462
57 8462
59 8462
61 8462
63 8462
65 8462
67 8462
69 8462
71 8462
73 8462
75 8462
77 8462
79 8462
81 8462
83 8462
1 8464
3 8464
5 8464
7 8464
9 8464
11 8464
13 8464
15 8464
17 8464
19 8464
21 8464
25 8464
27 8464
29 8464
31 8464
33 8464
35 8464
37 8464
39 8464
41 8464
43 8464
45 8464
47 8464
49 8464
51 8464
53 8464
55 8464
57 8464
59 8464
61 8464
63 8464
65 8464
67 8464
71 8464
73 8464
75 8464
77 8464
79 8464
81 8464
83 8464
1 8466
5 8466
7 8466
11 8466
13 8466
19 8466
23 8466
25 8466
29 8466
31 8466
35 8466
37 8466
41 8466
43 8466
47 8466
49 8466
53 8466
55 8466
59 8466
61 8466
65 8466
67 8466
71 8466
73 8466
77 8466
79 8466
1 8468
3 8468
5 8468
7 8468
9 8468
11 8468
13 8468
15 8468
17 8468
19 8468
21 8468
23 8468
25 8468
27 8468
31 8468
33 8468
35 8468
37 8468
39 8468
41 8468
43 8468
45 8468
47 8468
49 8468
51 8468
53 8468
55 8468
57 8468
59 8468
61 8468
63 8468
65 8468
67 8468
69 8468
71 8468
75 8468
77 8468
79 8468
81 8468
83 8468
1 8470
3 8470
9 8470
13 8470
17 8470
19 8470
23 8470
27 8470
29 8470
31 8470
37 8470
39 8470
41 8470
43 8470
47 8470
51 8470
53 8470
57 8470
59 8470
61 8470
67 8470
69 8470
71 8470
73 8470
79 8470
81 8470
83 8470
1 8472
5 8472
7 8472
11 8472
13 8472
17 8472
19 8472
23 8472
25 8472
29 8472
31 8472
35 8472
37 8472
41 8472
43 8472
47 8472
49 8472
53 8472
55 8472
59 8472
61 8472
65 8472
67 8472
71 8472
73 8472
77 8472
79 8472
83 8472
1 8474
3 8474
5 8474
7 8474
9 8474
11 8474
13 8474
15 8474
17 8474
21 8474
23 8474
25 8474
27 8474
29 8474
31 8474
33 8474
35 8474
37 8474
39 8474
41 8474
43 8474
45 8474
47 8474
49 8474
51 8474
53 8474
55 8474
59 8474
61 8474
63 8474
65 8474
67 8474
69 8474
71 8474
73 8474
75 8474
77 8474
79 8474
81 8474
83 8474
1 8476
3 8476
5 8476
7 8476
9 8476
11 8476
15 8476
17 8476
19 8476
21 8476
23 8476
25 8476
27 8476
29 8476
31 8476
33 8476
35 8476
37 8476
41 8476
43 8476
45 8476
47 8476
49 8476
51 8476
53 8476
55 8476
57 8476
59 8476
61 8476
63 8476
67 8476
69 8476
71 8476
73 8476
75 8476
77 8476
79 8476
81 8476
83 8476
1 8478
5 8478
7 8478
11 8478
13 8478
17 8478
19 8478
23 8478
25 8478
29 8478
31 8478
35 8478
37 8478
41 8478
43 8478
47 8478
49 8478
53 8478
55 8478
59 8478
61 8478
65 8478
67 8478
71 8478
73 8478
77 8478
79 8478
83 8478
1 8480
3 8480
7 8480
9 8480
11 8480
13 8480
17 8480
19 8480
21 8480
23 8480
27 8480
29 8480
31 8480
33 8480
37 8480
39 8480
41 8480
43 8480
47 8480
49 8480
51 8480
57 8480
59 8480
61 8480
63 8480
67 8480
69 8480
71 8480
73 8480
77 8480
79 8480
81 8480
83 8480
1 8482
3 8482
5 8482
7 8482
9 8482
11 8482
13 8482
15 8482
17 8482
19 8482
21 8482
23 8482
25 8482
27 8482
29 8482
31 8482
33 8482
35 8482
37 8482
39 8482
41 8482
43 8482
45 8482
47 8482
49 8482
51 8482
53 8482
55 8482
57 8482
59 8482
61 8482
63 8482
65 8482
67 8482
69 8482
71 8482
73 8482
75 8482
77 8482
79 8482
81 8482
83 8482
1 8484
5 8484
11 8484
13 8484
17 8484
19 8484
23 8484
25 8484
29 8484
31 8484
37 8484
41 8484
43 8484
47 8484
53 8484
55 8484
59 8484
61 8484
65 8484
67 8484
71 8484
73 8484
79 8484
83 8484
1 8486
3 8486
5 8486
7 8486
9 8486
11 8486
13 8486
15 8486
17 8486
19 8486
21 8486
23 8486
25 8486
27 8486
29 8486
31 8486
33 8486
35 8486
37 8486
39 8486
41 8486
43 8486
45 8486
47 8486
49 8486
51 8486
53 8486
55 8486
57 8486
59 8486
61 8486
63 8486
65 8486
67 8486
69 8486
71 8486
73 8486
75 8486
77 8486
79 8486
81 8486
83 8486
1 8488
3 8488
5 8488
7 8488
9 8488
11 8488
13 8488
15 8488
17 8488
19 8488
21 8488
23 8488
25 8488
27 8488
29 8488
31 8488
33 8488
35 8488
37 8488
39 8488
41 8488
43 8488
45 8488
47 8488
49 8488
51 8488
53 8488
55 8488
57 8488
59 8488
61 8488
63 8488
65 8488
67 8488
69 8488
71 8488
73 8488
75 8488
77 8488
79 8488
81 8488
83 8488
1 8490
7 8490
11 8490
13 8490
17 8490
19 8490
23 8490
29 8490
31 8490
37 8490
41 8490
43 8490
47 8490
49 8490
53 8490
59 8490
61 8490
67 8490
71 8490
73 8490
77 8490
79 8490
83 8490
1 8492
3 8492
5 8492
7 8492
9 8492
13 8492
15 8492
17 8492
19 8492
21 8492
23 8492
25 8492
27 8492
29 8492
31 8492
35 8492
37 8492
39 8492
41 8492
43 8492
45 8492
47 8492
49 8492
51 8492
53 8492
57 8492
59 8492
61 8492
63 8492
65 8492
67 8492
69 8492
71 8492
73 8492
75 8492
79 8492
81 8492
83 8492
1 8494
3 8494
5 8494
7 8494
9 8494
11 8494
13 8494
15 8494
17 8494
19 8494
21 8494
23 8494
25 8494
27 8494
29 8494
33 8494
35 8494
37 8494
39 8494
41 8494
43 8494
45 8494
47 8494
49 8494
51 8494
53 8494
55 8494
57 8494
59 8494
61 8494
63 8494
65 8494
67 8494
69 8494
71 8494
73 8494
75 8494
77 8494
79 8494
81 8494
83 8494
1 8496
5 8496
7 8496
11 8496
13 8496
17 8496
19 8496
23 8496
25 8496
29 8496
31 8496
35 8496
37 8496
41 8496
43 8496
47 8496
49 8496
53 8496
55 8496
61 8496
65 8496
67 8496
71 8496
73 8496
77 8496
79 8496
83 8496
1 8498
3 8498
5 8498
9 8498
11 8498
13 8498
15 8498
17 8498
19 8498
23 8498
25 8498
27 8498
29 8498
31 8498
33 8498
37 8498
39 8498
41 8498
43 8498
45 8498
47 8498
51 8498
53 8498
55 8498
57 8498
59 8498
61 8498
65 8498
67 8498
69 8498
71 8498
73 8498
75 8498
79 8498
81 8498
83 8498
1 8500
3 8500
7 8500
9 8500
11 8500
13 8500
19 8500
21 8500
23 8500
27 8500
29 8500
31 8500
33 8500
37 8500
39 8500
41 8500
43 8500
47 8500
49 8500
53 8500
57 8500
59 8500
61 8500
63 8500
67 8500
69 8500
71 8500
73 8500
77 8500
79 8500
81 8500
83 8500
1 8502
5 8502
7 8502
11 8502
17 8502
19 8502
23 8502
25 8502
29 8502
31 8502
35 8502
37 8502
41 8502
43 8502
47 8502
49 8502
53 8502
55 8502
59 8502
61 8502
67 8502
71 8502
73 8502
77 8502
79 8502
83 8502
85 8502
1 8504
3 8504
5 8504
7 8504
9 8504
11 8504
13 8504
15 8504
17 8504
19 8504
21 8504
23 8504
25 8504
27 8504
29 8504
31 8504
33 8504
35 8504
37 8504
39 8504
41 8504
43 8504
45 8504
47 8504
49 8504
51 8504
53 8504
55 8504
57 8504
59 8504
61 8504
63 8504
65 8504
67 8504
69 8504
71 8504
73 8504
75 8504
77 8504
79 8504
81 8504
83 8504
85 8504
1 8506
3 8506
5 8506
7 8506
9 8506
11 8506
13 8506
15 8506
17 8506
19 8506
21 8506
23 8506
25 8506
27 8506
29 8506
31 8506
33 8506
35 8506
37 8506
39 8506
41 8506
43 8506
45 8506
47 8506
49 8506
51 8506
53 8506
55 8506
57 8506
59 8506
61 8506
63 8506
65 8506
67 8506
69 8506
71 8506
73 8506
75 8506
77 8506
79 8506
81 8506
83 8506
85 8506
1 8508
5 8508
7 8508
11 8508
13 8508
17 8508
19 8508
23 8508
25 8508
29 8508
31 8508
35 8508
37 8508
41 8508
43 8508
47 8508
49 8508
53 8508
55 8508
59 8508
61 8508
65 8508
67 8508
71 8508
73 8508
77 8508
79 8508
83 8508
85 8508
1 8510
3 8510
7 8510
9 8510
11 8510
13 8510
17 8510
19 8510
21 8510
27 8510
29 8510
31 8510
33 8510
39 8510
41 8510
43 8510
47 8510
49 8510
51 8510
53 8510
57 8510
59 8510
61 8510
63 8510
67 8510
71 8510
73 8510
77 8510
79 8510
81 8510
83 8510
1 8512
3 8512
5 8512
9 8512
11 8512
13 8512
15 8512
17 8512
23 8512
25 8512
27 8512
29 8512
31 8512
33 8512
37 8512
39 8512
41 8512
43 8512
45 8512
47 8512
51 8512
53 8512
55 8512
59 8512
61 8512
65 8512
67 8512
69 8512
71 8512
73 8512
75 8512
79 8512
81 8512
83 8512
85 8512
1 8514
5 8514
7 8514
13 8514
17 8514
19 8514
23 8514
25 8514
29 8514
31 8514
35 8514
37 8514
41 8514
47 8514
49 8514
53 8514
59 8514
61 8514
65 8514
67 8514
71 8514
73 8514
79 8514
83 8514
85 8514
1 8516
3 8516
5 8516
7 8516
9 8516
11 8516
13 8516
15 8516
17 8516
19 8516
21 8516
23 8516
25 8516
27 8516
29 8516
31 8516
33 8516
35 8516
37 8516
39 8516
41 8516
43 8516
45 8516
47 8516
49 8516
51 8516
53 8516
55 8516
57 8516
59 8516
61 8516
63 8516
65 8516
67 8516
69 8516
71 8516
73 8516
75 8516
77 8516
79 8516
81 8516
83 8516
85 8516
1 8518
3 8518
5 8518
7 8518
9 8518
11 8518
13 8518
15 8518
17 8518
19 8518
21 8518
23 8518
25 8518
27 8518
29 8518
31 8518
33 8518
35 8518
37 8518
39 8518
41 8518
43 8518
45 8518
47 8518
49 8518
51 8518
53 8518
55 8518
57 8518
59 8518
61 8518
63 8518
65 8518
67 8518
69 8518
71 8518
73 8518
75 8518
77 8518
79 8518
81 8518
83 8518
85 8518
1 8520
7 8520
11 8520
13 8520
17 8520
19 8520
23 8520
29 8520
31 8520
37 8520
41 8520
43 8520
47 8520
49 8520
53 8520
59 8520
61 8520
67 8520
73 8520
77 8520
79 8520
83 8520
1 8522
3 8522
5 8522
7 8522
9 8522
11 8522
13 8522
15 8522
17 8522
19 8522
21 8522
23 8522
25 8522
27 8522
29 8522
31 8522
33 8522
35 8522
37 8522
39 8522
41 8522
43 8522
45 8522
47 8522
49 8522
51 8522
53 8522
55 8522
57 8522
59 8522
61 8522
63 8522
65 8522
67 8522
69 8522
71 8522
73 8522
75 8522
77 8522
79 8522
81 8522
83 8522
85 8522
1 8524
3 8524
5 8524
7 8524
9 8524
11 8524
13 8524
15 8524
17 8524
19 8524
21 8524
23 8524
25 8524
27 8524
29 8524
31 8524
33 8524
35 8524
37 8524
39 8524
41 8524
43 8524
45 8524
47 8524
49 8524
51 8524
53 8524
55 8524
57 8524
59 8524
61 8524
63 8524
65 8524
67 8524
69 8524
71 8524
73 8524
75 8524
77 8524
79 8524
81 8524
83 8524
85 8524
1 8526
5 8526
11 8526
13 8526
17 8526
19 8526
23 8526
25 8526
31 8526
37 8526
41 8526
43 8526
47 8526
53 8526
55 8526
59 8526
61 8526
65 8526
67 8526
71 8526
73 8526
79 8526
83 8526
85 8526
1 8528
3 8528
5 8528
7 8528
9 8528
11 8528
15 8528
17 8528
19 8528
21 8528
23 8528
25 8528
27 8528
29 8528
31 8528
33 8528
35 8528
37 8528
43 8528
45 8528
47 8528
49 8528
51 8528
53 8528
55 8528
57 8528
59 8528
61 8528
63 8528
67 8528
69 8528
71 8528
73 8528
75 8528
77 8528
79 8528
81 8528
83 8528
85 8528
1 8530
3 8530
7 8530
9 8530
11 8530
13 8530
17 8530
19 8530
21 8530
23 8530
27 8530
29 8530
31 8530
33 8530
37 8530
39 8530
41 8530
43 8530
47 8530
49 8530
51 8530
53 8530
57 8530
59 8530
61 8530
63 8530
67 8530
69 8530
71 8530
73 8530
77 8530
79 8530
81 8530
83 8530
1 8532
5 8532
7 8532
11 8532
13 8532
17 8532
19 8532
23 8532
25 8532
29 8532
31 8532
35 8532
37 8532
41 8532
43 8532
47 8532
49 8532
53 8532
55 8532
59 8532
61 8532
65 8532
67 8532
71 8532
73 8532
77 8532
83 8532
85 8532
1 8534
3 8534
5 8534
7 8534
9 8534
11 8534
13 8534
15 8534
19 8534
21 8534
23 8534
25 8534
27 8534
29 8534
31 8534
33 8534
35 8534
37 8534
39 8534
41 8534
43 8534
45 8534
47 8534
49 8534
53 8534
55 8534
57 8534
59 8534
61 8534
63 8534
65 8534
67 8534
69 8534
71 8534
73 8534
75 8534
77 8534
79 8534
81 8534
83 8534
1 8536
3 8536
5 8536
7 8536
9 8536
13 8536
15 8536
17 8536
19 8536
21 8536
23 8536
25 8536
27 8536
29 8536
31 8536
35 8536
37 8536
39 8536
41 8536
43 8536
45 8536
47 8536
49 8536
51 8536
53 8536
57 8536
59 8536
61 8536
63 8536
65 8536
67 8536
69 8536
71 8536
73 8536
75 8536
79 8536
81 8536
83 8536
85 8536
1 8538
5 8538
7 8538
11 8538
13 8538
17 8538
19 8538
23 8538
25 8538
29 8538
31 8538
35 8538
37 8538
41 8538
43 8538
47 8538
49 8538
53 8538
55 8538
59 8538
61 8538
65 8538
67 8538
71 8538
73 8538
77 8538
79 8538
83 8538
85 8538
1 8540
3 8540
9 8540
11 8540
13 8540
17 8540
19 8540
23 8540
27 8540
29 8540
31 8540
33 8540
37 8540
39 8540
41 8540
43 8540
47 8540
51 8540
53 8540
57 8540
59 8540
67 8540
69 8540
71 8540
73 8540
79 8540
81 8540
83 8540
1 8542
3 8542
5 8542
7 8542
9 8542
11 8542
13 8542
15 8542
17 8542
19 8542
21 8542
23 8542
25 8542
27 8542
29 8542
31 8542
33 8542
35 8542
37 8542
39 8542
41 8542
43 8542
45 8542
47 8542
49 8542
51 8542
53 8542
55 8542
57 8542
59 8542
61 8542
63 8542
65 8542
67 8542
69 8542
71 8542
73 8542
75 8542
77 8542
79 8542
81 8542
83 8542
85 8542
1 8544
5 8544
7 8544
11 8544
13 8544
17 8544
19 8544
23 8544
25 8544
29 8544
31 8544
35 8544
37 8544
41 8544
43 8544
47 8544
49 8544
53 8544
55 8544
59 8544
61 8544
65 8544
67 8544
71 8544
73 8544
77 8544
79 8544
83 8544
85 8544
1 8546
3 8546
5 8546
7 8546
9 8546
11 8546
13 8546
15 8546
17 8546
19 8546
21 8546
23 8546
25 8546
27 8546
29 8546
31 8546
33 8546
35 8546
37 8546
39 8546
41 8546
43 8546
45 8546
47 8546
49 8546
51 8546
53 8546
55 8546
57 8546
59 8546
61 8546
63 8546
65 8546
67 8546
69 8546
71 8546
73 8546
75 8546
77 8546
79 8546
81 8546
83 8546
85 8546
1 8548
3 8548
5 8548
7 8548
9 8548
11 8548
13 8548
15 8548
17 8548
19 8548
21 8548
23 8548
25 8548
27 8548
29 8548
31 8548
33 8548
35 8548
37 8548
39 8548
41 8548
43 8548
45 8548
47 8548
49 8548
51 8548
53 8548
55 8548
57 8548
59 8548
61 8548
63 8548
65 8548
67 8548
69 8548
71 8548
73 8548
75 8548
77 8548
79 8548
81 8548
83 8548
85 8548
1 8550
7 8550
11 8550
13 8550
17 8550
23 8550
29 8550
31 8550
37 8550
41 8550
43 8550
47 8550
49 8550
53 8550
59 8550
61 8550
67 8550
71 8550
73 8550
77 8550
79 8550
83 8550
1 8552
3 8552
5 8552
7 8552
9 8552
11 8552
13 8552
15 8552
17 8552
19 8552
21 8552
23 8552
25 8552
27 8552
29 8552
31 8552
33 8552
35 8552
37 8552
39 8552
41 8552
43 8552
45 8552
47 8552
49 8552
51 8552
53 8552
55 8552
57 8552
59 8552
61 8552
63 8552
65 8552
67 8552
69 8552
71 8552
73 8552
75 8552
77 8552
79 8552
81 8552
83 8552
85 8552
1 8554
3 8554
5 8554
9 8554
11 8554
15 8554
17 8554
19 8554
23 8554
25 8554
27 8554
29 8554
31 8554
33 8554
37 8554
41 8554
43 8554
45 8554
51 8554
53 8554
55 8554
57 8554
59 8554
61 8554
67 8554
69 8554
71 8554
73 8554
75 8554
79 8554
81 8554
83 8554
85 8554
1 8556
5 8556
7 8556
11 8556
13 8556
17 8556
19 8556
25 8556
29 8556
35 8556
37 8556
41 8556
43 8556
47 8556
49 8556
53 8556
55 8556
59 8556
61 8556
65 8556
67 8556
71 8556
73 8556
77 8556
79 8556
83 8556
85 8556
1 8558
3 8558
5 8558
7 8558
9 8558
13 8558
15 8558
17 8558
19 8558
21 8558
23 8558
25 8558
27 8558
29 8558
31 8558
35 8558
37 8558
39 8558
41 8558
43 8558
45 8558
47 8558
49 8558
51 8558
53 8558
57 8558
59 8558
61 8558
63 8558
65 8558
67 8558
69 8558
71 8558
73 8558
75 8558
79 8558
81 8558
83 8558
85 8558
1 8560
3 8560
7 8560
9 8560
11 8560
13 8560
17 8560
19 8560
21 8560
23 8560
27 8560
29 8560
31 8560
33 8560
37 8560
39 8560
41 8560
43 8560
47 8560
49 8560
51 8560
53 8560
57 8560
59 8560
61 8560
63 8560
67 8560
69 8560
71 8560
73 8560
77 8560
79 8560
81 8560
83 8560
1 8562
5 8562
7 8562
11 8562
13 8562
17 8562
19 8562
23 8562
25 8562
29 8562
31 8562
35 8562
37 8562
41 8562
43 8562
47 8562
49 8562
53 8562
55 8562
59 8562
61 8562
65 8562
67 8562
71 8562
73 8562
77 8562
79 8562
83 8562
85 8562
1 8564
3 8564
5 8564
7 8564
9 8564
11 8564
13 8564
15 8564
17 8564
19 8564
21 8564
23 8564
25 8564
27 8564
29 8564
31 8564
33 8564
35 8564
37 8564
39 8564
41 8564
43 8564
45 8564
47 8564
49 8564
51 8564
53 8564
55 8564
57 8564
59 8564
61 8564
63 8564
65 8564
67 8564
69 8564
71 8564
73 8564
75 8564
77 8564
79 8564
81 8564
83 8564
85 8564
1 8566
3 8566
5 8566
7 8566
9 8566
11 8566
13 8566
15 8566
17 8566
19 8566
21 8566
23 8566
25 8566
27 8566
29 8566
31 8566
33 8566
35 8566
37 8566
39 8566
41 8566
43 8566
45 8566
47 8566
49 8566
51 8566
53 8566
55 8566
57 8566
59 8566
61 8566
63 8566
65 8566
67 8566
69 8566
71 8566
73 8566
75 8566
77 8566
79 8566
81 8566
83 8566
85 8566
1 8568
5 8568
11 8568
13 8568
19 8568
23 8568
25 8568
29 8568
31 8568
37 8568
41 8568
43 8568
47 8568
53 8568
55 8568
59 8568
61 8568
65 8568
67 8568
71 8568
73 8568
79 8568
83 8568
1 8570
3 8570
7 8570
9 8570
11 8570
13 8570
17 8570
19 8570
21 8570
23 8570
27 8570
29 8570
31 8570
33 8570
37 8570
39 8570
41 8570
43 8570
47 8570
49 8570
51 8570
53 8570
57 8570
59 8570
61 8570
63 8570
67 8570
69 8570
71 8570
73 8570
77 8570
79 8570
81 8570
83 8570
1 8572
3 8572
5 8572
7 8572
9 8572
11 8572
13 8572
15 8572
17 8572
19 8572
21 8572
23 8572
25 8572
27 8572
29 8572
31 8572
33 8572
35 8572
37 8572
39 8572
41 8572
43 8572
45 8572
47 8572
49 8572
51 8572
53 8572
55 8572
57 8572
59 8572
61 8572
63 8572
65 8572
67 8572
69 8572
71 8572
73 8572
75 8572
77 8572
79 8572
81 8572
83 8572
85 8572
1 8574
5 8574
7 8574
11 8574
13 8574
17 8574
19 8574
23 8574
25 8574
29 8574
31 8574
35 8574
37 8574
41 8574
43 8574
47 8574
49 8574
53 8574
55 8574
59 8574
61 8574
65 8574
67 8574
71 8574
73 8574
77 8574
79 8574
83 8574
85 8574
1 8576
3 8576
5 8576
7 8576
9 8576
11 8576
13 8576
15 8576
17 8576
19 8576
21 8576
23 8576
25 8576
27 8576
29 8576
31 8576
33 8576
35 8576
37 8576
39 8576
41 8576
43 8576
45 8576
47 8576
49 8576
51 8576
53 8576
55 8576
57 8576
59 8576
61 8576
63 8576
65 8576
69 8576
71 8576
73 8576
75 8576
77 8576
79 8576
81 8576
83 8576
85 8576
1 8578
3 8578
5 8578
7 8578
9 8578
11 8578
13 8578
15 8578
17 8578
19 8578
21 8578
23 8578
25 8578
27 8578
29 8578
31 8578
33 8578
35 8578
37 8578
39 8578
41 8578
43 8578
45 8578
47 8578
49 8578
51 8578
53 8578
55 8578
57 8578
59 8578
61 8578
63 8578
65 8578
67 8578
69 8578
71 8578
73 8578
75 8578
77 8578
79 8578
81 8578
83 8578
85 8578
1 8580
7 8580
17 8580
19 8580
23 8580
29 8580
31 8580
37 8580
41 8580
43 8580
47 8580
49 8580
53 8580
59 8580
61 8580
67 8580
71 8580
73 8580
79 8580
83 8580
1 8582
3 8582
5 8582
9 8582
11 8582
13 8582
15 8582
17 8582
19 8582
23 8582
25 8582
27 8582
29 8582
31 8582
33 8582
37 8582
39 8582
41 8582
43 8582
45 8582
47 8582
51 8582
53 8582
55 8582
57 8582
59 8582
61 8582
65 8582
67 8582
69 8582
71 8582
73 8582
75 8582
79 8582
81 8582
83 8582
85 8582
1 8584
3 8584
5 8584
7 8584
9 8584
11 8584
13 8584
15 8584
17 8584
19 8584
21 8584
23 8584
25 8584
27 8584
31 8584
33 8584
35 8584
39 8584
41 8584
43 8584
45 8584
47 8584
49 8584
51 8584
53 8584
55 8584
57 8584
59 8584
61 8584
63 8584
65 8584
67 8584
69 8584
71 8584
73 8584
75 8584
77 8584
79 8584
81 8584
83 8584
85 8584
1 8586
5 8586
7 8586
11 8586
13 8586
17 8586
19 8586
23 8586
25 8586
29 8586
31 8586
35 8586
37 8586
41 8586
43 8586
47 8586
49 8586
55 8586
59 8586
61 8586
65 8586
67 8586
71 8586
73 8586
77 8586
79 8586
83 8586
85 8586
1 8588
3 8588
5 8588
7 8588
9 8588
11 8588
13 8588
15 8588
17 8588
21 8588
23 8588
25 8588
27 8588
29 8588
31 8588
33 8588
35 8588
37 8588
39 8588
41 8588
43 8588
45 8588
47 8588
49 8588
51 8588
53 8588
55 8588
59 8588
61 8588
63 8588
65 8588
67 8588
69 8588
71 8588
73 8588
75 8588
77 8588
79 8588
81 8588
83 8588
85 8588
1 8590
3 8590
7 8590
9 8590
11 8590
13 8590
17 8590
19 8590
21 8590
23 8590
27 8590
29 8590
31 8590
33 8590
37 8590
39 8590
41 8590
43 8590
47 8590
49 8590
51 8590
53 8590
57 8590
59 8590
61 8590
63 8590
67 8590
69 8590
71 8590
73 8590
77 8590
79 8590
81 8590
83 8590
1 8592
5 8592
7 8592
11 8592
13 8592
17 8592
19 8592
23 8592
25 8592
29 8592
31 8592
35 8592
37 8592
41 8592
43 8592
47 8592
49 8592
53 8592
55 8592
59 8592
61 8592
65 8592
67 8592
71 8592
73 8592
77 8592
79 8592
83 8592
85 8592
1 8594
3 8594
5 8594
7 8594
9 8594
11 8594
13 8594
15 8594
17 8594
19 8594
21 8594
23 8594
25 8594
27 8594
29 8594
31 8594
33 8594
35 8594
37 8594
39 8594
41 8594
43 8594
45 8594
47 8594
49 8594
51 8594
53 8594
55 8594
57 8594
59 8594
61 8594
63 8594
65 8594
67 8594
69 8594
71 8594
73 8594
75 8594
77 8594
79 8594
81 8594
83 8594
85 8594
1 8596
3 8596
5 8596
9 8596
11 8596
13 8596
15 8596
17 8596
19 8596
23 8596
25 8596
27 8596
29 8596
31 8596
33 8596
37 8596
39 8596
41 8596
43 8596
45 8596
47 8596
51 8596
53 8596
55 8596
57 8596
59 8596
61 8596
65 8596
67 8596
69 8596
71 8596
73 8596
75 8596
79 8596
81 8596
83 8596
85 8596
1 8598
5 8598
7 8598
11 8598
13 8598
17 8598
19 8598
23 8598
25 8598
29 8598
31 8598
35 8598
37 8598
41 8598
43 8598
47 8598
49 8598
53 8598
55 8598
59 8598
61 8598
65 8598
67 8598
71 8598
73 8598
77 8598
79 8598
83 8598
85 8598
1 8600
3 8600
7 8600
9 8600
11 8600
13 8600
17 8600
19 8600
21 8600
23 8600
27 8600
29 8600
31 8600
33 8600
37 8600
39 8600
41 8600
47 8600
49 8600
51 8600
53 8600
57 8600
59 8600
61 8600
63 8600
67 8600
69 8600
71 8600
73 8600
77 8600
79 8600
81 8600
83 8600
1 8602
3 8602
5 8602
7 8602
9 8602
13 8602
15 8602
19 8602
21 8602
25 8602
27 8602
29 8602
31 8602
35 8602
37 8602
39 8602
41 8602
43 8602
45 8602
47 8602
49 8602
53 8602
57 8602
59 8602
61 8602
63 8602
65 8602
67 8602
71 8602
73 8602
75 8602
79 8602
81 8602
83 8602
1 8604
5 8604
7 8604
11 8604
13 8604
17 8604
19 8604
23 8604
25 8604
29 8604
31 8604
35 8604
37 8604
41 8604
43 8604
47 8604
49 8604
53 8604
55 8604
59 8604
61 8604
65 8604
67 8604
71 8604
73 8604
77 8604
79 8604
83 8604
85 8604
1 8606
3 8606
5 8606
7 8606
9 8606
11 8606
15 8606
17 8606
19 8606
21 8606
23 8606
25 8606
27 8606
29 8606
31 8606
33 8606
35 8606
37 8606
41 8606
43 8606
45 8606
47 8606
49 8606
51 8606
53 8606
55 8606
57 8606
59 8606
61 8606
63 8606
67 8606
69 8606
71 8606
73 8606
75 8606
77 8606
79 8606
81 8606
83 8606
85 8606
1 8608
3 8608
5 8608
7 8608
9 8608
11 8608
13 8608
15 8608
17 8608
19 8608
21 8608
23 8608
25 8608
27 8608
29 8608
31 8608
33 8608
35 8608
37 8608
39 8608
41 8608
43 8608
45 8608
47 8608
49 8608
51 8608
53 8608
55 8608
57 8608
59 8608
61 8608
63 8608
65 8608
67 8608
69 8608
71 8608
73 8608
75 8608
77 8608
79 8608
81 8608
83 8608
85 8608
1 8610
11 8610
13 8610
17 8610
19 8610
23 8610
29 8610
31 8610
37 8610
43 8610
47 8610
53 8610
59 8610
61 8610
67 8610
71 8610
73 8610
79 8610
83 8610
1 8612
3 8612
5 8612
7 8612
9 8612
11 8612
13 8612
15 8612
17 8612
19 8612
21 8612
23 8612
25 8612
27 8612
29 8612
31 8612
33 8612
35 8612
37 8612
39 8612
41 8612
43 8612
45 8612
47 8612
49 8612
51 8612
53 8612
55 8612
57 8612
59 8612
61 8612
63 8612
65 8612
67 8612
69 8612
71 8612
73 8612
75 8612
77 8612
79 8612
81 8612
83 8612
85 8612
1 8614
3 8614
5 8614
7 8614
9 8614
11 8614
13 8614
15 8614
17 8614
19 8614
21 8614
23 8614
25 8614
27 8614
29 8614
31 8614
33 8614
35 8614
37 8614
39 8614
41 8614
43 8614
45 8614
47 8614
49 8614
51 8614
53 8614
55 8614
57 8614
61 8614
63 8614
65 8614
67 8614
69 8614
71 8614
75 8614
77 8614
79 8614
81 8614
83 8614
85 8614
1 8616
5 8616
7 8616
11 8616
13 8616
17 8616
19 8616
23 8616
25 8616
29 8616
31 8616
35 8616
37 8616
41 8616
43 8616
47 8616
49 8616
53 8616
55 8616
59 8616
61 8616
65 8616
67 8616
71 8616
73 8616
77 8616
79 8616
83 8616
85 8616
1 8618
3 8618
5 8618
7 8618
9 8618
11 8618
13 8618
15 8618
17 8618
19 8618
21 8618
23 8618
25 8618
27 8618
29 8618
33 8618
35 8618
37 8618
39 8618
41 8618
43 8618
45 8618
47 8618
49 8618
51 8618
53 8618
55 8618
57 8618
59 8618
61 8618
63 8618
65 8618
67 8618
69 8618
71 8618
73 8618
75 8618
77 8618
79 8618
81 8618
83 8618
85 8618
1 8620
3 8620
7 8620
9 8620
11 8620
13 8620
17 8620
19 8620
21 8620
23 8620
27 8620
29 8620
31 8620
33 8620
37 8620
39 8620
41 8620
43 8620
47 8620
49 8620
51 8620
53 8620
57 8620
59 8620
61 8620
63 8620
67 8620
69 8620
71 8620
73 8620
77 8620
79 8620
81 8620
83 8620
1 8622
5 8622
7 8622
11 8622
13 8622
17 8622
19 8622
23 8622
25 8622
29 8622
31 8622
35 8622
37 8622
41 8622
43 8622
47 8622
49 8622
53 8622
55 8622
59 8622
61 8622
65 8622
67 8622
71 8622
73 8622
77 8622
79 8622
83 8622
85 8622
1 8624
3 8624
5 8624
9 8624
13 8624
15 8624
17 8624
19 8624
23 8624
25 8624
27 8624
29 8624
31 8624
37 8624
39 8624
41 8624
43 8624
45 8624
47 8624
51 8624
53 8624
57 8624
59 8624
61 8624
65 8624
67 8624
69 8624
71 8624
73 8624
75 8624
79 8624
81 8624
83 8624
85 8624
1 8626
3 8626
5 8626
7 8626
9 8626
11 8626
13 8626
15 8626
17 8626
21 8626
23 8626
25 8626
27 8626
29 8626
31 8626
33 8626
35 8626
37 8626
39 8626
41 8626
43 8626
45 8626
47 8626
49 8626
51 8626
53 8626
55 8626
59 8626
61 8626
63 8626
65 8626
67 8626
69 8626
71 8626
73 8626
75 8626
77 8626
79 8626
81 8626
83 8626
85 8626
1 8628
5 8628
7 8628
11 8628
13 8628
17 8628
19 8628
23 8628
25 8628
29 8628
31 8628
35 8628
37 8628
41 8628
43 8628
47 8628
49 8628
53 8628
55 8628
59 8628
61 8628
65 8628
67 8628
71 8628
73 8628
77 8628
79 8628
83 8628
85 8628
1 8630
3 8630
7 8630
9 8630
11 8630
13 8630
17 8630
19 8630
21 8630
23 8630
27 8630
29 8630
31 8630
33 8630
37 8630
39 8630
41 8630
43 8630
47 8630
49 8630
51 8630
53 8630
57 8630
59 8630
61 8630
63 8630
67 8630
69 8630
71 8630
73 8630
77 8630
79 8630
81 8630
83 8630
1 8632
3 8632
5 8632
7 8632
9 8632
11 8632
15 8632
17 8632
19 8632
21 8632
23 8632
25 8632
27 8632
29 8632
31 8632
33 8632
35 8632
37 8632
41 8632
43 8632
45 8632
47 8632
49 8632
51 8632
53 8632
55 8632
57 8632
59 8632
61 8632
63 8632
67 8632
69 8632
71 8632
73 8632
75 8632
77 8632
79 8632
81 8632
85 8632
1 8634
5 8634
7 8634
11 8634
13 8634
17 8634
19 8634
23 8634
25 8634
29 8634
31 8634
35 8634
37 8634
41 8634
43 8634
47 8634
49 8634
53 8634
55 8634
59 8634
61 8634
65 8634
67 8634
71 8634
73 8634
77 8634
79 8634
83 8634
85 8634
1 8636
3 8636
5 8636
7 8636
9 8636
11 8636
13 8636
15 8636
19 8636
21 8636
23 8636
25 8636
27 8636
29 8636
31 8636
33 8636
35 8636
37 8636
39 8636
41 8636
43 8636
45 8636
47 8636
49 8636
53 8636
55 8636
57 8636
59 8636
61 8636
63 8636
65 8636
67 8636
69 8636
71 8636
73 8636
75 8636
77 8636
79 8636
81 8636
83 8636
1 8638
3 8638
5 8638
9 8638
11 8638
13 8638
15 8638
17 8638
19 8638
23 8638
25 8638
27 8638
29 8638
31 8638
33 8638
37 8638
39 8638
41 8638
43 8638
45 8638
47 8638
51 8638
53 8638
55 8638
57 8638
59 8638
61 8638
65 8638
67 8638
69 8638
71 8638
73 8638
75 8638
79 8638
81 8638
83 8638
85 8638
1 8640
7 8640
11 8640
13 8640
17 8640
19 8640
23 8640
29 8640
31 8640
37 8640
41 8640
43 8640
47 8640
49 8640
53 8640
59 8640
61 8640
67 8640
71 8640
73 8640
77 8640
79 8640
83 8640
1 8642
3 8642
5 8642
7 8642
9 8642
11 8642
13 8642
15 8642
17 8642
19 8642
21 8642
23 8642
25 8642
27 8642
31 8642
33 8642
35 8642
37 8642
39 8642
41 8642
43 8642
45 8642
47 8642
49 8642
51 8642
53 8642
55 8642
57 8642
59 8642
61 8642
63 8642
65 8642
67 8642
69 8642
71 8642
73 8642
75 8642
77 8642
79 8642
81 8642
83 8642
85 8642
1 8644
3 8644
5 8644
7 8644
9 8644
11 8644
13 8644
15 8644
17 8644
19 8644
21 8644
23 8644
25 8644
27 8644
29 8644
31 8644
33 8644
35 8644
37 8644
39 8644
41 8644
43 8644
45 8644
47 8644
49 8644
51 8644
53 8644
55 8644
57 8644
59 8644
61 8644
63 8644
65 8644
67 8644
69 8644
71 8644
73 8644
75 8644
77 8644
79 8644
81 8644
83 8644
85 8644
1 8646
5 8646
7 8646
13 8646
17 8646
19 8646
23 8646
25 8646
29 8646
31 8646
35 8646
37 8646
41 8646
43 8646
47 8646
49 8646
53 8646
59 8646
61 8646
65 8646
67 8646
71 8646
73 8646
79 8646
83 8646
85 8646
1 8648
3 8648
5 8648
7 8648
9 8648
11 8648
13 8648
15 8648
17 8648
19 8648
21 8648
25 8648
27 8648
29 8648
31 8648
33 8648
35 8648
37 8648
39 8648
41 8648
43 8648
45 8648
49 8648
51 8648
53 8648
55 8648
57 8648
59 8648
61 8648
63 8648
65 8648
67 8648
71 8648
73 8648
75 8648
77 8648
79 8648
81 8648
83 8648
85 8648
1 8650
3 8650
7 8650
9 8650
11 8650
13 8650
17 8650
19 8650
21 8650
23 8650
27 8650
29 8650
31 8650
33 8650
37 8650
39 8650
41 8650
43 8650
47 8650
49 8650
51 8650
53 8650
57 8650
59 8650
61 8650
63 8650
67 8650
69 8650
71 8650
73 8650
77 8650
79 8650
81 8650
83 8650
1 8652
5 8652
11 8652
13 8652
17 8652
19 8652
23 8652
25 8652
29 8652
31 8652
37 8652
41 8652
43 8652
47 8652
53 8652
55 8652
59 8652
61 8652
65 8652
67 8652
71 8652
73 8652
79 8652
83 8652
85 8652
1 8654
3 8654
5 8654
7 8654
9 8654
11 8654
13 8654
15 8654
17 8654
19 8654
21 8654
23 8654
25 8654
27 8654
29 8654
31 8654
33 8654
35 8654
37 8654
39 8654
41 8654
43 8654
45 8654
47 8654
49 8654
51 8654
53 8654
55 8654
57 8654
59 8654
61 8654
63 8654
65 8654
67 8654
69 8654
71 8654
73 8654
75 8654
77 8654
79 8654
81 8654
83 8654
85 8654
1 8656
3 8656
5 8656
7 8656
9 8656
11 8656
13 8656
15 8656
17 8656
19 8656
21 8656
23 8656
25 8656
27 8656
29 8656
31 8656
33 8656
35 8656
37 8656
39 8656
41 8656
43 8656
45 8656
47 8656
49 8656
51 8656
53 8656
55 8656
57 8656
59 8656
61 8656
63 8656
65 8656
67 8656
69 8656
71 8656
73 8656
75 8656
77 8656
79 8656
81 8656
83 8656
85 8656
1 8658
5 8658
7 8658
11 8658
17 8658
19 8658
23 8658
25 8658
29 8658
31 8658
35 8658
41 8658
43 8658
47 8658
49 8658
53 8658
55 8658
59 8658
61 8658
67 8658
71 8658
73 8658
77 8658
79 8658
83 8658
85 8658
1 8660
3 8660
7 8660
9 8660
11 8660
13 8660
17 8660
19 8660
21 8660
23 8660
27 8660
29 8660
31 8660
33 8660
37 8660
39 8660
41 8660
43 8660
47 8660
49 8660
51 8660
53 8660
57 8660
59 8660
61 8660
63 8660
67 8660
69 8660
71 8660
73 8660
77 8660
79 8660
81 8660
83 8660
1 8662
3 8662
5 8662
7 8662
9 8662
11 8662
13 8662
15 8662
17 8662
19 8662
21 8662
23 8662
25 8662
27 8662
29 8662
31 8662
33 8662
35 8662
37 8662
39 8662
41 8662
43 8662
45 8662
47 8662
49 8662
51 8662
53 8662
55 8662
57 8662
59 8662
63 8662
65 8662
67 8662
69 8662
73 8662
75 8662
77 8662
79 8662
81 8662
83 8662
85 8662
1 8664
5 8664
7 8664
11 8664
13 8664
17 8664
23 8664
25 8664
29 8664
31 8664
35 8664
37 8664
41 8664
43 8664
47 8664
49 8664
53 8664
55 8664
59 8664
61 8664
65 8664
67 8664
71 8664
73 8664
77 8664
79 8664
83 8664
85 8664
1 8666
3 8666
5 8666
9 8666
11 8666
13 8666
15 8666
17 8666
19 8666
23 8666
25 8666
27 8666
29 8666
31 8666
33 8666
37 8666
39 8666
41 8666
43 8666
45 8666
47 8666
51 8666
53 8666
55 8666
57 8666
59 8666
61 8666
65 8666
67 8666
69 8666
71 8666
73 8666
75 8666
79 8666
81 8666
83 8666
85 8666
1 8668
3 8668
5 8668
7 8668
9 8668
13 8668
15 8668
17 8668
19 8668
21 8668
23 8668
25 8668
27 8668
29 8668
31 8668
35 8668
37 8668
39 8668
41 8668
43 8668
45 8668
47 8668
49 8668
51 8668
53 8668
57 8668
59 8668
61 8668
63 8668
65 8668
67 8668
69 8668
71 8668
73 8668
75 8668
79 8668
81 8668
83 8668
85 8668
1 8670
7 8670
11 8670
13 8670
19 8670
23 8670
29 8670
31 8670
37 8670
41 8670
43 8670
47 8670
49 8670
53 8670
59 8670
61 8670
67 8670
71 8670
73 8670
77 8670
79 8670
83 8670
1 8672
3 8672
5 8672
7 8672
9 8672
11 8672
13 8672
15 8672
17 8672
19 8672
21 8672
23 8672
25 8672
27 8672
29 8672
31 8672
33 8672
35 8672
37 8672
39 8672
41 8672
43 8672
45 8672
47 8672
49 8672
51 8672
53 8672
55 8672
57 8672
59 8672
61 8672
63 8672
65 8672
67 8672
69 8672
71 8672
73 8672
75 8672
77 8672
79 8672
81 8672
83 8672
85 8672
1 8674
3 8674
5 8674
7 8674
9 8674
11 8674
13 8674
15 8674
17 8674
19 8674
21 8674
23 8674
25 8674
27 8674
29 8674
31 8674
33 8674
35 8674
37 8674
39 8674
41 8674
43 8674
45 8674
47 8674
49 8674
51 8674
53 8674
55 8674
57 8674
59 8674
61 8674
63 8674
65 8674
67 8674
69 8674
71 8674
73 8674
75 8674
77 8674
79 8674
81 8674
83 8674
85 8674
1 8676
5 8676
7 8676
11 8676
13 8676
17 8676
19 8676
23 8676
25 8676
29 8676
31 8676
35 8676
37 8676
41 8676
43 8676
47 8676
49 8676
53 8676
55 8676
59 8676
61 8676
65 8676
67 8676
71 8676
73 8676
77 8676
79 8676
83 8676
85 8676
1 8678
3 8678
5 8678
7 8678
9 8678
11 8678
13 8678
15 8678
17 8678
19 8678
21 8678
23 8678
25 8678
27 8678
29 8678
31 8678
33 8678
35 8678
37 8678
39 8678
41 8678
43 8678
45 8678
47 8678
49 8678
51 8678
53 8678
55 8678
57 8678
59 8678
61 8678
63 8678
65 8678
67 8678
69 8678
71 8678
73 8678
75 8678
77 8678
79 8678
81 8678
83 8678
85 8678
1 8680
3 8680
9 8680
11 8680
13 8680
17 8680
19 8680
23 8680
27 8680
29 8680
33 8680
37 8680
39 8680
41 8680
43 8680
47 8680
51 8680
53 8680
57 8680
59 8680
61 8680
67 8680
69 8680
71 8680
73 8680
79 8680
81 8680
83 8680
1 8682
5 8682
7 8682
11 8682
13 8682
17 8682
19 8682
23 8682
25 8682
29 8682
31 8682
35 8682
37 8682
41 8682
43 8682
47 8682
49 8682
53 8682
55 8682
59 8682
61 8682
65 8682
67 8682
71 8682
73 8682
77 8682
79 8682
83 8682
85 8682
1 8684
3 8684
5 8684
7 8684
9 8684
11 8684
15 8684
17 8684
19 8684
21 8684
23 8684
25 8684
27 8684
29 8684
31 8684
33 8684
35 8684
37 8684
41 8684
43 8684
45 8684
47 8684
49 8684
51 8684
53 8684
55 8684
57 8684
59 8684
61 8684
63 8684
67 8684
69 8684
71 8684
73 8684
75 8684
77 8684
79 8684
81 8684
83 8684
85 8684
1 8686
3 8686
5 8686
7 8686
9 8686
11 8686
13 8686
15 8686
17 8686
19 8686
21 8686
23 8686
25 8686
27 8686
29 8686
31 8686
33 8686
35 8686
37 8686
39 8686
41 8686
45 8686
47 8686
49 8686
51 8686
53 8686
55 8686
57 8686
59 8686
61 8686
63 8686
65 8686
67 8686
69 8686
71 8686
73 8686
75 8686
77 8686
79 8686
81 8686
83 8686
85 8686
1 8688
5 8688
7 8688
11 8688
13 8688
17 8688
19 8688
23 8688
25 8688
29 8688
31 8688
35 8688
37 8688
41 8688
43 8688
47 8688
49 8688
53 8688
55 8688
59 8688
61 8688
65 8688
67 8688
71 8688
73 8688
77 8688
79 8688
83 8688
85 8688
1 8690
3 8690
7 8690
9 8690
13 8690
17 8690
19 8690
21 8690
23 8690
27 8690
29 8690
31 8690
37 8690
39 8690
41 8690
43 8690
47 8690
49 8690
51 8690
53 8690
57 8690
59 8690
61 8690
63 8690
67 8690
69 8690
71 8690
73 8690
81 8690
83 8690
1 8692
3 8692
5 8692
7 8692
9 8692
11 8692
13 8692
15 8692
17 8692
19 8692
21 8692
23 8692
25 8692
27 8692
29 8692
31 8692
33 8692
35 8692
37 8692
39 8692
43 8692
45 8692
47 8692
49 8692
51 8692
55 8692
57 8692
59 8692
61 8692
63 8692
65 8692
67 8692
69 8692
71 8692
73 8692
75 8692
77 8692
79 8692
81 8692
83 8692
85 8692
1 8694
5 8694
11 8694
13 8694
17 8694
19 8694
25 8694
29 8694
31 8694
37 8694
41 8694
43 8694
47 8694
53 8694
55 8694
59 8694
61 8694
65 8694
67 8694
71 8694
73 8694
79 8694
83 8694
85 8694
1 8696
3 8696
5 8696
7 8696
9 8696
11 8696
13 8696
15 8696
17 8696
19 8696
21 8696
23 8696
25 8696
27 8696
29 8696
31 8696
33 8696
35 8696
37 8696
39 8696
41 8696
43 8696
45 8696
47 8696
49 8696
51 8696
53 8696
55 8696
57 8696
59 8696
61 8696
63 8696
65 8696
67 8696
69 8696
71 8696
73 8696
75 8696
77 8696
79 8696
81 8696
83 8696
85 8696
1 8698
3 8698
5 8698
7 8698
9 8698
11 8698
13 8698
15 8698
17 8698
19 8698
21 8698
23 8698
25 8698
27 8698
29 8698
31 8698
33 8698
35 8698
37 8698
39 8698
41 8698
43 8698
45 8698
47 8698
49 8698
51 8698
53 8698
55 8698
57 8698
59 8698
61 8698
63 8698
65 8698
67 8698
69 8698
71 8698
73 8698
75 8698
77 8698
79 8698
81 8698
83 8698
85 8698
1 8700
7 8700
11 8700
13 8700
17 8700
19 8700
23 8700
31 8700
37 8700
41 8700
43 8700
47 8700
49 8700
53 8700
59 8700
61 8700
67 8700
71 8700
73 8700
77 8700
79 8700
83 8700
1 8702
3 8702
5 8702
7 8702
9 8702
11 8702
13 8702
15 8702
17 8702
21 8702
23 8702
25 8702
27 8702
29 8702
31 8702
33 8702
35 8702
37 8702
39 8702
41 8702
43 8702
45 8702
47 8702
49 8702
51 8702
53 8702
55 8702
59 8702
61 8702
63 8702
65 8702
67 8702
69 8702
71 8702
73 8702
75 8702
77 8702
79 8702
81 8702
83 8702
85 8702
87 8702
1 8704
3 8704
5 8704
7 8704
9 8704
11 8704
13 8704
15 8704
19 8704
21 8704
23 8704
25 8704
27 8704
29 8704
31 8704
33 8704
35 8704
37 8704
39 8704
41 8704
43 8704
45 8704
47 8704
49 8704
53 8704
55 8704
57 8704
59 8704
61 8704
63 8704
65 8704
67 8704
69 8704
71 8704
73 8704
75 8704
77 8704
79 8704
81 8704
83 8704
87 8704
1 8706
5 8706
7 8706
11 8706
13 8706
17 8706
19 8706
23 8706
25 8706
29 8706
31 8706
35 8706
37 8706
41 8706
43 8706
47 8706
49 8706
53 8706
55 8706
59 8706
61 8706
65 8706
67 8706
71 8706
73 8706
77 8706
79 8706
83 8706
85 8706
1 8708
3 8708
5 8708
9 8708
11 8708
13 8708
15 8708
17 8708
19 8708
23 8708
25 8708
27 8708
29 8708
31 8708
33 8708
37 8708
39 8708
41 8708
43 8708
45 8708
47 8708
51 8708
53 8708
55 8708
57 8708
59 8708
61 8708
65 8708
67 8708
69 8708
71 8708
73 8708
75 8708
79 8708
81 8708
83 8708
85 8708
87 8708
1 8710
3 8710
7 8710
9 8710
11 8710
17 8710
19 8710
21 8710
23 8710
27 8710
29 8710
31 8710
33 8710
37 8710
41 8710
43 8710
47 8710
49 8710
51 8710
53 8710
57 8710
59 8710
61 8710
63 8710
69 8710
71 8710
73 8710
77 8710
79 8710
81 8710
83 8710
87 8710
1 8712
5 8712
7 8712
13 8712
17 8712
19 8712
23 8712
25 8712
29 8712
31 8712
35 8712
37 8712
41 8712
43 8712
47 8712
49 8712
53 8712
59 8712
61 8712
65 8712
67 8712
71 8712
73 8712
79 8712
83 8712
85 8712
1 8714
3 8714
5 8714
7 8714
9 8714
11 8714
13 8714
15 8714
17 8714
19 8714
21 8714
23 8714
25 8714
27 8714
29 8714
31 8714
33 8714
35 8714
37 8714
39 8714
41 8714
43 8714
45 8714
47 8714
49 8714
51 8714
53 8714
55 8714
57 8714
59 8714
61 8714
63 8714
65 8714
67 8714
69 8714
71 8714
73 8714
75 8714
77 8714
79 8714
81 8714
83 8714
85 8714
87 8714
1 8716
3 8716
5 8716
7 8716
9 8716
11 8716
13 8716
15 8716
17 8716
19 8716
21 8716
23 8716
25 8716
27 8716
29 8716
31 8716
33 8716
35 8716
37 8716
39 8716
41 8716
43 8716
45 8716
47 8716
49 8716
51 8716
53 8716
55 8716
57 8716
59 8716
61 8716
63 8716
65 8716
67 8716
69 8716
71 8716
73 8716
75 8716
77 8716
79 8716
81 8716
83 8716
85 8716
87 8716
1 8718
5 8718
7 8718
11 8718
13 8718
17 8718
19 8718
23 8718
25 8718
29 8718
31 8718
35 8718
37 8718
41 8718
43 8718
47 8718
49 8718
53 8718
55 8718
59 8718
61 8718
65 8718
67 8718
71 8718
73 8718
77 8718
79 8718
83 8718
85 8718
1 8720
3 8720
7 8720
9 8720
11 8720
13 8720
17 8720
19 8720
21 8720
23 8720
27 8720
29 8720
31 8720
33 8720
37 8720
39 8720
41 8720
43 8720
47 8720
49 8720
51 8720
53 8720
57 8720
59 8720
61 8720
63 8720
67 8720
69 8720
71 8720
73 8720
77 8720
79 8720
81 8720
83 8720
87 8720
1 8722
3 8722
5 8722
9 8722
11 8722
13 8722
15 8722
17 8722
19 8722
23 8722
25 8722
27 8722
29 8722
31 8722
33 8722
37 8722
39 8722
41 8722
43 8722
45 8722
47 8722
51 8722
53 8722
55 8722
57 8722
59 8722
61 8722
65 8722
67 8722
69 8722
71 8722
73 8722
75 8722
79 8722
81 8722
83 8722
85 8722
87 8722
1 8724
5 8724
7 8724
11 8724
13 8724
17 8724
19 8724
23 8724
25 8724
29 8724
31 8724
35 8724
37 8724
41 8724
43 8724
47 8724
49 8724
53 8724
55 8724
59 8724
61 8724
65 8724
67 8724
71 8724
73 8724
77 8724
79 8724
83 8724
85 8724
1 8726
3 8726
5 8726
7 8726
9 8726
11 8726
13 8726
15 8726
17 8726
19 8726
21 8726
23 8726
25 8726
27 8726
29 8726
31 8726
33 8726
35 8726
37 8726
39 8726
41 8726
43 8726
45 8726
47 8726
49 8726
51 8726
53 8726
55 8726
57 8726
59 8726
61 8726
63 8726
65 8726
67 8726
69 8726
71 8726
73 8726
75 8726
77 8726
79 8726
81 8726
83 8726
85 8726
87 8726
1 8728
3 8728
5 8728
7 8728
9 8728
11 8728
13 8728
15 8728
17 8728
19 8728
21 8728
23 8728
25 8728
27 8728
29 8728
31 8728
33 8728
35 8728
37 8728
39 8728
41 8728
43 8728
45 8728
47 8728
49 8728
51 8728
53 8728
55 8728
57 8728
59 8728
61 8728
63 8728
65 8728
67 8728
69 8728
71 8728
73 8728
75 8728
77 8728
79 8728
81 8728
83 8728
85 8728
87 8728
1 8730
7 8730
11 8730
13 8730
17 8730
19 8730
23 8730
29 8730
31 8730
37 8730
41 8730
43 8730
47 8730
49 8730
53 8730
59 8730
61 8730
67 8730
71 8730
73 8730
77 8730
79 8730
83 8730
1 8732
3 8732
5 8732
7 8732
9 8732
11 8732
13 8732
15 8732
17 8732
19 8732
21 8732
23 8732
25 8732
27 8732
29 8732
31 8732
33 8732
35 8732
39 8732
41 8732
43 8732
45 8732
47 8732
49 8732
51 8732
53 8732
55 8732
57 8732
61 8732
63 8732
65 8732
67 8732
69 8732
71 8732
73 8732
75 8732
77 8732
79 8732
81 8732
83 8732
85 8732
87 8732
1 8734
3 8734
5 8734
7 8734
9 8734
13 8734
15 8734
17 8734
19 8734
21 8734
23 8734
25 8734
27 8734
29 8734
31 8734
35 8734
37 8734
39 8734
41 8734
43 8734
45 8734
47 8734
49 8734
51 8734
53 8734
57 8734
59 8734
61 8734
63 8734
65 8734
67 8734
69 8734
71 8734
73 8734
75 8734
79 8734
81 8734
83 8734
85 8734
87 8734
1 8736
5 8736
11 8736
17 8736
19 8736
23 8736
25 8736
29 8736
31 8736
37 8736
41 8736
43 8736
47 8736
53 8736
55 8736
59 8736
61 8736
67 8736
71 8736
73 8736
79 8736
83 8736
85 8736
1 8738
3 8738
5 8738
7 8738
9 8738
11 8738
13 8738
15 8738
19 8738
21 8738
23 8738
25 8738
27 8738
29 8738
31 8738
33 8738
35 8738
37 8738
39 8738
41 8738
43 8738
45 8738
47 8738
49 8738
53 8738
55 8738
57 8738
59 8738
61 8738
63 8738
65 8738
67 8738
69 8738
71 8738
73 8738
75 8738
77 8738
79 8738
81 8738
83 8738
87 8738
1 8740
3 8740
7 8740
9 8740
11 8740
13 8740
17 8740
21 8740
27 8740
29 8740
31 8740
33 8740
37 8740
39 8740
41 8740
43 8740
47 8740
49 8740
51 8740
53 8740
59 8740
61 8740
63 8740
67 8740
71 8740
73 8740
77 8740
79 8740
81 8740
83 8740
87 8740
1 8742
5 8742
7 8742
11 8742
13 8742
17 8742
19 8742
23 8742
25 8742
29 8742
35 8742
37 8742
41 8742
43 8742
49 8742
53 8742
55 8742
59 8742
61 8742
65 8742
67 8742
71 8742
73 8742
77 8742
79 8742
83 8742
85 8742
1 8744
3 8744
5 8744
7 8744
9 8744
11 8744
13 8744
15 8744
17 8744
19 8744
21 8744
23 8744
25 8744
27 8744
29 8744
31 8744
33 8744
35 8744
37 8744
39 8744
41 8744
43 8744
45 8744
47 8744
49 8744
51 8744
53 8744
55 8744
57 8744
59 8744
61 8744
63 8744
65 8744
67 8744
69 8744
71 8744
73 8744
75 8744
77 8744
79 8744
81 8744
83 8744
85 8744
87 8744
1 8746
3 8746
5 8746
7 8746
9 8746
11 8746
13 8746
15 8746
17 8746
19 8746
21 8746
23 8746
25 8746
27 8746
29 8746
31 8746
33 8746
35 8746
37 8746
39 8746
41 8746
43 8746
45 8746
47 8746
49 8746
51 8746
53 8746
55 8746
57 8746
59 8746
61 8746
63 8746
65 8746
67 8746
69 8746
71 8746
73 8746
75 8746
77 8746
79 8746
81 8746
83 8746
85 8746
87 8746
1 8748
5 8748
7 8748
11 8748
13 8748
17 8748
19 8748
23 8748
25 8748
29 8748
31 8748
35 8748
37 8748
41 8748
43 8748
47 8748
49 8748
53 8748
55 8748
59 8748
61 8748
65 8748
67 8748
71 8748
73 8748
77 8748
79 8748
83 8748
85 8748
1 8750
3 8750
9 8750
11 8750
13 8750
17 8750
19 8750
23 8750
27 8750
29 8750
31 8750
33 8750
37 8750
39 8750
41 8750
43 8750
47 8750
51 8750
53 8750
57 8750
59 8750
61 8750
67 8750
69 8750
71 8750
73 8750
79 8750
81 8750
83 8750
87 8750
1 8752
3 8752
5 8752
7 8752
9 8752
11 8752
13 8752
15 8752
17 8752
19 8752
21 8752
23 8752
25 8752
27 8752
29 8752
31 8752
33 8752
35 8752
37 8752
39 8752
41 8752
43 8752
45 8752
47 8752
49 8752
51 8752
53 8752
55 8752
57 8752
59 8752
61 8752
63 8752
65 8752
67 8752
69 8752
71 8752
73 8752
75 8752
77 8752
79 8752
81 8752
83 8752
85 8752
87 8752
1 8754
5 8754
7 8754
11 8754
13 8754
17 8754
19 8754
23 8754
25 8754
29 8754
31 8754
35 8754
37 8754
41 8754
43 8754
47 8754
49 8754
53 8754
55 8754
59 8754
61 8754
65 8754
67 8754
71 8754
73 8754
77 8754
79 8754
83 8754
85 8754
1 8756
3 8756
5 8756
7 8756
9 8756
13 8756
15 8756
17 8756
19 8756
21 8756
23 8756
25 8756
27 8756
29 8756
31 8756
35 8756
37 8756
39 8756
41 8756
43 8756
45 8756
47 8756
49 8756
51 8756
53 8756
57 8756
59 8756
61 8756
63 8756
65 8756
67 8756
69 8756
71 8756
73 8756
75 8756
79 8756
81 8756
83 8756
85 8756
87 8756
1 8758
3 8758
5 8758
7 8758
9 8758
11 8758
13 8758
15 8758
17 8758
19 8758
21 8758
23 8758
25 8758
27 8758
31 8758
33 8758
35 8758
37 8758
39 8758
41 8758
43 8758
45 8758
47 8758
49 8758
51 8758
53 8758
55 8758
57 8758
59 8758
61 8758
63 8758
65 8758
67 8758
69 8758
71 8758
73 8758
75 8758
77 8758
79 8758
81 8758
83 8758
85 8758
1 8760
7 8760
11 8760
13 8760
17 8760
19 8760
23 8760
29 8760
31 8760
37 8760
41 8760
43 8760
47 8760
49 8760
53 8760
59 8760
61 8760
67 8760
71 8760
77 8760
79 8760
83 8760
1 8762
3 8762
5 8762
7 8762
9 8762
11 8762
15 8762
17 8762
19 8762
21 8762
23 8762
25 8762
27 8762
29 8762
31 8762
33 8762
35 8762
37 8762
41 8762
43 8762
45 8762
47 8762
49 8762
51 8762
53 8762
55 8762
57 8762
59 8762
61 8762
63 8762
67 8762
69 8762
71 8762
73 8762
75 8762
77 8762
79 8762
81 8762
83 8762
85 8762
87 8762
1 8764
3 8764
5 8764
9 8764
11 8764
13 8764
15 8764
17 8764
19 8764
23 8764
25 8764
27 8764
29 8764
31 8764
33 8764
37 8764
39 8764
41 8764
43 8764
45 8764
47 8764
51 8764
53 8764
55 8764
57 8764
59 8764
61 8764
65 8764
67 8764
69 8764
71 8764
73 8764
75 8764
79 8764
81 8764
83 8764
85 8764
87 8764
1 8766
5 8766
7 8766
11 8766
13 8766
17 8766
19 8766
23 8766
25 8766
29 8766
31 8766
35 8766
37 8766
41 8766
43 8766
47 8766
49 8766
53 8766
55 8766
59 8766
61 8766
65 8766
67 8766
71 8766
73 8766
77 8766
79 8766
83 8766
85 8766
1 8768
3 8768
5 8768
7 8768
9 8768
11 8768
13 8768
15 8768
17 8768
19 8768
21 8768
23 8768
25 8768
27 8768
29 8768
31 8768
33 8768
35 8768
37 8768
39 8768
41 8768
43 8768
45 8768
47 8768
49 8768
51 8768
53 8768
55 8768
57 8768
59 8768
61 8768
63 8768
65 8768
67 8768
69 8768
71 8768
73 8768
75 8768
77 8768
79 8768
81 8768
83 8768
85 8768
87 8768
1 8770
3 8770
7 8770
9 8770
11 8770
13 8770
17 8770
19 8770
21 8770
23 8770
27 8770
29 8770
31 8770
33 8770
37 8770
39 8770
41 8770
43 8770
47 8770
49 8770
51 8770
53 8770
57 8770
59 8770
61 8770
63 8770
67 8770
69 8770
71 8770
73 8770
77 8770
79 8770
81 8770
83 8770
87 8770
1 8772
5 8772
7 8772
11 8772
13 8772
19 8772
23 8772
25 8772
29 8772
31 8772
35 8772
37 8772
41 8772
47 8772
49 8772
53 8772
55 8772
59 8772
61 8772
65 8772
67 8772
71 8772
73 8772
77 8772
79 8772
83 8772
1 8774
3 8774
5 8774
7 8774
9 8774
11 8774
13 8774
15 8774
17 8774
19 8774
21 8774
23 8774
25 8774
27 8774
29 8774
31 8774
33 8774
35 8774
37 8774
39 8774
43 8774
45 8774
47 8774
49 8774
51 8774
53 8774
55 8774
57 8774
59 8774
61 8774
63 8774
65 8774
67 8774
69 8774
71 8774
73 8774
75 8774
77 8774
79 8774
81 8774
83 8774
85 8774
87 8774
1 8776
3 8776
5 8776
7 8776
9 8776
11 8776
13 8776
15 8776
17 8776
19 8776
21 8776
23 8776
25 8776
27 8776
29 8776
31 8776
33 8776
35 8776
37 8776
39 8776
41 8776
43 8776
45 8776
47 8776
49 8776
51 8776
53 8776
55 8776
57 8776
59 8776
61 8776
63 8776
65 8776
67 8776
69 8776
71 8776
73 8776
75 8776
77 8776
79 8776
81 8776
83 8776
85 8776
87 8776
1 8778
5 8778
13 8778
17 8778
23 8778
25 8778
29 8778
31 8778
37 8778
41 8778
43 8778
47 8778
53 8778
59 8778
61 8778
65 8778
67 8778
71 8778
73 8778
79 8778
83 8778
85 8778
1 8780
3 8780
7 8780
9 8780
11 8780
13 8780
17 8780
19 8780
21 8780
23 8780
27 8780
29 8780
31 8780
33 8780
37 8780
39 8780
41 8780
43 8780
47 8780
49 8780
51 8780
53 8780
57 8780
59 8780
61 8780
63 8780
67 8780
69 8780
71 8780
73 8780
77 8780
79 8780
81 8780
83 8780
87 8780
1 8782
3 8782
5 8782
7 8782
9 8782
11 8782
13 8782
15 8782
17 8782
19 8782
21 8782
23 8782
25 8782
27 8782
29 8782
31 8782
33 8782
35 8782
37 8782
39 8782
41 8782
43 8782
45 8782
47 8782
49 8782
51 8782
53 8782
55 8782
57 8782
59 8782
61 8782
63 8782
65 8782
67 8782
69 8782
71 8782
73 8782
75 8782
77 8782
79 8782
81 8782
83 8782
85 8782
87 8782
1 8784
5 8784
7 8784
11 8784
13 8784
17 8784
19 8784
23 8784
25 8784
29 8784
31 8784
35 8784
37 8784
41 8784
43 8784
47 8784
49 8784
53 8784
55 8784
59 8784
65 8784
67 8784
71 8784
73 8784
77 8784
79 8784
83 8784
85 8784
1 8786
3 8786
5 8786
7 8786
9 8786
11 8786
13 8786
15 8786
17 8786
19 8786
21 8786
25 8786
27 8786
29 8786
31 8786
33 8786
35 8786
37 8786
39 8786
41 8786
43 8786
45 8786
47 8786
49 8786
51 8786
53 8786
55 8786
57 8786
59 8786
61 8786
63 8786
65 8786
67 8786
71 8786
73 8786
75 8786
77 8786
79 8786
81 8786
83 8786
85 8786
87 8786
1 8788
3 8788
5 8788
7 8788
9 8788
11 8788
15 8788
17 8788
19 8788
21 8788
23 8788
25 8788
27 8788
29 8788
31 8788
33 8788
35 8788
37 8788
41 8788
43 8788
45 8788
47 8788
49 8788
51 8788
53 8788
55 8788
57 8788
59 8788
61 8788
63 8788
67 8788
69 8788
71 8788
73 8788
75 8788
77 8788
79 8788
81 8788
83 8788
85 8788
87 8788
1 8790
7 8790
11 8790
13 8790
17 8790
19 8790
23 8790
29 8790
31 8790
37 8790
41 8790
43 8790
47 8790
49 8790
53 8790
59 8790
61 8790
67 8790
71 8790
73 8790
77 8790
79 8790
83 8790
1 8792
3 8792
5 8792
9 8792
11 8792
13 8792
15 8792
17 8792
19 8792
23 8792
25 8792
27 8792
29 8792
31 8792
33 8792
37 8792
39 8792
41 8792
43 8792
45 8792
47 8792
51 8792
53 8792
55 8792
57 8792
59 8792
61 8792
65 8792
67 8792
69 8792
71 8792
73 8792
75 8792
79 8792
81 8792
83 8792
85 8792
87 8792
1 8794
3 8794
5 8794
7 8794
9 8794
11 8794
13 8794
15 8794
17 8794
19 8794
21 8794
23 8794
25 8794
27 8794
29 8794
31 8794
33 8794
35 8794
37 8794
39 8794
41 8794
43 8794
45 8794
47 8794
49 8794
51 8794
53 8794
55 8794
57 8794
59 8794
61 8794
63 8794
65 8794
67 8794
69 8794
71 8794
73 8794
75 8794
77 8794
79 8794
81 8794
83 8794
85 8794
87 8794
1 8796
5 8796
7 8796
11 8796
13 8796
17 8796
19 8796
23 8796
25 8796
29 8796
31 8796
35 8796
37 8796
41 8796
43 8796
47 8796
49 8796
53 8796
55 8796
59 8796
61 8796
65 8796
67 8796
71 8796
73 8796
77 8796
79 8796
83 8796
85 8796
1 8798
3 8798
5 8798
7 8798
9 8798
11 8798
13 8798
15 8798
17 8798
19 8798
21 8798
23 8798
25 8798
27 8798
29 8798
31 8798
33 8798
35 8798
37 8798
39 8798
41 8798
43 8798
45 8798
47 8798
49 8798
51 8798
55 8798
57 8798
59 8798
61 8798
63 8798
65 8798
67 8798
69 8798
71 8798
73 8798
75 8798
77 8798
79 8798
81 8798
85 8798
87 8798
1 8800
3 8800
7 8800
9 8800
13 8800
17 8800
19 8800
21 8800
23 8800
27 8800
29 8800
31 8800
37 8800
39 8800
41 8800
43 8800
47 8800
49 8800
51 8800
53 8800
57 8800
59 8800
61 8800
63 8800
67 8800
69 8800
71 8800
73 8800
79 8800
81 8800
83 8800
87 8800
1 8802
5 8802
7 8802
11 8802
13 8802
17 8802
19 8802
23 8802
25 8802
29 8802
31 8802
35 8802
37 8802
41 8802
43 8802
47 8802
49 8802
53 8802
55 8802
59 8802
61 8802
65 8802
67 8802
71 8802
73 8802
77 8802
79 8802
83 8802
85 8802
1 8804
3 8804
5 8804
7 8804
9 8804
11 8804
13 8804
15 8804
17 8804
19 8804
21 8804
23 8804
25 8804
27 8804
29 8804
33 8804
35 8804
37 8804
39 8804
41 8804
43 8804
45 8804
47 8804
49 8804
51 8804
53 8804
55 8804
57 8804
59 8804
61 8804
63 8804
65 8804
67 8804
69 8804
73 8804
75 8804
77 8804
79 8804
81 8804
83 8804
85 8804
87 8804
1 8806
3 8806
5 8806
9 8806
11 8806
13 8806
15 8806
19 8806
23 8806
25 8806
27 8806
29 8806
31 8806
33 8806
39 8806
41 8806
43 8806
45 8806
47 8806
53 8806
55 8806
57 8806
59 8806
61 8806
65 8806
67 8806
69 8806
71 8806
73 8806
75 8806
79 8806
81 8806
83 8806
87 8806
1 8808
5 8808
7 8808
11 8808
13 8808
17 8808
19 8808
23 8808
25 8808
29 8808
31 8808
35 8808
37 8808
41 8808
43 8808
47 8808
49 8808
53 8808
55 8808
59 8808
61 8808
65 8808
67 8808
71 8808
73 8808
77 8808
79 8808
83 8808
85 8808
1 8810
3 8810
7 8810
9 8810
11 8810
13 8810
17 8810
19 8810
21 8810
23 8810
27 8810
29 8810
31 8810
33 8810
37 8810
39 8810
41 8810
43 8810
47 8810
49 8810
51 8810
53 8810
57 8810
59 8810
61 8810
63 8810
67 8810
69 8810
71 8810
73 8810
77 8810
79 8810
81 8810
83 8810
87 8810
1 8812
3 8812
5 8812
7 8812
9 8812
11 8812
13 8812
15 8812
17 8812
19 8812
21 8812
23 8812
25 8812
27 8812
29 8812
31 8812
33 8812
35 8812
37 8812
39 8812
41 8812
43 8812
45 8812
47 8812
49 8812
51 8812
53 8812
55 8812
57 8812
59 8812
61 8812
63 8812
65 8812
67 8812
69 8812
71 8812
73 8812
75 8812
77 8812
79 8812
81 8812
83 8812
85 8812
87 8812
1 8814
5 8814
7 8814
11 8814
17 8814
19 8814
23 8814
25 8814
29 8814
31 8814
35 8814
37 8814
41 8814
43 8814
47 8814
49 8814
53 8814
55 8814
59 8814
61 8814
67 8814
71 8814
73 8814
77 8814
79 8814
83 8814
85 8814
1 8816
3 8816
5 8816
7 8816
9 8816
11 8816
13 8816
15 8816
17 8816
21 8816
23 8816
25 8816
27 8816
31 8816
33 8816
35 8816
37 8816
39 8816
41 8816
43 8816
45 8816
47 8816
49 8816
51 8816
53 8816
55 8816
59 8816
61 8816
63 8816
65 8816
67 8816
69 8816
71 8816
73 8816
75 8816
77 8816
79 8816
81 8816
83 8816
85 8816
1 8818
3 8818
5 8818
7 8818
9 8818
11 8818
13 8818
15 8818
17 8818
19 8818
21 8818
23 8818
25 8818
27 8818
29 8818
31 8818
33 8818
35 8818
37 8818
39 8818
41 8818
43 8818
45 8818
47 8818
49 8818
51 8818
53 8818
55 8818
57 8818
59 8818
61 8818
63 8818
65 8818
67 8818
69 8818
71 8818
73 8818
75 8818
77 8818
79 8818
81 8818
83 8818
85 8818
87 8818
1 8820
11 8820
13 8820
17 8820
19 8820
23 8820
29 8820
31 8820
37 8820
41 8820
43 8820
47 8820
53 8820
59 8820
61 8820
67 8820
71 8820
73 8820
79 8820
83 8820
1 8822
3 8822
5 8822
7 8822
9 8822
13 8822
15 8822
17 8822
19 8822
21 8822
23 8822
25 8822
27 8822
29 8822
31 8822
35 8822
37 8822
39 8822
41 8822
43 8822
45 8822
47 8822
49 8822
51 8822
53 8822
57 8822
59 8822
61 8822
63 8822
65 8822
67 8822
69 8822
71 8822
73 8822
75 8822
79 8822
81 8822
83 8822
85 8822
87 8822
1 8824
3 8824
5 8824
7 8824
9 8824
11 8824
13 8824
15 8824
17 8824
19 8824
21 8824
23 8824
25 8824
27 8824
29 8824
31 8824
33 8824
35 8824
37 8824
39 8824
41 8824
43 8824
45 8824
47 8824
49 8824
51 8824
53 8824
55 8824
57 8824
59 8824
61 8824
63 8824
65 8824
67 8824
69 8824
71 8824
73 8824
75 8824
77 8824
79 8824
81 8824
83 8824
85 8824
87 8824
1 8826
5 8826
7 8826
11 8826
13 8826
17 8826
19 8826
23 8826
25 8826
29 8826
31 8826
35 8826
37 8826
41 8826
43 8826
47 8826
49 8826
53 8826
55 8826
59 8826
61 8826
65 8826
67 8826
71 8826
73 8826
77 8826
79 8826
83 8826
85 8826
1 8828
3 8828
5 8828
7 8828
9 8828
11 8828
13 8828
15 8828
17 8828
19 8828
21 8828
23 8828
25 8828
27 8828
29 8828
31 8828
33 8828
35 8828
37 8828
39 8828
41 8828
43 8828
45 8828
47 8828
49 8828
51 8828
53 8828
55 8828
57 8828
59 8828
61 8828
63 8828
65 8828
67 8828
69 8828
71 8828
73 8828
75 8828
77 8828
79 8828
81 8828
83 8828
85 8828
87 8828
1 8830
3 8830
7 8830
9 8830
11 8830
13 8830
17 8830
19 8830
21 8830
23 8830
27 8830
29 8830
31 8830
33 8830
37 8830
39 8830
41 8830
43 8830
47 8830
49 8830
51 8830
53 8830
57 8830
59 8830
61 8830
63 8830
67 8830
69 8830
71 8830
73 8830
77 8830
79 8830
81 8830
83 8830
87 8830
1 8832
5 8832
7 8832
11 8832
13 8832
17 8832
19 8832
25 8832
29 8832
31 8832
35 8832
37 8832
41 8832
43 8832
47 8832
49 8832
53 8832
55 8832
59 8832
61 8832
65 8832
67 8832
71 8832
73 8832
77 8832
79 8832
83 8832
85 8832
1 8834
3 8834
5 8834
9 8834
11 8834
13 8834
15 8834
17 8834
19 8834
23 8834
25 8834
27 8834
29 8834
31 8834
33 8834
37 8834
39 8834
41 8834
43 8834
45 8834
47 8834
51 8834
53 8834
55 8834
57 8834
59 8834
61 8834
65 8834
67 8834
69 8834
71 8834
73 8834
75 8834
79 8834
81 8834
83 8834
85 8834
87 8834
1 8836
3 8836
5 8836
7 8836
9 8836
11 8836
13 8836
15 8836
17 8836
19 8836
21 8836
23 8836
25 8836
27 8836
29 8836
31 8836
33 8836
35 8836
37 8836
39 8836
41 8836
43 8836
45 8836
49 8836
51 8836
53 8836
55 8836
57 8836
59 8836
61 8836
63 8836
65 8836
67 8836
69 8836
71 8836
73 8836
75 8836
77 8836
79 8836
81 8836
83 8836
85 8836
87 8836
1 8838
5 8838
7 8838
11 8838
13 8838
17 8838
19 8838
23 8838
25 8838
29 8838
31 8838
35 8838
37 8838
41 8838
43 8838
47 8838
49 8838
53 8838
55 8838
59 8838
61 8838
65 8838
67 8838
71 8838
73 8838
77 8838
79 8838
83 8838
85 8838
1 8840
3 8840
7 8840
9 8840
11 8840
19 8840
21 8840
23 8840
27 8840
29 8840
31 8840
33 8840
37 8840
41 8840
43 8840
47 8840
49 8840
53 8840
57 8840
59 8840
61 8840
63 8840
67 8840
69 8840
71 8840
73 8840
77 8840
79 8840
81 8840
83 8840
87 8840
1 8842
3 8842
5 8842
7 8842
9 8842
11 8842
13 8842
15 8842
17 8842
19 8842
21 8842
23 8842
25 8842
27 8842
29 8842
31 8842
33 8842
35 8842
37 8842
39 8842
41 8842
43 8842
45 8842
47 8842
49 8842
51 8842
53 8842
55 8842
57 8842
59 8842
61 8842
63 8842
65 8842
67 8842
69 8842
71 8842
73 8842
75 8842
77 8842
79 8842
81 8842
83 8842
85 8842
87 8842
1 8844
5 8844
7 8844
13 8844
17 8844
19 8844
23 8844
25 8844
29 8844
31 8844
35 8844
37 8844
41 8844
43 8844
47 8844
49 8844
53 8844
59 8844
61 8844
65 8844
71 8844
73 8844
79 8844
83 8844
85 8844
1 8846
3 8846
5 8846
7 8846
9 8846
11 8846
13 8846
15 8846
17 8846
19 8846
21 8846
23 8846
25 8846
27 8846
29 8846
31 8846
33 8846
35 8846
37 8846
39 8846
41 8846
43 8846
45 8846
47 8846
49 8846
51 8846
53 8846
55 8846
57 8846
59 8846
61 8846
63 8846
65 8846
67 8846
69 8846
71 8846
73 8846
75 8846
77 8846
79 8846
81 8846
83 8846
85 8846
87 8846
1 8848
3 8848
5 8848
9 8848
11 8848
13 8848
15 8848
17 8848
19 8848
23 8848
25 8848
27 8848
29 8848
31 8848
33 8848
37 8848
39 8848
41 8848
43 8848
45 8848
47 8848
51 8848
53 8848
55 8848
57 8848
59 8848
61 8848
65 8848
67 8848
69 8848
71 8848
73 8848
75 8848
81 8848
83 8848
85 8848
87 8848
1 8850
7 8850
11 8850
13 8850
17 8850
19 8850
23 8850
29 8850
31 8850
37 8850
41 8850
43 8850
47 8850
49 8850
53 8850
61 8850
67 8850
71 8850
73 8850
77 8850
79 8850
83 8850
1 8852
3 8852
5 8852
7 8852
9 8852
11 8852
13 8852
15 8852
17 8852
19 8852
21 8852
23 8852
25 8852
27 8852
29 8852
31 8852
33 8852
35 8852
37 8852
39 8852
41 8852
43 8852
45 8852
47 8852
49 8852
51 8852
53 8852
55 8852
57 8852
59 8852
61 8852
63 8852
65 8852
67 8852
69 8852
71 8852
73 8852
75 8852
77 8852
79 8852
81 8852
83 8852
85 8852
87 8852
1 8854
3 8854
5 8854
7 8854
9 8854
11 8854
13 8854
15 8854
17 8854
21 8854
23 8854
25 8854
27 8854
29 8854
31 8854
33 8854
35 8854
37 8854
39 8854
41 8854
43 8854
45 8854
47 8854
49 8854
51 8854
53 8854
55 8854
59 8854
61 8854
63 8854
65 8854
67 8854
69 8854
71 8854
73 8854
75 8854
77 8854
79 8854
81 8854
83 8854
85 8854
87 8854
1 8856
5 8856
7 8856
11 8856
13 8856
17 8856
19 8856
23 8856
25 8856
29 8856
31 8856
35 8856
37 8856
43 8856
47 8856
49 8856
53 8856
55 8856
59 8856
61 8856
65 8856
67 8856
71 8856
73 8856
77 8856
79 8856
83 8856
85 8856
1 8858
3 8858
5 8858
7 8858
9 8858
11 8858
13 8858
15 8858
17 8858
19 8858
21 8858
23 8858
25 8858
27 8858
29 8858
31 8858
33 8858
35 8858
37 8858
39 8858
41 8858
45 8858
47 8858
49 8858
51 8858
53 8858
55 8858
57 8858
59 8858
61 8858
63 8858
65 8858
67 8858
69 8858
71 8858
73 8858
75 8858
77 8858
79 8858
81 8858
83 8858
85 8858
87 8858
1 8860
3 8860
7 8860
9 8860
11 8860
13 8860
17 8860
19 8860
21 8860
23 8860
27 8860
29 8860
31 8860
33 8860
37 8860
39 8860
41 8860
43 8860
47 8860
49 8860
51 8860
53 8860
57 8860
59 8860
61 8860
63 8860
67 8860
69 8860
71 8860
73 8860
77 8860
79 8860
81 8860
83 8860
87 8860
1 8862
5 8862
11 8862
13 8862
17 8862
19 8862
23 8862
25 8862
29 8862
31 8862
37 8862
41 8862
43 8862
47 8862
53 8862
55 8862
59 8862
61 8862
65 8862
67 8862
71 8862
73 8862
79 8862
83 8862
85 8862
1 8864
3 8864
5 8864
7 8864
9 8864
11 8864
13 8864
15 8864
17 8864
19 8864
21 8864
23 8864
25 8864
27 8864
29 8864
31 8864
33 8864
35 8864
37 8864
39 8864
41 8864
43 8864
45 8864
47 8864
49 8864
51 8864
53 8864
55 8864
57 8864
59 8864
61 8864
63 8864
65 8864
67 8864
69 8864
71 8864
73 8864
75 8864
77 8864
79 8864
81 8864
83 8864
85 8864
87 8864
1 8866
3 8866
5 8866
7 8866
9 8866
15 8866
17 8866
19 8866
21 8866
23 8866
25 8866
27 8866
29 8866
35 8866
37 8866
41 8866
43 8866
45 8866
47 8866
49 8866
51 8866
53 8866
57 8866
59 8866
61 8866
63 8866
67 8866
69 8866
71 8866
73 8866
75 8866
79 8866
81 8866
83 8866
85 8866
87 8866
1 8868
5 8868
7 8868
11 8868
13 8868
17 8868
19 8868
23 8868
25 8868
29 8868
31 8868
35 8868
37 8868
41 8868
43 8868
47 8868
49 8868
53 8868
55 8868
59 8868
61 8868
65 8868
67 8868
71 8868
73 8868
77 8868
79 8868
83 8868
85 8868
1 8870
3 8870
7 8870
9 8870
11 8870
13 8870
17 8870
19 8870
21 8870
23 8870
27 8870
29 8870
31 8870
33 8870
37 8870
39 8870
41 8870
43 8870
47 8870
49 8870
51 8870
53 8870
57 8870
59 8870
61 8870
63 8870
67 8870
69 8870
71 8870
73 8870
77 8870
79 8870
81 8870
83 8870
87 8870
1 8872
3 8872
5 8872
7 8872
9 8872
11 8872
13 8872
15 8872
17 8872
19 8872
21 8872
23 8872
25 8872
27 8872
29 8872
31 8872
33 8872
35 8872
37 8872
39 8872
41 8872
43 8872
45 8872
47 8872
49 8872
51 8872
53 8872
55 8872
57 8872
59 8872
61 8872
63 8872
65 8872
67 8872
69 8872
71 8872
73 8872
75 8872
77 8872
79 8872
81 8872
83 8872
85 8872
87 8872
1 8874
5 8874
7 8874
11 8874
13 8874
19 8874
23 8874
25 8874
31 8874
35 8874
37 8874
41 8874
43 8874
47 8874
49 8874
53 8874
55 8874
59 8874
61 8874
65 8874
67 8874
71 8874
73 8874
77 8874
79 8874
83 8874
1 8876
3 8876
5 8876
9 8876
11 8876
13 8876
15 8876
17 8876
19 8876
23 8876
25 8876
27 8876
29 8876
31 8876
33 8876
37 8876
39 8876
41 8876
43 8876
45 8876
47 8876
51 8876
53 8876
55 8876
57 8876
59 8876
61 8876
65 8876
67 8876
69 8876
71 8876
73 8876
75 8876
79 8876
81 8876
83 8876
85 8876
87 8876
1 8878
3 8878
5 8878
7 8878
9 8878
11 8878
13 8878
15 8878
17 8878
19 8878
21 8878
25 8878
27 8878
29 8878
31 8878
33 8878
35 8878
37 8878
39 8878
41 8878
43 8878
45 8878
47 8878
49 8878
51 8878
53 8878
55 8878
57 8878
59 8878
61 8878
63 8878
65 8878
67 8878
71 8878
73 8878
75 8878
77 8878
79 8878
81 8878
83 8878
85 8878
87 8878
1 8880
7 8880
11 8880
13 8880
17 8880
19 8880
23 8880
29 8880
31 8880
41 8880
43 8880
47 8880
49 8880
53 8880
59 8880
61 8880
67 8880
71 8880
73 8880
77 8880
79 8880
83 8880
1 8882
3 8882
5 8882
7 8882
9 8882
11 8882
13 8882
15 8882
17 8882
19 8882
21 8882
23 8882
25 8882
27 8882
29 8882
31 8882
33 8882
35 8882
37 8882
39 8882
41 8882
43 8882
45 8882
47 8882
49 8882
51 8882
53 8882
55 8882
57 8882
59 8882
61 8882
63 8882
65 8882
67 8882
69 8882
71 8882
73 8882
75 8882
77 8882
79 8882
81 8882
83 8882
85 8882
87 8882
1 8884
3 8884
5 8884
7 8884
9 8884
11 8884
13 8884
15 8884
17 8884
19 8884
21 8884
23 8884
25 8884
27 8884
29 8884
31 8884
33 8884
35 8884
37 8884
39 8884
41 8884
43 8884
45 8884
47 8884
49 8884
51 8884
53 8884
55 8884
57 8884
59 8884
61 8884
63 8884
65 8884
67 8884
69 8884
71 8884
73 8884
75 8884
77 8884
79 8884
81 8884
83 8884
85 8884
87 8884
1 8886
5 8886
7 8886
11 8886
13 8886
17 8886
19 8886
23 8886
25 8886
29 8886
31 8886
35 8886
37 8886
41 8886
43 8886
47 8886
49 8886
53 8886
55 8886
59 8886
61 8886
65 8886
67 8886
71 8886
73 8886
77 8886
79 8886
83 8886
85 8886
1 8888
3 8888
5 8888
7 8888
9 8888
13 8888
15 8888
17 8888
19 8888
21 8888
23 8888
25 8888
27 8888
29 8888
31 8888
35 8888
37 8888
39 8888
41 8888
43 8888
45 8888
47 8888
49 8888
51 8888
53 8888
57 8888
59 8888
61 8888
63 8888
65 8888
67 8888
69 8888
71 8888
73 8888
75 8888
79 8888
81 8888
83 8888
85 8888
87 8888
1 8890
3 8890
9 8890
11 8890
13 8890
17 8890
19 8890
23 8890
27 8890
29 8890
31 8890
33 8890
37 8890
39 8890
41 8890
43 8890
47 8890
51 8890
53 8890
57 8890
59 8890
61 8890
67 8890
69 8890
71 8890
73 8890
79 8890
81 8890
83 8890
87 8890
1 8892
5 8892
7 8892
11 8892
17 8892
23 8892
25 8892
29 8892
31 8892
35 8892
37 8892
41 8892
43 8892
47 8892
49 8892
53 8892
55 8892
59 8892
61 8892
67 8892
71 8892
73 8892
77 8892
79 8892
83 8892
85 8892
1 8894
3 8894
5 8894
7 8894
9 8894
11 8894
13 8894
15 8894
17 8894
19 8894
21 8894
23 8894
25 8894
27 8894
29 8894
31 8894
33 8894
35 8894
37 8894
39 8894
41 8894
43 8894
45 8894
47 8894
49 8894
51 8894
53 8894
55 8894
57 8894
59 8894
61 8894
63 8894
65 8894
67 8894
69 8894
71 8894
73 8894
75 8894
77 8894
79 8894
81 8894
83 8894
85 8894
87 8894
1 8896
3 8896
5 8896
7 8896
9 8896
11 8896
13 8896
15 8896
17 8896
19 8896
21 8896
23 8896
25 8896
27 8896
29 8896
31 8896
33 8896
35 8896
37 8896
39 8896
41 8896
43 8896
45 8896
47 8896
49 8896
51 8896
53 8896
55 8896
57 8896
59 8896
61 8896
63 8896
65 8896
67 8896
69 8896
71 8896
73 8896
75 8896
77 8896
79 8896
81 8896
83 8896
85 8896
87 8896
1 8898
5 8898
7 8898
11 8898
13 8898
17 8898
19 8898
23 8898
25 8898
29 8898
31 8898
35 8898
37 8898
41 8898
43 8898
47 8898
49 8898
53 8898
55 8898
59 8898
61 8898
65 8898
67 8898
71 8898
73 8898
77 8898
79 8898
83 8898
85 8898
1 8900
3 8900
7 8900
9 8900
11 8900
13 8900
17 8900
19 8900
21 8900
23 8900
27 8900
29 8900
31 8900
33 8900
37 8900
39 8900
41 8900
43 8900
47 8900
49 8900
51 8900
53 8900
57 8900
59 8900
61 8900
63 8900
67 8900
69 8900
71 8900
73 8900
77 8900
79 8900
81 8900
83 8900
87 8900
1 8902
3 8902
5 8902
7 8902
9 8902
11 8902
13 8902
15 8902
17 8902
19 8902
21 8902
23 8902
25 8902
27 8902
29 8902
31 8902
33 8902
35 8902
37 8902
39 8902
41 8902
43 8902
45 8902
47 8902
49 8902
51 8902
53 8902
55 8902
57 8902
59 8902
61 8902
63 8902
65 8902
67 8902
69 8902
71 8902
73 8902
75 8902
77 8902
79 8902
81 8902
83 8902
85 8902
87 8902
89 8902
1 8904
5 8904
11 8904
13 8904
17 8904
19 8904
23 8904
25 8904
29 8904
31 8904
37 8904
41 8904
43 8904
47 8904
55 8904
59 8904
61 8904
65 8904
67 8904
71 8904
73 8904
79 8904
83 8904
85 8904
89 8904
1 8906
3 8906
5 8906
7 8906
9 8906
11 8906
13 8906
15 8906
17 8906
19 8906
21 8906
23 8906
25 8906
27 8906
29 8906
31 8906
33 8906
35 8906
37 8906
39 8906
41 8906
43 8906
45 8906
47 8906
49 8906
51 8906
53 8906
55 8906
57 8906
59 8906
63 8906
65 8906
67 8906
69 8906
71 8906
75 8906
77 8906
79 8906
81 8906
83 8906
85 8906
87 8906
89 8906
1 8908
3 8908
5 8908
7 8908
9 8908
11 8908
13 8908
15 8908
19 8908
21 8908
23 8908
25 8908
27 8908
29 8908
31 8908
33 8908
35 8908
37 8908
39 8908
41 8908
43 8908
45 8908
47 8908
49 8908
53 8908
55 8908
57 8908
59 8908
61 8908
63 8908
65 8908
67 8908
69 8908
71 8908
73 8908
75 8908
77 8908
79 8908
81 8908
83 8908
87 8908
89 8908
1 8910
7 8910
13 8910
17 8910
19 8910
23 8910
29 8910
31 8910
37 8910
41 8910
43 8910
47 8910
49 8910
53 8910
59 8910
61 8910
67 8910
71 8910
73 8910
79 8910
83 8910
89 8910
1 8912
3 8912
5 8912
7 8912
9 8912
11 8912
13 8912
15 8912
17 8912
19 8912
21 8912
23 8912
25 8912
27 8912
29 8912
31 8912
33 8912
35 8912
37 8912
39 8912
41 8912
43 8912
45 8912
47 8912
49 8912
51 8912
53 8912
55 8912
57 8912
59 8912
61 8912
63 8912
65 8912
67 8912
69 8912
71 8912
73 8912
75 8912
77 8912
79 8912
81 8912
83 8912
85 8912
87 8912
89 8912
1 8914
3 8914
5 8914
7 8914
9 8914
11 8914
13 8914
15 8914
17 8914
19 8914
21 8914
23 8914
25 8914
27 8914
29 8914
31 8914
33 8914
35 8914
37 8914
39 8914
41 8914
43 8914
45 8914
47 8914
49 8914
51 8914
53 8914
55 8914
57 8914
59 8914
61 8914
63 8914
65 8914
67 8914
69 8914
71 8914
73 8914
75 8914
77 8914
79 8914
81 8914
83 8914
85 8914
87 8914
89 8914
1 8916
5 8916
7 8916
11 8916
13 8916
17 8916
19 8916
23 8916
25 8916
29 8916
31 8916
35 8916
37 8916
41 8916
43 8916
47 8916
49 8916
53 8916
55 8916
59 8916
61 8916
65 8916
67 8916
71 8916
73 8916
77 8916
79 8916
83 8916
85 8916
89 8916
1 8918
3 8918
5 8918
9 8918
11 8918
15 8918
17 8918
19 8918
23 8918
25 8918
27 8918
29 8918
31 8918
33 8918
37 8918
41 8918
43 8918
45 8918
47 8918
51 8918
53 8918
55 8918
57 8918
59 8918
61 8918
67 8918
69 8918
71 8918
73 8918
75 8918
79 8918
81 8918
83 8918
85 8918
87 8918
89 8918
1 8920
3 8920
7 8920
9 8920
11 8920
13 8920
17 8920
19 8920
21 8920
23 8920
27 8920
29 8920
31 8920
33 8920
37 8920
39 8920
41 8920
43 8920
47 8920
49 8920
51 8920
53 8920
57 8920
59 8920
61 8920
63 8920
67 8920
69 8920
71 8920
73 8920
77 8920
79 8920
81 8920
83 8920
87 8920
89 8920
1 8922
5 8922
7 8922
11 8922
13 8922
17 8922
19 8922
23 8922
25 8922
29 8922
31 8922
35 8922
37 8922
41 8922
43 8922
47 8922
49 8922
53 8922
55 8922
59 8922
61 8922
65 8922
67 8922
71 8922
73 8922
77 8922
79 8922
83 8922
85 8922
89 8922
1 8924
3 8924
5 8924
7 8924
9 8924
11 8924
13 8924
15 8924
17 8924
19 8924
21 8924
25 8924
27 8924
29 8924
31 8924
33 8924
35 8924
37 8924
39 8924
41 8924
43 8924
45 8924
47 8924
49 8924
51 8924
53 8924
55 8924
57 8924
59 8924
61 8924
63 8924
65 8924
67 8924
71 8924
73 8924
75 8924
77 8924
79 8924
81 8924
83 8924
85 8924
87 8924
89 8924
1 8926
3 8926
5 8926
7 8926
9 8926
11 8926
13 8926
15 8926
17 8926
19 8926
21 8926
23 8926
25 8926
27 8926
29 8926
31 8926
33 8926
35 8926
37 8926
39 8926
41 8926
43 8926
45 8926
47 8926
49 8926
51 8926
53 8926
55 8926
57 8926
59 8926
61 8926
63 8926
65 8926
67 8926
69 8926
71 8926
73 8926
75 8926
77 8926
79 8926
81 8926
83 8926
85 8926
87 8926
89 8926
1 8928
5 8928
7 8928
11 8928
13 8928
17 8928
19 8928
23 8928
25 8928
29 8928
35 8928
37 8928
41 8928
43 8928
47 8928
49 8928
53 8928
55 8928
59 8928
61 8928
65 8928
67 8928
71 8928
73 8928
77 8928
79 8928
83 8928
85 8928
89 8928
1 8930
3 8930
7 8930
9 8930
11 8930
13 8930
17 8930
21 8930
23 8930
27 8930
29 8930
31 8930
33 8930
37 8930
39 8930
41 8930
43 8930
49 8930
51 8930
53 8930
59 8930
61 8930
63 8930
67 8930
69 8930
71 8930
73 8930
77 8930
79 8930
81 8930
83 8930
87 8930
89 8930
1 8932
3 8932
5 8932
9 8932
13 8932
15 8932
17 8932
19 8932
23 8932
25 8932
27 8932
31 8932
37 8932
39 8932
41 8932
43 8932
45 8932
47 8932
51 8932
53 8932
57 8932
59 8932
61 8932
65 8932
67 8932
69 8932
71 8932
73 8932
75 8932
79 8932
81 8932
83 8932
85 8932
89 8932
1 8934
5 8934
7 8934
11 8934
13 8934
17 8934
19 8934
23 8934
25 8934
29 8934
31 8934
35 8934
37 8934
41 8934
43 8934
47 8934
49 8934
53 8934
55 8934
59 8934
61 8934
65 8934
67 8934
71 8934
73 8934
77 8934
79 8934
83 8934
85 8934
89 8934
1 8936
3 8936
5 8936
7 8936
9 8936
11 8936
13 8936
15 8936
17 8936
19 8936
21 8936
23 8936
25 8936
27 8936
29 8936
31 8936
33 8936
35 8936
37 8936
39 8936
41 8936
43 8936
45 8936
47 8936
49 8936
51 8936
53 8936
55 8936
57 8936
59 8936
61 8936
63 8936
65 8936
67 8936
69 8936
71 8936
73 8936
75 8936
77 8936
79 8936
81 8936
83 8936
85 8936
87 8936
89 8936
1 8938
3 8938
5 8938
7 8938
9 8938
11 8938
13 8938
15 8938
17 8938
19 8938
21 8938
23 8938
25 8938
27 8938
29 8938
31 8938
33 8938
35 8938
37 8938
39 8938
43 8938
45 8938
47 8938
49 8938
51 8938
53 8938
55 8938
57 8938
59 8938
61 8938
63 8938
65 8938
67 8938
69 8938
71 8938
73 8938
75 8938
77 8938
79 8938
81 8938
83 8938
85 8938
87 8938
89 8938
1 8940
7 8940
11 8940
13 8940
17 8940
19 8940
23 8940
29 8940
31 8940
37 8940
41 8940
43 8940
47 8940
49 8940
53 8940
59 8940
61 8940
67 8940
71 8940
73 8940
77 8940
79 8940
83 8940
89 8940
1 8942
3 8942
5 8942
7 8942
9 8942
11 8942
13 8942
15 8942
19 8942
21 8942
23 8942
25 8942
27 8942
29 8942
31 8942
33 8942
35 8942
37 8942
39 8942
41 8942
43 8942
45 8942
47 8942
49 8942
53 8942
55 8942
57 8942
59 8942
61 8942
63 8942
65 8942
67 8942
69 8942
71 8942
73 8942
75 8942
77 8942
79 8942
81 8942
83 8942
87 8942
89 8942
1 8944
3 8944
5 8944
7 8944
9 8944
11 8944
15 8944
17 8944
19 8944
21 8944
23 8944
25 8944
27 8944
29 8944
31 8944
33 8944
35 8944
37 8944
41 8944
45 8944
47 8944
49 8944
51 8944
53 8944
55 8944
57 8944
59 8944
61 8944
63 8944
67 8944
69 8944
71 8944
73 8944
75 8944
77 8944
79 8944
81 8944
83 8944
85 8944
87 8944
89 8944
1 8946
5 8946
11 8946
13 8946
17 8946
19 8946
23 8946
25 8946
29 8946
31 8946
37 8946
41 8946
43 8946
47 8946
53 8946
55 8946
59 8946
61 8946
65 8946
67 8946
73 8946
79 8946
83 8946
85 8946
89 8946
1 8948
3 8948
5 8948
7 8948
9 8948
11 8948
13 8948
15 8948
17 8948
19 8948
21 8948
23 8948
25 8948
27 8948
29 8948
31 8948
33 8948
35 8948
37 8948
39 8948
41 8948
43 8948
45 8948
47 8948
49 8948
51 8948
53 8948
55 8948
57 8948
59 8948
61 8948
63 8948
65 8948
67 8948
69 8948
71 8948
73 8948
75 8948
77 8948
79 8948
81 8948
83 8948
85 8948
87 8948
89 8948
1 8950
3 8950
7 8950
9 8950
11 8950
13 8950
17 8950
19 8950
21 8950
23 8950
27 8950
29 8950
31 8950
33 8950
37 8950
39 8950
41 8950
43 8950
47 8950
49 8950
51 8950
53 8950
57 8950
59 8950
61 8950
63 8950
67 8950
69 8950
71 8950
73 8950
77 8950
79 8950
81 8950
83 8950
87 8950
89 8950
1 8952
5 8952
7 8952
11 8952
13 8952
17 8952
19 8952
23 8952
25 8952
29 8952
31 8952
35 8952
37 8952
41 8952
43 8952
47 8952
49 8952
53 8952
55 8952
59 8952
61 8952
65 8952
67 8952
71 8952
73 8952
77 8952
79 8952
83 8952
85 8952
89 8952
1 8954
3 8954
5 8954
7 8954
9 8954
13 8954
15 8954
17 8954
19 8954
21 8954
23 8954
25 8954
27 8954
29 8954
31 8954
35 8954
39 8954
41 8954
43 8954
45 8954
47 8954
49 8954
51 8954
53 8954
57 8954
59 8954
61 8954
63 8954
65 8954
67 8954
69 8954
71 8954
73 8954
75 8954
79 8954
81 8954
83 8954
85 8954
87 8954
89 8954
1 8956
3 8956
5 8956
7 8956
9 8956
11 8956
13 8956
15 8956
17 8956
19 8956
21 8956
23 8956
25 8956
27 8956
29 8956
31 8956
33 8956
35 8956
37 8956
39 8956
41 8956
43 8956
45 8956
47 8956
49 8956
51 8956
53 8956
55 8956
57 8956
59 8956
61 8956
63 8956
65 8956
67 8956
69 8956
71 8956
73 8956
75 8956
77 8956
79 8956
81 8956
83 8956
85 8956
87 8956
89 8956
1 8958
5 8958
7 8958
11 8958
13 8958
17 8958
19 8958
23 8958
25 8958
29 8958
31 8958
35 8958
37 8958
41 8958
43 8958
47 8958
49 8958
53 8958
55 8958
59 8958
61 8958
65 8958
67 8958
71 8958
73 8958
77 8958
79 8958
83 8958
85 8958
89 8958
1 8960
3 8960
9 8960
11 8960
13 8960
17 8960
19 8960
23 8960
27 8960
29 8960
31 8960
33 8960
37 8960
39 8960
41 8960
43 8960
47 8960
51 8960
53 8960
57 8960
59 8960
61 8960
67 8960
69 8960
71 8960
73 8960
79 8960
81 8960
83 8960
87 8960
89 8960
1 8962
3 8962
5 8962
7 8962
9 8962
11 8962
13 8962
15 8962
17 8962
19 8962
21 8962
23 8962
25 8962
27 8962
29 8962
31 8962
33 8962
35 8962
37 8962
39 8962
41 8962
43 8962
45 8962
47 8962
49 8962
51 8962
53 8962
55 8962
57 8962
59 8962
61 8962
63 8962
65 8962
67 8962
69 8962
71 8962
73 8962
75 8962
77 8962
79 8962
81 8962
83 8962
85 8962
87 8962
89 8962
1 8964
5 8964
7 8964
11 8964
13 8964
17 8964
19 8964
23 8964
25 8964
29 8964
31 8964
35 8964
37 8964
41 8964
43 8964
47 8964
49 8964
53 8964
55 8964
59 8964
61 8964
65 8964
67 8964
71 8964
73 8964
77 8964
79 8964
85 8964
89 8964
1 8966
3 8966
5 8966
7 8966
9 8966
11 8966
13 8966
15 8966
17 8966
19 8966
21 8966
23 8966
25 8966
27 8966
29 8966
31 8966
33 8966
35 8966
37 8966
39 8966
41 8966
43 8966
45 8966
47 8966
49 8966
51 8966
53 8966
55 8966
57 8966
59 8966
61 8966
63 8966
65 8966
67 8966
69 8966
71 8966
73 8966
75 8966
77 8966
79 8966
81 8966
83 8966
85 8966
87 8966
89 8966
1 8968
3 8968
5 8968
7 8968
9 8968
11 8968
13 8968
15 8968
17 8968
21 8968
23 8968
25 8968
27 8968
29 8968
31 8968
33 8968
35 8968
37 8968
39 8968
41 8968
43 8968
45 8968
47 8968
49 8968
51 8968
53 8968
55 8968
61 8968
63 8968
65 8968
67 8968
69 8968
71 8968
73 8968
75 8968
77 8968
79 8968
81 8968
83 8968
85 8968
87 8968
89 8968
1 8970
7 8970
11 8970
17 8970
19 8970
29 8970
31 8970
37 8970
41 8970
43 8970
47 8970
49 8970
53 8970
59 8970
61 8970
67 8970
71 8970
73 8970
77 8970
79 8970
83 8970
89 8970
1 8972
3 8972
5 8972
7 8972
9 8972
11 8972
13 8972
15 8972
17 8972
19 8972
21 8972
23 8972
25 8972
27 8972
29 8972
31 8972
33 8972
35 8972
37 8972
39 8972
41 8972
43 8972
45 8972
47 8972
49 8972
51 8972
53 8972
55 8972
57 8972
59 8972
61 8972
63 8972
65 8972
67 8972
69 8972
71 8972
73 8972
75 8972
77 8972
79 8972
81 8972
83 8972
85 8972
87 8972
89 8972
1 8974
3 8974
5 8974
9 8974
11 8974
13 8974
15 8974
17 8974
19 8974
23 8974
25 8974
27 8974
29 8974
31 8974
33 8974
37 8974
39 8974
41 8974
43 8974
45 8974
47 8974
51 8974
53 8974
55 8974
57 8974
59 8974
61 8974
65 8974
67 8974
69 8974
71 8974
73 8974
75 8974
79 8974
81 8974
83 8974
85 8974
87 8974
89 8974
1 8976
5 8976
7 8976
13 8976
19 8976
23 8976
25 8976
29 8976
31 8976
35 8976
37 8976
41 8976
43 8976
47 8976
49 8976
53 8976
59 8976
61 8976
65 8976
67 8976
71 8976
73 8976
79 8976
83 8976
89 8976
1 8978
3 8978
5 8978
7 8978
9 8978
11 8978
13 8978
15 8978
17 8978
19 8978
21 8978
23 8978
25 8978
27 8978
29 8978
31 8978
33 8978
35 8978
37 8978
39 8978
41 8978
43 8978
45 8978
47 8978
49 8978
51 8978
53 8978
55 8978
57 8978
59 8978
61 8978
63 8978
65 8978
69 8978
71 8978
73 8978
75 8978
77 8978
79 8978
81 8978
83 8978
85 8978
87 8978
89 8978
1 8980
3 8980
7 8980
9 8980
11 8980
13 8980
17 8980
19 8980
21 8980
23 8980
27 8980
29 8980
31 8980
33 8980
37 8980
39 8980
41 8980
43 8980
47 8980
49 8980
51 8980
53 8980
57 8980
59 8980
61 8980
63 8980
67 8980
69 8980
71 8980
73 8980
77 8980
79 8980
81 8980
83 8980
87 8980
89 8980
1 8982
5 8982
7 8982
11 8982
13 8982
17 8982
19 8982
23 8982
25 8982
29 8982
31 8982
35 8982
37 8982
41 8982
43 8982
47 8982
49 8982
53 8982
55 8982
59 8982
61 8982
65 8982
67 8982
71 8982
73 8982
77 8982
79 8982
83 8982
85 8982
89 8982
1 8984
3 8984
5 8984
7 8984
9 8984
11 8984
13 8984
15 8984
17 8984
19 8984
21 8984
23 8984
25 8984
27 8984
29 8984
31 8984
33 8984
35 8984
37 8984
39 8984
41 8984
43 8984
45 8984
47 8984
49 8984
51 8984
53 8984
55 8984
57 8984
59 8984
61 8984
63 8984
65 8984
67 8984
69 8984
71 8984
73 8984
75 8984
77 8984
79 8984
81 8984
83 8984
85 8984
87 8984
89 8984
1 8986
3 8986
5 8986
7 8986
9 8986
11 8986
13 8986
15 8986
17 8986
19 8986
21 8986
23 8986
25 8986
27 8986
29 8986
31 8986
33 8986
35 8986
37 8986
39 8986
41 8986
43 8986
45 8986
47 8986
49 8986
51 8986
53 8986
55 8986
57 8986
59 8986
61 8986
63 8986
65 8986
67 8986
69 8986
71 8986
73 8986
75 8986
77 8986
79 8986
81 8986
83 8986
85 8986
87 8986
89 8986
1 8988
5 8988
11 8988
13 8988
17 8988
19 8988
23 8988
25 8988
29 8988
31 8988
37 8988
41 8988
43 8988
47 8988
53 8988
55 8988
59 8988
61 8988
65 8988
67 8988
71 8988
73 8988
79 8988
83 8988
85 8988
89 8988
1 8990
3 8990
7 8990
9 8990
11 8990
13 8990
17 8990
19 8990
21 8990
23 8990
27 8990
33 8990
37 8990
39 8990
41 8990
43 8990
47 8990
49 8990
51 8990
53 8990
57 8990
59 8990
61 8990
63 8990
67 8990
69 8990
71 8990
73 8990
77 8990
79 8990
81 8990
83 8990
89 8990
1 8992
3 8992
5 8992
7 8992
9 8992
11 8992
13 8992
15 8992
17 8992
19 8992
21 8992
23 8992
25 8992
27 8992
29 8992
31 8992
33 8992
35 8992
37 8992
39 8992
41 8992
43 8992
45 8992
47 8992
49 8992
51 8992
53 8992
55 8992
57 8992
59 8992
61 8992
63 8992
65 8992
67 8992
69 8992
71 8992
73 8992
75 8992
77 8992
79 8992
81 8992
83 8992
85 8992
87 8992
89 8992
1 8994
5 8994
7 8994
11 8994
13 8994
17 8994
19 8994
23 8994
25 8994
29 8994
31 8994
35 8994
37 8994
41 8994
43 8994
47 8994
49 8994
53 8994
55 8994
59 8994
61 8994
65 8994
67 8994
71 8994
73 8994
77 8994
79 8994
83 8994
85 8994
89 8994
1 8996
3 8996
5 8996
7 8996
9 8996
11 8996
15 8996
17 8996
19 8996
21 8996
23 8996
25 8996
27 8996
29 8996
31 8996
33 8996
35 8996
37 8996
41 8996
43 8996
45 8996
47 8996
49 8996
51 8996
53 8996
55 8996
57 8996
59 8996
61 8996
63 8996
67 8996
69 8996
71 8996
73 8996
75 8996
77 8996
79 8996
81 8996
83 8996
85 8996
87 8996
89 8996
1 8998
3 8998
5 8998
7 8998
9 8998
13 8998
15 8998
17 8998
19 8998
21 8998
23 8998
25 8998
27 8998
29 8998
31 8998
35 8998
37 8998
39 8998
41 8998
43 8998
45 8998
47 8998
49 8998
51 8998
53 8998
57 8998
59 8998
61 8998
63 8998
65 8998
67 8998
69 8998
71 8998
73 8998
75 8998
79 8998
81 8998
83 8998
85 8998
87 8998
89 8998
1 9000
7 9000
11 9000
13 9000
17 9000
19 9000
23 9000
29 9000
31 9000
37 9000
41 9000
43 9000
47 9000
49 9000
53 9000
59 9000
61 9000
67 9000
71 9000
73 9000
77 9000
79 9000
83 9000
89 9000
1 9002
3 9002
5 9002
9 9002
11 9002
13 9002
15 9002
17 9002
19 9002
23 9002
25 9002
27 9002
29 9002
31 9002
33 9002
37 9002
39 9002
41 9002
43 9002
45 9002
47 9002
51 9002
53 9002
55 9002
57 9002
59 9002
61 9002
65 9002
67 9002
69 9002
71 9002
73 9002
75 9002
79 9002
81 9002
83 9002
85 9002
87 9002
89 9002
1 9004
3 9004
5 9004
7 9004
9 9004
11 9004
13 9004
15 9004
17 9004
19 9004
21 9004
23 9004
25 9004
27 9004
29 9004
31 9004
33 9004
35 9004
37 9004
39 9004
41 9004
43 9004
45 9004
47 9004
49 9004
51 9004
53 9004
55 9004
57 9004
59 9004
61 9004
63 9004
65 9004
67 9004
69 9004
71 9004
73 9004
75 9004
77 9004
79 9004
81 9004
83 9004
85 9004
87 9004
89 9004
1 9006
5 9006
7 9006
11 9006
13 9006
17 9006
23 9006
25 9006
29 9006
31 9006
35 9006
37 9006
41 9006
43 9006
47 9006
49 9006
53 9006
55 9006
59 9006
61 9006
65 9006
67 9006
71 9006
73 9006
77 9006
83 9006
85 9006
89 9006
1 9008
3 9008
5 9008
7 9008
9 9008
11 9008
13 9008
15 9008
17 9008
19 9008
21 9008
23 9008
25 9008
27 9008
29 9008
31 9008
33 9008
35 9008
37 9008
39 9008
41 9008
43 9008
45 9008
47 9008
49 9008
51 9008
53 9008
55 9008
57 9008
59 9008
61 9008
63 9008
65 9008
67 9008
69 9008
71 9008
73 9008
75 9008
77 9008
79 9008
81 9008
83 9008
85 9008
87 9008
89 9008
1 9010
3 9010
7 9010
9 9010
11 9010
13 9010
19 9010
21 9010
23 9010
27 9010
29 9010
31 9010
33 9010
37 9010
39 9010
41 9010
43 9010
47 9010
49 9010
57 9010
59 9010
61 9010
63 9010
67 9010
69 9010
71 9010
73 9010
77 9010
79 9010
81 9010
83 9010
87 9010
89 9010
1 9012
5 9012
7 9012
11 9012
13 9012
17 9012
19 9012
23 9012
25 9012
29 9012
31 9012
35 9012
37 9012
41 9012
43 9012
47 9012
49 9012
53 9012
55 9012
59 9012
61 9012
65 9012
67 9012
71 9012
73 9012
77 9012
79 9012
83 9012
85 9012
89 9012
1 9014
3 9014
5 9014
7 9014
9 9014
11 9014
13 9014
15 9014
17 9014
19 9014
21 9014
23 9014
25 9014
27 9014
29 9014
31 9014
33 9014
35 9014
37 9014
39 9014
41 9014
43 9014
45 9014
47 9014
49 9014
51 9014
53 9014
55 9014
57 9014
59 9014
61 9014
63 9014
65 9014
67 9014
69 9014
71 9014
73 9014
75 9014
77 9014
79 9014
81 9014
83 9014
85 9014
87 9014
89 9014
1 9016
3 9016
5 9016
9 9016
11 9016
13 9016
15 9016
17 9016
19 9016
25 9016
27 9016
29 9016
31 9016
33 9016
37 9016
39 9016
41 9016
43 9016
45 9016
47 9016
51 9016
53 9016
55 9016
57 9016
59 9016
61 9016
65 9016
67 9016
71 9016
73 9016
75 9016
79 9016
81 9016
83 9016
85 9016
87 9016
89 9016
1 9018
5 9018
7 9018
11 9018
13 9018
17 9018
19 9018
23 9018
25 9018
29 9018
31 9018
35 9018
37 9018
41 9018
43 9018
47 9018
49 9018
53 9018
55 9018
59 9018
61 9018
65 9018
67 9018
71 9018
73 9018
77 9018
79 9018
83 9018
85 9018
89 9018
1 9020
3 9020
7 9020
9 9020
13 9020
17 9020
19 9020
21 9020
23 9020
27 9020
29 9020
31 9020
37 9020
39 9020
43 9020
47 9020
49 9020
51 9020
53 9020
57 9020
59 9020
61 9020
63 9020
67 9020
69 9020
71 9020
73 9020
79 9020
81 9020
83 9020
87 9020
89 9020
1 9022
3 9022
5 9022
7 9022
9 9022
11 9022
15 9022
17 9022
19 9022
21 9022
23 9022
25 9022
27 9022
29 9022
31 9022
33 9022
35 9022
37 9022
41 9022
43 9022
45 9022
47 9022
49 9022
51 9022
53 9022
55 9022
57 9022
59 9022
61 9022
63 9022
67 9022
69 9022
71 9022
73 9022
75 9022
77 9022
79 9022
81 9022
83 9022
85 9022
87 9022
89 9022
1 9024
5 9024
7 9024
11 9024
13 9024
17 9024
19 9024
23 9024
25 9024
29 9024
31 9024
35 9024
37 9024
41 9024
43 9024
49 9024
53 9024
55 9024
59 9024
61 9024
65 9024
67 9024
71 9024
73 9024
77 9024
79 9024
83 9024
85 9024
89 9024
1 9026
3 9026
5 9026
7 9026
9 9026
11 9026
13 9026
15 9026
17 9026
19 9026
21 9026
23 9026
25 9026
27 9026
29 9026
31 9026
33 9026
35 9026
37 9026
39 9026
41 9026
43 9026
45 9026
47 9026
49 9026
51 9026
53 9026
55 9026
57 9026
59 9026
61 9026
63 9026
65 9026
67 9026
69 9026
71 9026
73 9026
75 9026
77 9026
79 9026
81 9026
83 9026
85 9026
87 9026
89 9026
1 9028
3 9028
5 9028
7 9028
9 9028
11 9028
13 9028
15 9028
17 9028
19 9028
21 9028
23 9028
25 9028
27 9028
29 9028
31 9028
33 9028
35 9028
39 9028
41 9028
43 9028
45 9028
47 9028
49 9028
51 9028
53 9028
55 9028
57 9028
59 9028
63 9028
65 9028
67 9028
69 9028
71 9028
73 9028
75 9028
77 9028
79 9028
81 9028
83 9028
85 9028
87 9028
89 9028
1 9030
11 9030
13 9030
17 9030
19 9030
23 9030
29 9030
31 9030
37 9030
41 9030
47 9030
53 9030
59 9030
61 9030
67 9030
71 9030
73 9030
79 9030
83 9030
89 9030
1 9032
3 9032
5 9032
7 9032
9 9032
11 9032
13 9032
15 9032
17 9032
19 9032
21 9032
23 9032
25 9032
27 9032
29 9032
31 9032
33 9032
35 9032
37 9032
39 9032
41 9032
43 9032
45 9032
47 9032
49 9032
51 9032
53 9032
55 9032
57 9032
59 9032
61 9032
63 9032
65 9032
67 9032
69 9032
71 9032
73 9032
75 9032
77 9032
79 9032
81 9032
83 9032
85 9032
87 9032
89 9032
1 9034
3 9034
5 9034
7 9034
9 9034
11 9034
13 9034
15 9034
17 9034
19 9034
21 9034
23 9034
25 9034
27 9034
29 9034
31 9034
33 9034
35 9034
37 9034
39 9034
41 9034
43 9034
45 9034
47 9034
49 9034
51 9034
53 9034
55 9034
57 9034
59 9034
61 9034
63 9034
65 9034
67 9034
69 9034
71 9034
73 9034
75 9034
77 9034
79 9034
81 9034
83 9034
85 9034
87 9034
89 9034
1 9036
5 9036
7 9036
11 9036
13 9036
17 9036
19 9036
23 9036
25 9036
29 9036
31 9036
35 9036
37 9036
41 9036
43 9036
47 9036
49 9036
53 9036
55 9036
59 9036
61 9036
65 9036
67 9036
71 9036
73 9036
77 9036
79 9036
83 9036
85 9036
89 9036
1 9038
3 9038
5 9038
7 9038
9 9038
11 9038
13 9038
15 9038
17 9038
19 9038
21 9038
23 9038
25 9038
27 9038
29 9038
31 9038
33 9038
35 9038
37 9038
39 9038
41 9038
43 9038
45 9038
47 9038
49 9038
51 9038
53 9038
55 9038
57 9038
59 9038
61 9038
63 9038
65 9038
67 9038
69 9038
71 9038
73 9038
75 9038
77 9038
79 9038
81 9038
83 9038
85 9038
87 9038
89 9038
1 9040
3 9040
7 9040
9 9040
11 9040
13 9040
17 9040
19 9040
21 9040
23 9040
27 9040
29 9040
31 9040
33 9040
37 9040
39 9040
41 9040
43 9040
47 9040
49 9040
51 9040
53 9040
57 9040
59 9040
61 9040
63 9040
67 9040
69 9040
71 9040
73 9040
77 9040
79 9040
81 9040
83 9040
87 9040
89 9040
1 9042
5 9042
7 9042
13 9042
17 9042
19 9042
23 9042
25 9042
29 9042
31 9042
35 9042
37 9042
41 9042
43 9042
47 9042
49 9042
53 9042
59 9042
61 9042
65 9042
67 9042
71 9042
73 9042
79 9042
83 9042
85 9042
89 9042
1 9044
3 9044
5 9044
9 9044
11 9044
13 9044
15 9044
23 9044
25 9044
27 9044
29 9044
31 9044
33 9044
37 9044
39 9044
41 9044
43 9044
45 9044
47 9044
53 9044
55 9044
59 9044
61 9044
65 9044
67 9044
69 9044
71 9044
73 9044
75 9044
79 9044
81 9044
83 9044
87 9044
89 9044
1 9046
3 9046
5 9046
7 9046
9 9046
11 9046
13 9046
15 9046
17 9046
19 9046
21 9046
23 9046
25 9046
27 9046
29 9046
31 9046
33 9046
35 9046
37 9046
39 9046
41 9046
43 9046
45 9046
47 9046
49 9046
51 9046
53 9046
55 9046
57 9046
59 9046
61 9046
63 9046
65 9046
67 9046
69 9046
71 9046
73 9046
75 9046
77 9046
79 9046
81 9046
83 9046
85 9046
87 9046
89 9046
1 9048
5 9048
7 9048
11 9048
17 9048
19 9048
23 9048
25 9048
31 9048
35 9048
37 9048
41 9048
43 9048
47 9048
49 9048
53 9048
55 9048
59 9048
61 9048
67 9048
71 9048
73 9048
77 9048
79 9048
83 9048
85 9048
89 9048
1 9050
3 9050
7 9050
9 9050
11 9050
13 9050
17 9050
19 9050
21 9050
23 9050
27 9050
29 9050
31 9050
33 9050
37 9050
39 9050
41 9050
43 9050
47 9050
49 9050
51 9050
53 9050
57 9050
59 9050
61 9050
63 9050
67 9050
69 9050
71 9050
73 9050
77 9050
79 9050
81 9050
83 9050
87 9050
89 9050
1 9052
3 9052
5 9052
7 9052
9 9052
11 9052
13 9052
15 9052
17 9052
19 9052
21 9052
23 9052
25 9052
27 9052
29 9052
33 9052
35 9052
37 9052
39 9052
41 9052
43 9052
45 9052
47 9052
49 9052
51 9052
53 9052
55 9052
57 9052
59 9052
61 9052
63 9052
65 9052
67 9052
69 9052
71 9052
75 9052
77 9052
79 9052
81 9052
83 9052
85 9052
87 9052
89 9052
1 9054
5 9054
7 9054
11 9054
13 9054
17 9054
19 9054
23 9054
25 9054
29 9054
31 9054
35 9054
37 9054
41 9054
43 9054
47 9054
49 9054
53 9054
55 9054
59 9054
61 9054
65 9054
67 9054
71 9054
73 9054
77 9054
79 9054
83 9054
85 9054
89 9054
1 9056
3 9056
5 9056
7 9056
9 9056
11 9056
13 9056
15 9056
17 9056
19 9056
21 9056
23 9056
25 9056
27 9056
29 9056
31 9056
33 9056
35 9056
37 9056
39 9056
41 9056
43 9056
45 9056
47 9056
49 9056
51 9056
53 9056
55 9056
57 9056
59 9056
61 9056
63 9056
65 9056
67 9056
69 9056
71 9056
73 9056
75 9056
77 9056
79 9056
81 9056
83 9056
85 9056
87 9056
89 9056
1 9058
3 9058
5 9058
9 9058
11 9058
13 9058
15 9058
17 9058
19 9058
23 9058
25 9058
27 9058
29 9058
31 9058
33 9058
37 9058
39 9058
41 9058
43 9058
45 9058
47 9058
51 9058
53 9058
55 9058
57 9058
59 9058
61 9058
65 9058
67 9058
69 9058
71 9058
73 9058
75 9058
79 9058
81 9058
83 9058
85 9058
87 9058
89 9058
1 9060
7 9060
11 9060
13 9060
17 9060
19 9060
23 9060
29 9060
31 9060
37 9060
41 9060
43 9060
47 9060
49 9060
53 9060
59 9060
61 9060
67 9060
71 9060
73 9060
77 9060
79 9060
83 9060
89 9060
1 9062
3 9062
5 9062
7 9062
9 9062
11 9062
13 9062
15 9062
17 9062
19 9062
21 9062
25 9062
27 9062
29 9062
31 9062
33 9062
35 9062
37 9062
39 9062
41 9062
43 9062
45 9062
47 9062
49 9062
51 9062
53 9062
55 9062
57 9062
59 9062
61 9062
63 9062
65 9062
67 9062
71 9062
73 9062
75 9062
77 9062
79 9062
81 9062
83 9062
85 9062
87 9062
89 9062
1 9064
3 9064
5 9064
7 9064
9 9064
13 9064
15 9064
17 9064
19 9064
21 9064
23 9064
25 9064
27 9064
29 9064
31 9064
35 9064
37 9064
39 9064
41 9064
43 9064
45 9064
47 9064
49 9064
51 9064
53 9064
57 9064
59 9064
61 9064
63 9064
65 9064
67 9064
69 9064
71 9064
73 9064
75 9064
79 9064
81 9064
83 9064
85 9064
87 9064
89 9064
1 9066
5 9066
7 9066
11 9066
13 9066
17 9066
19 9066
23 9066
25 9066
29 9066
31 9066
35 9066
37 9066
41 9066
43 9066
47 9066
49 9066
53 9066
55 9066
59 9066
61 9066
65 9066
67 9066
71 9066
73 9066
77 9066
79 9066
83 9066
85 9066
89 9066
1 9068
3 9068
5 9068
7 9068
9 9068
11 9068
13 9068
15 9068
17 9068
19 9068
21 9068
23 9068
25 9068
27 9068
29 9068
31 9068
33 9068
35 9068
37 9068
39 9068
41 9068
43 9068
45 9068
47 9068
49 9068
51 9068
53 9068
55 9068
57 9068
59 9068
61 9068
63 9068
65 9068
67 9068
69 9068
71 9068
73 9068
75 9068
77 9068
79 9068
81 9068
83 9068
85 9068
87 9068
89 9068
1 9070
3 9070
7 9070
9 9070
11 9070
13 9070
17 9070
19 9070
21 9070
23 9070
27 9070
29 9070
31 9070
33 9070
37 9070
39 9070
41 9070
43 9070
47 9070
49 9070
51 9070
53 9070
57 9070
59 9070
61 9070
63 9070
67 9070
69 9070
71 9070
73 9070
77 9070
79 9070
81 9070
83 9070
87 9070
89 9070
1 9072
5 9072
11 9072
13 9072
17 9072
19 9072
23 9072
25 9072
29 9072
31 9072
37 9072
41 9072
43 9072
47 9072
53 9072
55 9072
59 9072
61 9072
65 9072
67 9072
71 9072
73 9072
79 9072
83 9072
85 9072
89 9072
1 9074
3 9074
5 9074
7 9074
9 9074
11 9074
15 9074
17 9074
19 9074
21 9074
23 9074
25 9074
27 9074
29 9074
31 9074
33 9074
35 9074
37 9074
41 9074
43 9074
45 9074
47 9074
49 9074
51 9074
53 9074
55 9074
57 9074
59 9074
61 9074
63 9074
67 9074
69 9074
71 9074
73 9074
75 9074
77 9074
79 9074
81 9074
83 9074
85 9074
87 9074
89 9074
1 9076
3 9076
5 9076
7 9076
9 9076
11 9076
13 9076
15 9076
17 9076
19 9076
21 9076
23 9076
25 9076
27 9076
29 9076
31 9076
33 9076
35 9076
37 9076
39 9076
41 9076
43 9076
45 9076
47 9076
49 9076
51 9076
53 9076
55 9076
57 9076
59 9076
61 9076
63 9076
65 9076
67 9076
69 9076
71 9076
73 9076
75 9076
77 9076
79 9076
81 9076
83 9076
85 9076
87 9076
89 9076
1 9078
5 9078
7 9078
11 9078
13 9078
19 9078
23 9078
25 9078
29 9078
31 9078
35 9078
37 9078
41 9078
43 9078
47 9078
49 9078
53 9078
55 9078
59 9078
61 9078
65 9078
67 9078
71 9078
73 9078
77 9078
79 9078
83 9078
1 9080
3 9080
7 9080
9 9080
11 9080
13 9080
17 9080
19 9080
21 9080
23 9080
27 9080
29 9080
31 9080
33 9080
37 9080
39 9080
41 9080
43 9080
47 9080
49 9080
51 9080
53 9080
57 9080
59 9080
61 9080
63 9080
67 9080
69 9080
71 9080
73 9080
77 9080
79 9080
81 9080
83 9080
87 9080
89 9080
1 9082
3 9082
5 9082
7 9082
9 9082
11 9082
13 9082
15 9082
17 9082
21 9082
23 9082
25 9082
27 9082
29 9082
31 9082
33 9082
35 9082
37 9082
39 9082
41 9082
43 9082
45 9082
47 9082
49 9082
51 9082
53 9082
55 9082
59 9082
61 9082
63 9082
65 9082
67 9082
69 9082
71 9082
73 9082
75 9082
77 9082
79 9082
81 9082
83 9082
85 9082
87 9082
89 9082
1 9084
5 9084
7 9084
11 9084
13 9084
17 9084
19 9084
23 9084
25 9084
29 9084
31 9084
35 9084
37 9084
41 9084
43 9084
47 9084
49 9084
53 9084
55 9084
59 9084
61 9084
65 9084
67 9084
71 9084
73 9084
77 9084
79 9084
83 9084
85 9084
89 9084
1 9086
3 9086
5 9086
9 9086
13 9086
15 9086
17 9086
19 9086
23 9086
25 9086
27 9086
29 9086
31 9086
37 9086
39 9086
41 9086
43 9086
45 9086
47 9086
51 9086
53 9086
57 9086
61 9086
65 9086
67 9086
69 9086
71 9086
73 9086
75 9086
79 9086
81 9086
83 9086
85 9086
87 9086
89 9086
1 9088
3 9088
5 9088
7 9088
9 9088
11 9088
13 9088
15 9088
17 9088
19 9088
21 9088
23 9088
25 9088
27 9088
29 9088
31 9088
33 9088
35 9088
37 9088
39 9088
41 9088
43 9088
45 9088
47 9088
49 9088
51 9088
53 9088
55 9088
57 9088
59 9088
61 9088
63 9088
65 9088
67 9088
69 9088
73 9088
75 9088
77 9088
79 9088
81 9088
83 9088
85 9088
87 9088
89 9088
1 9090
7 9090
11 9090
13 9090
17 9090
19 9090
23 9090
29 9090
31 9090
37 9090
41 9090
43 9090
47 9090
49 9090
53 9090
59 9090
61 9090
67 9090
71 9090
73 9090
77 9090
79 9090
83 9090
89 9090
1 9092
3 9092
5 9092
7 9092
9 9092
11 9092
13 9092
15 9092
17 9092
19 9092
21 9092
23 9092
25 9092
27 9092
29 9092
31 9092
33 9092
35 9092
37 9092
39 9092
41 9092
43 9092
45 9092
47 9092
49 9092
51 9092
53 9092
55 9092
57 9092
59 9092
61 9092
63 9092
65 9092
67 9092
69 9092
71 9092
73 9092
75 9092
77 9092
79 9092
81 9092
83 9092
85 9092
87 9092
89 9092
1 9094
3 9094
5 9094
7 9094
9 9094
11 9094
13 9094
15 9094
17 9094
19 9094
21 9094
23 9094
25 9094
27 9094
29 9094
31 9094
33 9094
35 9094
37 9094
39 9094
41 9094
43 9094
45 9094
47 9094
49 9094
51 9094
53 9094
55 9094
57 9094
59 9094
61 9094
63 9094
65 9094
67 9094
69 9094
71 9094
73 9094
75 9094
77 9094
79 9094
81 9094
83 9094
85 9094
87 9094
89 9094
1 9096
5 9096
7 9096
11 9096
13 9096
17 9096
19 9096
23 9096
25 9096
29 9096
31 9096
35 9096
37 9096
41 9096
43 9096
47 9096
49 9096
53 9096
55 9096
59 9096
61 9096
65 9096
67 9096
71 9096
73 9096
77 9096
79 9096
83 9096
85 9096
89 9096
1 9098
3 9098
5 9098
7 9098
9 9098
11 9098
13 9098
15 9098
17 9098
19 9098
21 9098
23 9098
25 9098
27 9098
29 9098
31 9098
33 9098
35 9098
37 9098
39 9098
41 9098
43 9098
45 9098
47 9098
49 9098
51 9098
53 9098
55 9098
57 9098
59 9098
61 9098
63 9098
65 9098
67 9098
69 9098
71 9098
73 9098
75 9098
77 9098
79 9098
81 9098
83 9098
85 9098
87 9098
89 9098
1 9100
3 9100
9 9100
11 9100
17 9100
19 9100
23 9100
27 9100
29 9100
31 9100
33 9100
37 9100
41 9100
43 9100
47 9100
51 9100
53 9100
57 9100
59 9100
61 9100
67 9100
69 9100
71 9100
73 9100
79 9100
81 9100
83 9100
87 9100
89 9100
1 9102
5 9102
7 9102
11 9102
13 9102
17 9102
19 9102
23 9102
25 9102
29 9102
31 9102
35 9102
43 9102
47 9102
49 9102
53 9102
55 9102
59 9102
61 9102
65 9102
67 9102
71 9102
73 9102
77 9102
79 9102
83 9102
85 9102
89 9102
91 9102
1 9104
3 9104
5 9104
7 9104
9 9104
11 9104
13 9104
15 9104
17 9104
19 9104
21 9104
23 9104
25 9104
27 9104
29 9104
31 9104
33 9104
35 9104
37 9104
39 9104
41 9104
43 9104
45 9104
47 9104
49 9104
51 9104
53 9104
55 9104
57 9104
59 9104
61 9104
63 9104
65 9104
67 9104
69 9104
71 9104
73 9104
75 9104
77 9104
79 9104
81 9104
83 9104
85 9104
87 9104
89 9104
91 9104
1 9106
3 9106
5 9106
7 9106
9 9106
11 9106
13 9106
15 9106
17 9106
19 9106
21 9106
23 9106
25 9106
27 9106
31 9106
33 9106
35 9106
37 9106
39 9106
41 9106
43 9106
45 9106
47 9106
49 9106
51 9106
53 9106
55 9106
57 9106
59 9106
61 9106
63 9106
65 9106
67 9106
69 9106
71 9106
73 9106
75 9106
77 9106
79 9106
81 9106
83 9106
85 9106
89 9106
91 9106
1 9108
5 9108
7 9108
13 9108
17 9108
19 9108
25 9108
29 9108
31 9108
35 9108
37 9108
41 9108
43 9108
47 9108
49 9108
53 9108
59 9108
61 9108
65 9108
67 9108
71 9108
73 9108
79 9108
83 9108
85 9108
89 9108
91 9108
1 9110
3 9110
7 9110
9 9110
11 9110
13 9110
17 9110
19 9110
21 9110
23 9110
27 9110
29 9110
31 9110
33 9110
37 9110
39 9110
41 9110
43 9110
47 9110
49 9110
51 9110
53 9110
57 9110
59 9110
61 9110
63 9110
67 9110
69 9110
71 9110
73 9110
77 9110
79 9110
81 9110
83 9110
87 9110
89 9110
91 9110
1 9112
3 9112
5 9112
7 9112
9 9112
11 9112
13 9112
15 9112
19 9112
21 9112
23 9112
25 9112
27 9112
29 9112
31 9112
33 9112
35 9112
37 9112
39 9112
41 9112
43 9112
45 9112
47 9112
49 9112
53 9112
55 9112
57 9112
59 9112
61 9112
63 9112
65 9112
69 9112
71 9112
73 9112
75 9112
77 9112
79 9112
81 9112
83 9112
87 9112
89 9112
91 9112
1 9114
5 9114
11 9114
13 9114
17 9114
19 9114
23 9114
25 9114
29 9114
37 9114
41 9114
43 9114
47 9114
53 9114
55 9114
59 9114
61 9114
65 9114
67 9114
71 9114
73 9114
79 9114
83 9114
85 9114
89 9114
1 9116
3 9116
5 9116
7 9116
9 9116
11 9116
13 9116
15 9116
17 9116
19 9116
21 9116
23 9116
25 9116
27 9116
29 9116
31 9116
33 9116
35 9116
37 9116
39 9116
41 9116
45 9116
47 9116
49 9116
51 9116
55 9116
57 9116
59 9116
61 9116
63 9116
65 9116
67 9116
69 9116
71 9116
73 9116
75 9116
77 9116
79 9116
81 9116
83 9116
85 9116
87 9116
89 9116
91 9116
1 9118
3 9118
5 9118
7 9118
9 9118
11 9118
13 9118
15 9118
17 9118
19 9118
21 9118
23 9118
25 9118
27 9118
29 9118
31 9118
33 9118
35 9118
37 9118
39 9118
41 9118
43 9118
45 9118
49 9118
51 9118
53 9118
55 9118
57 9118
59 9118
61 9118
63 9118
65 9118
67 9118
69 9118
71 9118
73 9118
75 9118
77 9118
79 9118
81 9118
83 9118
85 9118
87 9118
89 9118
91 9118
1 9120
7 9120
11 9120
13 9120
17 9120
23 9120
29 9120
31 9120
37 9120
41 9120
43 9120
47 9120
49 9120
53 9120
59 9120
61 9120
67 9120
71 9120
73 9120
77 9120
79 9120
83 9120
89 9120
91 9120
1 9122
3 9122
5 9122
7 9122
9 9122
11 9122
13 9122
15 9122
17 9122
19 9122
21 9122
23 9122
25 9122
27 9122
29 9122
31 9122
33 9122
35 9122
37 9122
39 9122
41 9122
43 9122
45 9122
47 9122
49 9122
51 9122
53 9122
55 9122
57 9122
59 9122
61 9122
63 9122
65 9122
67 9122
69 9122
71 9122
73 9122
75 9122
77 9122
79 9122
81 9122
83 9122
85 9122
87 9122
89 9122
91 9122
1 9124
3 9124
5 9124
7 9124
9 9124
11 9124
13 9124
15 9124
17 9124
19 9124
21 9124
23 9124
25 9124
27 9124
29 9124
31 9124
33 9124
35 9124
37 9124
39 9124
41 9124
43 9124
45 9124
47 9124
49 9124
51 9124
53 9124
55 9124
57 9124
59 9124
61 9124
63 9124
65 9124
67 9124
69 9124
71 9124
73 9124
75 9124
77 9124
79 9124
81 9124
83 9124
85 9124
87 9124
89 9124
91 9124
1 9126
5 9126
7 9126
11 9126
17 9126
19 9126
23 9126
25 9126
29 9126
31 9126
35 9126
37 9126
41 9126
43 9126
47 9126
49 9126
53 9126
55 9126
59 9126
61 9126
67 9126
71 9126
73 9126
77 9126
79 9126
83 9126
85 9126
89 9126
1 9128
3 9128
5 9128
9 9128
11 9128
13 9128
15 9128
17 9128
19 9128
23 9128
25 9128
27 9128
29 9128
31 9128
33 9128
37 9128
39 9128
41 9128
43 9128
45 9128
47 9128
51 9128
53 9128
55 9128
57 9128
59 9128
61 9128
65 9128
67 9128
69 9128
71 9128
73 9128
75 9128
79 9128
81 9128
83 9128
85 9128
87 9128
89 9128
1 9130
3 9130
7 9130
9 9130
13 9130
17 9130
19 9130
21 9130
23 9130
27 9130
29 9130
31 9130
37 9130
39 9130
41 9130
43 9130
47 9130
49 9130
51 9130
53 9130
57 9130
59 9130
61 9130
63 9130
67 9130
69 9130
71 9130
73 9130
79 9130
81 9130
87 9130
89 9130
91 9130
1 9132
5 9132
7 9132
11 9132
13 9132
17 9132
19 9132
23 9132
25 9132
29 9132
31 9132
35 9132
37 9132
41 9132
43 9132
47 9132
49 9132
53 9132
55 9132
59 9132
61 9132
65 9132
67 9132
71 9132
73 9132
77 9132
79 9132
83 9132
85 9132
89 9132
91 9132
1 9134
3 9134
5 9134
7 9134
9 9134
11 9134
13 9134
15 9134
17 9134
19 9134
21 9134
23 9134
25 9134
27 9134
29 9134
31 9134
33 9134
35 9134
37 9134
39 9134
41 9134
43 9134
45 9134
47 9134
49 9134
51 9134
53 9134
55 9134
57 9134
59 9134
61 9134
63 9134
65 9134
67 9134
69 9134
71 9134
73 9134
75 9134
77 9134
79 9134
81 9134
83 9134
85 9134
87 9134
89 9134
91 9134
1 9136
3 9136
5 9136
7 9136
9 9136
11 9136
13 9136
15 9136
17 9136
19 9136
21 9136
23 9136
25 9136
27 9136
29 9136
31 9136
33 9136
35 9136
37 9136
39 9136
41 9136
43 9136
45 9136
47 9136
49 9136
51 9136
53 9136
55 9136
57 9136
59 9136
61 9136
63 9136
65 9136
67 9136
69 9136
71 9136
73 9136
75 9136
77 9136
79 9136
81 9136
83 9136
85 9136
87 9136
89 9136
91 9136
1 9138
5 9138
7 9138
11 9138
13 9138
17 9138
19 9138
23 9138
25 9138
29 9138
31 9138
35 9138
37 9138
41 9138
43 9138
47 9138
49 9138
53 9138
55 9138
59 9138
61 9138
65 9138
67 9138
71 9138
73 9138
77 9138
79 9138
83 9138
85 9138
89 9138
91 9138
1 9140
3 9140
7 9140
9 9140
11 9140
13 9140
17 9140
19 9140
21 9140
23 9140
27 9140
29 9140
31 9140
33 9140
37 9140
39 9140
41 9140
43 9140
47 9140
49 9140
51 9140
53 9140
57 9140
59 9140
61 9140
63 9140
67 9140
69 9140
71 9140
73 9140
77 9140
79 9140
81 9140
83 9140
87 9140
89 9140
91 9140
1 9142
3 9142
5 9142
9 9142
11 9142
13 9142
15 9142
17 9142
19 9142
23 9142
25 9142
27 9142
29 9142
31 9142
33 9142
37 9142
39 9142
41 9142
43 9142
45 9142
47 9142
51 9142
53 9142
55 9142
57 9142
59 9142
61 9142
65 9142
67 9142
69 9142
71 9142
73 9142
75 9142
79 9142
81 9142
83 9142
85 9142
87 9142
89 9142
1 9144
5 9144
7 9144
11 9144
13 9144
17 9144
19 9144
23 9144
25 9144
29 9144
31 9144
35 9144
37 9144
41 9144
43 9144
47 9144
49 9144
53 9144
55 9144
59 9144
61 9144
65 9144
67 9144
71 9144
73 9144
77 9144
79 9144
83 9144
85 9144
89 9144
91 9144
1 9146
3 9146
5 9146
7 9146
9 9146
11 9146
13 9146
15 9146
19 9146
21 9146
23 9146
25 9146
27 9146
29 9146
31 9146
33 9146
35 9146
37 9146
39 9146
41 9146
43 9146
45 9146
47 9146
49 9146
53 9146
55 9146
57 9146
59 9146
61 9146
63 9146
65 9146
67 9146
69 9146
71 9146
73 9146
75 9146
77 9146
79 9146
81 9146
83 9146
87 9146
89 9146
91 9146
1 9148
3 9148
5 9148
7 9148
9 9148
11 9148
13 9148
15 9148
17 9148
19 9148
21 9148
23 9148
25 9148
27 9148
29 9148
31 9148
33 9148
35 9148
37 9148
39 9148
41 9148
43 9148
45 9148
47 9148
49 9148
51 9148
53 9148
55 9148
57 9148
59 9148
61 9148
63 9148
65 9148
67 9148
69 9148
71 9148
73 9148
75 9148
77 9148
79 9148
81 9148
83 9148
85 9148
87 9148
89 9148
91 9148
1 9150
7 9150
11 9150
13 9150
17 9150
19 9150
23 9150
29 9150
31 9150
37 9150
41 9150
43 9150
47 9150
49 9150
53 9150
59 9150
67 9150
71 9150
73 9150
77 9150
79 9150
83 9150
89 9150
91 9150
1 9152
3 9152
5 9152
7 9152
9 9152
15 9152
17 9152
19 9152
21 9152
23 9152
25 9152
27 9152
29 9152
31 9152
35 9152
37 9152
41 9152
43 9152
45 9152
47 9152
49 9152
51 9152
53 9152
57 9152
59 9152
61 9152
63 9152
67 9152
69 9152
71 9152
73 9152
75 9152
79 9152
81 9152
83 9152
85 9152
87 9152
89 9152
1 9154
3 9154
5 9154
7 9154
9 9154
11 9154
13 9154
15 9154
17 9154
19 9154
21 9154
25 9154
27 9154
29 9154
31 9154
33 9154
35 9154
37 9154
39 9154
41 9154
43 9154
45 9154
47 9154
49 9154
51 9154
53 9154
55 9154
57 9154
59 9154
61 9154
63 9154
65 9154
67 9154
71 9154
73 9154
75 9154
77 9154
79 9154
81 9154
83 9154
85 9154
87 9154
89 9154
91 9154
1 9156
5 9156
11 9156
13 9156
17 9156
19 9156
23 9156
25 9156
29 9156
31 9156
37 9156
41 9156
43 9156
47 9156
53 9156
55 9156
59 9156
61 9156
65 9156
67 9156
71 9156
73 9156
79 9156
83 9156
85 9156
89 9156
1 9158
3 9158
5 9158
7 9158
9 9158
11 9158
13 9158
15 9158
17 9158
21 9158
23 9158
25 9158
27 9158
29 9158
31 9158
33 9158
35 9158
37 9158
39 9158
41 9158
43 9158
45 9158
47 9158
49 9158
51 9158
53 9158
55 9158
59 9158
61 9158
63 9158
65 9158
67 9158
69 9158
71 9158
73 9158
75 9158
77 9158
79 9158
81 9158
83 9158
85 9158
87 9158
89 9158
91 9158
1 9160
3 9160
7 9160
9 9160
11 9160
13 9160
17 9160
19 9160
21 9160
23 9160
27 9160
29 9160
31 9160
33 9160
37 9160
39 9160
41 9160
43 9160
47 9160
49 9160
51 9160
53 9160
57 9160
59 9160
61 9160
63 9160
67 9160
69 9160
71 9160
73 9160
77 9160
79 9160
81 9160
83 9160
87 9160
89 9160
91 9160
1 9162
5 9162
7 9162
11 9162
13 9162
17 9162
19 9162
23 9162
25 9162
29 9162
31 9162
35 9162
37 9162
41 9162
43 9162
47 9162
49 9162
53 9162
55 9162
59 9162
61 9162
65 9162
67 9162
71 9162
73 9162
77 9162
79 9162
83 9162
85 9162
89 9162
91 9162
1 9164
3 9164
5 9164
7 9164
9 9164
11 9164
13 9164
15 9164
17 9164
19 9164
21 9164
23 9164
25 9164
27 9164
31 9164
33 9164
35 9164
37 9164
39 9164
41 9164
43 9164
45 9164
47 9164
49 9164
51 9164
53 9164
55 9164
57 9164
59 9164
61 9164
63 9164
65 9164
67 9164
69 9164
71 9164
73 9164
75 9164
77 9164
81 9164
83 9164
85 9164
89 9164
91 9164
1 9166
3 9166
5 9166
7 9166
9 9166
11 9166
13 9166
15 9166
17 9166
19 9166
21 9166
23 9166
25 9166
27 9166
29 9166
31 9166
33 9166
35 9166
37 9166
39 9166
41 9166
43 9166
45 9166
47 9166
49 9166
51 9166
53 9166
55 9166
57 9166
59 9166
61 9166
63 9166
65 9166
67 9166
69 9166
71 9166
73 9166
75 9166
77 9166
79 9166
81 9166
83 9166
85 9166
87 9166
89 9166
91 9166
1 9168
5 9168
7 9168
11 9168
13 9168
17 9168
19 9168
23 9168
25 9168
29 9168
31 9168
35 9168
37 9168
41 9168
43 9168
47 9168
49 9168
53 9168
55 9168
59 9168
61 9168
65 9168
67 9168
71 9168
73 9168
77 9168
79 9168
83 9168
85 9168
89 9168
91 9168
1 9170
3 9170
9 9170
11 9170
13 9170
17 9170
19 9170
23 9170
27 9170
29 9170
31 9170
33 9170
37 9170
39 9170
41 9170
43 9170
47 9170
51 9170
53 9170
57 9170
59 9170
61 9170
67 9170
69 9170
71 9170
73 9170
79 9170
81 9170
83 9170
87 9170
89 9170
1 9172
3 9172
5 9172
7 9172
9 9172
11 9172
13 9172
15 9172
17 9172
19 9172
21 9172
23 9172
25 9172
27 9172
29 9172
31 9172
33 9172
35 9172
37 9172
39 9172
41 9172
43 9172
45 9172
47 9172
49 9172
51 9172
53 9172
55 9172
57 9172
59 9172
61 9172
63 9172
65 9172
67 9172
69 9172
71 9172
73 9172
75 9172
77 9172
79 9172
81 9172
83 9172
85 9172
87 9172
89 9172
91 9172
1 9174
5 9174
7 9174
13 9174
17 9174
19 9174
23 9174
25 9174
29 9174
31 9174
35 9174
37 9174
41 9174
43 9174
47 9174
49 9174
53 9174
59 9174
61 9174
65 9174
67 9174
71 9174
73 9174
79 9174
83 9174
85 9174
89 9174
91 9174
1 9176
3 9176
5 9176
7 9176
9 9176
11 9176
13 9176
15 9176
17 9176
19 9176
21 9176
23 9176
25 9176
27 9176
29 9176
33 9176
35 9176
39 9176
41 9176
43 9176
45 9176
47 9176
49 9176
51 9176
53 9176
55 9176
57 9176
59 9176
61 9176
63 9176
65 9176
67 9176
69 9176
71 9176
73 9176
75 9176
77 9176
79 9176
81 9176
83 9176
85 9176
87 9176
89 9176
91 9176
1 9178
3 9178
5 9178
7 9178
9 9178
11 9178
15 9178
17 9178
19 9178
21 9178
23 9178
25 9178
27 9178
29 9178
31 9178
33 9178
35 9178
37 9178
41 9178
43 9178
45 9178
47 9178
49 9178
51 9178
53 9178
55 9178
57 9178
59 9178
61 9178
63 9178
67 9178
69 9178
71 9178
73 9178
75 9178
77 9178
79 9178
81 9178
83 9178
85 9178
87 9178
89 9178
1 9180
7 9180
11 9180
13 9180
19 9180
23 9180
29 9180
31 9180
37 9180
41 9180
43 9180
47 9180
49 9180
53 9180
59 9180
61 9180
67 9180
71 9180
73 9180
77 9180
79 9180
83 9180
89 9180
91 9180
1 9182
3 9182
5 9182
7 9182
9 9182
11 9182
13 9182
15 9182
17 9182
19 9182
21 9182
23 9182
25 9182
27 9182
29 9182
31 9182
33 9182
35 9182
37 9182
39 9182
41 9182
43 9182
45 9182
47 9182
49 9182
51 9182
53 9182
55 9182
57 9182
59 9182
61 9182
63 9182
65 9182
67 9182
69 9182
71 9182
73 9182
75 9182
77 9182
79 9182
81 9182
83 9182
85 9182
87 9182
89 9182
91 9182
1 9184
3 9184
5 9184
9 9184
11 9184
13 9184
15 9184
17 9184
19 9184
23 9184
25 9184
27 9184
29 9184
31 9184
33 9184
37 9184
39 9184
43 9184
45 9184
47 9184
51 9184
53 9184
55 9184
57 9184
59 9184
61 9184
65 9184
67 9184
69 9184
71 9184
73 9184
75 9184
79 9184
81 9184
83 9184
85 9184
87 9184
89 9184
1 9186
5 9186
7 9186
11 9186
13 9186
17 9186
19 9186
23 9186
25 9186
29 9186
31 9186
35 9186
37 9186
41 9186
43 9186
47 9186
49 9186
53 9186
55 9186
59 9186
61 9186
65 9186
67 9186
71 9186
73 9186
77 9186
79 9186
83 9186
85 9186
89 9186
91 9186
1 9188
3 9188
5 9188
7 9188
9 9188
11 9188
13 9188
15 9188
17 9188
19 9188
21 9188
23 9188
25 9188
27 9188
29 9188
31 9188
33 9188
35 9188
37 9188
39 9188
41 9188
43 9188
45 9188
47 9188
49 9188
51 9188
53 9188
55 9188
57 9188
59 9188
61 9188
63 9188
65 9188
67 9188
69 9188
71 9188
73 9188
75 9188
77 9188
79 9188
81 9188
83 9188
85 9188
87 9188
89 9188
91 9188
1 9190
3 9190
7 9190
9 9190
11 9190
13 9190
17 9190
19 9190
21 9190
23 9190
27 9190
29 9190
31 9190
33 9190
37 9190
39 9190
41 9190
43 9190
47 9190
49 9190
51 9190
53 9190
57 9190
59 9190
61 9190
63 9190
67 9190
69 9190
71 9190
73 9190
77 9190
79 9190
81 9190
83 9190
87 9190
89 9190
91 9190
1 9192
5 9192
7 9192
11 9192
13 9192
17 9192
19 9192
23 9192
25 9192
29 9192
31 9192
35 9192
37 9192
41 9192
43 9192
47 9192
49 9192
53 9192
55 9192
59 9192
61 9192
65 9192
67 9192
71 9192
73 9192
77 9192
79 9192
83 9192
85 9192
89 9192
91 9192
1 9194
3 9194
5 9194
7 9194
9 9194
11 9194
13 9194
15 9194
17 9194
19 9194
21 9194
23 9194
25 9194
27 9194
29 9194
31 9194
33 9194
35 9194
37 9194
39 9194
41 9194
43 9194
45 9194
47 9194
49 9194
51 9194
53 9194
55 9194
57 9194
59 9194
61 9194
63 9194
65 9194
67 9194
69 9194
71 9194
73 9194
75 9194
77 9194
79 9194
81 9194
83 9194
85 9194
87 9194
89 9194
91 9194
1 9196
3 9196
5 9196
7 9196
9 9196
13 9196
15 9196
17 9196
21 9196
23 9196
25 9196
27 9196
29 9196
31 9196
35 9196
37 9196
39 9196
41 9196
43 9196
45 9196
47 9196
49 9196
51 9196
53 9196
59 9196
61 9196
63 9196
65 9196
67 9196
69 9196
71 9196
73 9196
75 9196
79 9196
81 9196
83 9196
85 9196
87 9196
89 9196
91 9196
1 9198
5 9198
11 9198
13 9198
17 9198
19 9198
23 9198
25 9198
29 9198
31 9198
37 9198
41 9198
43 9198
47 9198
53 9198
55 9198
59 9198
61 9198
65 9198
67 9198
71 9198
79 9198
83 9198
85 9198
89 9198
1 9200
3 9200
7 9200
9 9200
11 9200
13 9200
17 9200
19 9200
21 9200
27 9200
29 9200
31 9200
33 9200
37 9200
39 9200
41 9200
43 9200
47 9200
49 9200
51 9200
53 9200
57 9200
59 9200
61 9200
63 9200
67 9200
71 9200
73 9200
77 9200
79 9200
81 9200
83 9200
87 9200
89 9200
91 9200
1 9202
3 9202
5 9202
7 9202
9 9202
11 9202
13 9202
15 9202
17 9202
19 9202
21 9202
23 9202
25 9202
27 9202
29 9202
31 9202
33 9202
35 9202
37 9202
39 9202
41 9202
45 9202
47 9202
49 9202
51 9202
53 9202
55 9202
57 9202
59 9202
61 9202
63 9202
65 9202
67 9202
69 9202
71 9202
73 9202
75 9202
77 9202
79 9202
81 9202
83 9202
85 9202
87 9202
89 9202
91 9202
1 9204
5 9204
7 9204
11 9204
17 9204
19 9204
23 9204
25 9204
29 9204
31 9204
35 9204
37 9204
41 9204
43 9204
47 9204
49 9204
53 9204
55 9204
61 9204
67 9204
71 9204
73 9204
77 9204
79 9204
83 9204
85 9204
89 9204
1 9206
3 9206
5 9206
7 9206
9 9206
11 9206
13 9206
15 9206
17 9206
19 9206
21 9206
23 9206
25 9206
27 9206
29 9206
31 9206
33 9206
35 9206
37 9206
39 9206
41 9206
43 9206
45 9206
47 9206
49 9206
51 9206
53 9206
55 9206
57 9206
59 9206
61 9206
63 9206
65 9206
67 9206
69 9206
71 9206
73 9206
75 9206
77 9206
79 9206
81 9206
83 9206
85 9206
87 9206
89 9206
91 9206
1 9208
3 9208
5 9208
7 9208
9 9208
11 9208
13 9208
15 9208
17 9208
19 9208
21 9208
23 9208
25 9208
27 9208
29 9208
31 9208
33 9208
35 9208
37 9208
39 9208
41 9208
43 9208
45 9208
47 9208
49 9208
51 9208
53 9208
55 9208
57 9208
59 9208
61 9208
63 9208
65 9208
67 9208
69 9208
71 9208
73 9208
75 9208
77 9208
79 9208
81 9208
83 9208
85 9208
87 9208
89 9208
91 9208
1 9210
7 9210
11 9210
13 9210
17 9210
19 9210
23 9210
29 9210
31 9210
37 9210
41 9210
43 9210
47 9210
49 9210
53 9210
59 9210
61 9210
67 9210
71 9210
73 9210
77 9210
79 9210
83 9210
89 9210
91 9210
1 9212
3 9212
5 9212
9 9212
11 9212
13 9212
15 9212
17 9212
19 9212
23 9212
25 9212
27 9212
29 9212
31 9212
33 9212
37 9212
39 9212
41 9212
43 9212
45 9212
51 9212
53 9212
55 9212
57 9212
59 9212
61 9212
65 9212
67 9212
69 9212
71 9212
73 9212
75 9212
79 9212
81 9212
83 9212
85 9212
87 9212
89 9212
1 9214
3 9214
5 9214
7 9214
9 9214
11 9214
13 9214
15 9214
19 9214
21 9214
23 9214
25 9214
27 9214
29 9214
31 9214
33 9214
35 9214
37 9214
39 9214
41 9214
43 9214
45 9214
47 9214
49 9214
53 9214
55 9214
57 9214
59 9214
61 9214
63 9214
65 9214
67 9214
69 9214
71 9214
73 9214
75 9214
77 9214
79 9214
81 9214
83 9214
87 9214
89 9214
91 9214
1 9216
5 9216
7 9216
11 9216
13 9216
17 9216
19 9216
23 9216
25 9216
29 9216
31 9216
35 9216
37 9216
41 9216
43 9216
47 9216
49 9216
53 9216
55 9216
59 9216
61 9216
65 9216
67 9216
71 9216
73 9216
77 9216
79 9216
83 9216
85 9216
89 9216
91 9216
1 9218
3 9218
5 9218
7 9218
9 9218
13 9218
15 9218
17 9218
19 9218
21 9218
23 9218
25 9218
27 9218
29 9218
31 9218
35 9218
37 9218
39 9218
41 9218
43 9218
45 9218
47 9218
49 9218
51 9218
53 9218
57 9218
59 9218
61 9218
63 9218
65 9218
67 9218
69 9218
71 9218
73 9218
75 9218
79 9218
81 9218
83 9218
85 9218
87 9218
89 9218
91 9218
1 9220
3 9220
7 9220
9 9220
11 9220
13 9220
17 9220
19 9220
21 9220
23 9220
27 9220
29 9220
31 9220
33 9220
37 9220
39 9220
41 9220
43 9220
47 9220
49 9220
51 9220
53 9220
57 9220
59 9220
61 9220
63 9220
67 9220
69 9220
71 9220
73 9220
77 9220
79 9220
81 9220
83 9220
87 9220
89 9220
91 9220
1 9222
5 9222
7 9222
11 9222
13 9222
17 9222
19 9222
23 9222
25 9222
31 9222
35 9222
37 9222
41 9222
43 9222
47 9222
49 9222
55 9222
59 9222
61 9222
65 9222
67 9222
71 9222
73 9222
77 9222
79 9222
83 9222
85 9222
89 9222
91 9222
1 9224
3 9224
5 9224
7 9224
9 9224
11 9224
13 9224
15 9224
17 9224
19 9224
21 9224
23 9224
25 9224
27 9224
29 9224
31 9224
33 9224
35 9224
37 9224
39 9224
41 9224
43 9224
45 9224
47 9224
49 9224
51 9224
53 9224
55 9224
57 9224
59 9224
61 9224
63 9224
65 9224
67 9224
69 9224
71 9224
73 9224
75 9224
77 9224
79 9224
81 9224
83 9224
85 9224
87 9224
89 9224
91 9224
1 9226
3 9226
5 9226
9 9226
11 9226
13 9226
15 9226
17 9226
19 9226
23 9226
25 9226
27 9226
29 9226
31 9226
33 9226
37 9226
39 9226
41 9226
43 9226
45 9226
47 9226
51 9226
53 9226
55 9226
57 9226
59 9226
61 9226
65 9226
67 9226
69 9226
71 9226
73 9226
75 9226
79 9226
81 9226
83 9226
85 9226
87 9226
89 9226
1 9228
5 9228
7 9228
11 9228
13 9228
17 9228
19 9228
23 9228
25 9228
29 9228
31 9228
35 9228
37 9228
41 9228
43 9228
47 9228
49 9228
53 9228
55 9228
59 9228
61 9228
65 9228
67 9228
71 9228
73 9228
77 9228
79 9228
83 9228
85 9228
89 9228
91 9228
1 9230
3 9230
7 9230
9 9230
11 9230
17 9230
19 9230
21 9230
23 9230
27 9230
29 9230
31 9230
33 9230
37 9230
41 9230
43 9230
47 9230
49 9230
51 9230
53 9230
57 9230
59 9230
61 9230
63 9230
67 9230
69 9230
73 9230
77 9230
79 9230
81 9230
83 9230
87 9230
89 9230
1 9232
3 9232
5 9232
7 9232
9 9232
11 9232
13 9232
15 9232
17 9232
19 9232
21 9232
23 9232
25 9232
27 9232
29 9232
31 9232
33 9232
35 9232
37 9232
39 9232
41 9232
43 9232
45 9232
47 9232
49 9232
51 9232
53 9232
55 9232
57 9232
59 9232
61 9232
63 9232
65 9232
67 9232
69 9232
71 9232
73 9232
75 9232
77 9232
79 9232
81 9232
83 9232
85 9232
87 9232
89 9232
91 9232
1 9234
5 9234
7 9234
11 9234
13 9234
17 9234
23 9234
25 9234
29 9234
31 9234
35 9234
37 9234
41 9234
43 9234
47 9234
49 9234
53 9234
55 9234
59 9234
61 9234
65 9234
67 9234
71 9234
73 9234
77 9234
79 9234
83 9234
85 9234
89 9234
91 9234
1 9236
3 9236
5 9236
7 9236
9 9236
11 9236
13 9236
15 9236
17 9236
19 9236
21 9236
23 9236
25 9236
27 9236
29 9236
31 9236
33 9236
35 9236
37 9236
39 9236
41 9236
43 9236
45 9236
47 9236
49 9236
51 9236
53 9236
55 9236
57 9236
59 9236
61 9236
63 9236
65 9236
67 9236
69 9236
71 9236
73 9236
75 9236
77 9236
79 9236
81 9236
83 9236
85 9236
87 9236
89 9236
91 9236
1 9238
3 9238
5 9238
7 9238
9 9238
11 9238
13 9238
15 9238
17 9238
19 9238
21 9238
23 9238
25 9238
27 9238
29 9238
33 9238
35 9238
37 9238
39 9238
41 9238
43 9238
45 9238
47 9238
49 9238
51 9238
53 9238
55 9238
57 9238
59 9238
61 9238
63 9238
65 9238
67 9238
69 9238
71 9238
73 9238
75 9238
77 9238
79 9238
81 9238
83 9238
85 9238
87 9238
89 9238
91 9238
1 9240
13 9240
17 9240
19 9240
23 9240
29 9240
31 9240
37 9240
41 9240
43 9240
47 9240
53 9240
59 9240
61 9240
67 9240
71 9240
73 9240
79 9240
83 9240
89 9240
1 9242
3 9242
5 9242
7 9242
9 9242
11 9242
13 9242
15 9242
17 9242
19 9242
21 9242
23 9242
25 9242
27 9242
29 9242
31 9242
33 9242
35 9242
37 9242
39 9242
41 9242
43 9242
45 9242
47 9242
49 9242
51 9242
53 9242
55 9242
57 9242
59 9242
61 9242
63 9242
65 9242
67 9242
69 9242
71 9242
73 9242
75 9242
77 9242
79 9242
81 9242
83 9242
85 9242
87 9242
89 9242
91 9242
1 9244
3 9244
5 9244
7 9244
9 9244
11 9244
13 9244
15 9244
17 9244
19 9244
21 9244
23 9244
25 9244
27 9244
29 9244
31 9244
33 9244
35 9244
37 9244
39 9244
41 9244
43 9244
45 9244
47 9244
49 9244
51 9244
53 9244
55 9244
57 9244
59 9244
61 9244
63 9244
65 9244
67 9244
69 9244
71 9244
73 9244
75 9244
77 9244
79 9244
81 9244
83 9244
85 9244
87 9244
89 9244
91 9244
1 9246
5 9246
7 9246
11 9246
13 9246
17 9246
19 9246
25 9246
29 9246
31 9246
35 9246
37 9246
41 9246
43 9246
47 9246
49 9246
53 9246
55 9246
59 9246
61 9246
65 9246
71 9246
73 9246
77 9246
79 9246
83 9246
85 9246
89 9246
91 9246
1 9248
3 9248
5 9248
7 9248
9 9248
11 9248
13 9248
15 9248
19 9248
21 9248
23 9248
25 9248
27 9248
29 9248
31 9248
33 9248
35 9248
37 9248
39 9248
41 9248
43 9248
45 9248
47 9248
49 9248
53 9248
55 9248
57 9248
59 9248
61 9248
63 9248
65 9248
67 9248
69 9248
71 9248
73 9248
75 9248
77 9248
79 9248
81 9248
83 9248
87 9248
89 9248
91 9248
1 9250
3 9250
7 9250
9 9250
11 9250
13 9250
17 9250
19 9250
21 9250
23 9250
27 9250
29 9250
31 9250
33 9250
39 9250
41 9250
43 9250
47 9250
49 9250
51 9250
53 9250
57 9250
59 9250
61 9250
63 9250
67 9250
69 9250
71 9250
73 9250
77 9250
79 9250
81 9250
83 9250
87 9250
89 9250
91 9250
1 9252
5 9252
7 9252
11 9252
13 9252
17 9252
19 9252
23 9252
25 9252
29 9252
31 9252
35 9252
37 9252
41 9252
43 9252
47 9252
49 9252
53 9252
55 9252
59 9252
61 9252
65 9252
67 9252
71 9252
73 9252
77 9252
79 9252
83 9252
85 9252
89 9252
91 9252
1 9254
3 9254
5 9254
9 9254
11 9254
13 9254
15 9254
17 9254
19 9254
23 9254
25 9254
27 9254
29 9254
31 9254
33 9254
37 9254
39 9254
41 9254
43 9254
45 9254
47 9254
51 9254
53 9254
55 9254
57 9254
59 9254
61 9254
65 9254
67 9254
69 9254
71 9254
73 9254
75 9254
79 9254
81 9254
83 9254
85 9254
87 9254
89 9254
1 9256
3 9256
5 9256
7 9256
9 9256
11 9256
15 9256
17 9256
19 9256
21 9256
23 9256
25 9256
27 9256
29 9256
31 9256
33 9256
35 9256
37 9256
41 9256
43 9256
45 9256
47 9256
49 9256
51 9256
53 9256
55 9256
57 9256
59 9256
61 9256
63 9256
67 9256
69 9256
71 9256
73 9256
75 9256
77 9256
79 9256
81 9256
83 9256
85 9256
87 9256
1 9258
5 9258
7 9258
11 9258
13 9258
17 9258
19 9258
23 9258
25 9258
29 9258
31 9258
35 9258
37 9258
41 9258
43 9258
47 9258
49 9258
53 9258
55 9258
59 9258
61 9258
65 9258
67 9258
71 9258
73 9258
77 9258
79 9258
83 9258
85 9258
89 9258
91 9258
1 9260
3 9260
7 9260
9 9260
11 9260
13 9260
17 9260
19 9260
21 9260
23 9260
27 9260
29 9260
31 9260
33 9260
37 9260
39 9260
41 9260
43 9260
47 9260
49 9260
51 9260
53 9260
57 9260
59 9260
61 9260
63 9260
67 9260
69 9260
71 9260
73 9260
77 9260
79 9260
81 9260
83 9260
87 9260
89 9260
91 9260
1 9262
3 9262
5 9262
7 9262
9 9262
13 9262
15 9262
17 9262
19 9262
21 9262
23 9262
25 9262
27 9262
29 9262
31 9262
35 9262
37 9262
39 9262
41 9262
43 9262
45 9262
47 9262
49 9262
51 9262
53 9262
57 9262
59 9262
61 9262
63 9262
65 9262
67 9262
69 9262
71 9262
73 9262
75 9262
79 9262
81 9262
83 9262
85 9262
87 9262
89 9262
91 9262
1 9264
5 9264
7 9264
11 9264
13 9264
17 9264
19 9264
23 9264
25 9264
29 9264
31 9264
35 9264
37 9264
41 9264
43 9264
47 9264
49 9264
53 9264
55 9264
59 9264
61 9264
65 9264
67 9264
71 9264
73 9264
77 9264
79 9264
83 9264
85 9264
89 9264
91 9264
1 9266
3 9266
5 9266
7 9266
9 9266
11 9266
13 9266
15 9266
17 9266
19 9266
21 9266
23 9266
25 9266
27 9266
29 9266
31 9266
33 9266
35 9266
37 9266
39 9266
43 9266
45 9266
47 9266
49 9266
51 9266
53 9266
55 9266
57 9266
59 9266
61 9266
63 9266
65 9266
67 9266
69 9266
71 9266
73 9266
75 9266
77 9266
79 9266
81 9266
83 9266
85 9266
87 9266
89 9266
91 9266
1 9268
3 9268
5 9268
9 9268
11 9268
13 9268
15 9268
17 9268
19 9268
23 9268
25 9268
27 9268
29 9268
31 9268
33 9268
37 9268
39 9268
41 9268
43 9268
45 9268
47 9268
51 9268
53 9268
55 9268
57 9268
59 9268
61 9268
65 9268
67 9268
69 9268
71 9268
73 9268
75 9268
79 9268
81 9268
83 9268
85 9268
87 9268
89 9268
1 9270
7 9270
11 9270
13 9270
17 9270
19 9270
23 9270
29 9270
31 9270
37 9270
41 9270
43 9270
47 9270
49 9270
53 9270
59 9270
61 9270
67 9270
71 9270
73 9270
77 9270
79 9270
83 9270
89 9270
91 9270
1 9272
3 9272
5 9272
7 9272
9 9272
11 9272
13 9272
15 9272
17 9272
21 9272
23 9272
25 9272
27 9272
29 9272
31 9272
33 9272
35 9272
37 9272
39 9272
41 9272
43 9272
45 9272
47 9272
49 9272
51 9272
53 9272
55 9272
59 9272
63 9272
65 9272
67 9272
69 9272
71 9272
73 9272
75 9272
77 9272
79 9272
81 9272
83 9272
85 9272
87 9272
89 9272
91 9272
1 9274
3 9274
5 9274
7 9274
9 9274
11 9274
13 9274
15 9274
17 9274
19 9274
21 9274
23 9274
25 9274
27 9274
29 9274
31 9274
33 9274
35 9274
37 9274
39 9274
41 9274
43 9274
45 9274
47 9274
49 9274
51 9274
53 9274
55 9274
57 9274
59 9274
61 9274
63 9274
65 9274
67 9274
69 9274
71 9274
73 9274
75 9274
77 9274
79 9274
81 9274
83 9274
85 9274
87 9274
89 9274
91 9274
1 9276
5 9276
7 9276
11 9276
13 9276
17 9276
19 9276
23 9276
25 9276
29 9276
31 9276
35 9276
37 9276
41 9276
43 9276
47 9276
49 9276
53 9276
55 9276
59 9276
61 9276
65 9276
67 9276
71 9276
73 9276
77 9276
79 9276
83 9276
85 9276
89 9276
91 9276
1 9278
3 9278
5 9278
7 9278
9 9278
11 9278
13 9278
15 9278
17 9278
19 9278
21 9278
23 9278
25 9278
27 9278
29 9278
31 9278
33 9278
35 9278
37 9278
39 9278
41 9278
43 9278
45 9278
47 9278
49 9278
51 9278
53 9278
55 9278
57 9278
59 9278
61 9278
63 9278
65 9278
67 9278
69 9278
71 9278
73 9278
75 9278
77 9278
79 9278
81 9278
83 9278
85 9278
87 9278
89 9278
91 9278
1 9280
3 9280
7 9280
9 9280
11 9280
13 9280
17 9280
19 9280
21 9280
23 9280
27 9280
31 9280
33 9280
37 9280
39 9280
41 9280
43 9280
47 9280
49 9280
51 9280
53 9280
57 9280
59 9280
61 9280
63 9280
67 9280
69 9280
71 9280
73 9280
77 9280
79 9280
81 9280
83 9280
89 9280
91 9280
1 9282
5 9282
11 9282
19 9282
23 9282
25 9282
29 9282
31 9282
37 9282
41 9282
43 9282
47 9282
53 9282
55 9282
59 9282
61 9282
67 9282
71 9282
73 9282
79 9282
83 9282
89 9282
1 9284
3 9284
5 9284
7 9284
9 9284
13 9284
15 9284
17 9284
19 9284
21 9284
23 9284
25 9284
27 9284
29 9284
31 9284
35 9284
37 9284
39 9284
41 9284
43 9284
45 9284
47 9284
49 9284
51 9284
53 9284
57 9284
59 9284
61 9284
63 9284
65 9284
67 9284
69 9284
71 9284
73 9284
75 9284
79 9284
81 9284
83 9284
85 9284
87 9284
89 9284
91 9284
1 9286
3 9286
5 9286
7 9286
9 9286
11 9286
13 9286
15 9286
17 9286
19 9286
21 9286
23 9286
25 9286
27 9286
29 9286
31 9286
33 9286
35 9286
37 9286
39 9286
41 9286
43 9286
45 9286
47 9286
49 9286
51 9286
53 9286
55 9286
57 9286
59 9286
61 9286
63 9286
65 9286
67 9286
69 9286
71 9286
73 9286
75 9286
77 9286
79 9286
81 9286
83 9286
85 9286
87 9286
89 9286
91 9286
1 9288
5 9288
7 9288
11 9288
13 9288
17 9288
19 9288
23 9288
25 9288
29 9288
31 9288
35 9288
37 9288
41 9288
47 9288
49 9288
53 9288
55 9288
59 9288
61 9288
65 9288
67 9288
71 9288
73 9288
77 9288
79 9288
83 9288
85 9288
89 9288
91 9288
1 9290
3 9290
7 9290
9 9290
11 9290
13 9290
17 9290
19 9290
21 9290
23 9290
27 9290
29 9290
31 9290
33 9290
37 9290
39 9290
41 9290
43 9290
47 9290
49 9290
51 9290
53 9290
57 9290
59 9290
61 9290
63 9290
67 9290
69 9290
71 9290
73 9290
77 9290
79 9290
81 9290
83 9290
87 9290
89 9290
91 9290
1 9292
3 9292
5 9292
7 9292
9 9292
11 9292
13 9292
15 9292
17 9292
19 9292
21 9292
25 9292
27 9292
29 9292
31 9292
33 9292
35 9292
37 9292
39 9292
41 9292
43 9292
45 9292
47 9292
49 9292
51 9292
53 9292
55 9292
57 9292
59 9292
61 9292
63 9292
65 9292
67 9292
71 9292
73 9292
75 9292
77 9292
79 9292
81 9292
83 9292
85 9292
87 9292
89 9292
91 9292
1 9294
5 9294
7 9294
11 9294
13 9294
17 9294
19 9294
23 9294
25 9294
29 9294
31 9294
35 9294
37 9294
41 9294
43 9294
47 9294
49 9294
53 9294
55 9294
59 9294
61 9294
65 9294
67 9294
71 9294
73 9294
77 9294
79 9294
83 9294
85 9294
89 9294
91 9294
1 9296
3 9296
5 9296
9 9296
11 9296
13 9296
15 9296
17 9296
19 9296
23 9296
25 9296
27 9296
29 9296
31 9296
33 9296
37 9296
39 9296
41 9296
43 9296
45 9296
47 9296
51 9296
53 9296
55 9296
57 9296
59 9296
61 9296
65 9296
67 9296
69 9296
71 9296
73 9296
75 9296
79 9296
81 9296
85 9296
87 9296
89 9296
1 9298
3 9298
5 9298
7 9298
9 9298
11 9298
13 9298
15 9298
17 9298
19 9298
21 9298
23 9298
25 9298
27 9298
29 9298
31 9298
33 9298
35 9298
37 9298
39 9298
41 9298
43 9298
45 9298
47 9298
49 9298
51 9298
53 9298
55 9298
57 9298
59 9298
61 9298
63 9298
65 9298
67 9298
69 9298
71 9298
73 9298
75 9298
77 9298
79 9298
81 9298
83 9298
85 9298
87 9298
89 9298
91 9298
1 9300
7 9300
11 9300
13 9300
17 9300
19 9300
23 9300
29 9300
37 9300
41 9300
43 9300
47 9300
49 9300
53 9300
59 9300
61 9300
67 9300
71 9300
73 9300
77 9300
79 9300
83 9300
89 9300
91 9300
1 9302
3 9302
5 9302
7 9302
9 9302
11 9302
13 9302
15 9302
17 9302
19 9302
21 9302
23 9302
25 9302
27 9302
29 9302
31 9302
33 9302
35 9302
37 9302
39 9302
41 9302
43 9302
45 9302
47 9302
49 9302
51 9302
53 9302
55 9302
57 9302
59 9302
61 9302
63 9302
65 9302
67 9302
69 9302
71 9302
73 9302
75 9302
77 9302
79 9302
81 9302
83 9302
85 9302
87 9302
89 9302
91 9302
93 9302
1 9304
3 9304
5 9304
7 9304
9 9304
11 9304
13 9304
15 9304
17 9304
19 9304
21 9304
23 9304
25 9304
27 9304
29 9304
31 9304
33 9304
35 9304
37 9304
39 9304
41 9304
43 9304
45 9304
47 9304
49 9304
51 9304
53 9304
55 9304
57 9304
59 9304
61 9304
63 9304
65 9304
67 9304
69 9304
71 9304
73 9304
75 9304
77 9304
79 9304
81 9304
83 9304
85 9304
87 9304
89 9304
91 9304
93 9304
1 9306
5 9306
7 9306
13 9306
17 9306
19 9306
23 9306
25 9306
29 9306
31 9306
35 9306
37 9306
41 9306
43 9306
49 9306
53 9306
59 9306
61 9306
65 9306
67 9306
71 9306
73 9306
79 9306
83 9306
85 9306
89 9306
91 9306
1 9308
3 9308
5 9308
7 9308
9 9308
11 9308
15 9308
17 9308
19 9308
21 9308
23 9308
25 9308
27 9308
29 9308
31 9308
33 9308
35 9308
37 9308
41 9308
43 9308
45 9308
47 9308
49 9308
51 9308
53 9308
55 9308
57 9308
59 9308
61 9308
63 9308
67 9308
69 9308
71 9308
73 9308
75 9308
77 9308
79 9308
81 9308
83 9308
85 9308
87 9308
89 9308
93 9308
1 9310
3 9310
9 9310
11 9310
13 9310
17 9310
23 9310
27 9310
29 9310
31 9310
33 9310
37 9310
39 9310
41 9310
43 9310
47 9310
51 9310
53 9310
59 9310
61 9310
67 9310
69 9310
71 9310
73 9310
79 9310
81 9310
83 9310
87 9310
89 9310
93 9310
1 9312
5 9312
7 9312
11 9312
13 9312
17 9312
19 9312
23 9312
25 9312
29 9312
31 9312
35 9312
37 9312
41 9312
43 9312
47 9312
49 9312
53 9312
55 9312
59 9312
61 9312
65 9312
67 9312
71 9312
73 9312
77 9312
79 9312
83 9312
85 9312
89 9312
91 9312
1 9314
3 9314
5 9314
7 9314
9 9314
11 9314
13 9314
15 9314
17 9314
19 9314
21 9314
23 9314
25 9314
27 9314
29 9314
31 9314
33 9314
35 9314
37 9314
39 9314
41 9314
43 9314
45 9314
47 9314
49 9314
51 9314
53 9314
55 9314
57 9314
59 9314
61 9314
63 9314
65 9314
67 9314
69 9314
71 9314
73 9314
75 9314
77 9314
79 9314
81 9314
83 9314
85 9314
87 9314
89 9314
91 9314
93 9314
1 9316
3 9316
5 9316
7 9316
9 9316
11 9316
13 9316
15 9316
19 9316
21 9316
23 9316
25 9316
27 9316
29 9316
31 9316
33 9316
35 9316
37 9316
39 9316
41 9316
43 9316
45 9316
47 9316
49 9316
53 9316
55 9316
57 9316
59 9316
61 9316
63 9316
65 9316
67 9316
69 9316
71 9316
73 9316
75 9316
77 9316
79 9316
81 9316
83 9316
87 9316
89 9316
91 9316
93 9316
1 9318
5 9318
7 9318
11 9318
13 9318
17 9318
19 9318
23 9318
25 9318
29 9318
31 9318
35 9318
37 9318
41 9318
43 9318
47 9318
49 9318
53 9318
55 9318
59 9318
61 9318
65 9318
67 9318
71 9318
73 9318
77 9318
79 9318
83 9318
85 9318
89 9318
91 9318
1 9320
3 9320
7 9320
9 9320
11 9320
13 9320
17 9320
19 9320
21 9320
23 9320
27 9320
29 9320
31 9320
33 9320
37 9320
39 9320
41 9320
43 9320
47 9320
49 9320
51 9320
53 9320
57 9320
59 9320
61 9320
63 9320
67 9320
69 9320
71 9320
73 9320
77 9320
79 9320
81 9320
83 9320
87 9320
89 9320
91 9320
93 9320
1 9322
3 9322
5 9322
7 9322
9 9322
11 9322
13 9322
15 9322
17 9322
19 9322
21 9322
23 9322
25 9322
27 9322
29 9322
31 9322
33 9322
35 9322
37 9322
39 9322
41 9322
43 9322
45 9322
47 9322
49 9322
51 9322
53 9322
55 9322
57 9322
61 9322
63 9322
65 9322
67 9322
69 9322
71 9322
73 9322
75 9322
77 9322
81 9322
83 9322
85 9322
87 9322
89 9322
91 9322
93 9322
1 9324
5 9324
11 9324
13 9324
17 9324
19 9324
23 9324
25 9324
29 9324
31 9324
41 9324
43 9324
47 9324
53 9324
55 9324
59 9324
61 9324
65 9324
67 9324
71 9324
73 9324
79 9324
83 9324
85 9324
89 9324
1 9326
3 9326
5 9326
7 9326
9 9326
11 9326
13 9326
15 9326
17 9326
19 9326
21 9326
23 9326
25 9326
27 9326
29 9326
31 9326
33 9326
35 9326
37 9326
39 9326
41 9326
43 9326
45 9326
47 9326
49 9326
51 9326
53 9326
55 9326
57 9326
59 9326
61 9326
63 9326
65 9326
67 9326
69 9326
71 9326
73 9326
75 9326
77 9326
79 9326
81 9326
83 9326
85 9326
87 9326
89 9326
91 9326
93 9326
1 9328
3 9328
5 9328
7 9328
9 9328
13 9328
15 9328
17 9328
19 9328
21 9328
23 9328
25 9328
27 9328
29 9328
31 9328
35 9328
37 9328
39 9328
41 9328
43 9328
45 9328
47 9328
49 9328
51 9328
57 9328
59 9328
61 9328
63 9328
65 9328
67 9328
69 9328
71 9328
73 9328
75 9328
79 9328
81 9328
83 9328
85 9328
87 9328
89 9328
91 9328
93 9328
1 9330
7 9330
11 9330
13 9330
17 9330
19 9330
23 9330
29 9330
31 9330
37 9330
41 9330
43 9330
47 9330
49 9330
53 9330
59 9330
61 9330
67 9330
71 9330
73 9330
77 9330
79 9330
83 9330
89 9330
91 9330
1 9332
3 9332
5 9332
7 9332
9 9332
11 9332
13 9332
15 9332
17 9332
19 9332
21 9332
23 9332
25 9332
27 9332
29 9332
31 9332
33 9332
35 9332
37 9332
39 9332
41 9332
43 9332
45 9332
47 9332
49 9332
51 9332
53 9332
55 9332
57 9332
59 9332
61 9332
63 9332
65 9332
67 9332
69 9332
71 9332
73 9332
75 9332
77 9332
79 9332
81 9332
83 9332
85 9332
87 9332
89 9332
91 9332
93 9332
1 9334
3 9334
5 9334
7 9334
9 9334
11 9334
15 9334
17 9334
19 9334
21 9334
23 9334
25 9334
27 9334
29 9334
31 9334
33 9334
35 9334
37 9334
41 9334
43 9334
45 9334
47 9334
49 9334
51 9334
53 9334
55 9334
57 9334
59 9334
61 9334
63 9334
67 9334
69 9334
71 9334
73 9334
75 9334
77 9334
79 9334
81 9334
83 9334
85 9334
87 9334
89 9334
93 9334
1 9336
5 9336
7 9336
11 9336
13 9336
17 9336
19 9336
23 9336
25 9336
29 9336
31 9336
35 9336
37 9336
41 9336
43 9336
47 9336
49 9336
53 9336
55 9336
59 9336
61 9336
65 9336
67 9336
71 9336
73 9336
77 9336
79 9336
83 9336
85 9336
89 9336
91 9336
1 9338
3 9338
5 9338
9 9338
11 9338
13 9338
15 9338
17 9338
19 9338
25 9338
27 9338
31 9338
33 9338
37 9338
39 9338
41 9338
43 9338
45 9338
47 9338
51 9338
53 9338
55 9338
57 9338
59 9338
61 9338
65 9338
67 9338
71 9338
73 9338
75 9338
79 9338
81 9338
83 9338
85 9338
89 9338
93 9338
1 9340
3 9340
7 9340
9 9340
11 9340
13 9340
17 9340
19 9340
21 9340
23 9340
27 9340
29 9340
31 9340
33 9340
37 9340
39 9340
41 9340
43 9340
47 9340
49 9340
51 9340
53 9340
57 9340
59 9340
61 9340
63 9340
67 9340
69 9340
71 9340
73 9340
77 9340
79 9340
81 9340
83 9340
87 9340
89 9340
91 9340
93 9340
1 9342
5 9342
7 9342
11 9342
13 9342
17 9342
19 9342
23 9342
25 9342
29 9342
31 9342
35 9342
37 9342
41 9342
43 9342
47 9342
49 9342
53 9342
55 9342
59 9342
61 9342
65 9342
67 9342
71 9342
73 9342
77 9342
79 9342
83 9342
85 9342
89 9342
91 9342
1 9344
3 9344
5 9344
7 9344
9 9344
11 9344
13 9344
15 9344
17 9344
19 9344
21 9344
23 9344
25 9344
27 9344
29 9344
31 9344
33 9344
35 9344
37 9344
39 9344
41 9344
43 9344
45 9344
47 9344
49 9344
51 9344
53 9344
55 9344
57 9344
59 9344
61 9344
63 9344
65 9344
67 9344
69 9344
71 9344
75 9344
77 9344
79 9344
81 9344
83 9344
85 9344
87 9344
89 9344
91 9344
93 9344
1 9346
3 9346
5 9346
7 9346
9 9346
11 9346
13 9346
15 9346
17 9346
19 9346
21 9346
23 9346
25 9346
27 9346
29 9346
31 9346
33 9346
35 9346
37 9346
39 9346
41 9346
43 9346
45 9346
47 9346
49 9346
51 9346
53 9346
55 9346
57 9346
59 9346
61 9346
63 9346
65 9346
67 9346
69 9346
71 9346
73 9346
75 9346
77 9346
79 9346
81 9346
83 9346
85 9346
87 9346
89 9346
91 9346
93 9346
1 9348
5 9348
7 9348
11 9348
13 9348
17 9348
23 9348
25 9348
29 9348
31 9348
35 9348
37 9348
43 9348
47 9348
49 9348
53 9348
55 9348
59 9348
61 9348
65 9348
67 9348
71 9348
73 9348
77 9348
79 9348
83 9348
85 9348
89 9348
91 9348
1 9350
3 9350
7 9350
9 9350
13 9350
19 9350
21 9350
23 9350
27 9350
29 9350
31 9350
37 9350
39 9350
41 9350
43 9350
47 9350
49 9350
53 9350
57 9350
59 9350
61 9350
63 9350
67 9350
69 9350
71 9350
73 9350
79 9350
81 9350
83 9350
87 9350
89 9350
91 9350
93 9350
1 9352
3 9352
5 9352
9 9352
11 9352
13 9352
15 9352
17 9352
19 9352
23 9352
25 9352
27 9352
29 9352
31 9352
33 9352
37 9352
39 9352
41 9352
43 9352
45 9352
47 9352
51 9352
53 9352
55 9352
57 9352
59 9352
61 9352
65 9352
67 9352
69 9352
71 9352
73 9352
75 9352
79 9352
81 9352
83 9352
85 9352
87 9352
89 9352
93 9352
1 9354
5 9354
7 9354
11 9354
13 9354
17 9354
19 9354
23 9354
25 9354
29 9354
31 9354
35 9354
37 9354
41 9354
43 9354
47 9354
49 9354
53 9354
55 9354
59 9354
61 9354
65 9354
67 9354
71 9354
73 9354
77 9354
79 9354
83 9354
85 9354
89 9354
91 9354
1 9356
3 9356
5 9356
7 9356
9 9356
11 9356
13 9356
15 9356
17 9356
19 9356
21 9356
23 9356
25 9356
27 9356
29 9356
31 9356
33 9356
35 9356
37 9356
39 9356
41 9356
43 9356
45 9356
47 9356
49 9356
51 9356
53 9356
55 9356
57 9356
59 9356
61 9356
63 9356
65 9356
67 9356
69 9356
71 9356
73 9356
75 9356
77 9356
79 9356
81 9356
83 9356
85 9356
87 9356
89 9356
91 9356
93 9356
1 9358
3 9358
5 9358
7 9358
9 9358
11 9358
13 9358
15 9358
17 9358
19 9358
21 9358
23 9358
25 9358
27 9358
29 9358
31 9358
33 9358
35 9358
37 9358
39 9358
41 9358
43 9358
45 9358
47 9358
49 9358
51 9358
53 9358
55 9358
57 9358
59 9358
61 9358
63 9358
65 9358
67 9358
69 9358
71 9358
73 9358
75 9358
77 9358
79 9358
81 9358
83 9358
85 9358
87 9358
89 9358
91 9358
93 9358
1 9360
7 9360
11 9360
17 9360
19 9360
23 9360
29 9360
31 9360
37 9360
41 9360
43 9360
47 9360
49 9360
53 9360
59 9360
61 9360
67 9360
71 9360
73 9360
77 9360
79 9360
83 9360
89 9360
1 9362
3 9362
5 9362
7 9362
9 9362
11 9362
13 9362
15 9362
17 9362
19 9362
21 9362
23 9362
25 9362
27 9362
29 9362
33 9362
35 9362
37 9362
39 9362
41 9362
43 9362
45 9362
47 9362
49 9362
51 9362
53 9362
55 9362
57 9362
59 9362
61 9362
63 9362
65 9362
67 9362
69 9362
71 9362
73 9362
75 9362
77 9362
79 9362
81 9362
83 9362
85 9362
87 9362
89 9362
91 9362
1 9364
3 9364
5 9364
7 9364
9 9364
11 9364
13 9364
15 9364
17 9364
19 9364
21 9364
23 9364
25 9364
27 9364
29 9364
31 9364
33 9364
35 9364
37 9364
39 9364
41 9364
43 9364
45 9364
47 9364
49 9364
51 9364
53 9364
55 9364
57 9364
59 9364
61 9364
63 9364
65 9364
67 9364
69 9364
71 9364
73 9364
75 9364
77 9364
79 9364
81 9364
83 9364
85 9364
87 9364
89 9364
91 9364
93 9364
1 9366
5 9366
11 9366
13 9366
17 9366
19 9366
23 9366
25 9366
29 9366
31 9366
37 9366
41 9366
43 9366
47 9366
53 9366
55 9366
59 9366
61 9366
65 9366
67 9366
71 9366
73 9366
79 9366
83 9366
85 9366
89 9366
1 9368
3 9368
5 9368
7 9368
9 9368
11 9368
13 9368
15 9368
17 9368
19 9368
21 9368
23 9368
25 9368
27 9368
29 9368
31 9368
33 9368
35 9368
37 9368
39 9368
41 9368
43 9368
45 9368
47 9368
49 9368
51 9368
53 9368
55 9368
57 9368
59 9368
61 9368
63 9368
65 9368
67 9368
69 9368
71 9368
73 9368
75 9368
77 9368
79 9368
81 9368
83 9368
85 9368
87 9368
89 9368
91 9368
93 9368
1 9370
3 9370
7 9370
9 9370
11 9370
13 9370
17 9370
19 9370
21 9370
23 9370
27 9370
29 9370
31 9370
33 9370
37 9370
39 9370
41 9370
43 9370
47 9370
49 9370
51 9370
53 9370
57 9370
59 9370
61 9370
63 9370
67 9370
69 9370
71 9370
73 9370
77 9370
79 9370
81 9370
83 9370
87 9370
89 9370
91 9370
93 9370
1 9372
5 9372
7 9372
13 9372
17 9372
19 9372
23 9372
25 9372
29 9372
31 9372
35 9372
37 9372
41 9372
43 9372
47 9372
49 9372
53 9372
59 9372
61 9372
65 9372
67 9372
73 9372
79 9372
83 9372
85 9372
89 9372
91 9372
1 9374
3 9374
5 9374
7 9374
9 9374
11 9374
13 9374
15 9374
17 9374
19 9374
21 9374
23 9374
25 9374
27 9374
29 9374
31 9374
33 9374
35 9374
37 9374
39 9374
41 9374
45 9374
47 9374
49 9374
51 9374
53 9374
55 9374
57 9374
59 9374
61 9374
63 9374
65 9374
67 9374
69 9374
71 9374
73 9374
75 9374
77 9374
79 9374
81 9374
83 9374
85 9374
87 9374
89 9374
91 9374
93 9374
1 9376
3 9376
5 9376
7 9376
9 9376
11 9376
13 9376
15 9376
17 9376
19 9376
21 9376
23 9376
25 9376
27 9376
29 9376
31 9376
33 9376
35 9376
37 9376
39 9376
41 9376
43 9376
45 9376
47 9376
49 9376
51 9376
53 9376
55 9376
57 9376
59 9376
61 9376
63 9376
65 9376
67 9376
69 9376
71 9376
73 9376
75 9376
77 9376
79 9376
81 9376
83 9376
85 9376
87 9376
89 9376
91 9376
93 9376
1 9378
5 9378
7 9378
11 9378
13 9378
17 9378
19 9378
23 9378
25 9378
29 9378
31 9378
35 9378
37 9378
41 9378
43 9378
47 9378
49 9378
53 9378
55 9378
59 9378
61 9378
65 9378
67 9378
71 9378
73 9378
77 9378
79 9378
83 9378
85 9378
89 9378
91 9378
1 9380
3 9380
9 9380
11 9380
13 9380
17 9380
19 9380
23 9380
27 9380
29 9380
31 9380
33 9380
37 9380
39 9380
41 9380
43 9380
47 9380
51 9380
53 9380
57 9380
59 9380
61 9380
69 9380
71 9380
73 9380
79 9380
81 9380
83 9380
87 9380
89 9380
93 9380
1 9382
3 9382
5 9382
7 9382
9 9382
11 9382
13 9382
15 9382
17 9382
19 9382
21 9382
23 9382
25 9382
27 9382
29 9382
31 9382
33 9382
35 9382
37 9382
39 9382
41 9382
43 9382
45 9382
47 9382
49 9382
51 9382
53 9382
55 9382
57 9382
59 9382
61 9382
63 9382
65 9382
67 9382
69 9382
71 9382
73 9382
75 9382
77 9382
79 9382
81 9382
83 9382
85 9382
87 9382
89 9382
91 9382
93 9382
1 9384
5 9384
7 9384
11 9384
13 9384
19 9384
25 9384
29 9384
31 9384
35 9384
37 9384
41 9384
43 9384
47 9384
49 9384
53 9384
55 9384
59 9384
61 9384
65 9384
67 9384
71 9384
73 9384
77 9384
79 9384
83 9384
89 9384
91 9384
1 9386
3 9386
5 9386
7 9386
9 9386
11 9386
15 9386
17 9386
21 9386
23 9386
25 9386
27 9386
29 9386
31 9386
33 9386
35 9386
37 9386
41 9386
43 9386
45 9386
47 9386
49 9386
51 9386
53 9386
55 9386
59 9386
61 9386
63 9386
67 9386
69 9386
71 9386
73 9386
75 9386
77 9386
79 9386
81 9386
83 9386
85 9386
87 9386
89 9386
93 9386
1 9388
3 9388
5 9388
7 9388
9 9388
11 9388
13 9388
15 9388
17 9388
19 9388
21 9388
23 9388
25 9388
27 9388
29 9388
31 9388
33 9388
35 9388
37 9388
39 9388
41 9388
43 9388
45 9388
47 9388
49 9388
51 9388
53 9388
55 9388
57 9388
59 9388
61 9388
63 9388
65 9388
67 9388
69 9388
71 9388
73 9388
75 9388
77 9388
79 9388
81 9388
83 9388
85 9388
87 9388
89 9388
91 9388
93 9388
1 9390
7 9390
11 9390
13 9390
17 9390
19 9390
23 9390
29 9390
31 9390
37 9390
41 9390
43 9390
47 9390
49 9390
53 9390
59 9390
61 9390
67 9390
71 9390
73 9390
77 9390
79 9390
83 9390
89 9390
91 9390
1 9392
3 9392
5 9392
7 9392
9 9392
11 9392
13 9392
15 9392
17 9392
19 9392
21 9392
23 9392
25 9392
27 9392
29 9392
31 9392
33 9392
35 9392
37 9392
39 9392
41 9392
43 9392
45 9392
47 9392
49 9392
51 9392
53 9392
55 9392
57 9392
59 9392
61 9392
63 9392
65 9392
67 9392
69 9392
71 9392
73 9392
75 9392
77 9392
79 9392
81 9392
83 9392
85 9392
87 9392
89 9392
91 9392
93 9392
1 9394
3 9394
5 9394
9 9394
13 9394
15 9394
17 9394
19 9394
23 9394
25 9394
27 9394
29 9394
31 9394
37 9394
39 9394
41 9394
43 9394
45 9394
47 9394
51 9394
53 9394
57 9394
59 9394
65 9394
67 9394
69 9394
71 9394
73 9394
75 9394
79 9394
81 9394
83 9394
85 9394
87 9394
89 9394
93 9394
1 9396
5 9396
7 9396
11 9396
13 9396
17 9396
19 9396
23 9396
25 9396
31 9396
35 9396
37 9396
41 9396
43 9396
47 9396
49 9396
53 9396
55 9396
59 9396
61 9396
65 9396
67 9396
71 9396
73 9396
77 9396
79 9396
83 9396
85 9396
89 9396
91 9396
1 9398
3 9398
5 9398
7 9398
9 9398
11 9398
13 9398
15 9398
17 9398
19 9398
21 9398
23 9398
25 9398
27 9398
29 9398
31 9398
33 9398
35 9398
39 9398
41 9398
43 9398
45 9398
47 9398
49 9398
51 9398
53 9398
55 9398
57 9398
59 9398
61 9398
63 9398
65 9398
67 9398
69 9398
71 9398
73 9398
75 9398
77 9398
79 9398
81 9398
83 9398
85 9398
87 9398
89 9398
91 9398
93 9398
1 9400
3 9400
7 9400
9 9400
11 9400
13 9400
17 9400
19 9400
21 9400
23 9400
27 9400
29 9400
31 9400
33 9400
37 9400
39 9400
41 9400
43 9400
49 9400
51 9400
53 9400
57 9400
59 9400
61 9400
63 9400
67 9400
69 9400
71 9400
73 9400
77 9400
79 9400
81 9400
83 9400
87 9400
89 9400
91 9400
93 9400
1 9402
5 9402
7 9402
11 9402
13 9402
17 9402
19 9402
23 9402
25 9402
29 9402
31 9402
35 9402
37 9402
41 9402
43 9402
47 9402
49 9402
53 9402
55 9402
59 9402
61 9402
65 9402
67 9402
71 9402
73 9402
77 9402
79 9402
83 9402
85 9402
89 9402
91 9402
1 9404
3 9404
5 9404
7 9404
9 9404
11 9404
13 9404
15 9404
17 9404
19 9404
21 9404
23 9404
25 9404
27 9404
29 9404
31 9404
33 9404
35 9404
37 9404
39 9404
41 9404
43 9404
45 9404
47 9404
49 9404
51 9404
53 9404
55 9404
57 9404
59 9404
61 9404
63 9404
65 9404
67 9404
69 9404
71 9404
73 9404
75 9404
77 9404
79 9404
81 9404
83 9404
85 9404
87 9404
89 9404
91 9404
93 9404
1 9406
3 9406
5 9406
7 9406
9 9406
11 9406
13 9406
15 9406
17 9406
19 9406
21 9406
23 9406
25 9406
27 9406
29 9406
31 9406
33 9406
35 9406
37 9406
39 9406
41 9406
43 9406
45 9406
47 9406
49 9406
51 9406
53 9406
55 9406
57 9406
59 9406
61 9406
63 9406
65 9406
67 9406
69 9406
71 9406
73 9406
75 9406
77 9406
79 9406
81 9406
83 9406
85 9406
87 9406
89 9406
91 9406
93 9406
1 9408
5 9408
11 9408
13 9408
17 9408
19 9408
23 9408
25 9408
29 9408
31 9408
37 9408
41 9408
43 9408
47 9408
53 9408
55 9408
59 9408
61 9408
65 9408
67 9408
71 9408
73 9408
79 9408
83 9408
85 9408
89 9408
1 9410
3 9410
7 9410
9 9410
11 9410
13 9410
17 9410
19 9410
21 9410
23 9410
27 9410
29 9410
31 9410
33 9410
37 9410
39 9410
41 9410
43 9410
47 9410
49 9410
51 9410
53 9410
57 9410
59 9410
61 9410
63 9410
67 9410
69 9410
71 9410
73 9410
77 9410
79 9410
81 9410
83 9410
87 9410
89 9410
91 9410
93 9410
1 9412
3 9412
5 9412
7 9412
9 9412
11 9412
15 9412
17 9412
19 9412
21 9412
23 9412
25 9412
27 9412
29 9412
31 9412
33 9412
35 9412
37 9412
41 9412
43 9412
45 9412
47 9412
49 9412
51 9412
53 9412
55 9412
57 9412
59 9412
61 9412
63 9412
67 9412
69 9412
71 9412
73 9412
75 9412
77 9412
79 9412
81 9412
83 9412
85 9412
87 9412
89 9412
93 9412
1 9414
5 9414
7 9414
11 9414
13 9414
17 9414
19 9414
23 9414
25 9414
29 9414
31 9414
35 9414
37 9414
41 9414
43 9414
47 9414
49 9414
53 9414
55 9414
59 9414
61 9414
65 9414
67 9414
71 9414
73 9414
77 9414
79 9414
83 9414
85 9414
89 9414
91 9414
1 9416
3 9416
5 9416
7 9416
9 9416
13 9416
15 9416
17 9416
19 9416
21 9416
23 9416
25 9416
27 9416
29 9416
31 9416
35 9416
37 9416
39 9416
41 9416
43 9416
45 9416
47 9416
49 9416
51 9416
53 9416
57 9416
59 9416
61 9416
63 9416
65 9416
67 9416
69 9416
71 9416
73 9416
75 9416
79 9416
81 9416
83 9416
85 9416
87 9416
89 9416
91 9416
93 9416
1 9418
3 9418
5 9418
7 9418
9 9418
11 9418
13 9418
15 9418
19 9418
21 9418
23 9418
25 9418
27 9418
29 9418
31 9418
33 9418
35 9418
37 9418
39 9418
41 9418
43 9418
45 9418
47 9418
49 9418
53 9418
55 9418
57 9418
59 9418
61 9418
63 9418
65 9418
67 9418
69 9418
71 9418
73 9418
75 9418
77 9418
79 9418
81 9418
83 9418
87 9418
89 9418
91 9418
93 9418
1 9420
7 9420
11 9420
13 9420
17 9420
19 9420
23 9420
29 9420
31 9420
37 9420
41 9420
43 9420
47 9420
49 9420
53 9420
59 9420
61 9420
67 9420
71 9420
73 9420
77 9420
79 9420
83 9420
89 9420
91 9420
1 9422
3 9422
5 9422
9 9422
11 9422
13 9422
15 9422
17 9422
19 9422
23 9422
25 9422
27 9422
29 9422
31 9422
33 9422
37 9422
39 9422
41 9422
43 9422
45 9422
47 9422
51 9422
53 9422
55 9422
57 9422
59 9422
61 9422
65 9422
67 9422
69 9422
71 9422
73 9422
75 9422
79 9422
81 9422
83 9422
85 9422
87 9422
89 9422
93 9422
1 9424
3 9424
5 9424
7 9424
9 9424
11 9424
13 9424
15 9424
17 9424
21 9424
23 9424
25 9424
27 9424
29 9424
33 9424
35 9424
37 9424
39 9424
41 9424
43 9424
45 9424
47 9424
49 9424
51 9424
53 9424
55 9424
59 9424
61 9424
63 9424
65 9424
67 9424
69 9424
71 9424
73 9424
75 9424
77 9424
79 9424
81 9424
83 9424
85 9424
87 9424
89 9424
91 9424
1 9426
5 9426
7 9426
11 9426
13 9426
17 9426
19 9426
23 9426
25 9426
29 9426
31 9426
35 9426
37 9426
41 9426
43 9426
47 9426
49 9426
53 9426
55 9426
59 9426
61 9426
65 9426
67 9426
71 9426
73 9426
77 9426
79 9426
83 9426
85 9426
89 9426
91 9426
1 9428
3 9428
5 9428
7 9428
9 9428
11 9428
13 9428
15 9428
17 9428
19 9428
21 9428
23 9428
25 9428
27 9428
29 9428
31 9428
33 9428
35 9428
37 9428
39 9428
41 9428
43 9428
45 9428
47 9428
49 9428
51 9428
53 9428
55 9428
57 9428
59 9428
61 9428
63 9428
65 9428
67 9428
69 9428
71 9428
73 9428
75 9428
77 9428
79 9428
81 9428
83 9428
85 9428
87 9428
89 9428
91 9428
93 9428
1 9430
3 9430
7 9430
9 9430
11 9430
13 9430
17 9430
19 9430
21 9430
27 9430
29 9430
31 9430
33 9430
37 9430
39 9430
43 9430
47 9430
49 9430
51 9430
53 9430
57 9430
59 9430
61 9430
63 9430
67 9430
71 9430
73 9430
77 9430
79 9430
81 9430
83 9430
87 9430
89 9430
91 9430
93 9430
1 9432
5 9432
7 9432
11 9432
13 9432
17 9432
19 9432
23 9432
25 9432
29 9432
31 9432
35 9432
37 9432
41 9432
43 9432
47 9432
49 9432
53 9432
55 9432
59 9432
61 9432
65 9432
67 9432
71 9432
73 9432
77 9432
79 9432
83 9432
85 9432
89 9432
91 9432
1 9434
3 9434
5 9434
7 9434
9 9434
11 9434
13 9434
15 9434
17 9434
19 9434
21 9434
23 9434
25 9434
27 9434
29 9434
31 9434
33 9434
35 9434
37 9434
39 9434
41 9434
43 9434
45 9434
47 9434
49 9434
51 9434
55 9434
57 9434
59 9434
61 9434
63 9434
65 9434
67 9434
69 9434
71 9434
73 9434
75 9434
77 9434
79 9434
81 9434
83 9434
85 9434
87 9434
91 9434
93 9434
1 9436
3 9436
5 9436
9 9436
11 9436
13 9436
15 9436
17 9436
19 9436
23 9436
25 9436
27 9436
29 9436
31 9436
33 9436
37 9436
39 9436
41 9436
43 9436
45 9436
47 9436
51 9436
53 9436
55 9436
57 9436
59 9436
61 9436
65 9436
67 9436
69 9436
71 9436
73 9436
75 9436
79 9436
81 9436
83 9436
85 9436
87 9436
89 9436
93 9436
1 9438
5 9438
7 9438
17 9438
19 9438
23 9438
25 9438
29 9438
31 9438
35 9438
37 9438
41 9438
43 9438
47 9438
49 9438
53 9438
59 9438
61 9438
67 9438
71 9438
73 9438
79 9438
83 9438
85 9438
89 9438
1 9440
3 9440
7 9440
9 9440
11 9440
13 9440
17 9440
19 9440
21 9440
23 9440
27 9440
29 9440
31 9440
33 9440
37 9440
39 9440
41 9440
43 9440
47 9440
49 9440
51 9440
53 9440
57 9440
61 9440
63 9440
67 9440
69 9440
71 9440
73 9440
77 9440
79 9440
81 9440
83 9440
87 9440
89 9440
91 9440
93 9440
1 9442
3 9442
5 9442
7 9442
9 9442
11 9442
13 9442
15 9442
17 9442
19 9442
21 9442
23 9442
25 9442
27 9442
29 9442
31 9442
33 9442
35 9442
37 9442
39 9442
41 9442
43 9442
45 9442
47 9442
49 9442
51 9442
53 9442
55 9442
57 9442
59 9442
61 9442
63 9442
65 9442
67 9442
69 9442
71 9442
73 9442
75 9442
77 9442
79 9442
81 9442
83 9442
85 9442
87 9442
89 9442
91 9442
93 9442
1 9444
5 9444
7 9444
11 9444
13 9444
17 9444
19 9444
23 9444
25 9444
29 9444
31 9444
35 9444
37 9444
41 9444
43 9444
47 9444
49 9444
53 9444
55 9444
59 9444
61 9444
65 9444
67 9444
71 9444
73 9444
77 9444
79 9444
83 9444
85 9444
89 9444
91 9444
1 9446
3 9446
5 9446
7 9446
9 9446
11 9446
13 9446
15 9446
17 9446
19 9446
21 9446
23 9446
25 9446
27 9446
29 9446
31 9446
33 9446
35 9446
37 9446
39 9446
41 9446
43 9446
45 9446
47 9446
49 9446
51 9446
53 9446
55 9446
57 9446
59 9446
61 9446
63 9446
65 9446
67 9446
69 9446
71 9446
73 9446
75 9446
77 9446
79 9446
81 9446
83 9446
85 9446
87 9446
89 9446
91 9446
93 9446
1 9448
3 9448
5 9448
7 9448
9 9448
11 9448
13 9448
15 9448
17 9448
19 9448
21 9448
23 9448
25 9448
27 9448
29 9448
31 9448
33 9448
35 9448
37 9448
39 9448
41 9448
43 9448
45 9448
47 9448
49 9448
51 9448
53 9448
55 9448
57 9448
59 9448
61 9448
63 9448
65 9448
67 9448
69 9448
71 9448
73 9448
75 9448
77 9448
79 9448
81 9448
83 9448
85 9448
87 9448
89 9448
91 9448
93 9448
1 9450
11 9450
13 9450
17 9450
19 9450
23 9450
29 9450
31 9450
37 9450
41 9450
43 9450
47 9450
53 9450
59 9450
61 9450
67 9450
71 9450
73 9450
79 9450
83 9450
89 9450
1 9452
3 9452
5 9452
7 9452
9 9452
11 9452
13 9452
15 9452
19 9452
21 9452
23 9452
25 9452
27 9452
29 9452
31 9452
33 9452
35 9452
37 9452
39 9452
41 9452
43 9452
45 9452
47 9452
49 9452
53 9452
55 9452
57 9452
59 9452
61 9452
63 9452
65 9452
67 9452
69 9452
71 9452
73 9452
75 9452
77 9452
79 9452
81 9452
83 9452
87 9452
89 9452
91 9452
93 9452
1 9454
3 9454
5 9454
7 9454
9 9454
11 9454
13 9454
15 9454
17 9454
19 9454
21 9454
23 9454
25 9454
27 9454
31 9454
33 9454
35 9454
37 9454
39 9454
41 9454
43 9454
45 9454
47 9454
49 9454
51 9454
53 9454
55 9454
57 9454
59 9454
61 9454
63 9454
65 9454
67 9454
69 9454
71 9454
73 9454
75 9454
77 9454
79 9454
81 9454
83 9454
85 9454
89 9454
91 9454
93 9454
1 9456
5 9456
7 9456
11 9456
13 9456
17 9456
19 9456
23 9456
25 9456
29 9456
31 9456
35 9456
37 9456
41 9456
43 9456
47 9456
49 9456
53 9456
55 9456
59 9456
61 9456
65 9456
67 9456
71 9456
73 9456
77 9456
79 9456
83 9456
85 9456
89 9456
91 9456
1 9458
3 9458
5 9458
7 9458
9 9458
11 9458
13 9458
15 9458
17 9458
19 9458
21 9458
23 9458
25 9458
27 9458
29 9458
31 9458
33 9458
35 9458
37 9458
39 9458
41 9458
43 9458
45 9458
47 9458
49 9458
51 9458
53 9458
55 9458
57 9458
59 9458
61 9458
63 9458
65 9458
67 9458
69 9458
71 9458
73 9458
75 9458
77 9458
79 9458
81 9458
83 9458
85 9458
87 9458
89 9458
91 9458
93 9458
1 9460
3 9460
7 9460
9 9460
13 9460
17 9460
19 9460
21 9460
23 9460
27 9460
29 9460
31 9460
37 9460
39 9460
41 9460
47 9460
49 9460
51 9460
53 9460
57 9460
59 9460
61 9460
63 9460
67 9460
69 9460
71 9460
73 9460
79 9460
81 9460
83 9460
87 9460
89 9460
91 9460
93 9460
1 9462
5 9462
7 9462
11 9462
13 9462
17 9462
23 9462
25 9462
29 9462
31 9462
35 9462
37 9462
41 9462
43 9462
47 9462
49 9462
53 9462
55 9462
59 9462
61 9462
65 9462
67 9462
71 9462
73 9462
77 9462
79 9462
85 9462
89 9462
91 9462
1 9464
3 9464
5 9464
9 9464
11 9464
15 9464
17 9464
19 9464
23 9464
25 9464
27 9464
29 9464
31 9464
33 9464
37 9464
41 9464
43 9464
45 9464
47 9464
51 9464
53 9464
55 9464
57 9464
59 9464
61 9464
67 9464
69 9464
71 9464
73 9464
75 9464
79 9464
81 9464
83 9464
85 9464
87 9464
89 9464
93 9464
1 9466
3 9466
5 9466
7 9466
9 9466
11 9466
13 9466
15 9466
17 9466
19 9466
21 9466
23 9466
25 9466
27 9466
29 9466
31 9466
33 9466
35 9466
37 9466
39 9466
41 9466
43 9466
45 9466
47 9466
49 9466
51 9466
53 9466
55 9466
57 9466
59 9466
61 9466
63 9466
65 9466
67 9466
69 9466
71 9466
73 9466
75 9466
77 9466
79 9466
81 9466
83 9466
85 9466
87 9466
89 9466
91 9466
93 9466
1 9468
5 9468
7 9468
11 9468
13 9468
17 9468
19 9468
23 9468
25 9468
29 9468
31 9468
35 9468
37 9468
41 9468
43 9468
47 9468
49 9468
53 9468
55 9468
59 9468
61 9468
65 9468
67 9468
71 9468
73 9468
77 9468
79 9468
83 9468
85 9468
89 9468
91 9468
1 9470
3 9470
7 9470
9 9470
11 9470
13 9470
17 9470
19 9470
21 9470
23 9470
27 9470
29 9470
31 9470
33 9470
37 9470
39 9470
41 9470
43 9470
47 9470
49 9470
51 9470
53 9470
57 9470
59 9470
61 9470
63 9470
67 9470
69 9470
71 9470
73 9470
77 9470
79 9470
81 9470
83 9470
87 9470
89 9470
91 9470
93 9470
1 9472
3 9472
5 9472
7 9472
9 9472
11 9472
13 9472
15 9472
17 9472
19 9472
21 9472
23 9472
25 9472
27 9472
29 9472
31 9472
33 9472
35 9472
39 9472
41 9472
43 9472
45 9472
47 9472
49 9472
51 9472
53 9472
55 9472
57 9472
59 9472
61 9472
63 9472
65 9472
67 9472
69 9472
71 9472
73 9472
75 9472
77 9472
79 9472
81 9472
83 9472
85 9472
87 9472
89 9472
91 9472
93 9472
1 9474
5 9474
7 9474
11 9474
13 9474
17 9474
19 9474
23 9474
25 9474
29 9474
31 9474
35 9474
37 9474
41 9474
43 9474
47 9474
49 9474
53 9474
55 9474
59 9474
61 9474
65 9474
67 9474
71 9474
73 9474
77 9474
79 9474
83 9474
85 9474
89 9474
91 9474
1 9476
3 9476
5 9476
7 9476
9 9476
11 9476
13 9476
15 9476
17 9476
19 9476
21 9476
25 9476
27 9476
29 9476
31 9476
33 9476
35 9476
37 9476
39 9476
41 9476
43 9476
45 9476
47 9476
49 9476
51 9476
53 9476
55 9476
57 9476
59 9476
61 9476
63 9476
65 9476
67 9476
71 9476
73 9476
75 9476
77 9476
79 9476
81 9476
83 9476
85 9476
87 9476
89 9476
91 9476
93 9476
1 9478
3 9478
5 9478
9 9478
11 9478
13 9478
15 9478
17 9478
19 9478
23 9478
25 9478
27 9478
29 9478
31 9478
33 9478
37 9478
39 9478
41 9478
43 9478
45 9478
47 9478
51 9478
53 9478
55 9478
57 9478
59 9478
61 9478
65 9478
67 9478
69 9478
71 9478
73 9478
75 9478
79 9478
81 9478
83 9478
85 9478
87 9478
89 9478
93 9478
1 9480
7 9480
11 9480
13 9480
17 9480
19 9480
23 9480
29 9480
31 9480
37 9480
41 9480
43 9480
47 9480
49 9480
53 9480
59 9480
61 9480
67 9480
71 9480
73 9480
77 9480
83 9480
89 9480
91 9480
1 9482
3 9482
5 9482
7 9482
9 9482
13 9482
15 9482
17 9482
19 9482
21 9482
23 9482
25 9482
27 9482
29 9482
31 9482
35 9482
37 9482
39 9482
41 9482
43 9482
45 9482
47 9482
49 9482
51 9482
53 9482
57 9482
59 9482
61 9482
63 9482
65 9482
67 9482
69 9482
71 9482
73 9482
75 9482
79 9482
81 9482
83 9482
85 9482
87 9482
89 9482
91 9482
93 9482
1 9484
3 9484
5 9484
7 9484
9 9484
11 9484
13 9484
15 9484
17 9484
19 9484
21 9484
23 9484
25 9484
27 9484
29 9484
31 9484
33 9484
35 9484
37 9484
39 9484
41 9484
43 9484
45 9484
47 9484
49 9484
51 9484
53 9484
55 9484
57 9484
59 9484
61 9484
63 9484
65 9484
67 9484
69 9484
71 9484
73 9484
75 9484
77 9484
79 9484
81 9484
83 9484
85 9484
87 9484
89 9484
91 9484
93 9484
1 9486
5 9486
7 9486
11 9486
13 9486
19 9486
23 9486
25 9486
29 9486
35 9486
37 9486
41 9486
43 9486
47 9486
49 9486
53 9486
55 9486
59 9486
61 9486
65 9486
67 9486
71 9486
73 9486
77 9486
79 9486
83 9486
89 9486
91 9486
1 9488
3 9488
5 9488
7 9488
9 9488
11 9488
13 9488
15 9488
17 9488
19 9488
21 9488
23 9488
25 9488
27 9488
29 9488
31 9488
33 9488
35 9488
37 9488
39 9488
41 9488
43 9488
45 9488
47 9488
49 9488
51 9488
53 9488
55 9488
57 9488
59 9488
61 9488
63 9488
65 9488
67 9488
69 9488
71 9488
73 9488
75 9488
77 9488
79 9488
81 9488
83 9488
85 9488
87 9488
89 9488
91 9488
93 9488
1 9490
3 9490
7 9490
9 9490
11 9490
17 9490
19 9490
21 9490
23 9490
27 9490
29 9490
31 9490
33 9490
37 9490
41 9490
43 9490
47 9490
49 9490
51 9490
53 9490
57 9490
59 9490
61 9490
63 9490
67 9490
69 9490
71 9490
77 9490
79 9490
81 9490
83 9490
87 9490
89 9490
93 9490
1 9492
5 9492
11 9492
13 9492
17 9492
19 9492
23 9492
25 9492
29 9492
31 9492
37 9492
41 9492
43 9492
47 9492
53 9492
55 9492
59 9492
61 9492
65 9492
67 9492
71 9492
73 9492
79 9492
83 9492
85 9492
89 9492
1 9494
3 9494
5 9494
7 9494
9 9494
11 9494
13 9494
15 9494
17 9494
19 9494
21 9494
23 9494
25 9494
27 9494
29 9494
31 9494
33 9494
35 9494
37 9494
39 9494
41 9494
43 9494
45 9494
49 9494
51 9494
53 9494
55 9494
57 9494
59 9494
61 9494
63 9494
65 9494
67 9494
69 9494
71 9494
73 9494
75 9494
77 9494
79 9494
81 9494
83 9494
85 9494
87 9494
89 9494
91 9494
93 9494
1 9496
3 9496
5 9496
7 9496
9 9496
11 9496
13 9496
15 9496
17 9496
19 9496
21 9496
23 9496
25 9496
27 9496
29 9496
31 9496
33 9496
35 9496
37 9496
39 9496
41 9496
43 9496
45 9496
47 9496
49 9496
51 9496
53 9496
55 9496
57 9496
59 9496
61 9496
63 9496
65 9496
67 9496
69 9496
71 9496
73 9496
75 9496
77 9496
79 9496
81 9496
83 9496
85 9496
87 9496
89 9496
91 9496
93 9496
1 9498
5 9498
7 9498
11 9498
13 9498
17 9498
19 9498
23 9498
25 9498
29 9498
31 9498
35 9498
37 9498
41 9498
43 9498
47 9498
49 9498
53 9498
55 9498
59 9498
61 9498
65 9498
67 9498
71 9498
73 9498
77 9498
79 9498
83 9498
85 9498
89 9498
91 9498
1 9500
3 9500
7 9500
9 9500
11 9500
13 9500
17 9500
21 9500
23 9500
27 9500
29 9500
31 9500
33 9500
37 9500
39 9500
41 9500
43 9500
47 9500
49 9500
51 9500
53 9500
59 9500
61 9500
63 9500
67 9500
69 9500
71 9500
73 9500
77 9500
79 9500
81 9500
83 9500
87 9500
89 9500
91 9500
93 9500
1 9502
3 9502
5 9502
7 9502
9 9502
11 9502
13 9502
15 9502
17 9502
19 9502
21 9502
23 9502
25 9502
27 9502
29 9502
31 9502
33 9502
35 9502
37 9502
39 9502
41 9502
43 9502
45 9502
47 9502
49 9502
51 9502
53 9502
55 9502
57 9502
59 9502
61 9502
63 9502
65 9502
67 9502
69 9502
71 9502
73 9502
75 9502
77 9502
79 9502
81 9502
83 9502
85 9502
87 9502
89 9502
91 9502
93 9502
95 9502
1 9504
5 9504
7 9504
13 9504
17 9504
19 9504
23 9504
25 9504
29 9504
31 9504
35 9504
37 9504
41 9504
43 9504
47 9504
49 9504
53 9504
59 9504
61 9504
65 9504
67 9504
71 9504
73 9504
79 9504
83 9504
85 9504
89 9504
91 9504
95 9504
1 9506
3 9506
5 9506
9 9506
11 9506
13 9506
15 9506
17 9506
19 9506
23 9506
25 9506
27 9506
29 9506
31 9506
33 9506
37 9506
39 9506
41 9506
43 9506
45 9506
47 9506
51 9506
53 9506
55 9506
57 9506
59 9506
61 9506
65 9506
67 9506
69 9506
71 9506
73 9506
75 9506
79 9506
81 9506
83 9506
85 9506
87 9506
89 9506
93 9506
95 9506
1 9508
3 9508
5 9508
7 9508
9 9508
11 9508
13 9508
15 9508
17 9508
19 9508
21 9508
23 9508
25 9508
27 9508
29 9508
31 9508
33 9508
35 9508
37 9508
39 9508
41 9508
43 9508
45 9508
47 9508
49 9508
51 9508
53 9508
55 9508
57 9508
59 9508
61 9508
63 9508
65 9508
67 9508
69 9508
71 9508
73 9508
75 9508
77 9508
79 9508
81 9508
83 9508
85 9508
87 9508
89 9508
91 9508
93 9508
95 9508
1 9510
7 9510
11 9510
13 9510
17 9510
19 9510
23 9510
29 9510
31 9510
37 9510
41 9510
43 9510
47 9510
49 9510
53 9510
59 9510
61 9510
67 9510
71 9510
73 9510
77 9510
79 9510
83 9510
89 9510
91 9510
1 9512
3 9512
5 9512
7 9512
9 9512
11 9512
13 9512
15 9512
17 9512
19 9512
21 9512
23 9512
25 9512
27 9512
31 9512
33 9512
35 9512
37 9512
39 9512
43 9512
45 9512
47 9512
49 9512
51 9512
53 9512
55 9512
57 9512
59 9512
61 9512
63 9512
65 9512
67 9512
69 9512
71 9512
73 9512
75 9512
77 9512
79 9512
81 9512
83 9512
85 9512
89 9512
91 9512
93 9512
95 9512
1 9514
3 9514
5 9514
7 9514
9 9514
11 9514
13 9514
15 9514
17 9514
19 9514
21 9514
23 9514
25 9514
27 9514
29 9514
31 9514
33 9514
35 9514
37 9514
39 9514
41 9514
43 9514
45 9514
47 9514
49 9514
51 9514
53 9514
55 9514
57 9514
59 9514
61 9514
63 9514
65 9514
69 9514
73 9514
75 9514
77 9514
79 9514
81 9514
83 9514
85 9514
87 9514
89 9514
91 9514
93 9514
95 9514
1 9516
5 9516
7 9516
11 9516
17 9516
19 9516
23 9516
25 9516
29 9516
31 9516
35 9516
37 9516
41 9516
43 9516
47 9516
49 9516
53 9516
55 9516
59 9516
67 9516
71 9516
73 9516
77 9516
79 9516
83 9516
85 9516
89 9516
95 9516
1 9518
3 9518
5 9518
7 9518
9 9518
11 9518
13 9518
15 9518
17 9518
19 9518
21 9518
23 9518
25 9518
27 9518
29 9518
31 9518
33 9518
35 9518
37 9518
39 9518
41 9518
43 9518
45 9518
47 9518
49 9518
51 9518
53 9518
55 9518
57 9518
59 9518
61 9518
63 9518
65 9518
67 9518
69 9518
71 9518
73 9518
75 9518
77 9518
79 9518
81 9518
83 9518
85 9518
87 9518
89 9518
91 9518
93 9518
95 9518
1 9520
3 9520
9 9520
11 9520
13 9520
19 9520
23 9520
27 9520
29 9520
31 9520
33 9520
37 9520
39 9520
41 9520
43 9520
47 9520
53 9520
57 9520
59 9520
61 9520
67 9520
69 9520
71 9520
73 9520
79 9520
81 9520
83 9520
87 9520
89 9520
93 9520
1 9522
5 9522
7 9522
11 9522
13 9522
17 9522
19 9522
25 9522
29 9522
31 9522
35 9522
37 9522
41 9522
43 9522
47 9522
49 9522
53 9522
55 9522
59 9522
61 9522
65 9522
67 9522
71 9522
73 9522
77 9522
79 9522
83 9522
85 9522
89 9522
91 9522
95 9522
1 9524
3 9524
5 9524
7 9524
9 9524
11 9524
13 9524
15 9524
17 9524
19 9524
21 9524
23 9524
25 9524
27 9524
29 9524
31 9524
33 9524
35 9524
37 9524
39 9524
41 9524
43 9524
45 9524
47 9524
49 9524
51 9524
53 9524
55 9524
57 9524
59 9524
61 9524
63 9524
65 9524
67 9524
69 9524
71 9524
73 9524
75 9524
77 9524
79 9524
81 9524
83 9524
85 9524
87 9524
89 9524
91 9524
93 9524
95 9524
1 9526
3 9526
5 9526
7 9526
9 9526
13 9526
15 9526
17 9526
19 9526
21 9526
23 9526
25 9526
27 9526
29 9526
31 9526
35 9526
37 9526
39 9526
41 9526
43 9526
45 9526
47 9526
49 9526
51 9526
53 9526
57 9526
59 9526
61 9526
63 9526
65 9526
67 9526
69 9526
71 9526
73 9526
75 9526
79 9526
81 9526
83 9526
85 9526
87 9526
89 9526
91 9526
93 9526
95 9526
1 9528
5 9528
7 9528
11 9528
13 9528
17 9528
19 9528
23 9528
25 9528
29 9528
31 9528
35 9528
37 9528
41 9528
43 9528
47 9528
49 9528
53 9528
55 9528
59 9528
61 9528
65 9528
67 9528
71 9528
73 9528
77 9528
79 9528
83 9528
85 9528
89 9528
91 9528
95 9528
1 9530
3 9530
7 9530
9 9530
11 9530
13 9530
17 9530
19 9530
21 9530
23 9530
27 9530
29 9530
31 9530
33 9530
37 9530
39 9530
41 9530
43 9530
47 9530
49 9530
51 9530
53 9530
57 9530
59 9530
61 9530
63 9530
67 9530
69 9530
71 9530
73 9530
77 9530
79 9530
81 9530
83 9530
87 9530
89 9530
91 9530
93 9530
1 9532
3 9532
5 9532
7 9532
9 9532
11 9532
13 9532
15 9532
17 9532
19 9532
21 9532
23 9532
25 9532
27 9532
29 9532
31 9532
33 9532
35 9532
37 9532
39 9532
41 9532
43 9532
45 9532
47 9532
49 9532
51 9532
53 9532
55 9532
57 9532
59 9532
61 9532
63 9532
65 9532
67 9532
69 9532
71 9532
73 9532
75 9532
77 9532
79 9532
81 9532
83 9532
85 9532
87 9532
89 9532
91 9532
93 9532
95 9532
1 9534
5 9534
11 9534
13 9534
17 9534
19 9534
23 9534
25 9534
29 9534
31 9534
37 9534
41 9534
43 9534
47 9534
53 9534
55 9534
59 9534
61 9534
65 9534
67 9534
71 9534
73 9534
79 9534
83 9534
85 9534
89 9534
95 9534
1 9536
3 9536
5 9536
7 9536
9 9536
11 9536
13 9536
15 9536
17 9536
19 9536
21 9536
23 9536
25 9536
27 9536
29 9536
31 9536
33 9536
35 9536
37 9536
39 9536
41 9536
43 9536
45 9536
47 9536
49 9536
51 9536
53 9536
55 9536
57 9536
59 9536
61 9536
63 9536
65 9536
67 9536
69 9536
71 9536
73 9536
75 9536
77 9536
79 9536
81 9536
83 9536
85 9536
87 9536
89 9536
91 9536
93 9536
95 9536
1 9538
3 9538
5 9538
7 9538
9 9538
11 9538
13 9538
15 9538
17 9538
21 9538
23 9538
25 9538
27 9538
29 9538
31 9538
33 9538
35 9538
37 9538
39 9538
41 9538
43 9538
45 9538
47 9538
49 9538
51 9538
53 9538
55 9538
59 9538
61 9538
63 9538
65 9538
67 9538
69 9538
71 9538
73 9538
75 9538
77 9538
79 9538
81 9538
83 9538
85 9538
87 9538
89 9538
91 9538
93 9538
1 9540
7 9540
11 9540
13 9540
17 9540
19 9540
23 9540
29 9540
31 9540
37 9540
41 9540
43 9540
47 9540
49 9540
59 9540
61 9540
67 9540
71 9540
73 9540
77 9540
79 9540
83 9540
89 9540
91 9540
1 9542
3 9542
5 9542
7 9542
9 9542
11 9542
15 9542
17 9542
19 9542
21 9542
23 9542
25 9542
27 9542
29 9542
31 9542
33 9542
35 9542
37 9542
41 9542
43 9542
45 9542
47 9542
49 9542
51 9542
53 9542
55 9542
57 9542
59 9542
61 9542
63 9542
67 9542
69 9542
71 9542
73 9542
75 9542
77 9542
79 9542
81 9542
83 9542
85 9542
87 9542
89 9542
93 9542
95 9542
1 9544
3 9544
5 9544
7 9544
9 9544
11 9544
13 9544
15 9544
17 9544
19 9544
21 9544
23 9544
25 9544
27 9544
29 9544
31 9544
33 9544
35 9544
37 9544
39 9544
41 9544
43 9544
45 9544
47 9544
49 9544
51 9544
53 9544
55 9544
57 9544
59 9544
61 9544
63 9544
65 9544
67 9544
69 9544
71 9544
73 9544
75 9544
77 9544
79 9544
81 9544
83 9544
85 9544
87 9544
89 9544
91 9544
93 9544
95 9544
1 9546
5 9546
7 9546
11 9546
13 9546
17 9546
19 9546
23 9546
25 9546
29 9546
31 9546
35 9546
41 9546
47 9546
49 9546
53 9546
55 9546
59 9546
61 9546
65 9546
67 9546
71 9546
73 9546
77 9546
79 9546
83 9546
85 9546
89 9546
91 9546
95 9546
1 9548
3 9548
5 9548
9 9548
13 9548
15 9548
17 9548
19 9548
23 9548
25 9548
27 9548
29 9548
37 9548
39 9548
41 9548
43 9548
45 9548
47 9548
51 9548
53 9548
57 9548
59 9548
61 9548
65 9548
67 9548
69 9548
71 9548
73 9548
75 9548
79 9548
81 9548
83 9548
85 9548
87 9548
89 9548
95 9548
1 9550
3 9550
7 9550
9 9550
11 9550
13 9550
17 9550
19 9550
21 9550
23 9550
27 9550
29 9550
31 9550
33 9550
37 9550
39 9550
41 9550
43 9550
47 9550
49 9550
51 9550
53 9550
57 9550
59 9550
61 9550
63 9550
67 9550
69 9550
71 9550
73 9550
77 9550
79 9550
81 9550
83 9550
87 9550
89 9550
91 9550
93 9550
1 9552
5 9552
7 9552
11 9552
13 9552
17 9552
19 9552
23 9552
25 9552
29 9552
31 9552
35 9552
37 9552
41 9552
43 9552
47 9552
49 9552
53 9552
55 9552
59 9552
61 9552
65 9552
67 9552
71 9552
73 9552
77 9552
79 9552
83 9552
85 9552
89 9552
91 9552
95 9552
1 9554
3 9554
5 9554
7 9554
9 9554
11 9554
13 9554
15 9554
19 9554
21 9554
23 9554
25 9554
27 9554
29 9554
31 9554
33 9554
35 9554
37 9554
39 9554
41 9554
43 9554
45 9554
47 9554
49 9554
53 9554
55 9554
57 9554
59 9554
61 9554
63 9554
65 9554
67 9554
69 9554
71 9554
73 9554
75 9554
77 9554
79 9554
81 9554
83 9554
87 9554
89 9554
91 9554
93 9554
95 9554
1 9556
3 9556
5 9556
7 9556
9 9556
11 9556
13 9556
15 9556
17 9556
19 9556
21 9556
23 9556
25 9556
27 9556
29 9556
31 9556
33 9556
35 9556
37 9556
39 9556
41 9556
43 9556
45 9556
47 9556
49 9556
51 9556
53 9556
55 9556
57 9556
59 9556
61 9556
63 9556
65 9556
67 9556
69 9556
71 9556
73 9556
75 9556
77 9556
79 9556
81 9556
83 9556
85 9556
87 9556
89 9556
91 9556
93 9556
95 9556
1 9558
5 9558
7 9558
11 9558
13 9558
17 9558
19 9558
23 9558
25 9558
29 9558
31 9558
35 9558
37 9558
41 9558
43 9558
47 9558
49 9558
53 9558
55 9558
61 9558
65 9558
67 9558
71 9558
73 9558
77 9558
79 9558
83 9558
85 9558
89 9558
91 9558
95 9558
1 9560
3 9560
7 9560
9 9560
11 9560
13 9560
17 9560
19 9560
21 9560
23 9560
27 9560
29 9560
31 9560
33 9560
37 9560
39 9560
41 9560
43 9560
47 9560
49 9560
51 9560
53 9560
57 9560
59 9560
61 9560
63 9560
67 9560
69 9560
71 9560
73 9560
77 9560
79 9560
81 9560
83 9560
87 9560
89 9560
91 9560
93 9560
1 9562
3 9562
5 9562
9 9562
11 9562
13 9562
15 9562
17 9562
19 9562
23 9562
25 9562
27 9562
29 9562
31 9562
33 9562
37 9562
39 9562
41 9562
43 9562
45 9562
47 9562
51 9562
53 9562
55 9562
57 9562
59 9562
61 9562
65 9562
67 9562
69 9562
71 9562
73 9562
75 9562
79 9562
81 9562
83 9562
85 9562
87 9562
89 9562
93 9562
95 9562
1 9564
5 9564
7 9564
11 9564
13 9564
17 9564
19 9564
23 9564
25 9564
29 9564
31 9564
35 9564
37 9564
41 9564
43 9564
47 9564
49 9564
53 9564
55 9564
59 9564
61 9564
65 9564
67 9564
71 9564
73 9564
77 9564
79 9564
83 9564
85 9564
89 9564
91 9564
95 9564
1 9566
3 9566
5 9566
7 9566
9 9566
11 9566
13 9566
15 9566
17 9566
19 9566
21 9566
23 9566
25 9566
27 9566
29 9566
31 9566
33 9566
35 9566
37 9566
39 9566
41 9566
43 9566
45 9566
47 9566
49 9566
51 9566
53 9566
55 9566
57 9566
59 9566
61 9566
63 9566
65 9566
67 9566
69 9566
71 9566
73 9566
75 9566
77 9566
79 9566
81 9566
83 9566
85 9566
87 9566
89 9566
91 9566
93 9566
95 9566
1 9568
3 9568
5 9568
7 9568
9 9568
11 9568
15 9568
17 9568
19 9568
21 9568
25 9568
27 9568
29 9568
31 9568
33 9568
35 9568
37 9568
41 9568
43 9568
45 9568
47 9568
49 9568
51 9568
53 9568
55 9568
57 9568
59 9568
61 9568
63 9568
67 9568
71 9568
73 9568
75 9568
77 9568
79 9568
81 9568
83 9568
85 9568
87 9568
89 9568
93 9568
95 9568
1 9570
7 9570
13 9570
17 9570
19 9570
23 9570
31 9570
37 9570
41 9570
43 9570
47 9570
49 9570
53 9570
59 9570
61 9570
67 9570
71 9570
73 9570
79 9570
83 9570
89 9570
91 9570
1 9572
3 9572
5 9572
7 9572
9 9572
11 9572
13 9572
15 9572
17 9572
19 9572
21 9572
23 9572
25 9572
27 9572
29 9572
31 9572
33 9572
35 9572
37 9572
39 9572
41 9572
43 9572
45 9572
47 9572
49 9572
51 9572
53 9572
55 9572
57 9572
59 9572
61 9572
63 9572
65 9572
67 9572
69 9572
71 9572
73 9572
75 9572
77 9572
79 9572
81 9572
83 9572
85 9572
87 9572
89 9572
91 9572
93 9572
95 9572
1 9574
3 9574
5 9574
7 9574
9 9574
11 9574
13 9574
15 9574
17 9574
19 9574
21 9574
23 9574
25 9574
27 9574
29 9574
31 9574
33 9574
35 9574
37 9574
39 9574
41 9574
43 9574
45 9574
47 9574
49 9574
51 9574
53 9574
55 9574
57 9574
59 9574
61 9574
63 9574
65 9574
67 9574
69 9574
71 9574
73 9574
75 9574
77 9574
79 9574
81 9574
83 9574
85 9574
87 9574
89 9574
91 9574
93 9574
95 9574
1 9576
5 9576
11 9576
13 9576
17 9576
23 9576
25 9576
29 9576
31 9576
37 9576
41 9576
43 9576
47 9576
53 9576
55 9576
59 9576
61 9576
65 9576
67 9576
71 9576
73 9576
79 9576
83 9576
85 9576
89 9576
1 9578
3 9578
5 9578
7 9578
9 9578
11 9578
13 9578
15 9578
17 9578
19 9578
21 9578
23 9578
25 9578
27 9578
29 9578
31 9578
33 9578
35 9578
37 9578
39 9578
41 9578
43 9578
45 9578
47 9578
49 9578
51 9578
53 9578
55 9578
57 9578
59 9578
61 9578
63 9578
65 9578
67 9578
69 9578
71 9578
73 9578
75 9578
77 9578
79 9578
81 9578
83 9578
85 9578
87 9578
89 9578
91 9578
93 9578
95 9578
1 9580
3 9580
7 9580
9 9580
11 9580
13 9580
17 9580
19 9580
21 9580
23 9580
27 9580
29 9580
31 9580
33 9580
37 9580
39 9580
41 9580
43 9580
47 9580
49 9580
51 9580
53 9580
57 9580
59 9580
61 9580
63 9580
67 9580
69 9580
71 9580
73 9580
77 9580
79 9580
81 9580
83 9580
87 9580
89 9580
91 9580
93 9580
1 9582
5 9582
7 9582
11 9582
13 9582
17 9582
19 9582
23 9582
25 9582
29 9582
31 9582
35 9582
37 9582
41 9582
43 9582
47 9582
49 9582
53 9582
55 9582
59 9582
61 9582
65 9582
67 9582
71 9582
73 9582
77 9582
79 9582
83 9582
85 9582
89 9582
91 9582
95 9582
1 9584
3 9584
5 9584
7 9584
9 9584
11 9584
13 9584
15 9584
17 9584
19 9584
21 9584
23 9584
25 9584
27 9584
29 9584
31 9584
33 9584
35 9584
37 9584
39 9584
41 9584
43 9584
45 9584
47 9584
49 9584
51 9584
53 9584
55 9584
57 9584
59 9584
61 9584
63 9584
65 9584
67 9584
69 9584
71 9584
73 9584
75 9584
77 9584
79 9584
81 9584
83 9584
85 9584
87 9584
89 9584
91 9584
93 9584
95 9584
1 9586
3 9586
5 9586
7 9586
9 9586
11 9586
13 9586
15 9586
17 9586
19 9586
21 9586
23 9586
25 9586
27 9586
29 9586
31 9586
33 9586
35 9586
37 9586
39 9586
41 9586
43 9586
45 9586
47 9586
49 9586
51 9586
53 9586
55 9586
57 9586
59 9586
61 9586
63 9586
65 9586
67 9586
69 9586
71 9586
73 9586
75 9586
77 9586
79 9586
81 9586
83 9586
85 9586
87 9586
89 9586
91 9586
93 9586
95 9586
1 9588
5 9588
7 9588
11 9588
13 9588
19 9588
23 9588
25 9588
29 9588
31 9588
35 9588
37 9588
41 9588
43 9588
49 9588
53 9588
55 9588
59 9588
61 9588
65 9588
67 9588
71 9588
73 9588
77 9588
79 9588
83 9588
89 9588
91 9588
95 9588
1 9590
3 9590
9 9590
11 9590
13 9590
17 9590
19 9590
23 9590
27 9590
29 9590
31 9590
33 9590
37 9590
39 9590
41 9590
43 9590
47 9590
51 9590
53 9590
57 9590
59 9590
61 9590
67 9590
69 9590
71 9590
73 9590
79 9590
81 9590
83 9590
87 9590
89 9590
93 9590
1 9592
3 9592
5 9592
7 9592
9 9592
13 9592
15 9592
17 9592
19 9592
21 9592
23 9592
25 9592
27 9592
29 9592
31 9592
35 9592
37 9592
39 9592
41 9592
43 9592
45 9592
47 9592
49 9592
51 9592
53 9592
57 9592
59 9592
61 9592
63 9592
65 9592
67 9592
69 9592
71 9592
73 9592
75 9592
79 9592
81 9592
83 9592
85 9592
87 9592
89 9592
91 9592
93 9592
95 9592
1 9594
5 9594
7 9594
11 9594
17 9594
19 9594
23 9594
25 9594
29 9594
31 9594
35 9594
37 9594
43 9594
47 9594
49 9594
53 9594
55 9594
59 9594
61 9594
67 9594
71 9594
73 9594
77 9594
79 9594
83 9594
85 9594
89 9594
95 9594
1 9596
3 9596
5 9596
7 9596
9 9596
11 9596
13 9596
15 9596
17 9596
19 9596
21 9596
23 9596
25 9596
27 9596
29 9596
31 9596
33 9596
35 9596
37 9596
39 9596
41 9596
43 9596
45 9596
47 9596
49 9596
51 9596
53 9596
55 9596
57 9596
59 9596
61 9596
63 9596
65 9596
67 9596
69 9596
71 9596
73 9596
75 9596
77 9596
79 9596
81 9596
83 9596
85 9596
87 9596
89 9596
91 9596
93 9596
95 9596
1 9598
3 9598
5 9598
7 9598
9 9598
11 9598
13 9598
15 9598
17 9598
19 9598
21 9598
23 9598
25 9598
27 9598
29 9598
31 9598
33 9598
35 9598
37 9598
39 9598
41 9598
43 9598
45 9598
47 9598
49 9598
51 9598
53 9598
55 9598
57 9598
59 9598
61 9598
63 9598
65 9598
67 9598
69 9598
71 9598
73 9598
75 9598
77 9598
79 9598
81 9598
83 9598
85 9598
87 9598
89 9598
91 9598
93 9598
95 9598
1 9600
7 9600
11 9600
13 9600
17 9600
19 9600
23 9600
29 9600
31 9600
37 9600
41 9600
43 9600
47 9600
49 9600
53 9600
59 9600
61 9600
67 9600
71 9600
73 9600
77 9600
79 9600
83 9600
89 9600
91 9600
1 9602
3 9602
5 9602
7 9602
9 9602
11 9602
13 9602
15 9602
17 9602
19 9602
21 9602
23 9602
25 9602
27 9602
29 9602
31 9602
33 9602
35 9602
37 9602
39 9602
41 9602
43 9602
45 9602
47 9602
49 9602
51 9602
53 9602
55 9602
57 9602
59 9602
61 9602
63 9602
65 9602
67 9602
69 9602
71 9602
73 9602
75 9602
77 9602
79 9602
81 9602
83 9602
85 9602
87 9602
89 9602
91 9602
93 9602
95 9602
1 9604
3 9604
5 9604
9 9604
11 9604
13 9604
15 9604
17 9604
19 9604
23 9604
25 9604
27 9604
29 9604
31 9604
33 9604
37 9604
39 9604
41 9604
43 9604
45 9604
47 9604
51 9604
53 9604
55 9604
57 9604
59 9604
61 9604
65 9604
67 9604
69 9604
71 9604
73 9604
75 9604
79 9604
81 9604
83 9604
85 9604
87 9604
89 9604
93 9604
95 9604
1 9606
5 9606
7 9606
11 9606
13 9606
17 9606
19 9606
23 9606
25 9606
29 9606
31 9606
35 9606
37 9606
41 9606
43 9606
47 9606
49 9606
53 9606
55 9606
59 9606
61 9606
65 9606
67 9606
71 9606
73 9606
77 9606
79 9606
83 9606
85 9606
89 9606
91 9606
95 9606
1 9608
3 9608
5 9608
7 9608
9 9608
11 9608
13 9608
15 9608
17 9608
19 9608
21 9608
23 9608
25 9608
27 9608
29 9608
31 9608
33 9608
35 9608
37 9608
39 9608
41 9608
43 9608
45 9608
47 9608
49 9608
51 9608
53 9608
55 9608
57 9608
59 9608
61 9608
63 9608
65 9608
67 9608
69 9608
71 9608
73 9608
75 9608
77 9608
79 9608
81 9608
83 9608
85 9608
87 9608
89 9608
91 9608
93 9608
95 9608
1 9610
3 9610
7 9610
9 9610
11 9610
13 9610
17 9610
19 9610
21 9610
23 9610
27 9610
29 9610
33 9610
37 9610
39 9610
41 9610
43 9610
47 9610
49 9610
51 9610
53 9610
57 9610
59 9610
61 9610
63 9610
67 9610
69 9610
71 9610
73 9610
77 9610
79 9610
81 9610
83 9610
87 9610
89 9610
91 9610
1 9612
5 9612
7 9612
11 9612
13 9612
17 9612
19 9612
23 9612
25 9612
29 9612
31 9612
35 9612
37 9612
41 9612
43 9612
47 9612
49 9612
53 9612
55 9612
59 9612
61 9612
65 9612
67 9612
71 9612
73 9612
77 9612
79 9612
83 9612
85 9612
91 9612
95 9612
1 9614
3 9614
5 9614
7 9614
9 9614
13 9614
15 9614
17 9614
21 9614
25 9614
27 9614
29 9614
31 9614
35 9614
37 9614
39 9614
41 9614
43 9614
45 9614
47 9614
49 9614
51 9614
53 9614
59 9614
61 9614
63 9614
65 9614
67 9614
71 9614
73 9614
75 9614
79 9614
81 9614
83 9614
85 9614
87 9614
89 9614
91 9614
93 9614
1 9616
3 9616
5 9616
7 9616
9 9616
11 9616
13 9616
15 9616
17 9616
19 9616
21 9616
23 9616
25 9616
27 9616
29 9616
31 9616
33 9616
35 9616
37 9616
39 9616
41 9616
43 9616
45 9616
47 9616
49 9616
51 9616
53 9616
55 9616
57 9616
59 9616
61 9616
63 9616
65 9616
67 9616
69 9616
71 9616
73 9616
75 9616
77 9616
79 9616
81 9616
83 9616
85 9616
87 9616
89 9616
91 9616
93 9616
95 9616
1 9618
5 9618
11 9618
13 9618
17 9618
19 9618
23 9618
25 9618
29 9618
31 9618
37 9618
41 9618
43 9618
47 9618
53 9618
55 9618
59 9618
61 9618
65 9618
67 9618
71 9618
73 9618
79 9618
83 9618
85 9618
89 9618
95 9618
1 9620
3 9620
7 9620
9 9620
11 9620
17 9620
19 9620
21 9620
23 9620
27 9620
29 9620
31 9620
33 9620
41 9620
43 9620
47 9620
49 9620
51 9620
53 9620
57 9620
59 9620
61 9620
63 9620
67 9620
69 9620
71 9620
73 9620
77 9620
79 9620
81 9620
83 9620
87 9620
89 9620
93 9620
1 9622
3 9622
5 9622
7 9622
9 9622
11 9622
13 9622
15 9622
19 9622
21 9622
23 9622
25 9622
27 9622
29 9622
31 9622
33 9622
35 9622
37 9622
39 9622
41 9622
43 9622
45 9622
47 9622
49 9622
53 9622
55 9622
57 9622
59 9622
61 9622
63 9622
65 9622
67 9622
69 9622
71 9622
73 9622
75 9622
77 9622
79 9622
81 9622
83 9622
87 9622
89 9622
91 9622
93 9622
95 9622
1 9624
5 9624
7 9624
11 9624
13 9624
17 9624
19 9624
23 9624
25 9624
29 9624
31 9624
35 9624
37 9624
41 9624
43 9624
47 9624
49 9624
53 9624
55 9624
59 9624
61 9624
65 9624
67 9624
71 9624
73 9624
77 9624
79 9624
83 9624
85 9624
89 9624
91 9624
95 9624
1 9626
3 9626
5 9626
7 9626
9 9626
11 9626
13 9626
15 9626
17 9626
19 9626
21 9626
23 9626
25 9626
27 9626
29 9626
31 9626
33 9626
35 9626
37 9626
39 9626
41 9626
43 9626
45 9626
47 9626
49 9626
51 9626
53 9626
55 9626
57 9626
59 9626
61 9626
63 9626
65 9626
67 9626
69 9626
71 9626
73 9626
75 9626
77 9626
79 9626
81 9626
83 9626
85 9626
87 9626
89 9626
91 9626
93 9626
95 9626
1 9628
3 9628
5 9628
7 9628
9 9628
11 9628
13 9628
15 9628
17 9628
19 9628
21 9628
23 9628
25 9628
27 9628
31 9628
33 9628
35 9628
37 9628
39 9628
41 9628
43 9628
45 9628
47 9628
49 9628
51 9628
53 9628
55 9628
57 9628
59 9628
61 9628
63 9628
65 9628
67 9628
69 9628
71 9628
73 9628
75 9628
77 9628
79 9628
81 9628
85 9628
89 9628
91 9628
93 9628
95 9628
1 9630
7 9630
11 9630
13 9630
17 9630
19 9630
23 9630
29 9630
31 9630
37 9630
41 9630
43 9630
47 9630
49 9630
53 9630
59 9630
61 9630
67 9630
71 9630
73 9630
77 9630
79 9630
83 9630
89 9630
91 9630
1 9632
3 9632
5 9632
9 9632
11 9632
13 9632
15 9632
17 9632
19 9632
23 9632
25 9632
27 9632
29 9632
31 9632
33 9632
37 9632
39 9632
41 9632
45 9632
47 9632
51 9632
53 9632
55 9632
57 9632
59 9632
61 9632
65 9632
67 9632
69 9632
71 9632
73 9632
75 9632
79 9632
81 9632
83 9632
85 9632
87 9632
89 9632
93 9632
95 9632
1 9634
3 9634
5 9634
7 9634
9 9634
11 9634
13 9634
15 9634
17 9634
19 9634
21 9634
23 9634
25 9634
27 9634
29 9634
31 9634
33 9634
35 9634
37 9634
39 9634
41 9634
43 9634
45 9634
47 9634
49 9634
51 9634
53 9634
55 9634
57 9634
59 9634
61 9634
63 9634
65 9634
67 9634
69 9634
71 9634
73 9634
75 9634
77 9634
79 9634
81 9634
83 9634
85 9634
87 9634
89 9634
91 9634
93 9634
95 9634
1 9636
5 9636
7 9636
13 9636
17 9636
19 9636
23 9636
25 9636
29 9636
31 9636
35 9636
37 9636
41 9636
43 9636
47 9636
49 9636
53 9636
59 9636
61 9636
65 9636
67 9636
71 9636
79 9636
83 9636
85 9636
89 9636
91 9636
95 9636
1 9638
3 9638
5 9638
7 9638
9 9638
11 9638
13 9638
15 9638
17 9638
19 9638
21 9638
23 9638
25 9638
27 9638
29 9638
31 9638
33 9638
35 9638
37 9638
39 9638
41 9638
43 9638
45 9638
47 9638
49 9638
51 9638
53 9638
55 9638
57 9638
59 9638
63 9638
65 9638
67 9638
69 9638
71 9638
73 9638
75 9638
77 9638
81 9638
83 9638
85 9638
87 9638
89 9638
91 9638
93 9638
95 9638
1 9640
3 9640
7 9640
9 9640
11 9640
13 9640
17 9640
19 9640
21 9640
23 9640
27 9640
29 9640
31 9640
33 9640
37 9640
39 9640
41 9640
43 9640
47 9640
49 9640
51 9640
53 9640
57 9640
59 9640
61 9640
63 9640
67 9640
69 9640
71 9640
73 9640
77 9640
79 9640
81 9640
83 9640
87 9640
89 9640
91 9640
93 9640
1 9642
5 9642
7 9642
11 9642
13 9642
17 9642
19 9642
23 9642
25 9642
29 9642
31 9642
35 9642
37 9642
41 9642
43 9642
47 9642
49 9642
53 9642
55 9642
59 9642
61 9642
65 9642
67 9642
71 9642
73 9642
77 9642
79 9642
83 9642
85 9642
89 9642
91 9642
95 9642
1 9644
3 9644
5 9644
7 9644
9 9644
11 9644
13 9644
15 9644
17 9644
19 9644
21 9644
23 9644
25 9644
27 9644
29 9644
31 9644
33 9644
35 9644
37 9644
39 9644
41 9644
43 9644
45 9644
47 9644
49 9644
51 9644
53 9644
55 9644
57 9644
59 9644
61 9644
63 9644
65 9644
67 9644
69 9644
71 9644
73 9644
75 9644
77 9644
79 9644
81 9644
83 9644
85 9644
87 9644
89 9644
91 9644
93 9644
95 9644
1 9646
3 9646
5 9646
9 9646
11 9646
15 9646
17 9646
19 9646
23 9646
25 9646
27 9646
29 9646
31 9646
33 9646
37 9646
41 9646
43 9646
45 9646
47 9646
51 9646
55 9646
57 9646
59 9646
61 9646
67 9646
69 9646
71 9646
73 9646
75 9646
79 9646
81 9646
83 9646
85 9646
87 9646
89 9646
93 9646
95 9646
1 9648
5 9648
7 9648
11 9648
13 9648
17 9648
19 9648
23 9648
25 9648
29 9648
31 9648
35 9648
37 9648
41 9648
43 9648
47 9648
49 9648
53 9648
55 9648
59 9648
61 9648
65 9648
71 9648
73 9648
77 9648
79 9648
83 9648
85 9648
89 9648
91 9648
95 9648
1 9650
3 9650
7 9650
9 9650
11 9650
13 9650
17 9650
19 9650
21 9650
23 9650
27 9650
29 9650
31 9650
33 9650
37 9650
39 9650
41 9650
43 9650
47 9650
49 9650
51 9650
53 9650
57 9650
59 9650
61 9650
63 9650
67 9650
69 9650
71 9650
73 9650
77 9650
79 9650
81 9650
83 9650
87 9650
89 9650
91 9650
93 9650
1 9652
3 9652
5 9652
7 9652
9 9652
11 9652
13 9652
15 9652
17 9652
21 9652
23 9652
25 9652
27 9652
29 9652
31 9652
33 9652
35 9652
37 9652
39 9652
41 9652
43 9652
45 9652
47 9652
49 9652
51 9652
53 9652
55 9652
59 9652
61 9652
63 9652
65 9652
67 9652
69 9652
71 9652
73 9652
75 9652
77 9652
79 9652
81 9652
83 9652
85 9652
87 9652
89 9652
91 9652
93 9652
1 9654
5 9654
7 9654
11 9654
13 9654
17 9654
19 9654
23 9654
25 9654
29 9654
31 9654
35 9654
37 9654
41 9654
43 9654
47 9654
49 9654
53 9654
55 9654
59 9654
61 9654
65 9654
67 9654
71 9654
73 9654
77 9654
79 9654
83 9654
85 9654
89 9654
91 9654
95 9654
1 9656
3 9656
5 9656
7 9656
9 9656
11 9656
13 9656
15 9656
19 9656
21 9656
23 9656
25 9656
27 9656
29 9656
31 9656
33 9656
35 9656
37 9656
39 9656
41 9656
43 9656
45 9656
47 9656
49 9656
53 9656
55 9656
57 9656
59 9656
61 9656
63 9656
65 9656
67 9656
69 9656
73 9656
75 9656
77 9656
79 9656
81 9656
83 9656
87 9656
89 9656
91 9656
93 9656
95 9656
1 9658
3 9658
5 9658
7 9658
9 9658
13 9658
15 9658
17 9658
19 9658
21 9658
23 9658
25 9658
27 9658
29 9658
31 9658
35 9658
37 9658
39 9658
41 9658
43 9658
45 9658
47 9658
49 9658
51 9658
53 9658
57 9658
59 9658
61 9658
63 9658
65 9658
67 9658
69 9658
71 9658
73 9658
75 9658
79 9658
81 9658
83 9658
85 9658
87 9658
89 9658
91 9658
93 9658
95 9658
1 9660
11 9660
13 9660
17 9660
19 9660
29 9660
31 9660
37 9660
41 9660
43 9660
47 9660
53 9660
59 9660
61 9660
67 9660
71 9660
73 9660
79 9660
83 9660
89 9660
1 9662
3 9662
5 9662
7 9662
9 9662
11 9662
13 9662
15 9662
17 9662
19 9662
21 9662
23 9662
25 9662
27 9662
29 9662
31 9662
33 9662
35 9662
37 9662
39 9662
41 9662
43 9662
45 9662
47 9662
49 9662
51 9662
53 9662
55 9662
57 9662
59 9662
61 9662
63 9662
65 9662
67 9662
69 9662
71 9662
73 9662
75 9662
77 9662
79 9662
81 9662
83 9662
85 9662
87 9662
89 9662
91 9662
93 9662
95 9662
1 9664
3 9664
5 9664
7 9664
9 9664
11 9664
13 9664
15 9664
17 9664
19 9664
21 9664
23 9664
25 9664
27 9664
29 9664
31 9664
33 9664
35 9664
37 9664
39 9664
41 9664
43 9664
45 9664
47 9664
49 9664
51 9664
53 9664
55 9664
57 9664
59 9664
61 9664
63 9664
65 9664
67 9664
69 9664
71 9664
73 9664
75 9664
77 9664
79 9664
81 9664
83 9664
85 9664
87 9664
89 9664
91 9664
93 9664
95 9664
1 9666
5 9666
7 9666
11 9666
13 9666
17 9666
19 9666
23 9666
25 9666
29 9666
31 9666
35 9666
37 9666
41 9666
43 9666
47 9666
49 9666
53 9666
55 9666
59 9666
61 9666
65 9666
67 9666
71 9666
73 9666
77 9666
79 9666
83 9666
85 9666
89 9666
91 9666
95 9666
1 9668
3 9668
5 9668
7 9668
9 9668
11 9668
13 9668
15 9668
17 9668
19 9668
21 9668
23 9668
25 9668
27 9668
29 9668
31 9668
33 9668
35 9668
37 9668
39 9668
41 9668
43 9668
45 9668
47 9668
49 9668
51 9668
53 9668
55 9668
57 9668
59 9668
61 9668
63 9668
65 9668
67 9668
69 9668
71 9668
73 9668
75 9668
77 9668
79 9668
81 9668
83 9668
85 9668
87 9668
89 9668
91 9668
93 9668
95 9668
1 9670
3 9670
7 9670
9 9670
11 9670
13 9670
17 9670
19 9670
21 9670
23 9670
27 9670
29 9670
31 9670
33 9670
37 9670
39 9670
41 9670
43 9670
47 9670
49 9670
51 9670
53 9670
57 9670
59 9670
61 9670
63 9670
67 9670
69 9670
71 9670
73 9670
77 9670
79 9670
81 9670
83 9670
87 9670
89 9670
91 9670
93 9670
1 9672
5 9672
7 9672
11 9672
17 9672
19 9672
23 9672
25 9672
29 9672
35 9672
37 9672
41 9672
43 9672
47 9672
49 9672
53 9672
55 9672
59 9672
61 9672
67 9672
71 9672
73 9672
77 9672
79 9672
83 9672
85 9672
89 9672
95 9672
1 9674
3 9674
5 9674
9 9674
11 9674
13 9674
15 9674
17 9674
19 9674
23 9674
25 9674
27 9674
29 9674
31 9674
33 9674
37 9674
39 9674
41 9674
43 9674
45 9674
47 9674
51 9674
53 9674
55 9674
57 9674
59 9674
61 9674
65 9674
67 9674
69 9674
71 9674
73 9674
75 9674
79 9674
81 9674
83 9674
85 9674
87 9674
89 9674
93 9674
95 9674
1 9676
3 9676
5 9676
7 9676
9 9676
11 9676
13 9676
15 9676
17 9676
19 9676
21 9676
23 9676
25 9676
27 9676
29 9676
31 9676
33 9676
35 9676
37 9676
39 9676
43 9676
45 9676
47 9676
49 9676
51 9676
53 9676
55 9676
57 9676
61 9676
63 9676
65 9676
67 9676
69 9676
71 9676
73 9676
75 9676
77 9676
79 9676
81 9676
83 9676
85 9676
87 9676
89 9676
91 9676
93 9676
95 9676
1 9678
5 9678
7 9678
11 9678
13 9678
17 9678
19 9678
23 9678
25 9678
29 9678
31 9678
35 9678
37 9678
41 9678
43 9678
47 9678
49 9678
53 9678
55 9678
59 9678
61 9678
65 9678
67 9678
71 9678
73 9678
77 9678
79 9678
83 9678
85 9678
89 9678
91 9678
95 9678
1 9680
3 9680
7 9680
9 9680
13 9680
17 9680
19 9680
21 9680
23 9680
27 9680
29 9680
31 9680
37 9680
39 9680
41 9680
43 9680
47 9680
49 9680
51 9680
53 9680
57 9680
59 9680
61 9680
63 9680
67 9680
69 9680
71 9680
73 9680
79 9680
81 9680
83 9680
87 9680
89 9680
91 9680
93 9680
1 9682
3 9682
5 9682
7 9682
9 9682
11 9682
13 9682
15 9682
17 9682
19 9682
21 9682
23 9682
25 9682
27 9682
29 9682
31 9682
33 9682
35 9682
37 9682
39 9682
41 9682
43 9682
45 9682
49 9682
51 9682
53 9682
55 9682
57 9682
59 9682
61 9682
63 9682
65 9682
67 9682
69 9682
71 9682
73 9682
75 9682
77 9682
79 9682
81 9682
83 9682
85 9682
87 9682
89 9682
91 9682
93 9682
95 9682
1 9684
5 9684
7 9684
11 9684
13 9684
17 9684
19 9684
23 9684
25 9684
29 9684
31 9684
35 9684
37 9684
41 9684
43 9684
47 9684
49 9684
53 9684
55 9684
59 9684
61 9684
65 9684
67 9684
71 9684
73 9684
77 9684
79 9684
83 9684
85 9684
89 9684
91 9684
95 9684
1 9686
3 9686
5 9686
7 9686
9 9686
11 9686
13 9686
15 9686
17 9686
19 9686
21 9686
23 9686
25 9686
27 9686
31 9686
33 9686
35 9686
37 9686
39 9686
41 9686
43 9686
45 9686
47 9686
49 9686
51 9686
53 9686
55 9686
57 9686
59 9686
61 9686
63 9686
65 9686
67 9686
69 9686
71 9686
73 9686
75 9686
77 9686
79 9686
81 9686
83 9686
85 9686
89 9686
91 9686
93 9686
95 9686
1 9688
3 9688
5 9688
9 9688
11 9688
13 9688
15 9688
17 9688
19 9688
23 9688
25 9688
27 9688
29 9688
31 9688
33 9688
37 9688
39 9688
41 9688
43 9688
45 9688
47 9688
51 9688
53 9688
55 9688
57 9688
59 9688
61 9688
65 9688
67 9688
69 9688
71 9688
73 9688
75 9688
79 9688
81 9688
83 9688
85 9688
87 9688
89 9688
93 9688
95 9688
1 9690
7 9690
11 9690
13 9690
23 9690
29 9690
31 9690
37 9690
41 9690
43 9690
47 9690
49 9690
53 9690
59 9690
61 9690
67 9690
71 9690
73 9690
77 9690
79 9690
83 9690
89 9690
91 9690
1 9692
3 9692
5 9692
7 9692
9 9692
11 9692
13 9692
15 9692
17 9692
19 9692
21 9692
23 9692
25 9692
27 9692
29 9692
31 9692
33 9692
35 9692
37 9692
39 9692
41 9692
43 9692
45 9692
47 9692
49 9692
51 9692
53 9692
55 9692
57 9692
59 9692
61 9692
63 9692
65 9692
67 9692
69 9692
71 9692
73 9692
75 9692
77 9692
79 9692
81 9692
83 9692
85 9692
87 9692
89 9692
91 9692
93 9692
95 9692
1 9694
3 9694
5 9694
7 9694
9 9694
11 9694
13 9694
15 9694
17 9694
19 9694
21 9694
23 9694
25 9694
27 9694
29 9694
31 9694
33 9694
35 9694
39 9694
41 9694
43 9694
45 9694
47 9694
49 9694
51 9694
53 9694
55 9694
57 9694
59 9694
61 9694
63 9694
65 9694
67 9694
69 9694
71 9694
73 9694
75 9694
77 9694
79 9694
81 9694
83 9694
85 9694
87 9694
89 9694
91 9694
93 9694
95 9694
1 9696
5 9696
7 9696
11 9696
13 9696
17 9696
19 9696
23 9696
25 9696
29 9696
31 9696
35 9696
37 9696
41 9696
43 9696
47 9696
49 9696
53 9696
55 9696
59 9696
61 9696
65 9696
67 9696
71 9696
73 9696
77 9696
79 9696
83 9696
85 9696
89 9696
91 9696
95 9696
1 9698
3 9698
5 9698
7 9698
9 9698
11 9698
15 9698
17 9698
19 9698
21 9698
23 9698
25 9698
27 9698
29 9698
31 9698
33 9698
35 9698
37 9698
41 9698
43 9698
45 9698
47 9698
49 9698
51 9698
53 9698
55 9698
57 9698
59 9698
61 9698
63 9698
67 9698
69 9698
71 9698
73 9698
75 9698
77 9698
79 9698
81 9698
83 9698
85 9698
87 9698
89 9698
93 9698
95 9698
1 9700
3 9700
7 9700
9 9700
11 9700
13 9700
17 9700
19 9700
21 9700
23 9700
27 9700
29 9700
31 9700
33 9700
37 9700
39 9700
41 9700
43 9700
47 9700
49 9700
51 9700
53 9700
57 9700
59 9700
61 9700
63 9700
67 9700
69 9700
71 9700
73 9700
77 9700
79 9700
81 9700
83 9700
87 9700
89 9700
91 9700
93 9700
1 9702
5 9702
13 9702
17 9702
19 9702
23 9702
25 9702
29 9702
31 9702
37 9702
41 9702
43 9702
47 9702
53 9702
59 9702
61 9702
65 9702
67 9702
71 9702
73 9702
79 9702
83 9702
85 9702
89 9702
95 9702
97 9702
1 9704
3 9704
5 9704
7 9704
9 9704
11 9704
13 9704
15 9704
17 9704
19 9704
21 9704
23 9704
25 9704
27 9704
29 9704
31 9704
33 9704
35 9704
37 9704
39 9704
41 9704
43 9704
45 9704
47 9704
49 9704
51 9704
53 9704
55 9704
57 9704
59 9704
61 9704
63 9704
65 9704
67 9704
69 9704
71 9704
73 9704
75 9704
77 9704
79 9704
81 9704
83 9704
85 9704
87 9704
89 9704
91 9704
93 9704
95 9704
97 9704
1 9706
3 9706
5 9706
7 9706
9 9706
11 9706
13 9706
15 9706
17 9706
19 9706
21 9706
25 9706
27 9706
29 9706
31 9706
33 9706
35 9706
37 9706
39 9706
41 9706
43 9706
45 9706
47 9706
49 9706
51 9706
53 9706
55 9706
57 9706
59 9706
61 9706
63 9706
65 9706
67 9706
71 9706
73 9706
75 9706
77 9706
79 9706
81 9706
83 9706
85 9706
87 9706
89 9706
91 9706
93 9706
95 9706
97 9706
1 9708
5 9708
7 9708
11 9708
13 9708
17 9708
19 9708
23 9708
25 9708
29 9708
31 9708
35 9708
37 9708
41 9708
43 9708
47 9708
49 9708
53 9708
55 9708
59 9708
61 9708
65 9708
67 9708
71 9708
73 9708
77 9708
79 9708
83 9708
85 9708
89 9708
91 9708
95 9708
97 9708
1 9710
3 9710
7 9710
9 9710
11 9710
13 9710
17 9710
19 9710
21 9710
23 9710
27 9710
29 9710
31 9710
33 9710
37 9710
39 9710
41 9710
43 9710
47 9710
49 9710
51 9710
53 9710
57 9710
59 9710
61 9710
63 9710
67 9710
69 9710
71 9710
73 9710
77 9710
79 9710
81 9710
83 9710
87 9710
89 9710
91 9710
93 9710
97 9710
1 9712
3 9712
5 9712
7 9712
9 9712
11 9712
13 9712
15 9712
17 9712
19 9712
21 9712
23 9712
25 9712
27 9712
29 9712
31 9712
33 9712
35 9712
37 9712
39 9712
41 9712
43 9712
45 9712
47 9712
49 9712
51 9712
53 9712
55 9712
57 9712
59 9712
61 9712
63 9712
65 9712
67 9712
69 9712
71 9712
73 9712
75 9712
77 9712
79 9712
81 9712
83 9712
85 9712
87 9712
89 9712
91 9712
93 9712
95 9712
97 9712
1 9714
5 9714
7 9714
11 9714
13 9714
17 9714
19 9714
23 9714
25 9714
29 9714
31 9714
35 9714
37 9714
41 9714
43 9714
47 9714
49 9714
53 9714
55 9714
59 9714
61 9714
65 9714
67 9714
71 9714
73 9714
77 9714
79 9714
83 9714
85 9714
89 9714
91 9714
95 9714
97 9714
1 9716
3 9716
5 9716
9 9716
11 9716
13 9716
15 9716
17 9716
19 9716
23 9716
25 9716
27 9716
29 9716
31 9716
33 9716
37 9716
39 9716
41 9716
43 9716
45 9716
47 9716
51 9716
53 9716
55 9716
57 9716
59 9716
61 9716
65 9716
67 9716
69 9716
71 9716
73 9716
75 9716
79 9716
81 9716
83 9716
85 9716
87 9716
89 9716
93 9716
95 9716
97 9716
1 9718
3 9718
5 9718
7 9718
9 9718
11 9718
13 9718
15 9718
17 9718
19 9718
21 9718
23 9718
25 9718
27 9718
29 9718
31 9718
33 9718
35 9718
37 9718
39 9718
41 9718
45 9718
47 9718
49 9718
51 9718
53 9718
55 9718
57 9718
59 9718
61 9718
63 9718
65 9718
67 9718
69 9718
71 9718
73 9718
75 9718
77 9718
79 9718
81 9718
83 9718
85 9718
87 9718
89 9718
91 9718
93 9718
95 9718
97 9718
1 9720
7 9720
11 9720
13 9720
17 9720
19 9720
23 9720
29 9720
31 9720
37 9720
41 9720
43 9720
47 9720
49 9720
53 9720
59 9720
61 9720
67 9720
71 9720
73 9720
77 9720
79 9720
83 9720
89 9720
91 9720
97 9720
1 9722
3 9722
5 9722
7 9722
9 9722
11 9722
13 9722
15 9722
17 9722
19 9722
21 9722
23 9722
25 9722
27 9722
29 9722
31 9722
33 9722
35 9722
37 9722
39 9722
41 9722
43 9722
45 9722
47 9722
49 9722
51 9722
53 9722
55 9722
57 9722
59 9722
61 9722
63 9722
65 9722
67 9722
69 9722
71 9722
73 9722
75 9722
77 9722
79 9722
81 9722
83 9722
85 9722
87 9722
89 9722
91 9722
93 9722
95 9722
97 9722
1 9724
3 9724
5 9724
7 9724
9 9724
15 9724
19 9724
21 9724
23 9724
25 9724
27 9724
29 9724
31 9724
35 9724
37 9724
41 9724
43 9724
45 9724
47 9724
49 9724
53 9724
57 9724
59 9724
61 9724
63 9724
67 9724
69 9724
71 9724
73 9724
75 9724
79 9724
81 9724
83 9724
87 9724
89 9724
93 9724
95 9724
97 9724
1 9726
5 9726
7 9726
11 9726
13 9726
17 9726
19 9726
23 9726
25 9726
29 9726
31 9726
35 9726
37 9726
41 9726
43 9726
47 9726
49 9726
53 9726
55 9726
59 9726
61 9726
65 9726
67 9726
71 9726
73 9726
77 9726
79 9726
83 9726
85 9726
89 9726
91 9726
95 9726
97 9726
1 9728
3 9728
5 9728
7 9728
9 9728
11 9728
13 9728
15 9728
17 9728
21 9728
23 9728
25 9728
27 9728
29 9728
31 9728
33 9728
35 9728
37 9728
39 9728
41 9728
43 9728
45 9728
47 9728
49 9728
51 9728
53 9728
55 9728
59 9728
61 9728
63 9728
65 9728
67 9728
69 9728
71 9728
73 9728
75 9728
77 9728
79 9728
81 9728
83 9728
85 9728
87 9728
89 9728
91 9728
93 9728
97 9728
1 9730
3 9730
9 9730
11 9730
13 9730
17 9730
19 9730
23 9730
27 9730
29 9730
31 9730
33 9730
37 9730
39 9730
41 9730
43 9730
47 9730
51 9730
53 9730
57 9730
59 9730
61 9730
67 9730
69 9730
71 9730
73 9730
79 9730
81 9730
83 9730
87 9730
89 9730
93 9730
97 9730
1 9732
5 9732
7 9732
11 9732
13 9732
17 9732
19 9732
23 9732
25 9732
29 9732
31 9732
35 9732
37 9732
41 9732
43 9732
47 9732
49 9732
53 9732
55 9732
59 9732
61 9732
65 9732
67 9732
71 9732
73 9732
77 9732
79 9732
83 9732
85 9732
89 9732
91 9732
95 9732
97 9732
1 9734
3 9734
5 9734
7 9734
9 9734
11 9734
13 9734
15 9734
17 9734
19 9734
21 9734
23 9734
25 9734
27 9734
29 9734
33 9734
35 9734
37 9734
39 9734
41 9734
43 9734
45 9734
47 9734
49 9734
51 9734
53 9734
55 9734
57 9734
59 9734
61 9734
63 9734
65 9734
67 9734
69 9734
71 9734
73 9734
75 9734
77 9734
79 9734
81 9734
83 9734
85 9734
87 9734
89 9734
91 9734
95 9734
97 9734
1 9736
3 9736
5 9736
7 9736
9 9736
11 9736
13 9736
15 9736
17 9736
19 9736
21 9736
23 9736
25 9736
27 9736
29 9736
31 9736
33 9736
35 9736
37 9736
39 9736
41 9736
43 9736
45 9736
47 9736
49 9736
51 9736
53 9736
55 9736
57 9736
59 9736
61 9736
63 9736
65 9736
67 9736
69 9736
71 9736
73 9736
75 9736
77 9736
79 9736
81 9736
83 9736
85 9736
87 9736
89 9736
91 9736
93 9736
95 9736
97 9736
1 9738
5 9738
7 9738
11 9738
13 9738
17 9738
19 9738
23 9738
25 9738
29 9738
31 9738
35 9738
37 9738
41 9738
43 9738
47 9738
49 9738
53 9738
55 9738
59 9738
61 9738
65 9738
67 9738
71 9738
73 9738
77 9738
79 9738
83 9738
85 9738
89 9738
91 9738
95 9738
97 9738
1 9740
3 9740
7 9740
9 9740
11 9740
13 9740
17 9740
19 9740
21 9740
23 9740
27 9740
29 9740
31 9740
33 9740
37 9740
39 9740
41 9740
43 9740
47 9740
49 9740
51 9740
53 9740
57 9740
59 9740
61 9740
63 9740
67 9740
69 9740
71 9740
73 9740
77 9740
79 9740
81 9740
83 9740
87 9740
89 9740
91 9740
93 9740
97 9740
1 9742
3 9742
5 9742
7 9742
9 9742
11 9742
13 9742
15 9742
17 9742
19 9742
21 9742
23 9742
25 9742
27 9742
29 9742
31 9742
33 9742
35 9742
37 9742
39 9742
41 9742
43 9742
45 9742
47 9742
49 9742
51 9742
53 9742
55 9742
57 9742
59 9742
61 9742
63 9742
65 9742
67 9742
69 9742
71 9742
73 9742
75 9742
77 9742
79 9742
81 9742
83 9742
85 9742
87 9742
89 9742
91 9742
93 9742
95 9742
97 9742
1 9744
5 9744
11 9744
13 9744
17 9744
19 9744
23 9744
25 9744
31 9744
37 9744
41 9744
43 9744
47 9744
53 9744
55 9744
59 9744
61 9744
65 9744
67 9744
71 9744
73 9744
79 9744
83 9744
85 9744
89 9744
95 9744
97 9744
1 9746
3 9746
5 9746
7 9746
9 9746
13 9746
15 9746
17 9746
19 9746
21 9746
23 9746
25 9746
27 9746
29 9746
31 9746
35 9746
37 9746
39 9746
41 9746
43 9746
45 9746
47 9746
49 9746
51 9746
53 9746
57 9746
59 9746
61 9746
63 9746
65 9746
67 9746
69 9746
71 9746
73 9746
75 9746
79 9746
81 9746
83 9746
85 9746
87 9746
89 9746
91 9746
93 9746
95 9746
97 9746
1 9748
3 9748
5 9748
7 9748
9 9748
11 9748
13 9748
15 9748
17 9748
19 9748
21 9748
23 9748
25 9748
27 9748
29 9748
31 9748
33 9748
35 9748
37 9748
39 9748
41 9748
43 9748
45 9748
47 9748
49 9748
51 9748
53 9748
55 9748
57 9748
59 9748
61 9748
63 9748
65 9748
67 9748
69 9748
71 9748
73 9748
75 9748
77 9748
79 9748
81 9748
83 9748
85 9748
87 9748
89 9748
91 9748
93 9748
95 9748
97 9748
1 9750
7 9750
11 9750
17 9750
19 9750
23 9750
29 9750
31 9750
37 9750
41 9750
43 9750
47 9750
49 9750
53 9750
59 9750
61 9750
67 9750
71 9750
73 9750
77 9750
79 9750
83 9750
89 9750
97 9750
1 9752
3 9752
5 9752
7 9752
9 9752
11 9752
13 9752
15 9752
17 9752
19 9752
21 9752
25 9752
27 9752
29 9752
31 9752
33 9752
35 9752
37 9752
39 9752
41 9752
43 9752
45 9752
47 9752
49 9752
51 9752
55 9752
57 9752
59 9752
61 9752
63 9752
65 9752
67 9752
71 9752
73 9752
75 9752
77 9752
79 9752
81 9752
83 9752
85 9752
87 9752
89 9752
91 9752
93 9752
95 9752
97 9752
1 9754
3 9754
5 9754
7 9754
9 9754
11 9754
13 9754
15 9754
17 9754
19 9754
21 9754
23 9754
25 9754
27 9754
29 9754
31 9754
33 9754
35 9754
37 9754
39 9754
41 9754
43 9754
45 9754
47 9754
49 9754
51 9754
53 9754
55 9754
57 9754
59 9754
61 9754
63 9754
65 9754
67 9754
69 9754
71 9754
73 9754
75 9754
77 9754
79 9754
81 9754
83 9754
85 9754
87 9754
89 9754
91 9754
93 9754
95 9754
97 9754
1 9756
5 9756
7 9756
11 9756
13 9756
17 9756
19 9756
23 9756
25 9756
29 9756
31 9756
35 9756
37 9756
41 9756
43 9756
47 9756
49 9756
53 9756
55 9756
59 9756
61 9756
65 9756
67 9756
71 9756
73 9756
77 9756
79 9756
83 9756
85 9756
89 9756
91 9756
95 9756
97 9756
1 9758
3 9758
5 9758
9 9758
11 9758
13 9758
15 9758
19 9758
23 9758
25 9758
27 9758
29 9758
31 9758
33 9758
37 9758
39 9758
43 9758
45 9758
47 9758
53 9758
55 9758
57 9758
59 9758
61 9758
65 9758
67 9758
69 9758
71 9758
73 9758
75 9758
79 9758
81 9758
83 9758
87 9758
89 9758
93 9758
95 9758
97 9758
1 9760
3 9760
7 9760
9 9760
11 9760
13 9760
17 9760
19 9760
21 9760
23 9760
27 9760
29 9760
31 9760
33 9760
37 9760
39 9760
41 9760
43 9760
47 9760
49 9760
51 9760
53 9760
57 9760
59 9760
63 9760
67 9760
69 9760
71 9760
73 9760
77 9760
79 9760
81 9760
83 9760
87 9760
89 9760
91 9760
93 9760
97 9760
1 9762
5 9762
7 9762
11 9762
13 9762
17 9762
19 9762
23 9762
25 9762
29 9762
31 9762
35 9762
37 9762
41 9762
43 9762
47 9762
49 9762
53 9762
55 9762
59 9762
61 9762
65 9762
67 9762
71 9762
73 9762
77 9762
79 9762
83 9762
85 9762
89 9762
91 9762
95 9762
97 9762
1 9764
3 9764
5 9764
7 9764
9 9764
11 9764
13 9764
15 9764
17 9764
19 9764
21 9764
23 9764
25 9764
27 9764
29 9764
31 9764
33 9764
35 9764
37 9764
39 9764
41 9764
43 9764
45 9764
47 9764
49 9764
51 9764
53 9764
55 9764
57 9764
59 9764
61 9764
63 9764
65 9764
67 9764
69 9764
71 9764
73 9764
75 9764
77 9764
79 9764
81 9764
83 9764
85 9764
87 9764
89 9764
91 9764
93 9764
95 9764
97 9764
1 9766
3 9766
5 9766
7 9766
9 9766
11 9766
13 9766
15 9766
17 9766
21 9766
23 9766
25 9766
27 9766
29 9766
31 9766
33 9766
35 9766
37 9766
39 9766
41 9766
43 9766
45 9766
47 9766
49 9766
51 9766
53 9766
55 9766
59 9766
61 9766
63 9766
65 9766
67 9766
69 9766
71 9766
73 9766
75 9766
77 9766
79 9766
81 9766
83 9766
85 9766
87 9766
89 9766
91 9766
93 9766
97 9766
1 9768
5 9768
7 9768
13 9768
17 9768
19 9768
23 9768
25 9768
29 9768
31 9768
35 9768
41 9768
43 9768
47 9768
49 9768
53 9768
59 9768
61 9768
65 9768
67 9768
71 9768
73 9768
79 9768
83 9768
85 9768
89 9768
91 9768
95 9768
97 9768
1 9770
3 9770
7 9770
9 9770
11 9770
13 9770
17 9770
19 9770
21 9770
23 9770
27 9770
29 9770
31 9770
33 9770
37 9770
39 9770
41 9770
43 9770
47 9770
49 9770
51 9770
53 9770
57 9770
59 9770
61 9770
63 9770
67 9770
69 9770
71 9770
73 9770
77 9770
79 9770
81 9770
83 9770
87 9770
89 9770
91 9770
93 9770
97 9770
1 9772
3 9772
5 9772
9 9772
11 9772
13 9772
15 9772
17 9772
19 9772
23 9772
25 9772
27 9772
29 9772
31 9772
33 9772
37 9772
39 9772
41 9772
43 9772
45 9772
47 9772
51 9772
53 9772
55 9772
57 9772
59 9772
61 9772
65 9772
67 9772
69 9772
71 9772
73 9772
75 9772
79 9772
81 9772
83 9772
85 9772
87 9772
89 9772
93 9772
95 9772
97 9772
1 9774
5 9774
7 9774
11 9774
13 9774
17 9774
19 9774
23 9774
25 9774
29 9774
31 9774
35 9774
37 9774
41 9774
43 9774
47 9774
49 9774
53 9774
55 9774
59 9774
61 9774
65 9774
67 9774
71 9774
73 9774
77 9774
79 9774
83 9774
85 9774
89 9774
91 9774
95 9774
97 9774
1 9776
3 9776
5 9776
7 9776
9 9776
11 9776
15 9776
17 9776
19 9776
21 9776
23 9776
25 9776
27 9776
29 9776
31 9776
33 9776
35 9776
37 9776
41 9776
43 9776
45 9776
49 9776
51 9776
53 9776
55 9776
57 9776
59 9776
61 9776
63 9776
67 9776
69 9776
71 9776
73 9776
75 9776
77 9776
79 9776
81 9776
83 9776
85 9776
87 9776
89 9776
93 9776
95 9776
97 9776
1 9778
3 9778
5 9778
7 9778
9 9778
11 9778
13 9778
15 9778
17 9778
19 9778
21 9778
23 9778
25 9778
27 9778
29 9778
31 9778
33 9778
35 9778
37 9778
39 9778
41 9778
43 9778
45 9778
47 9778
49 9778
51 9778
53 9778
55 9778
57 9778
59 9778
61 9778
63 9778
65 9778
67 9778
69 9778
71 9778
73 9778
75 9778
77 9778
79 9778
81 9778
83 9778
85 9778
87 9778
89 9778
91 9778
93 9778
95 9778
97 9778
1 9780
7 9780
11 9780
13 9780
17 9780
19 9780
23 9780
29 9780
31 9780
37 9780
41 9780
43 9780
47 9780
49 9780
53 9780
59 9780
61 9780
67 9780
71 9780
73 9780
77 9780
79 9780
83 9780
89 9780
91 9780
97 9780
1 9782
3 9782
5 9782
7 9782
9 9782
11 9782
13 9782
15 9782
17 9782
19 9782
21 9782
23 9782
25 9782
27 9782
29 9782
31 9782
33 9782
35 9782
37 9782
39 9782
41 9782
43 9782
45 9782
47 9782
49 9782
51 9782
53 9782
55 9782
57 9782
59 9782
61 9782
63 9782
65 9782
69 9782
71 9782
75 9782
77 9782
79 9782
81 9782
83 9782
85 9782
87 9782
89 9782
91 9782
93 9782
95 9782
97 9782
1 9784
3 9784
5 9784
7 9784
9 9784
11 9784
13 9784
15 9784
17 9784
19 9784
21 9784
23 9784
25 9784
27 9784
29 9784
31 9784
33 9784
35 9784
37 9784
39 9784
41 9784
43 9784
45 9784
47 9784
49 9784
51 9784
53 9784
55 9784
57 9784
59 9784
61 9784
63 9784
65 9784
67 9784
69 9784
71 9784
73 9784
75 9784
77 9784
79 9784
81 9784
83 9784
85 9784
87 9784
89 9784
91 9784
93 9784
95 9784
97 9784
1 9786
5 9786
11 9786
13 9786
17 9786
19 9786
23 9786
25 9786
29 9786
31 9786
37 9786
41 9786
43 9786
47 9786
53 9786
55 9786
59 9786
61 9786
65 9786
67 9786
71 9786
73 9786
79 9786
83 9786
85 9786
89 9786
95 9786
97 9786
1 9788
3 9788
5 9788
7 9788
9 9788
11 9788
13 9788
15 9788
17 9788
19 9788
21 9788
23 9788
25 9788
27 9788
29 9788
31 9788
33 9788
35 9788
37 9788
39 9788
41 9788
43 9788
45 9788
47 9788
49 9788
51 9788
53 9788
55 9788
57 9788
59 9788
61 9788
63 9788
65 9788
67 9788
69 9788
71 9788
73 9788
75 9788
77 9788
79 9788
81 9788
83 9788
85 9788
87 9788
89 9788
91 9788
93 9788
95 9788
97 9788
1 9790
3 9790
7 9790
9 9790
13 9790
17 9790
19 9790
21 9790
23 9790
27 9790
29 9790
31 9790
37 9790
39 9790
41 9790
43 9790
47 9790
49 9790
51 9790
53 9790
57 9790
59 9790
61 9790
63 9790
67 9790
69 9790
71 9790
73 9790
79 9790
81 9790
83 9790
87 9790
91 9790
93 9790
97 9790
1 9792
5 9792
7 9792
11 9792
13 9792
19 9792
23 9792
25 9792
29 9792
31 9792
35 9792
37 9792
41 9792
43 9792
47 9792
49 9792
53 9792
55 9792
59 9792
61 9792
65 9792
67 9792
71 9792
73 9792
77 9792
79 9792
83 9792
89 9792
91 9792
95 9792
97 9792
1 9794
3 9794
5 9794
7 9794
9 9794
11 9794
13 9794
15 9794
17 9794
19 9794
21 9794
23 9794
25 9794
27 9794
29 9794
31 9794
33 9794
35 9794
37 9794
39 9794
41 9794
43 9794
45 9794
47 9794
49 9794
51 9794
53 9794
55 9794
57 9794
61 9794
63 9794
65 9794
67 9794
69 9794
71 9794
73 9794
75 9794
77 9794
79 9794
81 9794
85 9794
87 9794
89 9794
91 9794
93 9794
95 9794
97 9794
1 9796
3 9796
5 9796
7 9796
9 9796
11 9796
13 9796
15 9796
17 9796
19 9796
21 9796
23 9796
25 9796
27 9796
29 9796
33 9796
35 9796
37 9796
39 9796
41 9796
43 9796
45 9796
47 9796
49 9796
51 9796
53 9796
55 9796
57 9796
59 9796
61 9796
63 9796
65 9796
67 9796
69 9796
71 9796
73 9796
75 9796
77 9796
81 9796
83 9796
85 9796
87 9796
89 9796
91 9796
95 9796
97 9796
1 9798
5 9798
7 9798
11 9798
13 9798
17 9798
19 9798
25 9798
29 9798
31 9798
35 9798
37 9798
41 9798
43 9798
47 9798
49 9798
53 9798
55 9798
59 9798
61 9798
65 9798
67 9798
73 9798
77 9798
79 9798
83 9798
85 9798
89 9798
91 9798
95 9798
97 9798
1 9800
3 9800
9 9800
11 9800
13 9800
17 9800
19 9800
23 9800
27 9800
29 9800
31 9800
33 9800
37 9800
39 9800
41 9800
43 9800
47 9800
51 9800
53 9800
57 9800
59 9800
61 9800
67 9800
69 9800
71 9800
73 9800
79 9800
81 9800
83 9800
87 9800
89 9800
93 9800
97 9800
1 9802
3 9802
5 9802
7 9802
9 9802
11 9802
15 9802
17 9802
19 9802
21 9802
23 9802
25 9802
27 9802
31 9802
33 9802
35 9802
37 9802
41 9802
43 9802
45 9802
47 9802
49 9802
51 9802
53 9802
55 9802
57 9802
59 9802
61 9802
63 9802
67 9802
69 9802
71 9802
73 9802
75 9802
77 9802
79 9802
81 9802
83 9802
85 9802
89 9802
93 9802
95 9802
97 9802
1 9804
5 9804
7 9804
11 9804
13 9804
17 9804
23 9804
25 9804
29 9804
31 9804
35 9804
37 9804
41 9804
47 9804
49 9804
53 9804
55 9804
59 9804
61 9804
65 9804
67 9804
71 9804
73 9804
77 9804
79 9804
83 9804
85 9804
89 9804
91 9804
97 9804
1 9806
3 9806
5 9806
7 9806
9 9806
11 9806
13 9806
15 9806
17 9806
19 9806
21 9806
23 9806
25 9806
27 9806
29 9806
31 9806
33 9806
35 9806
37 9806
39 9806
41 9806
43 9806
45 9806
47 9806
49 9806
51 9806
53 9806
55 9806
57 9806
59 9806
61 9806
63 9806
65 9806
67 9806
69 9806
71 9806
73 9806
75 9806
77 9806
79 9806
81 9806
83 9806
85 9806
87 9806
89 9806
91 9806
93 9806
95 9806
97 9806
1 9808
3 9808
5 9808
7 9808
9 9808
11 9808
13 9808
15 9808
17 9808
19 9808
21 9808
23 9808
25 9808
27 9808
29 9808
31 9808
33 9808
35 9808
37 9808
39 9808
41 9808
43 9808
45 9808
47 9808
49 9808
51 9808
53 9808
55 9808
57 9808
59 9808
61 9808
63 9808
65 9808
67 9808
69 9808
71 9808
73 9808
75 9808
77 9808
79 9808
81 9808
83 9808
85 9808
87 9808
89 9808
91 9808
93 9808
95 9808
97 9808
1 9810
7 9810
11 9810
13 9810
17 9810
19 9810
23 9810
29 9810
31 9810
37 9810
41 9810
43 9810
47 9810
49 9810
53 9810
59 9810
61 9810
67 9810
71 9810
73 9810
77 9810
79 9810
83 9810
89 9810
91 9810
97 9810
1 9812
3 9812
5 9812
7 9812
9 9812
13 9812
15 9812
17 9812
19 9812
21 9812
23 9812
25 9812
27 9812
29 9812
31 9812
35 9812
37 9812
39 9812
41 9812
43 9812
45 9812
47 9812
49 9812
51 9812
53 9812
57 9812
59 9812
61 9812
63 9812
65 9812
67 9812
69 9812
71 9812
73 9812
75 9812
79 9812
81 9812
83 9812
85 9812
87 9812
89 9812
91 9812
93 9812
95 9812
97 9812
1 9814
3 9814
5 9814
9 9814
11 9814
13 9814
15 9814
17 9814
19 9814
23 9814
25 9814
27 9814
29 9814
31 9814
33 9814
37 9814
39 9814
41 9814
43 9814
45 9814
47 9814
51 9814
53 9814
55 9814
57 9814
59 9814
61 9814
65 9814
67 9814
69 9814
71 9814
73 9814
75 9814
79 9814
81 9814
83 9814
85 9814
87 9814
89 9814
93 9814
95 9814
97 9814
1 9816
5 9816
7 9816
11 9816
13 9816
17 9816
19 9816
23 9816
25 9816
29 9816
31 9816
35 9816
37 9816
41 9816
43 9816
47 9816
49 9816
53 9816
55 9816
59 9816
61 9816
65 9816
67 9816
71 9816
73 9816
77 9816
79 9816
83 9816
85 9816
89 9816
91 9816
95 9816
97 9816
1 9818
3 9818
5 9818
7 9818
9 9818
11 9818
13 9818
15 9818
17 9818
19 9818
21 9818
23 9818
25 9818
27 9818
29 9818
31 9818
33 9818
35 9818
37 9818
39 9818
41 9818
43 9818
45 9818
47 9818
49 9818
51 9818
53 9818
55 9818
57 9818
59 9818
61 9818
63 9818
65 9818
67 9818
69 9818
71 9818
73 9818
75 9818
77 9818
79 9818
81 9818
83 9818
85 9818
87 9818
89 9818
91 9818
93 9818
95 9818
97 9818
1 9820
3 9820
7 9820
9 9820
11 9820
13 9820
17 9820
19 9820
21 9820
23 9820
27 9820
29 9820
31 9820
33 9820
37 9820
39 9820
41 9820
43 9820
47 9820
49 9820
51 9820
53 9820
57 9820
59 9820
61 9820
63 9820
67 9820
69 9820
71 9820
73 9820
77 9820
79 9820
81 9820
83 9820
87 9820
89 9820
91 9820
93 9820
97 9820
1 9822
5 9822
7 9822
11 9822
13 9822
17 9822
19 9822
23 9822
25 9822
29 9822
31 9822
35 9822
37 9822
41 9822
43 9822
47 9822
49 9822
53 9822
55 9822
59 9822
61 9822
65 9822
67 9822
71 9822
73 9822
77 9822
79 9822
83 9822
85 9822
89 9822
91 9822
95 9822
97 9822
1 9824
3 9824
5 9824
7 9824
9 9824
11 9824
13 9824
15 9824
17 9824
19 9824
21 9824
23 9824
25 9824
27 9824
29 9824
31 9824
33 9824
35 9824
37 9824
39 9824
41 9824
43 9824
45 9824
47 9824
49 9824
51 9824
53 9824
55 9824
57 9824
59 9824
61 9824
63 9824
65 9824
67 9824
69 9824
71 9824
73 9824
75 9824
77 9824
79 9824
81 9824
83 9824
85 9824
87 9824
89 9824
91 9824
93 9824
95 9824
97 9824
1 9826
3 9826
5 9826
7 9826
9 9826
11 9826
13 9826
15 9826
19 9826
21 9826
23 9826
25 9826
27 9826
29 9826
31 9826
33 9826
35 9826
37 9826
39 9826
41 9826
43 9826
45 9826
47 9826
49 9826
53 9826
55 9826
57 9826
59 9826
61 9826
63 9826
65 9826
67 9826
69 9826
71 9826
73 9826
75 9826
77 9826
79 9826
81 9826
83 9826
87 9826
89 9826
91 9826
93 9826
95 9826
97 9826
1 9828
5 9828
11 9828
17 9828
19 9828
23 9828
25 9828
29 9828
31 9828
37 9828
41 9828
43 9828
47 9828
53 9828
55 9828
59 9828
61 9828
67 9828
71 9828
73 9828
79 9828
83 9828
85 9828
89 9828
95 9828
97 9828
1 9830
3 9830
7 9830
9 9830
11 9830
13 9830
17 9830
19 9830
21 9830
23 9830
27 9830
29 9830
31 9830
33 9830
37 9830
39 9830
41 9830
43 9830
47 9830
49 9830
51 9830
53 9830
57 9830
59 9830
61 9830
63 9830
67 9830
69 9830
71 9830
73 9830
77 9830
79 9830
81 9830
83 9830
87 9830
89 9830
91 9830
93 9830
97 9830
1 9832
3 9832
5 9832
7 9832
9 9832
11 9832
13 9832
15 9832
17 9832
19 9832
21 9832
23 9832
25 9832
27 9832
29 9832
31 9832
33 9832
35 9832
37 9832
39 9832
41 9832
43 9832
45 9832
47 9832
49 9832
51 9832
53 9832
55 9832
57 9832
59 9832
61 9832
63 9832
65 9832
67 9832
69 9832
71 9832
73 9832
75 9832
77 9832
79 9832
81 9832
83 9832
85 9832
87 9832
89 9832
91 9832
93 9832
95 9832
97 9832
1 9834
5 9834
7 9834
13 9834
17 9834
19 9834
23 9834
25 9834
29 9834
31 9834
35 9834
37 9834
41 9834
43 9834
47 9834
49 9834
53 9834
59 9834
61 9834
65 9834
67 9834
71 9834
73 9834
79 9834
83 9834
85 9834
89 9834
91 9834
95 9834
97 9834
1 9836
3 9836
5 9836
7 9836
9 9836
11 9836
13 9836
15 9836
17 9836
19 9836
21 9836
23 9836
25 9836
27 9836
29 9836
31 9836
33 9836
35 9836
37 9836
39 9836
41 9836
43 9836
45 9836
47 9836
49 9836
51 9836
53 9836
55 9836
57 9836
59 9836
61 9836
63 9836
65 9836
67 9836
69 9836
71 9836
73 9836
75 9836
77 9836
79 9836
81 9836
83 9836
85 9836
87 9836
89 9836
91 9836
93 9836
95 9836
97 9836
1 9838
3 9838
5 9838
7 9838
9 9838
11 9838
13 9838
15 9838
17 9838
19 9838
21 9838
23 9838
25 9838
27 9838
29 9838
31 9838
33 9838
35 9838
37 9838
39 9838
41 9838
43 9838
45 9838
47 9838
49 9838
51 9838
53 9838
55 9838
57 9838
59 9838
61 9838
63 9838
65 9838
67 9838
69 9838
71 9838
73 9838
75 9838
77 9838
79 9838
81 9838
83 9838
85 9838
87 9838
89 9838
91 9838
93 9838
95 9838
97 9838
1 9840
7 9840
11 9840
13 9840
17 9840
19 9840
23 9840
29 9840
31 9840
37 9840
43 9840
47 9840
49 9840
53 9840
59 9840
61 9840
67 9840
71 9840
73 9840
77 9840
79 9840
83 9840
89 9840
91 9840
97 9840
1 9842
3 9842
5 9842
9 9842
11 9842
13 9842
15 9842
17 9842
23 9842
25 9842
27 9842
29 9842
31 9842
33 9842
39 9842
41 9842
43 9842
45 9842
47 9842
51 9842
53 9842
55 9842
59 9842
61 9842
65 9842
67 9842
69 9842
71 9842
73 9842
75 9842
79 9842
81 9842
83 9842
85 9842
87 9842
89 9842
93 9842
97 9842
1 9844
3 9844
5 9844
7 9844
9 9844
11 9844
13 9844
15 9844
17 9844
19 9844
21 9844
25 9844
27 9844
29 9844
31 9844
33 9844
35 9844
37 9844
39 9844
41 9844
43 9844
45 9844
47 9844
49 9844
51 9844
53 9844
55 9844
57 9844
59 9844
61 9844
63 9844
65 9844
67 9844
71 9844
73 9844
75 9844
77 9844
79 9844
81 9844
83 9844
85 9844
87 9844
89 9844
91 9844
93 9844
95 9844
97 9844
1 9846
5 9846
7 9846
11 9846
13 9846
17 9846
19 9846
23 9846
25 9846
29 9846
31 9846
35 9846
37 9846
41 9846
43 9846
47 9846
49 9846
53 9846
55 9846
59 9846
61 9846
65 9846
67 9846
71 9846
73 9846
77 9846
79 9846
83 9846
85 9846
89 9846
91 9846
95 9846
97 9846
1 9848
3 9848
5 9848
7 9848
9 9848
11 9848
13 9848
15 9848
17 9848
19 9848
21 9848
23 9848
25 9848
27 9848
29 9848
31 9848
33 9848
35 9848
37 9848
39 9848
41 9848
43 9848
45 9848
47 9848
49 9848
51 9848
53 9848
55 9848
57 9848
59 9848
61 9848
63 9848
65 9848
67 9848
69 9848
71 9848
73 9848
75 9848
77 9848
79 9848
81 9848
83 9848
85 9848
87 9848
89 9848
91 9848
93 9848
95 9848
97 9848
1 9850
3 9850
7 9850
9 9850
11 9850
13 9850
17 9850
19 9850
21 9850
23 9850
27 9850
29 9850
31 9850
33 9850
37 9850
39 9850
41 9850
43 9850
47 9850
49 9850
51 9850
53 9850
57 9850
59 9850
61 9850
63 9850
67 9850
69 9850
71 9850
73 9850
77 9850
79 9850
81 9850
83 9850
87 9850
89 9850
91 9850
93 9850
97 9850
1 9852
5 9852
7 9852
11 9852
13 9852
17 9852
19 9852
23 9852
25 9852
29 9852
31 9852
35 9852
37 9852
41 9852
43 9852
47 9852
49 9852
53 9852
55 9852
59 9852
61 9852
65 9852
67 9852
71 9852
73 9852
77 9852
79 9852
83 9852
85 9852
89 9852
91 9852
95 9852
97 9852
1 9854
3 9854
5 9854
7 9854
9 9854
11 9854
15 9854
17 9854
19 9854
21 9854
23 9854
25 9854
27 9854
29 9854
31 9854
33 9854
35 9854
37 9854
41 9854
43 9854
45 9854
47 9854
49 9854
51 9854
53 9854
55 9854
57 9854
59 9854
61 9854
63 9854
67 9854
69 9854
71 9854
73 9854
75 9854
77 9854
79 9854
81 9854
83 9854
85 9854
87 9854
89 9854
93 9854
95 9854
97 9854
1 9856
3 9856
5 9856
9 9856
13 9856
15 9856
17 9856
19 9856
23 9856
25 9856
27 9856
29 9856
31 9856
37 9856
39 9856
41 9856
43 9856
45 9856
47 9856
51 9856
53 9856
57 9856
59 9856
61 9856
65 9856
67 9856
69 9856
71 9856
73 9856
75 9856
79 9856
81 9856
83 9856
85 9856
87 9856
89 9856
93 9856
95 9856
97 9856
1 9858
5 9858
7 9858
11 9858
13 9858
17 9858
19 9858
23 9858
25 9858
29 9858
35 9858
37 9858
41 9858
43 9858
47 9858
49 9858
55 9858
59 9858
61 9858
65 9858
67 9858
71 9858
73 9858
77 9858
79 9858
83 9858
85 9858
89 9858
91 9858
95 9858
97 9858
1 9860
3 9860
7 9860
9 9860
11 9860
13 9860
19 9860
21 9860
23 9860
27 9860
31 9860
33 9860
37 9860
39 9860
41 9860
43 9860
47 9860
49 9860
53 9860
57 9860
59 9860
61 9860
63 9860
67 9860
69 9860
71 9860
73 9860
77 9860
79 9860
81 9860
83 9860
89 9860
91 9860
93 9860
97 9860
1 9862
3 9862
5 9862
7 9862
9 9862
11 9862
13 9862
15 9862
17 9862
19 9862
21 9862
23 9862
25 9862
27 9862
29 9862
31 9862
33 9862
35 9862
37 9862
39 9862
41 9862
43 9862
45 9862
47 9862
49 9862
51 9862
53 9862
55 9862
57 9862
59 9862
61 9862
63 9862
65 9862
67 9862
69 9862
71 9862
73 9862
75 9862
77 9862
79 9862
81 9862
83 9862
85 9862
87 9862
89 9862
91 9862
93 9862
95 9862
97 9862
1 9864
5 9864
7 9864
11 9864
13 9864
17 9864
19 9864
23 9864
25 9864
29 9864
31 9864
35 9864
37 9864
41 9864
43 9864
47 9864
49 9864
53 9864
55 9864
59 9864
61 9864
65 9864
67 9864
71 9864
73 9864
77 9864
79 9864
83 9864
85 9864
89 9864
91 9864
95 9864
97 9864
1 9866
3 9866
5 9866
7 9866
9 9866
11 9866
13 9866
15 9866
17 9866
19 9866
21 9866
23 9866
25 9866
27 9866
29 9866
31 9866
33 9866
35 9866
37 9866
39 9866
41 9866
43 9866
45 9866
47 9866
49 9866
51 9866
53 9866
55 9866
57 9866
59 9866
61 9866
63 9866
65 9866
67 9866
69 9866
71 9866
73 9866
75 9866
77 9866
79 9866
81 9866
83 9866
85 9866
87 9866
89 9866
91 9866
93 9866
95 9866
97 9866
1 9868
3 9868
5 9868
7 9868
9 9868
11 9868
13 9868
15 9868
17 9868
19 9868
21 9868
23 9868
25 9868
27 9868
29 9868
31 9868
33 9868
35 9868
37 9868
39 9868
41 9868
43 9868
45 9868
47 9868
49 9868
51 9868
53 9868
55 9868
57 9868
59 9868
61 9868
63 9868
65 9868
67 9868
69 9868
71 9868
73 9868
75 9868
77 9868
79 9868
81 9868
83 9868
85 9868
87 9868
89 9868
91 9868
93 9868
95 9868
97 9868
1 9870
11 9870
13 9870
17 9870
19 9870
23 9870
29 9870
31 9870
37 9870
41 9870
43 9870
53 9870
59 9870
61 9870
67 9870
71 9870
73 9870
79 9870
83 9870
89 9870
97 9870
1 9872
3 9872
5 9872
7 9872
9 9872
11 9872
13 9872
15 9872
17 9872
19 9872
21 9872
23 9872
25 9872
27 9872
29 9872
31 9872
33 9872
35 9872
37 9872
39 9872
41 9872
43 9872
45 9872
47 9872
49 9872
51 9872
53 9872
55 9872
57 9872
59 9872
61 9872
63 9872
65 9872
67 9872
69 9872
71 9872
73 9872
75 9872
77 9872
79 9872
81 9872
83 9872
85 9872
87 9872
89 9872
91 9872
93 9872
95 9872
97 9872
1 9874
3 9874
5 9874
7 9874
9 9874
11 9874
13 9874
15 9874
17 9874
19 9874
21 9874
23 9874
25 9874
27 9874
29 9874
31 9874
33 9874
35 9874
37 9874
39 9874
41 9874
43 9874
45 9874
47 9874
49 9874
51 9874
53 9874
55 9874
57 9874
59 9874
61 9874
63 9874
65 9874
67 9874
69 9874
71 9874
73 9874
75 9874
77 9874
79 9874
81 9874
83 9874
85 9874
87 9874
89 9874
91 9874
93 9874
95 9874
97 9874
1 9876
5 9876
7 9876
11 9876
13 9876
17 9876
19 9876
23 9876
25 9876
29 9876
31 9876
35 9876
37 9876
41 9876
43 9876
47 9876
49 9876
53 9876
55 9876
59 9876
61 9876
65 9876
67 9876
71 9876
73 9876
77 9876
79 9876
83 9876
85 9876
89 9876
91 9876
95 9876
97 9876
1 9878
3 9878
5 9878
7 9878
9 9878
13 9878
15 9878
17 9878
19 9878
21 9878
23 9878
25 9878
27 9878
29 9878
31 9878
35 9878
37 9878
39 9878
41 9878
43 9878
45 9878
47 9878
49 9878
51 9878
53 9878
57 9878
59 9878
61 9878
63 9878
65 9878
67 9878
69 9878
71 9878
73 9878
75 9878
79 9878
81 9878
83 9878
85 9878
87 9878
89 9878
91 9878
93 9878
95 9878
97 9878
1 9880
3 9880
7 9880
9 9880
11 9880
17 9880
21 9880
23 9880
27 9880
29 9880
31 9880
33 9880
37 9880
41 9880
43 9880
47 9880
49 9880
51 9880
53 9880
59 9880
61 9880
63 9880
67 9880
69 9880
71 9880
73 9880
77 9880
79 9880
81 9880
83 9880
87 9880
89 9880
93 9880
97 9880
1 9882
5 9882
7 9882
11 9882
13 9882
17 9882
19 9882
23 9882
25 9882
29 9882
31 9882
35 9882
37 9882
41 9882
43 9882
47 9882
49 9882
53 9882
55 9882
59 9882
65 9882
67 9882
71 9882
73 9882
77 9882
79 9882
83 9882
85 9882
89 9882
91 9882
95 9882
97 9882
1 9884
3 9884
5 9884
9 9884
11 9884
13 9884
15 9884
17 9884
19 9884
23 9884
25 9884
27 9884
29 9884
31 9884
33 9884
37 9884
39 9884
41 9884
43 9884
45 9884
47 9884
51 9884
53 9884
55 9884
57 9884
59 9884
61 9884
65 9884
67 9884
69 9884
71 9884
73 9884
75 9884
79 9884
81 9884
83 9884
85 9884
87 9884
89 9884
93 9884
95 9884
97 9884
1 9886
3 9886
5 9886
7 9886
9 9886
11 9886
13 9886
15 9886
17 9886
19 9886
21 9886
23 9886
25 9886
27 9886
29 9886
31 9886
33 9886
35 9886
37 9886
39 9886
41 9886
43 9886
45 9886
47 9886
49 9886
51 9886
53 9886
55 9886
57 9886
59 9886
61 9886
63 9886
65 9886
67 9886
69 9886
71 9886
73 9886
75 9886
77 9886
79 9886
81 9886
83 9886
85 9886
87 9886
89 9886
91 9886
93 9886
95 9886
97 9886
1 9888
5 9888
7 9888
11 9888
13 9888
17 9888
19 9888
23 9888
25 9888
29 9888
31 9888
35 9888
37 9888
41 9888
43 9888
47 9888
49 9888
53 9888
55 9888
59 9888
61 9888
65 9888
67 9888
71 9888
73 9888
77 9888
79 9888
83 9888
85 9888
89 9888
91 9888
95 9888
97 9888
1 9890
3 9890
7 9890
9 9890
11 9890
13 9890
17 9890
19 9890
21 9890
27 9890
29 9890
31 9890
33 9890
37 9890
39 9890
41 9890
47 9890
49 9890
51 9890
53 9890
57 9890
59 9890
61 9890
63 9890
67 9890
71 9890
73 9890
77 9890
79 9890
81 9890
83 9890
87 9890
89 9890
91 9890
93 9890
97 9890
1 9892
3 9892
5 9892
7 9892
9 9892
11 9892
13 9892
15 9892
17 9892
19 9892
21 9892
23 9892
25 9892
27 9892
29 9892
31 9892
33 9892
35 9892
37 9892
39 9892
41 9892
43 9892
45 9892
47 9892
49 9892
51 9892
53 9892
55 9892
57 9892
59 9892
61 9892
63 9892
65 9892
67 9892
69 9892
71 9892
73 9892
75 9892
77 9892
79 9892
81 9892
83 9892
85 9892
87 9892
89 9892
91 9892
93 9892
95 9892
97 9892
1 9894
5 9894
7 9894
11 9894
13 9894
19 9894
23 9894
25 9894
29 9894
31 9894
35 9894
37 9894
41 9894
43 9894
47 9894
49 9894
53 9894
55 9894
59 9894
61 9894
65 9894
67 9894
71 9894
73 9894
77 9894
79 9894
83 9894
89 9894
91 9894
95 9894
1 9896
3 9896
5 9896
7 9896
9 9896
11 9896
13 9896
15 9896
17 9896
19 9896
21 9896
23 9896
25 9896
27 9896
29 9896
31 9896
33 9896
35 9896
37 9896
39 9896
41 9896
43 9896
45 9896
47 9896
49 9896
51 9896
53 9896
55 9896
57 9896
59 9896
61 9896
63 9896
65 9896
67 9896
69 9896
71 9896
73 9896
75 9896
77 9896
79 9896
81 9896
83 9896
85 9896
87 9896
89 9896
91 9896
93 9896
95 9896
97 9896
1 9898
3 9898
5 9898
9 9898
11 9898
13 9898
15 9898
17 9898
19 9898
23 9898
25 9898
27 9898
29 9898
31 9898
33 9898
37 9898
39 9898
41 9898
43 9898
45 9898
47 9898
51 9898
53 9898
55 9898
57 9898
59 9898
61 9898
65 9898
67 9898
69 9898
71 9898
73 9898
75 9898
79 9898
81 9898
83 9898
85 9898
87 9898
89 9898
93 9898
95 9898
97 9898
1 9900
7 9900
13 9900
17 9900
19 9900
23 9900
29 9900
31 9900
37 9900
41 9900
43 9900
47 9900
49 9900
53 9900
59 9900
61 9900
67 9900
71 9900
73 9900
79 9900
83 9900
89 9900
91 9900
97 9900
1 9902
3 9902
5 9902
7 9902
9 9902
11 9902
13 9902
15 9902
17 9902
19 9902
21 9902
23 9902
25 9902
27 9902
29 9902
31 9902
33 9902
35 9902
37 9902
39 9902
41 9902
43 9902
45 9902
47 9902
49 9902
51 9902
53 9902
55 9902
57 9902
59 9902
61 9902
63 9902
65 9902
67 9902
69 9902
71 9902
73 9902
75 9902
77 9902
79 9902
81 9902
83 9902
85 9902
87 9902
89 9902
91 9902
93 9902
95 9902
97 9902
99 9902
1 9904
3 9904
5 9904
7 9904
9 9904
11 9904
13 9904
15 9904
17 9904
19 9904
21 9904
23 9904
25 9904
27 9904
29 9904
31 9904
33 9904
35 9904
37 9904
39 9904
41 9904
43 9904
45 9904
47 9904
49 9904
51 9904
53 9904
55 9904
57 9904
59 9904
61 9904
63 9904
65 9904
67 9904
69 9904
71 9904
73 9904
75 9904
77 9904
79 9904
81 9904
83 9904
85 9904
87 9904
89 9904
91 9904
93 9904
95 9904
97 9904
99 9904
1 9906
5 9906
7 9906
11 9906
17 9906
19 9906
23 9906
25 9906
29 9906
31 9906
35 9906
37 9906
41 9906
43 9906
47 9906
49 9906
53 9906
55 9906
59 9906
61 9906
67 9906
71 9906
73 9906
77 9906
79 9906
83 9906
85 9906
89 9906
95 9906
97 9906
1 9908
3 9908
5 9908
7 9908
9 9908
11 9908
13 9908
15 9908
17 9908
19 9908
21 9908
23 9908
25 9908
27 9908
29 9908
31 9908
33 9908
35 9908
37 9908
39 9908
41 9908
43 9908
45 9908
47 9908
49 9908
51 9908
53 9908
55 9908
57 9908
59 9908
61 9908
63 9908
65 9908
67 9908
69 9908
71 9908
73 9908
75 9908
77 9908
79 9908
81 9908
83 9908
85 9908
87 9908
89 9908
91 9908
93 9908
95 9908
97 9908
99 9908
1 9910
3 9910
7 9910
9 9910
11 9910
13 9910
17 9910
19 9910
21 9910
23 9910
27 9910
29 9910
31 9910
33 9910
37 9910
39 9910
41 9910
43 9910
47 9910
49 9910
51 9910
53 9910
57 9910
59 9910
61 9910
63 9910
67 9910
69 9910
71 9910
73 9910
77 9910
79 9910
81 9910
83 9910
87 9910
89 9910
91 9910
93 9910
97 9910
99 9910
1 9912
5 9912
11 9912
13 9912
17 9912
19 9912
23 9912
25 9912
29 9912
31 9912
37 9912
41 9912
43 9912
47 9912
53 9912
55 9912
61 9912
65 9912
67 9912
71 9912
73 9912
79 9912
83 9912
85 9912
89 9912
95 9912
97 9912
1 9914
3 9914
5 9914
7 9914
9 9914
11 9914
13 9914
15 9914
17 9914
19 9914
21 9914
23 9914
25 9914
27 9914
29 9914
31 9914
33 9914
35 9914
37 9914
39 9914
41 9914
43 9914
45 9914
47 9914
49 9914
51 9914
53 9914
55 9914
57 9914
59 9914
61 9914
63 9914
65 9914
67 9914
69 9914
71 9914
73 9914
75 9914
77 9914
79 9914
81 9914
83 9914
85 9914
87 9914
89 9914
91 9914
93 9914
95 9914
97 9914
99 9914
1 9916
3 9916
5 9916
7 9916
9 9916
11 9916
13 9916
15 9916
17 9916
19 9916
21 9916
23 9916
25 9916
27 9916
29 9916
31 9916
33 9916
35 9916
39 9916
41 9916
43 9916
45 9916
47 9916
49 9916
51 9916
53 9916
55 9916
57 9916
59 9916
61 9916
63 9916
65 9916
69 9916
71 9916
73 9916
75 9916
77 9916
79 9916
81 9916
83 9916
85 9916
87 9916
89 9916
91 9916
93 9916
95 9916
97 9916
99 9916
1 9918
5 9918
7 9918
11 9918
13 9918
17 9918
23 9918
25 9918
31 9918
35 9918
37 9918
41 9918
43 9918
47 9918
49 9918
53 9918
55 9918
59 9918
61 9918
65 9918
67 9918
71 9918
73 9918
77 9918
79 9918
83 9918
85 9918
89 9918
91 9918
97 9918
1 9920
3 9920
7 9920
9 9920
11 9920
13 9920
17 9920
19 9920
21 9920
23 9920
27 9920
29 9920
33 9920
37 9920
39 9920
41 9920
43 9920
47 9920
49 9920
51 9920
53 9920
57 9920
59 9920
61 9920
63 9920
67 9920
69 9920
71 9920
73 9920
77 9920
79 9920
81 9920
83 9920
87 9920
89 9920
91 9920
97 9920
99 9920
1 9922
3 9922
5 9922
7 9922
9 9922
13 9922
15 9922
17 9922
19 9922
21 9922
23 9922
25 9922
27 9922
29 9922
31 9922
35 9922
37 9922
39 9922
43 9922
45 9922
47 9922
49 9922
51 9922
53 9922
57 9922
59 9922
61 9922
63 9922
65 9922
67 9922
69 9922
71 9922
73 9922
75 9922
79 9922
81 9922
83 9922
85 9922
87 9922
89 9922
91 9922
93 9922
95 9922
97 9922
1 9924
5 9924
7 9924
11 9924
13 9924
17 9924
19 9924
23 9924
25 9924
29 9924
31 9924
35 9924
37 9924
41 9924
43 9924
47 9924
49 9924
53 9924
55 9924
59 9924
61 9924
65 9924
67 9924
71 9924
73 9924
77 9924
79 9924
83 9924
85 9924
89 9924
91 9924
95 9924
97 9924
1 9926
3 9926
5 9926
9 9926
11 9926
13 9926
15 9926
17 9926
19 9926
23 9926
25 9926
27 9926
29 9926
31 9926
33 9926
37 9926
39 9926
41 9926
43 9926
45 9926
47 9926
51 9926
53 9926
55 9926
57 9926
59 9926
61 9926
65 9926
67 9926
69 9926
71 9926
73 9926
75 9926
79 9926
81 9926
83 9926
85 9926
87 9926
89 9926
93 9926
95 9926
97 9926
99 9926
1 9928
3 9928
5 9928
7 9928
9 9928
11 9928
13 9928
15 9928
19 9928
21 9928
23 9928
25 9928
27 9928
29 9928
31 9928
33 9928
35 9928
37 9928
39 9928
41 9928
43 9928
45 9928
47 9928
49 9928
53 9928
55 9928
57 9928
59 9928
61 9928
63 9928
65 9928
67 9928
69 9928
71 9928
75 9928
77 9928
79 9928
81 9928
83 9928
87 9928
89 9928
91 9928
93 9928
95 9928
97 9928
99 9928
1 9930
7 9930
11 9930
13 9930
17 9930
19 9930
23 9930
29 9930
31 9930
37 9930
41 9930
43 9930
47 9930
49 9930
53 9930
59 9930
61 9930
67 9930
71 9930
73 9930
77 9930
79 9930
83 9930
89 9930
91 9930
97 9930
1 9932
3 9932
5 9932
7 9932
9 9932
11 9932
15 9932
17 9932
19 9932
21 9932
23 9932
25 9932
27 9932
29 9932
31 9932
33 9932
35 9932
37 9932
41 9932
43 9932
45 9932
47 9932
49 9932
51 9932
53 9932
55 9932
57 9932
59 9932
61 9932
63 9932
67 9932
69 9932
71 9932
73 9932
75 9932
77 9932
79 9932
81 9932
83 9932
85 9932
87 9932
89 9932
93 9932
95 9932
97 9932
99 9932
1 9934
3 9934
5 9934
7 9934
9 9934
11 9934
13 9934
15 9934
17 9934
19 9934
21 9934
23 9934
25 9934
27 9934
29 9934
31 9934
33 9934
35 9934
37 9934
39 9934
41 9934
43 9934
45 9934
47 9934
49 9934
51 9934
53 9934
55 9934
57 9934
59 9934
61 9934
63 9934
65 9934
67 9934
69 9934
71 9934
73 9934
75 9934
77 9934
79 9934
81 9934
83 9934
85 9934
87 9934
89 9934
91 9934
93 9934
95 9934
97 9934
99 9934
1 9936
5 9936
7 9936
11 9936
13 9936
17 9936
19 9936
25 9936
29 9936
31 9936
35 9936
37 9936
41 9936
43 9936
47 9936
49 9936
53 9936
55 9936
59 9936
61 9936
65 9936
67 9936
71 9936
73 9936
77 9936
79 9936
83 9936
85 9936
89 9936
91 9936
95 9936
97 9936
1 9938
3 9938
5 9938
7 9938
9 9938
11 9938
13 9938
15 9938
17 9938
19 9938
21 9938
23 9938
25 9938
27 9938
29 9938
31 9938
33 9938
35 9938
37 9938
39 9938
41 9938
43 9938
45 9938
47 9938
49 9938
51 9938
53 9938
55 9938
57 9938
59 9938
61 9938
63 9938
65 9938
67 9938
69 9938
71 9938
73 9938
75 9938
77 9938
79 9938
81 9938
83 9938
85 9938
87 9938
89 9938
91 9938
93 9938
95 9938
97 9938
99 9938
1 9940
3 9940
9 9940
11 9940
13 9940
17 9940
19 9940
23 9940
27 9940
29 9940
31 9940
33 9940
37 9940
39 9940
41 9940
43 9940
47 9940
51 9940
53 9940
57 9940
59 9940
61 9940
67 9940
69 9940
73 9940
79 9940
81 9940
83 9940
87 9940
89 9940
93 9940
97 9940
99 9940
1 9942
5 9942
7 9942
11 9942
13 9942
17 9942
19 9942
23 9942
25 9942
29 9942
31 9942
35 9942
37 9942
41 9942
43 9942
47 9942
49 9942
53 9942
55 9942
59 9942
61 9942
65 9942
67 9942
71 9942
73 9942
77 9942
79 9942
83 9942
85 9942
89 9942
91 9942
95 9942
97 9942
1 9944
3 9944
5 9944
7 9944
9 9944
13 9944
15 9944
17 9944
19 9944
21 9944
23 9944
25 9944
27 9944
29 9944
31 9944
35 9944
37 9944
39 9944
41 9944
43 9944
45 9944
47 9944
49 9944
51 9944
53 9944
57 9944
59 9944
61 9944
63 9944
65 9944
67 9944
69 9944
71 9944
73 9944
75 9944
79 9944
81 9944
83 9944
85 9944
87 9944
89 9944
91 9944
93 9944
95 9944
97 9944
1 9946
3 9946
5 9946
7 9946
9 9946
11 9946
13 9946
15 9946
17 9946
19 9946
21 9946
23 9946
25 9946
27 9946
29 9946
31 9946
33 9946
35 9946
37 9946
39 9946
41 9946
43 9946
45 9946
47 9946
49 9946
51 9946
53 9946
55 9946
57 9946
59 9946
61 9946
63 9946
65 9946
67 9946
69 9946
71 9946
73 9946
75 9946
77 9946
79 9946
81 9946
83 9946
85 9946
87 9946
89 9946
91 9946
93 9946
95 9946
97 9946
99 9946
1 9948
5 9948
7 9948
11 9948
13 9948
17 9948
19 9948
23 9948
25 9948
29 9948
31 9948
35 9948
37 9948
41 9948
43 9948
47 9948
49 9948
53 9948
55 9948
59 9948
61 9948
65 9948
67 9948
71 9948
73 9948
77 9948
79 9948
83 9948
85 9948
89 9948
91 9948
95 9948
97 9948
1 9950
3 9950
7 9950
9 9950
11 9950
13 9950
17 9950
19 9950
21 9950
23 9950
27 9950
29 9950
31 9950
33 9950
37 9950
39 9950
41 9950
43 9950
47 9950
49 9950
51 9950
53 9950
57 9950
59 9950
61 9950
63 9950
67 9950
69 9950
71 9950
73 9950
77 9950
79 9950
81 9950
83 9950
87 9950
89 9950
91 9950
93 9950
97 9950
99 9950
1 9952
3 9952
5 9952
7 9952
9 9952
11 9952
13 9952
15 9952
17 9952
19 9952
21 9952
23 9952
25 9952
27 9952
29 9952
31 9952
33 9952
35 9952
37 9952
39 9952
41 9952
43 9952
45 9952
47 9952
49 9952
51 9952
53 9952
55 9952
57 9952
59 9952
61 9952
63 9952
65 9952
67 9952
69 9952
71 9952
73 9952
75 9952
77 9952
79 9952
81 9952
83 9952
85 9952
87 9952
89 9952
91 9952
93 9952
95 9952
97 9952
99 9952
1 9954
5 9954
11 9954
13 9954
17 9954
19 9954
23 9954
25 9954
29 9954
31 9954
37 9954
41 9954
43 9954
47 9954
53 9954
55 9954
59 9954
61 9954
65 9954
67 9954
71 9954
73 9954
83 9954
85 9954
89 9954
95 9954
97 9954
1 9956
3 9956
5 9956
7 9956
9 9956
11 9956
13 9956
15 9956
17 9956
21 9956
23 9956
25 9956
27 9956
29 9956
31 9956
33 9956
35 9956
37 9956
39 9956
41 9956
43 9956
45 9956
47 9956
49 9956
51 9956
53 9956
55 9956
59 9956
61 9956
63 9956
65 9956
67 9956
69 9956
71 9956
73 9956
75 9956
77 9956
79 9956
81 9956
83 9956
85 9956
87 9956
89 9956
91 9956
93 9956
97 9956
99 9956
1 9958
3 9958
5 9958
7 9958
9 9958
11 9958
15 9958
17 9958
19 9958
21 9958
23 9958
25 9958
27 9958
29 9958
31 9958
33 9958
35 9958
37 9958
41 9958
43 9958
45 9958
47 9958
49 9958
51 9958
53 9958
55 9958
57 9958
59 9958
61 9958
63 9958
67 9958
69 9958
71 9958
73 9958
75 9958
77 9958
79 9958
81 9958
83 9958
85 9958
87 9958
89 9958
93 9958
95 9958
97 9958
99 9958
1 9960
7 9960
11 9960
13 9960
17 9960
19 9960
23 9960
29 9960
31 9960
37 9960
41 9960
43 9960
47 9960
49 9960
53 9960
59 9960
61 9960
67 9960
71 9960
73 9960
77 9960
79 9960
89 9960
91 9960
97 9960
1 9962
3 9962
5 9962
7 9962
9 9962
11 9962
13 9962
15 9962
19 9962
21 9962
23 9962
25 9962
27 9962
29 9962
31 9962
33 9962
35 9962
37 9962
39 9962
41 9962
43 9962
45 9962
47 9962
49 9962
53 9962
55 9962
57 9962
59 9962
61 9962
63 9962
65 9962
67 9962
69 9962
71 9962
73 9962
75 9962
77 9962
79 9962
81 9962
83 9962
87 9962
89 9962
91 9962
93 9962
95 9962
97 9962
99 9962
1 9964
3 9964
5 9964
7 9964
9 9964
11 9964
13 9964
15 9964
17 9964
19 9964
21 9964
23 9964
25 9964
27 9964
29 9964
31 9964
33 9964
35 9964
37 9964
39 9964
41 9964
43 9964
45 9964
49 9964
51 9964
55 9964
57 9964
59 9964
61 9964
63 9964
65 9964
67 9964
69 9964
71 9964
73 9964
75 9964
77 9964
79 9964
81 9964
83 9964
85 9964
87 9964
89 9964
91 9964
93 9964
95 9964
97 9964
99 9964
1 9966
5 9966
7 9966
13 9966
17 9966
19 9966
23 9966
25 9966
29 9966
31 9966
35 9966
37 9966
41 9966
43 9966
47 9966
49 9966
53 9966
59 9966
61 9966
65 9966
67 9966
71 9966
73 9966
79 9966
83 9966
85 9966
89 9966
91 9966
95 9966
97 9966
1 9968
3 9968
5 9968
9 9968
11 9968
13 9968
15 9968
17 9968
19 9968
23 9968
25 9968
27 9968
29 9968
31 9968
33 9968
37 9968
39 9968
41 9968
43 9968
45 9968
47 9968
51 9968
53 9968
55 9968
57 9968
59 9968
61 9968
65 9968
67 9968
69 9968
71 9968
73 9968
75 9968
79 9968
81 9968
83 9968
85 9968
87 9968
93 9968
95 9968
97 9968
99 9968
1 9970
3 9970
7 9970
9 9970
11 9970
13 9970
17 9970
19 9970
21 9970
23 9970
27 9970
29 9970
31 9970
33 9970
37 9970
39 9970
41 9970
43 9970
47 9970
49 9970
51 9970
53 9970
57 9970
59 9970
61 9970
63 9970
67 9970
69 9970
71 9970
73 9970
77 9970
79 9970
81 9970
83 9970
87 9970
89 9970
91 9970
93 9970
97 9970
99 9970
1 9972
5 9972
7 9972
11 9972
13 9972
17 9972
19 9972
23 9972
25 9972
29 9972
31 9972
35 9972
37 9972
41 9972
43 9972
47 9972
49 9972
53 9972
55 9972
59 9972
61 9972
65 9972
67 9972
71 9972
73 9972
77 9972
79 9972
83 9972
85 9972
89 9972
91 9972
95 9972
97 9972
1 9974
3 9974
5 9974
7 9974
9 9974
11 9974
13 9974
15 9974
17 9974
19 9974
21 9974
23 9974
25 9974
27 9974
29 9974
31 9974
33 9974
35 9974
37 9974
39 9974
41 9974
43 9974
45 9974
47 9974
49 9974
51 9974
53 9974
55 9974
57 9974
59 9974
61 9974
63 9974
65 9974
67 9974
69 9974
71 9974
73 9974
75 9974
77 9974
79 9974
81 9974
83 9974
85 9974
87 9974
89 9974
91 9974
93 9974
95 9974
97 9974
99 9974
1 9976
3 9976
5 9976
7 9976
9 9976
11 9976
13 9976
15 9976
17 9976
19 9976
21 9976
23 9976
25 9976
27 9976
31 9976
33 9976
35 9976
37 9976
39 9976
41 9976
45 9976
47 9976
49 9976
51 9976
53 9976
55 9976
57 9976
59 9976
61 9976
63 9976
65 9976
67 9976
69 9976
71 9976
73 9976
75 9976
77 9976
79 9976
81 9976
83 9976
85 9976
89 9976
91 9976
93 9976
95 9976
97 9976
99 9976
1 9978
5 9978
7 9978
11 9978
13 9978
17 9978
19 9978
23 9978
25 9978
29 9978
31 9978
35 9978
37 9978
41 9978
43 9978
47 9978
49 9978
53 9978
55 9978
59 9978
61 9978
65 9978
67 9978
71 9978
73 9978
77 9978
79 9978
83 9978
85 9978
89 9978
91 9978
95 9978
97 9978
1 9980
3 9980
7 9980
9 9980
11 9980
13 9980
17 9980
19 9980
21 9980
23 9980
27 9980
29 9980
31 9980
33 9980
37 9980
39 9980
41 9980
43 9980
47 9980
49 9980
51 9980
53 9980
57 9980
59 9980
61 9980
63 9980
67 9980
69 9980
71 9980
73 9980
77 9980
79 9980
81 9980
83 9980
87 9980
89 9980
91 9980
93 9980
97 9980
99 9980
1 9982
3 9982
5 9982
9 9982
11 9982
13 9982
15 9982
17 9982
19 9982
25 9982
27 9982
29 9982
33 9982
37 9982
39 9982
41 9982
43 9982
45 9982
47 9982
51 9982
53 9982
55 9982
57 9982
59 9982
61 9982
65 9982
67 9982
71 9982
73 9982
75 9982
79 9982
81 9982
83 9982
85 9982
87 9982
89 9982
95 9982
97 9982
99 9982
1 9984
5 9984
7 9984
11 9984
17 9984
19 9984
23 9984
25 9984
29 9984
31 9984
35 9984
37 9984
41 9984
43 9984
47 9984
49 9984
53 9984
55 9984
59 9984
61 9984
67 9984
71 9984
73 9984
77 9984
79 9984
83 9984
85 9984
89 9984
95 9984
97 9984
1 9986
3 9986
5 9986
7 9986
9 9986
11 9986
13 9986
15 9986
17 9986
19 9986
21 9986
23 9986
25 9986
27 9986
29 9986
31 9986
33 9986
35 9986
37 9986
39 9986
41 9986
43 9986
45 9986
47 9986
49 9986
51 9986
53 9986
55 9986
57 9986
59 9986
61 9986
63 9986
65 9986
67 9986
69 9986
71 9986
73 9986
75 9986
77 9986
79 9986
81 9986
83 9986
85 9986
87 9986
89 9986
91 9986
93 9986
95 9986
97 9986
99 9986
1 9988
3 9988
5 9988
7 9988
9 9988
13 9988
15 9988
17 9988
19 9988
21 9988
23 9988
25 9988
27 9988
29 9988
31 9988
35 9988
37 9988
39 9988
41 9988
43 9988
45 9988
47 9988
49 9988
51 9988
53 9988
57 9988
59 9988
61 9988
63 9988
65 9988
67 9988
69 9988
71 9988
73 9988
75 9988
79 9988
81 9988
83 9988
85 9988
87 9988
89 9988
91 9988
93 9988
95 9988
97 9988
1 9990
7 9990
11 9990
13 9990
17 9990
19 9990
23 9990
29 9990
31 9990
41 9990
43 9990
47 9990
49 9990
53 9990
59 9990
61 9990
67 9990
71 9990
73 9990
77 9990
79 9990
83 9990
89 9990
91 9990
97 9990
1 9992
3 9992
5 9992
7 9992
9 9992
11 9992
13 9992
15 9992
17 9992
19 9992
21 9992
23 9992
25 9992
27 9992
29 9992
31 9992
33 9992
35 9992
37 9992
39 9992
41 9992
43 9992
45 9992
47 9992
49 9992
51 9992
53 9992
55 9992
57 9992
59 9992
61 9992
63 9992
65 9992
67 9992
69 9992
71 9992
73 9992
75 9992
77 9992
79 9992
81 9992
83 9992
85 9992
87 9992
89 9992
91 9992
93 9992
95 9992
97 9992
99 9992
1 9994
3 9994
5 9994
7 9994
9 9994
11 9994
13 9994
15 9994
17 9994
21 9994
23 9994
25 9994
27 9994
29 9994
31 9994
33 9994
35 9994
37 9994
39 9994
41 9994
43 9994
45 9994
47 9994
49 9994
51 9994
53 9994
55 9994
59 9994
61 9994
63 9994
65 9994
67 9994
69 9994
71 9994
73 9994
75 9994
77 9994
79 9994
81 9994
83 9994
85 9994
87 9994
89 9994
91 9994
93 9994
97 9994
99 9994
1 9996
5 9996
11 9996
13 9996
19 9996
23 9996
25 9996
29 9996
31 9996
37 9996
41 9996
43 9996
47 9996
53 9996
55 9996
59 9996
61 9996
65 9996
67 9996
71 9996
73 9996
79 9996
83 9996
89 9996
95 9996
97 9996
1 9998
3 9998
5 9998
7 9998
9 9998
11 9998
13 9998
15 9998
17 9998
19 9998
21 9998
23 9998
25 9998
27 9998
29 9998
31 9998
33 9998
35 9998
37 9998
39 9998
41 9998
43 9998
45 9998
47 9998
49 9998
51 9998
53 9998
55 9998
57 9998
59 9998
61 9998
63 9998
65 9998
67 9998
69 9998
71 9998
73 9998
75 9998
77 9998
79 9998
81 9998
83 9998
85 9998
87 9998
89 9998
91 9998
93 9998
95 9998
97 9998
99 9998
1 10000
3 10000
7 10000
9 10000
11 10000
13 10000
17 10000
19 10000
21 10000
23 10000
27 10000
29 10000
31 10000
33 10000
37 10000
39 10000
41 10000
43 10000
47 10000
49 10000
51 10000
53 10000
57 10000
59 10000
61 10000
63 10000
67 10000
69 10000
71 10000
73 10000
77 10000
79 10000
81 10000
83 10000
87 10000
89 10000
91 10000
93 10000
97 10000
99 10000
