0.033332551024700 -1
0.033333333202100 119
0.039999967245900 -1
0.040474524516700 -1
0.041665851636100 -1
0.041666605423100 -1
0.042181581691000 -1
0.043478258859600 94
0.044039117443600 -1
0.045454053978800 -1
0.045454372477100 -1
0.047619029048400 -1
0.047859898512900 -1
0.048673036075300 -1
0.049999974978700 -1
0.050264760015700 -1
0.050265257928100 -1
0.052629861747500 -1
0.052631438768200 -1
0.052724979042900 -1
0.052726086331100 -1
0.055554643235100 -1
0.055660388655500 -1
0.055660782261800 -1
0.058819958843700 -1
0.058820589397300 -1
0.058822342339600 -1
0.058823122376500 -1
0.059851612298500 -1
0.059851651359500 -1
0.060558951074200 -1
0.060559375664900 -1
0.062499384086500 -1
0.062914793349500 -1
0.062915055313100 -1
0.063664226186700 -1
0.063665305751500 -1
0.064102232739400 -1
0.064102455298700 -1
0.066662681393700 -1
0.066663581554200 -1
0.066664686922400 -1
0.066666398758700 -1
0.066669677791500 -1
0.066670697295000 -1
0.066818336555300 -1
0.066818428109400 -1
0.067990791787600 -1
0.067991660000700 -1
0.068491911918800 -1
0.068492848999700 -1
0.071279217137700 -1
0.071279217137800 -1
0.071309214131700 -1
0.071309238543400 -1
0.071333586078900 -1
0.071334836564100 -1
0.071337961251000 -1
0.071337961260500 -1
0.071361708852200 -1
0.071361708871500 -1
0.071394205576600 -1
0.071394518083400 -1
0.071401392280100 -1
0.071401734178600 -1
0.071417914176400 -1
0.071418109470500 -1
0.071422945176100 -1
0.071423196926800 -1
0.071426790870400 -1
0.071427981529400 -1
0.071432496283500 -1
0.071433116218700 -1
0.071600744975400 -1
0.071601729990700 -1
0.071629182067700 -1
0.071629182067800 -1
0.071650114990500 -1
0.071650429938500 -1
0.071934151506800 -1
0.071934151507000 -1
0.071970114638600 -1
0.071970398542200 -1
0.072195375329500 -1
0.072195375405800 -1
0.072950612106700 -1
0.072952194125100 -1
0.072953198906100 -1
0.072954051745700 -1
0.072978734329100 -1
0.072979046797800 -1
0.073114013712800 -1
0.073115284817000 -1
0.073528205460900 -1
0.073529278513400 -1
0.073825211984100 -1
0.073825212156100 -1
0.074002693987900 -1
0.074004155372500 -1
0.076911147859800 -1
0.076911484921400 -1
0.076916844910600 -1
0.076919980188800 -1
0.076923026878900 -1
0.076967319007700 -1
0.076968711998200 -1
0.077124746214300 -1
0.077125194457700 -1
0.077730989962300 -1
0.077731070597300 -1
0.077816042551000 -1
0.077816696863100 -1
0.078694988190000 -1
0.078696054463300 -1
0.078881502005800 -1
0.078882205242000 -1
0.079450504005400 -1
0.079450919101800 -1
0.079710121076100 -1
0.079710879021200 -1
0.079918252880600 -1
0.079918687876500 -1
0.083320480956100 -1
0.083320512005000 -1
0.083322997986400 -1
0.083323335551700 -1
0.083326447230100 -1
0.083326856739400 -1
0.083330355989400 -1
0.083331759962300 -1
0.083333009231500 -1
0.083338608023500 -1
0.083339605982700 -1
0.083569281791800 -1
0.083570545877900 -1
0.084070435329200 -1
0.084072970190000 -1
0.084119177992500 -1
0.084119180597500 -1
0.084382590931200 -1
0.084382909671600 -1
0.085412800349900 -1
0.085412816106500 -1
0.085415840569100 -1
0.085417824163800 -1
0.085472130802800 -1
0.085473121418900 -1
0.086205845824600 -1
0.086206877013200 -1
0.086307691602500 -1
0.086307867442500 -1
0.086612426536100 -1
0.086612764223600 -1
0.086860058656200 -1
0.086860286521200 -1
0.090725979309300 -1
0.090726955779100 -1
0.090728518117600 -1
0.090728518122500 -1
0.090732267136500 -1
0.090732267746800 -1
0.090811009856000 -1
0.090811009856000 -1
0.090832257726700 -1
0.090833585723400 -1
0.090877096677700 -1
0.090877409452200 -1
0.090879733428400 -1
0.090879752967300 -1
0.090896771826000 -1
0.090898667478500 -1
0.090901079718300 -1
0.090903819502900 -1
0.090904789716500 -1
0.090906000337000 -1
0.090907885546700 -1
0.090908500391600 -1
0.090915759771700 -1
0.090915999385400 -1
0.090969741485400 -1
0.090970995961800 -1
0.090991597075500 -1
0.090993506412800 -1
0.091184390401100 -1
0.091186016393600 -1
0.091188983864600 -1
0.091190347462500 -1
0.091271854548900 -1
0.091272223462100 -1
0.091725918130100 -1
0.091725918173000 -1
0.091730917671900 -1
0.091730918282900 -1
0.091742127485900 -1
0.091742171598700 -1
0.091767124980300 -1
0.091767164349700 -1
0.091775913162400 -1
0.091775932692300 -1
0.091779662768200 -1
0.091779662787800 -1
0.091785599689900 -1
0.091789943858600 -1
0.092039597676700 -1
0.092039636735300 -1
0.092158374531300 -1
0.092159800568000 -1
0.093387626500300 -1
0.093388276083200 -1
0.093392111623600 -1
0.093395360870900 -1
0.093395908599100 41
0.093404184964100 -1
0.093404601308600 -1
0.094336905798400 -1
0.094338235244600 -1
0.094339412913400 -1
0.095120499876800 -1
0.095120580473300 -1
0.099987590260800 -1
0.099987600353700 -1
0.099990488558200 -1
0.099992854023100 -1
0.099994611128800 -1
0.099995343785400 -1
0.099996340004100 -1
0.099998917570300 -1
0.100007273347100 -1
0.100007904703300 -1
0.100075983196100 -1
0.100076333257100 -1
0.100336612606900 -1
0.100337555210800 -1
0.100340078603900 -1
0.100341617990800 -1
0.100438755367300 -1
0.100439543276400 -1
0.100483780724400 -1
0.100483795438100 -1
0.101133412792600 -1
0.101135785717600 -1
0.101373309911500 -1
0.101373721218800 -1
0.103009781441600 -1
0.103009826475900 -1
0.103012061047800 -1
0.103012292057400 -1
0.103015156903300 -1
0.103017294301500 -1
0.103027051291800 -1
0.103028857170200 -1
0.103096959914100 -1
0.103097280310500 -1
0.103442082934200 -1
0.103442264224000 -1
0.104164027065600 -1
0.104166648139400 -1
0.105119575974600 -1
0.105119575994000 -1
0.105644415901000 -1
0.105644726924900 -1
0.105735756764600 -1
0.105735964720500 -1
0.111091357302000 -1
0.111091597302300 -1
0.111096300009400 -1
0.111098088376300 -1
0.111099984421500 -1
0.111102141213400 -1
0.111103976373300 -1
0.111105406904900 -1
0.111106476085200 -1
0.111107725923000 -1
0.111110245200100 -1
0.111111607520800 248
0.111203760899900 -1
0.111204678152900 -1
0.111205861234700 -1
0.111236062352900 -1
0.111236463020500 -1
0.111532100282300 -1
0.111532683336300 -1
0.111552488785200 -1
0.111552703021400 -1
0.112417594659200 -1
0.112417594659300 -1
0.112425611429200 -1
0.112428221035800 -1
0.112428843532000 -1
0.114839187852300 -1
0.114839932522500 -1
0.114841958322900 -1
0.114844968649100 -1
0.114846186758200 -1
0.114847447074800 -1
0.114848606236100 -1
0.114861021673500 -1
0.114861121162800 -1
0.115246772568000 -1
0.115247523754700 167
0.116278536966400 -1
0.116463398316000 -1
0.116463456559300 -1
0.117018969110200 -1
0.117022280870800 -1
0.117470124801000 -1
0.117471153803900 -1
0.124988824975600 -1
0.124990104615900 -1
0.124991334644300 -1
0.124992585129300 -1
0.124994691231300 -1
0.124995279566200 -1
0.124996536228700 -1
0.124997584027700 -1
0.124998853422000 -1
0.125000101047500 -1
0.125008986588000 -1
0.125010082765500 -1
0.125011367819200 -1
0.125013605424600 -1
0.125014190833000 -1
0.125018118363500 -1
0.125019540865600 343
0.125113743642300 -1
0.125114529396000 -1
0.125116317154700 -1
0.125116324713200 -1
0.125118919439400 -1
0.125120133269800 -1
0.125527062198700 -1
0.125527541308600 -1
0.125528858904200 -1
0.125532857550000 -1
0.125533791352100 -1
0.125687033346400 -1
0.125687856314900 -1
0.126664731138600 -1
0.126665230939800 -1
0.126666626176200 -1
0.126667416870500 -1
0.126668783906800 -1
0.126670231381500 -1
0.126671518486500 -1
0.126687377708100 -1
0.126687414690900 -1
0.126777344633000 -1
0.126777724258100 -1
0.127151104705200 -1
0.127151435641600 -1
0.127153248848100 -1
0.127153778351400 -1
0.127195904597400 -1
0.127196773133000 -1
0.127376024701300 -1
0.127376253131900 -1
0.129726475365200 -1
0.129727735009400 -1
0.129728965353600 -1
0.129730078534100 -1
0.129736571127300 -1
0.129742263623600 -1
0.129744081113400 -1
0.129744618083100 -1
0.129746649140900 -1
0.129747420596500 -1
0.129748358114500 -1
0.129750157097900 -1
0.129874985552900 -1
0.129876705693700 -1
0.129913341407400 -1
0.129913500085600 -1
0.129916134043700 -1
0.129917783092300 -1
0.130252057467000 -1
0.130252135584200 -1
0.130257831513000 -1
0.130258306888500 -1
0.130289181960100 -1
0.130290818701900 -1
0.131569112983600 -1
0.131569504800800 -1
0.131575775552600 -1
0.131577115955900 -1
0.131629419422100 -1
0.131630670536800 -1
0.132528659592100 -1
0.132531517944900 -1
0.132532151857900 -1
0.132556626330700 -1
0.132556827119000 -1
0.133104798937400 -1
0.133105997873800 -1
0.133945408039600 -1
0.133945785529300 -1
0.134296534789700 -1
0.134296801108500 -1
0.142799470735000 -1
0.142799550087000 -1
0.142804393346300 -1
0.142805673128300 -1
0.142807049130300 -1
0.142807049331100 -1
0.142815677902500 -1
0.142816289749700 -1
0.142818819805200 -1
0.142822343518300 -1
0.142825655090700 -1
0.142825798063600 -1
0.142827213345200 -1
0.142829420941100 -1
0.142832217740100 -1
0.142833316229800 -1
0.142834546592000 -1
0.142835894130600 -1
0.142837673837400 -1
0.142838301093800 -1
0.142840406623000 -1
0.142840798695800 -1
0.142842045823700 -1
0.142843451934100 -1
0.142844545651900 -1
0.142846420462000 -1
0.142847050281400 -1
0.142848295292900 -1
0.142849552395800 -1
0.142850809594100 -1
0.142852908995400 -1
0.142853294887300 -1
0.142854545185100 -1
0.142855794522900 -1
0.142857046761900 -1
0.142863293693300 -1
0.142863294305400 -1
0.142865771397300 -1
0.142865793520900 -1
0.142869742018300 -1
0.142871890067300 -1
0.142875041787900 -1
0.142882013742400 -1
0.142882044282000 -1
0.142995780265400 -1
0.142995780418000 -1
0.143000779878300 -1
0.143000779917000 -1
0.143005465668300 -1
0.143006642368700 -1
0.143007926829100 -1
0.143008396554800 -1
0.143010989460900 -1
0.143014602516100 -1
0.143018741984200 -1
0.143019592120000 -1
0.143059367795700 -1
0.143059524030300 -1
0.143065091694600 -1
0.143066105496200 -1
0.143088332673800 -1
0.143090053360800 -1
0.143539429550700 -1
0.143539577242500 -1
0.143543791098600 -1
0.143544476873800 -1
0.143545725312800 -1
0.143546981972500 -1
0.143548460353300 -1
0.143549491266300 -1
0.143551350965000 -1
0.143552755215100 -1
0.143555724921100 -1
0.143588167314700 -1
0.143588250671300 -1
0.143753201979500 -1
0.143753595121400 -1
0.143896879832600 -1
0.143896941955200 -1
0.145020577474900 -1
0.145020577513000 -1
0.145037835473300 -1
0.145039374811500 -1
0.145041215213400 -1
0.145043180308300 -1
0.145044652273900 -1
0.145046236649800 -1
0.145064947151000 -1
0.145066903475900 -1
0.145234223509600 -1
0.145234864179600 -1
0.145730486841700 -1
0.145730512783800 -1
0.146133581187500 -1
0.146134643892500 -1
0.149066422078700 -1
0.149066422078800 -1
0.149070171659800 -1
0.149070201031000 -1
0.149077043568200 -1
0.149077671640500 -1
0.149083598699900 -1
0.149083920401500 -1
0.149085288651900 -1
0.149086422539800 -1
0.149088707486700 -1
0.149089388832800 -1
0.149090169699000 -1
0.149092044893800 -1
0.149092669448500 -1
0.149093938853500 -1
0.149095169198000 -1
0.149211407549700 -1
0.149211407549700 -1
0.149756351939300 -1
0.149756665409400 -1
0.149764898342800 -1
0.149766207011800 -1
0.149768387943800 -1
0.149808741475400 -1
0.149809286023500 -1
0.149990000289500 -1
0.149990161390500 -1
0.151509716376500 -1
0.151510288615300 -1
0.151512438413900 -1
0.151513679490500 -1
0.151514926752200 -1
0.151918636248400 -1
0.151918636260600 -1
0.152775970884200 -1
0.152776073527800 -1
0.152779185437000 -1
0.152780587265900 -1
0.152955951126100 -1
0.152956032301000 -1
0.153542223400800 -1
0.153542316410000 -1
0.153543771952400 -1
0.153545644440100 -1
0.153566590604100 -1
0.153567464790100 -1
0.154048344099500 -1
0.154048423442900 -1
0.154124633131200 -1
0.154125487286100 -1
0.154661464541500 -1
0.154662582239900 -1
0.155009566721200 -1
0.155009898844000 -1
0.166289071120100 -1
0.166289696133700 -1
0.166310944004500 -1
0.166310963533800 -1
0.166313433989100 -1
0.166313443754000 -1
0.166324692550500 -1
0.166325967543700 -1
0.166330629531800 -1
0.166332211404500 -1
0.166340940998400 -1
0.166340943439700 -1
0.166360937542400 -1
0.166360958544100 -1
0.166405934485500 -1
0.166405944250300 -1
0.166410309045900 -1
0.166412203400500 -1
0.166428432077200 -1
0.166428432254200 -1
0.166433431567900 -1
0.166433451459500 -1
0.166436868885600 -1
0.166437806444200 -1
0.166443118183000 -1
0.166444075805100 -1
0.166455929456400 -1
0.166455934358000 -1
0.166478895924000 -1
0.166479716154300 -1
0.166488425608700 -1
0.166488426524100 -1
0.166519673068600 -1
0.166519673090100 -1
0.166537168282800 -1
0.166537854945300 -1
0.166538421209000 -1
0.166546993729500 -1
0.166547170370400 -1
0.166568417887100 -1
0.166568418203000 -1
0.166572162937800 -1
0.166572167827300 -1
0.166581854337500 -1
0.166583416704800 -1
0.166594040635400 -1
0.166594665572700 -1
0.166618392390000 -1
0.166618892426500 -1
0.166623020790200 -1
0.166623423229000 -1
0.166627083587600 -1
0.166627319351600 -1
0.166629636278100 -1
0.166629974629800 -1
0.166634578555700 -1
0.166635911750000 -1
0.166639501157800 -1
0.166639983340000 -1
0.166642153019400 -1
0.166642201092500 -1
0.166645458196000 -1
0.166645910604400 -1
0.166647160312300 -1
0.166648856563000 -1
0.166649660061800 -1
0.166652548279700 -1
0.166653800272000 -1
0.166655911953000 -1
0.166657208133500 -1
0.166659659069400 -1
0.166660908935100 -1
0.166663409032200 -1
0.166664814793100 -1
0.166665910875100 -1
0.166667783632200 163
0.166679500821400 -1
0.166679971965600 -1
0.166684291447300 -1
0.166684756680800 -1
0.166686569236100 -1
0.166688549490200 -1
0.166690395480600 -1
0.166691961406700 70
0.166699030075800 -1
0.166700751853900 -1
0.166705547359600 -1
0.166705975796700 92
0.166795895331200 -1
0.166795895407500 -1
0.166832141737100 -1
0.166832151539900 -1
0.166839641023700 -1
0.166839641023700 -1
0.166870887892500 -1
0.166870888197600 -1
0.166873211872200 -1
0.166873700302000 -1
0.166876420655800 -1
0.166878594210600 -1
0.166881279917700 -1
0.166983295746700 -1
0.166983697027300 -1
0.167599501262600 -1
0.167604349681400 -1
0.167605211809000 -1
0.167606037656700 -1
0.167609488368400 -1
0.167609798375100 -1
0.167612346405600 -1
0.167613313494000 -1
0.167614729978400 -1
0.167616125947600 -1
0.167618410717000 -1
0.167660730579100 -1
0.167660821017500 -1
0.167889508806800 -1
0.167889706828900 -1
0.168015762011000 -1
0.168015934395300 -1
0.168124511651600 -1
0.168125137243100 -1
0.169523122107200 -1
0.169523122112000 -1
0.169558118605000 -1
0.169558118605000 -1
0.169586865724200 -1
0.169586865734500 -1
0.169608113595000 -1
0.169608114815600 -1
0.169610613335000 -1
0.169610613501800 -1
0.169639962124000 -1
0.169641239845600 -1
0.169644021399100 -1
0.169644409449200 -1
0.169645612909800 -1
0.169647638451300 -1
0.169648126827700 -1
0.169651260566500 -1
0.169661545740600 -1
0.169661858209300 -1
0.169669357305200 -1
0.169669357610300 -1
0.169838680809300 -1
0.169839340423800 -1
0.169842564514900 -1
0.169845685494800 -1
0.170451739992600 -1
0.170451781492600 -1
0.170466777548200 -1
0.170466777548300 -1
0.170527994171900 -1
0.170528202668500 -1
0.170595025742600 -1
0.170595785749600 -1
0.170917981874800 -1
0.170919334206000 -1
0.171144199858600 -1
0.171144855964300 -1
0.171379029271100 -1
0.171381079477200 -1
0.171440429976100 -1
0.171441721353000 -1
0.171446679352200 -1
0.171446679352300 -1
0.171497211397200 -1
0.171497982962200 -1
0.175189851612000 -1
0.175190095740200 -1
0.175197356943100 -1
0.175197787838900 -1
0.175199988313300 -1
0.175200056011400 -1
0.175207191785100 -1
0.175208587528700 -1
0.175208817308100 -1
0.175210698067700 -1
0.175212100817100 -1
0.175213284980500 -1
0.175213802459000 -1
0.175215366910200 -1
0.175218801414500 -1
0.175220056188300 -1
0.175221321866800 -1
0.175249647482000 -1
0.175250048219000 -1
0.175266277020800 -1
0.175266316308300 -1
0.175268376337100 -1
0.175268809503700 -1
0.175433738304900 -1
0.175433780415000 -1
0.175449261644500 -1
0.175451054387300 -1
0.175557517252400 -1
0.175557517405000 -1
0.176071186595200 -1
0.176071215927300 -1
0.176099963046500 -1
0.176099963084700 -1
0.176114961543500 -1
0.176114961544100 -1
0.176127460291000 -1
0.176127461549700 -1
0.176143552428200 -1
0.176144021895100 -1
0.176147626590200 -1
0.176150115633300 -1
0.176206961234300 -1
0.176207455170700 -1
0.176452388324000 -1
0.176455902089700 -1
0.176456196880700 -1
0.176604810516900 -1
0.176606008184700 -1
0.178445973069900 -1
0.178445977952300 -1
0.178467203545000 -1
0.178467264958000 -1
0.178504722065500 -1
0.178504722694900 -1
0.178512220079000 -1
0.178512377570100 -1
0.178522171257500 -1
0.178522220351400 -1
0.178525965011000 -1
0.178525969938000 -1
0.178529719553300 -1
0.178529719562900 -1
0.178543468106400 -1
0.178545968542600 -1
0.178548106026800 -1
0.178548477943200 -1
0.178557176518800 -1
0.178557225978500 -1
0.178562969018800 -1
0.178563466541700 -1
0.178567689591400 -1
0.178569120156200 -1
0.178569715711100 -1
0.178571395076600 -1
0.178581589204800 -1
0.178583017938400 -1
0.178697200316700 -1
0.178697241836800 -1
0.178974039945300 -1
0.178974674971800 -1
0.179002172210900 -1
0.179002172218400 -1
0.179139658399200 -1
0.179139663549800 -1
0.179154656935500 -1
0.179157680314400 -1
0.180318212210600 -1
0.180320321813500 -1
0.180323079993600 -1
0.180324354352100 -1
0.180325532151200 -1
0.180325879975900 -1
0.180327757431800 -1
0.180330885559600 -1
0.180336598677500 -1
0.180337353951600 -1
0.180381319594700 -1
0.180382499027600 -1
0.180576501718000 -1
0.180577095937900 -1
0.180665752545000 -1
0.180665861699000 -1
0.180705751500200 -1
0.180705751500200 -1
0.181393163073900 -1
0.181393339000300 -1
0.181394880427400 -1
0.181398682139400 -1
0.181553166504500 -1
0.181553166580800 -1
0.181609332474400 -1
0.181610091773800 -1
0.182098111971700 -1
0.182098111971800 -1
0.182673054346800 -1
0.182673211280800 -1
0.182956756395700 -1
0.182956971830600 -1
0.182958961202100 -1
0.182959561831200 -1
0.183015455004900 -1
0.183015608844900 -1
0.183230498337900 -1
0.183230498495300 -1
0.183232665759400 -1
0.183233364718100 -1
0.199546343952400 -1
0.199546402540300 -1
0.199557612354500 -1
0.199557612659600 -1
0.199570111082900 -1
0.199570111102000 -1
0.199598699240500 -1
0.199598858230900 -1
0.199608837613600 -1
0.199609015924100 -1
0.199610107094000 -1
0.199621335215700 -1
0.199621362089000 -1
0.199627585647800 -1
0.199627606618900 -1
0.199637584809200 -1
0.199637608610800 -1
0.199652602415900 -1
0.199652681563100 -1
0.199658813150200 -1
0.199658910835300 -1
0.199668226269900 -1
0.199668851207200 -1
0.199671339817800 -1
0.199671350975800 -1
0.199675090506400 -1
0.199675101916000 -1
0.199689471699500 -1
0.199690099078000 -1
0.199692576854600 -1
0.199694476080800 -1
0.199752553141700 -1
0.199753217752900 -1
0.199755092565000 -1
0.199755112400000 -1
0.199759778984900 -1
0.199760092073500 -1
0.199762591813200 -1
0.199762616301700 -1
0.199771178556600 -1
0.199771340936900 -1
0.199787588691100 -1
0.199787597242300 -1
0.199806335291300 -1
0.199806376793500 -1
0.199812409780800 -1
0.199812587111400 -1
0.199825085398400 -1
0.199825085551000 -1
0.199833834674200 -1
0.199833834828000 -1
0.199840084028900 -1
0.199841490157100 -1
0.199849300501100 -1
0.199850864828600 -1
0.199856332412300 -1
0.199856332419800 -1
0.199865960361200 -1
0.199869456107700 -1
0.199881329742500 -1
0.199881408642200 -1
0.199889999988700 -1
0.199890081498200 -1
0.199900056628200 -1
0.199901327920900 -1
0.199911326298500 -1
0.199912421465900 -1
0.199916951323300 -1
0.199917741104100 -1
0.199920367501500 -1
0.199923212781700 -1
0.199924405887500 -1
0.199927033348600 -1
0.199932572976900 -1
0.199932821589700 -1
0.199937452783700 -1
0.199937613337400 -1
0.199940289103700 -1
0.199941367908800 -1
0.199945200775600 -1
0.199946479636700 -1
0.199947895606700 -1
0.199948844368700 -1
0.199950544904800 -1
0.199951440082000 -1
0.199957259865000 -1
0.199957682126800 -1
0.199959175545600 -1
0.199960384812500 -1
0.199961634605900 -1
0.199962718244400 -1
0.199963821648300 -1
0.199966008935600 -1
0.199968821147300 -1
0.199971556716900 -1
0.199973198455200 -1
0.199974445621800 -1
0.199975707369800 -1
0.199976398513000 -1
0.199977775366500 -1
0.199979533422200 -1
0.199980070636300 -1
0.199981345541300 -1
0.199982569769500 -1
0.199983985652900 -1
0.199985069528800 -1
0.199987579111800 -1
0.199989444080600 -1
0.199990322898800 -1
0.199991318892800 -1
0.199992578539600 -1
0.199993818947700 -1
0.199995107576200 -1
0.199996357908100 -1
0.199997587948700 -1
0.199998818332000 -1
0.200001036088300 -1
0.200001336886100 -1
0.200024665471600 -1
0.200025867691900 -1
0.200026579107600 -1
0.200027682857200 -1
0.200028815497800 -1
0.200033746754000 -1
0.200034137020200 -1
0.200035192975500 -1
0.200036314383800 -1
0.200042563757500 -1
0.200042563757500 -1
0.200048759387500 -1
0.200048813140800 -1
0.200053108808100 -1
0.200054090969800 -1
0.200276289496300 -1
0.200276329394300 -1
0.200288313913100 -1
0.200295534236400 -1
0.200298846669100 -1
0.200305098942500 -1
0.200306971523900 -1
0.200308477176100 -1
0.200308806608800 -1
0.200315035531600 -1
0.200315663832800 -1
0.200318707572300 -1
0.200318952877500 -1
0.200402525387300 -1
0.200403173449700 -1
0.200407879881800 -1
0.200409720722000 -1
0.200482494663100 -1
0.200482560525100 -1
0.201343643963200 -1
0.201343846935500 -1
0.201346043244400 -1
0.201347217650900 -1
0.201349175638900 -1
0.201350832663200 -1
0.201354307503600 -1
0.201357475807900 -1
0.201361191922800 -1
0.201363310736000 -1
0.201363764672900 -1
0.201365182728000 -1
0.201367592731700 -1
0.201370469020500 -1
0.201371183110400 -1
0.201432419591800 -1
0.201432424532000 -1
0.201455859623900 -1
0.201456174541000 -1
0.201754853096900 -1
0.201754892241300 -1
0.201761547458800 -1
0.201766767067700 -1
0.201791129121500 -1
0.201792203820000 -1
0.201945147331200 -1
0.201946123020800 -1
0.204207146348200 -1
0.204207146424500 -1
0.204218395297000 -1
0.204219647613200 -1
0.204225875016500 -1
0.204225894545800 -1
0.204228394257100 -1
0.204228452883100 -1
0.204233392573700 -1
0.204233393804000 -1
0.204272764848800 -1
0.204273395889200 -1
0.204279521974700 -1
0.204280293402600 -1
0.204286511027900 -1
0.204287241324700 -1
0.204294248699600 -1
0.204295683125000 -1
0.204296576559300 -1
0.204297606443300 -1
0.204298654761000 -1
0.204300577060700 -1
0.204300887699500 -1
0.204303471519800 -1
0.204304658064300 -1
0.204307214521700 -1
0.204308699054300 -1
0.204310471074900 -1
0.204310886029300 -1
0.204313427278800 -1
0.204316369864700 -1
0.204317135685800 -1
0.204329634111900 -1
0.204329634159500 -1
0.204344632647000 -1
0.204344632647000 -1
0.204349631993300 -1
0.204349632146300 -1
0.204354629203800 -1
0.204355409250300 -1
0.204364629420000 -1
0.204364669701600 -1
0.204580855078800 -1
0.204581486734700 -1
0.204584449807100 -1
0.204584937393300 -1
0.204587781460300 -1
0.204588690240300 -1
0.204591540397800 -1
0.204593515787500 -1
0.204594985186900 -1
0.204605987671300 -1
0.204607384685300 -1
0.204687098328200 -1
0.204687098427700 -1
0.204689787782900 -1
0.204691555664700 -1
0.205507016159700 -1
0.205507016164500 -1
0.205557615342000 -1
0.205558896575500 -1
0.205563031026500 -1
0.205564766883400 -1
0.205565801107000 -1
0.205569156009300 -1
0.205569509903200 -1
0.205570963043500 -1
0.205584468076600 -1
0.205586113621900 -1
0.205682931142900 -1
0.205683398971400 -1
0.206145077071800 -1
0.206145780584100 -1
0.206149603130500 -1
0.206154875584800 -1
0.206212507482300 -1
0.206213740895500 -1
0.206479418700900 -1
0.206483281552300 -1
0.206825555894300 -1
0.206825634144900 -1
0.212396325702800 -1
0.212396325786500 -1
0.212399997292400 -1
0.212400154138200 -1
0.212408198709700 -1
0.212409137155300 -1
0.212410386823600 -1
0.212411325567300 -1
0.212413344801000 -1
0.212413882635200 -1
0.212415330990800 -1
0.212416949330200 -1
0.212418019273700 -1
0.212419052044500 -1
0.212420142294600 -1
0.212423823071100 -1
0.212426464414100 -1
0.212427572655300 -1
0.212428822759100 -1
0.212434296001700 -1
0.212435384415300 -1
0.212437591529400 -1
0.212438841210000 -1
0.212440077737000 -1
0.212441321926500 -1
0.212442889724000 -1
0.212443821036500 -1
0.212481317268300 -1
0.212481318492500 -1
0.212488698054900 -1
0.212490129265500 -1
0.212493434557600 -1
0.212494956109900 -1
0.212495146562200 -1
0.212497147601200 -1
0.212512562401500 -1
0.212513853863100 -1
0.212773768411700 -1
0.212773798956600 -1
0.212779156671400 -1
0.212780673087000 -1
0.212781571950100 -1
0.212785114681000 -1
0.212885026813700 -1
0.212885026851900 -1
0.212887524122100 -1
0.212887526717200 -1
0.212893442928900 -1
0.212893981912500 -1
0.212944643277800 -1
0.212945059045000 -1
0.213727442395200 -1
0.213727442396400 -1
0.213783669670800 -1
0.213783686778400 -1
0.213793607639200 -1
0.213793764484500 -1
0.213796106378500 -1
0.213797607183100 -1
0.213805203311500 -1
0.213806185276900 -1
0.213808920462100 -1
0.213809934757400 -1
0.213811184023200 -1
0.213812787256700 -1
0.213892415934300 -1
0.213892425900600 -1
0.213896033592700 -1
0.213898613485100 -1
0.214262070134400 -1
0.214264603923000 -1
0.214301056635800 -1
0.214301134905700 -1
0.214472367745500 -1
0.214472367746300 -1
0.214483611126400 -1
0.214483705781300 -1
0.214609794637100 -1
0.214609937627000 -1
0.214687306667500 -1
0.214689240136700 -1
0.214742152679900 -1
0.214742488474800 -1
0.217371203228000 -1
0.217372514973500 -1
0.217375495653100 -1
0.217375856086800 -1
0.217377490022300 -1
0.217379240928500 -1
0.217385397689000 -1
0.217386470256400 -1
0.217387100076100 -1
0.217389887883900 -1
0.217390825295400 -1
0.217406901403600 -1
0.217409577972500 -1
0.217530572285400 -1
0.217531375562700 -1
0.217532061747400 -1
0.217533341611700 -1
0.218027936391600 -1
0.218028339533100 -1
0.218036857352900 -1
0.218037064392900 -1
0.218433845766300 -1
0.218434472239000 -1
0.219987902370300 -1
0.219988068190300 -1
0.219990440611300 -1
0.219990565079800 -1
0.219991964880100 -1
0.219993142751600 -1
0.219995055642300 -1
0.219995912799600 -1
0.219997498976000 -1
0.219998220652600 -1
0.220000798218700 -1
0.220002135895400 -1
0.220003093228700 -1
0.220005961558000 -1
0.220010484645000 -1
0.220011441581900 -1
0.220014308653400 -1
0.220014653616000 -1
0.220076723120700 -1
0.220080624752100 -1
0.220368924405300 -1
0.220372190401500 -1
0.220502757002700 -1
0.220503267727700 -1
0.220566749702600 -1
0.220566757828300 -1
0.221586603778100 -1
0.221587916915200 -1
0.221589974485900 -1
0.221590414212100 -1
0.221592932669500 -1
0.221594154157600 -1
0.221595435234800 -1
0.221598945293500 -1
0.221600490485500 -1
0.221638506907600 -1
0.221639152042100 -1
0.221827832978200 -1
0.221827900179900 -1
0.221911298459400 -1
0.221911756905800 -1
0.222642642595100 -1
0.222642818516900 -1
0.222644536462200 -1
0.222647494006200 -1
0.222648072229900 -1
0.222649050890300 -1
0.222677795403300 -1
0.222677836982400 -1
0.222805277364200 -1
0.222806634981400 -1
0.222863381677000 -1
0.222864158560900 82
0.223384954333400 -1
0.223386588205300 -1
0.223486151969800 -1
0.223486464443200 -1
0.223927395539200 -1
0.223929911138800 -1
0.224338437091400 -1
0.224339763764700 -1
0.224708636671100 -1
0.224708935408700 -1
0.225114269759400 -1
0.225115678875000 -1
0.225638670645500 -1
0.225638753645100 -1
0.249951312397400 -1
0.249951312399700 -1
0.249959406069200 -1
0.249960061523000 -1
0.249962189481600 -1
0.249962561273100 -1
0.249966229704300 -1
0.249966315798100 -1
0.249968078254000 -1
0.249968820410900 -1
0.249971267341000 -1
0.249971310395800 -1
0.249976829436100 -1
0.249977559769500 -1
0.249984367842700 -1
0.249985686396600 -1
0.249986308892800 -1
0.249989028044200 -1
0.249990059166300 -1
0.249991310834100 -1
0.249992558266500 -1
0.249993808141200 -1
0.249995058016000 -1
0.249996312773100 -1
0.249998636835400 -1
0.250001810301200 -1
0.250004293006900 -1
0.250029956859200 -1
0.250031304383800 -1
0.250034410757200 -1
0.250035078419600 -1
0.250036910426400 -1
0.250037580687500 -1
0.250042730364300 -1
0.250043822975900 -1
0.250048845715400 -1
0.250050993578200 -1
0.250051307376700 -1
0.250052789657500 -1
0.250053812286400 -1
0.250055071553000 -1
0.250056345895900 -1
0.250069269278300 -1
0.250070216615900 -1
0.250073291278700 -1
0.250075534876000 -1
0.250077253629400 -1
0.250077628128800 -1
0.250086136916000 -1
0.250086627620500 -1
0.250097530444600 -1
0.250097677148100 -1
0.250448136997800 -1
0.250451262342700 -1
0.250452512174500 -1
0.250453771814800 -1
0.250458183227700 -1
0.250458761559100 -1
0.250461261617300 -1
0.250463784090000 -1
0.250465020706100 -1
0.250466264508900 -1
0.250468808451700 -1
0.250470049492100 -1
0.250471541484700 -1
0.250472549267200 -1
0.250474188707800 -1
0.250475009920000 -1
0.250476344969900 -1
0.250480048483000 -1
0.250482043136100 -1
0.250483134105900 -1
0.250484131254400 -1
0.250496200113200 -1
0.250497173365500 -1
0.250497862424100 -1
0.250498921148900 -1
0.250500622587100 -1
0.250501882228500 -1
0.250637727791400 -1
0.250639369079000 -1
0.250640833259900 -1
0.250706197667500 -1
0.250706236748800 -1
0.250709732476700 -1
0.250710181911900 -1
0.250712807099600 -1
0.250713736664800 -1
0.250753669693100 -1
0.250753791268500 -1
0.250795287216000 -1
0.250796258729700 -1
0.252103577190000 -1
0.252103635778400 -1
0.252109141760700 -1
0.252109850975300 -1
0.252114210880800 -1
0.252117404239300 -1
0.252121091664600 -1
0.252121565285700 -1
0.252122345145600 -1
0.252123597998800 -1
0.252125774207500 -1
0.252126094464700 -1
0.252128614049900 -1
0.252129848971300 -1
0.252131719102000 -1
0.252132343843300 -1
0.252133594041900 -1
0.252134843597700 -1
0.252138598820500 -1
0.252140272741700 -1
0.252141092980800 -1
0.252142342836500 -1
0.252143595152600 -1
0.252146103179000 -1
0.252147503452200 -1
0.252152771312100 -1
0.252154366181000 -1
0.252234827884500 -1
0.252235155811000 -1
0.252244310480200 -1
0.252245547963000 -1
0.252247110738400 -1
0.252247704751200 -1
0.252277328088900 -1
0.252277719895400 -1
0.252748532088600 -1
0.252748532090300 -1
0.252752865836000 -1
0.252753531589300 -1
0.252754898654700 -1
0.252758901245800 -1
0.252763044810700 -1
0.252764318592600 -1
0.252765480165900 -1
0.252768487345400 -1
0.252769512309200 -1
0.253043106182200 -1
0.253046202772500 -1
0.253200903060800 -1
0.253200986787900 -1
0.253202295546500 -1
0.253203805229500 -1
0.253439677426000 -1
0.253439810551000 -1
0.256710634742600 -1
0.256710947516400 -1
0.256739317371300 -1
0.256739499342800 -1
0.256744380724600 -1
0.256744381666000 -1
0.256746846472600 -1
0.256747196366100 -1
0.256749093602300 -1
0.256749391259400 -1
0.256753580659800 -1
0.256754400203000 -1
0.256755630540000 -1
0.256756885906800 -1
0.256758130917800 -1
0.256759915083200 -1
0.256761276966500 -1
0.256762058118200 -1
0.256763286029400 -1
0.256765024167300 -1
0.256765629536800 -1
0.256766923352400 -1
0.256768151304400 -1
0.256769379161000 -1
0.256770785747100 -1
0.256771878911300 -1
0.256773329017800 -1
0.256775706654300 -1
0.256776976246700 -1
0.256780614447200 -1
0.256781989603900 -1
0.256839181087300 -1
0.256839374626300 -1
0.256840885335500 -1
0.256842988523700 -1
0.256843631810500 -1
0.256844372878500 -1
0.256845824988300 -1
0.256846950052900 -1
0.256867775973100 -1
0.256868750316100 -1
0.256871198710600 -1
0.256871904293000 -1
0.256882599860200 -1
0.256883744924000 -1
0.257193086691600 -1
0.257193086701300 -1
0.257205544930300 -1
0.257205978782300 -1
0.257211826422200 -1
0.257211975448600 -1
0.257214335187100 -1
0.257216735492900 -1
0.257217796583200 -1
0.257218972920400 -1
0.257219360332900 -1
0.257220603713400 -1
0.257221838742200 -1
0.257239156217200 -1
0.257239509686300 -1
0.257368918686000 -1
0.257369340431300 -1
0.257371426019200 -1
0.257374152625200 -1
0.257442905415700 -1
0.257443922322900 -1
0.257487422281700 -1
0.257488763820500 -1
0.258742923414600 -1
0.258743712868200 -1
0.258749566524500 -1
0.258751080732300 -1
0.258754142406300 -1
0.258756133512200 -1
0.258756699769300 -1
0.258758008005500 -1
0.258759287329900 -1
0.258760508999400 -1
0.258762304603900 -1
0.258764189637300 -1
0.258765927210000 -1
0.258767452099400 -1
0.258782927040000 -1
0.258782927402300 -1
0.258929157846700 -1
0.258929162729000 -1
0.258933498232000 -1
0.258934164669200 -1
0.258940782002700 -1
0.258942380627500 -1
0.258944748341000 -1
0.258945618681100 -1
0.258988844248300 -1
0.258989157328500 -1
0.259662838901500 -1
0.259662878285200 -1
0.259665338346300 -1
0.259665339148100 -1
0.259670338455700 -1
0.259670338455800 -1
0.259673421635700 -1
0.259674215058600 -1
0.259682790643400 -1
0.259684990802500 -1
0.259686006881600 -1
0.259689011178100 -1
0.259689214468900 -1
0.259691013694600 -1
0.259691754258900 -1
0.259700335439900 -1
0.259700335449800 -1
0.259780326928400 -1
0.259780366493500 -1
0.259782742193900 -1
0.259782857125700 -1
0.259784610050300 -1
0.259785573713500 -1
0.259817627115000 -1
0.259818466337200 -1
0.260204033753300 -1
0.260204034974000 -1
0.260206456527700 -1
0.260207394518400 -1
0.260208563267600 -1
0.260210256492400 -1
0.260211199859800 -1
0.260211534223100 -1
0.260212961386600 -1
0.260267543880900 -1
0.260267778586500 -1
0.260534001908000 -1
0.260534090400400 -1
0.260537677963600 -1
0.260539003113900 -1
0.260572123087800 -1
0.260572748030000 -1
0.260758674649100 -1
0.260759933879700 185
0.260780227233700 -1
0.260780227233800 -1
0.260914552142400 -1
0.260915397749000 -1
0.261028883255000 -1
0.261028953148100 -1
0.261282577936200 -1
0.261283196694700 -1
0.269511852237200 -1
0.269511852237300 -1
0.269529350464700 -1
0.269529975421100 -1
0.269570596350500 -1
0.269571377522200 -1
0.269575595849500 -1
0.269575595854300 -1
0.269591844145000 -1
0.269591844300200 -1
0.269603093094000 -1
0.269603093094000 -1
0.269608091982400 -1
0.269608092594500 -1
0.269629025248800 -1
0.269630590338600 -1
0.269639328474100 -1
0.269639417581400 -1
0.269651183062500 -1
0.269651999327700 -1
0.269659332497800 -1
0.269659429421900 -1
0.269660587942800 -1
0.269671418457100 -1
0.269672171503000 -1
0.269674130425500 -1
0.269674610442300 -1
0.269677401475800 -1
0.269679512526900 -1
0.269684980005200 -1
0.269686288073200 -1
0.269691391437200 -1
0.269692732704000 -1
0.269693084724400 -1
0.269694539657200 -1
0.269696056228400 -1
0.269700285544100 -1
0.269706053998200 -1
0.269708871297200 -1
0.269709391956000 -1
0.269710662985800 -1
0.269711841962200 -1
0.269713082072000 -1
0.269714332261400 -1
0.269715784185800 -1
0.269717095364400 -1
0.269718103704000 -1
0.269719341249200 -1
0.269720601612700 -1
0.269722462846000 -1
0.269723394780900 -1
0.269724409997200 -1
0.269726208208800 -1
0.269726830694300 -1
0.269728490847100 -1
0.269729642917200 -1
0.269731205279700 -1
0.269731830236200 -1
0.269733119126600 -1
0.269734329942800 -1
0.269735736662100 -1
0.269736829697400 -1
0.269738196822000 -1
0.269739407559300 -1
0.269740580088900 -1
0.269742454815200 -1
0.269743079085100 -1
0.269744328940800 -1
0.269745891436800 -1
0.269748393780000 -1
0.269751203862200 -1
0.269751828189600 -1
0.269754533077400 -1
0.269756388668900 -1
0.269756975151700 -1
0.269758947175300 -1
0.269790535247900 -1
0.269790579188900 -1
0.269799298255200 -1
0.269799324807700 -1
0.269818022534000 -1
0.269819641907100 -1
0.269822563115200 -1
0.269823071052800 -1
0.269824965471700 -1
0.269827595297300 -1
0.269828536448700 -1
0.269829324104700 -1
0.269831594082700 -1
0.269833103924200 -1
0.269836839211700 -1
0.269861485157000 -1
0.269862286709400 -1
0.269865556964300 -1
0.269867128152200 -1
0.270260524161000 -1
0.270260606245100 -1
0.270266776567200 -1
0.270266776589400 -1
0.270274900772100 -1
0.270275838205000 -1
0.270281648638600 -1
0.270282034040600 -1
0.270284298077900 -1
0.270288149500100 -1
0.270289596565100 -1
0.270290742097200 -1
0.270292010384100 -1
0.270293222681900 -1
0.270294586457400 -1
0.270295584927200 -1
0.270296788227500 -1
0.270298658724400 -1
0.270301167673100 -1
0.270301878976200 -1
0.270320500355100 -1
0.270321146750900 -1
0.270460487566900 -1
0.270460546231200 -1
0.270462374584200 -1
0.270464725499800 -1
0.270467881914300 -1
0.270468006421300 -1
0.270469836009300 -1
0.270471831502900 -1
0.270473439080300 -1
0.270474275935500 -1
0.270477158746300 -1
0.270482824882300 -1
0.270484726090700 -1
0.270555175114700 -1
0.270555502860700 -1
0.270558727910900 -1
0.270559560909100 -1
0.270589244271800 -1
0.270589244271900 -1
0.271877865139000 -1
0.271880370076000 -1
0.271904112508700 -1
0.271904112508800 -1
0.271914111506200 -1
0.271914111509100 -1
0.271924022622900 -1
0.271924816005200 -1
0.271930662558400 -1
0.271931629282700 -1
0.271933406285900 -1
0.271934119420000 -1
0.271937342892200 -1
0.271937947037800 -1
0.271943412241100 -1
0.271945361427000 -1
0.271948076194200 -1
0.271949304233800 -1
0.271950764348500 -1
0.271952312226600 -1
0.271952965379000 -1
0.271956701082800 -1
0.271958013529900 -1
0.271959107324900 -1
0.271960444756700 -1
0.271961763534700 -1
0.272092589406300 -1
0.272093158515900 -1
0.272095029019600 -1
0.272097254859700 -1
0.272099194727400 -1
0.272100639951000 -1
0.272676178370400 -1
0.272676850319200 -1
0.272682597571300 -1
0.272683287969300 -1
0.272686843786300 -1
0.272688721421200 -1
0.272689133255200 -1
0.272690651159900 -1
0.272691616763500 -1
0.272693124350200 -1
0.272694353258600 -1
0.272696040634600 -1
0.272696714517800 26
0.272752777368600 -1
0.272752972776000 -1
0.273050200623400 -1
0.273050311171500 -1
0.273250174041200 -1
0.273250452588800 -1
0.273251614077200 -1
0.273252727364000 -1
0.273608470339900 -1
0.273608953775900 -1
0.277581043623200 -1
0.277581044843800 -1
0.277602291441600 -1
0.277602291799100 -1
0.277614790241500 -1
0.277615102710200 -1
0.277620649029300 -1
0.277621059144500 -1
0.277640713849800 -1
0.277641037611400 -1
0.277654160827100 -1
0.277655098702800 -1
0.277658535817200 -1
0.277658535900700 -1
0.277661638573900 -1
0.277662597950700 -1
0.277666035106200 -1
0.277668811169600 -1
0.277671034603700 -1
0.277671034611200 -1
0.277679783116900 -1
0.277679783738100 -1
0.277683533352700 -1
0.277683533431600 -1
0.277690863979900 -1
0.277691032601300 -1
0.277698180169600 -1
0.277698533277700 -1
0.277703521278400 -1
0.277705208008400 -1
0.277708530842200 -1
0.277708619379800 -1
0.277716653790000 -1
0.277717502729400 -1
0.277719758643900 -1
0.277720014263300 -1
0.277722057921500 -1
0.277722299047700 -1
0.277726804768600 -1
0.277727557315300 -1
0.277729084812900 -1
0.277730403686000 -1
0.277733200588200 -1
0.277733533225100 -1
0.277736370236100 -1
0.277737727430400 -1
0.277740002468200 -1
0.277742279555000 -1
0.277745929441100 -1
0.277746124823300 -1
0.277750604784100 -1
0.277752340697800 -1
0.277753605068600 -1
0.277755119703500 -1
0.277756026088300 -1
0.277757943626100 -1
0.277758528588800 -1
0.277760498315500 -1
0.277761850805400 -1
0.277762275482300 -1
0.277763527777900 -1
0.277767126132500 -1
0.277767274999100 -1
0.277769323098100 -1
0.277769774711800 -1
0.277771279381800 -1
0.277772899397400 -1
0.277773797744900 -1
0.277774774285800 -1
0.277776131533500 -1
0.277777374046600 -1
0.277779902661300 -1
0.277805001750200 -1
0.277806021383400 -1
0.277948506799800 -1
0.277948506799800 -1
0.277961005394700 -1
0.277961005547300 -1
0.278000087934500 -1
0.278003151788100 -1
0.278003598438800 -1
0.278004966014000 -1
0.278007310425900 -1
0.278010296391500 -1
0.278015912153900 -1
0.278017618544900 -1
0.278079743648500 -1
0.278079743648500 -1
0.278085211085200 -1
0.278087055311300 -1
0.278745926890200 -1
0.278745926890300 -1
0.278760925385700 -1
0.278760930269600 -1
0.278803382032000 -1
0.278803421130200 -1
0.278805295635700 -1
0.278807210421900 -1
0.278812158027000 -1
0.278812211919900 -1
0.278817159527900 -1
0.278817216135600 -1
0.278821903203500 -1
0.278823419344300 -1
0.278825785907800 -1
0.278827481538200 -1
0.278829676607700 -1
0.278831154557700 -1
0.278834667996300 -1
0.278835024435700 -1
0.278838333892600 -1
0.278838711823100 -1
0.278892942448200 -1
0.278894999858900 -1
0.278915904205500 -1
0.278917170571400 -1
0.279179554052600 -1
0.279179633466600 -1
0.279226816199600 -1
0.279227528500200 -1
0.279359576333900 -1
0.279359615707200 -1
0.279379100234800 -1
0.279379639524300 -1
0.279481155335800 -1
0.279482962865200 -1
0.279540847231200 -1
0.279541159699900 -1
0.279584592771200 -1
0.279584592847500 -1
0.279592696252800 -1
0.279593342638400 -1
0.282018938740500 -1
0.282019614949500 -1
0.282027986872300 -1
0.282031254733500 -1
0.282033412392900 -1
0.282034692640400 -1
0.282036144424400 -1
0.282037190367100 -1
0.282040168502300 -1
0.282041547201300 -1
0.282043352194800 -1
0.282044346355800 -1
0.282046382284300 -1
0.282046848565400 -1
0.282048097200300 -1
0.282049355924300 -1
0.282050909418600 -1
0.282052795522900 -1
0.282053278298900 -1
0.282054429576000 -1
0.282055636751800 -1
0.282056923850700 -1
0.282058173119000 -1
0.282059366823600 -1
0.282060908493600 -1
0.282071711776100 -1
0.282073008378500 -1
0.282073620150300 -1
0.282075054145500 -1
0.282080568817600 -1
0.282080700134600 -1
0.282170580041100 -1
0.282170896221600 -1
0.282175484413500 -1
0.282176208142200 -1
0.282178929349500 -1
0.282180846793600 -1
0.282182596704600 -1
0.282183654843800 -1
0.282225340181000 -1
0.282226515829200 -1
0.282651780601700 -1
0.282651980891600 -1
0.282656771536600 -1
0.282657585686000 -1
0.282659566899200 -1
0.282660536133000 -1
0.282663259024800 -1
0.282698025433400 -1
0.282698032089500 -1
0.282876234330300 -1
0.282876846444500 -1
0.284611589092000 -1
0.284611589092000 -1
0.284641586085400 -1
0.284641586086000 -1
0.284651272615200 -1
0.284651585165100 -1
0.284661554507500 -1
0.284665421716900 -1
0.284666893900200 -1
0.284667833456900 -1
0.284669459959900 -1
0.284670333510700 -1
0.284671805074400 -1
0.284672940394500 -1
0.284675384207200 -1
0.284676587499800 -1
0.284677832463300 -1
0.284679172977000 -1
0.284684457756200 -1
0.284686481819300 -1
0.284688621670000 -1
0.284751520423600 -1
0.284753590242900 -1
0.284767823435800 -1
0.284767828318100 -1
0.285058956289600 -1
0.285059689107800 -1
0.285061511627600 -1
0.285062838900100 -1
0.285082618092200 -1
0.285084198950500 -1
0.285197777907400 -1
0.285198406598300 -1
0.285307769327700 -1
0.285308874565600 -1
0.286407617568300 -1
0.286407659117300 -1
0.286410976587200 -1
0.286413968386500 -1
0.286415475917000 -1
0.286417039385700 -1
0.286419602607200 -1
0.286420237231200 -1
0.286425052534600 -1
0.286425318224500 -1
0.286467650646200 -1
0.286467863121500 -1
0.286665133306200 -1
0.286665133458800 -1
0.286676225711000 -1
0.286677085233600 -1
0.286678538059000 -1
0.286679741654400 -1
0.286680701252000 -1
0.286775040255900 -1
0.286775256599100 -1
0.287602226900000 -1
0.287602563781600 -1
0.287630505296900 -1
0.287631350035300 -1
0.287633156110600 -1
0.287638307321600 -1
0.287639412741100 -1
0.287640593894100 -1
0.287641929990900 -1
0.287642711187700 -1
0.287643896501600 -1
0.287646584742200 -1
0.287648178449800 -1
0.287827472806500 -1
0.287827516833400 -1
0.287829075946400 -1
0.287831278237000 -1
0.287897275458200 -1
0.287897529501700 -1
0.287899813617700 -1
0.287900059031000 -1
0.288535570428500 -1
0.288537309740200 -1
0.288537860236200 -1
0.288539036793200 -1
0.288539945431300 -1
0.288541225053200 -1
0.288543195992000 -1
0.288567437274100 -1
0.288568732430900 -1
0.288680849197100 -1
0.288681721839700 -1
0.289198609895200 -1
0.289200211907600 -1
0.289209722062900 -1
0.289211285321800 -1
0.289221348725400 -1
0.289223978752100 -1
0.289324822795200 -1
0.289324866774300 -1
0.289329856393400 -1
0.289329998251300 -1
0.289737325441500 -1
0.289737327882900 -1
0.289747002206400 -1
0.289747402559300 -1
0.289752996372200 -1
0.289754284210900 -1
0.289835440609600 -1
0.289837940528500 -1
0.290158376998200 -1
0.290159783107500 -1
0.290514150553500 -1
0.290514799159100 -1
0.291026795546700 -1
0.291027594001600 -1
0.291387916247500 -1
0.291388683720100 -1
0.291529606774100 -1
0.291530988018600 -1
0.291653363899400 -1
0.291653383438600 -1
0.291852738437000 -1
0.291853522131000 -1
0.332476792518000 -1
0.332476792518000 -1
0.332531630772400 -1
0.332532040888100 -1
0.332540536129100 -1
0.332541200126800 -1
0.332545436609600 -1
0.332545535629300 -1
0.332551121007000 -1
0.332551785003000 -1
0.332557980060900 -1
0.332558678844700 -1
0.332561782780400 -1
0.332561793765700 -1
0.332572681022200 -1
0.332573345342400 -1
0.332580365360200 -1
0.332580551670700 -1
0.332583807550800 -1
0.332584907299100 -1
0.332585531621300 -1
0.332586825446400 -1
0.332609022842500 -1
0.332609602878400 -1
0.332616771461200 -1
0.332617112929500 -1
0.332620337698800 -1
0.332620530250600 -1
0.332622402610500 -1
0.332623106145700 -1
0.332627402425400 -1
0.332631529929900 -1
0.332632485307700 -1
0.332637086509400 -1
0.332638045890000 -1
0.332640570385600 -1
0.332645051387400 -1
0.332645526830100 -1
0.332647781009700 -1
0.332648337903800 -1
0.332650382900900 -1
0.332650837882100 -1
0.332653034929000 -1
0.332654508800600 -1
0.332655852410700 -1
0.332662320789700 -1
0.332663023855700 -1
0.332667437189800 -1
0.332670836975200 -1
0.332672904627900 -1
0.332673028350000 -1
0.332676485202500 -1
0.332676772635300 -1
0.332679268790800 -1
0.332679736663400 -1
0.332689329795300 -1
0.332690521119300 -1
0.332692990305700 -1
0.332694273943000 -1
0.332699029081900 -1
0.332699350518400 -1
0.332705360907400 -1
0.332705618327200 -1
0.332714088855400 -1
0.332714737500700 -1
0.332719160187900 -1
0.332720676236400 -1
0.332723017151500 -1
0.332723301059100 -1
0.332725451357500 -1
0.332725520555500 -1
0.332733862660300 -1
0.332734287658600 -1
0.332735924182800 -1
0.332737508582300 -1
0.332738817582000 -1
0.332739276135400 -1
0.332741484289500 -1
0.332743855756700 -1
0.332744773170100 -1
0.332745750046400 -1
0.332749259512800 -1
0.332749462378200 -1
0.332751435723100 -1
0.332751774121000 -1
0.332761741932400 -1
0.332762388898500 -1
0.332764999634100 -1
0.332765866509700 -1
0.332768188485400 -1
0.332771177102000 -1
0.332780041003500 -1
0.332780668660600 -1
0.332781918387500 -1
0.332790117896800 -1
0.332790593164400 -1
0.332792226550200 -1
0.332793362404900 -1
0.332796392673600 -1
0.332796760454000 -1
0.332803477586500 -1
0.332804259702500 -1
0.332807059829200 -1
0.332808109874500 -1
0.332810888618100 -1
0.332812383888400 -1
0.332816749066700 -1
0.332817111199000 -1
0.332818725393900 -1
0.332819971066400 -1
0.332822214770400 -1
0.332823320292400 -1
0.332827170671100 -1
0.332828086129500 -1
0.332829257197500 -1
0.332831345754300 -1
0.332833007012500 -1
0.332835967674700 -1
0.332837108148500 -1
0.332838006320800 -1
0.332842507419600 -1
0.332844980835900 -1
0.332848876908500 -1
0.332850076039500 -1
0.332852364990500 -1
0.332854578300200 -1
0.332857378673700 -1
0.332858648685000 -1
0.332861044124400 -1
0.332861753941000 -1
0.332864160771900 -1
0.332864253690800 -1
0.332866513900300 -1
0.332866812151900 -1
0.332868003314700 -1
0.332870525034700 -1
0.332879777875800 -1
0.332883046393900 -1
0.332888937035500 -1
0.332889898721000 -1
0.332890501365700 -1
0.332894240435800 -1
0.332894563158000 -1
0.332898517220400 -1
0.332899973113100 -1
0.332901641605500 -1
0.332901784419900 -1
0.332903868248700 -1
0.332904269230900 -1
0.332905904630500 -1
0.332908626685400 -1
0.332909249181500 -1
0.332911202110800 -1
0.332913018645000 -1
0.332915168378300 -1
0.332916749040700 -1
0.332920067604000 -1
0.332921749317800 -1
0.332927974695800 -1
0.332929911479200 -1
0.332930498277600 -1
0.332941686627800 -1
0.332942001854600 -1
0.332946400720100 -1
0.332946745493800 -1
0.332951489658600 -1
0.332952060228700 -1
0.332953877810400 -1
0.332955575411400 -1
0.332956744422000 -1
0.332962953633200 -1
0.332963006217900 -1
0.332966098112400 -1
0.332966755809700 -1
0.332968918464100 -1
0.332970261157900 -1
0.332970494265100 -1
0.332971754211800 -1
0.332975010389400 -1
0.332976745164300 -1
0.332983320399100 -1
0.332984261198900 -1
0.332991248474400 -1
0.332991824086100 -1
0.332993204868100 -1
0.332994260251000 -1
0.332996636887800 -1
0.332996740720300 -1
0.332999102827200 -1
0.333001896303500 -1
0.333004244545100 -1
0.333013884310400 -1
0.333015519107100 -1
0.333016738410000 -1
0.333019952700900 -1
0.333020527402900 -1
0.333024699646500 -1
0.333027989800200 -1
0.333029345608200 -1
0.333034153605100 -1
0.333034236656600 -1
0.333035501944700 -1
0.333039078224000 -1
0.333040683783400 -1
0.333044678679300 -1
0.333045486749800 -1
0.333047006739700 -1
0.333048024413700 -1
0.333051468732600 -1
0.333052054695200 -1
0.333056151174800 -1
0.333056734403200 -1
0.333059747710500 -1
0.333060538119400 -1
0.333061754669900 -1
0.333064999079700 -1
0.333065483525300 -1
0.333067680875900 -1
0.333068802318400 -1
0.333069233149500 -1
0.333070502601900 -1
0.333072644796300 -1
0.333072987961500 -1
0.333074921294600 -1
0.333075604685400 -1
0.333078089746400 -1
0.333079237048900 -1
0.333082840223700 -1
0.333083294756300 -1
0.333084270940200 -1
0.333085481521300 -1
0.333089963880300 -1
0.333090481020300 -1
0.333092992671800 -1
0.333094386881400 -1
0.333096423133900 -1
0.333096754805600 -1
0.333098136588900 -1
0.333099796798400 -1
0.333101185550000 -1
0.333101729893000 -1
0.333103956400600 -1
0.333104232083700 -1
0.333105711979600 -1
0.333106885931600 -1
0.333108782474300 -1
0.333111651815800 -1
0.333112980406100 -1
0.333114348054800 -1
0.333115481268100 -1
0.333119399385400 -1
0.333120490390100 -1
0.333121727889000 -1
0.333123177068900 -1
0.333124852843000 -1
0.333125551663600 -1
0.333126727955700 -1
0.333127977262800 -1
0.333129359637200 -1
0.333130479701500 -1
0.333132049275300 -1
0.333132976761800 -1
0.333134226636500 -1
0.333138113023600 -1
0.333139863305000 -1
0.333140554436500 -1
0.333141804154800 -1
0.333143472661500 -1
0.333145480391600 -1
0.333147394269800 -1
0.333148035150900 -1
0.333149265417400 -1
0.333150536361800 -1
0.333151851904500 -1
0.333152982139600 -1
0.333154849570500 -1
0.333155484271900 -1
0.333156763823800 -1
0.333157982972500 -1
0.333159243700200 -1
0.333160474273300 -1
0.333162400123500 -1
0.333163100716400 -1
0.333164262690300 -1
0.333165475374300 -1
0.333166742910600 -1
0.333167993089200 -1
0.333169315360000 -1
0.333170902955000 -1
0.333171723050600 -1
0.333173129140700 -1
0.333174869841500 -1
0.333177152022400 -1
0.333178597800900 -1
0.333179222127500 -1
0.333180486651000 -1
0.333182307833000 -1
0.333186096748700 -1
0.333186721376000 -1
0.333189318810600 -1
0.333191801748200 -1
0.333192970845100 -1
0.333194220624500 -1
0.333196878458300 -1
0.333198022161700 -1
0.333199220123500 -1
0.333200470017300 -1
0.333202208111100 -1
0.333203678142700 -1
0.333204229394300 -1
0.333205474689500 -1
0.333206799968500 -1
0.333208594338200 -1
0.333209377798500 -1
0.333210791306500 -1
0.333211807213500 -1
0.333214228385200 -1
0.333215493059600 -1
0.333218126320100 -1
0.333219218119500 -1
0.333221210127100 -1
0.333221796386700 -1
0.333223123984100 -1
0.333225076927800 -1
0.333225550540400 -1
0.333226756426600 -1
0.333228601964200 -1
0.333229534774900 -1
0.333230704405100 -1
0.333232498801600 -1
0.333233289205800 -1
0.333234217531900 -1
0.333235470162800 -1
0.333236755463900 -1
0.333239294280700 -1
0.333240465991500 -1
0.333241715867400 -1
0.333242970631600 -1
0.333244539068500 -1
0.333247341636700 -1
0.333248005823100 -1
0.333249220003600 -1
0.333250470033400 -1
0.333251880866800 -1
0.333252964738100 -1
0.333256089582000 -1
0.333256714362600 -1
0.333257980104300 -1
0.333259452127400 -1
0.333260466427400 -1
0.333261719973400 -1
0.333262969992400 -1
0.333264213610500 -1
0.333265700283300 -1
0.333267769315000 -1
0.333267969337700 -1
0.333269882217200 -1
0.333270462984300 -1
0.333272514785700 -1
0.333273690199900 -1
0.333274212913600 -1
0.333275462521400 -1
0.333277337295700 -1
0.333277984205600 -1
0.333279212107500 -1
0.333280462139600 -1
0.333281716739300 -1
0.333284212070200 -1
0.333285663488000 -1
0.333286711375100 -1
0.333288274929600 -1
0.333289223695100 -1
0.333290465881900 -1
0.333291720638700 -1
0.333292961035000 -1
0.333294293604000 -1
0.333295460480400 -1
0.333297042590400 -1
0.333297961774600 -1
0.333299210256100 -1
0.333300635894500 -1
0.333301748911600 -1
0.333303585277800 -1
0.333304214487200 -1
0.333305459496300 -1
0.333306709361500 -1
0.333309212153000 -1
0.333310458977400 -1
0.333312021342300 -1
0.333312959033300 -1
0.333314215937100 -1
0.333315463357700 -1
0.333316865881200 -1
0.333317980195200 -1
0.333319209396400 -1
0.333320458279400 -1
0.333321710443900 -1
0.333323612260300 -1
0.333324227127800 -1
0.333325457783200 -1
0.333326727184200 -1
0.333327976752000 -1
0.333329929833900 -1
0.333330476501500 -1
0.333332331784400 -1
0.333332956759900 -1
0.333334995114900 -1
0.333335808305600 -1
0.333337098229400 -1
0.333339419549600 -1
0.333347797668300 -1
0.333347994487100 -1
0.333354126472900 -1
0.333354298577500 -1
0.333362865813000 -1
0.333365454688200 -1
0.333374045585800 -1
0.333374222131100 -1
0.333377900812500 -1
0.333378060012900 -1
0.333379202087500 -1
0.333383795344100 -1
0.333391641311600 -1
0.333392130499800 -1
0.333395215132500 -1
0.333397047705000 -1
0.333397950213800 -1
0.333399285925900 -1
0.333400484687600 -1
0.333401748670500 -1
0.333403107322400 -1
0.333406241925200 -1
0.333406699332000 -1
0.333408480839300 -1
0.333409511550200 -1
0.333413104940100 -1
0.333418036095600 -1
0.333419510548200 -1
0.333420447955500 -1
0.333424216818100 -1
0.333425761238800 -1
0.333428027171700 -1
0.333429880642300 -1
0.333430761251800 -1
0.333432967833100 -1
0.333436853074700 -1
0.333447318872700 -1
0.333448003805800 -1
0.333454974675500 -1
0.333455454891600 -1
0.333458651522100 -1
0.333460624960500 -1
0.333461693821000 -1
0.333463926271300 -1
0.333464277256800 -1
0.333466076244200 -1
0.333467384997400 -1
0.333470794853500 -1
0.333471871713500 -1
0.333481123815900 -1
0.333482047616700 -1
0.333483313988600 -1
0.333484709818400 -1
0.333487394689100 -1
0.333488180427100 -1
0.333490287282400 -1
0.333490477645400 -1
0.333502939687700 -1
0.333502949455100 -1
0.333504794960600 -1
0.333506201544200 -1
0.333902899607700 -1
0.333902919137300 -1
0.333911648425900 -1
0.333911731730500 -1
0.333931021636400 -1
0.333931646752000 -1
0.333940317711300 -1
0.333940395850300 -1
0.333943830488400 -1
0.333944184534300 -1
0.333950042553300 -1
0.333950394848200 -1
0.333963811242400 -1
0.333965711003300 -1
0.333971560901900 -1
0.333971760095100 -1
0.333976615360500 -1
0.333976647110200 -1
0.333982881826800 -1
0.333984141468900 -1
0.333991640624400 -1
0.333991953798800 -1
0.333997889771700 -1
0.333997890088800 -1
0.333999805071900 -1
0.334002889568600 -1
0.334005472395500 -1
0.334011559773000 -1
0.334011797405900 -1
0.334023979999800 -1
0.334024137458500 -1
0.334030230130100 -1
0.334030933653000 -1
0.334047473437900 -1
0.334048549075900 -1
0.334070339702100 -1
0.334070541509300 -1
0.334077735368800 -1
0.334079466393800 -1
0.334081892791500 -1
0.334082960299200 -1
0.334086628754800 -1
0.334087959199900 -1
0.334092176294600 -1
0.334093077083700 -1
0.334094130444500 -1
0.334096005256700 -1
0.334100905277900 -1
0.334102103441200 -1
0.334107879066100 -1
0.334107891272600 -1
0.334119735649500 -1
0.334122226708200 -1
0.334123473173500 -1
0.334124469354400 -1
0.334125582292100 -1
0.334128139043200 -1
0.334129205054700 -1
0.334137469670700 -1
0.334139751142400 -1
0.334141684056500 -1
0.334144917748900 -1
0.334145862758900 -1
0.334146648832900 -1
0.334151624683200 -1
0.334153422818400 -1
0.334154911403800 -1
0.334156070329400 -1
0.334156815762300 -1
0.334158931937400 -1
0.334159136166600 -1
0.334164102724700 -1
0.334164748377900 -1
0.334165373322700 -1
0.334166652474200 -1
0.334169514788400 -1
0.334170997898200 -1
0.334171622838200 -1
0.334174122486000 -1
0.334176672035900 -1
0.334177872052800 -1
0.334181663825800 -1
0.334182871551800 -1
0.334185412317200 -1
0.334186621176000 -1
0.334187915144300 -1
0.334189277660900 -1
0.334190606677500 -1
0.334192870570000 -1
0.334204118163600 -1
0.334204278176100 -1
0.334212996655400 -1
0.334214306521400 -1
0.334216494327300 -1
0.334218642376100 -1
0.334219680283000 -1
0.334220392358400 -1
0.334229116884000 -1
0.334229273476100 -1
0.334351604604900 -1
0.334351604643000 -1
0.334358791420400 -1
0.334359123464300 -1
0.334364103352400 -1
0.334364415859200 -1
0.334375351037900 -1
0.334375977201200 -1
0.334382851206500 -1
0.334383007746100 -1
0.334390975692900 -1
0.334391600635000 -1
0.334399097442200 -1
0.334399178000800 -1
0.334409098880100 -1
0.334410348775400 -1
0.334437802006800 -1
0.334438471109800 -1
0.334440333082000 -1
0.334440345981600 -1
0.334443157892200 -1
0.334444683885800 -1
0.334449016559600 -1
0.334449251118700 -1
0.334457725829200 -1
0.334458479195300 -1
0.334461807131000 -1
0.334462858142700 -1
0.334464319908900 -1
0.334466075031500 -1
0.334467613450300 -1
0.334467926049400 -1
0.334469136860800 -1
0.334471166609200 -1
0.334471619639600 -1
0.334472843123100 -1
0.334480009744300 -1
0.334480344192100 -1
0.334482193341100 -1
0.334483496486100 -1
0.334551584597600 -1
0.334551662729700 -1
0.334579081847500 -1
0.334579081847500 -1
0.334581579153500 -1
0.334581586631900 -1
0.334586512743200 -1
0.334586623817000 -1
0.334595314007700 -1
0.334595805597500 -1
0.334597819893800 -1
0.334602527707800 -1
0.334663984226900 -1
0.334664073330500 -1
0.334672188945500 -1
0.334673467335400 -1
0.334675289726400 -1
0.334676496133000 -1
0.334749919218700 -1
0.334750357463200 -1
0.334769057735000 -1
0.334769238585100 -1
0.337062531701800 -1
0.337062593522300 -1
0.337068602830000 -1
0.337069340160500 -1
0.337075314579300 -1
0.337076372491200 -1
0.337077991007200 -1
0.337078991549000 -1
0.337082420816000 -1
0.337082589211900 -1
0.337085629410900 -1
0.337086521159200 -1
0.337090920871900 -1
0.337091447770400 -1
0.337094173454700 -1
0.337095237174200 -1
0.337100090514800 -1
0.337101330796500 -1
0.337103601803800 -1
0.337103831741600 -1
0.337106329126600 -1
0.337108927850700 -1
0.337111762311300 -1
0.337112597819500 -1
0.337113929149900 -1
0.337115077715300 -1
0.337117661177400 -1
0.337121073366500 -1
0.337121964621400 -1
0.337124960242000 -1
0.337125127977700 -1
0.337126424846300 -1
0.337127989072000 -1
0.337129536720400 -1
0.337130076212200 -1
0.337131951197700 -1
0.337133220733600 -1
0.337134451003700 -1
0.337135159931500 -1
0.337136483653000 -1
0.337140390216700 -1
0.337142340610600 -1
0.337142575884700 -1
0.337143865342600 -1
0.337145077200500 -1
0.337146480818300 -1
0.337147759987000 -1
0.337150075590900 -1
0.337151363146400 -1
0.337155115360800 -1
0.337156959514200 -1
0.337157573456800 -1
0.337158891689700 -1
0.337160172693100 -1
0.337161342620600 -1
0.337162807613600 -1
0.337163822830500 -1
0.337166321931400 -1
0.337167259987300 -1
0.337168780829400 -1
0.337170074951900 -1
0.337175698038300 -1
0.337177767519700 -1
0.337182258366000 -1
0.337182610651700 -1
0.337260058301200 -1
0.337260064445600 -1
0.337266194163600 -1
0.337266313818700 -1
0.337271214393400 -1
0.337271316941400 -1
0.337273797059600 -1
0.337273811809100 -1
0.337284982554500 -1
0.337285375591100 -1
0.337286915954200 -1
0.337287560430800 -1
0.337295997085200 -1
0.337297559488300 -1
0.337303651307800 -1
0.337305146607500 -1
0.337324849964200 -1
0.337325056678000 -1
0.337328620582100 -1
0.337329145620100 -1
0.337330876745800 -1
0.337331306047000 -1
0.337332557296300 -1
0.337334212548100 -1
0.337335842523600 -1
0.337336416250100 -1
0.337338766893100 -1
0.337338883646300 -1
0.337341663917700 120
0.337344931828000 -1
0.337345216061300 -1
0.337380978803700 -1
0.337381301037000 -1
0.337391258534600 -1
0.337392551130900 -1
0.337397229611700 -1
0.337402006185700 -1
0.337402549518300 -1
0.337405147705800 -1
0.337432525755000 -1
0.337432545920800 -1
0.337436487070900 -1
0.337437550321500 -1
0.338126226378500 -1
0.338126851325400 -1
0.338133241676200 -1
0.338133727238600 -1
0.338142474135100 -1
0.338142494295000 -1
0.338146214383300 -1
0.338146478574700 -1
0.338154870973700 -1
0.338155171241500 -1
0.338157317021700 -1
0.338158723895100 -1
0.338163712446300 -1
0.338163738498100 -1
0.338177411291700 -1
0.338178154787500 -1
0.338179267640700 -1
0.338179990531600 -1
0.338189498853700 -1
0.338189973528500 -1
0.338198396469400 -1
0.338199666983200 -1
0.338208678986600 -1
0.338210203568400 -1
0.338214964748900 -1
0.338214967495300 -1
0.338218678060600 -1
0.338218717119500 -1
0.338222447195400 -1
0.338222470463300 -1
0.338225569412500 -1
0.338226218538600 -1
0.338230022423700 -1
0.338231857303700 -1
0.338233244528500 -1
0.338233730343000 -1
0.338236927884500 -1
0.338238804723600 -1
0.338244162556700 -1
0.338245227734500 -1
0.338249919766600 -1
0.338251921841400 -1
0.338252613743700 -1
0.338254338552400 -1
0.338255493526500 -1
0.338257157211300 -1
0.338258713160000 -1
0.338261530388500 -1
0.338263556452500 -1
0.338264369324400 -1
0.338265050405200 -1
0.338267167354100 -1
0.338268712424700 -1
0.338269961989100 -1
0.338316207347600 -1
0.338316246408600 -1
0.338318707099200 -1
0.338319097685400 -1
0.338333705281100 -1
0.338340246171500 -1
0.338354953429100 -1
0.338354954690400 -1
0.338721126487400 -1
0.338722416720000 -1
0.338752079808000 -1
0.338752453077900 -1
0.338754902782600 -1
0.338755733617600 -1
0.338757372150600 -1
0.338757569371400 -1
0.338762352140500 -1
0.338762772404300 -1
0.338767192192200 -1
0.338767454731300 -1
0.338769014805000 -1
0.338771111011900 -1
0.338771945678200 -1
0.338772567868100 -1
0.338774150379700 -1
0.338788035049100 -1
0.338788664887800 -1
0.338794909302900 -1
0.338794909379300 -1
0.338803638968400 -1
0.338803658812500 -1
0.338824749001800 -1
0.338825246139300 -1
0.339003638462500 -1
0.339003950931200 -1
0.339028635957500 -1
0.339028967955600 -1
0.339045802205900 -1
0.339046167055100 -1
0.339050449895700 -1
0.339052730901800 -1
0.339073882848500 -1
0.339074891375900 -1
0.339217341259900 -1
0.339218311863000 -1
0.339223091087300 -1
0.339225155382800 -1
0.339321105352100 -1
0.339321106653800 -1
0.339328605821200 -1
0.339328605917200 -1
0.339332353080600 -1
0.339332357047500 -1
0.339336963166600 -1
0.339338614660400 -1
0.339554125290400 -1
0.339555165875200 -1
0.345168018283500 -1
0.345168020739000 -1
0.345175500448600 -1
0.345176164521000 -1
0.345192973892600 -1
0.345193028296700 -1
0.345196352851200 -1
0.345196767848800 -1
0.345198720472800 -1
0.345200626185700 -1
0.345209266221200 -1
0.345209745752000 -1
0.345214730521400 -1
0.345215525766000 -1
0.345217341186000 -1
0.345218017765200 -1
0.345221381952500 -1
0.345222019358100 -1
0.345226393740300 -1
0.345226804018500 -1
0.345229186070400 -1
0.345229462486100 -1
0.345231432343700 -1
0.345233038795800 -1
0.345236075043100 -1
0.345236929858900 -1
0.345239888277900 -1
0.345240594032900 -1
0.345246274497800 -1
0.345246978028300 -1
0.345248624529600 -1
0.345250532145500 -1
0.345254006586800 -1
0.345254262087300 -1
0.345256588359800 -1
0.345257406342800 -1
0.345261510372000 -1
0.345262702716500 -1
0.345263566442000 -1
0.345265855890900 -1
0.345266947609400 -1
0.345269263026600 -1
0.345272345295900 -1
0.345273029737800 -1
0.345275131577900 -1
0.345277873961800 -1
0.345278009726600 -1
0.345282020239200 -1
0.345283224639300 -1
0.345285166696600 -1
0.345287622125700 -1
0.345293536715800 -1
0.345296918361400 -1
0.345300143049400 -1
0.345304267134800 -1
0.345311610073900 -1
0.345315701362100 -1
0.345321037803400 -1
0.345322234035500 -1
0.345323993530400 -1
0.345324255073300 -1
0.345325526363000 -1
0.345329249851800 -1
0.345333006952300 -1
0.345337846924700 -1
0.345343242677000 -1
0.345346966551500 -1
0.345349272221900 -1
0.345355936044400 -1
0.345360236656000 -1
0.345361046715900 -1
0.345362455923700 -1
0.345364080970500 -1
0.345365813637600 -1
0.345368390322900 -1
0.345370735415900 -1
0.345377218487700 -1
0.345377999687500 -1
0.345379589713000 -1
0.345380501899600 -1
0.345381856418900 -1
0.345383018758700 -1
0.345390537957300 -1
0.345392062037200 -1
0.345395458185800 -1
0.345395497991200 -1
0.345396994295300 -1
0.345398110800400 -1
0.345399286922000 -1
0.345401167974100 -1
0.345404442672100 -1
0.345407062641800 -1
0.345408171238300 -1
0.345409444671800 -1
0.345410496602700 -1
0.345412219908700 -1
0.345412996256800 -1
0.345414422553400 -1
0.345417156121300 -1
0.345418005616000 -1
0.345419362732700 -1
0.345421301624200 -1
0.345421752627300 -1
0.345423842576400 -1
0.345425126312800 -1
0.345425702444100 -1
0.345428659894000 -1
0.345429244706100 -1
0.345430505986800 -1
0.345431901566000 -1
0.345433033256800 -1
0.345434652054500 -1
0.345436118897100 -1
0.345437783768000 -1
0.345440044292900 -1
0.345440654895200 -1
0.345443546774900 -1
0.345444410288000 -1
0.345446117863800 -1
0.345447133996200 -1
0.345448109868300 -1
0.345449369605800 -1
0.345451435646000 -1
0.345451742297700 -1
0.345453033828400 -1
0.345454244488400 -1
0.345455805420600 -1
0.345457065289000 -1
0.345458006323600 -1
0.345459280624500 -1
0.345460804523800 -1
0.345461866503300 -1
0.345463147869700 -1
0.345464241083400 -1
0.345465964562600 -1
0.345466740794900 -1
0.345468308020700 -1
0.345469240544400 -1
0.345470490590700 -1
0.345472995360800 -1
0.345474245116900 -1
0.345475807288100 -1
0.345476817909900 -1
0.345477989991700 -1
0.345479397307100 -1
0.345480647787500 -1
0.345483663690300 -1
0.345484866176600 -1
0.345485508445400 -1
0.345486743683200 -1
0.345488076623900 -1
0.345489238635600 -1
0.345490605935200 -1
0.345491778826400 -1
0.345494847685100 -1
0.345497074208900 -1
0.345498510797400 -1
0.345500119618600 -1
0.345500508212900 73
0.345535483600900 -1
0.345535659974800 -1
0.345555442838600 -1
0.345555874929000 -1
0.345570440649700 -1
0.345571110223500 -1
0.345574961139200 -1
0.345575480546800 -1
0.345586688937100 -1
0.345586753184200 -1
0.345594192011200 -1
0.345594228673200 -1
0.345596681917900 -1
0.345596727806900 -1
0.345600241820600 -1
0.345600541512800 -1
0.345606384665900 -1
0.345606841943400 -1
0.345608293269200 -1
0.345609295573600 -1
0.345611806969600 -1
0.345613142139500 -1
0.345614345632200 -1
0.345615722554600 -1
0.345617245446600 -1
0.345635464121400 -1
0.345635478775500 -1
0.345638598562700 -1
0.345639379744600 -1
0.345660441931900 -1
0.345660471924900 -1
0.345682793132500 -1
0.345683208561900 -1
0.345692636117000 -1
0.345692987653800 -1
0.346249123177100 -1
0.346249172153000 -1
0.346263061283100 -1
0.346264473353900 -1
0.346270589205800 -1
0.346271816377600 -1
0.346273253419800 -1
0.346275582571300 -1
0.346277445582500 -1
0.346279160318000 -1
0.346282289731600 -1
0.346282980789700 -1
0.346284163966600 -1
0.346285721229500 -1
0.346289733406500 -1
0.346292323900900 -1
0.346293100322400 -1
0.346294314727500 -1
0.346295448343300 -1
0.346297312219800 -1
0.346299778791500 -1
0.346331229375500 -1
0.346332127027600 -1
0.346344045319800 -1
0.346344407485200 -1
0.346561080574400 -1
0.346564219148800 -1
0.346566521456700 -1
0.346567467761800 -1
0.346568131734300 -1
0.346571877489800 -1
0.346584127591100 -1
0.346584753830500 -1
0.346587877906300 -1
0.346588073894000 -1
0.346703239884900 -1
0.346705787623400 -1
0.346824099690500 -1
0.346824143831800 -1
0.346857841625100 -1
0.346857895638900 -1
0.346879098041600 -1
0.346879109026900 -1
0.348920144729000 -1
0.348920144729100 -1
0.348936393091200 -1
0.348936413850800 -1
0.348950766619700 -1
0.348951471126200 -1
0.348961218225600 -1
0.348961390595800 -1
0.348964495138300 -1
0.348968969494300 -1
0.348976359720100 -1
0.348977326504900 -1
0.348986368539900 -1
0.348986469907800 -1
0.348994663563400 -1
0.348995762239900 -1
0.348997557852900 -1
0.348997949661100 -1
0.349007536937000 -1
0.349007635961500 -1
0.349013700970300 -1
0.349013964161100 -1
0.349015676841400 -1
0.349016698317500 -1
0.349018836011000 -1
0.349018884848700 -1
0.349023864611700 -1
0.349023884333300 -1
0.349042616271800 -1
0.349042633675100 -1
0.349045129609400 -1
0.349046558635200 -1
0.349048508099100 -1
0.349048881847300 -1
0.349052406852500 -1
0.349054537442200 -1
0.349056449123700 -1
0.349058265663100 -1
0.349058894309900 -1
0.349062528493900 -1
0.349062637913800 -1
0.349063880632800 -1
0.349066619776500 -1
0.349072977325400 -1
0.349073879381400 -1
0.349076292738700 -1
0.349078137323000 -1
0.349080914130000 -1
0.349084562953500 -1
0.349086378376100 -1
0.349088570273200 -1
0.349088888805500 -1
0.349090129220700 -1
0.349092413881000 -1
0.349092705714200 -1
0.349094518373600 -1
0.349096572438000 -1
0.349097631864600 -1
0.349099956584500 -1
0.349100129134200 -1
0.349101415646600 -1
0.349102626442500 -1
0.349104497525600 -1
0.349105140043700 -1
0.349141270657100 -1
0.349141372675700 -1
0.349142622434500 -1
0.349146996997400 -1
0.349158860278700 -1
0.349162757608500 -1
0.349409469921100 -1
0.349411589917000 -1
0.349414549607300 -1
0.349416672905500 -1
0.349420119482300 -1
0.349421784596900 -1
0.349422643526600 -1
0.349425795183700 -1
0.349426353958200 -1
0.349427613717000 -1
0.349428929980400 -1
0.349515006983300 -1
0.349515407443800 -1
0.349539437832900 -1
0.349540082872100 -1
0.349543475506700 -1
0.349545809761700 -1
0.349546371037300 -1
0.349591327317100 -1
0.349592577345100 -1
0.349632416491600 -1
0.349632583101300 -1
0.349636198428100 -1
0.349636650942100 -1
0.350712387003300 -1
0.350712465120500 -1
0.350714037239600 -1
0.350716165765300 -1
0.350717240876600 -1
0.350727229037000 -1
0.350727620157000 -1
0.350729881588100 -1
0.350731531050600 -1
0.350734645361700 -1
0.350735589024000 -1
0.350739962363800 -1
0.350740294365400 -1
0.350743708327500 -1
0.350745275024100 -1
0.350751092841400 -1
0.350751211247400 -1
0.350753465337000 -1
0.350753886770500 -1
0.350758289059000 -1
0.350759740819800 -1
0.350765463451300 -1
0.350767479157900 -1
0.350769022010900 -1
0.350770356005600 -1
0.350772715443100 -1
0.350775847373200 -1
0.350776211338700 -1
0.350778165339700 -1
0.350782307450800 -1
0.350782575287200 -1
0.350783779387600 -1
0.350785275227300 -1
0.350788004435200 -1
0.350789352596500 -1
0.350798391376500 -1
0.350798709529700 -1
0.350801172051500 -1
0.350801206229500 -1
0.350807455601500 -1
0.350809331222100 -1
0.350952280128800 -1
0.350952856728300 -1
0.350958243886100 -1
0.350959515542300 -1
0.350959967790700 -1
0.351019931788700 -1
0.351019961410000 -1
0.351048681175600 -1
0.351048682649400 -1
0.351683285803300 -1
0.351683617953800 -1
0.351704846123300 -1
0.351705724999000 -1
0.351712364919800 -1
0.351712407650400 -1
0.351714200673700 -1
0.351716134083600 -1
0.351720254659500 -1
0.351722393214800 -1
0.351723885829500 -1
0.351724883295600 -1
0.351727563561400 -1
0.351728616954000 -1
0.351732408213500 -1
0.351733851051200 -1
0.351735565892600 -1
0.351737367467200 -1
0.351738612643700 -1
0.351740005035500 -1
0.351747047112600 -1
0.351747361413500 -1
0.351749685318200 -1
0.351749861382900 -1
0.351840496493600 -1
0.351842592919800 -1
0.351879769845700 -1
0.351879936171500 -1
0.352303554389900 -1
0.352303558118400 -1
0.352329645542900 -1
0.352332779796300 -1
0.352335904923000 -1
0.352337951133900 -1
0.352339802045000 -1
0.352339802045600 -1
0.352343550372400 -1
0.352345134174600 -1
0.352401040412200 -1
0.352403062810200 -1
0.352404170594600 -1
0.352428382032600 -1
0.352428692810000 -1
0.352718504309900 -1
0.352719960482700 -1
0.352728513092200 -1
0.352728513399800 -1
0.352738810990500 -1
0.352740526156800 -1
0.352785997228400 -1
0.352786084406200 -1
0.353007225091600 -1
0.353007332960600 -1
0.353024697653000 -1
0.353025045918400 -1
0.353058263968300 -1
0.353058680473500 -1
0.353230952862700 -1
0.353233155791800 -1
0.353234320292500 -1
0.353235443606600 -1
0.353259083702900 -1
0.353260931286300 -1
0.353382821303300 -1
0.353383447500000 -1
0.353396091968300 -1
0.353519042978700 -1
0.353520321087300 -1
0.353818323044100 -1
0.353818640935000 291
0.353860899615700 -1
0.353860899618100 -1
0.369201549676000 -1
0.369201862297800 -1
0.369205601846900 -1
0.369205651132700 -1
0.369236541321200 -1
0.369236860011000 -1
0.369238108667400 -1
0.369245455794700 -1
0.369245763461300 -1
0.369250231033800 -1
0.369251232538300 -1
0.369252138658900 -1
0.369253266037800 -1
0.369255026049100 -1
0.369255606911500 -1
0.369256856805300 -1
0.369259947932100 -1
0.369260606720400 -1
0.369263978729800 -1
0.369267276290600 -1
0.369268322922500 -1
0.369269788926200 -1
0.369270919118200 -1
0.369271855283300 -1
0.369275038720100 -1
0.369275643971600 -1
0.369277484727900 -1
0.369278827291100 -1
0.369280464934900 -1
0.369280924217800 -1
0.369282186479500 -1
0.369283353936600 -1
0.369286390353400 -1
0.369287793819400 -1
0.369288516411900 -1
0.369289978486200 -1
0.369292165767200 -1
0.369293459338800 -1
0.369294360357200 -1
0.369296237617400 -1
0.369296862542900 -1
0.369298120125000 -1
0.369300045855800 -1
0.369300841830700 -1
0.369303728468700 -1
0.369304352026800 -1
0.369306166135300 -1
0.369306853001600 -1
0.369309351983800 -1
0.369310601400500 -1
0.369312774235700 -1
0.369313142709400 -1
0.369314849021900 -1
0.369316228297500 -1
0.369317183096500 -1
0.369318454636800 -1
0.369319588213400 -1
0.369321861258500 -1
0.369324369747500 -1
0.369325605165000 -1
0.369326947628600 -1
0.369328120911800 -1
0.369330599396500 -1
0.369333177721000 -1
0.369335600117300 -1
0.369337786214500 -1
0.369338187758000 -1
0.369339348520000 -1
0.369340678056800 -1
0.369342512294100 -1
0.369344427361300 -1
0.369345607660500 -1
0.369347511855400 -1
0.369348253877400 -1
0.369350914858000 -1
0.369351847267300 -1
0.369353097142000 -1
0.369354974474000 -1
0.369355601812000 -1
0.369356866296800 -1
0.369358097272400 -1
0.369359660219300 -1
0.369363262225300 -1
0.369364346018900 -1
0.369365615745600 -1
0.369366845764300 -1
0.369368095791600 -1
0.369369350396100 -1
0.369370674882200 -1
0.369371884951200 -1
0.369373095443100 -1
0.369374502506400 -1
0.369376865519300 -1
0.369378173136800 -1
0.369379344664400 -1
0.369380604151400 -1
0.369381844261900 -1
0.369383094136600 -1
0.369384368460500 -1
0.369385598922800 -1
0.369386902367200 -1
0.369388274300700 -1
0.369389345381800 -1
0.369391218383900 -1
0.369392033727500 -1
0.369393093134000 -1
0.369396295957100 -1
0.369397047844400 -1
0.369398097516100 -1
0.369401457621100 -1
0.369405431625300 -1
0.369405999863200 -1
0.369407820819700 -1
0.369408224331400 -1
0.369409576315100 -1
0.369411703267400 -1
0.369480502587400 -1
0.369481848888200 -1
0.369493083114000 -1
0.369493083116400 -1
0.369494957926100 -1
0.369495582863500 -1
0.369505107818100 -1
0.369505603965800 -1
0.369512915028400 -1
0.369513393578700 -1
0.369515825330300 -1
0.369521991044500 -1
0.369523080111300 -1
0.369526054507200 -1
0.369527218762100 -1
0.369529668163400 -1
0.369531209214400 -1
0.369534944886100 -1
0.369536507427000 -1
0.369536970413100 -1
0.369538078606800 -1
0.369539918654500 -1
0.369540618598100 -1
0.369541907034500 -1
0.369543102518700 -1
0.369544865113800 -1
0.369545619472400 -1
0.369549464451900 -1
0.369550987620200 -1
0.369551829764400 -1
0.369557004354400 -1
0.369560332020500 -1
0.369561008445500 244
0.369590533675600 -1
0.369591198281900 -1
0.369598650501000 -1
0.369603231706800 -1
0.369604404323800 -1
0.369607378627400 -1
0.369608501237800 -1
0.369609947634100 -1
0.369612166689000 -1
0.369613388650900 -1
0.369614340977100 -1
0.369615639230800 -1
0.369634201780200 -1
0.369634399829000 -1
0.369651817207200 -1
0.369651817207500 -1
0.369665165130700 -1
0.369666517572000 -1
0.370271755083200 -1
0.370271755089500 -1
0.370277994682800 -1
0.370278004458200 -1
0.370299856210100 -1
0.370300541261400 -1
0.370304228630800 -1
0.370304251980500 -1
0.370309876263100 -1
0.370310501813200 -1
0.370315969402500 -1
0.370316760346600 -1
0.370332371567100 -1
0.370332999594400 -1
0.370335496254300 -1
0.370335664695700 -1
0.370337939018000 -1
0.370338057042400 -1
0.370340498190900 -1
0.370340509489700 -1
0.370345497693500 -1
0.370345498304100 -1
0.370372993712400 -1
0.370373776109700 -1
0.370385724603400 -1
0.370387141812900 -1
0.370387993549700 -1
0.370391304928200 -1
0.370392368541400 -1
0.370394107941100 -1
0.370394320053900 -1
0.370395492683600 -1
0.370396830801000 -1
0.370401240401000 -1
0.370403074321200 -1
0.370405200030600 -1
0.370408171019800 -1
0.370409241315400 -1
0.370414294553800 -1
0.370415835804400 -1
0.370416751350700 -1
0.370418849728800 -1
0.370419552782200 -1
0.370422610365600 -1
0.370425491358300 -1
0.370428028526800 -1
0.370430232814000 -1
0.370430509012200 -1
0.370435488675500 -1
0.370435488675500 -1
0.370442987923900 -1
0.370442987924000 -1
0.370460124649700 -1
0.370461287028900 -1
0.370464233658700 -1
0.370465217721400 -1
0.370467973685000 -1
0.370469099371300 184
0.370477984417000 -1
0.370477984417000 -1
0.370481401727400 -1
0.370484273319000 -1
0.370729676384500 -1
0.370730849705000 -1
0.370732714289900 -1
0.370739920871800 -1
0.370743144517500 -1
0.370746086403400 -1
0.370746747525600 -1
0.370751082142500 -1
0.370752356355300 -1
0.370753910616900 -1
0.370755459053900 -1
0.370756747986200 -1
0.370759206714500 -1
0.370774008206700 -1
0.370775250684800 -1
0.370775454607500 -1
0.370909449788700 -1
0.370910716933000 -1
0.370996367528400 -1
0.370996682481200 -1
0.371049171074800 -1
0.371050427071600 -1
0.371087844397700 -1
0.371088551942100 -1
0.371111971631100 -1
0.371112986428500 -1
0.373373941768000 -1
0.373373973506700 -1
0.373466122150700 -1
0.373466435001500 -1
0.373472664788600 -1
0.373472684320400 -1
0.373475174296900 -1
0.373476785631600 -1
0.373482321394100 -1
0.373482995809400 -1
0.373484163794700 -1
0.373485183065500 -1
0.373493142904200 -1
0.373495810150100 -1
0.373496870010900 -1
0.373498156800600 -1
0.373499250711600 -1
0.373500182320700 -1
0.373502220906000 -1
0.373503130601700 -1
0.373506373892600 -1
0.373506430955300 -1
0.373508360283200 -1
0.373510414967100 -1
0.373511445666700 -1
0.373513071097600 -1
0.373513930185000 -1
0.373515268103400 -1
0.373516787594600 -1
0.373517846175400 -1
0.373519635234300 -1
0.373520309245200 -1
0.373522141304900 -1
0.373523010793600 -1
0.373523987775500 -1
0.373527171112300 -1
0.373527678811800 -1
0.373529006875200 -1
0.373531433791000 -1
0.373533147047200 -1
0.373536550608200 -1
0.373537699623200 -1
0.373539015676300 -1
0.373540197085000 -1
0.373542989772800 -1
0.373544086661000 -1
0.373545177053500 -1
0.373548088187200 -1
0.373549085992800 -1
0.373550176552800 -1
0.373551426541700 -1
0.373553836173700 -1
0.373553926186300 -1
0.373555820861500 -1
0.373573680038700 -1
0.373576762204500 -1
0.373582229664100 -1
0.373586510804200 -1
0.373745078896300 -1
0.373745781950900 -1
0.373747656763000 -1
0.373747656801100 -1
0.373753905831600 -1
0.373755156011500 -1
0.373785152995700 -1
0.373785465475400 -1
0.373799818509800 -1
0.373800230917700 -1
0.373806098781800 -1
0.373806402328200 -1
0.373807650753500 -1
0.373809570020100 -1
0.373810251705100 -1
0.373811712843900 -1
0.373813524205900 -1
0.373813906383000 -1
0.373816220578800 -1
0.373897622203700 -1
0.373897682318600 -1
0.373900023085700 -1
0.373901550732500 -1
0.373903881236800 -1
0.373904068716900 -1
0.373906828522700 -1
0.373909539022600 -1
0.373950125443000 -1
0.373951793032500 -1
0.373978169151100 -1
0.373979704507900 -1
0.374909173207100 -1
0.374910052507900 -1
0.374912911911800 -1
0.374914417139800 -1
0.374915533056400 -1
0.374917546854400 -1
0.374918789613600 -1
0.374920296854500 -1
0.374924703050700 -1
0.374926288672500 -1
0.374927696077900 -1
0.374929113276900 -1
0.374930431308500 -1
0.374931291978100 -1
0.374932552678300 -1
0.374933798300100 -1
0.374935059860400 -1
0.374936690480400 -1
0.374937543666100 -1
0.374938826460100 -1
0.374940388801800 -1
0.374941372780600 -1
0.375031278131200 -1
0.375031278132400 -1
0.375052423415700 -1
0.375052560714700 -1
0.375053854604200 -1
0.375094776248100 -1
0.375095071410700 -1
0.375114076170300 -1
0.375115185078600 -1
0.375576223522200 -1
0.375576223522300 -1
0.375586222444000 -1
0.375586222520200 -1
0.375588721032500 -1
0.375590069791300 -1
0.375597465900300 -1
0.375597985297000 -1
0.375599880730100 -1
0.375599971143100 -1
0.375604753008400 -1
0.375611757929500 -1
0.375616447616100 -1
0.375617469408100 -1
0.375667843445600 -1
0.375671388437600 -1
0.375691211844300 -1
0.375691251060200 -1
0.375988444846100 -1
0.375990316840800 -1
0.375992925597000 -1
0.375993696662000 -1
0.375994985578400 -1
0.376230688919300 -1
0.376232451230200 -1
0.376234829276500 -1
0.376237471627300 -1
0.376258549988000 -1
0.376258802215900 -1
0.376398756498400 -1
0.376399996436700 -1
0.376401177506400 -1
0.376719366355100 -1
0.376719863495000 74
0.384381541545100 -1
0.384381596361600 -1
0.384392839398200 -1
0.384393621338500 -1
0.384395962254500 -1
0.384396609163000 -1
0.384401578145600 -1
0.384403493554500 -1
0.384406573980200 -1
0.384406588631000 -1
0.384416741325600 -1
0.384417921800400 -1
0.384433929563600 -1
0.384434085875800 -1
0.384436347435300 -1
0.384437327744700 -1
0.384441269603500 -1
0.384441587641500 -1
0.384442834998800 -1
0.384445315208200 -1
0.384445334903400 -1
0.384452824230800 -1
0.384453460785300 -1
0.384469043309300 -1
0.384469083646800 -1
0.384480331240600 -1
0.384480488164600 -1
0.384492204970300 -1
0.384495960187300 -1
0.384496579614200 -1
0.384499074464400 -1
0.384499120865100 -1
0.384507358562100 -1
0.384509085899800 -1
0.384512234420100 -1
0.384513541198300 -1
0.384523076428800 -1
0.384525678604800 -1
0.384529231289200 -1
0.384531065432900 -1
0.384536710134900 -1
0.384538255766900 -1
0.384540111248800 -1
0.384542532576100 -1
0.384545248777000 -1
0.384547545034900 -1
0.384550386708100 -1
0.384551574102000 -1
0.384554320408800 -1
0.384555365423100 -1
0.384556612872400 -1
0.384558608318300 -1
0.384560016154200 -1
0.384560483121900 -1
0.384562014069500 -1
0.384563194228600 -1
0.384565542545600 -1
0.384566681236700 -1
0.384567822473800 -1
0.384569085398300 -1
0.384573152179400 -1
0.384574111528300 -1
0.384575334539300 -1
0.384576571599400 -1
0.384577821472900 -1
0.384579227886000 -1
0.384580328549700 -1
0.384581746874900 -1
0.384583017484300 -1
0.384584070998100 -1
0.384585633661400 -1
0.384587941309700 -1
0.384589072824000 -1
0.384590481984500 -1
0.384591882867800 -1
0.384595320865200 -1
0.384598484703400 -1
0.384600949342100 -1
0.384601569718100 -1
0.384603463433600 -1
0.384604070062100 -1
0.384605360216200 -1
0.384606568591600 -1
0.384607818465800 -1
0.384609087879300 -1
0.384611568471700 -1
0.384613130433400 -1
0.384614106922100 -1
0.384615337243500 -1
0.384616609243700 -1
0.384617824978100 -1
0.384619154577100 -1
0.384627816461700 -1
0.384627827451800 -1
0.384639065329700 -1
0.384640354267900 -1
0.384653419965100 -1
0.384654066731600 -1
0.384655352764800 -1
0.384656563623900 -1
0.384658868027800 -1
0.384659123292900 -1
0.384661596797400 -1
0.384662845481600 -1
0.384668245695900 -1
0.384669431083700 -1
0.384670823149900 -1
0.384673818144600 82
0.384689156750400 -1
0.384691716484800 -1
0.385027463149900 -1
0.385030286096200 -1
0.385032146969300 -1
0.385033097552800 -1
0.385041277658300 -1
0.385042862095100 -1
0.385044929366600 -1
0.385045569603000 -1
0.385046699111000 -1
0.385048065424100 -1
0.385051231062800 -1
0.385051556252100 -1
0.385054836392700 -1
0.385055343677500 -1
0.385057006038400 -1
0.385058574317600 -1
0.385060273125300 -1
0.385064021528600 -1
0.385064025190700 -1
0.385072764244100 -1
0.385072773127000 -1
0.385076169890100 -1
0.385076531271200 -1
0.385191509926300 -1
0.385191822442700 -1
0.385198628401300 -1
0.385199009527700 -1
0.385202751046500 -1
0.385204057565000 -1
0.385214527686900 -1
0.385216574992200 -1
0.385274613063500 -1
0.385275342384400 -1
0.385277126202200 -1
0.385279139873300 -1
0.385342656323400 -1
0.385342886502700 -1
0.386534969095900 -1
0.386535164465100 -1
0.386563871838900 -1
0.386563877334200 -1
0.386583870445500 -1
0.386584193289100 -1
0.386589494250100 -1
0.386590158877800 -1
0.386592303438200 -1
0.386592622708400 -1
0.386600738872300 -1
0.386601993669900 -1
0.386608610164300 -1
0.386610440678600 -1
0.386616346317500 -1
0.386616513679000 -1
0.386621315676500 -1
0.386622876587600 -1
0.386626196228300 -1
0.386627073004000 -1
0.386631561913500 -1
0.386636080661000 -1
0.386639511842300 -1
0.386640284527500 -1
0.386641523532300 64
0.386643861687200 -1
0.386643864433600 -1
0.386652274278100 -1
0.386652842117700 -1
0.386758776802500 -1
0.386762682636600 -1
0.386802586318200 -1
0.386803067230400 -1
0.386805053638000 -1
0.386806043926800 -1
0.386826965491500 -1
0.386827596021700 -1
0.387302545985600 -1
0.387302862116000 -1
0.387312547424700 -1
0.387312547577300 -1
0.387337366389600 -1
0.387337544919800 -1
0.387343246172500 -1
0.387344601738500 -1
0.387345154631400 -1
0.387346294076500 -1
0.387347554294300 -1
0.387350668439500 -1
0.387352554097800 337
0.387685009461300 -1
0.387685325029200 -1
0.387692148415500 -1
0.387693528572700 -1
0.387890841295800 -1
0.387892661732900 -1
0.387909984467700 -1
0.387910185880600 -1
0.392798226342300 -1
0.392798872792500 -1
0.392799748988300 -1
0.392803894111700 -1
0.392805390536300 -1
0.392809535991400 -1
0.392811517431200 -1
0.392812326728800 -1
0.392816903479500 -1
0.392817467337500 -1
0.392819753236800 -1
0.392820963353100 -1
0.392823642536200 -1
0.392825755992500 -1
0.392827038844300 -1
0.392828486454600 -1
0.392830751923300 -1
0.392833401681400 -1
0.392834494070300 -1
0.392835745229500 -1
0.392837462833300 -1
0.392838247604200 -1
0.392839860051000 -1
0.392841997065600 -1
0.392843555700500 -1
0.392844539667300 -1
0.392846372762700 -1
0.392846993285000 -1
0.392848246135000 -1
0.392849850352500 -1
0.392851017075200 -1
0.392852397599900 -1
0.392853906798700 -1
0.392854575685600 -1
0.392855743163100 -1
0.392856991871800 -1
0.392858275906100 -1
0.392859497210500 -1
0.392860898067100 -1
0.392862462463800 -1
0.392863398039100 -1
0.392864491078600 -1
0.392865899768300 -1
0.392867781788600 -1
0.392868240688500 -1
0.392869493653100 -1
0.392870740438100 -1
0.392872188677500 -1
0.392873865132100 -1
0.392874502659000 -1
0.392875739956400 -1
0.392877619784000 -1
0.392893217993700 -1
0.392894029187300 -1
0.392899114792000 -1
0.392900274861300 -1
0.392900898552200 -1
0.392903966131400 -1
0.392914478594800 -1
0.392914619707900 -1
0.393053217269200 -1
0.393053925206000 -1
0.393060408931300 -1
0.393060721438300 -1
0.393076969771700 -1
0.393076969781300 -1
0.393083219145500 -1
0.393083229539500 -1
0.393086968617200 -1
0.393086968779300 -1
0.393100561005100 -1
0.393101989239800 -1
0.393104708675900 -1
0.393106913103100 -1
0.393107123000200 -1
0.393108907091600 -1
0.393109466515300 -1
0.393111634623300 -1
0.393114139222900 -1
0.393115052532300 -1
0.393115872858200 -1
0.393190004079800 -1
0.393193589097600 -1
0.393195099085700 -1
0.393195931330100 -1
0.393197925556700 -1
0.393198213172300 -1
0.393220705368000 -1
0.393220705368100 -1
0.393229132257900 -1
0.393229454496000 -1
0.393236602200500 -1
0.393236971059700 -1
0.393258195092000 -1
0.393258544440700 -1
0.393973129967500 -1
0.393973129967500 -1
0.393983128965500 -1
0.393983148494800 -1
0.393988126938800 -1
0.393988138229100 -1
0.393999377337200 -1
0.393999377337300 -1
0.394005626711000 -1
0.394005626711000 -1
0.394025936392500 -1
0.394028437555700 -1
0.394029374369400 -1
0.394031616705400 -1
0.394032375017900 -1
0.394034094979500 -1
0.394037347843900 -1
0.394038201600400 -1
0.394039384991800 -1
0.394042826425400 -1
0.394045310282600 -1
0.394047194254900 -1
0.394052876772900 -1
0.394053428530700 -1
0.394111866044400 -1
0.394112022299400 -1
0.394461522889800 -1
0.394462846542100 -1
0.394463212696700 -1
0.394464654053200 -1
0.394489240357400 -1
0.394489406356400 -1
0.394654311706200 -1
0.394654311706200 -1
0.394670184081500 -1
0.394670560078000 -1
0.394682892826500 -1
0.394683063712700 -1
0.394784220257900 -1
0.394784298680300 -1
0.394786719919700 -1
0.394786935764300 -1
0.394789278263800 -1
0.394790139994100 -1
0.394863016225300 -1
0.394864291926600 -1
0.394916587653000 -1
0.394916824491600 -1
0.394979855255300 -1
0.394980536886700 -1
0.397846486782900 -1
0.397846491818900 -1
0.397856490815700 -1
0.397856515228600 -1
0.397867739688200 -1
0.397867739688900 -1
0.397890237433800 -1
0.397890247213000 -1
0.397892734132000 -1
0.397892913862600 -1
0.397900236422500 -1
0.397900238930400 -1
0.397906485729500 -1
0.397908439078300 -1
0.397925770830000 -1
0.397926484431200 -1
0.397930232109400 -1
0.397930666140100 -1
0.397934533870700 -1
0.397936371194100 -1
0.397940319914800 -1
0.397942391420400 -1
0.397942829573000 -1
0.397945241402900 -1
0.397947744523000 -1
0.397948981547300 -1
0.397951420373800 -1
0.397951873713600 -1
0.397954010465400 -1
0.397956520169800 -1
0.397961190712500 -1
0.397962161476200 -1
0.397963042657300 -1
0.397964378106600 -1
0.397965283624600 -1
0.397967116823300 -1
0.397968982008300 -1
0.397972919601900 -1
0.397975581097500 -1
0.397983272520600 -1
0.397986705825200 -1
0.397988202615200 -1
0.397990431228200 -1
0.398106426091800 -1
0.398106545103500 -1
0.398112128747600 -1
0.398112715139500 -1
0.398115129328400 -1
0.398115217330300 -1
0.398122255461200 -1
0.398675773945000 -1
0.398676643004500 -1
0.398682658025500 -1
0.398682736142700 -1
0.398712595183000 -1
0.398713592435900 -1
0.398714463779600 -1
0.398715922417300 -1
0.398719061410100 -1
0.398720623568200 -1
0.398726364506700 -1
0.398726718704500 -1
0.398763562374400 -1
0.398764642473600 -1
0.398766308991600 -1
0.398767028354900 60
0.398780441118700 -1
0.398781554746600 -1
0.398990096689900 -1
0.398990130889900 -1
0.398991442426300 -1
0.398993737386900 -1
0.398995166839700 -1
0.399013784088600 -1
0.399013931100500 -1
0.399112536822300 -1
0.399112614939500 -1
0.399129968274100 -1
0.399205100177800 -1
0.399205105718800 -1
0.401354836534000 -1
0.401355067230000 -1
0.401357037163900 -1
0.401357482798800 -1
0.401361014803200 -1
0.401362589818100 -1
0.401365161187200 -1
0.401366287569300 -1
0.401367680227400 -1
0.401368891700600 -1
0.401370204489700 -1
0.401371551781200 -1
0.401374050158400 -1
0.401376140882500 -1
0.401378641446800 -1
0.401380241180000 -1
0.401382426544100 -1
0.401384267182600 -1
0.401385044270400 -1
0.401392954908900 -1
0.401394432218600 -1
0.401396115336400 -1
0.401397623092300 -1
0.401398635857300 -1
0.401480007044800 -1
0.401481168395700 -1
0.401883548201700 -1
0.401885023273800 -1
0.401896098595300 -1
0.401897497038500 -1
0.401924126999500 -1
0.401925696971000 -1
0.402078150239500 -1
0.402078613799100 -1
0.402080583593200 -1
0.402082275692600 -1
0.402084144636000 -1
0.402265421172300 -1
0.402266161560000 351
0.403727151273300 -1
0.403727152538000 -1
0.403734649018700 -1
0.403734729886900 -1
0.403740891355000 -1
0.403742463501300 -1
0.403747139524600 -1
0.403747150512600 -1
0.403753399580700 -1
0.403753404778500 -1
0.403755897185100 -1
0.403756095105700 -1
0.403760327896900 -1
0.403761060595300 -1
0.403772597174800 -1
0.403773457086500 -1
0.403775829269700 -1
0.403777462474200 -1
0.403782350264400 -1
0.403784424685900 -1
0.403784980142500 -1
0.403787695626400 -1
0.403788985921100 -1
0.403791130747700 -1
0.403792151213000 -1
0.403794340709100 76
0.403852139343100 -1
0.403852139991500 -1
0.403858963023900 -1
0.403859644427500 -1
0.403862354865000 -1
0.404132111933100 -1
0.404132132685400 -1
0.404139611031400 -1
0.404139612709700 -1
0.404147109211900 -1
0.404148360316800 -1
0.404157865598300 -1
0.404160518655500 -1
0.404161572487900 -1
0.404297066037700 -1
0.404297766547500 -1
0.404357089390500 -1
0.404357724093700 -1
0.405554595766800 -1
0.405557693540300 -1
0.405559547169900 -1
0.405561033694200 -1
0.405563149275600 -1
0.405564400658000 -1
0.405564510419200 -1
0.405565721724700 -1
0.405566977913100 -1
0.405616222472100 -1
0.405617304709900 -1
0.405838434737400 -1
0.405839774073900 -1
0.405943082754000 -1
0.405943182130200 -1
0.406022960927800 -1
0.406023546785500 -1
0.406869337638000 -1
0.406869337638000 -1
0.406889003635300 -1
0.406889355163400 -1
0.406903902118500 -1
0.406905062539100 -1
0.406906211472600 -1
0.406907336844600 -1
0.406908259530900 -1
0.406909516350300 -1
0.406910593270300 -1
0.406912790393700 -1
0.406913239488600 -1
0.406914333322100 -1
0.407124568844800 -1
0.407202116787800 -1
0.407203398650100 -1
0.407954851052300 -1
0.407955636484400 -1
0.407957309052400 -1
0.407958095755600 -1
0.407960969140200 -1
0.407961953118800 -1
0.407983755990800 -1
0.407984226067900 -1
0.407989225414000 -1
0.407989227855200 -1
0.407992799273400 -1
0.407993458922900 -1
0.408125461754600 -1
0.408125462401400 -1
0.408127141185300 -1
0.408128332569200 -1
0.408789140360900 -1
0.408789164802400 -1
0.408791644617300 -1
0.408792699796600 -1
0.408796674139500 -1
0.408798601775600 -1
0.408800354605700 -1
0.408800404522000 -1
0.408925029921900 -1
0.408925694070500 -1
0.408930361542700 -1
0.408931787353800 -1
0.409004123711000 -1
0.409004123751600 -1
0.409467746379700 -1
0.409474102103500 -1
0.409581746490600 -1
0.409582844060700 -1
0.410026481585600 -1
0.410027258775800 -1
0.410152709319200 -1
0.410152800776700 -1
0.410490997149800 -1
0.410491640160000 -1
0.410503914821900 -1
0.410504054050400 -1
0.410565215442900 -1
0.410566809467600 -1
0.410877681077700 -1
0.410877685961600 -1
0.410891346663200 -1
0.410891756897200 -1
0.410943886293800 -1
0.410943950074100 -1
0.411208223409700 -1
0.411210527063700 -1
0.411493698190900 -1
0.411494195094500 -1
0.411737521328000 -1
0.411738232867000 -1
0.411986012395700 -1
0.411986658397800 -1
0.412137404357900 -1
0.412138038464200 -1
0.412168754645900 -1
0.412168810184000 -1
0.412471178618700 -1
0.412471276577700 -1
0.412575640809100 -1
0.412576267393200 -1
0.413806075540300 -1
0.498702635000400 -1
0.498702676519200 -1
0.498722320503900 -1
0.498722633015500 -1
0.498726372875100 -1
0.498726382639800 -1
0.498737623425000 -1
0.498737807276100 -1
0.498747512113600 -1
0.498747640275700 -1
0.498750677039700 -1
0.498751385055200 -1
0.498755051584600 -1
0.498755129759200 -1
0.498760083943300 -1
0.498760754195400 -1
0.498772927028700 -1
0.498773877880300 -1
0.498779949475800 -1
0.498780127254000 -1
0.498782455721700 -1
0.498782627003500 -1
0.498784939812800 -1
0.498785136518000 -1
0.498787616356400 -1
0.498788144029400 -1
0.498793180562400 -1
0.498793875876300 -1
0.498795748221900 -1
0.498796395155000 -1
0.498797625501700 -1
0.498813236403000 -1
0.498813873948500 -1
0.498818325849500 -1
0.498818873371200 -1
0.498820748099400 -1
0.498821374341300 -1
0.498824492810800 -1
0.498825123051300 -1
0.498828515873500 -1
0.498829497306700 -1
0.498830122244000 -1
0.498834302703800 -1
0.498836098534200 -1
0.498836371617800 -1
0.498838069776200 -1
0.498838876328200 -1
0.498840121242000 -1
0.498841994830700 -1
0.498842706432800 -1
0.498844406019000 -1
0.498845521422900 -1
0.498846371836300 -1
0.498853876800900 -1
0.498855124173300 -1
0.498857436840100 -1
0.498857854145200 -1
0.498858913304200 -1
0.498860149168500 -1
0.498861369112800 -1
0.498865468120700 -1
0.498867618562900 -1
0.498868869047900 -1
0.498873419678600 -1
0.498873867860400 -1
0.498876788336200 -1
0.498877623589200 -1
0.498880815693400 -1
0.498881367166000 -1
0.498882621875400 -1
0.498884658524700 -1
0.498886542981700 -1
0.498888241419900 -1
0.498890118674400 -1
0.498893137537400 -1
0.498895128246800 -1
0.498896697912100 -1
0.498897625245600 -1
0.498901681061200 -1
0.498902927448200 -1
0.498903869831900 -1
0.498905114881600 -1
0.498909864098100 -1
0.498910739623100 -1
0.498913367116600 -1
0.498915426205200 -1
0.498917614401500 -1
0.498918873154000 -1
0.498921372867800 -1
0.498922633879100 -1
0.498923862850800 -1
0.498925230359100 -1
0.498926479775700 -1
0.498927620141300 -1
0.498931520812400 -1
0.498932777977300 -1
0.498933940700900 -1
0.498935269638000 -1
0.498936674676800 -1
0.498937611482000 -1
0.498939017601500 -1
0.498940423690900 -1
0.498941419990700 -1
0.498944492272700 -1
0.498945110732900 -1
0.498946519691200 -1
0.498947943689700 -1
0.498948860650400 -1
0.498950543605800 -1
0.498952009445800 -1
0.498953860149400 -1
0.498955784175200 -1
0.498956984645700 -1
0.498957609506600 -1
0.498959328122600 -1
0.498960812274900 -1
0.498961520538400 -1
0.498963864945200 -1
0.498968868359000 -1
0.498970659995100 -1
0.498971519207400 -1
0.498972790257300 -1
0.498976382001400 -1
0.498977607771000 -1
0.498979521948500 -1
0.498980108444300 -1
0.498982460961100 -1
0.498986386492700 -1
0.498987611344900 -1
0.498989012596700 -1
0.498990809286900 -1
0.498991396423700 -1
0.498992625531300 -1
0.498993880409100 -1
0.498995105711000 -1
0.498997610496600 -1
0.498998855335300 -1
0.499000497057000 -1
0.499001374614100 -1
0.499002635476500 -1
0.499004484731400 -1
0.499005104709000 -1
0.499006379027700 -1
0.499007605068800 -1
0.499008922801400 -1
0.499010126178700 -1
0.499012057175400 -1
0.499012613810500 -1
0.499014486093100 -1
0.499015181824200 -1
0.499016358467100 -1
0.499017725514700 -1
0.499018932711900 -1
0.499020113123200 -1
0.499021665549400 -1
0.499022993541700 -1
0.499024166085600 -1
0.499030576632200 -1
0.499031445460500 -1
0.499033081644500 -1
0.499035882893900 -1
0.499036361342400 -1
0.499037603970000 -1
0.499039525087900 -1
0.499040101202000 -1
0.499041355048400 -1
0.499042718127300 -1
0.499045498629500 -1
0.499046353017500 -1
0.499048030096300 -1
0.499049792807400 -1
0.499050178488800 -1
0.499051994878800 -1
0.499052621920000 -1
0.499054162598100 -1
0.499055104581400 -1
0.499057599603500 -1
0.499060450726200 -1
0.499061349072800 -1
0.499064346914600 -1
0.499065137774800 -1
0.499067755343600 -1
0.499068849618300 -1
0.499070254653300 -1
0.499071387129900 -1
0.499074223914900 -1
0.499075140455900 -1
0.499076445597900 -1
0.499078379865400 -1
0.499078857084500 -1
0.499080490566700 -1
0.499082596962600 -1
0.499084081169800 -1
0.499085108898800 -1
0.499086351607700 -1
0.499087596827700 -1
0.499089471865200 -1
0.499090721452900 -1
0.499091346104900 -1
0.499093885523300 -1
0.499095173960700 -1
0.499096736306000 -1
0.499098845334300 -1
0.499100173503000 -1
0.499101686830100 -1
0.499102991022800 -1
0.499104157645300 -1
0.499105173437900 -1
0.499106422680900 -1
0.499107594591100 -1
0.499109470590400 -1
0.499110290739700 -1
0.499111344062800 -1
0.499112595196300 -1
0.499114001190900 -1
0.499115093687000 -1
0.499116353326400 -1
0.499117984786500 -1
0.499118843540100 -1
0.499121680246500 -1
0.499122592936400 -1
0.499123850152800 -1
0.499125717927500 -1
0.499127992785100 -1
0.499130524651800 -1
0.499131966996100 -1
0.499132710331000 -1
0.499135736149700 -1
0.499136507709400 -1
0.499137786744500 -1
0.499138841326300 -1
0.499140169308700 -1
0.499141341056800 -1
0.499143889631900 -1
0.499145588682700 -1
0.499147590792900 -1
0.499148840384700 -1
0.499150763959700 -1
0.499152746316400 -1
0.499154249938500 -1
0.499155109208300 -1
0.499156340774400 -1
0.499158214365900 -1
0.499158839303300 -1
0.499160089178000 -1
0.499161339052800 -1
0.499162590167200 -1
0.499163844295000 -1
0.499165088696700 -1
0.499166651330400 -1
0.499167588436000 -1
0.499169504814700 -1
0.499170088176000 -1
0.499171347815600 -1
0.499173212865300 -1
0.499175088900300 -1
0.499176337597400 -1
0.499177587424500 -1
0.499178837301800 -1
0.499180170860100 -1
0.499181376126800 -1
0.499182586923700 -1
0.499183895998200 -1
0.499186766664400 -1
0.499187586460700 -1
0.499190091055800 -1
0.499191892651000 -1
0.499192664038700 -1
0.499193876113600 -1
0.499195085976100 -1
0.499196336161900 -1
0.499197626996500 -1
0.499198854846000 -1
0.499200085170000 -1
0.499201335655000 -1
0.499202943465200 -1
0.499203834794300 -1
0.499205709609100 -1
0.499206354077800 -1
0.499208310139600 -1
0.499208859010000 -1
0.499210084168000 -1
0.499212115252600 -1
0.499212583917500 -1
0.499213990141000 -1
0.499215397356300 -1
0.499216333562000 -1
0.499217583432000 -1
0.499219458229200 -1
0.499221333050300 -1
0.499222582920300 -1
0.499225085735500 -1
0.499226332558800 -1
0.499228539621900 -1
0.499228832298800 -1
0.499230472825000 -1
0.499231346859200 -1
0.499232581913600 -1
0.499235142850100 -1
0.499236331575900 -1
0.499237587555900 -1
0.499238988894700 -1
0.499240120230100 -1
0.499241394529000 -1
0.499242746916500 -1
0.499245161219300 -1
0.499246350065500 -1
0.499247590480800 -1
0.499249455987900 -1
0.499250080160000 -1
0.499251330034800 -1
0.499252658943400 -1
0.499253913098700 -1
0.499255085800100 -1
0.499256329839000 -1
0.499257579713700 -1
0.499258829283400 -1
0.499260391626700 -1
0.499261329033400 -1
0.499262578908700 -1
0.499263839768100 -1
0.499265157994800 -1
0.499266484766100 -1
0.499268203391900 -1
0.499268910061100 -1
0.499271348811600 -1
0.499274237895400 -1
0.499275104507800 -1
0.499276351946800 -1
0.499277578627500 -1
0.499278890749500 -1
0.499281484488500 -1
0.499282593992000 -1
0.499283953718700 -1
0.499285236111600 -1
0.499286336912300 -1
0.499287576402500 -1
0.499288875558900 -1
0.499291326038700 -1
0.499292595468900 -1
0.499293992396700 -1
0.499295076281600 -1
0.499296346281200 -1
0.499298244508900 -1
0.499298847284500 -1
0.499301639000700 -1
0.499302618840400 -1
0.499305123472300 -1
0.499307586985800 -1
0.499309449366800 -1
0.499310156089000 -1
0.499311970930600 -1
0.499312578818000 -1
0.499315703488200 -1
0.499316323525300 -1
0.499317653053700 -1
0.499318865534000 -1
0.499320074409600 -1
0.499321332785500 -1
0.499322572895500 -1
0.499323823533100 -1
0.499325228890100 -1
0.499327728632000 -1
0.499328822422300 -1
0.499331341552800 -1
0.499332571969800 -1
0.499334781185300 -1
0.499335091172300 -1
0.499336323960200 -1
0.499337727932000 -1
0.499339496710900 -1
0.499340071981100 -1
0.499341644477800 -1
0.499342592251800 -1
0.499343859996500 -1
0.499345109699600 -1
0.499346398671100 -1
0.499347570391700 -1
0.499349174259300 -1
0.499350276647000 -1
0.499351340764600 -1
0.499352579654100 -1
0.499353839332200 -1
0.499355069639100 -1
0.499356319513800 -1
0.499357569769900 -1
0.499359288731700 -1
0.499360069138000 -1
0.499361633932400 -1
0.499362578656900 -1
0.499364529331000 -1
0.499365694184700 -1
0.499366320953200 -1
0.499367778403300 -1
0.499369155141600 -1
0.499371435574000 -1
0.499372606953600 -1
0.499375067980700 -1
0.499377567384700 -1
0.499378817433300 -1
0.499380380004500 -1
0.499381319602500 -1
0.499384829884700 -1
0.499385105691600 -1
0.499386985388500 -1
0.499387567145600 -1
0.499388821139600 -1
0.499391394889200 -1
0.499392878390700 -1
0.499393854996100 -1
0.499395065631000 -1
0.499396315505800 -1
0.499397565380500 -1
0.499398815255300 -1
0.499400261109600 -1
0.499401316225300 -1
0.499402877368200 -1
0.499404127475900 -1
0.499406939441500 -1
0.499407877457500 -1
0.499411314004100 -1
0.499412818064100 -1
0.499413813752300 -1
0.499415221166600 -1
0.499416782357400 -1
0.499417563376500 -1
0.499418979789000 -1
0.499420375671300 -1
0.499422875344200 -1
0.499425062673900 -1
0.499426468743700 -1
0.499427562679600 -1
0.499430071937500 -1
0.499431390292300 -1
0.499432563132500 -1
0.499433968594000 -1
0.499435061623000 -1
0.499436626484300 -1
0.499437766430600 -1
0.499438811249600 -1
0.499441003601800 -1
0.499441321530200 -1
0.499442560881300 -1
0.499443810746400 -1
0.499445099689200 -1
0.499446310648300 -1
0.499447716643000 -1
0.499448810283400 -1
0.499450065002300 -1
0.499451309994800 -1
0.499452736244600 -1
0.499454056304800 -1
0.499455059620200 -1
0.499456973801000 -1
0.499457637485700 -1
0.499459164433000 -1
0.499460061559200 -1
0.499461309097700 -1
0.499464121287200 -1
0.499465058636200 -1
0.499467639021500 -1
0.499468808241300 -1
0.499470136233200 -1
0.499471464226300 -1
0.499472562933800 -1
0.499473886524900 -1
0.499475058836200 -1
0.499476307489800 -1
0.499478455712000 -1
0.499478848739100 -1
0.499480067118900 -1
0.499482557515500 -1
0.499483807961200 -1
0.499485391133200 -1
0.499486384910100 -1
0.499487712997400 -1
0.499488847737000 -1
0.499490222111200 -1
0.499491462299200 -1
0.499493185681300 -1
0.499495493799600 -1
0.499496637565500 -1
0.499497555522600 -1
0.499499430182200 -1
0.499500076485200 -1
0.499501930151000 -1
0.499502969867100 -1
0.499504126970000 -1
0.499506305113200 -1
0.499507554968800 -1
0.499509198616800 -1
0.499511617999300 -1
0.499512553907600 -1
0.499514116277900 -1
0.499515053607000 -1
0.499516303636700 -1
0.499518491067900 -1
0.499520684909200 -1
0.499521459520200 -1
0.499522884911300 -1
0.499524042784500 -1
0.499525213759800 -1
0.499526302556000 -1
0.499527671066800 -1
0.499529114850500 -1
0.499530052105200 -1
0.499532590912200 -1
0.499534115152900 -1
0.499536323449500 -1
0.499537787392500 -1
0.499539739345200 -1
0.499540129229900 -1
0.499541301177000 -1
0.499544074747200 -1
0.499545050620700 -1
0.499546925413100 -1
0.499547551586100 -1
0.499548829528700 -1
0.499550067350300 -1
0.499551602736100 -1
0.499552549850100 -1
0.499555055129900 -1
0.499557627656700 -1
0.499560049236300 -1
0.499561474736400 -1
0.499563176264200 -1
0.499564006278800 -1
0.499565048599400 -1
0.499566928291700 -1
0.499568252621700 -1
0.499569738089900 -1
0.499570263003200 -1
0.499571339470500 -1
0.499572900593400 -1
0.499573808095800 -1
0.499575126171700 -1
0.499576297469800 -1
0.499577591342700 -1
0.499578816787300 -1
0.499581316517300 -1
0.499582546938900 -1
0.499584111823000 -1
0.499585154309900 -1
0.499586374737500 -1
0.499587551226300 -1
0.499588818193100 -1
0.499590124285500 -1
0.499591632866700 -1
0.499592546528200 -1
0.499593888710800 -1
0.499596334524400 -1
0.499597726024600 -1
0.499600045092400 -1
0.499601768779000 -1
0.499602544896700 -1
0.499605045813500 -1
0.499606301903200 -1
0.499607739636300 -1
0.499609024915100 -1
0.499610210163400 -1
0.499611294116500 -1
0.499612625006100 -1
0.499613793715200 -1
0.499615515227200 -1
0.499616293461900 -1
0.499620043086000 -1
0.499621605524800 -1
0.499622545429200 -1
0.499625355206300 -1
0.499626312152300 -1
0.499628211222800 -1
0.499630072295800 -1
0.499631916897300 -1
0.499632541833500 -1
0.499635041583000 -1
0.499637541332500 -1
0.499640281612700 -1
0.499641312927200 -1
0.499642552503500 -1
0.499644496592900 -1
0.499645665518400 -1
0.499650043818100 -1
0.499651289960800 -1
0.499652657005300 -1
0.499653789857000 -1
0.499656914567600 -1
0.499657701676000 -1
0.499658789203300 -1
0.499661289272200 -1
0.499662544425000 -1
0.499663808384100 -1
0.499665274225500 -1
0.499666288451700 -1
0.499667694561200 -1
0.499668811509500 -1
0.499670038096900 -1
0.499674109938900 -1
0.499675043081900 -1
0.499676297467100 -1
0.499677537363300 -1
0.499678948325500 -1
0.499680041956700 -1
0.499681493226900 -1
0.499682620140100 -1
0.499683947815100 -1
0.499685119572500 -1
0.499686286448000 -1
0.499687536327900 -1
0.499688947404600 -1
0.499690046447100 -1
0.499691285946700 -1
0.499692555350900 -1
0.499694578006500 -1
0.499695065494600 -1
0.499696480831900 -1
0.499697850233000 -1
0.499698804726900 -1
0.499700035375100 -1
0.499702725735500 -1
0.499703792322900 -1
0.499705034575000 -1
0.499706284449700 -1
0.499708792146100 -1
0.499710678544400 -1
0.499711284572100 -1
0.499712539349400 -1
0.499715033662400 -1
0.499716288934400 -1
0.499717855549900 -1
0.499718796313400 -1
0.499720053815900 -1
0.499721908185100 -1
0.499725052094300 -1
0.499726284882100 -1
0.499727532619700 -1
0.499728832233100 -1
0.499730305493200 -1
0.499732533053500 -1
0.499734455601700 -1
0.499735042243100 -1
0.499737726912300 -1
0.499738781501900 -1
0.499740042047200 -1
0.499741365195000 -1
0.499742854294000 -1
0.499744095596100 -1
0.499745660420800 -1
0.499746290505600 -1
0.499747686850000 -1
0.499749468616700 -1
0.499750655112800 -1
0.499752618073900 -1
0.499753859022000 -1
0.499755973087100 -1
0.499756514434300 -1
0.499757529618400 -1
0.499762550553900 -1
0.499764247385300 -1
0.499766357007100 -1
0.499767528306500 -1
0.499768778182400 -1
0.499770047890700 -1
0.499771277969000 -1
0.499772528530400 -1
0.499773777794700 -1
0.499775082252300 -1
0.499776302094300 -1
0.499777571264500 -1
0.499778796708600 -1
0.499780339522700 -1
0.499782607452900 -1
0.499783856054300 -1
0.499785026557800 -1
0.499786945002100 -1
0.499790670673900 -1
0.499791276231900 -1
0.499792525803300 -1
0.499793775676300 -1
0.499795692064400 -1
0.499796275425800 -1
0.499797566834900 -1
0.499798775180000 -1
0.499801294799800 -1
0.499802529721800 -1
0.499803779566200 -1
0.499805024854100 -1
0.499806274577100 -1
0.499807539021800 -1
0.499808774173300 -1
0.499811899473100 -1
0.499812601914700 -1
0.499814089197200 -1
0.499815502177300 -1
0.499816273421800 -1
0.499818775622600 -1
0.499821284251700 -1
0.499822522814700 -1
0.499823784610300 -1
0.499825022545000 -1
0.499827524201800 -1
0.499828933997100 -1
0.499830647286500 -1
0.499831437936800 -1
0.499832523066500 -1
0.499833778267100 -1
0.499835041224900 -1
0.499836293394300 -1
0.499837521292500 -1
0.499838773611400 -1
0.499840489755200 -1
0.499841270916800 -1
0.499843927511100 -1
0.499845099001500 -1
0.499846614838900 -1
0.499847522731700 -1
0.499848770327500 -1
0.499850493649200 -1
0.499851602561300 -1
0.499852519789700 -1
0.499853798977300 -1
0.499855019693700 -1
0.499856301159000 -1
0.499857539201600 -1
0.499858772006200 -1
0.499860643975400 -1
0.499861291040600 -1
0.499862528857300 -1
0.499863771265500 -1
0.499866278815400 -1
0.499867518296200 -1
0.499869080630300 -1
0.499871268221600 -1
0.499872517786000 -1
0.499875027300900 -1
0.499876430972400 -1
0.499878161771400 -1
0.499878769071300 -1
0.499880017034000 -1
0.499883151714400 -1
0.499883781308000 -1
0.499885016542500 -1
0.499886422647000 -1
0.499887594399700 -1
0.499889943026200 -1
0.499890016032100 -1
0.499891266211900 -1
0.499893770538600 -1
0.499895838205200 -1
0.499896284949300 -1
0.499897520172400 -1
0.499898765155300 -1
0.499900015032400 -1
0.499901264909500 -1
0.499902849828900 -1
0.499903765722500 -1
0.499905014855800 -1
0.499906342673500 -1
0.499907514280900 -1
0.499910017080200 -1
0.499911500695700 -1
0.499913763652300 -1
0.499916263401900 -1
0.499917535041900 -1
0.499918768052800 -1
0.499920368830100 -1
0.499921341017900 -1
0.499922688653600 -1
0.499924250923400 -1
0.499925169407800 -1
0.499928923573400 -1
0.499930012027000 -1
0.499931892042700 -1
0.499932824556900 -1
0.499936306902600 -1
0.499938604922600 -1
0.499939093145500 -1
0.499940025900300 -1
0.499942120195300 -1
0.499942511077800 -1
0.499944073119700 -1
0.499945172290900 -1
0.499947515478500 -1
0.499949019533300 -1
0.499950322489000 -1
0.499951259932900 -1
0.499952587886700 -1
0.499955020810600 -1
0.499957509745300 -1
0.499958759153200 -1
0.499960011461000 -1
0.499961886271400 -1
0.499963759100500 -1
0.499965009127400 -1
0.499966883330300 -1
0.499967513148800 -1
0.499970647600500 -1
0.499971494111400 -1
0.499972513261100 -1
0.499974382577600 -1
0.499975398711200 -1
0.499977195485400 -1
0.499978757194100 -1
0.499981452296400 -1
0.499982506763500 -1
0.499984382951500 -1
0.499985084706500 -1
0.499986259134300 -1
0.499988215310300 -1
0.499989393437800 -1
0.499990006012000 -1
0.499991265718800 -1
0.499992686427500 -1
0.499993755636900 -1
0.499995044574600 -1
0.499996255997300 -1
0.499997514722700 -1
0.499998759131500 -1
0.500000161258300 111
0.500001884717000 -1
0.500002549539600 -1
0.500005793310000 -1
0.500006261747800 -1
0.500007508225700 -1
0.500010044293200 51
0.500011288213000 -1
0.500012547705600 -1
0.500013870979700 -1
0.500016547870900 -1
0.500027502235400 -1
0.500027513239800 -1
0.500035683042300 -1
0.500036295365300 -1
0.500038944375800 -1
0.500042188742600 -1
0.500042989667900 -1
0.500045625462400 -1
0.500047279843400 -1
0.500047845761000 -1
0.500051113216600 -1
0.500051650972700 -1
0.500052775894300 -1
0.500056006642400 -1
0.500056293660300 -1
0.500058120089100 -1
0.500058749123300 -1
0.500063329123600 -1
0.500063751063700 -1
0.500065809054400 -1
0.500070369368800 -1
0.500073774507100 -1
0.500074998715600 -1
0.500079677513300 -1
0.500080564438300 -1
0.500082312933200 -1
0.500083136956800 -1
0.500085354910500 -1
0.500089963084300 -1
0.500090621862300 -1
0.500092152179100 -1
0.500093619221100 -1
0.500095625639900 -1
0.500097849362200 -1
0.500100055566700 -1
0.500103726927800 -1
0.500104760232900 -1
0.500105497935900 -1
0.500106949870800 -1
0.500111420923800 -1
0.500112679363800 -1
0.500116634572600 -1
0.500117889162400 -1
0.500119407304500 -1
0.500122102459600 -1
0.500123256256600 -1
0.500123898848200 -1
0.500126965713600 -1
0.500127492234500 -1
0.500130148218400 -1
0.500131630924400 -1
0.500133145979700 -1
0.500133741610600 -1
0.500135851520600 -1
0.500136329746000 -1
0.500138194368700 -1
0.500139054798900 -1
0.500140635461300 -1
0.500141240856800 -1
0.500142843632600 -1
0.500145772652900 -1
0.500146240355800 -1
0.500147691026500 -1
0.500149404178700 -1
0.500149989987800 -1
0.500151240779700 -1
0.500152489729500 -1
0.500153742658100 -1
0.500155335062100 -1
0.500156239373000 -1
0.500158163432500 -1
0.500158895339400 -1
0.500160145221900 -1
0.500161902867800 -1
0.500164993629200 -1
0.500166238354200 -1
0.500167488226500 -1
0.500168738101400 -1
0.500169987995100 -1
0.500171237931800 -1
0.500173815717400 -1
0.500174987494100 -1
0.500176237349800 -1
0.500177527580000 -1
0.500178816437100 -1
0.500180182343200 -1
0.500181393092600 -1
0.500183541345900 -1
0.500183775656800 -1
0.500185328740700 -1
0.500187647339200 -1
0.500188737671900 -1
0.500191245923800 -1
0.500194517074300 -1
0.500195027734800 -1
0.500196391885200 -1
0.500197485221200 -1
0.500199527404900 -1
0.500200068086300 -1
0.500201940340800 -1
0.500202816727400 -1
0.500203737121800 -1
0.500205307923100 -1
0.500208110457500 -1
0.500208736839700 -1
0.500209984049200 -1
0.500211858785500 -1
0.500212520487500 -1
0.500214515469600 -1
0.500215003002500 -1
0.500216278503300 -1
0.500217484437100 -1
0.500218733091900 -1
0.500220007378400 -1
0.500221391554400 -1
0.500222502254300 -1
0.500224057264800 -1
0.500225182793000 -1
0.500226232363600 -1
0.500227482254400 -1
0.500229357132800 -1
0.500230276844400 -1
0.500233685205600 -1
0.500233805973200 -1
0.500243397054800 -1
0.500244044299800 -1
0.500254644093600 -1
0.500255144867400 -1
0.500256529424300 -1
0.500257493703100 -1
0.500260173017800 -1
0.500262484845500 -1
0.500264471562200 -1
0.500265926791500 -1
0.500266228332100 -1
0.500267695868400 -1
0.500268728119500 -1
0.500270078613400 -1
0.500271307168800 -1
0.500272599770900 -1
0.500274123016300 -1
0.500276399441600 -1
0.500278198689800 -1
0.500278737013400 -1
0.500280938979500 -1
0.500282188647400 -1
0.500283731460600 -1
0.500286072499400 -1
0.500286265691500 -1
0.500287713300700 -1
0.500288804194500 -1
0.500290732744400 -1
0.500291561945000 -1
0.500295248865900 -1
0.500296538425100 -1
0.500297562512600 -1
0.500299391512700 -1
0.500302381936700 -1
0.500302947069200 -1
0.500303847242800 -1
0.500305133143600 -1
0.500306247105400 -1
0.500307946029300 -1
0.500310911382900 -1
0.500312498112100 -1
0.500314979666800 -1
0.500323488104000 -1
0.500323722722800 -1
0.500327381732900 -1
0.500329272551800 -1
0.500329971950000 -1
0.500332208263500 -1
0.500332595586100 -1
0.500334043806400 -1
0.500335700816500 -1
0.500336926907100 -1
0.500338281907400 -1
0.500341548971400 -1
0.500343100518700 -1
0.500343720566300 -1
0.500345596004200 -1
0.500347259032400 -1
0.500347577953700 -1
0.500348720087700 -1
0.500350341001900 -1
0.500351254005600 -1
0.500353953916000 -1
0.500358719062600 -1
0.500358808194300 -1
0.500362149887000 -1
0.500362468725900 -1
0.500366815456300 -1
0.500368421634100 -1
0.500372060184400 -1
0.500372528747100 -1
0.500374364854100 -1
0.500374977822500 -1
0.500382382429200 -1
0.500382471695000 -1
0.500387125336300 -1
0.500389092306000 -1
0.500390645425900 -1
0.500391226411200 -1
0.500402459797200 -1
0.500402464755800 -1
0.500413991214000 -1
0.500415242546100 -1
0.500417335625800 -1
0.500417504983900 -1
0.501397364980200 -1
0.501397364990000 -1
0.501407363959400 -1
0.501407366442300 -1
0.501411972891600 -1
0.501412363554100 -1
0.501456734031100 -1
0.501457358982800 -1
0.501468605399500 -1
0.501468920319500 -1
0.501489657937300 -1
0.501490500178700 -1
0.501493585196500 -1
0.501494860094200 -1
0.501498475320200 -1
0.501499854757700 -1
0.501502195392000 -1
0.501502530225700 -1
0.501504815064600 -1
0.501505011740200 -1
0.501508257021400 -1
0.501509248911400 -1
0.501510982437000 -1
0.501511972665000 -1
0.501514853054100 -1
0.501514863582000 -1
0.501517333387500 -1
0.501517551606500 -1
0.501520780190100 -1
0.501521186534400 -1
0.501522884583200 -1
0.501523932004000 -1
0.501539537355100 -1
0.501539850702000 -1
0.501542255246200 -1
0.501542448129400 -1
0.501544494933200 -1
0.501545009181900 -1
0.501546924241000 -1
0.501547385976800 -1
0.501551700077700 -1
0.501553106710800 -1
0.501554728908500 -1
0.501555474339800 -1
0.501558281279200 -1
0.501560536196200 -1
0.501562962276300 -1
0.501564270561000 -1
0.501564849122000 -1
0.501568551809900 -1
0.501568607610500 -1
0.501573008617500 -1
0.501573598871500 -1
0.501575237676900 -1
0.501577858915400 -1
0.501582335679000 -1
0.501583050752100 -1
0.501584174891400 -1
0.501584963368800 -1
0.501587962022500 -1
0.501590485364000 -1
0.501597392765400 -1
0.501598637611900 -1
0.501600635933600 -1
0.501601407071600 -1
0.501603587003600 -1
0.501603614462100 -1
0.501607198402600 -1
0.501608487223600 -1
0.501610394341700 -1
0.501611417020200 -1
0.501614463322300 -1
0.501614898134700 -1
0.501618048849600 -1
0.501618775063000 -1
0.501619845127200 -1
0.501621409991200 -1
0.501622853905800 -1
0.501628028399300 -1
0.501630202277700 -1
0.501631145723700 -1
0.501634816913300 -1
0.501637031377500 -1
0.501641367707700 -1
0.501642355154800 -1
0.501643829859700 -1
0.501645574331600 -1
0.501648212383700 -1
0.501649320310400 -1
0.501650779812100 -1
0.501651402023800 -1
0.501652339429500 -1
0.501656035520800 -1
0.501657570330000 -1
0.501658588803300 -1
0.501662221559600 -1
0.501662914676500 -1
0.501664135825900 -1
0.501665704224000 -1
0.501668606908700 -1
0.501671431159300 -1
0.501672431014800 -1
0.501674222850300 -1
0.501677076638800 -1
0.501679029303200 -1
0.501680209599000 -1
0.501682044742900 -1
0.501684533853400 -1
0.501685027405200 -1
0.501686126417800 -1
0.501687537784200 -1
0.501688898266000 -1
0.501690590186500 -1
0.501691262478600 -1
0.501692573094600 -1
0.501693585296300 -1
0.501695767241400 -1
0.501696990761800 -1
0.501697493773900 -1
0.501699527317300 -1
0.501700735169400 -1
0.501703584983300 -1
0.501709248491100 -1
0.501710229763200 -1
0.501711182107100 -1
0.501713116432200 -1
0.501716656907000 -1
0.501719085068100 -1
0.501719990332800 -1
0.501721274242900 -1
0.501723162907600 -1
0.501727226099200 -1
0.501728343252700 -1
0.501729285130100 -1
0.501729909805200 -1
0.501734566818200 -1
0.501735434677200 -1
0.501738539346700 -1
0.501739675711500 -1
0.501739830662200 -1
0.501741080536800 -1
0.501743623020400 -1
0.501746338343200 -1
0.501747329912900 -1
0.501748658518100 -1
0.501750859880400 -1
0.501753579935900 -1
0.501758288287500 -1
0.501759211812800 -1
0.501760007522000 -1
0.501762097472200 -1
0.501765197232700 -1
0.501766703374400 -1
0.501772172384800 -1
0.501772564241400 -1
0.501774202227200 -1
0.501774827155000 -1
0.501776317837400 -1
0.501780467736700 -1
0.501781319922900 -1
0.501782406961800 -1
0.501783737783000 -1
0.501785296100000 -1
0.501786080910100 -1
0.501787638390300 -1
0.501789729685900 -1
0.501789828747600 -1
0.501791558538800 -1
0.501792327079800 -1
0.501793801437600 -1
0.501794825152300 -1
0.501796720550400 -1
0.501797344658800 -1
0.501798575080500 -1
0.501800089878900 -1
0.501801699468200 -1
0.501802324399500 -1
0.501803769702500 -1
0.501805091915300 -1
0.501806094325900 -1
0.501807416715300 -1
0.501808588737300 -1
0.501810527361100 -1
0.501811268816400 -1
0.501814641815500 -1
0.501814823149500 -1
0.501816073022400 -1
0.501817330951300 -1
0.501820137555900 -1
0.501823929538700 -1
0.501824822145000 -1
0.501826467950700 -1
0.501827322209200 -1
0.501828737806400 -1
0.501830212401500 -1
0.501831158486500 -1
0.501832633862300 -1
0.501834978598200 -1
0.501836149754800 -1
0.501837320893700 -1
0.501839820642300 -1
0.501841095425900 -1
0.501842322844000 -1
0.501843824758700 -1
0.501844820160100 -1
0.501846070093200 -1
0.501849218704300 -1
0.501850064442800 -1
0.501851323395600 -1
0.501852371264300 -1
0.501854194622500 -1
0.501855016874700 -1
0.501856110513500 -1
0.501858110054700 -1
0.501858569068400 -1
0.501859828612600 -1
0.501861186928200 -1
0.501862396514200 -1
0.501863612279400 -1
0.501864818175100 -1
0.501866076712000 -1
0.501867484049100 -1
0.501868567761200 -1
0.501869829958800 -1
0.501871067510800 -1
0.501872322630200 -1
0.501873567260300 -1
0.501874919682900 -1
0.501876158271600 -1
0.501877316884600 -1
0.501879197962800 -1
0.501879816634600 -1
0.501881071391100 -1
0.501882396331600 -1
0.501884537230800 -1
0.501884817666200 -1
0.501886185631900 -1
0.501887315882600 -1
0.501888565757300 -1
0.501889893749200 -1
0.501891261105500 -1
0.501893565294500 -1
0.501896385544800 -1
0.501897745783700 -1
0.501898603814200 -1
0.501900439720600 -1
0.501902200865500 -1
0.501902336375000 -1
0.501905020407500 -1
0.501906069496400 -1
0.501907372774300 -1
0.501908568636200 -1
0.501909902120400 -1
0.501911146502800 -1
0.501913016585800 -1
0.501913563272200 -1
0.501914891244200 -1
0.501916082531100 -1
0.501917938120600 -1
0.501919812932300 -1
0.501921091794900 -1
0.501922317429500 -1
0.501923591630000 -1
0.501924812135100 -1
0.501926061999800 -1
0.501927338727300 -1
0.501928718137400 -1
0.501929811628800 -1
0.501931452466200 -1
0.501932311983900 -1
0.501934308243700 -1
0.501934811734600 -1
0.501936490724000 -1
0.501937467154500 -1
0.501939673936500 -1
0.501941055343600 -1
0.501948462098100 -1
0.501948559745300 -1
0.501950819643000 -1
0.501951690535200 -1
0.501959583946900 -1
0.501959808618000 -1
0.501961537575800 -1
0.501964271066400 -1
0.501966205355700 -1
0.501968906197200 -1
0.501969886995800 -1
0.501972624626000 -1
0.501973569592200 -1
0.501976213845100 -1
0.501977306864500 -1
0.501981177545700 -1
0.501983244594600 -1
0.501985139102700 -1
0.501986422203100 -1
0.501987316323300 -1
0.501989571270000 -1
0.501990000949200 -1
0.501991065265800 -1
0.501992951360200 -1
0.501993560137600 -1
0.501995763115200 -1
0.501996074553900 -1
0.501999221869800 -1
0.502000616253300 -1
0.502008512228400 -1
0.502008573262500 -1
0.502014841511500 -1
0.502016053029400 -1
0.502018374594600 -1
0.502018645297800 -1
0.502019804827900 -1
0.502030908059200 -1
0.502032654019800 -1
0.502037066424200 -1
0.502037535244500 -1
0.502040695941400 -1
0.502041126122600 -1
0.502044815851400 -1
0.502359768534400 -1
0.502359768538000 -1
0.502369728477000 -1
0.502369783709400 -1
0.502381006638600 -1
0.502381328923900 -1
0.502394757303400 -1
0.502396651641700 -1
0.502403257779400 -1
0.502403885211000 -1
0.502415358664500 -1
0.502416102162000 -1
0.502422233961400 -1
0.502422577264900 -1
0.502428872826700 -1
0.502429920373600 -1
0.502438341806600 -1
0.502440748360300 -1
0.502443506410400 -1
0.502443510146300 -1
0.502457861444700 -1
0.502458852864400 -1
0.502462952711600 -1
0.502464144217400 -1
0.502466793335000 -1
0.502469158422000 -1
0.502473189786100 -1
0.502474764617800 -1
0.502478419822500 -1
0.502478514576000 -1
0.502485861158200 -1
0.502486398035100 -1
0.502487521684700 -1
0.502488608788900 -1
0.502491795227500 -1
0.502493507920700 -1
0.502496185186900 -1
0.502497267314400 -1
0.502498582772700 -1
0.502500702901900 -1
0.502502512260000 -1
0.502506104100300 -1
0.502507961240100 -1
0.502508960723300 -1
0.502509774277000 -1
0.502511628434600 -1
0.502512621584000 -1
0.502514294170600 -1
0.502514762771600 -1
0.502517253679200 -1
0.502520065024000 -1
0.502521397965800 -1
0.502523195797900 -1
0.502525693797600 -1
0.502526189854500 -1
0.502527564304200 -1
0.502531001531500 -1
0.502532583869500 -1
0.502533814598200 -1
0.502536060762600 -1
0.502537409428000 -1
0.502538658278900 -1
0.502540453594700 -1
0.502541206979300 -1
0.502542370211700 -1
0.502543579030100 -1
0.502545474582700 -1
0.502546346520800 -1
0.502547562297900 -1
0.502548578214400 -1
0.502551646514200 -1
0.502552924240700 -1
0.502553558018500 -1
0.502554789088200 -1
0.502556023305800 -1
0.502557837068500 -1
0.502559281439900 -1
0.502559750647400 -1
0.502561000966500 -1
0.502562484019900 -1
0.502564123062000 -1
0.502564998225700 -1
0.502567443039400 -1
0.502568519591700 -1
0.502570152810900 -1
0.502575331920200 -1
0.502576701221200 -1
0.502578314667900 -1
0.502578770041500 -1
0.502581305869000 -1
0.502582285302100 -1
0.502584125369600 -1
0.502586006061800 -1
0.502590700826700 -1
0.502590996670800 -1
0.502594824333800 -1
0.502596085296100 -1
0.502603395082600 -1
0.502603807117000 -1
0.502608259170400 -1
0.502609165400700 -1
0.502737152595300 -1
0.502737235594800 -1
0.502754728939900 -1
0.502754728978100 -1
0.502762853144700 -1
0.502763517446000 -1
0.502765977822200 -1
0.502765981493800 -1
0.502769716623300 -1
0.502770040022400 -1
0.502780693105700 -1
0.502781763610500 -1
0.502785809514100 -1
0.502786600841500 -1
0.502794558301100 -1
0.502795996978400 -1
0.502799682245600 -1
0.502801037008300 -1
0.502805915755900 -1
0.502806034854400 -1
0.502813892106600 -1
0.502815465518200 -1
0.502820761987900 -1
0.502824737202500 -1
0.502828312692200 -1
0.502829714998000 -1
0.502831939272700 -1
0.502834615910900 -1
0.502834785078400 -1
0.502837119121200 -1
0.502838473161700 -1
0.502840112263100 -1
0.502843178138500 -1
0.502843626381700 -1
0.502845064683700 -1
0.502847297912800 -1
0.502848651584400 -1
0.502849896007000 -1
0.502851126791200 -1
0.502853098108200 -1
0.502853816092300 -1
0.502854797363800 -1
0.502856125391400 -1
0.502857218707600 -1
0.502858490543500 -1
0.502862633827800 -1
0.502863473194300 -1
0.502864720378200 -1
0.502867056550700 -1
0.502867276317300 -1
0.502872422243000 -1
0.502873477972100 -1
0.502877205756400 -1
0.502878189894100 -1
0.502881891356400 -1
0.502882859439100 -1
0.502964629751500 -1
0.502965997041200 -1
0.502968418463600 -1
0.502968555509600 -1
0.502982616178500 -1
0.502983768831300 -1
0.502986259662000 -1
0.502987479149400 -1
0.502990466748700 -1
0.502991162795600 -1
0.503000504958000 -1
0.503001394610800 -1
0.503002822278700 -1
0.503003454111100 -1
0.503004705282900 -1
0.503006223517100 -1
0.503009978969500 -1
0.503019235888100 -1
0.503020106748200 -1
0.503022046152700 -1
0.503022515845700 -1
0.503023550021200 -1
0.503024702515300 -1
0.503026601998900 -1
0.503029543032700 -1
0.503030818240500 -1
0.503033440333800 -1
0.503033690511400 -1
0.503036639912900 -1
0.503087156583900 -1
0.503087273759700 -1
0.503112485977400 -1
0.503113795912900 -1
0.503117014413200 -1
0.503120961909400 -1
0.503122233635200 -1
0.503125121975400 -1
0.503128762660000 -1
0.503130813095400 -1
0.503131056756400 -1
0.503174686264600 -1
0.503175634350900 -1
0.503178426429400 -1
0.503178436503200 -1
0.503185289198100 -1
0.503187812415800 -1
0.503188435500800 -1
0.503189699287400 -1
0.503194578070400 -1
0.503195345970600 -1
0.503230306301400 -1
0.503230931238800 -1
0.503234622237000 -1
0.503234681196800 -1
0.503237322024000 -1
0.503241293896700 -1
0.503269049977400 -1
0.503269682238400 -1
0.503273190710700 -1
0.503273957949800 -1
0.503315922683600 -1
0.503315923333300 -1
0.503317484643200 -1
0.503318760231500 -1
0.503333655088200 -1
0.503334947279200 318
0.503345879276600 -1
0.503346057032600 -1
0.503355874541500 -1
0.503356939009000 -1
0.508299173349900 -1
0.508299173350600 -1
0.508306418712800 -1
0.508306672599100 -1
0.508322880691000 -1
0.508322960028900 -1
0.508335419097900 -1
0.508336049559100 -1
0.508340418606400 -1
0.508340428981400 -1
0.508342585652300 -1
0.508343426728500 -1
0.508354147508600 -1
0.508354187369500 -1
0.508359089220800 -1
0.508359182004800 -1
0.508367367800600 -1
0.508367916462500 -1
0.508369166336000 -1
0.508370906884300 -1
0.508372280852700 -1
0.508372938131000 -1
0.508374478322800 -1
0.508377544017900 -1
0.508377925834200 -1
0.508379165486600 -1
0.508382758680300 -1
0.508385455053800 -1
0.508386820816800 -1
0.508388424677100 -1
0.508394317134500 -1
0.508396201973600 -1
0.508399119144800 -1
0.508399559105700 -1
0.508402590110600 -1
0.508402991071400 -1
0.508417929992800 -1
0.508419163922100 -1
0.508421107652600 -1
0.508422918507400 -1
0.508426525192600 -1
0.508426758547700 -1
0.508428959931900 -1
0.508430420146000 -1
0.508432144705600 -1
0.508433226723500 -1
0.508434383141400 -1
0.508436475319800 -1
0.508439284874700 -1
0.508441893949800 -1
0.508444590888900 -1
0.508445445332300 -1
0.508447909752100 -1
0.508451663888700 -1
0.508454219363000 -1
0.508457949563200 -1
0.508459363007400 -1
0.508461288242400 -1
0.508461873425000 -1
0.508465445912400 -1
0.508468220665200 -1
0.508469243438600 -1
0.508472653350500 -1
0.508473844151600 -1
0.508474155815000 -1
0.508480298159200 -1
0.508481442072300 -1
0.508481890201300 -1
0.508484955982100 -1
0.508486029777800 -1
0.508487279499900 -1
0.508488216915800 -1
0.508490221711400 -1
0.508490443269300 -1
0.508492905004900 -1
0.508495018660500 -1
0.508497174824900 -1
0.508499467712500 -1
0.508500442912700 -1
0.508501809952400 -1
0.508503845435100 -1
0.508504549726700 -1
0.508507941501800 -1
0.508509152308000 -1
0.508511820628000 -1
0.508512901932300 -1
0.508514310558800 -1
0.508516651608500 -1
0.508518021154000 -1
0.508519324800400 -1
0.508520726484700 -1
0.508522359028800 -1
0.508523018420700 -1
0.508524150805000 -1
0.508525714378600 -1
0.508526662778200 -1
0.508527978966700 -1
0.508529171053900 -1
0.508532278733100 -1
0.508533056549400 -1
0.508534863100200 -1
0.508535558527600 -1
0.508537287923400 -1
0.508538211974600 -1
0.508540399181500 -1
0.508541671060100 -1
0.508543851287100 -1
0.508544851855600 -1
0.508546356917700 -1
0.508546653625900 -1
0.508547899054600 -1
0.508549929559300 -1
0.508550599571000 -1
0.508551999796100 -1
0.508557289576400 -1
0.508557902305600 -1
0.508559235644100 -1
0.508560397172800 -1
0.508562301451100 -1
0.508562926216300 -1
0.508564178688300 -1
0.508567915998300 -1
0.508569146420300 -1
0.508571660692600 -1
0.508572915449800 -1
0.508574156169900 -1
0.508575395669800 -1
0.508576843278800 -1
0.508577897881000 -1
0.508579174649200 -1
0.508581042469900 -1
0.508582584910300 -1
0.508582975516000 -1
0.508584152121800 -1
0.508585433728700 -1
0.508586649501700 -1
0.508587945757900 -1
0.508589150089800 -1
0.508591961645500 -1
0.508592899574000 -1
0.508597463771700 -1
0.508598233041900 -1
0.508599153361000 -1
0.508600393167100 -1
0.508601643040100 -1
0.508602914048300 -1
0.508605397700500 -1
0.508606644979700 -1
0.508608302528400 -1
0.508609456148900 -1
0.508610392315300 -1
0.508611647227400 -1
0.508613224100900 -1
0.508614376148600 -1
0.508615401446400 -1
0.508617286004700 -1
0.508619299961500 -1
0.508620396675600 -1
0.508621676432900 -1
0.508623524468300 -1
0.508627267913000 -1
0.508628046644800 -1
0.508629258108200 -1
0.508631034625800 -1
0.508631641254100 -1
0.508632909437500 -1
0.508635409311000 -1
0.508637889407300 -1
0.508640486896700 -1
0.508641651567900 -1
0.508642907296000 -1
0.508644451254500 -1
0.508645421005900 -1
0.508646893179000 -1
0.508648669658100 -1
0.508651648404500 -1
0.508652946492300 -1
0.508654557702700 -1
0.508655387695500 -1
0.508657908229400 -1
0.508659137583500 -1
0.508661012567600 -1
0.508663238506100 -1
0.508665389093200 -1
0.508667261540200 -1
0.508676078679900 -1
0.508676635531700 -1
0.508680641406700 -1
0.508683136579400 -1
0.508685473943300 -1
0.508687715325800 -1
0.508690384304300 -1
0.508692035691000 -1
0.508693042114200 -1
0.508694133790500 -1
0.508696636572100 -1
0.508698626311900 -1
0.508699509563900 -1
0.508700742157700 -1
0.508705335440800 -1
0.508708664645100 -1
0.508709388592800 -1
0.508713846020000 -1
0.508714366304800 -1
0.508719350912600 -1
0.508721015992300 -1
0.508722514388400 -1
0.508723156751400 -1
0.508910273877400 -1
0.508910381632100 -1
0.508922625277300 -1
0.508922913342400 -1
0.508929108998600 -1
0.508929112667500 -1
0.508932859542800 -1
0.508933504621400 -1
0.508939086631400 -1
0.508939121905800 -1
0.508941607595600 -1
0.508942082597400 -1
0.508944719621400 -1
0.508945674738600 -1
0.508947523581900 -1
0.508948483359400 -1
0.508955982215800 -1
0.508958538511000 -1
0.508964106564200 -1
0.508965356591800 -1
0.508969079344100 -1
0.508969263578100 -1
0.508977185225800 -1
0.508978717145900 -1
0.508980303009000 -1
0.508981451552400 -1
0.508981634257500 -1
0.508983679903200 -1
0.508985120237400 -1
0.508985354587800 -1
0.508999562700900 -1
0.509000666246400 -1
0.509003309153700 -1
0.509004112817100 -1
0.509005938365900 -1
0.509006785244100 -1
0.509008993480800 -1
0.509011444976600 -1
0.509012828479800 -1
0.509012854092500 -1
0.509014101717100 -1
0.509015411795800 -1
0.509017738469500 -1
0.509018229915500 -1
0.509019905732100 -1
0.509021294657200 -1
0.509021776805000 -1
0.509023166813800 -1
0.509024100705000 -1
0.509027786900300 -1
0.509028555410000 -1
0.509029108291900 -1
0.509030701960200 -1
0.509033162373500 -1
0.509034946352500 -1
0.509036063699200 -1
0.509037224493800 -1
0.509042881031600 -1
0.509044725470400 -1
0.509047809880000 -1
0.509049293998600 -1
0.509050855836400 -1
0.509054430926700 -1
0.509055369885600 -1
0.509057898590000 -1
0.509060055369600 -1
0.509062241725000 -1
0.509062895265300 -1
0.509064653935100 -1
0.509065346577100 -1
0.509066602153700 -1
0.509069136676500 -1
0.509070347749100 -1
0.509071646116000 -1
0.509072923975600 -1
0.509078613052500 -1
0.509082095464500 -1
0.509083837277300 -1
0.509084181366400 -1
0.509151504915600 -1
0.509151590981000 -1
0.509155960697200 -1
0.509156758403400 -1
0.509158930542700 -1
0.509159087178100 -1
0.509160337052800 -1
0.509163732097600 -1
0.509164555475500 -1
0.509165336551800 -1
0.509169086013700 -1
0.509169203442400 -1
0.509178684337100 -1
0.509179788276600 -1
0.509181581185200 -1
0.509182686551400 -1
0.509185879069100 -1
0.509187365633900 -1
0.509188301511800 -1
0.509189402260800 -1
0.509193000170100 -1
0.509194084920200 -1
0.509196353548900 -1
0.509196642323800 -1
0.509197970118000 -1
0.509199144275400 -1
0.509205024535300 -1
0.509207217318400 -1
0.509207957673600 -1
0.509209278681600 -1
0.509210335469200 -1
0.509212614243100 -1
0.509214082315500 -1
0.509217623288900 -1
0.509217987526200 -1
0.509220331043200 -1
0.509222824380400 -1
0.509223208679300 -1
0.509254038600400 -1
0.509254077659000 -1
0.509265316156800 -1
0.509265326838100 -1
0.509270326025800 -1
0.509271576288400 -1
0.509278756899900 -1
0.509280455788700 -1
0.509282604557300 -1
0.509284094182400 -1
0.509286680971700 -1
0.509288606841200 -1
0.509289118190300 -1
0.509291595533900 -1
0.509323913426100 -1
0.509325012952500 -1
0.509329044825200 -1
0.509330378049500 -1
0.509342818766200 -1
0.509342821207600 -1
0.509349068140000 -1
0.509349068902900 -1
0.509366566386500 -1
0.509367894378400 -1
0.509374053454500 -1
0.509374124393600 158
0.509384985278300 -1
0.509385848456100 -1
0.510936407851900 -1
0.510936409377700 -1
0.510945080078600 -1
0.510945197255700 -1
0.510965154958600 -1
0.510966406372300 -1
0.510971405101800 -1
0.510971408293900 -1
0.510983698645000 -1
0.510983917930300 -1
0.510991706646900 -1
0.510992653436300 -1
0.510995091995600 -1
0.510995153185800 -1
0.510998277853000 -1
0.511000324825100 -1
0.511011358807900 -1
0.511012810231900 -1
0.511019824251100 -1
0.511022435995800 -1
0.511023275357600 -1
0.511024735222200 -1
0.511025892085300 -1
0.511027425348600 -1
0.511029697338400 -1
0.511034229355700 -1
0.511037223036700 -1
0.511037649232400 -1
0.511039538134400 -1
0.511041642720100 -1
0.511043874597000 -1
0.511045155760900 -1
0.511048240673700 -1
0.511052890176800 -1
0.511056077371200 -1
0.511057260631500 -1
0.511057858971700 -1
0.511058996916400 -1
0.511060146682300 -1
0.511065134370400 -1
0.511065146171800 -1
0.511067888446400 -1
0.511069579503600 -1
0.511073776416100 -1
0.511075163053000 -1
0.511077015370800 -1
0.511077664525400 -1
0.511080278060800 -1
0.511081767956900 -1
0.511084852782900 -1
0.511085226766800 -1
0.511086856851800 -1
0.511088515950800 -1
0.511089206423400 -1
0.511090465026300 -1
0.511092029541000 -1
0.511093609665500 -1
0.511095324105000 -1
0.511096432187100 -1
0.511097642915300 -1
0.511099176135300 -1
0.511101251807700 -1
0.511101431912800 -1
0.511103410334600 -1
0.511103892289000 -1
0.511107627635600 -1
0.511109529051800 -1
0.511110661062800 -1
0.511115722359500 -1
0.511116705946500 -1
0.511118344577700 -1
0.511119918115400 -1
0.511120161563200 -1
0.511124827713400 -1
0.511125279310800 -1
0.511126470598300 -1
0.511127963733900 -1
0.511128889784200 -1
0.511130484819100 -1
0.511132952039200 -1
0.511133938152200 -1
0.511136447620500 -1
0.511137664086500 -1
0.511139211478100 -1
0.511142316484600 -1
0.511145919348900 -1
0.511146388679000 -1
0.511147638001200 -1
0.511148888123400 -1
0.511150140823300 -1
0.511152569129300 -1
0.511152801114700 -1
0.511154528105700 -1
0.511155488704900 -1
0.511157990000100 -1
0.511159123756800 -1
0.511160137263000 -1
0.511162021892300 -1
0.511162656236700 -1
0.511164472195700 -1
0.511165214307300 -1
0.511167675046900 -1
0.511168924834700 -1
0.511170135651000 -1
0.511172345518300 -1
0.511173260797100 -1
0.511174519977100 -1
0.511175291996200 -1
0.511176736553300 -1
0.511179509752100 -1
0.511181550675700 -1
0.511182634407900 -1
0.511183889317400 -1
0.511185143913200 -1
0.511186640382900 -1
0.511187633899600 -1
0.511188971654400 -1
0.511190138586300 -1
0.511192935313000 -1
0.511193907769000 -1
0.511195373009000 -1
0.511197359839200 -1
0.511197970080800 -1
0.511199235370300 -1
0.511201350666200 -1
0.511201427776400 -1
0.511202794902300 -1
0.511204448008100 -1
0.511207473510500 -1
0.511288766185900 -1
0.511289579272300 -1
0.511295102516400 -1
0.511296373005600 -1
0.511298867712200 -1
0.511298872750000 -1
0.511300122632000 -1
0.511306273816200 -1
0.511306374840200 -1
0.511310110675700 -1
0.511310121719900 -1
0.511318517915600 -1
0.511320140312700 -1
0.511321374157200 -1
0.511323894138600 -1
0.511331342563300 -1
0.511332980801000 -1
0.511335262024700 -1
0.511337016016000 -1
0.511338907800900 -1
0.511340588040300 -1
0.511341368796700 -1
0.511343344365200 -1
0.511344830082500 -1
0.511345294453000 -1
0.511346681374700 -1
0.511348177675500 -1
0.511350482619700 -1
0.511352622151300 -1
0.511353872236200 -1
0.511382604554900 -1
0.511382618365700 -1
0.511396206135400 -1
0.511396793240800 -1
0.511400097919200 -1
0.511400623037000 -1
0.511402524331200 -1
0.511403569900000 -1
0.511408215844900 -1
0.511408993555900 -1
0.511438700031800 -1
0.511439252669800 -1
0.511441319212700 -1
0.511442943706300 -1
0.511454482156300 -1
0.511455107131900 -1
0.511459947917200 -1
0.511460304331700 -1
0.512213447695700 -1
0.512213790908500 -1
0.512216241680200 -1
0.512216437127100 -1
0.512218624331500 -1
0.512218780566000 -1
0.512238778059000 -1
0.512238820942900 -1
0.512240965841500 -1
0.512241319811200 -1
0.512258123792700 -1
0.512258779018200 -1
0.512260480575000 -1
0.512263912419100 -1
0.512265033264800 -1
0.512275332501500 -1
0.512277222111300 -1
0.512278756244100 -1
0.512278789475100 -1
0.512289381685800 -1
0.512290043261200 -1
0.512292602819500 -1
0.512294787624800 -1
0.512297256963300 -1
0.512299678392100 -1
0.512300130087100 -1
0.512301274481600 -1
0.512302757145700 -1
0.512306838760800 -1
0.512312297464000 -1
0.512316192889200 -1
0.512316280561100 -1
0.512317540200700 -1
0.512318794140600 -1
0.512320027823000 -1
0.512321446860300 -1
0.512322618164800 -1
0.512324495680900 -1
0.512325801096400 -1
0.512327072936700 -1
0.512327544884300 -1
0.512328769639400 -1
0.512330181921400 -1
0.512331347410700 -1
0.512332597304600 -1
0.512336347882500 -1
0.512337518819900 -1
0.512338780914900 -1
0.512341287848200 -1
0.512343143113500 -1
0.512343805955300 -1
0.512345908823700 -1
0.512346664225900 -1
0.512385940326000 -1
0.512386264087700 -1
0.512405630709600 -1
0.512406261952500 -1
0.512408650989100 -1
0.512408761528000 -1
0.512420566013300 -1
0.512422548105100 -1
0.512424629276200 -1
0.512425166134200 -1
0.512427693371900 -1
0.512452789583500 -1
0.512454077659200 -1
0.512455308775300 -1
0.512456264092200 -1
0.512473436512100 -1
0.512473789649000 -1
0.512907461543700 -1
0.512907520153400 -1
0.512913554525800 -1
0.512913769514900 -1
0.512932222634300 -1
0.512932771519300 -1
0.512934353563100 -1
0.512934958797800 -1
0.512936902725300 -1
0.512939933679300 -1
0.512941220377300 -1
0.512945050536900 -1
0.512946862059300 -1
0.512949016154900 -1
0.512950585474500 -1
0.512951283036100 -1
0.512955028976200 -1
0.512956723465800 -1
0.512957616745700 -1
0.512959111610500 -1
0.512959975822000 -1
0.512963388601500 -1
0.512970267950800 -1
0.512971229768000 -1
0.512973241881800 -1
0.512973704919800 -1
0.512974984260100 -1
0.512977557199200 -1
0.512978782531200 -1
0.512981260619000 -1
0.512982608889200 -1
0.512983789167500 -1
0.513016802896000 -1
0.513017450531500 -1
0.513024838237200 -1
0.513025233985000 -1
0.513026867616000 -1
0.513031248035400 -1
0.513048804319000 -1
0.513050053056300 -1
0.513348628202700 -1
0.513349450343800 -1
0.513351008409200 -1
0.513351171362200 -1
0.513357416197800 -1
0.513357741299900 -1
0.513359425533000 -1
0.513361421457600 -1
0.513363669312000 -1
0.513365076981000 -1
0.513366833994900 -1
0.513367415461300 -1
0.513369935382700 -1
0.513371176302700 -1
0.513372446789600 -1
0.513373742952900 -1
0.513374914710400 -1
0.513402353365600 -1
0.513402490076200 -1
0.513413484758200 -1
0.513413743831300 -1
0.513609876284400 -1
0.513611165480200 -1
0.513618640285900 -1
0.513619431264100 -1
0.513620205680900 -1
0.513621642952900 -1
0.513626105172300 -1
0.513627545995600 -1
0.513628639284000 -1
0.513630718172200 -1
0.513631145140100 -1
0.513636138686500 -1
0.513653558642500 -1
0.513653636781500 -1
0.513801659043100 -1
0.513803936909200 -1
0.513808152542400 -1
0.513809246223600 -1
0.513811118393600 -1
0.513812112559100 -1
0.513816035779800 -1
0.513816848883600 -1
0.513818308765900 -1
0.513819651334900 -1
0.513820213773900 -1
0.513828538685700 -1
0.513828931712700 -1
0.513831088164300 -1
0.513831197187000 -1
0.513950446397100 -1
0.513951114268200 -1
0.513963292561100 -1
0.513964080605500 -1
0.514051250259100 -1
0.514054279771500 -1
0.514128564695500 -1
0.514128628929500 -1
0.514131088776100 -1
0.514131792031600 -1
0.514186551820300 -1
0.514187489532300 -1
0.514237172052900 -1
0.514237367345800 -1
0.526829816393500 -1
0.526829816393500 -1
0.526904183941100 -1
0.526904808878500 -1
0.526933555921400 -1
0.526933555997800 -1
0.527011048232200 -1
0.527011048232300 -1
0.527038545476700 -1
0.527038545476800 -1
0.527069752981800 -1
0.527069792345500 -1
0.527091040216300 -1
0.527091041515500 -1
0.527098539463600 -1
0.527098544347100 -1
0.527157205451300 -1
0.527157597267300 -1
0.527166032701200 -1
0.527167438810300 -1
0.527201019429600 -1
0.527201029194800 -1
0.527207161368100 -1
0.527207298097300 -1
0.527226650405600 -1
0.527227357971000 -1
0.527230948071100 -1
0.527231182422600 -1
0.527239775286800 -1
0.527239794956400 -1
0.527249754758800 -1
0.527249775225100 -1
0.527259773307500 -1
0.527259853255500 -1
0.527263521634600 -1
0.527263581560300 -1
0.527267897487400 -1
0.527268522735900 -1
0.527273189922200 -1
0.527273524377000 -1
0.527278360312100 -1
0.527278795449500 -1
0.527290968911900 -1
0.527291020634000 -1
0.527308913826500 -1
0.527311138098400 -1
0.527313496323100 -1
0.527315401277900 -1
0.527321864001500 -1
0.527322267056900 -1
0.527329448064600 -1
0.527330045828100 -1
0.527331018609400 -1
0.527332494901700 -1
0.527333828711000 -1
0.527337211683800 -1
0.527337885599700 -1
0.527342261726000 -1
0.527342279688000 -1
0.527343537193700 -1
0.527352039369800 -1
0.527352264039000 -1
0.527354142673300 -1
0.527356752545800 -1
0.527357376313900 -1
0.527364420846100 -1
0.527364919131700 -1
0.527369883561300 -1
0.527371093951700 -1
0.527373069893000 -1
0.527374899419400 -1
0.527377074450700 -1
0.527377887707200 -1
0.527378726240500 -1
0.527382167915500 -1
0.527383672639700 -1
0.527391933887700 -1
0.527394505978400 -1
0.527396166194700 -1
0.527397445669000 -1
0.527398915778000 -1
0.527399759279500 -1
0.527401545539400 -1
0.527403587345900 -1
0.527404836895700 -1
0.527407385512600 -1
0.527408508479000 -1
0.527409785819300 -1
0.527411403011600 -1
0.527412629256600 -1
0.527415024949100 -1
0.527416183669300 -1
0.527417280734300 -1
0.527419806099700 -1
0.527421964104700 -1
0.527422770707200 -1
0.527423506910500 -1
0.527425479081900 -1
0.527426033725800 -1
0.527428059800300 -1
0.527429053377600 -1
0.527430468909500 -1
0.527431040784600 -1
0.527435079916900 -1
0.527438738579000 -1
0.527439912365300 -1
0.527441881295600 -1
0.527444754770500 -1
0.527446015859500 -1
0.527449136655900 -1
0.527451159885500 -1
0.527452616685300 -1
0.527455519413700 -1
0.527457292656500 -1
0.527458503392800 -1
0.527460966875300 -1
0.527462326794800 -1
0.527465520630700 -1
0.527466025260100 -1
0.527468516848300 -1
0.527474801389100 -1
0.527476016308900 -1
0.527477538541500 -1
0.527478502009800 -1
0.527480426402100 -1
0.527481001176400 -1
0.527482575842600 -1
0.527483702365000 -1
0.527488735820600 -1
0.527489992084400 -1
0.527491687477100 -1
0.527492427557800 -1
0.527493548710200 -1
0.527495824184100 -1
0.527495999635300 -1
0.527497608068200 -1
0.527498499385900 -1
0.527500091406100 -1
0.527501204335400 -1
0.527503128561700 -1
0.527503815203500 -1
0.527505129961400 -1
0.527508348122200 -1
0.527508660761700 -1
0.527510223608600 -1
0.527511623074400 -1
0.527512404289300 -1
0.527514239994900 -1
0.527516454291500 -1
0.527519220632100 -1
0.527520802058000 -1
0.527523265046400 -1
0.527523506650700 -1
0.527526001588000 -1
0.527528191946900 -1
0.527530391945700 -1
0.527531392308400 -1
0.527532636838000 -1
0.527533495954100 -1
0.527534758267600 -1
0.527536386251600 -1
0.527541368679200 -1
0.527543808567400 -1
0.527544954728700 -1
0.527546180277700 -1
0.527548230963700 -1
0.527548495905200 -1
0.527550099467200 -1
0.527551391423300 -1
0.527553738030700 -1
0.527554998660100 -1
0.527556953039100 -1
0.527558612391500 -1
0.527559904593600 -1
0.527560993123400 -1
0.527563658890100 -1
0.527566229033000 -1
0.527567320709800 -1
0.527568493596200 -1
0.527572242152900 -1
0.527573511418200 -1
0.527574832143800 -1
0.527576204610800 -1
0.527577319747100 -1
0.527578647603300 -1
0.527579990892900 -1
0.527581264852900 -1
0.527583571545900 -1
0.527585397530000 -1
0.527586615831300 -1
0.527587440152400 -1
0.527588823017300 -1
0.527589974647900 -1
0.527592337886600 -1
0.527594917945900 -1
0.527595989703800 -1
0.527598112113700 -1
0.527598803018900 -1
0.527600081393100 -1
0.527600990350300 -1
0.527603529153200 -1
0.527604758288100 -1
0.527606027672100 -1
0.527607239919800 -1
0.527608803321500 -1
0.527611615496300 -1
0.527612238065700 -1
0.527613496050600 -1
0.527614737736700 -1
0.527616651859900 -1
0.527617237638900 -1
0.527618487360800 -1
0.527620386710900 -1
0.527622246916500 -1
0.527623512015200 -1
0.527624736772600 -1
0.527626006143300 -1
0.527627910876400 -1
0.527628505888600 -1
0.527630092991200 -1
0.527631005637500 -1
0.527632266502400 -1
0.527633564127500 -1
0.527634736959300 -1
0.527636044347700 -1
0.527637597042100 -1
0.527638504886000 -1
0.527640050147100 -1
0.527640988920800 -1
0.527642859927900 -1
0.527643543618300 -1
0.527645363349100 -1
0.527646273281300 -1
0.527649423000500 -1
0.527654296690400 -1
0.527654733728500 -1
0.527656003227900 -1
0.527657238458100 -1
0.527658673940100 -1
0.527661066121400 -1
0.527663213122500 -1
0.527664732886300 -1
0.527669225160400 -1
0.527671001710900 -1
0.527673481849800 -1
0.527674898945600 -1
0.527676009081500 -1
0.527677236356300 -1
0.527678507026600 -1
0.527680244058200 -1
0.527680981634600 -1
0.527682265151700 -1
0.527683893404100 -1
0.527684771623300 -1
0.527686605534600 -1
0.527689901827600 -1
0.527690980134400 -1
0.527693149719800 -1
0.527694265899800 -1
0.527695120917100 -1
0.527695979595300 -1
0.527697991114500 -1
0.527698490101300 -1
0.527700101280400 -1
0.527701057898300 -1
0.527702920590900 -1
0.527703795627400 -1
0.527705978603400 -1
0.527707228468600 -1
0.527708634577800 -1
0.527711803877200 -1
0.527714573930500 -1
0.527715003648800 -1
0.527716016655200 -1
0.527717383860100 -1
0.527718892338200 -1
0.527720587601300 -1
0.527721290329000 -1
0.527722227032000 -1
0.527725664120900 -1
0.527726026022800 -1
0.527727232571700 -1
0.527729921659000 -1
0.527731612316300 -1
0.527732231652300 -1
0.527733593023000 -1
0.527734735634500 -1
0.527737694167400 -1
0.527738475336900 -1
0.527739725211500 -1
0.527741604954000 -1
0.527742234725600 -1
0.527743631070100 -1
0.527744880944900 -1
0.527746013722500 -1
0.527748474487300 -1
0.527749724209500 -1
0.527751013172100 -1
0.527752226400200 -1
0.527753543425900 -1
0.527755976024500 -1
0.527757535926700 -1
0.527758785801500 -1
0.527759879442800 -1
0.527760973091900 -1
0.527762433526300 -1
0.527763472831800 -1
0.527764722711300 -1
0.527766607283300 -1
0.527767271450900 -1
0.527768485299900 -1
0.527769803995500 -1
0.527771597017600 -1
0.527772221957400 -1
0.527773915282000 -1
0.527775034192300 -1
0.527776597737200 -1
0.527777221454000 -1
0.527779096270900 -1
0.527779764710600 -1
0.527780971164100 -1
0.527782220953000 -1
0.527783510496600 -1
0.527784877552200 -1
0.527786048694400 -1
0.527787220452000 -1
0.527788510300800 -1
0.527789876488300 -1
0.527791011590300 -1
0.527792219955800 -1
0.527793469826200 -1
0.527794719700800 -1
0.527795980560500 -1
0.527797531918700 -1
0.527798469324800 -1
0.527799773000400 -1
0.527800973957900 -1
0.527803507883500 -1
0.527805343636100 -1
0.527807218449200 -1
0.527808478398500 -1
0.527810030666300 -1
0.527811125527200 -1
0.527812842884400 -1
0.527813468451100 -1
0.527814717696500 -1
0.527816924506600 -1
0.527817217446000 -1
0.527818467632200 -1
0.527822219867700 -1
0.527825348993500 -1
0.527826279037900 -1
0.527827372679500 -1
0.527828466929100 -1
0.527829721686700 -1
0.527830966678500 -1
0.527832528716800 -1
0.527833817421300 -1
0.527835975408200 -1
0.527837217887900 -1
0.527838475083800 -1
0.527839725566400 -1
0.527840965142700 -1
0.527842214941000 -1
0.527843464816900 -1
0.527845032194100 -1
0.527845965790700 -1
0.527847214459100 -1
0.527848464314800 -1
0.527849715410100 -1
0.527851667120600 -1
0.527853153180800 -1
0.527853473578400 -1
0.527854713688500 -1
0.527855964783800 -1
0.527857213590600 -1
0.527858541429900 -1
0.527859713187500 -1
0.527860963071800 -1
0.527862212938200 -1
0.527863487533500 -1
0.527864842382800 -1
0.527867264330500 -1
0.527870415359500 -1
0.527870962196900 -1
0.527872761581300 -1
0.527873540117600 -1
0.527875375680500 -1
0.527876673309500 -1
0.527877211434000 -1
0.527879184379000 -1
0.527881590878600 -1
0.527882250010700 -1
0.527883933176900 -1
0.527884855935200 -1
0.527887731325800 -1
0.527889105038200 -1
0.527889719946100 -1
0.527891930303900 -1
0.527892288376600 -1
0.527898068031500 -1
0.527899153577500 -1
0.527900617337500 -1
0.527901023756500 -1
0.527972201915000 -1
0.527973451789800 -1
0.527997199405100 -1
0.527997277545100 -1
0.527999386688400 -1
0.528000480490100 -1
0.528006494127400 -1
0.528007905200600 -1
0.528012175900700 -1
0.528012197993300 -1
0.528015907860800 -1
0.528017219386600 -1
0.528018954737200 -1
0.528020341622200 -1
0.528025554684500 -1
0.528025946534000 -1
0.528028006618100 -1
0.528028456043400 -1
0.528040230909300 -1
0.528041892337900 -1
0.528043846879500 -1
0.528045047405700 -1
0.528048975380300 -1
0.528049694168600 -1
0.528051704077300 -1
0.528053523400600 -1
0.528054941606400 -1
0.528056171190800 -1
0.528057522415800 -1
0.528059708446900 -1
0.528061041545000 -1
0.528063014882600 -1
0.528064220313000 -1
0.528065359774500 -1
0.528065943136300 -1
0.528067220651900 -1
0.528069056196800 -1
0.528070735778500 -1
0.528071854251100 -1
0.528074223347100 -1
0.528076794841700 -1
0.528078745261400 -1
0.528081532184300 -1
0.528082190904900 -1
0.528085325407800 -1
0.528085940522000 -1
0.528090289353100 -1
0.528091261220300 -1
0.528098424981800 -1
0.528098698340700 -1
0.528100405633100 -1
0.528107147111200 -1
0.528107188464300 -1
0.528109103021600 -1
0.528110771479300 -1
0.528111185869500 -1
0.528112227557200 -1
0.528115004500100 -1
0.528117310208500 -1
0.528118991428300 -1
0.528119862899100 -1
0.528120958294200 -1
0.528122705403800 -1
0.528123778523600 -1
0.528124687036000 -1
0.528125936509300 -1
0.528129186690700 -1
0.528129686250400 -1
0.528130937849300 -1
0.528134717851800 -1
0.528135935509600 -1
0.528140468815300 -1
0.528140984449300 -1
0.528142356375200 -1
0.528145309835500 -1
0.528146096079900 -1
0.528148747984600 -1
0.528149686683500 -1
0.528150994123500 -1
0.528152389045000 -1
0.528154761827600 -1
0.528156285699800 -1
0.528158628937200 -1
0.528160003229700 -1
0.528161263943900 -1
0.528162910660600 -1
0.528168795848400 -1
0.528207177452000 -1
0.528207222919400 -1
0.528211990810500 -1
0.528212197399000 -1
0.528214326084400 -1
0.528215986079400 -1
0.528220594797600 -1
0.528221405794400 -1
0.528227722857600 -1
0.528228426238800 -1
0.528230144815800 -1
0.528231864615200 -1
0.528233344311500 -1
0.528234734837700 -1
0.528236833900800 -1
0.528238838287100 -1
0.528241376157000 -1
0.528242743226600 -1
0.528243425348400 -1
0.528244816837000 -1
0.528247752803900 -1
0.528250085994500 -1
0.528250923984300 -1
0.528252891836200 -1
0.528254914109700 -1
0.528257288562700 -1
0.528259673107500 -1
0.528261353862400 -1
0.528263579576500 -1
0.528264675051300 -1
0.528266238063600 -1
0.528283264493400 -1
0.528283420728900 -1
0.528293659815300 -1
0.528294986956300 -1
0.528296876407000 -1
0.528297483916600 -1
0.528307143560100 -1
0.528307246574900 -1
0.528309301365600 -1
0.528309668707800 -1
0.528311068239700 -1
0.528312177611800 -1
0.528313675692400 -1
0.528314667673100 -1
0.528330915927700 -1
0.528330915987300 -1
0.528333259464300 -1
0.528337872058300 -1
0.528339632096300 -1
0.528340295695600 -1
0.528343090019200 -1
0.528343612545800 -1
0.528351538133800 -1
0.528352169031200 -1
0.528378401367800 -1
0.528378411247200 -1
0.528381382102200 -1
0.529559542847500 -1
0.529559542847500 -1
0.529610776936800 -1
0.529611182122600 -1
0.529621799601000 -1
0.529622042083000 -1
0.529625545715800 -1
0.529625786247400 -1
0.529628256435900 -1
0.529628452110300 -1
0.529636709084400 -1
0.529637123130700 -1
0.529646836494600 -1
0.529647211734100 -1
0.529651562606400 -1
0.529657269186100 -1
0.529659477894500 -1
0.529660960556000 -1
0.529665593039500 -1
0.529666427368800 -1
0.529667748284900 -1
0.529669432357700 -1
0.529669920461600 -1
0.529674595516800 -1
0.529675843633100 -1
0.529677897791800 -1
0.529678594027900 -1
0.529679540674100 -1
0.529681073642800 -1
0.529682343062000 -1
0.529683597572500 -1
0.529684579380700 -1
0.529686409435300 -1
0.529693023854700 -1
0.529695310800500 -1
0.529695779195300 -1
0.529697347042000 -1
0.529698285437500 -1
0.529700225165700 -1
0.529701127173900 -1
0.529702184832500 -1
0.529704607236700 -1
0.529705859481700 -1
0.529707223361700 -1
0.529708668530400 -1
0.529709527828200 -1
0.529710777711300 -1
0.529713365323600 -1
0.529714532659900 -1
0.529717037173900 -1
0.529718276940800 -1
0.529719575791300 -1
0.529720786539800 -1
0.529723276480400 -1
0.529726128026500 -1
0.529727104205100 -1
0.529728365060200 -1
0.529729533218000 -1
0.529731263921800 -1
0.529732025645200 -1
0.529734215333300 -1
0.529734525315000 -1
0.529735775187500 -1
0.529737041234700 -1
0.529738274958200 -1
0.529739524871100 -1
0.529740854029200 -1
0.529743274435800 -1
0.529744592663300 -1
0.529745774261600 -1
0.529747341449200 -1
0.529748870761800 -1
0.529750188416600 -1
0.529752986078500 -1
0.529753453994800 -1
0.529777020968200 -1
0.529777045465600 -1
0.529793268165800 -1
0.529793269425800 -1
0.529798890886700 -1
0.529800769284600 -1
0.529803247435000 -1
0.529804525699200 -1
0.529808291696700 -1
0.529809980436000 -1
0.529814763123600 -1
0.529816130298000 -1
0.529817634756900 -1
0.529821134099700 -1
0.529822646991100 -1
0.529824516796000 -1
0.529826435446900 -1
0.529827016512500 -1
0.529829520775200 -1
0.529850585455500 -1
0.529851457605400 -1
0.529857793005600 -1
0.529859514406200 109
0.530268221830700 -1
0.530268221851000 -1
0.530270562904700 -1
0.530271034049300 -1
0.530289468938600 -1
0.530289626584300 -1
0.530291949769100 -1
0.530291969490400 -1
0.530295706868200 -1
0.530295797192500 -1
0.530296968950000 -1
0.530298311971100 -1
0.530315668209600 -1
0.530315758000500 -1
0.530324463288400 -1
0.530325874146400 -1
0.530327745847100 -1
0.530329867283800 -1
0.530331163984500 -1
0.530332360077300 -1
0.530338203903300 -1
0.530339055580900 -1
0.530340838096100 -1
0.530342045011400 -1
0.530343526616800 -1
0.530344699767800 -1
0.530346498876900 -1
0.530346964245100 -1
0.530349043797200 -1
0.530350501908900 -1
0.530354120129000 -1
0.530356040222600 -1
0.530360003924100 -1
0.530362803122500 -1
0.530364499073400 -1
0.530365918842200 -1
0.530367040053200 -1
0.530369658390800 -1
0.530370731187300 -1
0.530371981310400 -1
0.530373851075600 -1
0.530376524839500 -1
0.530377976464000 -1
0.530378210808800 -1
0.530379779565300 -1
0.530381374886600 -1
0.530381960433100 -1
0.530383212748900 -1
0.530385111439300 -1
0.530386338831200 -1
0.530387976742600 -1
0.530388385579900 -1
0.530389954016900 -1
0.530390709556800 -1
0.530392023822600 -1
0.530401328608700 -1
0.530401958581600 -1
0.530410707399700 -1
0.530410707557000 -1
0.530417576981000 -1
0.530418831891700 -1
0.530422256640200 -1
0.530423518780400 -1
0.530428120983400 -1
0.530428306051800 -1
0.530434455096200 -1
0.530435705050200 -1
0.530649433629500 -1
0.530649590277700 -1
0.530661656791800 -1
0.530663505706300 -1
0.530667437302500 -1
0.530668457144800 -1
0.530671178276300 -1
0.530673377773100 -1
0.530675320770100 -1
0.530677069288400 -1
0.530681302295900 -1
0.530682878769200 -1
0.530684661358700 -1
0.530685680427900 -1
0.530689510432300 -1
0.530691219148900 -1
0.530694126626700 -1
0.530695760174600 -1
0.530697664213500 -1
0.530698648099500 -1
0.530699977011900 -1
0.530702886239500 -1
0.530703200460000 -1
0.530721594899400 -1
0.530722526639300 -1
0.530858083222300 -1
0.530858163189500 -1
0.530859996838700 -1
0.530861209632000 -1
0.530862575090900 -1
0.530863631375000 -1
0.530871415532000 -1
0.530872000443500 -1
0.530877831918300 -1
0.530880105994900 -1
0.530982681327400 -1
0.530983626131300 -1
0.530986466244300 -1
0.530987826804600 -1
0.530993149183400 -1
0.530993462569900 -1
0.530996896041400 -1
0.530997754504700 -1
0.531108096153200 -1
0.531108215932800 -1
0.531181844571000 -1
0.531181959320400 -1
0.535815165971000 -1
0.535815165971300 -1
0.535838913286400 -1
0.535838913591500 -1
0.535887658706700 -1
0.535887658706800 -1
0.535895157955300 -1
0.535895157955300 -1
0.535900147651500 -1
0.535900157454300 -1
0.535911406327000 -1
0.535911406327000 -1
0.535976087345300 -1
0.535976399816400 -1
0.535982649187700 -1
0.535982737072000 -1
0.535993898017500 -1
0.535993907844200 -1
0.535997647684800 -1
0.535998585090800 -1
0.536010107373700 -1
0.536010459053500 -1
0.536019510728200 -1
0.536022020356800 -1
0.536023895054500 -1
0.536023973248000 -1
0.536035139044800 -1
0.536035144385000 -1
0.536037487442400 -1
0.536038581087600 -1
0.536040719540400 -1
0.536041394521600 -1
0.536051733441600 -1
0.536052721063900 -1
0.536060033247700 -1
0.536060884232200 -1
0.536065140286400 -1
0.536065825986700 -1
0.536067639326200 -1
0.536067643111900 -1
0.536079346936900 -1
0.536080160799900 -1
0.536089848489000 -1
0.536091862806100 -1
0.536098730065500 -1
0.536099013059900 -1
0.536102377966400 -1
0.536102916677200 -1
0.536105057246100 -1
0.536105299904800 -1
0.536108324819600 -1
0.536108886539900 -1
0.536110235130200 -1
0.536111386897300 -1
0.536120052959700 -1
0.536120274261100 -1
0.536122239547700 -1
0.536123129739000 -1
0.536125671406800 -1
0.536126404318100 -1
0.536128269954600 -1
0.536129363022700 -1
0.536132131901600 -1
0.536135019058700 -1
0.536140924462700 -1
0.536142086679900 -1
0.536143733417700 -1
0.536144371159000 -1
0.536146723780500 -1
0.536147632654800 -1
0.536149765064300 -1
0.536150387238900 -1
0.536151936569200 -1
0.536152632535200 -1
0.536155056247100 -1
0.536155560413800 -1
0.536158174898000 -1
0.536160093757500 -1
0.536160839213200 -1
0.536161972906500 -1
0.536162949529800 -1
0.536163883468900 -1
0.536166588583600 -1
0.536167748517900 -1
0.536169447278300 -1
0.536171830671700 -1
0.536172801082900 -1
0.536173901995300 -1
0.536178604707600 -1
0.536182670685700 -1
0.536183884001700 -1
0.536185374232800 -1
0.536186659604500 -1
0.536188122626700 -1
0.536190837880600 -1
0.536191381971100 -1
0.536194366558300 -1
0.536195132777900 -1
0.536197635657900 -1
0.536198877519500 -1
0.536200833653500 -1
0.536202025838900 -1
0.536203880724800 -1
0.536206075142700 -1
0.536207885482200 -1
0.536208878082400 -1
0.536210126392300 -1
0.536214135721400 -1
0.536215142378700 -1
0.536216391800900 -1
0.536217625640800 -1
0.536218895850600 -1
0.536220126115000 -1
0.536221856956100 -1
0.536224037449600 -1
0.536225281123600 -1
0.536226416263800 -1
0.536227971863600 -1
0.536228894349800 -1
0.536232945365200 -1
0.536233880421400 -1
0.536235437129400 -1
0.536237652937900 -1
0.536238888279200 -1
0.536241292173000 -1
0.536241373261000 -1
0.536244816080800 -1
0.536245591965000 -1
0.536246450880900 -1
0.536247666731100 -1
0.536249068117100 -1
0.536251011133500 -1
0.536251392341400 -1
0.536253404605000 -1
0.536254497022400 -1
0.536255281197900 -1
0.536259743612700 -1
0.536260828424000 -1
0.536261996194700 -1
0.536262642072300 -1
0.536265749480400 -1
0.536266410272400 -1
0.536268890369600 -1
0.536272307661500 -1
0.536273245191800 -1
0.536274494942500 -1
0.536275276113600 -1
0.536276526391400 -1
0.536277951626700 -1
0.536278869541700 -1
0.536280119378300 -1
0.536281682029300 -1
0.536282619127800 -1
0.536284349148600 -1
0.536285278776300 -1
0.536286368752000 -1
0.536291373439200 -1
0.536293331414700 -1
0.536293875324000 -1
0.536295117913400 -1
0.536296543818800 -1
0.536297698831700 -1
0.536299062868700 -1
0.536300781527600 -1
0.536301641040500 -1
0.536302622012600 -1
0.536303955877400 -1
0.536305122065500 -1
0.536306367979300 -1
0.536307704507600 -1
0.536311642179900 -1
0.536313241059300 -1
0.536316416133200 -1
0.536317772467800 -1
0.536318865495600 -1
0.536320154586200 -1
0.536321365245000 -1
0.536323445572700 -1
0.536324177463200 -1
0.536325193758800 -1
0.536326364896600 -1
0.536328395869100 -1
0.536328866172000 -1
0.536331102640600 -1
0.536331677323200 -1
0.536332614117800 -1
0.536335270101800 -1
0.536336373831000 -1
0.536337613616800 -1
0.536338865938000 -1
0.536342623510600 -1
0.536344157018500 -1
0.536346362818700 -1
0.536348862146200 -1
0.536350354314600 -1
0.536367610610800 -1
0.536368235548100 -1
0.536378693484500 -1
0.536378859483500 -1
0.536381353128800 -1
0.536381985119200 -1
0.536386197575800 -1
0.536386436852000 -1
0.536388701941400 -1
0.536388920122200 -1
0.536392523081900 -1
0.536392647775200 -1
0.536395399249500 -1
0.536398244295200 -1
0.536411918854300 -1
0.536412606101800 -1
0.536415812073400 -1
0.536420654524000 -1
0.536422082206300 -1
0.536423088450000 -1
0.536427773742600 -1
0.536428854473500 -1
0.536430729289200 -1
0.536432709182200 -1
0.536434489289000 -1
0.536435103885400 -1
0.536437604822100 -1
0.536439018064000 -1
0.536440515009000 -1
0.536441354446400 -1
0.536444556694900 -1
0.536458851312500 -1
0.536459477676100 -1
0.536473447450600 -1
0.536474740811500 -1
0.536477270034100 -1
0.536484170075700 -1
0.536496891997800 -1
0.536497840480400 -1
0.536502094322700 -1
0.536503013169600 -1
0.536512260641200 -1
0.536513373014100 -1
0.537005046728500 -1
0.537005056497900 -1
0.537018790473000 -1
0.537019107824300 -1
0.537040745670500 -1
0.537041307748600 -1
0.537050901434100 -1
0.537051296986100 -1
0.537053632562300 -1
0.537054202280000 -1
0.537057502355700 -1
0.537058950438800 -1
0.537062524319000 -1
0.537062544028000 -1
0.537066283032600 -1
0.537066369944900 -1
0.537072484152400 -1
0.537072539969800 -1
0.537076559556100 -1
0.537079424064600 -1
0.537081348994700 -1
0.537082538967800 -1
0.537084663116200 -1
0.537085784207200 -1
0.537086288606300 -1
0.537089120997800 -1
0.537090428954700 -1
0.537091991451000 -1
0.537092884057800 -1
0.537093856194900 -1
0.537095350260400 -1
0.537096976762700 -1
0.537097537846200 -1
0.537098790248200 -1
0.537100039145900 -1
0.537101287699400 -1
0.537102560197900 -1
0.537103943072800 -1
0.537105330416700 -1
0.537106404374300 -1
0.537110056047900 -1
0.537111911451100 -1
0.537123393499400 -1
0.537123983643800 -1
0.537135763303800 -1
0.537137479756800 -1
0.537141783578300 -1
0.537142742588600 -1
0.537147532453600 -1
0.537149431831100 -1
0.537327514417500 -1
0.537327515946900 -1
0.537337513352400 -1
0.537337513416800 -1
0.537350626898100 -1
0.537351579629000 -1
0.537355546267300 -1
0.537356620398400 -1
0.537358689208800 -1
0.537358771677800 -1
0.537362178606200 -1
0.537362510911800 -1
0.537365928182900 -1
0.537367752316600 -1
0.537370969151300 -1
0.537373860757700 -1
0.537375322151900 -1
0.537380187691100 -1
0.537381572360000 -1
0.537382821395500 -1
0.537385336289100 -1
0.537386284338400 -1
0.537387744741900 -1
0.537389090302300 -1
0.537398386146600 -1
0.537399112736900 -1
0.537400877371100 -1
0.537403140190000 -1
0.537501247008700 -1
0.537501286078600 -1
0.537507452360600 -1
0.537508766444800 -1
0.537518242280500 -1
0.537518761281900 -1
0.537522583309900 -1
0.537523772015700 -1
0.537528099157400 -1
0.537529086197500 -1
0.537589362258700 -1
0.537589988121600 -1
0.537594361452100 -1
0.537595231922900 -1
0.537679334631300 -1
0.537679979122100 -1
0.537698724778300 -1
0.537698727219500 -1
0.537704898456900 -1
0.537706569736500 -1
0.540107234642200 -1
0.540107235900900 -1
0.540133170763800 -1
0.540133800583500 -1
0.540144570950400 -1
0.540145204471300 -1
0.540146602035000 -1
0.540147857432200 -1
0.540162854058700 -1
0.540165067759000 -1
0.540169723377900 -1
0.540169768697900 -1
0.540175932589500 -1
0.540177548650600 -1
0.540178649242200 -1
0.540181225686300 -1
0.540183296503500 -1
0.540185397150500 -1
0.540188345886500 -1
0.540190358217600 -1
0.540191094646800 -1
0.540195657744200 -1
0.540197852984000 -1
0.540206557570500 -1
0.540209816026700 -1
0.540212487115700 -1
0.540213553458300 -1
0.540216934283400 -1
0.540218035348800 -1
0.540220203548100 -1
0.540222852912300 -1
0.540224316489500 -1
0.540224931343600 -1
0.540226017625600 -1
0.540227868325900 -1
0.540228924348800 -1
0.540229723597900 -1
0.540232992113600 -1
0.540234762145800 -1
0.540239723512200 -1
0.540242918355800 -1
0.540243628444800 -1
0.540244883255200 -1
0.540245971960000 -1
0.540247740177300 -1
0.540248877143200 -1
0.540250115691400 -1
0.540252150483500 -1
0.540252223856000 -1
0.540254124334000 -1
0.540255346025400 -1
0.540257061621000 -1
0.540257543257100 -1
0.540258470707500 -1
0.540260407764200 -1
0.540261722641500 -1
0.540262713492800 -1
0.540264414948400 -1
0.540267224735800 -1
0.540268470639000 -1
0.540269741760500 -1
0.540272365799500 -1
0.540273489231400 -1
0.540277612923800 -1
0.540279739099400 -1
0.540281943756100 -1
0.540284750477500 -1
0.540286047482900 -1
0.540287530939400 -1
0.540288472588700 -1
0.540290557489800 -1
0.540290967760900 -1
0.540292266467700 -1
0.540293675320900 -1
0.540294726878600 -1
0.540297138804100 -1
0.540297998058500 -1
0.540298549854400 -1
0.540299746243400 -1
0.540301513281400 -1
0.540302223952400 -1
0.540305234287400 -1
0.540305967475100 -1
0.540308358801800 -1
0.540309721837300 -1
0.540311590489300 -1
0.540312376438500 -1
0.540313465811600 -1
0.540314773964400 -1
0.540316004005200 -1
0.540318505585100 -1
0.540320340281200 -1
0.540320974209600 -1
0.540322685465100 -1
0.540323464349500 -1
0.540325963982100 -1
0.540328463846100 -1
0.540329760148200 -1
0.540331598297600 -1
0.540332232847000 -1
0.540345959417800 -1
0.540346274456500 -1
0.540348458742300 -1
0.540349614528200 -1
0.540351469044800 -1
0.540352272043300 -1
0.540353904046900 -1
0.540355650021600 -1
0.540362982014300 -1
0.540363902041500 -1
0.540365946756900 -1
0.540365959936300 -1
0.540370328818600 -1
0.540372016892600 -1
0.540372280664500 -1
0.540373461785000 -1
0.540374709070000 -1
0.540377081550200 -1
0.540377259559500 -1
0.540379084854600 -1
0.540380179848200 -1
0.540381588262400 -1
0.540384725131300 -1
0.540387205365000 -1
0.540387207806800 -1
0.540398456364200 -1
0.540398555624000 -1
0.540401560230100 -1
0.540402287192900 -1
0.540410949933800 -1
0.540411072946800 -1
0.540698426533700 -1
0.540700926526400 -1
0.540710825883700 -1
0.540711246895200 -1
0.540714629796800 -1
0.540716636469700 -1
0.540718088568400 -1
0.540718473438800 -1
0.540720390971400 -1
0.540721147522000 -1
0.540722174288600 -1
0.540724368188600 -1
0.540725281337000 -1
0.540726003354300 -1
0.540727721809100 -1
0.540728540876400 -1
0.540730318067800 -1
0.540732329586500 -1
0.540734089713000 -1
0.540734677945900 -1
0.540736474724300 -1
0.540751665385800 -1
0.540752904616100 -1
0.540857003256600 -1
0.540859035677500 -1
0.540861837782300 -1
0.540863117152300 -1
0.540872919142700 -1
0.540874376745000 -1
0.540876200714000 -1
0.540877652574400 -1
0.540881359079300 -1
0.540882426800100 -1
0.540883565270400 -1
0.540884921145000 -1
0.540940891335400 -1
0.540940922155400 -1
0.540944485942700 -1
0.540944692608200 -1
0.540990897310400 -1
0.540990916840300 -1
0.540998083785500 -1
0.540998474754300 -1
0.541025470812300 -1
0.541026853337900 -1
0.542414504650100 -1
0.542414504651300 -1
0.542458250267500 -1
0.542458250267500 -1
0.542486918647100 -1
0.542489497141100 -1
0.542494807577800 -1
0.542495908238200 -1
0.542496996384800 -1
0.542499229742300 -1
0.542499555833300 -1
0.542500748450200 -1
0.542503216235500 -1
0.542503267729000 -1
0.542509718062300 -1
0.542510949664600 -1
0.542513925914800 -1
0.542518796189400 -1
0.542522947971900 -1
0.542524201530300 -1
0.542525432021700 -1
0.542525924975500 -1
0.542527403215800 -1
0.542528243253500 -1
0.542530199846100 -1
0.542531878709000 -1
0.542532637844300 -1
0.542535378678600 -1
0.542538443862300 -1
0.542540053464900 -1
0.542541703976200 -1
0.542544675221000 -1
0.542545819617400 -1
0.542549820700500 -1
0.542551212148100 -1
0.542552410461400 -1
0.542553303227200 -1
0.542555139557800 -1
0.542557997259500 -1
0.542558568781300 -1
0.542559493844900 -1
0.542560739997000 -1
0.542562314584600 -1
0.542565010762800 -1
0.542565774778400 -1
0.542567302681200 -1
0.542570031898000 -1
0.542570746397200 -1
0.542572068055700 -1
0.542573589056400 -1
0.542575426173500 -1
0.542575760774500 -1
0.542577066495500 -1
0.542578317944300 -1
0.542579566235400 -1
0.542580896973700 -1
0.542581989279600 -1
0.542583825471300 -1
0.542584543003500 -1
0.542585893726300 -1
0.542586989965300 -1
0.542588867219700 -1
0.542592165125400 -1
0.542593737906600 -1
0.542603215578700 -1
0.542603313855700 -1
0.542610885640600 -1
0.542615463984900 -1
0.542617767349500 -1
0.542619887432900 -1
0.542821709243700 -1
0.542823293032500 -1
0.542826867416500 -1
0.542829724758500 -1
0.542830713287500 -1
0.542832314509700 -1
0.542835185160600 -1
0.542836962159400 -1
0.542838215322800 -1
0.542841785744400 -1
0.542842328259400 -1
0.542906945370900 -1
0.542906975581800 -1
0.542911909625200 -1
0.542911967620400 -1
0.542914137160300 -1
0.542915704427800 -1
0.542920679479300 -1
0.542920743942800 -1
0.542968081279900 -1
0.542968521441000 -1
0.542994421293000 -1
0.542994557646400 -1
0.543878107983500 -1
0.543878107983500 -1
0.543909354852300 -1
0.543909354852300 -1
0.543917478942200 -1
0.543919373420100 -1
0.543926853060600 -1
0.543926876292500 -1
0.543942295881200 -1
0.543943102138000 -1
0.543959178873900 -1
0.543960014664600 -1
0.543963099406800 -1
0.543963138659500 -1
0.543966603655700 -1
0.543970130052400 -1
0.543972927382900 -1
0.543973215640300 -1
0.543974436595700 -1
0.543978036815800 -1
0.543978104769000 -1
0.543981464189400 -1
0.543982004581600 -1
0.543983862448900 -1
0.543985129196800 -1
0.543985597213200 -1
0.543987066186900 -1
0.543988800107900 -1
0.543990017074100 -1
0.543990601593300 -1
0.543993035981600 -1
0.543993097953200 -1
0.543994346373400 -1
0.543996720674200 -1
0.543999518299700 -1
0.544000595811500 -1
0.544001885576900 -1
0.544004011205300 -1
0.544005599526600 -1
0.544008583190100 -1
0.544010638884000 -1
0.544011845993400 -1
0.544013172650000 -1
0.544014983915900 -1
0.544015879500100 -1
0.544037758732900 -1
0.544038454465500 -1
0.544164229213600 -1
0.544164329308600 -1
0.544167766146300 -1
0.544168568499000 -1
0.544171950250300 -1
0.544173401550900 -1
0.544179265725700 -1
0.544179410033800 -1
0.544225416929600 -1
0.544225573316600 -1
0.544228072871500 -1
0.544229975189000 -1
0.544230937600900 -1
0.544232603954500 -1
0.544260296236600 -1
0.544260634430700 -1
0.544905505028000 -1
0.544905505028000 -1
0.544918002554800 -1
0.544918045313400 -1
0.544929252529100 -1
0.544929565217200 -1
0.544941751238300 -1
0.544941752931200 -1
0.544952974853800 -1
0.544953000429000 -1
0.544958849100300 -1
0.544960188655300 -1
0.544962981808700 -1
0.544963477300600 -1
0.544964353806700 -1
0.544965499016000 -1
0.544969800813400 -1
0.544970528037800 -1
0.544972686494700 -1
0.544973008354900 -1
0.544974326337500 -1
0.544985305982200 -1
0.544986045902500 -1
0.545079231410500 -1
0.545079473043700 -1
0.545083512313400 -1
0.545085045905400 -1
0.545125326363400 -1
0.545125536775900 -1
0.545619808447600 -1
0.545620433385300 -1
0.545625383753200 -1
0.545625433202000 -1
0.545628864141500 -1
0.545629361054300 -1
0.545636522952400 -1
0.545640520522900 -1
0.545646995161100 -1
0.545651526913900 -1
0.545651690379900 -1
0.545654961560100 -1
0.545655595953400 -1
0.545656962967100 -1
0.545732585104500 -1
0.545732930685500 -1
0.545734250257000 -1
0.545736397468500 -1
0.546130381672700 -1
0.546130382287800 -1
0.546137021932600 -1
0.546137881531500 -1
0.546142248693400 -1
0.546143006420400 -1
0.546149989434600 -1
0.546153743144400 -1
0.546155007696400 -1
0.546156088022600 -1
0.546156707818500 -1
0.546157879915300 -1
0.546237870289400 -1
0.546237877042300 -1
0.546240057521400 -1
0.546241017139600 -1
0.546516564286800 -1
0.546516593580900 -1
0.546520340705700 -1
0.546520528733300 -1
0.546522369368800 -1
0.546524246317300 -1
0.546530868250300 -1
0.546532402557900 -1
0.546535956749500 -1
0.546538547394600 -1
0.546539156655700 -1
0.546540726201900 -1
0.546541635638900 -1
0.546545601885200 -1
0.546546636427700 -1
0.546586543375400 -1
0.546586844243900 -1
0.546817808513000 -1
0.546817813400300 -1
0.546827802313500 -1
0.546828439824600 -1
0.546834480369100 -1
0.546836197909800 -1
0.546836811356800 -1
0.546837854455500 -1
0.546839071126400 -1
0.546841468251600 -1
0.546842828410400 -1
0.546873369346300 -1
0.546874868694400 -1
0.547061538962200 -1
0.547061578192500 -1
0.547066537536200 -1
0.547067828324500 -1
0.547073266439300 -1
0.547074665404200 -1
0.547075291448500 -1
0.547103951310300 -1
0.547104068614400 -1
0.547255269167000 -1
0.547255269558000 -1
0.547262753613600 -1
0.547263435821300 -1
0.547288935465200 -1
0.547289035916100 -1
0.547414543720000 -1
0.547416343582600 -1
0.547552452988700 -1
0.547552813303500 -1
0.547658851846000 -1
0.547658979102300 -1
0.547755156933100 -1
0.547833959965200 -1
0.547833964340000 -1
0.548133931424400 -1
0.548133931583600 -1
0.548195171697200 -1
0.548195214428600 -1
0.548335103077700 -1
0.584926494370400 -1
0.584926499405300 -1
0.584938524566900 -1
0.584939019056000 -1
0.584943992148400 -1
0.584943992923300 -1
0.584951062201900 -1
0.584952742591800 -1
0.584961328629800 -1
0.584962742495100 -1
0.584981293096100 -1
0.584981489088300 -1
0.584986439687000 -1
0.584986498335400 -1
0.584988909108700 -1
0.584990238440500 -1
0.584993987739700 -1
0.584995940691200 -1
0.584999913676700 -1
0.585000237133300 -1
0.585002655956600 -1
0.585002737190300 -1
0.585005236279400 -1
0.585005236632300 -1
0.585011482262600 -1
0.585011643499200 -1
0.585013827057800 -1
0.585013986061000 -1
0.585015313747300 -1
0.585017765894300 -1
0.585020234973600 -1
0.585020299252700 -1
0.585026483892700 -1
0.585026485733100 -1
0.585027734377800 -1
0.585038960244600 -1
0.585039061413000 -1
0.585040233125800 -1
0.585042068858600 -1
0.585042732874800 -1
0.585051028549200 -1
0.585051482000400 -1
0.585053598464200 -1
0.585053981747500 -1
0.585055231631800 -1
0.585061583166900 -1
0.585065231874000 -1
0.585068639574400 -1
0.585072114698400 -1
0.585074667748800 -1
0.585076010795500 -1
0.585076479645600 -1
0.585077739132700 -1
0.585079921929000 -1
0.585080994576300 -1
0.585081478992000 -1
0.585082857189300 -1
0.585088323573000 -1
0.585089135095500 -1
0.585090999755900 -1
0.585091489228200 -1
0.585093862791400 -1
0.585093997270300 -1
0.585096461205100 -1
0.585097669008900 -1
0.585099113350500 -1
0.585100232074400 -1
0.585103596522400 -1
0.585104338030700 -1
0.585106476496500 -1
0.585107766053800 -1
0.585109874896900 -1
0.585110226797800 -1
0.585111690934100 -1
0.585112746012700 -1
0.585115621170400 -1
0.585117142156400 -1
0.585117725362400 -1
0.585119791377200 -1
0.585120237318400 -1
0.585121700060300 -1
0.585123787694000 -1
0.585126006163800 -1
0.585126474483000 -1
0.585133351249700 -1
0.585134933062300 -1
0.585135229100100 -1
0.585137195291500 -1
0.585138279947100 -1
0.585141652458200 -1
0.585142722854800 -1
0.585146122178700 -1
0.585150300379100 -1
0.585151638158500 -1
0.585152722161600 -1
0.585154506342600 -1
0.585157626339500 -1
0.585158601094900 -1
0.585159361900900 -1
0.585160221468400 -1
0.585161471061800 -1
0.585162889596200 -1
0.585167204438100 -1
0.585169284185600 -1
0.585170398610600 -1
0.585172143815400 -1
0.585172887721500 -1
0.585174127064100 -1
0.585176042880200 -1
0.585176631974500 -1
0.585178364125900 -1
0.585179066917500 -1
0.585180297274200 -1
0.585182426040900 -1
0.585182739081800 -1
0.585184129860900 -1
0.585185219240500 -1
0.585186566885700 -1
0.585188590841400 -1
0.585189595608900 -1
0.585190688171700 -1
0.585192068578000 -1
0.585192974330800 -1
0.585194045885000 -1
0.585195246902500 -1
0.585197356580000 -1
0.585197879452700 -1
0.585199013606200 -1
0.585201633160200 -1
0.585207016167500 -1
0.585207726716800 -1
0.585209123107100 -1
0.585211173493900 -1
0.585216623082300 -1
0.585218028514100 -1
0.585220259374700 -1
0.585221777443700 -1
0.585223183579900 -1
0.585223965347600 -1
0.585226425434800 -1
0.585228350308100 -1
0.585228964326900 -1
0.585231464267100 -1
0.585234130018000 -1
0.585235528216800 -1
0.585236463461100 -1
0.585238709387200 -1
0.585239336404400 -1
0.585241815784200 -1
0.585243229299300 -1
0.585243977376800 -1
0.585245290745500 -1
0.585250373320400 -1
0.585251619418300 -1
0.585253650471400 -1
0.585254196059300 -1
0.585255211716600 -1
0.585256461457000 -1
0.585257721125000 -1
0.585259235771600 -1
0.585260469863600 -1
0.585261461566400 -1
0.585262710832100 -1
0.585265249640100 -1
0.585266499513600 -1
0.585269038579200 -1
0.585270379903000 -1
0.585272086112100 -1
0.585272710000400 -1
0.585274592255900 -1
0.585279117267900 -1
0.585280687716600 -1
0.585284596455000 -1
0.585285208576400 -1
0.585286817039500 -1
0.585287747470600 -1
0.585289439017000 -1
0.585290208847700 -1
0.585291477481100 -1
0.585294114244400 -1
0.585295364006500 -1
0.585296614600500 -1
0.585297713960700 -1
0.585299582443400 -1
0.585300548857300 -1
0.585301467060700 -1
0.585303253730000 -1
0.585303998198400 -1
0.585305715594500 -1
0.585306807988600 -1
0.585308508254300 -1
0.585309112435600 -1
0.585311828902600 -1
0.585312706126000 -1
0.585315461854300 -1
0.585317081017600 -1
0.585318017790200 -1
0.585318961358200 -1
0.585320283491600 -1
0.585321456431600 -1
0.585324033726700 -1
0.585325854663900 -1
0.585326454671900 -1
0.585327704340400 -1
0.585329922133600 -1
0.585331165884900 -1
0.585331453942000 -1
0.585333621753100 -1
0.585335325014000 -1
0.585338413086000 -1
0.585340516964900 -1
0.585342247018500 -1
0.585342707698300 -1
0.585344149058000 -1
0.585345534831700 -1
0.585346531110400 -1
0.585347704782800 -1
0.585350988117300 -1
0.585351521270400 -1
0.585353952374500 -1
0.585356611817600 -1
0.585357706194100 -1
0.585359434166600 -1
0.585360826611500 -1
0.585363512001100 -1
0.585364030043500 -1
0.585365201285000 -1
0.585366549302400 -1
0.585368647786800 -1
0.585368950222700 -1
0.585370537422300 -1
0.585371449953100 -1
0.585372856043100 -1
0.585374035289400 -1
0.585375552458700 -1
0.585377748215800 -1
0.585379418648700 -1
0.585380204554600 -1
0.585381500199000 -1
0.585384132388500 -1
0.585387191826800 -1
0.585387698306700 -1
0.585388957945100 -1
0.585390217624200 -1
0.585392717343600 -1
0.585394731464100 -1
0.585395236918000 -1
0.585396447429300 -1
0.585397697318100 -1
0.585400004909500 -1
0.585400826872900 -1
0.585401462214500 -1
0.585402872957500 -1
0.585404266793900 -1
0.585405939764600 -1
0.585407403362400 -1
0.585409258670500 -1
0.585411758863400 -1
0.585412707401800 -1
0.585413945675500 -1
0.585415288050100 -1
0.585416514266400 -1
0.585418324307900 -1
0.585419039617000 -1
0.585420314666300 -1
0.585421447375000 -1
0.585422819470300 -1
0.585423955658900 -1
0.585425274001100 -1
0.585426610422000 -1
0.585428338783800 -1
0.585430194657600 -1
0.585434133033500 -1
0.585435196140000 -1
0.585436443493700 -1
0.585437811081800 -1
0.585439021440400 -1
0.585441194591700 -1
0.585441760585700 -1
0.585444567652000 -1
0.585448010908300 -1
0.585449000928400 -1
0.585450192682400 -1
0.585451451682700 -1
0.585453316731600 -1
0.585455347776600 -1
0.585456994492700 -1
0.585457695869000 -1
0.585459592652100 -1
0.585460197640000 -1
0.585461451486800 -1
0.585462690790800 -1
0.585466519781500 -1
0.585467712870500 -1
0.585468943835800 -1
0.585470502507900 -1
0.585471469209100 -1
0.585472767905900 -1
0.585473942194100 -1
0.585475814532800 -1
0.585477669779900 -1
0.585477773527500 -1
0.585479573872400 -1
0.585480208876500 -1
0.585481751381900 -1
0.585482693827000 -1
0.585483938661600 -1
0.585485189415400 -1
0.585486458112500 -1
0.585487688285800 -1
0.585488939381100 -1
0.585490190786400 -1
0.585492690227100 -1
0.585494016049000 -1
0.585495188793100 -1
0.585496447870500 -1
0.585498943357400 -1
0.585503080115100 -1
0.585504259057700 -1
0.585505186685100 -1
0.585508081845300 -1
0.585511055086000 -1
0.585512063284700 -1
0.585512688231700 -1
0.585513935660300 -1
0.585515504178800 -1
0.585516445246000 -1
0.585518075943100 -1
0.585519717089700 -1
0.585521819125100 -1
0.585522717205300 -1
0.585525196740300 -1
0.585526756789500 -1
0.585529874098400 -1
0.585532698487600 -1
0.585534247493300 -1
0.585535503328300 -1
0.585537156105200 -1
0.585537685316400 -1
0.585538942954600 -1
0.585540696931600 -1
0.585541472001700 -1
0.585545808383000 -1
0.585547274600100 -1
0.585547706721400 -1
0.585548995631300 -1
0.585550182028300 -1
0.585551434343900 -1
0.585552706491300 -1
0.585553931647500 -1
0.585555269539400 -1
0.585556656786100 -1
0.585558006866500 -1
0.585558945946400 -1
0.585560805961300 -1
0.585562680780300 -1
0.585564086879900 -1
0.585566186278900 -1
0.585566453290400 -1
0.585568305226200 -1
0.585571156563200 -1
0.585572716396000 -1
0.585574560111600 -1
0.585575182073800 -1
0.585576558478000 -1
0.585581004359300 -1
0.585581429044600 -1
0.585582703178400 -1
0.585584319383100 -1
0.585585334750600 -1
0.585586783580100 -1
0.585587698102600 -1
0.585588936476100 -1
0.585590187937300 -1
0.585592062592000 -1
0.585596664334300 -1
0.585599119993800 -1
0.585602056707800 -1
0.585603931560400 -1
0.585605488981000 -1
0.585606590328700 -1
0.585607676266500 -1
0.585608927367300 -1
0.585610190663000 -1
0.585614097263100 -1
0.585615370957700 -1
0.585616846486900 -1
0.585617675488600 -1
0.585618925144000 -1
0.585620800263800 -1
0.585622049828500 -1
0.585622988648300 -1
0.585625214268300 -1
0.585626425145900 -1
0.585628299195100 -1
0.585628929053000 -1
0.585630959033800 -1
0.585631434029600 -1
0.585633028945800 -1
0.585635174136800 -1
0.585637697672200 -1
0.585639101412900 -1
0.585640333683300 -1
0.585641486350200 -1
0.585645172811900 -1
0.585647985028200 -1
0.585650172738700 -1
0.585653924069900 -1
0.585656505454000 -1
0.585657790967600 -1
0.585659079277600 -1
0.585660572583100 -1
0.585661440408400 -1
0.585662691197900 -1
0.585664018276200 -1
0.585665346569300 -1
0.585667072165200 -1
0.585667675743000 -1
0.585669704500300 -1
0.585672670053900 -1
0.585673919699800 -1
0.585675389403000 -1
0.585676575710400 -1
0.585677680233300 -1
0.585679544065900 -1
0.585680261838300 -1
0.585682069442500 -1
0.585683918621500 -1
0.585685493180300 -1
0.585686496488200 -1
0.585687668245900 -1
0.585690338966000 -1
0.585692121003200 -1
0.585692706803300 -1
0.585695168719900 -1
0.585696498004800 -1
0.585698604688000 -1
0.585699229594400 -1
0.585700479538300 -1
0.585702080942900 -1
0.585702744919100 -1
0.585704473831700 -1
0.585705518940900 -1
0.585706438719200 -1
0.585707832243900 -1
0.585708921018200 -1
0.585710165991500 -1
0.585712118930100 -1
0.585713017349100 -1
0.585715009314300 -1
0.585715168008100 -1
0.585716518046400 -1
0.585717841614300 -1
0.585719858324300 -1
0.585720853554900 -1
0.585721730384300 -1
0.585722989577800 -1
0.585723914814100 -1
0.585725810490200 -1
0.585726570606900 -1
0.585727742529000 -1
0.585728973034100 -1
0.585733935605700 -1
0.585738526377100 -1
0.585738932640400 -1
0.585740163161700 -1
0.585742058547300 -1
0.585743912609600 -1
0.585745213140800 -1
0.585746412978800 -1
0.585749148963200 -1
0.585750210854200 -1
0.585751411881800 -1
0.585752661885600 -1
0.585755182632900 -1
0.585758022523700 -1
0.585759540969100 -1
0.585760793280300 -1
0.585761410875100 -1
0.585762673661300 -1
0.585763911859700 -1
0.585765162921400 -1
0.585766420120200 -1
0.585768306527300 -1
0.585769536272100 -1
0.585770159985300 -1
0.585772659957600 -1
0.585773912198100 -1
0.585775786856900 -1
0.585776721821800 -1
0.585777855742200 -1
0.585781411445800 -1
0.585782659413900 -1
0.585783996616800 -1
0.585785940964800 -1
0.585786418147400 5
0.585790509970200 -1
0.585791407850000 -1
0.585792761655500 -1
0.585795159457700 -1
0.585798090093800 -1
0.585798907117600 -1
0.585800161932000 -1
0.585801406848000 -1
0.585803912802900 -1
0.585805158932600 -1
0.585807066152000 -1
0.585807822259400 -1
0.585808912847800 -1
0.585810155971300 -1
0.585811445057800 -1
0.585813184424300 -1
0.585814942480100 -1
0.585815825227500 -1
0.585816747439300 -1
0.585817821232200 -1
0.585819227480400 -1
0.585822696449900 -1
0.585825472903400 -1
0.585828542818200 -1
0.585829372125600 -1
0.585831538613700 -1
0.585834618120600 -1
0.585835932709300 -1
0.585905141569900 -1
0.585905146452300 -1
0.585947622511900 -1
0.585948970223800 -1
0.585957321242200 -1
0.585958266134000 -1
0.585962015748400 -1
0.585962640843500 -1
0.585968807031400 -1
0.585968890064500 -1
0.585979504234900 -1
0.585980138937300 -1
0.585988877952500 -1
0.585988894513300 -1
0.585997167851800 -1
0.585997661026300 -1
0.586001621666400 -1
0.586003496202900 -1
0.586005994481000 -1
0.586006405934100 -1
0.586014705038500 -1
0.586016150202700 -1
0.586016720260200 -1
0.586018904631500 -1
0.586022579604600 -1
0.586024462070100 -1
0.586025292909300 -1
0.586026398950000 -1
0.586028787926100 -1
0.586028884052500 -1
0.586034527367300 -1
0.586035170444200 -1
0.586037945292100 -1
0.586039904339900 -1
0.586042007051500 -1
0.586047525586000 -1
0.586049115007500 -1
0.586050170982100 -1
0.586052749288500 -1
0.586058881593000 -1
0.586060209494100 -1
0.586062433637700 -1
0.586063479241800 -1
0.586066226784100 -1
0.586066727438300 -1
0.586068902247500 -1
0.586070893547500 -1
0.586072171218300 -1
0.586073695849900 -1
0.586074239363300 -1
0.586076905543700 -1
0.586079402734000 -1
0.586080363886800 -1
0.586081378792600 -1
0.586085145989500 -1
0.586087058280900 -1
0.586088506550100 -1
0.586089051497500 -1
0.586090717393800 -1
0.586092404761400 -1
0.586093887304100 -1
0.586096966719300 -1
0.586098254103600 -1
0.586100822015900 -1
0.586101819711100 -1
0.586103013296400 -1
0.586106231046300 -1
0.586112030878200 -1
0.586112625660800 -1
0.586114119786700 -1
0.586115562733500 -1
0.586117728680500 -1
0.586119198613200 -1
0.586120283854200 -1
0.586122698515800 -1
0.586124657536400 -1
0.586126385278300 -1
0.586130280142400 -1
0.586132979477500 -1
0.586134352657600 -1
0.586135186895600 -1
0.586136678427600 -1
0.586137623155800 -1
0.586138922312100 -1
0.586140359850500 -1
0.586141372799700 -1
0.586142623361000 -1
0.586143872548600 -1
0.586145542598700 -1
0.586146391848200 -1
0.586147973853100 -1
0.586148872028500 -1
0.586150122291900 -1
0.586151723329700 -1
0.586152797579000 -1
0.586153893587400 -1
0.586156372497600 -1
0.586157638361500 -1
0.586158925342600 -1
0.586160120901300 -1
0.586161718651800 -1
0.586163314249700 -1
0.586163872396900 -1
0.586165161978600 -1
0.586166370542300 -1
0.586168346701600 -1
0.586168948448300 -1
0.586171692160000 -1
0.586173557474500 -1
0.586173950392900 -1
0.586176999207300 -1
0.586180748869600 -1
0.586181374265200 -1
0.586183751386600 -1
0.586183868999500 -1
0.586185133444900 -1
0.586186368919400 -1
0.586188115684800 -1
0.586190170178500 -1
0.586194180027300 -1
0.586195156645500 -1
0.586196367879300 -1
0.586198073895900 -1
0.586201414025800 -1
0.586276046765200 -1
0.586276359253000 -1
0.586287451872200 -1
0.586287610566900 -1
0.586296190754000 -1
0.586297062898700 -1
0.586298791984600 -1
0.586301059243600 -1
0.586301659448700 -1
0.586303392181900 -1
0.586307621239800 -1
0.586311774579800 -1
0.586314793753500 -1
0.586316536840100 -1
0.586318888713200 -1
0.586320730025200 -1
0.586321536191000 -1
0.586323620294600 -1
0.586326209720800 -1
0.586326377357900 -1
0.586327626703400 -1
0.586328868639500 -1
0.586330458812100 -1
0.586332564362300 -1
0.586334108093300 -1
0.586355096384500 -1
0.586355746136400 -1
0.586363498871400 -1
0.586364169111000 -1
0.586370095800600 -1
0.586370112089800 -1
0.586376772587900 -1
0.586380371792200 -1
0.586386573202100 -1
0.586388593101600 -1
0.586389533422500 -1
0.586390192330300 -1
0.586391538256100 -1
0.586393960139600 -1
0.586395356425000 -1
0.586396972171100 -1
0.586401191981700 -1
0.586418825326000 -1
0.586422672716100 -1
0.586426343516000 -1
0.586426364677300 -1
0.586428333425200 -1
0.586429000821500 -1
0.586431144474500 -1
0.586432687042800 -1
0.586437130266900 -1
0.586437709928000 -1
0.586454446866000 -1
0.586455739929500 -1
0.586459925271400 -1
0.586461252624700 -1
0.586473668123300 -1
0.586473937148200 -1
0.586476005808500 -1
0.586477436427600 -1
0.586496030551900 -1
0.586496356896300 166
0.587837452815700 -1
0.587837452815800 -1
0.587862450310700 -1
0.587862450310800 -1
0.587901030429000 -1
0.587901196428000 -1
0.587904945744700 -1
0.587904946052300 -1
0.587908695600200 -1
0.587908695681300 -1
0.587914945040100 -1
0.587914945097900 -1
0.587923694173200 -1
0.587923752761500 -1
0.587927443797700 -1
0.587927443797800 -1
0.587946172389700 -1
0.587946191919000 -1
0.587996184391500 -1
0.587996186909000 -1
0.587998530423600 -1
0.587999936533300 -1
0.588013060179400 -1
0.588013704989900 -1
0.588026144844400 -1
0.588026262029800 -1
0.588034933026200 -1
0.588034933798600 -1
0.588049928776900 -1
0.588049931524400 -1
0.588052428822100 -1
0.588052434057200 -1
0.588056102779700 -1
0.588056825974000 -1
0.588066179856100 -1
0.588066222330500 -1
0.588072273034400 -1
0.588072440335600 -1
0.588078677421900 -1
0.588078781172200 -1
0.588083012310400 -1
0.588083757272500 -1
0.588088655589000 -1
0.588089468615000 -1
0.588090238379400 -1
0.588092505401000 -1
0.588098339751000 -1
0.588098676638500 -1
0.588101765838300 -1
0.588103102471700 -1
0.588104135072500 -1
0.588105107130300 -1
0.588106799298300 -1
0.588107508762500 -1
0.588110939642100 -1
0.588111188679200 -1
0.588113225750900 -1
0.588113719076400 -1
0.588118399373400 -1
0.588118833310000 -1
0.588124862518700 -1
0.588124946361200 -1
0.588132167272700 -1
0.588133546364500 -1
0.588134795832000 -1
0.588135236924800 -1
0.588137812513400 -1
0.588138892608300 -1
0.588141403890300 -1
0.588143019846600 -1
0.588143850311700 -1
0.588144966105200 -1
0.588148469885400 -1
0.588150742670000 -1
0.588152376727500 -1
0.588152421257500 -1
0.588153676022100 -1
0.588155936510100 -1
0.588157270454700 -1
0.588160577718400 -1
0.588161170376000 -1
0.588165485613000 -1
0.588166228625000 -1
0.588168088249500 -1
0.588168673931300 -1
0.588170814561500 -1
0.588171954242100 -1
0.588172596752600 -1
0.588173825376900 -1
0.588175410643700 -1
0.588179304245900 -1
0.588181611858400 -1
0.588182654736800 -1
0.588188126709100 -1
0.588190915130800 -1
0.588192827533500 -1
0.588195212986400 -1
0.588196167174200 -1
0.588199388463600 -1
0.588200075173500 -1
0.588202628600100 -1
0.588204961458900 -1
0.588207327479200 -1
0.588207458342100 -1
0.588210262327800 -1
0.588211839131500 -1
0.588212688575700 -1
0.588213744453300 -1
0.588215011455800 -1
0.588219674037400 -1
0.588223043482800 -1
0.588226116282600 -1
0.588227085549700 -1
0.588227769820800 -1
0.588228663765100 -1
0.588233039024000 -1
0.588234308572300 -1
0.588235071661800 -1
0.588236719665600 -1
0.588246718353600 -1
0.588248054222000 -1
0.588248717108000 -1
0.588250692657400 -1
0.588251161358000 -1
0.588253048075600 -1
0.588253678858400 -1
0.588255067521700 -1
0.588258129028700 -1
0.588258740073000 -1
0.588262120967600 -1
0.588263269673400 -1
0.588264650345300 -1
0.588267371400300 -1
0.588268812867000 -1
0.588269909480200 -1
0.588272575717100 -1
0.588274908978400 -1
0.588276617864900 -1
0.588278892954200 -1
0.588283167882000 -1
0.588284759551900 -1
0.588285259513100 -1
0.588286157889100 -1
0.588288987622600 -1
0.588290220785800 -1
0.588291197028400 -1
0.588293442634500 -1
0.588295537339800 -1
0.588297639169400 -1
0.588300853975800 -1
0.588301394411900 -1
0.588302445362400 -1
0.588304603139500 -1
0.588306222092000 -1
0.588307405745600 -1
0.588308860683300 -1
0.588309905471300 -1
0.588311181177700 -1
0.588312423000200 -1
0.588313655095500 -1
0.588315145503300 -1
0.588316390112500 -1
0.588317405940300 -1
0.588320852787300 -1
0.588321173873900 -1
0.588322444434000 -1
0.588325721779600 -1
0.588326351330700 -1
0.588328694520100 -1
0.588330378349600 -1
0.588331153370600 -1
0.588333272461000 -1
0.588333664123200 -1
0.588334922495500 -1
0.588336511778800 -1
0.588338349905600 -1
0.588338652751500 -1
0.588343671678600 -1
0.588345058809200 -1
0.588346151906100 -1
0.588347559187700 -1
0.588348656476800 -1
0.588350526805900 -1
0.588351151338300 -1
0.588353194782900 -1
0.588353657191300 -1
0.588354942576400 -1
0.588356150843000 -1
0.588360216010200 -1
0.588361160176900 -1
0.588362405098400 -1
0.588363767262200 -1
0.588364987842400 -1
0.588367399710000 -1
0.588369284443900 -1
0.588370543964100 -1
0.588371149372100 -1
0.588372399399500 -1
0.588373650308900 -1
0.588374904075400 -1
0.588376154939500 -1
0.588377437766300 -1
0.588378668111800 -1
0.588379898458400 -1
0.588381150162900 -1
0.588382854261800 -1
0.588386524187700 -1
0.588388048508100 -1
0.588390221214500 -1
0.588406136062400 -1
0.588406145979600 -1
0.588411145283100 -1
0.588411161193600 -1
0.588413644992700 -1
0.588413648150800 -1
0.588419850392300 -1
0.588419898721700 -1
0.588426141305200 -1
0.588427396216500 -1
0.588432390257300 -1
0.588433350933100 -1
0.588434729805300 -1
0.588435215333400 -1
0.588440167118800 -1
0.588443720552600 -1
0.588445353170900 -1
0.588446141888700 -1
0.588452812879100 -1
0.588453894983600 -1
0.588456085401500 -1
0.588456140818200 -1
0.588458599675900 -1
0.588458785796200 -1
0.588462468775000 -1
0.588463640065500 -1
0.588466426480100 -1
0.588468019600500 -1
0.588471089042800 -1
0.588471365136300 -1
0.588473390147700 -1
0.588473639063500 -1
0.588475836411700 -1
0.588476138817800 -1
0.588478094400900 -1
0.588480016455400 -1
0.588483035117600 -1
0.588484302172600 -1
0.588486311341400 -1
0.588497230408800 -1
0.588497386993900 -1
0.588502063948800 -1
0.588502719499100 -1
0.588503636058100 -1
0.588510944764100 -1
0.588515540822100 -1
0.588518118278700 -1
0.588521516150700 -1
0.588522582409200 -1
0.588529762589700 -1
0.588531133421900 -1
0.588534813963200 -1
0.588534882928800 -1
0.588540838428500 -1
0.588541134760200 -1
0.588547215482900 -1
0.588547616026000 -1
0.588549217334300 -1
0.588550040103900 -1
0.588557068107500 -1
0.588558633184400 -1
0.589121074107700 -1
0.589121074184000 -1
0.589156059689400 -1
0.589156070677000 -1
0.589166069665500 -1
0.589166225909400 -1
0.589176613919700 -1
0.589177943753500 -1
0.589178646544500 -1
0.589180162053800 -1
0.589183745324700 -1
0.589184817834400 -1
0.589186145972300 -1
0.589187661904900 -1
0.589188575974200 -1
0.589189930206100 -1
0.589191478659700 -1
0.589193606001900 -1
0.589194863413600 -1
0.589198136794300 -1
0.589199993443800 -1
0.589201227943900 -1
0.589202475710000 -1
0.589203937205300 -1
0.589204817166600 -1
0.589207160916900 -1
0.589207315541800 -1
0.589209973995400 -1
0.589214199929500 -1
0.589214853871500 -1
0.589216162387800 -1
0.589228172819500 -1
0.589228563432000 -1
0.589236062613900 -1
0.589236417277900 -1
0.589244753172500 -1
0.589245295165900 -1
0.589248176310000 -1
0.589248719934700 -1
0.589253359237000 -1
0.589253639072400 -1
0.589258887215000 -1
0.589263559905500 -1
0.589263569670100 -1
0.589272219797300 -1
0.589273302816300 -1
0.589274632023200 -1
0.589275575428500 -1
0.589521034103700 -1
0.589521351457500 -1
0.589542125720700 -1
0.589542364983900 -1
0.589546724864600 -1
0.589548582002800 -1
0.589552116032200 -1
0.589554431712400 -1
0.589569896318600 -1
0.589571263446400 -1
0.589578214569700 -1
0.589578562560100 -1
0.589582504232600 -1
0.589583547380900 -1
0.589585720398000 -1
0.589586346382800 -1
0.589588925387100 -1
0.589590089683900 -1
0.589592100466400 -1
0.589593029183500 -1
0.589594506244200 -1
0.589595159900400 -1
0.589596124312200 -1
0.589597943056100 -1
0.589598526338500 -1
0.589601748795700 -1
0.589604158227600 -1
0.589605479531700 -1
0.589607431697300 -1
0.589612274960600 -1
0.589614852827500 -1
0.589619752081400 -1
0.589619774364200 -1
0.589637237771100 -1
0.589637351111800 -1
0.589769759179000 -1
0.589769759184000 -1
0.589782091241100 -1
0.589782267882100 -1
0.589790957156000 -1
0.589792355792400 -1
0.589804739792200 -1
0.589804833827600 -1
0.589809993179600 -1
0.589811630004900 -1
0.589816344902300 -1
0.589817346586400 -1
0.589821045934900 -1
0.589824405198800 -1
0.589928453908800 -1
0.589931032310400 -1
0.589947816105600 -1
0.589948491268500 -1
0.589951766384800 -1
0.589952242609000 -1
0.589954081332300 -1
0.589959022916600 -1
0.589964729867200 -1
0.589965755173300 -1
0.590040982000000 -1
0.590041060117200 -1
0.590047006454600 -1
0.590047576533800 -1
0.590053527850000 -1
0.590054847211600 -1
0.590108459187600 -1
0.590108514295100 -1
0.590154251884900 -1
0.590155345808900 -1
0.590182208082100 -1
0.590182530315700 -1
0.590185576799300 -1
0.590187219787200 -1
0.590215954699000 -1
0.590217089273400 -1
0.590237209881500 -1
0.590237412635000 -1
0.590254395526600 -1
0.590254873642600 -1
0.595741660734500 -1
0.595741817121700 -1
0.595746660233800 -1
0.595746660233800 -1
0.595784156435600 -1
0.595784156552800 -1
0.595787906100500 -1
0.595789780918600 -1
0.595794152994900 -1
0.595794311720600 -1
0.595829112908600 -1
0.595829172717700 -1
0.595836651215800 -1
0.595836651215800 -1
0.595858953668000 -1
0.595859149000400 -1
0.595873834379300 -1
0.595874149899500 -1
0.595878988276700 -1
0.595879771894600 -1
0.595937891070500 -1
0.595939297484700 -1
0.595946629809100 -1
0.595946640193800 -1
0.595952498827900 -1
0.595952892009000 -1
0.595962571214100 -1
0.595962888565500 -1
0.595965388275200 -1
0.595965449345300 -1
0.595974600032400 -1
0.595976648175500 -1
0.595978428993100 -1
0.595979176129900 -1
0.595986283106300 -1
0.595987261123100 -1
0.595994467136400 -1
0.595996109114100 -1
0.595998549047000 -1
0.595999223139300 -1
0.596001556354500 -1
0.596002113838500 -1
0.596006340656600 -1
0.596007962346800 -1
0.596009341072000 -1
0.596010717106400 -1
0.596015480536600 -1
0.596016987826400 -1
0.596020381640300 -1
0.596021017506000 -1
0.596026487856200 -1
0.596027794931600 -1
0.596027891969900 -1
0.596037496823300 -1
0.596037881069700 -1
0.596042532155100 -1
0.596042881159900 -1
0.596044174784900 -1
0.596052711619500 -1
0.596052971087100 -1
0.596054213223100 -1
0.596057045397700 -1
0.596060632100300 -1
0.596062972053200 -1
0.596067639185100 -1
0.596068199671500 -1
0.596069225604500 -1
0.596071686641300 -1
0.596073750537500 -1
0.596074810965000 -1
0.596075710054700 -1
0.596079137368500 -1
0.596080387028800 -1
0.596082107587000 -1
0.596083430075800 -1
0.596084269529900 -1
0.596087843758000 -1
0.596087877319700 -1
0.596090317511700 -1
0.596091470301300 -1
0.596092312928800 -1
0.596093183547500 -1
0.596094228450500 -1
0.596097458591700 -1
0.596099144750700 -1
0.596102501826500 -1
0.596103265125800 -1
0.596104438139800 -1
0.596105939199200 -1
0.596108582165100 -1
0.596109476980000 -1
0.596111197965400 -1
0.596111633526700 -1
0.596114359451600 -1
0.596115883357400 -1
0.596117878610000 -1
0.596119156636500 -1
0.596120397432700 -1
0.596123274262500 -1
0.596124975176800 -1
0.596125372283100 -1
0.596127457502700 -1
0.596127872032600 -1
0.596130401879800 -1
0.596133186485800 -1
0.596136019981800 -1
0.596136960508200 -1
0.596139765372700 -1
0.596143350226700 -1
0.596144120635500 -1
0.596145711458700 -1
0.596147602839400 -1
0.596147870028500 -1
0.596151634459100 -1
0.596157246543600 -1
0.596157888708500 -1
0.596159123554900 -1
0.596160686520400 -1
0.596161658284200 -1
0.596162870967000 -1
0.596164197151600 -1
0.596165998104900 -1
0.596167000813100 -1
0.596170508331500 -1
0.596171625166000 -1
0.596172955425600 -1
0.596174281153400 -1
0.596175523814900 -1
0.596178610079800 -1
0.596180370148900 -1
0.596181616646800 -1
0.596182887583100 -1
0.596184588470800 -1
0.596185835076100 -1
0.596188492487300 -1
0.596189734144600 -1
0.596192253438800 -1
0.596193647454100 -1
0.596194273632600 -1
0.596196889798900 -1
0.596197963027600 -1
0.596204077186000 -1
0.596204509942900 -1
0.596207250846300 -1
0.596207864017800 -1
0.596212262992700 -1
0.596212864154100 -1
0.596214442951400 -1
0.596215363265000 -1
0.596217009992400 -1
0.596218493752200 -1
0.596219278024700 -1
0.596220387483800 -1
0.596221612640100 -1
0.596222940630700 -1
0.596229827154800 -1
0.596230371908200 -1
0.596232099880800 -1
0.596232998220300 -1
0.596234152924700 -1
0.596235676170900 -1
0.596236767782800 -1
0.596237865892800 -1
0.596239272474000 -1
0.596240370631300 -1
0.596241772099800 -1
0.596242860509500 -1
0.596244247890300 -1
0.596245386515800 -1
0.596246649201900 -1
0.596248797759000 -1
0.596249109902500 -1
0.596252744936400 -1
0.596252869291200 -1
0.596254349913300 -1
0.596255437374200 -1
0.596258487605600 -1
0.596259432344700 -1
0.596260788405800 -1
0.596261925981900 -1
0.596262858505500 -1
0.596264108399400 -1
0.596265363148100 -1
0.596268483324500 -1
0.596269107890000 -1
0.596270711875000 -1
0.596271609478700 -1
0.596272857503500 -1
0.596274107378300 -1
0.596276072535600 -1
0.596276607128900 -1
0.596277857050200 -1
0.596279734255800 -1
0.596280399472300 -1
0.596281967996800 -1
0.596282856506300 -1
0.596284575079400 -1
0.596285361133500 -1
0.596286616205700 -1
0.596287866375500 -1
0.596289733258900 -1
0.596291605625400 -1
0.596292855499500 -1
0.596294164267300 -1
0.596295360150400 -1
0.596296693005600 -1
0.596297857909400 -1
0.596299143933000 -1
0.596300354748000 -1
0.596301604627500 -1
0.596304104906400 -1
0.596305666721600 -1
0.596306692003600 -1
0.596308054209900 -1
0.596309103873600 -1
0.596310520356600 -1
0.596312099780700 -1
0.596312990350900 -1
0.596314399583000 -1
0.596332822192500 -1
0.596333569842200 -1
0.596337616562700 -1
0.596337852212600 -1
0.596344100364200 -1
0.596345994705800 -1
0.596348739501000 -1
0.596349119392500 -1
0.596359001143800 -1
0.596362109825100 -1
0.596363217234300 -1
0.596364425709600 -1
0.596368124503400 -1
0.596369863251600 -1
0.596371675730800 -1
0.596373201803300 -1
0.596379733419200 -1
0.596380986631200 -1
0.596383471582900 -1
0.596384125695600 -1
0.596386607091300 -1
0.596388805405300 -1
0.596389160122100 -1
0.596391216490600 -1
0.596399083866800 -1
0.596399098146700 -1
0.596404092043900 -1
0.596404802603800 -1
0.596410140811100 -1
0.596410551479300 -1
0.596413839351800 -1
0.596416044405000 -1
0.596417222114100 -1
0.596418742974000 -1
0.596428776921800 -1
0.596429653734600 -1
0.596430958090200 -1
0.596431667850900 -1
0.596812490926800 -1
0.596812804005800 -1
0.596854047735800 -1
0.596854283613800 -1
0.596856509942400 -1
0.596856705341600 -1
0.596860762380300 -1
0.596861548510800 -1
0.596866391584700 -1
0.596866714161400 -1
0.596871849907300 -1
0.596872797842400 -1
0.596876429793800 -1
0.596877174464700 -1
0.596878966038400 -1
0.596879048592900 -1
0.596884742507000 -1
0.596886409322200 -1
0.596892359245300 -1
0.596893132648400 -1
0.596895516029000 -1
0.596896754943800 -1
0.596898004206900 -1
0.596899748346600 -1
0.596900761188900 -1
0.596901583876000 -1
0.596906407143800 -1
0.596910411241100 -1
0.596919503286400 -1
0.596922198076400 -1
0.596922793060100 -1
0.596924692248100 -1
0.596925935234400 -1
0.596928450438700 -1
0.596935408143700 -1
0.596938632043200 -1
0.596939040761900 -1
0.596941340765700 -1
0.596943244849600 -1
0.596946057833300 -1
0.596946542588100 -1
0.596949626255100 -1
0.596951696740600 -1
0.596953818432300 -1
0.596955016051100 -1
0.596955487461400 -1
0.596956628677500 -1
0.596958258791000 -1
0.596959038745200 -1
0.596961583957600 -1
0.596963725931900 -1
0.596964073914000 -1
0.596966537990000 -1
0.596968181730700 -1
0.596969350208900 -1
0.596970320226700 -1
0.596972865480700 -1
0.596974118416400 -1
0.596976576047500 -1
0.596989569700600 -1
0.596993575373000 -1
0.596994191492400 -1
0.596996369300400 -1
0.596996541315500 -1
0.596997977916600 -1
0.596999037174900 -1
0.597000542605300 -1
0.597002442573000 -1
0.597002785044100 -1
0.597149639719500 -1
0.597150269749700 -1
0.597160267277900 -1
0.597160688460700 -1
0.597167601748900 -1
0.597167787514200 -1
0.597169271122300 -1
0.597170287332700 -1
0.597173992710300 -1
0.597174019794400 -1
0.597177766744900 -1
0.597177865098300 -1
0.597179016697300 -1
0.597180498402500 -1
0.597181599479400 -1
0.597188355901000 -1
0.597191673796100 -1
0.597197240384500 -1
0.597197784652900 -1
0.597199149770000 -1
0.597201425743000 -1
0.597202953904000 -1
0.597204639206200 -1
0.597207104015900 -1
0.597209096704300 -1
0.597210583673600 -1
0.597212776908800 -1
0.597220764737300 -1
0.597221718965300 -1
0.597302280710900 -1
0.597302949743100 -1
0.597305253988200 -1
0.597305567126100 -1
0.597309843217900 -1
0.597310586318200 -1
0.597312641612300 -1
0.597313534467200 -1
0.597317440289500 -1
0.597318642293500 -1
0.597324357655600 -1
0.597325253298500 -1
0.597327842348100 -1
0.597332345116300 -1
0.597332759380700 -1
0.597387726093900 -1
0.597392782646300 -1
0.597432110197400 -1
0.597433400861000 -1
0.597459285968700 -1
0.597460551950300 -1
0.599703763692200 -1
0.599703763692300 -1
0.599748601690200 -1
0.599748759259500 -1
0.599766101195200 -1
0.599766257432300 -1
0.599770942018900 -1
0.599771256928800 -1
0.599784985335100 -1
0.599785689382600 -1
0.599789965981900 -1
0.599790010056600 -1
0.599795002672800 -1
0.599795025184600 -1
0.599804981418600 -1
0.599805336626100 -1
0.599809674418600 -1
0.599810003143700 -1
0.599813130631800 -1
0.599816271954300 -1
0.599818176690600 -1
0.599819028665700 -1
0.599822199266400 -1
0.599822514609600 -1
0.599825943869600 -1
0.599826376031500 -1
0.599828386213700 -1
0.599828751167300 -1
0.599830645513400 -1
0.599831921015700 -1
0.599836252857700 -1
0.599837500376300 -1
0.599839160638200 -1
0.599840002481500 -1
0.599842500553600 -1
0.599843749673800 -1
0.599845001980200 -1
0.599846268947800 -1
0.599847518817800 -1
0.599848749163600 -1
0.599850623975600 -1
0.599851874155300 -1
0.599853622268100 -1
0.599854998537000 -1
0.599854998613300 -1
0.599866008136400 -1
0.599869241390700 -1
0.599870232851300 -1
0.599872019659200 -1
0.599874802041200 -1
0.599875309487000 -1
0.599876247323200 -1
0.599877547351700 -1
0.599880418469800 -1
0.599881542790900 -1
0.599883745464900 -1
0.599883755430400 -1
0.599886242812000 -1
0.599886250288400 -1
0.599888110441200 -1
0.599889448526200 -1
0.599899467667600 -1
0.600024981503000 -1
0.600024981503000 -1
0.600039980000000 -1
0.600039980000000 -1
0.600072476730700 -1
0.600072790137200 -1
0.600093713606100 -1
0.600093724614300 -1
0.600095911895000 -1
0.600096308499600 -1
0.600098644750100 -1
0.600099117559900 -1
0.600102005020900 -1
0.600103128431500 -1
0.600104767721100 -1
0.600109048740600 -1
0.600116214222100 -1
0.600118046787800 -1
0.600119004084400 -1
0.600120325037100 -1
0.600122289680800 -1
0.600122989633500 -1
0.600123799782700 -1
0.600126357111100 -1
0.600129098445600 -1
0.600132880927700 -1
0.600133760946300 -1
0.600135643091000 -1
0.600136222037700 -1
0.600138751654900 -1
0.600145974729700 -1
0.600147477169900 -1
0.600212462710700 -1
0.600212501783600 -1
0.600216212339700 -1
0.600216451745200 -1
0.600227460448300 -1
0.600227466257300 -1
0.600236151233400 -1
0.600236210335800 -1
0.600237529999900 -1
0.600243166829600 -1
0.600286203799400 -1
0.600286205325800 -1
0.600288548831300 -1
0.600288708737000 -1
0.600291982327500 -1
0.600294965458100 -1
0.600322894912100 -1
0.600323787268600 -1
0.601398593242800 -1
0.601398594159600 -1
0.601417341931600 -1
0.601417341974500 -1
0.601442339469500 -1
0.601442339545800 -1
0.601451088592700 -1
0.601451410826100 -1
0.601471086246600 -1
0.601471165933600 -1
0.601479440085300 -1
0.601480187287100 -1
0.601482330392600 -1
0.601482750869000 -1
0.601488129516900 -1
0.601488790465200 -1
0.601490144905500 -1
0.601491670770900 -1
0.601492551998900 -1
0.601494894934200 -1
0.601497403042100 -1
0.601498898862000 -1
0.601499833708000 -1
0.601507543808300 -1
0.601510462571100 -1
0.601512291233900 -1
0.601512335736100 -1
0.601514582147500 -1
0.601517439722100 -1
0.601518584356900 -1
0.601519838447000 -1
0.601523019721700 -1
0.601523581328500 -1
0.601524831546400 -1
0.601527072236000 -1
0.601532666039000 -1
0.601533580481200 -1
0.601537452539200 -1
0.601538619344000 -1
0.601541422351500 -1
0.601543300281900 -1
0.601545856592200 -1
0.601546118907200 -1
0.601547770281900 -1
0.601548578861400 -1
0.601549828708200 -1
0.601551105497100 -1
0.601553002828400 -1
0.601553597851600 -1
0.601554828965000 -1
0.601556078071800 -1
0.601557392718900 -1
0.601559066359300 -1
0.601560482042500 -1
0.601561097137200 -1
0.601562327445600 -1
0.601564867016800 -1
0.601566233306500 -1
0.601567328203800 -1
0.601574825887900 -1
0.601574826197800 -1
0.601577877190600 -1
0.601580321948500 -1
0.601581162266200 -1
0.601583595227300 -1
0.601585450128400 -1
0.601587173993800 -1
0.601587882744300 -1
0.601589202639600 -1
0.601684805406200 -1
0.601688567236400 -1
0.601704184488300 -1
0.601704862029600 -1
0.601706919822500 -1
0.601707909179800 -1
0.601710632057000 -1
0.601713014428800 -1
0.601715320405500 -1
0.601716812269700 -1
0.601717390031700 -1
0.601724631737400 -1
0.601726292964900 -1
0.601774532132000 -1
0.601775133268900 -1
0.601776910049900 -1
0.601777320882100 -1
0.601822301355100 -1
0.601822619087800 -1
0.602489578272400 -1
0.602489734510000 -1
0.602492776139800 -1
0.602493484254100 -1
0.602499068705500 -1
0.602501100711100 -1
0.602503146649900 -1
0.602503483132300 -1
0.602506554298800 -1
0.602507551542400 -1
0.602510971314300 -1
0.602511920092600 -1
0.602514105885200 -1
0.602515057032500 -1
0.602517411154400 -1
0.602518483002400 -1
0.602520622256100 -1
0.602521049153200 -1
0.602524732680900 -1
0.602525980959300 -1
0.602530184510200 -1
0.602533979218200 -1
0.602535677527500 -1
0.602536789709100 -1
0.602538779916800 -1
0.602540559713100 -1
0.602541607032200 -1
0.602542229249500 -1
0.602543869920300 -1
0.602544733881300 -1
0.602545993770700 -1
0.602547384982900 -1
0.602549038872600 -1
0.602550985698700 -1
0.602552675121300 -1
0.602555743209300 -1
0.602556628441300 -1
0.602559023096200 -1
0.602560012702400 -1
0.602616674911900 -1
0.602617262013700 -1
0.602628468694000 -1
0.602628940533600 -1
0.602635813010800 -1
0.602638200553300 -1
0.602639044192000 -1
0.602642000137700 -1
0.602642291607800 -1
0.602643625343700 -1
0.602644745658600 -1
0.602670966348700 -1
0.602670966348800 -1
0.603130763408500 -1
0.603130959344600 -1
0.603133726371400 -1
0.603134672327100 -1
0.603147168460100 -1
0.603147179752500 -1
0.603153219543400 -1
0.603153964828500 -1
0.603160955030800 -1
0.603162186664300 -1
0.603163430418700 -1
0.603165801713400 -1
0.603166092819900 -1
0.603170313267000 -1
0.603172322434100 -1
0.603175762145300 -1
0.603235761548200 -1
0.603587393066500 -1
0.603588374415300 -1
0.603589641200800 -1
0.603591285664800 -1
0.603592188806700 -1
0.603593373914300 -1
0.603595654064700 -1
0.603595952086100 -1
0.603599426574100 -1
0.603599623336500 -1
0.603622121033500 -1
0.603622765500200 -1
0.603648368403200 -1
0.603648681482200 -1
0.603875688737500 -1
0.603876197559400 -1
0.603879584663600 -1
0.603880845170200 -1
0.603885683048900 -1
0.603887177814700 -1
0.603891166453400 -1
0.603892919216700 -1
0.603893656322900 -1
0.603895048407900 -1
0.603923262421100 -1
0.603923341773500 -1
0.604108322310300 -1
0.604108334822800 -1
0.604110177435500 -1
0.604110900521200 -1
0.604112812795300 -1
0.604116309674300 -1
0.604280801588500 -1
0.604281429976100 -1
0.604284093669300 -1
0.604411963148000 -1
0.604412042219100 -1
0.604414285350500 -1
0.604414933431400 -1
0.604509532104800 -1
0.604510157663200 -1
0.604515780099300 -1
0.604515840077200 -1
0.604517698418500 -1
0.604518476801700 -1
0.604598137118300 -1
0.604598273824200 -1
0.604600382329000 -1
0.604602410343700 -1
0.604728056076500 -1
0.604728341880400 -1
0.604815589082500 -1
0.604816379638900 -1
0.604906813459000 -1
0.604907305093700 -1
0.604928199868100 -1
0.604929802644500 -1
0.624129714404200 -1
0.624130065931500 -1
0.624163812547300 -1
0.624163824793700 -1
0.624197391947800 -1
0.624197561611600 -1
0.624214978381700 -1
0.624215740978000 -1
0.624230036381900 -1
0.624230055978300 -1
0.624237534977500 -1
0.624238824564300 -1
0.624240796929600 -1
0.624241309666600 -1
0.624243062266800 -1
0.624243828335200 -1
0.624246245676300 -1
0.624247559062700 -1
0.624270629500400 -1
0.624271302098000 -1
0.624273487209100 -1
0.624273802138800 -1
0.624276301124400 -1
0.624276301315600 -1
0.624279728052900 -1
0.624280095005300 -1
0.624290049212600 -1
0.624291343745100 -1
0.624321120852000 -1
0.624322080467000 -1
0.624327057902400 -1
0.624327546142000 -1
0.624331305828900 -1
0.624333461381700 -1
0.624333797368200 -1
0.624338325701400 -1
0.624338973529500 -1
0.624353772447200 -1
0.624354262214900 -1
0.624357327834000 -1
0.624357563904900 -1
0.624359729154500 -1
0.624360912263900 -1
0.624365036882200 -1
0.624366355996800 -1
0.624369936865900 -1
0.624370041883500 -1
0.624384960585000 -1
0.624385040383200 -1
0.624387383285200 -1
0.624387872748000 -1
0.624397379363000 -1
0.624397539128000 -1
0.624415036057400 -1
0.624415850281300 -1
0.624427535037600 -1
0.624428327064300 -1
0.624429917722900 -1
0.624430895832700 -1
0.624433746425200 -1
0.624433873455200 -1
0.624439722245800 -1
0.624440056841300 -1
0.624442362972400 -1
0.624443874283100 -1
0.624452199177900 -1
0.624452553190500 -1
0.624455890210600 -1
0.624456283394700 -1
0.624459876583500 -1
0.624461910753600 -1
0.624463663178000 -1
0.624464173714500 -1
0.624467296846300 -1
0.624467859250200 -1
0.624471251716800 -1
0.624472853847300 -1
0.624476893966700 -1
0.624477687423200 -1
0.624480846055200 -1
0.624481281356200 -1
0.624484485927700 -1
0.624485109794800 -1
0.624487479377600 -1
0.624488001410000 -1
0.624490342213700 -1
0.624491436884300 -1
0.624497488507900 -1
0.624498193415200 -1
0.624500807434000 -1
0.624502433405700 -1
0.624505028275400 -1
0.624505965762600 -1
0.624511101349800 -1
0.624511610000100 -1
0.624514383930600 -1
0.624515034340800 -1
0.624517583206500 -1
0.624518905484700 -1
0.624522941578000 -1
0.624524112145700 -1
0.624528727450700 -1
0.624528775976800 -1
0.624530097408700 -1
0.624532005640000 -1
0.624532526309000 -1
0.624533775475800 -1
0.624537906412600 -1
0.624538814033400 -1
0.624540024849500 -1
0.624549129493400 -1
0.624550152192600 -1
0.624551780541500 -1
0.624552607368900 -1
0.624554733554300 -1
0.624555649504500 -1
0.624558736571500 -1
0.624559634100700 -1
0.624560574430000 -1
0.624561897660000 -1
0.624565065372100 -1
0.624567180382000 -1
0.624568147036100 -1
0.624570043532400 -1
0.624571297371900 -1
0.624572558880000 -1
0.624574561379300 -1
0.624575022565500 -1
0.624577336941800 -1
0.624577521435300 -1
0.624578781667500 -1
0.624580103888900 -1
0.624582130922400 -1
0.624582520667300 -1
0.624586685944700 -1
0.624587539619300 -1
0.624588785160100 -1
0.624590098033000 -1
0.624593122901200 -1
0.624593774479600 -1
0.624595019338500 -1
0.624596671149100 -1
0.624597519116600 -1
0.624598788587500 -1
0.624600345228400 -1
0.624601904029500 -1
0.624605448367000 -1
0.624606274318900 -1
0.624607528024700 -1
0.624608787528200 -1
0.624610065379400 -1
0.624611582701800 -1
0.624613337922000 -1
0.624613767764900 -1
0.624615206068800 -1
0.624616290973500 -1
0.624617556142600 -1
0.624618778559400 -1
0.624626582725100 -1
0.624627541105400 -1
0.624629133961900 -1
0.624630811530000 -1
0.624631460999200 -1
0.624633824840500 -1
0.624636490116900 -1
0.624637515108700 -1
0.624639127600900 -1
0.624640664636600 -1
0.624641694387600 -1
0.624642700126600 -1
0.624643847206000 -1
0.624647201614200 -1
0.624647515438200 -1
0.624648766393900 -1
0.624650034615900 -1
0.624653152304500 -1
0.624654740539000 -1
0.624656615377100 -1
0.624657864641500 -1
0.624659129144100 -1
0.624661887637900 -1
0.624662544011000 -1
0.624663919831000 -1
0.624665637340500 -1
0.624666654158700 -1
0.624667517128300 -1
0.624668840085600 -1
0.624670070412100 -1
0.624671715928500 -1
0.624672531216800 -1
0.624673761447800 -1
0.624677823541300 -1
0.624678780480800 -1
0.624682083196400 -1
0.624682520412900 -1
0.624684199855200 -1
0.624685055530400 -1
0.624686282166400 -1
0.624688449311900 -1
0.624689620219400 -1
0.624691269458900 -1
0.624693763272700 -1
0.624695399904400 -1
0.624696421397500 -1
0.624697510517600 -1
0.624698954408100 -1
0.624700332273800 -1
0.624701260011100 -1
0.624706277735000 -1
0.624707508066000 -1
0.624710325776800 -1
0.624711283027800 -1
0.624713757451700 -1
0.624715907950600 -1
0.624718757105300 -1
0.624720016730700 -1
0.624721256688300 -1
0.624722546232100 -1
0.624723815793300 -1
0.624725990783200 -1
0.624726295856100 -1
0.624727513385500 -1
0.624729557324300 -1
0.624730027171700 -1
0.624733092054900 -1
0.624734069755100 -1
0.624735644904400 -1
0.624736257626400 -1
0.624738203995700 -1
0.624738760508400 -1
0.624740048788600 -1
0.624741265087800 -1
0.624742505321900 -1
0.624743754433800 -1
0.624745694740100 -1
0.624747507777700 -1
0.624748753932800 -1
0.624750026922600 -1
0.624754104978100 -1
0.624755003687900 -1
0.624756273015700 -1
0.624757620271700 -1
0.624758760502700 -1
0.624760549942900 -1
0.624761255122600 -1
0.624762508815700 -1
0.624763752507200 -1
0.624765647867300 -1
0.624766409176500 -1
0.624768844793700 -1
0.624770001804700 -1
0.624771276244000 -1
0.624772657816000 -1
0.624773761445400 -1
0.624775177910100 -1
0.624776251787500 -1
0.624777818889400 -1
0.624780078995000 -1
0.624781254674400 -1
0.624782500627300 -1
0.624784062934100 -1
0.624785000605700 -1
0.624786250798700 -1
0.624787812556800 -1
0.624788749927100 -1
0.624790624785200 -1
0.624791934145900 -1
0.624793280720800 -1
0.624794416397600 -1
0.624796993502400 -1
0.624797511254000 -1
0.624799373862700 -1
0.624800351698000 -1
0.624803123484500 -1
0.624803826577100 -1
0.624808747963800 -1
0.624810625479200 -1
0.624812581491300 -1
0.624813747419800 -1
0.624814997332600 -1
0.624818441860100 -1
0.624820024267000 -1
0.624824379371300 -1
0.624825001174800 -1
0.624827516207400 -1
0.624829390536100 -1
0.624830154529100 -1
0.624831245687700 -1
0.624832711126100 -1
0.624833745568300 -1
0.624835152060100 -1
0.624837495042500 -1
0.624838906031400 -1
0.624839999824800 -1
0.624841244673200 -1
0.624843487786600 -1
0.624843903184600 -1
0.624845074999400 -1
0.624848744866500 -1
0.624850423431900 -1
0.624851249856400 -1
0.624852506319700 -1
0.624854373231600 -1
0.624855071406400 -1
0.624856423819200 -1
0.624858239132700 -1
0.624858781969300 -1
0.624859997667800 -1
0.624861242661400 -1
0.624863752184600 -1
0.624864992284500 -1
0.624866248109700 -1
0.624867492649100 -1
0.624869602496000 -1
0.624870367793900 -1
0.624871241658300 -1
0.624872491533100 -1
0.624873741431700 -1
0.624874996166100 -1
0.624876241157300 -1
0.624877847482500 -1
0.624878745829600 -1
0.624880000565200 -1
0.624883135074000 -1
0.624884062945500 -1
0.624884992112000 -1
0.624886240155400 -1
0.624890459093700 -1
0.624891337301300 -1
0.624892513941200 -1
0.624893741110700 -1
0.624895629177500 -1
0.624896239707500 -1
0.624897501273200 -1
0.624899129488600 -1
0.624899988777500 -1
0.624901281601700 -1
0.624902488527000 -1
0.624903749625400 -1
0.624904988276500 -1
0.624906726997100 -1
0.624907489938000 -1
0.624908776963500 -1
0.624911550434000 -1
0.624912487525000 -1
0.624913737480800 -1
0.624915070313300 -1
0.624916239599900 -1
0.624918736975000 -1
0.624921705358400 -1
0.624922564945300 -1
0.624924673803800 -1
0.624924992680900 -1
0.624926548626800 -1
0.624927495939900 -1
0.624928745661500 -1
0.624930005949200 -1
0.624931235724000 -1
0.624932566079300 -1
0.624933969747900 -1
0.624934988934600 -1
0.624936249344000 -1
0.624937485382400 -1
0.624939106561600 -1
0.624939984769500 -1
0.624941234649000 -1
0.624942484519100 -1
0.624944984708600 -1
0.624946239025600 -1
0.624947484075800 -1
0.624948733892800 -1
0.624950003306600 -1
0.624951233642800 -1
0.624952533565600 -1
0.624953733392300 -1
0.624954983314300 -1
0.624957483170500 -1
0.624958732893100 -1
0.624959982775100 -1
0.624961271698800 -1
0.624962487397300 -1
0.624964358547700 -1
0.624965138498900 -1
0.624966232139300 -1
0.624967482014000 -1
0.624968731888800 -1
0.624971544192900 -1
0.624972637861800 -1
0.624973731387800 -1
0.624974981262500 -1
0.624976231139600 -1
0.624977559131600 -1
0.624978909091500 -1
0.624980920608900 -1
0.624981241623900 -1
0.624982480520500 -1
0.624983730538600 -1
0.624986230135300 -1
0.624987480620300 -1
0.624988808001900 -1
0.624989979759500 -1
0.624991629989500 -1
0.624992479509000 -1
0.624993768442300 -1
0.624994979411100 -1
0.624996385672800 -1
0.624997792697300 -1
0.624998733765100 -1
0.625000872606400 -1
0.625002071143600 -1
0.625004510804400 -1
0.625004980700100 -1
0.625006386350300 -1
0.625007790706100 20
0.625009816961300 -1
0.625009980215700 -1
0.625012103339900 -1
0.625013098169400 -1
0.625013828722700 -1
0.625022476502700 -1
0.625022632737900 -1
0.625034975173700 -1
0.625035014309100 -1
0.625037474923700 -1
0.625037553117200 -1
0.625050168732900 -1
0.625051664652500 -1
0.625053723323900 -1
0.625053723374500 -1
0.625055480569400 -1
0.625057493282400 -1
0.625061687954700 -1
0.625063099965400 -1
0.625065427437700 -1
0.625066222119300 -1
0.625079761381600 -1
0.625081145503800 -1
0.625086531794900 -1
0.625088252268000 -1
0.625090137368900 -1
0.625094415143500 -1
0.625094969238500 -1
0.625096416964200 -1
0.625098712699300 -1
0.625100608429700 -1
0.625102270496500 -1
0.625105082034400 -1
0.625107062812700 -1
0.625107566588000 -1
0.625108883860500 -1
0.625114645097000 -1
0.625116296985100 -1
0.625117466984000 -1
0.625119459425100 -1
0.625119966733500 -1
0.625121575212300 -1
0.625122942977100 -1
0.625123923269900 -1
0.625124967492500 -1
0.625126238098000 -1
0.625127465982000 -1
0.625131035794700 -1
0.625131571100500 -1
0.625135215545500 -1
0.625136215410400 -1
0.625137484514100 -1
0.625138841795200 -1
0.625140004705900 -1
0.625141527250500 -1
0.625144341742400 -1
0.625145121817200 -1
0.625147664235500 -1
0.625148713852800 -1
0.625151301491600 -1
0.625153094699700 -1
0.625153888811000 -1
0.625163712340100 -1
0.625163712350300 -1
0.625169785615900 -1
0.625170511253100 -1
0.625178512917100 -1
0.625179414057900 -1
0.625180895053600 -1
0.625181920993400 -1
0.625184960067700 -1
0.625185587104900 -1
0.625191651542800 -1
0.625194340542700 -1
0.625195037412000 -1
0.625196385357500 -1
0.625197509108400 -1
0.625200061265600 -1
0.625201546738800 -1
0.625202459783700 -1
0.625216050244600 -1
0.625216208394500 -1
0.625219556284200 -1
0.625220119052000 -1
0.625223671854700 -1
0.625223711241600 -1
0.625225231388700 -1
0.625226362321600 -1
0.625229999506300 -1
0.625236908139800 -1
0.625245720120900 -1
0.625246214000500 -1
0.625262363657400 -1
0.625263136296200 -1
0.625264946684300 -1
0.625264953587500 -1
0.625986110406000 -1
0.625986754882200 -1
0.626009875090600 -1
0.626012535070500 -1
0.626014445247800 -1
0.626016883717600 -1
0.626018236076400 -1
0.626020075858700 -1
0.626021798852300 -1
0.626024369112500 -1
0.626025495496900 -1
0.626026165138600 -1
0.626027638534500 -1
0.626031284769300 -1
0.626033677273400 -1
0.626036301507800 -1
0.626039274639600 -1
0.626041207423700 -1
0.626042799523200 -1
0.626044806325900 -1
0.626047315773500 -1
0.626051171034800 -1
0.626059265020900 -1
0.626060276615700 -1
0.626061610957700 -1
0.626066751073900 -1
0.626069945389600 -1
0.626072998595000 -1
0.626075261907700 -1
0.626078877739200 -1
0.626081440281800 -1
0.626082448409400 -1
0.626084871419500 -1
0.626086669526200 -1
0.626088558846300 -1
0.626090044527600 -1
0.626091202490100 -1
0.626093268408900 -1
0.626095555241800 -1
0.626096862826300 -1
0.626098233035900 -1
0.626099092553400 -1
0.626100622913700 -1
0.626101149294600 -1
0.626103071590300 -1
0.626106166803000 -1
0.626110424168900 -1
0.626111786635200 -1
0.626112371106800 -1
0.626113636738300 -1
0.626115586211200 -1
0.626116888631800 -1
0.626118709464600 -1
0.626120534853000 -1
0.626122794404800 -1
0.626124866032500 -1
0.626126810590300 -1
0.626127365782600 -1
0.626130546883100 -1
0.626132585330900 -1
0.626134359163500 -1
0.626136167657200 -1
0.626138635443200 -1
0.626140904543000 -1
0.626141752474800 -1
0.626142364319500 -1
0.626143926777400 -1
0.626146133461200 -1
0.626149219070400 -1
0.626149868419700 -1
0.626152893625300 -1
0.626156777281200 -1
0.626157362790300 -1
0.626161196620500 -1
0.626165217528200 -1
0.626166132649200 -1
0.626167439929300 -1
0.626168621566000 -1
0.626170017778400 -1
0.626171209044700 -1
0.626172361282500 -1
0.626174236085100 -1
0.626176149955800 -1
0.626177380301300 -1
0.626178942731700 -1
0.626180661018200 -1
0.626188876341600 -1
0.626190406494700 -1
0.626192045010900 -1
0.626199878200900 -1
0.626202634805900 -1
0.626203631409300 -1
0.626208607329300 -1
0.626209204325700 -1
0.626210521511500 -1
0.626212425304400 -1
0.626215072208900 -1
0.626232041378200 -1
0.626233391733300 -1
0.626234107699100 -1
0.626235683602000 -1
0.626239844744900 -1
0.626239932806700 -1
0.626438584575700 -1
0.626438585817700 -1
0.626493265274100 -1
0.626493581169800 -1
0.626496386376400 -1
0.626498032604400 -1
0.626499648974200 -1
0.626501085656000 -1
0.626514713849300 -1
0.626514832104500 -1
0.626525964524100 -1
0.626527404465700 -1
0.626534805420000 -1
0.626535031431700 -1
0.626542314278200 -1
0.626543706660900 -1
0.626547952663900 -1
0.626548583492400 -1
0.626551233676700 -1
0.626553831902500 -1
0.626554822946600 -1
0.626559236073400 -1
0.626561210913500 -1
0.626562480747500 -1
0.626563572069800 -1
0.626564821944500 -1
0.626566580975100 -1
0.626568532608000 -1
0.626569203544700 -1
0.626570251512300 -1
0.626572007891000 -1
0.626572349310800 149
0.626581070239400 -1
0.626581080558900 -1
0.626583252398900 -1
0.626583572889500 -1
0.626587778329800 -1
0.626589274731600 -1
0.626593256363200 -1
0.626593902085700 -1
0.626733398801400 -1
0.626733653469000 -1
0.626752986818300 -1
0.626756028413100 -1
0.626757077219300 -1
0.626763473911400 -1
0.626763767262000 -1
0.626832275000800 -1
0.626832608220200 -1
0.626837278444900 -1
0.626837347622000 -1
0.626839246957700 -1
0.626840424285800 -1
0.626844788385000 -1
0.626844794165400 -1
0.626846961513400 -1
0.626849170891900 -1
0.626850729105400 -1
0.626851047539100 -1
0.626857069018400 -1
0.626857431823300 -1
0.626858620933200 -1
0.626860690555700 -1
0.626905998692700 -1
0.626906042633700 -1
0.626920876813100 -1
0.626921036863300 -1
0.626922704916200 -1
0.626924958614900 -1
0.626967184992200 -1
0.626967494627200 -1
0.626996023273900 -1
0.626997591293700 -1
0.627013526826200 -1
0.627014466827000 -1
0.627015987360700 -1
0.627016056042300 -1
0.627030868810700 -1
0.627031658707700 -1
0.627034732992000 -1
0.627035561014100 -1
0.629991978499500 -1
0.629992154272600 -1
0.630016975984900 -1
0.630016976004000 -1
0.630071970454200 -1
0.630071970493000 -1
0.630074314008200 -1
0.630074471157900 -1
0.630105717111300 -1
0.630105718371200 -1
0.630115716032600 -1
0.630115873566700 -1
0.630121943350400 -1
0.630121970980500 -1
0.630124465232400 -1
0.630125090170500 -1
0.630126183633700 -1
0.630127014129400 -1
0.630129464654000 -1
0.630129660062600 -1
0.630144423549900 -1
0.630145832112900 -1
0.630148190881700 -1
0.630150166016900 -1
0.630151918437200 -1
0.630151962477000 -1
0.630156862495700 -1
0.630158368118500 -1
0.630162429534400 -1
0.630165898517700 -1
0.630170524435200 -1
0.630170710598300 -1
0.630175324000900 -1
0.630175710097300 -1
0.630179423171700 -1
0.630182363230700 -1
0.630185471489300 -1
0.630186679515300 -1
0.630190088577900 -1
0.630191997530300 -1
0.630193736059900 -1
0.630195664053700 -1
0.630197203228900 -1
0.630199513800000 -1
0.630201179214700 -1
0.630202070639600 -1
0.630203468589600 -1
0.630204691749500 -1
0.630206175884900 -1
0.630207254495100 -1
0.630208248664700 -1
0.630209730600100 -1
0.630211992472500 -1
0.630213854864300 -1
0.630214500241800 -1
0.630216375097500 -1
0.630217737140500 -1
0.630219319843400 -1
0.630219456023700 -1
0.630221220067100 -1
0.630222921021100 -1
0.630223309896200 -1
0.630224460094800 -1
0.630227248755000 -1
0.630228453645900 -1
0.630232579704800 -1
0.630233242185900 -1
0.630234493269100 -1
0.630237189847000 -1
0.630239634666100 -1
0.630241339247600 -1
0.630243212911300 -1
0.630244531327000 -1
0.630250820978600 -1
0.630252148017000 -1
0.630254482246900 -1
0.630256446865300 -1
0.630256951956000 -1
0.630259500570500 -1
0.630260707683200 -1
0.630263582800600 -1
0.630269466696400 -1
0.630270700654500 -1
0.630272908019400 -1
0.630274948199800 -1
0.630275858785300 -1
0.630276959716800 -1
0.630280077084800 -1
0.630283571940300 -1
0.630284606429500 -1
0.630286363281000 -1
0.630286952020500 -1
0.630288198825200 -1
0.630293208854100 -1
0.630294453114200 -1
0.630295698073600 -1
0.630297395471300 -1
0.630299686953100 -1
0.630300955982000 -1
0.630303836910900 -1
0.630306636947300 -1
0.630306946946900 -1
0.630308216351200 -1
0.630310760492000 -1
0.630311956873700 -1
0.630314133740700 -1
0.630315541628500 -1
0.630315696069300 -1
0.630318371701600 -1
0.630319449851100 -1
0.630320695575600 -1
0.630323250415600 -1
0.630324459839500 -1
0.630325724675900 -1
0.630326951276600 -1
0.630328883308400 -1
0.630329454485500 -1
0.630331007035300 -1
0.630332260411000 -1
0.630333429296600 -1
0.630334788261500 -1
0.630336358137600 -1
0.630338193900600 -1
0.630339464439400 -1
0.630340693945700 -1
0.630342880845700 -1
0.630344758137100 -1
0.630345693063300 -1
0.630346942938200 -1
0.630348516286300 -1
0.630349459798300 -1
0.630351551889300 -1
0.630351942513300 -1
0.630353817268200 -1
0.630354541061900 -1
0.630355701825900 -1
0.630356941936100 -1
0.630359441761900 -1
0.630360691560400 -1
0.630363211069800 -1
0.630364639261900 -1
0.630366003833100 -1
0.630367889630800 -1
0.630369168086500 40
0.630372954630700 -1
0.630373222131100 -1
0.630377464776100 -1
0.630379308027200 -1
0.630383618890300 -1
0.630384761528400 -1
0.630385728113800 -1
0.630387487158100 -1
0.630388358566500 -1
0.630389460965000 -1
0.630391510807100 -1
0.630395030346600 -1
0.630397067424100 -1
0.630399130091700 -1
0.630399440904500 -1
0.630401085609200 -1
0.630409260740200 -1
0.630409481612100 -1
0.630416385357900 -1
0.630418595033500 -1
0.630603166880300 -1
0.630603169855500 -1
0.630606911393400 -1
0.630606918106600 -1
0.630620254466300 -1
0.630621057324400 -1
0.630640230723900 -1
0.630640663509000 -1
0.630643898755200 -1
0.630644414387200 -1
0.630649370209700 -1
0.630650601859400 -1
0.630663667483100 -1
0.630665525673700 -1
0.630666189452300 -1
0.630666913315200 -1
0.630669542067900 -1
0.630673218835800 -1
0.630674576121500 -1
0.630675679833700 -1
0.630678905617500 -1
0.630679580765200 -1
0.630680972007900 -1
0.630683647809700 -1
0.630685659799900 -1
0.630688159518400 -1
0.630689799511500 -1
0.630690697858600 -1
0.630692995694300 -1
0.630693158410600 -1
0.630700637127900 -1
0.630700692503600 -1
0.630780024283600 -1
0.630781314206500 -1
0.630789061714300 -1
0.630790658238900 -1
0.630792513232000 -1
0.630793861045900 -1
0.630795643548000 -1
0.630796314182100 -1
0.630800053666000 -1
0.630801682723400 -1
0.630803109510500 -1
0.630807222476400 -1
0.630859369300100 -1
0.630859704135200 -1
0.630860951484900 -1
0.630861969776800 -1
0.630883139196200 -1
0.630883764143100 -1
0.630890560184500 -1
0.630890645821700 -1
0.630893824692200 -1
0.630894524793300 -1
0.630909361858700 -1
0.630909445177700 -1
0.630913052892600 -1
0.630913136394100 -1
0.630914658358500 -1
0.630916016947800 -1
0.630928754748200 -1
0.630929412381500 -1
0.632061771094700 -1
0.632062396194500 -1
0.632066458125000 -1
0.632066770605900 -1
0.632089226210400 -1
0.632089307551300 -1
0.632097704840900 -1
0.632098017481800 -1
0.632136723738100 -1
0.632137701115500 -1
0.632142933210700 -1
0.632143037979400 -1
0.632149848025700 -1
0.632151277530100 -1
0.632151965750700 -1
0.632157353868900 -1
0.632158012976500 -1
0.632159773691400 -1
0.632162559504600 -1
0.632163759662700 -1
0.632167073347800 -1
0.632171851368600 -1
0.632173167841300 -1
0.632174284872000 -1
0.632178634640600 -1
0.632179415560600 -1
0.632180980653500 -1
0.632182072648400 -1
0.632185589258400 -1
0.632186962559300 -1
0.632188110404500 -1
0.632191145564000 -1
0.632191758070200 -1
0.632195375959200 -1
0.632196535453400 -1
0.632197739021200 -1
0.632198012326600 -1
0.632202492174300 -1
0.632203185197500 -1
0.632205024962600 -1
0.632206014231700 -1
0.632207793174400 -1
0.632208358019300 -1
0.632211582289300 -1
0.632213064705300 -1
0.632215832920700 -1
0.632217097329500 -1
0.632218006049000 -1
0.632219572674900 -1
0.632221238148300 -1
0.632222401818300 -1
0.632224579489400 -1
0.632227328745400 -1
0.632228014202000 -1
0.632229899127700 -1
0.632230523793100 -1
0.632232066529700 -1
0.632233023531800 -1
0.632234566584600 -1
0.632235662545500 -1
0.632236792662000 -1
0.632243992217000 -1
0.632246752572300 -1
0.632253910007700 -1
0.632257904424300 -1
0.632258647281200 -1
0.632259798144700 -1
0.632262688345400 -1
0.632263254817900 -1
0.632361035229000 -1
0.632362287865700 -1
0.632368561127500 -1
0.632369454630100 -1
0.632371707605500 -1
0.632371839604600 -1
0.632372989907800 -1
0.632375273592100 -1
0.632377058045700 -1
0.632378090184600 -1
0.632379971158500 -1
0.632380970077400 -1
0.632385369886800 -1
0.632386017166700 -1
0.632387304757000 -1
0.632436342777400 -1
0.632436822103900 -1
0.633101581441300 -1
0.633102916928600 -1
0.633109464867600 -1
0.633110962964300 -1
0.633112585968200 -1
0.633113569991200 -1
0.633117512458400 -1
0.633120977869500 -1
0.633122385023000 -1
0.633123033202100 -1
0.633125410595200 -1
0.633129036619000 -1
0.633129965098400 -1
0.633132925371000 -1
0.633137435960100 -1
0.633139365620900 -1
0.633141928619900 -1
0.633144607242200 -1
0.633146689323300 -1
0.633148811533200 -1
0.633149823002100 -1
0.633151246056300 -1
0.633152725025000 -1
0.633157462596800 -1
0.633157913692300 -1
0.633160300394400 -1
0.633160469650300 -1
0.633161660951400 -1
0.633163672640300 -1
0.633165454713300 -1
0.633166661024500 -1
0.633168066497400 -1
0.633169948631300 -1
0.633240821451800 -1
0.633242053898900 -1
0.633243372657400 -1
0.633286648347600 -1
0.633287429903200 -1
0.633627864156700 -1
0.633627864156800 -1
0.633636613280000 -1
0.633636613280000 -1
0.633650361902200 -1
0.633650361902200 -1
0.633655361401100 -1
0.633655380930600 -1
0.633671131295600 -1
0.633672552091800 -1
0.633674450937000 -1
0.633675984997600 -1
0.633683702996500 -1
0.633685375490000 -1
0.633689638851500 -1
0.633692451452000 -1
0.633693880863600 -1
0.633696027495000 -1
0.633696629281400 -1
0.633697874251100 -1
0.633699724059400 -1
0.633700377043000 -1
0.633704106793300 -1
0.633735346309200 -1
0.633735434250500 -1
0.633744180260600 -1
0.633745990903000 -1
0.633747542642600 -1
0.633747917236600 -1
0.633986578210000 -1
0.633986578210000 -1
0.633996557516600 -1
0.633996577208000 -1
0.634005326330900 -1
0.634005426495200 -1
0.634010320890100 -1
0.634010501670300 -1
0.634015945684500 -1
0.634016899268400 -1
0.634020246557000 -1
0.634021585118600 -1
0.634026515509100 -1
0.634026574202000 -1
0.634031966207100 -1
0.634038475019900 -1
0.634066540136900 -1
0.634066932096300 -1
0.634235293520600 -1
0.634235308167600 -1
0.634246449552000 -1
0.634246942746200 -1
0.634254921216900 -1
0.634255322031700 -1
0.634258966108200 -1
0.634263759916900 -1
0.634264372637800 -1
0.634266619333600 -1
0.634287517099200 -1
0.634288398032200 -1
0.634416449063500 -1
0.634416774663400 -1
0.634419268591500 -1
0.634421662345400 -1
0.634425269504600 -1
0.634425521154800 -1
0.634428721938400 -1
0.634429478268200 -1
0.634539177781600 -1
0.634540274117700 -1
0.634544643600300 -1
0.634545705531800 -1
0.634547873629900 -1
0.634549304180600 -1
0.634633793577400 -1
0.634635440668200 -1
0.634638341437900 -1
0.634639250507400 -1
0.634640492289900 -1
0.634710542447800 -1
0.634711549565600 -1
0.634766968413000 -1
0.634767760000000 -1
0.634846178348700 -1
0.634846804506700 -1
0.634881172929800 -1
0.634881489222400 -1
0.634963980256200 -1
0.634963985151000 -1
0.646896521152600 -1
0.646896534502700 -1
0.646910867477500 -1
0.646911611118700 -1
0.646922735466400 -1
0.646922788052300 -1
0.646938795501400 -1
0.646939041880300 -1
0.646948715275100 -1
0.646949967039300 -1
0.646955200422500 -1
0.646955337547400 -1
0.646958866469700 -1
0.646959151652500 -1
0.646960278115000 -1
0.646968023922000 -1
0.646969032273100 -1
0.646971306135200 -1
0.646971741533400 -1
0.646973840817200 -1
0.646974339205900 -1
0.646976012676400 -1
0.646976605824700 -1
0.646980902270400 -1
0.646983870983100 -1
0.646984377768000 -1
0.646985295444500 -1
0.646989051944500 -1
0.646990372761500 -1
0.646991524983800 -1
0.646997587205200 -1
0.646997774357500 -1
0.646999027350500 -1
0.647001153987300 -1
0.647001758344500 -1
0.647004726785800 -1
0.647006572421600 -1
0.647008423050300 -1
0.647009453181500 -1
0.647010273105000 -1
0.647011557529600 -1
0.647012811922600 -1
0.647015545714300 -1
0.647016548607700 -1
0.647019806537300 -1
0.647020320026300 -1
0.647021521987300 -1
0.647022825798000 -1
0.647024765121500 -1
0.647025919183300 -1
0.647029192647400 -1
0.647030272321600 -1
0.647032517277900 -1
0.647033864808000 -1
0.647034177036600 -1
0.647036525721800 -1
0.647038102352500 -1
0.647039059284000 -1
0.647040275520500 -1
0.647041519973800 -1
0.647042774749900 -1
0.647044047841900 -1
0.647045284421500 -1
0.647046834430300 -1
0.647047773009300 -1
0.647049396406400 -1
0.647053131398700 -1
0.647054352227400 -1
0.647058095464200 -1
0.647059018296900 -1
0.647061107855900 -1
0.647062221863500 -1
0.647063393430300 -1
0.647064730569500 -1
0.647065267985000 -1
0.647066952406800 -1
0.647067806433200 -1
0.647069040791000 -1
0.647070320798600 -1
0.647071517044600 -1
0.647073079313600 -1
0.647074642990100 -1
0.647075814022500 -1
0.647076633642700 -1
0.647078127711200 -1
0.647080396126400 -1
0.647081524672300 -1
0.647083705888300 -1
0.647084021933800 -1
0.647085285443700 -1
0.647086516705100 -1
0.647091701110100 -1
0.647092921149100 -1
0.647096229457700 -1
0.647096540114800 -1
0.647097852233900 -1
0.647099336750700 -1
0.647100732792400 -1
0.647102152640200 -1
0.647103711083900 -1
0.647104192299900 -1
0.647105391185900 -1
0.647106519125600 -1
0.647108045070800 -1
0.647110263244700 -1
0.647111553152600 -1
0.647113739988100 -1
0.647114345317500 -1
0.647115958643200 -1
0.647116551827300 -1
0.647125261581700 -1
0.647125305600800 -1
0.647139941249900 -1
0.647141404373500 -1
0.647143772831800 -1
0.647144009703300 -1
0.647147453829900 -1
0.647148150028000 -1
0.647151945904000 -1
0.647153101057000 -1
0.647156958663400 -1
0.647160773886000 -1
0.647161507949800 -1
0.647163340734400 -1
0.647164092244200 -1
0.647165505963300 -1
0.647167841034900 -1
0.647171473384200 -1
0.647172229538900 -1
0.647173560270600 -1
0.647174551165000 -1
0.647175257182600 -1
0.647177133831000 -1
0.647177756626600 -1
0.647179324237700 -1
0.647180600008600 -1
0.647181745790000 -1
0.647182862128500 -1
0.647185568234200 -1
0.647187814826200 -1
0.647196499484100 -1
0.647200254219600 -1
0.647206173553200 -1
0.647211151489500 -1
0.647213051861000 -1
0.647215265523500 -1
0.647225632327800 -1
0.647226514654900 -1
0.647632705848200 -1
0.647633987496300 -1
0.647658879939600 -1
0.647659134479000 -1
0.647661074563500 -1
0.647662707724500 -1
0.647664037052600 -1
0.647670181642100 -1
0.647670255797600 -1
0.647673848986700 -1
0.647675209066100 -1
0.647677705382300 -1
0.647678056728800 -1
0.647682732698000 -1
0.647683955595300 -1
0.647685439676900 -1
0.647686554522300 -1
0.647691296753600 -1
0.647691457327100 -1
0.647693936994000 -1
0.647694457496100 -1
0.647697849505900 -1
0.647698956308800 -1
0.647702130286800 -1
0.647702944952800 -1
0.647705225406700 -1
0.647707560942000 -1
0.647709294110000 -1
0.647710753790500 -1
0.647711452917200 -1
0.647712746810300 -1
0.647714038600000 -1
0.647716719356200 -1
0.647719181248000 -1
0.647720280261400 -1
0.647724405103200 -1
0.647725260246600 -1
0.647727165330800 -1
0.647728292364300 -1
0.647728951124400 -1
0.647730201571300 -1
0.647731769407600 -1
0.647733952736500 -1
0.647737079983800 -1
0.647738684078800 -1
0.647740484986100 -1
0.647741651544300 -1
0.647743070769900 -1
0.647743989256900 -1
0.647746628837000 -1
0.647747914335100 -1
0.647749261551200 -1
0.647751537248200 -1
0.647752707403700 -1
0.647754808213500 -1
0.647755419142900 -1
0.647756448369300 -1
0.647758641714800 -1
0.647759422357200 -1
0.647760197964700 -1
0.647761457709700 -1
0.647762976630200 -1
0.647767285857000 -1
0.647769318373400 -1
0.647770196953000 -1
0.647777627677000 -1
0.647779259169300 -1
0.647781317304100 -1
0.647784625266800 -1
0.647787538927000 -1
0.647787695201900 -1
0.647792277813700 -1
0.647793241521900 -1
0.647926431201400 -1
0.647926441061400 -1
0.647939750119600 -1
0.647940260784900 -1
0.647952053004400 -1
0.647953001057500 -1
0.647957677345100 -1
0.647958033985100 -1
0.647962643431000 -1
0.647963596304200 -1
0.647968294730600 -1
0.647972027409600 -1
0.647972943274800 -1
0.647975642978000 -1
0.647976738755400 -1
0.647978362204600 -1
0.647979556094400 -1
0.647980213601400 -1
0.647981425785800 -1
0.647983244933300 -1
0.647984870269600 -1
0.647985195358900 -1
0.647991264463300 -1
0.647991456007500 -1
0.648042669648500 -1
0.648042669650900 -1
0.648052663592500 -1
0.648052668646500 -1
0.648057629086900 -1
0.648057671807200 -1
0.648068104635500 -1
0.648072168658000 -1
0.648073596560900 -1
0.648074248558200 -1
0.648078602937300 -1
0.648080168790200 -1
0.648083058511300 -1
0.648083921888800 -1
0.648085165400100 -1
0.648089313236300 -1
0.648092274041900 -1
0.648092743682600 -1
0.648143830623100 -1
0.648144330606200 -1
0.648145159454300 -1
0.648147692324200 -1
0.648148911548100 -1
0.648176406246800 -1
0.648176406246800 -1
0.648206325123600 -1
0.648206403241200 -1
0.648208384243200 -1
0.648209082746900 -1
0.648221396853000 -1
0.648221440872600 -1
0.648225033881000 -1
0.648225171306100 -1
0.648237567100500 -1
0.648237650130000 -1
0.650042464365900 -1
0.650042479099000 -1
0.650071216253300 -1
0.650071841305100 -1
0.650081209873100 -1
0.650081216586300 -1
0.650114961974200 -1
0.650115274759000 -1
0.650128705723900 -1
0.650128710606400 -1
0.650137459424300 -1
0.650139959794000 -1
0.650143684078400 -1
0.650143709103300 -1
0.650153590712700 -1
0.650154399636900 -1
0.650162661774800 -1
0.650163924536700 -1
0.650166140326500 -1
0.650166208682200 -1
0.650172407003500 -1
0.650172798200700 -1
0.650175502560300 -1
0.650176989562400 -1
0.650179501792900 -1
0.650179975005700 -1
0.650181447485800 -1
0.650185965503200 -1
0.650187130502700 -1
0.650188791919200 -1
0.650189958147800 -1
0.650198573919600 -1
0.650199341046000 -1
0.650204769952000 -1
0.650205752807000 -1
0.650206525114700 -1
0.650207750159900 -1
0.650208777768100 -1
0.650209952465100 -1
0.650211363588600 -1
0.650215114703300 -1
0.650216204280000 -1
0.650219855078300 -1
0.650220658363000 -1
0.650221513811200 -1
0.650222776173100 -1
0.650224172737800 -1
0.650225590412900 -1
0.650229996397300 -1
0.650231770834200 -1
0.650232753891700 -1
0.650235864942700 -1
0.650236385862500 -1
0.650237792043800 -1
0.650238699589000 -1
0.650241386553000 -1
0.650248001560600 -1
0.650249323541800 -1
0.650251846685300 -1
0.650253934435500 -1
0.650254947959600 -1
0.650256218662300 -1
0.650260341708000 -1
0.650262458344000 -1
0.650264947186600 -1
0.650266282928100 -1
0.650267449175700 -1
0.650269165319800 -1
0.650269946877500 -1
0.650271850568000 -1
0.650273095657900 -1
0.650274467801400 -1
0.650275110121500 -1
0.650279359572500 -1
0.650284945257700 -1
0.650286404802800 -1
0.650288892702900 -1
0.650289944602500 -1
0.650291204646200 -1
0.650292485717400 -1
0.650293854185400 -1
0.650296154764100 -1
0.650297155640400 -1
0.650301457952800 -1
0.650304269492300 -1
0.650307814095400 -1
0.650310494897900 -1
0.650318632899200 -1
0.650318734288600 -1
0.650393684053200 -1
0.650393684053300 -1
0.650407354539300 -1
0.650407432713600 -1
0.650431041749000 -1
0.650432127772800 -1
0.650436097970500 -1
0.650436668033100 -1
0.650437931288300 -1
0.650438679544300 -1
0.650448632678300 -1
0.650448679762800 -1
0.650450290026000 -1
0.650452004257800 -1
0.650452521160900 -1
0.650456991873800 -1
0.650457447194800 -1
0.650459434220900 -1
0.650459927491300 -1
0.650463166660900 -1
0.650463681922800 -1
0.650470364547000 -1
0.650471248498800 -1
0.650472426162500 -1
0.650475891988900 -1
0.650476825402800 -1
0.650478261247200 -1
0.650478831770700 -1
0.650481075158200 -1
0.650481254015600 -1
0.650482425160500 -1
0.650522421151900 -1
0.650522733621200 -1
0.650537963790100 -1
0.650538748275600 -1
0.650540078903700 -1
0.650541902881200 -1
0.650542710968100 -1
0.650543747294200 -1
0.650545180265800 -1
0.650546170080300 -1
0.650567416641100 -1
0.650568044031600 -1
0.650571146719300 -1
0.650571166326200 -1
0.650577403321300 -1
0.650577513685000 -1
0.650596106374800 -1
0.650597423441700 -1
0.650606003970800 -1
0.650606183511000 -1
0.651364660964100 -1
0.651365745504100 -1
0.651369833785300 -1
0.651369924423600 -1
0.651388371551800 -1
0.651389463390000 -1
0.651393127458200 -1
0.651394419255300 -1
0.651398145547800 -1
0.651399572067100 -1
0.651402958746000 -1
0.651403664677000 -1
0.651405944274300 -1
0.651406085051500 -1
0.651407801171400 -1
0.651410403521000 -1
0.651412692908200 -1
0.651413742965900 -1
0.651415586101100 -1
0.651416095182500 -1
0.651417661390900 -1
0.651421716410400 -1
0.651423113365400 -1
0.651426476223300 -1
0.651427332360500 -1
0.651428585381900 -1
0.651429910803800 -1
0.651431238875000 -1
0.651434790308600 -1
0.651434986269200 -1
0.651487324459500 -1
0.651487324464300 -1
0.651498236413700 -1
0.651498592864000 -1
0.651507224652300 -1
0.651508944161700 -1
0.651511144513000 -1
0.651514199995900 -1
0.651556974462300 -1
0.651559975912000 -1
0.651923530747200 -1
0.651923535629600 -1
0.651950401830500 -1
0.651951184264500 -1
0.651954771264000 -1
0.651954787388600 -1
0.651960868390400 -1
0.651963566567900 -1
0.651966939483200 -1
0.651968024060900 -1
0.651971640921200 -1
0.651972632435500 -1
0.651973535523400 -1
0.651976934789900 -1
0.651978355232900 -1
0.651981916343400 -1
0.651982328490400 -1
0.651985121695200 -1
0.651988311783900 -1
0.651989466561200 -1
0.651991375578100 -1
0.651992274015800 -1
0.651994168400600 -1
0.652049435929700 -1
0.652050161124100 -1
0.652310678154000 -1
0.652310991919800 -1
0.652316328456400 -1
0.652317553762500 -1
0.652340988112700 -1
0.652340988914100 -1
0.652344716563600 -1
0.652345140607900 -1
0.652356395937900 -1
0.652357259313200 197
0.652514716001800 -1
0.652514738631500 -1
0.652524412081000 -1
0.652524720502200 -1
0.652526044037800 -1
0.652537180190900 -1
0.652538469297100 -1
0.652540926000700 -1
0.652541447665800 -1
0.652665624361500 -1
0.652666158524100 -1
0.652758356534400 -1
0.652759721423800 -1
0.652763854730000 -1
0.652765153137800 -1
0.652935304357300 -1
0.652935972015100 -1
0.652938381433800 -1
0.652938664068100 -1
0.652968425962000 -1
0.652968426038300 -1
0.653059481243400 -1
0.660631251886600 -1
0.660631408130600 -1
0.660636407629400 -1
0.660636720098200 -1
0.660644844284000 -1
0.660645156752800 -1
0.660647656502100 -1
0.660647656502300 -1
0.660652646236600 -1
0.660652656077500 -1
0.660668903762700 -1
0.660668923902300 -1
0.660688897486600 -1
0.660688902380900 -1
0.660691402118500 -1
0.660691441793300 -1
0.660695073625500 -1
0.660695152968300 -1
0.660713821427400 -1
0.660713899864000 -1
0.660725771190000 -1
0.660727497299300 -1
0.660731396831500 -1
0.660732267164000 -1
0.660739209750200 -1
0.660740323074300 -1
0.660743564053900 -1
0.660743906660800 -1
0.660747490219300 -1
0.660747646635700 -1
0.660754989496200 -1
0.660755153055700 -1
0.660766355542200 -1
0.660766394603500 -1
0.660782603915700 -1
0.660782643022900 -1
0.660787327314100 -1
0.660787642627100 -1
0.660793889330600 -1
0.660794068145600 -1
0.660795766502200 -1
0.660796674777200 -1
0.660805094337300 -1
0.660807387811800 -1
0.660813577370500 -1
0.660814672390400 -1
0.660817569737200 -1
0.660817644365500 -1
0.660819826741900 -1
0.660821547138700 -1
0.660828585558900 -1
0.660830782882900 -1
0.660832530531700 -1
0.660833423561800 -1
0.660834179216100 -1
0.660837020742400 -1
0.660840877218000 -1
0.660842579855900 -1
0.660842762982700 -1
0.660845453701400 -1
0.660847045100400 -1
0.660847798845800 -1
0.660849352674900 -1
0.660852050692900 -1
0.660852635961300 -1
0.660854467671300 -1
0.660855145596000 -1
0.660856888790400 -1
0.660858890374700 -1
0.660860182456100 -1
0.660862095477100 -1
0.660862947428000 -1
0.660863884834000 -1
0.660865626261200 -1
0.660866697056100 -1
0.660870827788800 -1
0.660871389346900 -1
0.660872793120300 -1
0.660874441036300 -1
0.660875211828700 -1
0.660876383582100 -1
0.660878710399200 -1
0.660878904865500 -1
0.660880231551500 -1
0.660881637431600 -1
0.660882867312100 -1
0.660885135709500 -1
0.660887721842800 -1
0.660889908423000 -1
0.660890757477400 -1
0.660891561261100 -1
0.660892779056700 -1
0.660893883048600 -1
0.660895444648300 -1
0.660897671143900 -1
0.660899066898200 -1
0.660901391075400 -1
0.660902632171800 -1
0.660905621479500 -1
0.660906380661600 -1
0.660909058547100 -1
0.660910844435400 -1
0.660911403914100 -1
0.660912885091600 -1
0.660913880163700 -1
0.660915143125900 -1
0.660916726485800 -1
0.660917870532000 -1
0.660919742437200 -1
0.660920754135100 -1
0.660921401057800 -1
0.660923341862400 -1
0.660924581887300 -1
0.660925602292400 -1
0.660926809440700 -1
0.660928981193100 -1
0.660930450429100 -1
0.660932864834500 -1
0.660933893153600 -1
0.660937003318600 -1
0.660937628054700 -1
0.660940645522100 -1
0.660941377223600 -1
0.660942746114400 -1
0.660943878648900 -1
0.660945126692900 -1
0.660946396096800 -1
0.660947899897800 -1
0.660950772956500 -1
0.660952157337200 -1
0.660952939950000 -1
0.660956138273500 -1
0.660956668627800 -1
0.660958056705200 -1
0.660960125189800 -1
0.660962005192300 -1
0.660962625282800 -1
0.660963929170500 -1
0.660965223365100 -1
0.660966397225300 -1
0.660969074507600 -1
0.660970360376500 -1
0.660971374062500 -1
0.660972839376900 -1
0.660973956833000 -1
0.660976686770900 -1
0.660978248378500 -1
0.660979029550300 -1
0.660980123234300 -1
0.660982310590800 -1
0.660982782917200 -1
0.660983872886300 -1
0.660985127605200 -1
0.660986377452000 -1
0.660988482467100 -1
0.660989698646400 -1
0.660990124205400 -1
0.660992641577200 -1
0.660993874344500 -1
0.660995844877500 -1
0.660996772256100 -1
0.660997627545900 -1
0.660999497505600 -1
0.661000573104400 -1
0.661001842516900 -1
0.661002620969400 -1
0.661003895560900 -1
0.661005121024400 -1
0.661006409619000 -1
0.661007620431300 -1
0.661008870305000 -1
0.661010281313100 -1
0.661011370818400 -1
0.661013909339500 -1
0.661016999416100 -1
0.661018205717100 -1
0.661018930544200 -1
0.661020436528800 -1
0.661021388581800 -1
0.661022618927300 -1
0.661025118676800 -1
0.661026412797600 -1
0.661030440449300 -1
0.661031407113900 -1
0.661032629151300 -1
0.661033877574200 -1
0.661035117674700 -1
0.661036368159900 -1
0.661037990161700 -1
0.661038867299000 -1
0.661040743332000 -1
0.661041367049700 -1
0.661042616923300 -1
0.661043881464600 -1
0.661045742220500 -1
0.661046525224300 -1
0.661047772694700 -1
0.661048885864500 -1
0.661050282170700 -1
0.661051366351700 -1
0.661052694343600 -1
0.661054022030500 -1
0.661055117196500 -1
0.661056365545500 -1
0.661057615439300 -1
0.661058867736500 -1
0.661060120061600 -1
0.661061369926800 -1
0.661062616867300 -1
0.661063946585400 -1
0.661068825224600 -1
0.661068874076900 -1
0.661074932905200 -1
0.661076385684900 -1
0.661078519161600 -1
0.661082164441200 -1
0.661083835752000 -1
0.661085116699600 -1
0.661088481377700 -1
0.661089331030800 -1
0.661094115955200 -1
0.661098105917100 -1
0.661100501748200 -1
0.661104665191500 -1
0.661105234617600 -1
0.661106678142700 -1
0.661115089925100 -1
0.661115232976200 -1
0.661117401950800 -1
0.661118669589200 -1
0.661120490344400 -1
0.661121603106700 -1
0.661127425481200 -1
0.661128353723200 -1
0.661129005801300 -1
0.661130375410800 -1
0.661381332980500 -1
0.661381332980500 -1
0.661417574387200 -1
0.661418364183000 -1
0.661419976490000 -1
0.661420096205000 -1
0.661422378669600 -1
0.661422578847300 -1
0.661425071224800 -1
0.661425240934000 -1
0.661431010500300 -1
0.661431691725500 -1
0.661436190721400 -1
0.661436686809000 -1
0.661438827257200 -1
0.661440248440300 -1
0.661442570455900 -1
0.661443129423300 -1
0.661444609324700 -1
0.661445096123200 -1
0.661447352992300 -1
0.661449148255800 -1
0.661450863083900 -1
0.661451534099400 -1
0.661452576528500 -1
0.661453885030700 -1
0.661455096456200 -1
0.661456325668800 -1
0.661457575340600 -1
0.661459148689200 -1
0.661460080126500 -1
0.661461334729800 -1
0.661462574839300 -1
0.661465252807900 -1
0.661466951234700 -1
0.661467614760900 -1
0.661472573222100 -1
0.661472886630200 -1
0.661478182250400 -1
0.661479519564300 -1
0.661562252255200 -1
0.661562721058400 -1
0.661568731877100 -1
0.661568814824900 -1
0.661578168374500 -1
0.661579291816300 -1
0.661580971000100 -1
0.661581948263200 -1
0.661583801987100 -1
0.661585380460600 -1
0.661588718763100 -1
0.661589070484900 -1
0.661593791782500 -1
0.661595162957100 -1
0.661596493252400 -1
0.661604754709200 -1
0.661605397455500 -1
0.661606398965400 -1
0.661663795518300 -1
0.661663805610900 -1
0.661665909317700 -1
0.661666852512000 -1
0.661668768358500 -1
0.661670781791800 -1
0.661671470090600 -1
0.661672929158000 -1
0.661707198763000 -1
0.661709125082100 -1
0.661728798161000 -1
0.661728798163400 -1
0.661730984673800 -1
0.661731856460500 -1
0.662951165825600 -1
0.662951175742800 -1
0.662963674404500 -1
0.662963674414000 -1
0.662969913716800 -1
0.662969924028500 -1
0.662979922784300 -1
0.662979942315700 -1
0.662992421476000 -1
0.662992421533300 -1
0.663004915390100 -1
0.663004922112800 -1
0.663032260449900 -1
0.663032624452000 -1
0.663036154926600 -1
0.663037417024300 -1
0.663041158961000 -1
0.663042125270200 -1
0.663042416523300 -1
0.663043716457000 -1
0.663046124303000 -1
0.663046529881200 -1
0.663054943776900 -1
0.663056165298100 -1
0.663066235152900 -1
0.663067492746000 -1
0.663069052487700 -1
0.663071515977000 -1
0.663073619921900 -1
0.663076827286100 -1
0.663078663606300 -1
0.663079915206900 -1
0.663083771048400 -1
0.663084912569900 -1
0.663088894841200 -1
0.663091406520300 -1
0.663093817699200 -1
0.663095856031400 -1
0.663096180667100 -1
0.663099615073900 -1
0.663099917020100 -1
0.663101450263600 -1
0.663102803543000 -1
0.663105657866800 -1
0.663107139058200 -1
0.663107883941600 -1
0.663109118862800 -1
0.663111279623400 -1
0.663112749059800 -1
0.663113708226300 -1
0.663114909587200 -1
0.663116237269700 -1
0.663117418793200 -1
0.663118658883000 -1
0.663120228554900 -1
0.663122901622000 -1
0.663123971708900 -1
0.663124908409300 -1
0.663126236334500 -1
0.663127408006600 -1
0.663128657920100 -1
0.663130613251800 -1
0.663131236596400 -1
0.663134086161400 -1
0.663135051803400 -1
0.663138546517800 -1
0.663138813113300 -1
0.663140416806500 -1
0.663143596549300 -1
0.663145034701800 -1
0.663228950259900 -1
0.663230229895900 -1
0.663235892808400 -1
0.663238552321900 -1
0.663241152458100 -1
0.663242396511900 -1
0.663244320810100 -1
0.663248745648000 -1
0.663250384612800 -1
0.663290687219600 -1
0.663291141598500 -1
0.663304499024600 -1
0.663304895513200 -1
0.663309577079200 -1
0.663309930056800 -1
0.663319779779700 -1
0.663320206145100 -1
0.663321719588800 -1
0.663322544701800 -1
0.663787332109600 -1
0.663787341912500 -1
0.663820771141400 -1
0.663821088802400 -1
0.663843580103000 -1
0.663843664724400 -1
0.663845927291100 -1
0.663846242589300 -1
0.663852886179300 -1
0.663853730509300 -1
0.663856845842700 -1
0.663857340058500 -1
0.663859424948900 -1
0.663860459547100 -1
0.663864800147800 -1
0.663865166106700 -1
0.663867468470100 -1
0.663869248710100 -1
0.663869843401300 -1
0.663871753653900 -1
0.663872333357300 -1
0.663874234152000 -1
0.663875155951600 -1
0.663877240237900 -1
0.663877334076800 -1
0.663878582750500 -1
0.663879862816500 -1
0.663928167525500 -1
0.663929702220800 -1
0.663930412695900 -1
0.663932505980500 -1
0.663943566443100 -1
0.663943581100400 -1
0.663951011994800 -1
0.663951105438800 -1
0.664198550659600 -1
0.664198550667100 -1
0.664228376779600 -1
0.664229798318500 -1
0.664237609096200 -1
0.664238805422600 -1
0.664240145758900 -1
0.664241046408600 -1
0.664242676949300 -1
0.664249410098300 -1
0.664251245772500 -1
0.664252650078600 -1
0.664254787067500 -1
0.664254834395300 -1
0.664279791147800 -1
0.664279851243200 -1
0.664281052165100 -1
0.664458523318100 -1
0.664459930881400 -1
0.664462178420400 -1
0.664463330829300 -1
0.664464125470700 -1
0.664465606737500 -1
0.664466023863500 -1
0.664590698259500 -1
0.664591324122000 -1
0.664593388418300 -1
0.664593985894200 -1
0.664596156962700 -1
0.664597339482800 -1
0.664600927141500 -1
0.664603342361300 -1
0.664604854021800 -1
0.664693500910700 -1
0.664694057664800 -1
0.664697081748400 -1
0.664698106469700 -1
0.664757703542300 -1
0.664758494556600 -1
0.664809739418600 -1
0.664809740049700 -1
0.664845985758900 -1
0.664845995571300 -1
0.664878082175600 -1
0.664878483333200 -1
0.664900648259100 -1
0.664901926866100 -1
0.664934399773700 -1
0.664935040603400 -1
0.670348947516600 -1
0.670349203841100 -1
0.670357152263200 -1
0.670357933435100 -1
0.670359724139100 -1
0.670360433184500 -1
0.670361985448000 -1
0.670362933860000 -1
0.670364983505000 -1
0.670365549897400 -1
0.670368098680000 -1
0.670381389748400 -1
0.670383404887600 -1
0.670385476987400 -1
0.670386840498000 -1
0.670392129573900 -1
0.670392964118600 -1
0.670395569290300 -1
0.670398966133000 -1
0.670399663838400 -1
0.670400429427200 -1
0.670403361029600 -1
0.670404916101600 -1
0.670405557853600 -1
0.670409609479500 -1
0.670410429395400 -1
0.670413145528700 -1
0.670414905879200 -1
0.670416912510100 -1
0.670419313459800 -1
0.670420429866600 -1
0.670422302600000 -1
0.670423127257400 -1
0.670424179239200 -1
0.670425666687400 -1
0.670427013784500 -1
0.670428342141800 -1
0.670430230915700 -1
0.670430426739400 -1
0.670431715256400 -1
0.670434193938600 -1
0.670435425671900 -1
0.670436758315600 -1
0.670438551582000 -1
0.670440457592000 -1
0.670442947654000 -1
0.670445728560100 -1
0.670448008714000 -1
0.670449486875500 -1
0.670450512049400 -1
0.670451675572300 -1
0.670452926530800 -1
0.670454176252500 -1
0.670455423665500 -1
0.670457338168000 -1
0.670458277388200 -1
0.670459174243500 -1
0.670460662016900 -1
0.670461673224600 -1
0.670462966932400 -1
0.670464954423600 -1
0.670465735551800 -1
0.670470402749000 -1
0.670471369411400 -1
0.670471712328300 -1
0.670473695803700 -1
0.670474172263500 -1
0.670475598769700 -1
0.670477961308700 -1
0.670479329991200 -1
0.670481671648900 -1
0.670482920910000 -1
0.670484170784800 -1
0.670486696166500 -1
0.670487920409000 -1
0.670489521989800 -1
0.670490478784500 -1
0.670495444379000 -1
0.670496747649500 -1
0.670499193740500 -1
0.670500460665800 -1
0.670501683685900 -1
0.670502918930600 -1
0.670504178624100 -1
0.670505428448800 -1
0.670506668530300 -1
0.670508094168600 -1
0.670511043095500 -1
0.670511709529400 -1
0.670512918059200 -1
0.670514245895900 -1
0.670515422554900 -1
0.670516667528300 -1
0.670517918127800 -1
0.670519167277800 -1
0.670520417190800 -1
0.670521667027300 -1
0.670522918122600 -1
0.670524203044100 -1
0.670527278706700 -1
0.670529324952000 -1
0.670534135384000 -1
0.670534869142400 -1
0.670535985958800 -1
0.670536666763900 -1
0.670539069410000 -1
0.670539165351500 -1
0.670544170753500 -1
0.670546060373600 -1
0.670546809744000 -1
0.670547929392000 -1
0.670550657696000 -1
0.670555413640700 -1
0.670556058283800 -1
0.670560311470900 -1
0.670560882759000 -1
0.670565334516300 -1
0.670565413102000 -1
0.670569096288800 -1
0.670569253093800 -1
0.670705379086200 -1
0.670705398615600 -1
0.670721020828700 -1
0.670724149864500 -1
0.670731628897000 -1
0.670731978137000 -1
0.670740287693700 -1
0.670740630146600 -1
0.670744925269500 -1
0.670745415121400 -1
0.670757227199100 -1
0.670758090178500 -1
0.670760343786000 -1
0.670760393109300 -1
0.670762872367800 -1
0.670762903877400 -1
0.670764142728800 -1
0.670765996479800 -1
0.670768298234600 -1
0.670769946583900 -1
0.670772032795100 -1
0.670773220109200 -1
0.670775391601700 -1
0.670777814561700 -1
0.670779805339500 -1
0.670781986619500 -1
0.670783165493600 -1
0.670784571304300 -1
0.670785739397200 -1
0.670786640941500 -1
0.670789763808200 -1
0.670790390098500 -1
0.670792343107700 -1
0.670793385823400 -1
0.670794140027900 -1
0.670796169548000 -1
0.670798514551400 -1
0.670874131702000 -1
0.670874756644700 -1
0.670881299023600 -1
0.670882513535400 -1
0.670884763374000 -1
0.670885556649500 -1
0.670887189720100 -1
0.670888116122800 -1
0.670927874640300 -1
0.670928660110300 -1
0.670932855757400 -1
0.670933267991500 -1
0.670957371958900 -1
0.670957924607700 -1
0.670968492367900 -1
0.670969454834400 -1
0.671832785629300 -1
0.671832785640000 -1
0.671841534763300 -1
0.671842198764000 -1
0.671871531681000 -1
0.671871844245500 -1
0.671883786388500 -1
0.671884655442100 -1
0.671886491184900 -1
0.671888152921100 -1
0.671890181849600 -1
0.671891159021300 -1
0.671892641028200 -1
0.671892779666100 -1
0.671896114555700 -1
0.671896549391800 -1
0.671902596424300 -1
0.671903567116700 -1
0.671915493375000 -1
0.671916527558200 -1
0.671918503274100 -1
0.671924228246900 -1
0.671925276677600 -1
0.671928092323000 -1
0.671929038284400 -1
0.671930635039600 -1
0.671934969751300 -1
0.671935963168200 -1
0.671936567921900 -1
0.671938428313600 -1
0.671940345758900 -1
0.671942774866200 -1
0.671944613611600 -1
0.671945666174600 -1
0.671949199785300 -1
0.671950742569500 -1
0.671952148698900 -1
0.671953409691500 -1
0.671954377464800 -1
0.671958227015900 -1
0.671959936636200 -1
0.672020178970700 -1
0.672020286410400 -1
0.672022727224000 -1
0.672022766701500 -1
0.672028728576000 -1
0.672031632393300 -1
0.672033251553300 -1
0.672034641937900 -1
0.672455847468600 -1
0.672457264253000 -1
0.672460217233600 -1
0.672460222764500 -1
0.672465143968100 -1
0.672465633949800 -1
0.672467830934000 -1
0.672472282108400 -1
0.672473981173300 -1
0.672476490666000 -1
0.672478970273800 -1
0.672479752368000 -1
0.672480374950900 -1
0.672497631125200 -1
0.672497719161700 -1
0.672501468316600 -1
0.672501606633200 -1
0.672506448601000 -1
0.672506468283100 -1
0.672510803480300 -1
0.672512190442300 -1
0.672720831390400 -1
0.672721468897000 -1
0.672727469285500 -1
0.672728223871800 -1
0.672734267581300 -1
0.672735632084500 -1
0.672736447738200 -1
0.672737707341300 -1
0.672756429018200 -1
0.672757800195800 -1
0.672885724223500 -1
0.672889065788400 -1
0.672895179177500 -1
0.672895179187000 -1
0.672900178672900 -1
0.672900846335700 -1
0.672978919564500 -1
0.672978941840800 -1
0.672984872724400 -1
0.672985249229000 -1
0.673049998712500 -1
0.673050178525900 -1
0.673088899999100 -1
0.673088919529600 -1
0.673096054335100 -1
0.673096892583000 -1
0.673127655881000 -1
0.673129608810300 -1
0.677041012350100 -1
0.677041013723500 -1
0.677045915575800 -1
0.677046013832500 -1
0.677048503207100 -1
0.677048513658300 -1
0.677066008157200 -1
0.677066017321200 -1
0.677071909064700 -1
0.677072283821200 -1
0.677076010062100 -1
0.677076030050700 -1
0.677084757966300 -1
0.677084798708000 -1
0.677105343061300 -1
0.677106095096900 -1
0.677118505805200 -1
0.677119761327500 -1
0.677129128367000 -1
0.677129809832900 -1
0.677132249382700 -1
0.677132296079800 -1
0.677143456867600 -1
0.677143504673300 -1
0.677147066328000 -1
0.677147565545700 -1
0.677150846456700 -1
0.677152907576500 -1
0.677157250834500 -1
0.677158501949800 -1
0.677159762128800 -1
0.677161687617000 -1
0.677162251726600 -1
0.677163753598200 -1
0.677165542719900 -1
0.677166002195300 -1
0.677167325378700 -1
0.677169328912200 -1
0.677169750822500 -1
0.677171113438500 -1
0.677173530615900 -1
0.677174755213400 -1
0.677177681285300 -1
0.677178739796700 -1
0.677179754868900 -1
0.677190476616200 -1
0.677191159812300 -1
0.677193186300500 -1
0.677193634176200 -1
0.677195398891800 -1
0.677196573134800 -1
0.677198185882100 -1
0.677203830663400 -1
0.677204923714800 -1
0.677205999834800 -1
0.677210760540600 -1
0.677212491462200 -1
0.677217615288800 -1
0.677224154248800 -1
0.677224745311500 -1
0.677227267432100 -1
0.677228864814100 -1
0.677230291897900 -1
0.677231656920600 -1
0.677232245288300 -1
0.677236492391100 -1
0.677237244059000 -1
0.677239744457100 -1
0.677240996506400 -1
0.677242243863100 -1
0.677245244137500 -1
0.677245993201300 -1
0.677247243058200 -1
0.677250017956600 -1
0.677253493060200 -1
0.677254744749100 -1
0.677256236339500 -1
0.677258507492300 -1
0.677259745776900 -1
0.677261147913700 -1
0.677262249030100 -1
0.677263649188800 -1
0.677264761138500 -1
0.677265996195300 -1
0.677267241053100 -1
0.677268500702500 -1
0.677269741155300 -1
0.677270992056400 -1
0.677272241169800 -1
0.677276928640500 -1
0.677277557574900 -1
0.677280284598900 -1
0.677285095511800 -1
0.677287286265500 -1
0.677291988652200 -1
0.677415975843100 -1
0.677417431081800 -1
0.677426891382500 -1
0.677428037928700 -1
0.677430037227200 -1
0.677433163167100 -1
0.677435851170700 -1
0.677436032884700 -1
0.677439089250000 -1
0.677441613669700 -1
0.677445289615700 -1
0.677446833823600 -1
0.677453392785500 -1
0.677455102491400 -1
0.677456802203500 -1
0.677458120995400 -1
0.677460573904300 -1
0.677461671333300 -1
0.677462866156100 -1
0.677463508225800 -1
0.677464890390300 -1
0.677466596381000 -1
0.677470298705100 -1
0.677522132187500 -1
0.677522215525900 -1
0.677527612214200 -1
0.677528511473800 -1
0.677530145100800 -1
0.677531922802300 -1
0.677560805193900 -1
0.677562408148400 -1
0.677590794407000 -1
0.677592563544200 -1
0.678208357675800 -1
0.678208396739800 -1
0.678214645941900 -1
0.678214655887700 -1
0.678232144340700 -1
0.678232144360200 -1
0.678243393060500 -1
0.678243413830600 -1
0.678252140830000 -1
0.678252455740200 -1
0.678255877328500 -1
0.678256138621800 -1
0.678258384956300 -1
0.678258391729800 -1
0.678261491393800 -1
0.678262183371400 -1
0.678265611263700 -1
0.678265910814100 -1
0.678267146650800 -1
0.678269680481400 -1
0.678271242575000 -1
0.678272453431200 -1
0.678280312735600 -1
0.678281226502600 -1
0.678282139390500 -1
0.678286821622600 -1
0.678287271658700 -1
0.678288388723800 -1
0.678289978447600 -1
0.678294840076000 -1
0.678297296675800 -1
0.678298486591700 -1
0.678300892966400 -1
0.678302513018300 -1
0.678303701215200 -1
0.678304727041900 -1
0.678306590037200 -1
0.678307139951600 -1
0.678308387501800 -1
0.678309636619000 -1
0.678311973920800 -1
0.678314178398500 -1
0.678355872195000 -1
0.678359439123700 -1
0.678364019055300 -1
0.678366916041800 -1
0.678387107383700 -1
0.678387140314900 -1
0.678642102667700 -1
0.678642103583100 -1
0.678659289055800 -1
0.678659640907300 -1
0.678665479829100 -1
0.678665850898300 -1
0.678668813171500 -1
0.678669600522500 -1
0.678671389816000 -1
0.678672725209400 -1
0.678677084834000 -1
0.678677207239400 -1
0.678680324768900 -1
0.678680849395300 -1
0.678687023784800 -1
0.678689796328900 -1
0.678692938451800 -1
0.678714273470100 -1
0.678714642090700 -1
0.678862080928900 -1
0.678862242351600 -1
0.678869189877200 -1
0.678869751102000 -1
0.678871344696100 -1
0.678872251154600 -1
0.678875504388900 -1
0.678876464560100 -1
0.678877463600500 -1
0.678878329606400 -1
0.678881272992800 -1
0.678893912431500 -1
0.678895354659200 -1
0.678972695149400 -1
0.678973320086800 -1
0.678981336150400 -1
0.678982098504500 -1
0.678985190815300 -1
0.678985852117400 -1
0.678989231266900 -1
0.678991423986200 -1
0.679055425810400 -1
0.679056007535400 -1
0.679106841777000 -1
0.679107086007800 -1
0.679202046422200 -1
0.679202087455200 -1
0.682184248090600 -1
0.682184336201300 -1
0.682187973455800 -1
0.682187997943800 -1
0.682205496037600 -1
0.682205497487400 -1
0.682209240779400 -1
0.682209329177900 -1
0.682211725729200 -1
0.682211746174300 -1
0.682213490372200 -1
0.682215203851100 -1
0.682217838216600 -1
0.682217999870900 -1
0.682219534623600 -1
0.682222433737700 -1
0.682226690020500 -1
0.682227628691300 -1
0.682230824520000 -1
0.682233677875900 -1
0.682235020233500 -1
0.682235503578300 -1
0.682238039945100 -1
0.682239254001000 -1
0.682240492683300 -1
0.682243370899300 -1
0.682244870010300 -1
0.682247435424900 -1
0.682247991931800 -1
0.682249878344200 -1
0.682252020328500 -1
0.682252991430800 -1
0.682254442110100 -1
0.682255532737500 -1
0.682257143999300 -1
0.682259261709500 -1
0.682261120842200 -1
0.682261833931200 -1
0.682263616588900 -1
0.682264240303500 -1
0.682265490178300 -1
0.682266818171500 -1
0.682267990690600 -1
0.682269864749400 -1
0.682270520575600 -1
0.682271739555000 -1
0.682272994311500 -1
0.682274629901800 -1
0.682275494059800 -1
0.682276902422700 -1
0.682282746594800 -1
0.682282988424800 -1
0.682285218541900 -1
0.682286194326700 -1
0.682289353602800 -1
0.682292918807900 -1
0.682293029310100 -1
0.682294474578500 -1
0.682296972725400 -1
0.682385475674300 -1
0.682385479377300 -1
0.682388885989300 -1
0.682389434994400 -1
0.682404206283600 -1
0.682404578008600 -1
0.682406724708700 -1
0.682406732852900 -1
0.682408052790900 -1
0.682410532600900 -1
0.682412505680400 -1
0.682413944596700 -1
0.682415475353700 -1
0.682417688104900 -1
0.682454191819000 -1
0.682454848720400 -1
0.682459171941000 -1
0.682459242887500 -1
0.682462941091500 -1
0.682462987976400 -1
0.682465546120300 -1
0.682466926232200 -1
0.682481708745300 -1
0.682484223237200 -1
0.682490155031800 -1
0.682490475114200 -1
0.682503430772200 -1
0.682504251534200 -1
0.683005416020700 -1
0.683005418471400 -1
0.683009009416200 -1
0.683009478125600 -1
0.683018420015800 -1
0.683019792035800 -1
0.683021273663200 -1
0.683021822162100 -1
0.683026661380600 -1
0.683027294045500 -1
0.683032442755100 -1
0.683033070130900 -1
0.683039222133300 -1
0.683041247407800 -1
0.683041662407900 -1
0.683044409341700 -1
0.683045412022300 -1
0.683047766540500 -1
0.683048615728100 -1
0.683049161966100 -1
0.683051672764400 -1
0.683053067505100 -1
0.683055252267200 -1
0.683055733296100 -1
0.683082900328300 -1
0.683082930926600 -1
0.683087906798200 -1
0.683088242609700 -1
0.683093609387500 -1
0.683095507054100 -1
0.683111442082200 -1
0.683111738849000 -1
0.683328422826100 -1
0.683329134353600 -1
0.683334088753400 -1
0.683334510250800 -1
0.683335884145400 -1
0.683338507803900 -1
0.683341950494800 -1
0.683360011171600 -1
0.683360481024400 -1
0.683473474518400 -1
0.683474199667800 -1
0.683480990287800 -1
0.683483185352800 -1
0.683491558491300 -1
0.683491695959800 -1
0.683493800873700 -1
0.683494196853100 -1
0.683566444672600 -1
0.683568043510800 -1
0.683654061890600 -1
0.683654120564300 -1
0.683656576363400 -1
0.683656796144200 -1
0.683681587108400 -1
0.683682926643400 -1
0.685951370806400 -1
0.685951370816000 -1
0.685973868408900 -1
0.685974024795800 -1
0.685977618109400 -1
0.685977647479800 -1
0.685987617183800 -1
0.685987929652500 -1
0.686000740868600 -1
0.686001395104100 -1
0.686010091280500 -1
0.686010117523000 -1
0.686014870139800 -1
0.686016523403500 -1
0.686033698791300 -1
0.686034054648000 -1
0.686036360420100 -1
0.686038940180300 -1
0.686041491301700 -1
0.686042611672800 -1
0.686043950898100 -1
0.686045111422300 -1
0.686046540780000 -1
0.686047983757400 -1
0.686049031928000 -1
0.686051613866000 -1
0.686055784584400 -1
0.686056582775800 -1
0.686058672151800 -1
0.686059487002400 -1
0.686060623326800 -1
0.686061672262700 -1
0.686065417115600 -1
0.686066488750900 -1
0.686068709069100 -1
0.686069252704900 -1
0.686071925343000 -1
0.686074014842800 -1
0.686075132910300 -1
0.686076362049500 -1
0.686077683194600 -1
0.686079485419200 -1
0.686081051481400 -1
0.686081553117600 -1
0.686082783430800 -1
0.686083880311000 -1
0.686085107744100 -1
0.686086357289100 -1
0.686087607168500 -1
0.686088897318300 -1
0.686090888085000 -1
0.686092611546300 -1
0.686093856556600 -1
0.686095106717400 -1
0.686096444550200 -1
0.686103921921900 -1
0.686106760278700 -1
0.686110024231700 -1
0.686111361000300 -1
0.686186346038700 -1
0.686186972215900 -1
0.686193817156200 -1
0.686194708304800 -1
0.686200056706300 -1
0.686200567513100 -1
0.686201365486700 -1
0.686204627007500 -1
0.686230092540800 -1
0.686230415767000 -1
0.686232431498700 -1
0.686232617060400 -1
0.686237103587900 -1
0.686237593478400 -1
0.686240870572700 -1
0.686242712500400 -1
0.686256261508500 -1
0.686256540507100 -1
0.686657550049700 -1
0.686657706284100 -1
0.686668734706500 -1
0.686670051422100 -1
0.686687470833500 -1
0.686690051847500 -1
0.686691347120000 -1
0.686692741838400 -1
0.686694131052200 -1
0.686695046297000 -1
0.686697077376900 -1
0.686721293662000 -1
0.686721918599700 -1
0.686725032298300 -1
0.686725204422000 -1
0.686727543029700 -1
0.686727895326100 -1
0.686906190166800 -1
0.686906275201300 -1
0.686911566559600 -1
0.686912758851500 -1
0.686916013098900 -1
0.686916274125700 -1
0.686917627538100 -1
0.686919404955700 -1
0.686933635783300 -1
0.686934046577500 -1
0.687010014729200 -1
0.687010014729300 -1
0.687023372765000 -1
0.687024427468200 -1
0.687025013226300 -1
0.687029619027800 -1
0.687030129297100 -1
0.687131241585200 -1
0.687131408815200 -1
0.689019774254400 -1
0.689019813937600 -1
0.689035746511100 -1
0.689038025658500 -1
0.689041324169500 -1
0.689042584726800 -1
0.689045634649400 -1
0.689046979056000 -1
0.689048834011700 -1
0.689049810321400 -1
0.689051197295900 -1
0.689053013134900 -1
0.689056436954700 -1
0.689057726493700 -1
0.689062153001600 -1
0.689063189588500 -1
0.689063573748700 -1
0.689066723776700 -1
0.689067837541800 -1
0.689069287336900 -1
0.689070464229400 -1
0.689074408268000 -1
0.689076683276800 -1
0.689077318589100 -1
0.689078579563500 -1
0.689080442627600 -1
0.689081066954900 -1
0.689082466982300 -1
0.689083561821800 -1
0.689084806814300 -1
0.689086056727200 -1
0.689092159541200 -1
0.689093638964600 -1
0.689097364721800 -1
0.689135739210300 -1
0.689136051679000 -1
0.689143550925100 -1
0.689143550965600 -1
0.689145386375900 -1
0.689146089754700 -1
0.689158468477000 -1
0.689158549424500 -1
0.689159831423100 -1
0.689161156394200 -1
0.689162965486500 -1
0.689167941424300 -1
0.689168888355000 -1
0.689169798297300 -1
0.689528355963000 -1
0.689528512360100 -1
0.689531402657100 -1
0.689532263500500 -1
0.689540920711800 -1
0.689541405086900 -1
0.689542260972800 -1
0.689545568070900 -1
0.689546708824100 -1
0.689547270236400 -1
0.689550777580100 -1
0.689553421654000 -1
0.689553509845500 -1
0.689555098910100 -1
0.689556772042200 -1
0.689558599712400 -1
0.689729707989800 -1
0.689729821525400 -1
0.689734517269700 -1
0.689735064695900 -1
0.689745050099500 -1
0.689746460514300 -1
0.689873203759300 -1
0.689874914398200 -1
0.689928911527000 -1
0.689929803627300 -1
0.691379576855200 -1
0.691379889323900 -1
0.691382076604700 -1
0.691382086369400 -1
0.691391997476000 -1
0.691392407610600 -1
0.691404569467900 -1
0.691404886824100 -1
0.691412054069500 -1
0.691412720849900 -1
0.691418068977200 -1
0.691418401700900 -1
0.691425146018500 -1
0.691425901183900 -1
0.691428692838300 -1
0.691430821720000 -1
0.691436787705800 -1
0.691437091843700 -1
0.691443516034000 -1
0.691445983409300 -1
0.691447074979800 -1
0.691450978641000 -1
0.691452465082100 -1
0.691456285949500 -1
0.691458320191200 -1
0.691459568991800 -1
0.691462265102300 -1
0.691463320905000 -1
0.691465376058300 -1
0.691465876815200 -1
0.691467263581200 -1
0.691468359481300 -1
0.691470233268500 -1
0.691471450359100 -1
0.691472067586800 -1
0.691473328470600 -1
0.691527662600800 -1
0.691528629302100 -1
0.691533271608200 -1
0.691533313890800 -1
0.691535145143700 -1
0.691536444778400 -1
0.691573097258200 -1
0.691573933124300 -1
0.691835580950800 -1
0.691837660862900 -1
0.691840754976500 -1
0.691841171272000 -1
0.691843743853200 -1
0.691844697031300 -1
0.691845780157300 -1
0.691847387595700 -1
0.691849404205300 -1
0.691849688492100 -1
0.691852039292200 -1
0.691865695133500 -1
0.691865817251300 -1
0.691871597701100 -1
0.691872105648800 -1
0.691971353481300 -1
0.691973423595800 -1
0.691981684485400 -1
0.691982173941600 -1
0.691986216711300 -1
0.691988112565400 -1
0.691990602734900 -1
0.691993759675600 -1
0.692060758592800 -1
0.692062087208500 -1
0.692128251825100 -1
0.692128251830500 -1
0.692131923294600 -1
0.692132283411700 -1
0.693360628334000 -1
0.693360628334000 -1
0.693365625391800 -1
0.693365627833000 -1
0.693379376073800 -1
0.693379376455300 -1
0.693384763183300 -1
0.693385938302500 -1
0.693389283481500 -1
0.693389561897500 -1
0.693392187666100 -1
0.693393125158600 -1
0.693394945120800 -1
0.693395915341900 -1
0.693397448431400 -1
0.693398615595100 -1
0.693399416415300 -1
0.693400654078900 -1
0.693401956064900 -1
0.693403408491500 -1
0.693404999498200 -1
0.693405623831600 -1
0.693408246874500 -1
0.693410415672100 -1
0.693410624792700 -1
0.693458898743100 -1
0.693461898503700 -1
0.693488075880000 -1
0.693488760025800 -1
0.693704109419200 -1
0.693705129944400 -1
0.693710240506000 -1
0.693710759647000 -1
0.693711974721300 -1
0.693714894903800 -1
0.693717081879100 -1
0.693719426307300 -1
0.693841355492200 -1
0.693841831194600 -1
0.693925571719800 -1
0.693926297623900 -1
0.693946818976700 -1
0.693946819591800 -1
0.694941622246300 -1
0.694941732100900 -1
0.694951406193100 -1
0.694952036852100 -1
0.694967242618300 -1
0.694968597110900 -1
0.694969217147100 -1
0.694972250802900 -1
0.694974861660600 -1
0.694975779284800 -1
0.694977322425000 -1
0.694978709735200 -1
0.694982157754100 -1
0.694984655277200 -1
0.694985468050900 -1
0.694989561989600 -1
0.694992356975400 -1
0.694993320574600 -1
0.694995628675600 -1
0.694998478752900 -1
0.694999214131300 -1
0.695001098804200 -1
0.695001721204300 -1
0.695005211636100 -1
0.695005770013900 -1
0.695039209968300 -1
0.695039215005600 -1
0.695044127334900 -1
0.695044379050300 -1
0.695046401824300 -1
0.695054164675700 -1
0.695054213502600 -1
0.695059204895900 -1
0.695059303405700 -1
0.695242306760100 -1
0.695243301006700 -1
0.695248834018600 -1
0.695249198845900 -1
0.695250732973400 -1
0.695255340633100 -1
0.695258310710500 -1
0.695271679759900 -1
0.695271726214400 -1
0.695397923566200 -1
0.695399819814800 -1
0.695430420908100 -1
0.695430694706500 -1
0.696302510878300 -1
0.696302837314800 -1
0.696310386410700 -1
0.696312105370700 -1
0.696313195959500 -1
0.696314082559700 -1
0.696316228334900 -1
0.696317722075600 -1
0.696318634293900 -1
0.696319120925800 -1
0.696320351369900 -1
0.696322062928700 -1
0.696323618190600 -1
0.696324106006700 -1
0.696325995856800 -1
0.696327017640300 -1
0.696327850863200 -1
0.696329317048800 -1
0.696332672672500 -1
0.696333594989300 -1
0.696355328234800 -1
0.696355330676200 -1
0.696360276269000 -1
0.696360410167300 -1
0.696366287364100 -1
0.696367408181700 -1
0.696379573518300 -1
0.696380488793500 -1
0.696529998230600 -1
0.696531876867400 -1
0.696540035062800 -1
0.696540654054400 -1
0.696542149637100 -1
0.696542809514300 -1
0.696545186509700 -1
0.696555852267700 -1
0.696556591054700 -1
0.696622175883800 -1
0.696622978531400 -1
0.696665277337900 -1
0.696666037039400 -1
0.697406433841200 -1
0.697406472899700 -1
0.697412644137300 -1
0.697412722969600 -1
0.697422720046100 -1
0.697423045336900 -1
0.697424556986800 -1
0.697425250470000 -1
0.697428011095600 -1
0.697430603868400 -1
0.697434927004400 -1
0.697435454373000 -1
0.697436826303400 -1
0.697438026591300 -1
0.697439594622000 -1
0.697440430201900 -1
0.697443450842400 -1
0.697444097382100 -1
0.697448343725700 -1
0.697448969100200 -1
0.697472696193400 -1
0.697472716261500 -1
0.697475801679900 -1
0.697477094852300 -1
0.697623246702400 -1
0.697624029767000 -1
0.697627541264300 -1
0.697628638442900 -1
0.697629228168500 -1
0.697631532662700 -1
0.697699884916600 -1
0.697732055258300 -1
0.697732709738900 -1
0.697754803780200 -1
0.698384968589900 -1
0.698385124829300 -1
0.698391172080700 -1
0.698391700269700 -1
0.698397583007700 -1
0.698397821372800 -1
0.698399029990800 -1
0.698400319005100 -1
0.698401373200800 -1
0.698552607424900 -1
0.698553857920300 -1
0.698556075142900 -1
0.698556960193600 -1
0.698561357092500 -1
0.698561357359500 -1
0.698643809328400 -1
0.698645098980400 -1
0.699191294042800 -1
0.699191294042900 -1
0.699193793716000 -1
0.699193793792300 -1
0.699198790850100 -1
0.699198793291300 -1
0.699205888750200 -1
0.699206412463000 -1
0.699208672472000 -1
0.699209497797000 -1
0.699213447587000 -1
0.699213803242000 -1
0.699215041663000 -1
0.699216607668200 -1
0.699217558576900 -1
0.699218913498500 -1
0.699241288479100 -1
0.699241838587300 -1
0.699346581209800 -1
0.699347898455400 -1
0.699351041218000 -1
0.699352548448900 -1
0.699402366468800 -1
0.699403158803600 -1
0.699910713821300 -1
0.699912872277400 -1
0.699918090259200 -1
0.699919203006800 -1
0.699919971174600 -1
0.699922092181800 -1
0.699923719009000 -1
0.699923723192300 -1
0.699925019964400 -1
0.699938719143300 -1
0.699938719152800 -1
0.699940906268800 -1
0.699941917067400 -1
0.699944945916500 -1
0.699945125989000 -1
0.700034959498400 -1
0.700035603966300 -1
0.700040030496600 -1
0.700041549114500 -1
0.700084283145100 -1
0.700085365013600 58
0.700119792305200 -1
0.700120192190700 -1
0.700538996553800 -1
0.700540183888300 -1
0.700541997528700 -1
0.700543025465300 -1
0.700558557250100 -1
0.700636051280100 -1
0.700637641424200 -1
0.700639760912100 -1
0.700639899259400 -1
0.700673645191100 -1
0.700673646106500 -1
0.701077709700500 -1
0.701078839284200 -1
0.701218542044900 -1
0.701219215832300 -1
0.701547292477600 -1
0.701550492524800 -1
0.701551316050700 -1
0.701552826586400 -1
0.701567203183400 -1
0.701567623349900 -1
0.701628543751700 -1
0.701629175090800 -1
0.701966629901800 -1
0.701968761233100 -1
0.701970218511500 -1
0.701971355230400 -1
0.701972658583000 -1
0.701973906130100 -1
0.701974931110100 -1
0.702042258347400 -1
0.702042297730300 -1
0.702044114621800 -1
0.702044782822800 -1
0.702341754683000 -1
0.702343586794300 -1
0.702344991973900 -1
0.702345980353200 -1
0.702347367244200 -1
0.702348800877200 -1
0.702349727866700 -1
0.702409232973400 -1
0.702409819517500 -1
0.702680943500400 -1
0.702680944344800 -1
0.702683248859800 -1
0.702684098650500 -1
0.702693398682100 -1
0.702693654276600 -1
0.702759686375100 -1
0.702759725522700 -1
0.702979228578400 -1
0.702979768937000 -1
0.702981992591600 -1
0.702982401031000 -1
0.702984204179900 -1
0.702984927559700 -1
0.703251631283000 -1
0.703252931146300 -1
0.703253387590800 -1
0.703300766236300 -1
0.703300942232300 -1
0.703493360491100 -1
0.703493362932400 -1
0.703499072734600 -1
0.703499631863900 -1
0.703539603415500 -1
0.703539610740400 -1
0.703728222208200 -1
0.703728695848900 -1
0.703759566074100 -1
0.703759658918600 -1
0.703919291929600 -1
0.703919570834700 -1
0.703958116159100 -1
0.703958641166400 -1
0.704105369462100 -1
0.704105899283900 -1
0.704151578222500 -1
0.704152092621400 -1
0.704277718465300 -1
0.704278284494700 -1
0.704431547724700 -1
0.704433257631900 -1
0.704433288705900 -1
0.704460530518200 -1
0.704575601462300 -1
0.704575774476800 -1
0.704706652712800 -1
0.704707083454800 -1
0.704940693150200 -1
0.704941043963400 -1
0.705231623339700 -1
0.705231959459400 -1
0.705394422427000 -1
0.705394422508100 -1
0.705408171025400 -1
0.705408171058800 -1
0.705468161831600 -1
0.705468806241900 -1
0.705673097769500 -1
0.705673144507000 -1
0.705824212805200 -1
0.705824418404400 -1
0.705872182167800 -1
0.705881229571400 -1
0.706075603477400 -1
0.706075608132600 -1
0.706143097399800 -1
0.706143255692300 -1
0.706398071851300 -1
0.706398071851300 -1
0.706505561079700 -1
0.706505561118200 -1
0.706721764847300 -1
0.706721804368500 -1
0.706779596048800 -1
0.706781709149200 -1
0.706785825217600 -1
0.706787940891200 -1
