179424673
179424671
179424667
179424629
179424617
179424611
179424601
179424577
179424571
179424551
179424533
179424527
179424523
179424517
179424499
179424491
179424463
179424461
179424439
179424419
179424407
179424389
179424383
179424367
179424361
179424347
179424319
179424269
179424263
179424253
179424229
179424227
179424199
179424143
179424139
179424109
179424097
179424083
179424059
179424053
179424023
179424013
179423983
179423977
179423971
179423963
179423929
179423927
179423917
179423903
179423891
179423879
179423869
179423843
179423833
179423813
179423791
179423771
179423743
179423723
179423719
179423711
179423689
179423687
179423677
179423633
179423623
179423611
179423549
179423537
179423501
179423467
179423459
179423411
179423399
179423357
179423353
179423351
179423333
179423329
179423311
179423303
179423291
179423263
179423243
179423239
179423221
179423173
179423171
179423159
179423147
179423081
179423077
179423063
179423051
179423003
179422979
179422949
179422927
179422921
179422891
179422819
179422787
179422781
179422759
179422753
179422741
179422673
179422631
179422627
179422613
179422591
179422577
179422571
179422541
179422499
179422493
179422489
179422433
179422429
179422427
179422409
179422387
179422381
179422357
179422337
179422303
179422297
179422291
179422259
179422253
179422207
179422169
179422151
179422147
179422123
179422099
179422093
179422081
179422069
179422049
179422039
179422037
179422031
179422021
179422007
179421973
179421901
179421881
179421857
179421839
179421799
179421787
179421763
179421743
179421733
179421727
179421721
179421713
179421709
179421703
179421691
179421677
179421653
179421647
179421629
179421623
179421581
179421569
179421533
179421523
179421509
179421497
179421491
179421469
179421467
179421457
179421449
179421443
179421433
179421391
179421373
179421337
179421323
179421283
179421259
179421239
179421227
179421223
179421217
179421197
179421167
179421163
179421157
179421139
179421133
179421119
179421113
179421101
179421097
179421089
179421083
179421037
179421031
179421019
179420981
179420977
179420957
179420909
179420887
179420869
179420863
179420837
179420831
179420827
179420789
179420753
179420749
179420719
179420701
179420693
179420687
179420627
179420611
179420597
179420569
179420561
179420531
179420513
179420491
179420473
179420453
179420443
179420411
179420399
179420389
179420377
179420347
179420341
179420333
179420321
179420299
179420273
179420237
179420231
179420201
179420183
179420179
179420177
179420147
179420107
179420083
179420077
179420069
179420047
179420039
179420011
179419997
179419991
179419969
179419967
179419939
179419937
179419927
179419913
179419883
179419879
179419871
179419837
179419789
179419753
179419729
179419687
179419673
179419657
179419621
179419601
179419589
179419579
179419577
179419561
179419519
179419517
179419477
179419463
179419459
179419423
179419417
179419381
179419369
179419313
179419277
179419249
179419243
179419237
179419231
179419189
179419187
179419183
179419111
179419081
179419063
179419013
179419001
179418971
179418961
179418959
179418931
179418913
179418851
179418839
179418821
179418817
179418773
179418769
179418763
179418721
179418713
179418709
179418703
179418689
179418677
179418667
179418649
179418641
179418619
179418581
179418557
179418553
179418487
179418461
179418433
179418431
179418413
179418373
179418367
179418353
179418347
179418307
179418301
179418299
179418277
179418271
179418269
179418259
179418247
179418229
179418209
179418203
179418199
179418179
179418167
179418149
179418133
179418103
179418097
179418089
179418079
179418067
179418061
179417999
179417971
179417957
179417939
179417933
179417929
179417891
179417869
179417851
179417839
179417831
179417827
179417767
179417729
179417723
179417717
179417701
179417683
179417669
179417617
179417603
179417591
179417587
179417533
179417527
179417521
179417501
179417489
179417479
179417423
179417419
179417417
179417393
179417387
179417369
179417341
179417339
179417333
179417321
179417317
179417297
179417237
179417233
179417221
179417191
179417179
179417153
179417141
179417123
179417101
179417087
179417081
179417041
179417023
179416999
179416987
179416967
179416961
179416957
179416949
179416889
179416883
179416877
179416873
179416807
179416789
179416781
179416777
179416763
179416751
179416739
179416717
179416709
179416693
179416669
179416661
179416651
179416631
179416621
179416577
179416529
179416513
179416493
179416483
179416481
179416477
179416459
179416429
179416427
179416387
179416381
179416379
179416333
179416331
179416309
179416273
179416271
179416267
179416229
179416207
179416201
179416199
179416187
179416163
179416141
179416121
179416117
179416093
179416091
179416087
179416073
179416049
179415983
179415979
179415931
179415889
179415869
179415833
179415829
179415809
179415799
179415791
179415751
179415703
179415697
179415679
179415667
179415661
179415629
179415601
179415581
179415541
179415529
179415527
179415487
179415473
179415463
179415449
179415413
179415407
179415389
179415311
179415287
179415251
179415227
179415211
179415193
179415179
179415167
179415163
179415143
179415133
179415107
179415077
179415037
179415023
179415007
179414993
179414971
179414903
179414899
179414897
179414869
179414867
179414863
179414861
179414819
179414783
179414731
179414659
179414633
179414611
179414597
179414581
179414579
179414491
179414489
179414449
179414437
179414423
179414407
179414399
179414371
179414351
179414341
179414317
179414303
179414273
179414233
179414173
179414159
179414153
179414117
179414113
179414101
179414083
179414057
179414041
179414033
179414021
179414009
179414003
179413987
179413963
179413939
179413907
179413877
179413837
179413813
179413799
179413769
179413727
179413721
179413697
179413667
179413643
179413621
179413609
179413607
179413601
179413573
179413567
179413489
179413483
179413463
179413439
179413411
179413397
179413391
179413387
179413369
179413361
179413327
179413307
179413303
179413301
179413279
179413249
179413229
179413207
179413193
179413153
179413127
179413093
179413021
179413001
179412979
179412977
179412973
179412971
179412967
179412941
179412931
179412907
179412901
179412881
179412869
179412853
179412851
179412833
179412823
179412809
179412799
179412707
179412689
179412683
179412619
179412617
179412559
179412523
179412503
179412487
179412481
179412463
179412439
179412437
179412427
179412419
179412413
179412391
179412361
179412353
179412347
179412329
179412293
179412287
179412257
179412253
179412217
179412199
179412161
179412151
179412139
179412133
179412127
179412109
179412089
179412071
179412059
179412031
179412017
179411993
179411989
179411977
179411933
179411909
179411821
179411819
179411809
179411801
179411783
179411767
179411759
179411717
179411671
179411669
179411657
179411651
179411641
179411627
179411611
179411567
179411513
179411497
179411473
179411447
179411383
179411381
179411377
179411369
179411359
179411333
179411321
179411317
179411311
179411303
179411263
179411257
179411189
179411161
179411143
179411119
179411101
179411087
179411083
179411051
179411041
179411033
179410999
179410997
179410993
179410969
179410967
179410951
179410927
179410897
179410867
179410853
179410811
179410789
179410783
179410771
179410757
179410753
179410747
179410729
179410727
179410709
179410697
179410691
179410633
179410631
179410619
179410601
179410591
179410541
179410529
179410513
179410507
179410481
179410477
179410471
179410463
179410409
179410381
179410349
179410339
179410303
179410261
179410249
179410243
179410229
179410223
179410193
179410183
179410181
179410177
179410171
179410109
179410079
179410069
179410043
179410039
179410019
179410013
179410001
179409977
179409953
179409949
179409947
179409931
179409911
179409907
179409899
179409887
179409851
179409847
179409773
179409751
179409733
179409697
179409589
179409577
179409569
179409539
179409511
179409497
179409487
179409473
179409469
179409463
179409437
179409401
179409389
179409371
179409367
179409359
179409323
179409319
179409311
179409277
179409271
179409257
179409233
179409221
179409193
179409157
179409149
179409127
179409101
179409091
179409089
179409067
179409053
179409037
179409031
179409023
179408987
179408981
179408953
179408941
179408927
179408909
179408863
179408851
179408843
179408839
179408821
179408813
179408807
179408797
179408777
179408741
179408711
179408707
179408683
179408641
179408639
179408627
179408617
179408591
179408543
179408539
179408527
179408521
179408519
179408473
179408461
179408459
179408423
179408419
179408417
179408407
179408371
179408363
179408357
179408329
179408323
179408311
179408269
179408249
179408221
179408209
179408171
179408149
179408147
179408143
179408101
179408081
179408063
179408059
179408041
179407993
179407961
179407951
179407927
179407897
179407859
179407847
179407829
179407807
179407799
179407741
179407733
179407729
179407687
179407651
179407643
179407639
179407619
179407577
179407537
179407523
179407517
179407483
179407471
179407457
179407451
179407433
179407421
179407387
179407373
179407363
179407303
179407297
179407237
179407231
179407229
179407213
179407211
179407201
179407169
179407157
179407147
179407127
179407121
179407099
179407097
179407003
179406977
179406973
179406959
179406947
179406937
179406901
179406869
179406853
179406839
179406811
179406803
179406781
179406779
179406761
179406743
179406737
179406719
179406713
179406691
179406679
179406653
179406649
179406631
179406589
179406587
179406553
179406547
179406541
179406527
179406523
179406443
179406427
179406413
179406407
179406391
179406373
179406349
179406329
179406319
179406299
179406251
179406223
179406221
179406211
179406193
179406179
179406173
179406167
179406131
179406091
179406061
179406047
179406023
179406013
179406001
179405971
179405939
179405927
179405917
179405903
179405881
179405867
179405857
179405851
179405827
179405813
179405753
179405731
179405729
179405701
179405663
179405651
179405621
179405609
179405557
179405549
179405521
179405483
179405459
179405449
179405423
179405419
179405363
179405357
179405333
179405329
179405327
179405309
179405279
179405269
179405257
179405249
179405231
179405207
179405203
179405197
179405179
179405173
179405141
179405123
179405113
179405101
179405099
179405069
179405033
179404997
179404993
179404949
179404943
179404919
179404913
179404909
179404903
179404891
179404801
179404793
179404763
179404741
179404739
179404733
179404711
179404699
179404681
179404639
179404637
179404613
179404607
179404591
179404559
179404549
179404543
179404541
179404481
179404399
179404387
179404373
179404343
179404333
179404321
179404307
179404279
179404273
179404261
179404249
179404241
179404219
179404201
179404189
179404187
179404133
179404129
179404109
179404097
179404087
179404067
179404021
179404013
179403967
179403953
179403943
179403937
179403923
179403911
179403899
179403893
179403877
179403859
179403853
179403827
179403821
179403811
179403793
179403779
179403769
179403767
179403751
179403691
179403683
179403673
179403671
179403661
179403641
179403613
179403593
179403589
179403571
179403551
179403527
179403503
179403481
179403457
179403451
179403449
179403437
179403403
179403373
179403361
179403349
179403317
179403311
179403307
179403283
179403271
179403241
179403163
179403157
179403143
179403137
179403131
179403113
179403079
179403071
179403043
179403041
179403001
179402999
179402987
179402963
179402953
179402947
179402911
179402897
179402879
179402869
179402863
179402857
179402851
179402849
179402843
179402833
179402803
179402791
179402789
179402779
179402771
179402767
179402753
179402749
179402747
179402687
179402681
179402659
179402627
179402621
179402609
179402543
179402491
179402477
179402471
179402467
179402453
179402441
179402437
179402423
179402417
179402401
179402393
179402387
179402383
179402371
179402357
179402341
179402329
179402269
179402227
179402221
179402219
179402141
179402137
179402129
179402059
179402057
179402039
179401987
179401967
179401931
179401889
179401853
179401843
179401841
179401837
179401823
179401787
179401769
179401763
179401757
179401753
179401723
179401709
179401699
179401693
179401687
179401643
179401603
179401571
179401517
179401507
179401499
179401471
179401463
179401457
179401441
179401423
179401421
179401393
179401381
179401373
179401367
179401361
179401333
179401259
179401213
179401181
179401171
179401141
179401121
179401091
179401073
179401043
179401039
179401037
179401003
179400973
179400967
179400961
179400941
179400911
179400899
179400889
179400857
179400803
179400791
179400763
179400743
179400737
179400731
179400719
179400703
179400653
179400623
179400577
179400569
179400553
179400539
179400523
179400517
179400511
179400491
179400479
179400427
179400407
179400367
179400359
179400323
179400313
179400311
179400307
179400301
179400281
179400271
179400233
179400227
179400197
179400191
179400181
179400163
179400149
179400121
179400083
179400049
179400047
179400017
179399989
179399971
179399959
179399953
179399951
179399947
179399923
179399921
179399911
179399903
179399897
179399879
179399873
179399867
179399849
179399833
179399813
179399809
179399783
179399777
179399749
179399711
179399699
179399687
179399681
179399663
179399659
179399651
179399639
179399629
179399557
179399497
179399491
179399461
179399413
179399399
179399383
179399371
179399359
179399357
179399293
179399291
179399281
179399257
179399251
179399243
179399239
179399237
179399221
179399203
179399177
179399161
179399137
179399123
179399119
179399093
179399081
179399071
179399063
179399039
179399029
179399027
179398993
179398981
179398963
179398951
179398949
179398883
179398871
179398861
179398847
179398837
179398819
179398789
179398783
179398777
179398771
179398759
179398697
179398679
179398663
179398649
179398619
179398601
179398591
179398579
179398567
179398561
179398547
179398529
179398487
179398423
179398421
179398397
179398393
179398357
179398339
179398337
179398309
179398273
179398267
179398259
179398253
179398217
179398207
179398199
179398189
179398187
179398181
179398169
179398151
179398139
179398097
179398069
179398067
179398049
179398039
179398033
179398027
179397989
179397979
179397971
179397931
179397929
179397887
179397877
179397871
179397839
179397833
179397809
179397797
179397761
179397737
179397733
179397721
179397679
179397661
179397653
179397649
179397641
179397623
179397619
179397587
179397499
179397473
179397467
179397461
179397457
179397433
179397409
179397371
179397359
179397353
179397343
179397319
179397313
179397301
179397293
179397289
179397271
179397269
179397241
179397233
179397187
179397143
179397133
179397131
179397121
179397091
179397089
179397077
179397061
179397047
179397041
179397019
179397013
179397011
179397007
179396999
179396983
179396981
179396939
179396933
179396927
179396923
179396897
179396809
179396773
179396759
179396743
179396713
179396629
179396621
179396611
179396599
179396593
179396579
179396549
179396543
179396519
179396513
179396491
179396479
179396471
179396381
179396363
179396353
179396351
179396341
179396317
179396293
179396267
179396237
179396213
179396183
179396171
179396153
179396111
179396089
179396047
179395999
179395991
179395973
179395949
179395921
179395919
179395907
179395903
179395873
179395861
179395847
179395829
179395817
179395789
179395759
179395753
179395751
179395717
179395691
179395687
179395673
179395669
179395639
179395627
179395621
179395591
179395589
179395507
179395483
179395477
179395471
179395457
179395429
179395417
179395393
179395379
179395367
179395343
179395313
179395273
179395217
179395201
179395159
179395157
179395127
179395103
179395087
179395079
179395057
179395043
179395039
179395019
179394973
179394959
179394947
179394913
179394847
179394823
179394811
179394797
179394773
179394763
179394673
179394643
179394587
179394583
179394569
179394563
179394547
179394539
179394533
179394517
179394499
179394491
179394461
179394451
179394437
179394403
179394359
179394343
179394331
179394329
179394317
179394301
179394287
179394269
179394233
179394169
179394121
179394109
179394097
179394077
179394071
179394049
179394037
179394023
179393999
179393989
179393969
179393957
179393939
179393933
179393927
179393917
179393899
179393897
179393891
179393881
179393873
179393867
179393861
179393849
179393833
179393831
179393827
179393821
179393803
179393779
179393771
179393729
179393719
179393713
179393701
179393699
179393671
179393653
179393647
179393633
179393609
179393603
179393567
179393563
179393531
179393527
179393521
179393509
179393479
179393477
179393419
179393413
179393363
179393317
179393303
179393297
179393273
179393267
179393251
179393243
179393189
179393177
179393147
179393107
179393083
179393029
179393017
179392973
179392957
179392951
179392933
179392919
179392907
179392859
179392853
179392831
179392817
179392793
179392771
179392769
179392723
179392711
179392693
179392649
179392639
179392601
179392597
179392559
179392541
179392537
179392531
179392529
179392511
179392501
179392481
179392459
179392441
179392403
179392393
179392351
179392327
179392307
179392271
179392267
179392247
179392229
179392219
179392217
179392201
179392193
179392163
179392159
179392153
179392141
179392139
179392117
179392099
179392093
179392069
179392067
179392063
179392051
179392043
179391991
179391983
179391929
179391913
179391869
179391859
179391853
179391847
179391757
179391731
179391721
179391677
179391671
179391661
179391659
179391649
179391647
179391623
179391617
179391613
179391607
179391601
179391547
179391533
179391529
179391491
179391481
179391439
179391413
179391409
179391391
179391371
179391367
179391353
179391347
179391343
179391341
179391323
179391287
179391271
179391263
179391253
179391221
179391209
179391193
179391181
179391169
179391161
179391143
179391131
179391101
179391097
179391073
179391041
179390941
179390923
179390921
179390903
179390891
179390881
179390879
179390873
179390843
179390821
179390819
179390779
179390747
179390741
179390737
179390713
179390699
179390657
179390641
179390611
179390599
179390597
179390591
179390573
179390543
179390527
179390513
179390509
179390507
179390461
179390437
179390429
179390417
179390411
179390401
179390377
179390371
179390353
179390339
179390333
179390327
179390311
179390303
179390297
179390279
179390261
179390257
179390251
179390249
179390243
179390207
179390177
179390173
179390161
179390131
179390093
179390089
179390063
179390051
179390017
179389999
179389997
179389939
179389919
179389907
179389871
179389867
179389843
179389841
179389817
179389759
179389757
179389751
179389739
179389733
179389709
179389703
179389681
179389667
179389663
179389633
179389607
179389603
179389589
179389549
179389547
179389537
179389517
179389513
179389499
179389493
179389439
179389411
179389387
179389361
179389339
179389333
179389313
179389291
179389277
179389207
179389193
179389187
179389183
179389169
179389139
179389123
179389109
179389081
179389043
179389037
179388977
179388973
179388953
179388917
179388907
179388901
179388893
179388877
179388857
179388829
179388787
179388779
179388773
179388767
179388763
179388761
179388757
179388719
179388701
179388683
179388673
179388637
179388589
179388551
179388541
179388533
179388511
179388493
179388491
179388479
179388467
179388463
179388457
179388439
179388409
179388383
179388361
179388359
179388317
179388271
179388263
179388259
179388241
179388239
179388203
179388197
179388169
179388163
179388119
179388107
179388091
179388089
179388073
179388071
179388067
179388059
179388037
179387941
179387899
179387891
179387869
179387851
179387827
179387801
179387783
179387779
179387753
179387737
179387717
179387699
179387687
179387657
179387653
179387647
179387639
179387597
179387567
179387539
179387521
179387501
179387491
179387479
179387449
179387437
179387407
179387401
179387363
179387321
179387293
179387269
179387261
179387231
179387183
179387171
179387149
179387147
179387141
179387129
179387107
179387093
179387071
179387029
179387003
179386997
179386993
179386981
179386973
179386969
179386957
179386951
179386919
179386903
179386877
179386871
179386861
179386843
179386811
179386799
179386793
179386789
179386763
179386751
179386741
179386681
179386679
179386673
179386633
179386631
179386621
179386579
179386549
179386513
179386511
179386507
179386457
179386433
179386409
179386381
179386379
179386351
179386321
179386313
179386307
179386303
179386301
179386289
179386279
179386253
179386241
179386237
179386231
179386213
179386211
179386187
179386171
179386127
179386117
179386073
179386021
179386013
179386007
179385959
179385917
179385907
179385841
179385823
179385803
179385799
179385737
179385721
179385709
179385697
179385667
179385643
179385629
179385617
179385611
179385589
179385571
179385559
179385541
179385539
179385529
179385473
179385461
179385457
179385431
179385407
179385391
179385389
179385383
179385359
179385347
179385317
179385307
179385277
179385259
179385253
179385247
179385223
179385181
179385149
179385077
179385053
179385007
179385001
179384999
179384987
179384971
179384939
179384899
179384873
179384857
179384831
179384827
179384809
179384801
179384791
179384767
179384753
179384687
179384657
179384617
179384593
179384587
179384531
179384509
179384503
179384483
179384479
179384467
179384437
179384423
179384417
179384407
179384353
179384341
179384299
179384267
179384209
179384207
179384189
179384129
179384123
179384113
179384083
179384081
179384069
179384059
179384047
179384041
179384033
179384027
179383993
179383987
179383909
179383907
179383903
179383891
179383871
179383829
179383811
179383801
179383793
179383781
179383759
179383753
179383717
179383709
179383691
179383679
179383663
179383661
179383627
179383613
179383543
179383517
179383499
179383481
179383471
179383447
179383441
179383433
179383403
179383387
179383339
179383297
179383291
179383277
179383273
179383223
179383213
179383151
179383121
179383103
179383079
179383073
179383051
179383027
179383007
179382979
179382977
179382949
179382947
179382943
179382871
179382869
179382839
179382823
179382817
179382809
179382769
179382757
179382701
179382689
179382683
179382673
179382653
179382649
179382617
179382613
179382601
179382571
179382563
179382559
179382557
179382529
179382527
179382509
179382473
179382443
179382433
179382373
179382353
179382347
179382319
179382271
179382241
179382227
179382223
179382191
179382169
179382163
179382103
179382101
179382053
179382013
179381999
179381971
179381953
179381947
179381921
179381911
179381897
179381887
179381879
179381857
179381833
179381827
179381819
179381803
179381801
179381789
179381759
179381753
179381731
179381723
179381701
179381693
179381677
179381647
179381639
179381633
179381621
179381611
179381597
179381567
179381561
179381549
179381537
179381533
179381473
179381471
179381453
179381441
179381383
179381381
179381357
179381351
179381333
179381243
179381231
179381219
179381201
179381141
179381131
179381123
179381119
179381099
179381089
179381057
179381047
179381039
179380997
179380969
179380963
179380961
179380939
179380913
179380891
179380871
179380867
179380853
179380829
179380807
179380801
179380763
179380741
179380739
179380727
179380723
179380697
179380693
179380681
179380633
179380571
179380561
179380559
179380547
179380543
179380489
179380483
179380469
179380441
179380433
179380429
179380417
179380393
179380367
179380339
179380337
179380307
179380303
179380297
179380241
179380189
179380177
179380163
179380139
179380129
179380093
179380081
179380031
179379989
179379983
179379979
179379953
179379947
179379901
179379887
179379847
179379799
179379791
179379773
179379757
179379749
179379743
179379709
179379701
179379689
179379679
179379677
179379667
179379661
179379649
179379643
179379637
179379623
179379619
179379611
179379559
179379539
179379523
179379509
179379503
179379457
179379451
179379449
179379419
179379407
179379397
179379377
179379373
179379353
179379337
179379331
179379313
179379311
179379281
179379271
179379227
179379203
179379173
179379103
179379089
179379077
179379073
179379049
179379043
179379037
179378999
179378971
179378963
179378933
179378893
179378869
179378861
179378839
179378831
179378827
179378807
179378777
179378711
179378681
179378669
179378663
179378657
179378653
179378651
179378629
179378609
179378581
179378579
179378569
179378531
179378513
179378453
179378443
179378393
179378389
179378387
179378371
179378359
179378333
179378293
179378291
179378267
179378263
179378261
179378233
179378197
179378131
179378119
179378099
179378093
179378057
179378051
179378041
179378039
179378029
179378027
179378011
179377981
179377967
179377949
179377927
179377909
179377901
179377889
179377871
179377853
179377843
179377831
179377817
179377801
179377787
179377777
179377771
179377769
179377763
179377753
179377741
179377733
179377699
179377619
179377607
179377603
179377589
179377567
179377547
179377531
179377507
179377477
179377469
179377447
179377433
179377411
179377399
179377379
179377327
179377307
179377301
179377283
179377277
179377241
179377229
179377223
179377201
179377189
179377181
179377171
179377109
179377103
179377063
179377039
179377021
179377019
179377007
179376997
179376983
179376961
179376949
179376941
179376937
179376917
179376829
179376823
179376817
179376781
179376767
179376761
179376749
179376737
179376721
179376683
179376679
179376677
179376671
179376667
179376647
179376643
179376641
179376583
179376569
179376559
179376557
179376551
179376499
179376497
179376493
179376479
179376467
179376443
179376419
179376413
179376409
179376389
179376371
179376341
179376331
179376319
179376311
179376293
179376289
179376277
179376269
179376247
179376233
179376229
179376227
179376217
179376193
179376179
179376167
179376161
179376157
179376151
179376143
179376139
179376097
179376089
179376023
179376007
179375983
179375981
179375971
179375969
179375947
179375927
179375921
179375909
179375897
179375893
179375863
179375837
179375831
179375821
179375813
179375783
179375767
179375737
179375671
179375663
179375659
179375657
179375639
179375621
179375513
179375491
179375431
179375429
179375389
179375377
179375309
179375303
179375299
179375243
179375239
179375233
179375227
179375153
179375129
179375113
179375111
179375107
179375101
179375093
179375071
179375069
179375047
179375033
179375017
179375011
179375003
179374981
179374969
179374967
179374963
179374903
179374883
179374841
179374829
179374823
179374813
179374807
179374799
179374787
179374759
179374753
179374751
179374747
179374717
179374697
179374619
179374589
179374579
179374567
179374499
179374487
179374469
179374453
179374451
179374423
179374417
179374399
179374387
179374379
179374373
179374333
179374297
179374291
179374271
179374253
179374211
179374189
179374183
179374177
179374163
179374159
179374141
179374127
179374121
179374103
179374073
179374031
179374001
179373989
179373937
179373917
179373899
179373847
179373829
179373797
179373793
179373791
179373767
179373763
179373751
179373713
179373709
179373703
179373679
179373643
179373641
179373637
179373631
179373589
179373583
179373581
179373577
179373569
179373559
179373553
179373487
179373461
179373457
179373451
179373449
179373431
179373427
179373413
179373391
179373361
179373349
179373329
179373317
179373277
179373241
179373221
179373211
179373199
179373143
179373109
179373097
179373059
179373049
179373023
179373017
179373013
179372993
179372983
179372969
179372959
179372951
179372927
179372891
179372873
179372833
179372819
179372813
179372807
179372783
179372779
179372759
179372731
179372719
179372717
179372701
179372693
179372681
179372659
179372623
179372591
179372587
179372579
179372563
179372533
179372527
179372519
179372509
179372507
179372443
179372429
179372399
179372383
179372359
179372353
179372329
179372273
179372261
179372251
179372233
179372183
179372177
179372173
179372153
179372119
179372099
179372093
179372071
179372051
179371999
179371987
179371979
179371943
179371939
179371901
179371891
179371889
179371867
179371847
179371831
179371823
179371813
179371747
179371739
179371727
179371669
179371649
179371639
179371637
179371613
179371603
179371601
179371589
179371561
179371553
179371547
179371531
179371519
179371499
179371477
179371463
179371453
179371441
179371429
179371421
179371393
179371391
179371331
179371327
179371279
179371277
179371271
179371207
179371201
179371141
179371123
179371121
179371111
179371109
179371081
179371037
179371009
179371007
179370979
179370973
179370953
179370923
179370911
179370881
179370853
179370827
179370823
179370809
179370803
179370787
179370781
179370761
179370749
179370739
179370733
179370731
179370707
179370703
179370701
179370691
179370677
179370661
179370643
179370641
179370601
179370593
179370589
179370577
179370461
179370421
179370419
179370407
179370403
179370341
179370319
179370299
179370263
179370251
179370239
179370229
179370227
179370209
179370167
179370137
179370131
179370119
179370091
179370083
179370067
179370049
179370011
179369989
179369963
179369933
179369923
179369903
179369891
179369881
179369867
179369863
179369851
179369837
179369807
179369803
179369783
179369753
179369741
179369717
179369713
179369699
179369657
179369651
179369647
179369639
179369609
179369581
179369573
179369569
179369551
179369539
179369527
179369521
179369513
179369507
179369497
179369471
179369467
179369461
179369459
179369447
179369429
179369423
179369417
179369401
179369389
179369357
179369347
179369293
179369287
179369279
179369269
179369257
179369221
179369191
179369173
179369171
179369167
179369149
179369143
179369123
179369093
179369083
179369017
179369011
179368997
179368991
179368979
179368961
179368913
179368901
179368897
179368877
179368843
179368837
179368807
179368793
179368771
179368769
179368747
179368729
179368723
179368703
179368699
179368669
179368639
179368621
179368571
179368537
179368517
179368499
179368459
179368381
179368369
179368361
179368349
179368337
179368333
179368331
179368307
179368199
179368181
179368129
179368109
179368097
179368073
179368061
179368051
179368031
179367983
179367973
179367943
179367941
179367931
179367919
179367899
179367887
179367857
179367821
179367791
179367787
179367781
179367763
179367751
179367719
179367703
179367691
179367679
179367677
179367673
179367653
179367649
179367623
179367613
179367607
179367571
179367563
179367553
179367521
179367481
179367479
179367451
179367449
179367439
179367401
179367343
179367337
179367329
179367311
179367301
179367269
179367247
179367217
179367197
179367193
179367173
179367161
179367143
179367127
179367103
179367079
179367037
179367029
179367007
179366987
179366963
179366959
179366953
179366947
179366933
179366921
179366911
179366909
179366879
179366867
179366849
179366843
179366807
179366801
179366791
179366753
179366749
179366741
179366731
179366723
179366687
179366659
179366633
179366623
179366611
179366597
179366533
179366531
179366521
179366503
179366497
179366399
179366389
179366387
179366359
179366339
179366323
179366309
179366293
179366207
179366179
179366171
179366129
179366123
179366111
179366101
179366081
179366069
179366041
179366009
179366003
179365987
179365933
179365913
179365903
179365897
179365889
179365877
179365873
179365859
179365831
179365819
179365811
179365789
179365777
179365763
179365741
179365717
179365709
179365699
179365679
179365673
179365651
179365649
179365631
179365619
179365601
179365591
179365579
179365547
179365541
179365531
179365507
179365457
179365451
179365441
179365423
179365421
179365397
179365357
179365327
179365321
179365297
179365243
179365237
179365229
179365223
179365141
179365139
179365103
179365093
179365033
179365009
179365007
179365001
179364989
179364961
179364919
179364901
179364877
179364761
179364749
179364719
179364707
179364701
179364659
179364631
179364611
179364599
179364571
179364553
179364547
179364539
179364527
179364517
179364487
179364473
179364457
179364439
179364407
179364397
179364379
179364371
179364359
179364347
179364343
179364329
179364323
179364319
179364301
179364287
179364257
179364239
179364221
179364191
179364181
179364167
179364131
179364121
179364113
179364083
179364077
179364067
179364041
179364023
179364019
179364011
179364007
179364001
179363999
179363983
179363929
179363909
179363903
179363893
179363881
179363843
179363839
179363837
179363831
179363813
179363809
179363803
179363801
179363777
179363771
179363761
179363741
179363699
179363687
179363677
179363669
179363647
179363627
179363593
179363557
179363519
179363491
179363473
179363467
179363461
179363441
179363423
179363411
179363381
179363339
179363333
179363329
179363323
179363321
179363279
179363267
179363257
179363227
179363207
179363203
179363189
179363159
179363099
179363089
179363053
179363033
179363029
179363017
179362961
179362957
179362913
179362877
179362873
179362849
179362837
179362829
179362811
179362789
179362739
179362727
179362693
179362663
179362657
179362649
179362639
179362637
179362633
179362619
179362607
179362591
179362583
179362541
179362531
179362523
179362511
179362499
179362483
179362457
179362453
179362433
179362399
179362397
179362369
179362367
179362363
179362357
179362343
179362333
179362321
179362319
179362307
179362297
179362289
179362279
179362277
179362247
179362237
179362217
179362213
179362207
179362201
179362193
179362093
179362069
179362049
179362031
179362009
179361997
179361991
179361983
179361953
179361913
179361893
179361869
179361857
179361851
179361779
179361773
179361761
179361739
179361733
179361727
179361709
179361703
179361697
179361683
179361673
179361671
179361647
179361641
179361619
179361617
179361601
179361583
179361551
179361527
179361503
179361467
179361461
179361431
179361421
179361379
179361361
179361331
179361313
179361307
179361293
179361253
179361229
179361209
179361181
179361151
179361131
179361113
179361109
179361097
179361031
179361029
179361001
179360983
179360959
179360953
179360939
179360903
179360891
179360879
179360813
179360803
179360777
179360743
179360729
179360723
179360717
179360711
179360707
179360681
179360677
179360653
179360641
179360633
179360603
179360567
179360561
179360549
179360479
179360459
179360443
179360431
179360429
179360369
179360341
179360329
179360317
179360309
179360303
179360299
179360297
179360287
179360249
179360239
179360221
179360173
179360123
179360119
179360101
179360089
179360039
179360021
179360011
179359967
179359931
179359919
179359913
179359909
179359907
179359891
179359889
179359883
179359861
179359853
179359841
179359813
179359799
179359787
179359781
179359777
179359729
179359723
179359721
179359717
179359711
179359709
179359699
179359667
179359643
179359637
179359627
179359619
179359559
179359553
179359549
179359547
179359517
179359513
179359507
179359483
179359471
179359463
179359447
179359429
179359423
179359421
179359409
179359393
179359381
179359361
179359343
179359319
179359291
179359217
179359207
179359181
179359057
179359039
179359009
179359007
179359001
179358979
179358937
179358929
179358923
179358919
179358871
179358811
179358797
179358793
179358791
179358779
179358769
179358733
179358713
179358701
179358679
179358659
179358631
179358629
179358617
179358611
179358589
179358587
179358583
179358563
179358539
179358521
179358497
179358493
179358479
179358463
179358457
179358451
179358433
179358427
179358419
179358383
179358379
179358371
179358367
179358337
179358323
179358293
179358247
179358217
179358199
179358173
179358161
179358139
179358133
179358131
179358121
179358107
179358089
179358079
179358061
179358037
179358029
179358017
179358013
179357957
179357911
179357879
179357869
179357839
179357831
179357813
179357791
179357767
179357747
179357741
179357713
179357683
179357681
179357669
179357653
179357641
179357639
179357623
179357621
179357603
179357567
179357561
179357533
179357501
179357491
179357441
179357417
179357383
179357377
179357371
179357363
179357341
179357323
179357317
179357281
179357251
179357237
179357219
179357201
179357183
179357177
179357173
179357149
179357137
179357119
179357117
179357099
179357081
179357077
179357071
179357069
179357053
179357051
179357047
179357039
179357027
179356997
179356981
179356973
179356951
179356949
179356943
179356927
179356907
179356901
179356889
179356883
179356861
179356847
179356799
179356787
179356757
179356753
179356739
179356729
179356703
179356699
179356687
179356679
179356657
179356633
179356631
179356621
179356603
179356601
179356577
179356571
179356549
179356543
179356469
179356453
179356451
179356417
179356403
179356393
179356379
179356367
179356351
179356349
179356337
179356313
179356291
179356267
179356241
179356223
179356211
179356207
179356169
179356159
179356157
179356129
179356127
179356117
179356033
179356027
179356013
179355971
179355947
179355941
179355937
179355887
179355871
179355823
179355809
179355791
179355767
179355721
179355719
179355707
179355703
179355653
179355643
179355641
179355629
179355581
179355577
179355563
179355557
179355529
179355523
179355509
179355499
179355427
179355419
179355413
179355409
179355377
179355373
179355353
179355299
179355289
179355271
179355251
179355229
179355223
179355199
179355061
179355023
179355019
179355013
179354993
179354983
179354977
179354971
179354963
179354953
179354911
179354909
179354899
179354893
179354887
179354881
179354837
179354831
179354807
179354801
179354789
179354761
179354753
179354741
179354731
179354723
179354719
179354717
179354683
179354671
179354657
179354653
179354603
179354587
179354551
179354543
179354537
179354533
179354519
179354467
179354407
179354401
179354359
179354317
179354311
179354291
179354269
179354257
179354249
179354239
179354191
179354179
179354177
179354171
179354143
179354141
179354113
179354107
179354093
179354089
179354081
179354057
179354039
179354027
179354017
179353997
179353991
179353987
179353973
179353907
179353891
179353877
179353871
179353861
179353849
179353843
179353829
179353819
179353813
179353799
179353789
179353781
179353709
179353697
179353651
179353637
179353619
179353607
179353579
179353571
179353567
179353561
179353529
179353511
179353501
179353469
179353459
179353441
179353409
179353399
179353357
179353351
179353309
179353271
179353249
179353243
179353193
179353183
179353177
179353159
179353151
179353133
179353121
179353117
179353091
179353039
179353003
179353001
179352997
179352991
179352931
179352911
179352881
179352869
179352863
179352853
179352841
179352793
179352787
179352757
179352739
179352713
179352697
179352683
179352661
179352659
179352637
179352631
179352619
179352599
179352553
179352541
179352539
179352521
179352487
179352469
179352427
179352403
179352401
179352379
179352373
179352347
179352337
179352331
179352307
179352289
179352281
179352263
179352259
179352179
179352161
179352109
179352101
179352079
179352073
179352071
179352059
179352049
179352029
179352013
179352007
179351971
179351941
179351929
179351927
179351897
179351891
179351881
179351869
179351827
179351807
179351803
179351801
179351797
179351789
179351759
179351743
179351699
179351687
179351603
179351593
179351591
179351587
179351527
179351521
179351519
179351509
179351489
179351441
179351423
179351387
179351371
179351369
179351363
179351339
179351329
179351281
179351273
179351269
179351267
179351257
179351243
179351239
179351231
179351149
179351147
179351143
179351077
179351069
179351059
179351057
179351047
179351017
179350981
179350891
179350879
179350817
179350813
179350811
179350793
179350789
179350763
179350741
179350733
179350723
179350681
179350679
179350643
179350627
179350621
179350607
179350601
179350583
179350579
179350571
179350559
179350517
179350489
179350427
179350421
179350417
179350411
179350393
179350361
179350351
179350349
179350313
179350307
179350273
179350271
179350231
179350229
179350169
179350133
179350117
179350111
179350109
179350103
179350079
179350069
179350037
179350019
179350013
179349967
179349941
179349931
179349917
179349901
179349889
179349887
179349857
179349853
179349839
179349811
179349809
179349773
179349743
179349739
179349727
179349673
179349647
179349631
179349613
179349589
179349559
179349529
179349497
179349491
179349451
179349449
179349433
179349413
179349409
179349383
179349361
179349301
179349299
179349263
179349257
179349251
179349223
179349169
179349161
179349143
179349127
179349119
179349097
179349077
179349073
179349007
179348989
179348977
179348971
179348969
179348957
179348941
179348909
179348899
179348893
179348887
179348843
179348837
179348833
179348821
179348797
179348791
179348783
179348777
179348761
179348753
179348711
179348693
179348683
179348677
179348669
179348633
179348599
179348597
179348591
179348539
179348537
179348527
179348483
179348461
179348459
179348437
179348417
179348369
179348339
179348329
179348321
179348311
179348303
179348293
179348269
179348263
179348251
179348219
179348203
179348189
179348177
179348173
179348161
179348123
179348119
179348069
179348021
179348009
179347999
179347979
179347967
179347957
179347939
179347907
179347879
179347877
179347829
179347781
179347771
179347757
179347703
179347699
179347697
179347691
179347681
179347667
179347643
179347639
179347627
179347613
179347607
179347589
179347579
179347573
179347541
179347523
179347499
179347457
179347447
179347429
179347423
179347387
179347303
179347291
179347271
179347247
179347219
179347187
179347163
179347117
179347073
179347067
179347037
179347033
179346989
179346983
179346943
179346941
179346929
179346919
179346907
179346901
179346883
179346863
179346829
179346803
179346767
179346763
179346743
179346737
179346731
179346691
179346683
179346677
179346667
179346623
179346611
179346581
179346569
179346553
179346533
179346523
179346521
179346509
179346499
179346493
179346463
179346457
179346449
179346443
179346403
179346397
179346389
179346373
179346367
179346359
179346347
179346331
179346319
179346287
179346269
179346257
179346247
179346241
179346229
179346227
179346221
179346197
179346137
179346127
179346119
179345981
179345977
179345953
179345951
179345939
179345923
179345897
179345891
179345867
179345863
179345861
179345833
179345821
179345779
179345759
179345737
179345729
179345713
179345687
179345669
179345629
179345611
179345609
179345567
179345539
179345519
179345501
179345497
179345407
179345333
179345311
179345293
179345281
179345227
179345213
179345207
179345183
179345171
179345149
179345129
179345119
179345113
179345083
179345081
179345071
179345059
179345041
179345027
179345021
179344999
179344981
179344973
179344967
179344943
179344937
179344927
179344909
179344901
179344877
179344861
179344859
179344853
179344829
179344813
179344801
179344751
179344723
179344699
179344691
179344643
179344609
179344603
179344573
179344511
179344507
179344493
179344489
179344471
179344463
179344427
179344411
179344369
179344309
179344307
179344279
179344273
179344267
179344259
179344241
179344219
179344199
179344177
179344163
179344157
179344111
179344079
179344073
179344049
179344037
179344019
179344003
179344001
179343977
179343973
179343953
179343947
179343943
179343919
179343883
179343839
179343821
179343797
179343779
179343763
179343751
179343739
179343713
179343707
179343683
179343653
179343629
179343611
179343607
179343601
179343517
179343503
179343491
179343487
179343433
179343427
179343383
179343379
179343347
179343343
179343301
179343289
179343287
179343271
179343257
179343253
179343247
179343209
179343173
179343169
179343161
179343113
179343097
179343083
179343019
179343011
179343007
179342993
179342963
179342941
179342927
179342899
179342893
179342887
179342861
179342857
179342837
179342833
179342797
179342789
179342783
179342777
179342749
179342731
179342717
179342701
179342689
179342671
179342617
179342599
179342591
179342573
179342557
179342489
179342483
179342479
179342473
179342447
179342417
179342411
179342341
179342329
179342309
179342297
179342287
179342281
179342269
179342263
179342249
179342243
179342227
179342213
179342203
179342147
179342143
179342057
179342047
179342029
179342021
179341991
179341979
179341957
179341937
179341909
179341873
179341871
179341861
179341843
179341793
179341783
179341753
179341717
179341709
179341699
179341697
179341639
179341609
179341607
179341601
179341531
179341507
179341499
179341471
179341441
179341429
179341397
179341367
179341321
179341303
179341301
179341291
179341289
179341273
179341223
179341207
179341181
179341163
179341153
179341147
179341091
179341087
179341033
179341021
179341009
179340971
179340947
179340937
179340907
179340883
179340877
179340857
179340853
179340781
179340757
179340743
179340731
179340713
179340649
179340641
179340631
179340617
179340593
179340583
179340569
179340559
179340547
179340541
179340523
179340509
179340503
179340493
179340481
179340479
179340461
179340451
179340431
179340419
179340409
179340377
179340323
179340313
179340311
179340299
179340289
179340283
179340257
179340233
179340211
179340209
179340199
179340197
179340169
179340151
179340137
179340127
179340121
179340071
179340059
179340047
179340041
179340017
179340011
179339981
179339977
179339959
179339957
179339933
179339891
179339873
179339861
179339833
179339819
179339813
179339807
179339801
179339791
179339779
179339767
179339759
179339753
179339737
179339729
179339723
179339669
179339623
179339591
179339581
179339569
179339561
179339549
179339521
179339473
179339467
179339449
179339429
179339417
179339411
179339387
179339351
179339339
179339327
179339299
179339213
179339201
179339159
179339099
179339089
179339077
179339047
179339029
179339011
179339009
179338997
179338979
179338949
179338921
179338919
179338897
179338867
179338849
179338823
179338811
179338801
179338799
179338787
179338781
179338771
179338727
179338723
179338717
179338711
179338703
179338693
179338619
179338609
179338543
179338531
179338513
179338501
179338493
179338483
179338459
179338447
179338433
179338427
179338421
179338363
179338333
179338331
179338307
179338301
179338259
179338213
179338189
179338139
179338129
179338123
179338121
179338087
179338063
179338057
179338051
179338043
179338031
179338009
179337971
179337953
179337931
179337929
179337919
179337901
179337889
179337869
179337863
179337857
179337841
179337817
179337791
179337787
179337749
179337737
179337733
179337703
179337689
179337679
179337677
179337673
179337659
179337643
179337623
179337619
179337617
179337611
179337593
179337569
179337541
179337533
179337517
179337503
179337481
179337469
179337467
179337451
179337343
179337341
179337331
179337307
179337293
179337287
179337271
179337253
179337251
179337229
179337209
179337203
179337173
179337161
179337149
179337127
179337043
179337023
179337019
179337013
179336981
179336977
179336959
179336933
179336917
179336881
179336849
179336831
179336821
179336809
179336797
179336779
179336771
179336761
179336753
179336749
179336713
179336671
179336659
179336657
179336653
179336629
179336593
179336569
179336567
179336561
179336539
179336533
179336527
179336503
179336483
179336477
179336473
179336449
179336441
179336431
179336371
179336363
179336351
179336347
179336327
179336293
179336291
179336239
179336197
179336149
179336141
179336137
179336089
179336071
179336033
179336021
179336011
179335999
179335969
179335967
179335963
179335901
179335867
179335841
179335823
179335817
179335787
179335769
179335753
179335733
179335727
179335711
179335687
179335679
179335657
179335627
179335579
179335553
179335543
179335529
179335511
179335501
179335493
179335487
179335477
179335427
179335423
179335399
179335379
179335367
179335313
179335309
179335259
179335253
179335183
179335171
179335157
179335153
179335151
179335147
179335141
179335139
179335133
179335109
179335097
179335073
179335067
179335061
179335007
179334959
179334941
179334931
179334929
179334923
179334899
179334851
179334847
179334803
179334769
179334763
179334739
179334737
179334707
179334653
179334613
179334601
179334583
179334577
179334557
179334511
179334487
179334439
179334437
179334413
179334401
179334361
179334307
179334299
179334283
179334263
179334203
179334167
179334157
179334137
179334121
179334109
179334097
179334091
179334073
179334061
179334053
179334019
179334007
179333993
179333983
179333963
179333953
179333939
179333933
179333929
179333923
179333897
179333887
179333881
179333851
179333849
179333827
179333807
179333797
179333789
179333773
179333711
179333659
179333641
179333621
179333617
179333603
179333591
179333587
179333573
179333563
179333513
179333501
179333471
179333447
179333431
179333389
179333387
179333383
179333359
179333353
179333347
179333317
179333299
179333243
179333227
179333183
179333159
179333123
179333113
179333111
179333101
179333087
179333053
179333027
179333023
179333009
179332999
179332997
179332987
179332981
179332961
179332943
179332939
179332927
179332891
179332859
179332823
179332819
179332793
179332759
179332753
179332739
179332721
179332717
179332693
179332691
179332667
179332651
179332649
179332639
179332627
179332553
179332547
179332529
179332519
179332513
179332511
179332499
179332493
179332477
179332463
179332459
179332453
179332429
179332421
179332409
179332397
179332369
179332367
179332343
179332327
179332249
179332247
179332217
179332199
179332193
179332189
179332187
179332183
179332171
179332169
179332157
179332129
179332123
179332121
179332103
179332091
179332067
179332061
179332003
179331967
179331959
179331953
179331949
179331941
179331907
179331883
179331881
179331833
179331829
179331821
179331769
179331751
179331749
179331721
179331703
179331697
179331689
179331673
179331641
179331631
179331599
179331577
179331553
179331539
179331491
179331469
179331433
179331421
179331409
179331407
179331403
179331401
179331379
179331359
179331323
179331319
179331301
179331293
179331263
179331241
179331227
179331197
179331169
179331167
179331151
179331127
179331107
179331091
179331071
179331067
179331017
179330953
179330933
179330929
179330923
179330917
179330891
179330881
179330863
179330857
179330821
179330819
179330813
179330791
179330783
179330741
179330737
179330719
179330699
179330689
179330687
179330663
179330633
179330621
179330617
179330573
179330551
179330507
179330491
179330483
179330447
179330419
179330407
179330363
179330321
179330317
179330311
179330299
179330279
179330273
179330251
179330233
179330219
179330201
179330191
179330153
179330143
179330141
179330131
179330101
179330089
179330069
179330033
179330029
179330027
179330017
179329987
179329979
179329963
179329949
179329933
179329903
179329879
179329841
179329819
179329807
179329789
179329783
179329747
179329739
179329729
179329727
179329693
179329681
179329679
179329669
179329627
179329589
179329573
179329561
179329541
179329529
179329499
179329483
179329477
179329463
179329433
179329427
179329421
179329411
179329399
179329387
179329373
179329363
179329361
179329357
179329351
179329331
179329313
179329291
179329273
179329223
179329217
179329211
179329169
179329153
179329151
179329147
179329097
179329093
179329063
179329061
179329021
179329013
179329009
179329001
179328991
179328979
179328967
179328949
179328911
179328857
179328841
179328817
179328803
179328781
179328763
179328731
179328719
179328713
179328703
179328701
179328691
179328679
179328673
179328659
179328647
179328623
179328613
179328587
179328577
179328551
179328511
179328491
179328481
179328433
179328419
179328377
179328371
179328367
179328353
179328337
179328319
179328293
179328287
179328271
179328239
179328221
179328173
179328169
179328161
179328151
179328133
179328119
179328109
179328101
179328091
179328089
179328067
179328059
179328049
179328031
179328007
179327989
179327977
179327971
179327959
179327927
179327923
179327921
179327893
179327881
179327879
179327857
179327801
179327783
179327699
179327671
179327663
179327651
179327627
179327597
179327593
179327581
179327579
179327569
179327557
179327537
179327521
179327483
179327479
179327471
179327459
179327437
179327431
179327413
179327411
179327363
179327359
179327303
179327293
179327287
179327279
179327273
179327233
179327207
179327191
179327189
179327173
179327167
179327119
179327117
179327107
179327089
179327069
179327047
179327023
179327009
179327003
179326957
179326943
179326891
179326877
179326871
179326867
179326859
179326853
179326787
179326781
179326751
179326747
179326733
179326717
179326709
179326649
179326619
179326597
179326577
179326571
179326513
179326493
179326481
179326453
179326451
179326369
179326363
179326349
179326327
179326307
179326283
179326267
179326249
179326223
179326219
179326187
179326171
179326139
179326117
179326097
179326093
179326079
179326073
179326061
179326057
179326019
179326003
179326001
179325989
179325983
179325961
179325947
179325943
179325941
179325929
179325893
179325869
179325863
179325859
179325851
179325847
179325829
179325827
179325823
179325767
179325749
179325719
179325709
179325703
179325697
179325649
179325631
179325613
179325611
179325599
179325583
179325551
179325547
179325529
179325527
179325521
179325479
179325413
179325409
179325407
179325379
179325373
179325361
179325331
179325329
179325323
179325317
179325301
179325277
179325247
179325239
179325229
179325221
179325217
179325203
179325187
179325169
179325137
179325127
179325119
179325073
179325019
179325017
179324989
179324953
179324941
179324909
179324879
179324833
179324819
179324797
179324791
179324759
179324713
179324711
179324701
179324683
179324647
179324623
179324597
179324581
179324557
179324543
179324539
179324507
179324501
179324477
179324473
179324419
179324417
179324407
179324401
179324377
179324363
179324359
179324357
179324351
179324303
179324291
179324269
179324251
179324219
179324209
179324153
179324149
179324141
179324137
179324111
179324087
179324083
179324059
179324021
179324017
179323913
179323909
179323901
179323897
179323891
179323883
179323841
179323831
179323829
179323819
179323817
179323813
179323693
179323679
179323649
179323643
179323637
179323621
179323607
179323589
179323583
179323579
179323567
179323537
179323517
179323513
179323451
179323447
179323439
179323399
179323393
179323369
179323367
179323363
179323343
179323337
179323307
179323301
179323279
179323271
179323267
179323247
179323223
179323219
179323213
179323181
179323171
179323129
179323099
179323087
179323069
179323063
179323057
179323051
179323049
179323043
179323033
179323031
179322991
179322989
179322961
179322959
179322901
179322883
179322839
179322827
179322823
179322809
179322791
179322761
179322727
179322721
179322709
179322701
179322659
179322623
179322587
179322553
179322541
179322523
179322503
179322497
179322491
179322487
179322449
179322419
179322389
179322301
179322271
179322257
179322223
179322211
179322163
179322139
179322119
179322107
179322097
179322089
179322071
179322067
179322047
179322041
179322037
179322023
179321983
179321969
179321963
179321959
179321957
179321951
179321927
179321921
179321893
179321881
179321861
179321833
179321803
179321801
179321783
179321743
179321719
179321717
179321699
179321671
179321657
179321651
179321633
179321617
179321599
179321581
179321579
179321557
179321539
179321521
179321509
179321489
179321479
179321477
179321431
179321399
179321393
179321381
179321377
179321371
179321357
179321347
179321341
179321291
179321269
179321257
179321201
179321189
179321173
179321113
179321099
179321071
179321063
179321059
179321057
179321039
179321033
179321017
179320997
179320987
179320963
179320951
179320927
179320909
179320871
179320853
179320829
179320763
179320751
179320747
179320741
179320721
179320711
179320697
179320681
179320639
179320633
179320619
179320597
179320591
179320577
179320553
179320507
179320469
179320451
179320447
179320433
179320417
179320409
179320381
179320367
179320343
179320327
179320307
179320303
179320291
179320289
179320279
179320261
179320189
179320187
179320153
179320133
179320111
179320067
179319991
179319979
179319977
179319953
179319949
179319947
179319941
179319919
179319913
179319857
179319851
179319823
179319817
179319793
179319737
179319733
179319719
179319713
179319697
179319683
179319667
179319653
179319643
179319641
179319619
179319607
179319599
179319577
179319559
179319529
179319521
179319509
179319461
179319419
179319401
179319391
179319379
179319373
179319367
179319311
179319289
179319263
179319253
179319229
179319227
179319187
179319167
179319149
179319139
179319121
179319103
179319083
179319079
179319067
179319059
179318999
179318989
179318969
179318947
179318929
179318899
179318863
179318857
179318851
179318773
179318767
179318749
179318747
179318731
179318719
179318717
179318681
179318651
179318627
179318621
179318597
179318591
179318563
179318551
179318527
179318519
179318509
179318501
179318483
179318459
179318449
179318417
179318413
179318383
179318369
179318351
179318323
179318311
179318267
179318233
179318129
179318123
179318099
179318081
179318077
179318039
179318033
179318017
179317993
179317973
179317951
179317949
179317939
179317937
179317927
179317907
179317883
179317861
179317847
179317843
179317837
179317811
179317771
179317757
179317741
179317703
179317679
179317673
179317639
179317631
179317627
179317601
179317561
179317543
179317531
179317511
179317493
179317451
179317447
179317417
179317399
179317379
179317373
179317339
179317331
179317297
179317279
179317261
179317253
179317249
179317183
179317169
179317141
179317093
179317091
179317087
179317081
179317057
179317049
179317043
179317027
179317001
179316997
179316983
179316979
179316937
179316883
179316853
179316829
179316827
179316817
179316791
179316779
179316743
179316719
179316701
179316673
179316653
179316647
179316619
179316611
179316593
179316523
179316521
179316481
179316469
179316461
179316419
179316413
179316409
179316383
179316377
179316341
179316317
179316311
179316299
179316287
179316283
179316229
179316223
179316191
179316169
179316161
179316143
179316131
179316127
179316103
179316089
179316061
179316047
179316037
179315993
179315963
179315947
179315933
179315923
179315921
179315909
179315897
179315887
179315879
179315869
179315867
179315831
179315821
179315819
179315789
179315771
179315761
179315753
179315743
179315693
179315657
179315641
179315639
179315623
179315611
179315603
179315599
179315581
179315561
179315537
179315533
179315531
179315467
179315459
179315449
179315443
179315413
179315359
179315351
179315347
179315333
179315321
179315287
179315273
179315261
179315251
179315239
179315233
179315231
179315221
179315197
179315161
179315111
179315089
179315077
179315057
179315047
179315023
179315021
179314979
179314939
179314931
179314921
179314909
179314907
179314897
179314873
179314871
179314789
179314783
179314727
179314699
179314661
179314643
179314637
179314573
179314549
179314519
179314517
179314493
179314489
179314481
179314411
179314409
179314367
179314357
179314349
179314339
179314313
179314277
179314273
179314217
179314193
179314183
179314139
179314127
179314123
179314117
179314073
179314067
179314063
179314021
179314019
179314007
179313991
179313941
179313929
179313863
179313857
179313839
179313793
179313767
179313751
179313733
179313731
179313707
179313677
179313661
179313649
179313643
179313613
179313593
179313559
179313539
179313509
179313499
179313473
179313461
179313443
179313437
179313403
179313401
179313389
179313367
179313353
179313349
179313347
179313341
179313307
179313301
179313287
179313271
179313247
179313227
179313223
179313217
179313187
179313181
179313179
179313149
179313109
179313107
179313103
179313073
179313067
179313047
179313031
179313023
179313011
179312983
179312981
179312929
179312891
179312863
179312831
179312813
179312789
179312759
179312737
179312729
179312717
179312687
179312677
179312657
179312603
179312599
179312579
179312561
179312533
179312527
179312513
179312501
179312491
179312477
179312467
179312459
179312449
179312431
179312429
179312389
179312381
179312377
179312359
179312327
179312321
179312317
179312261
179312257
179312239
179312233
179312201
179312173
179312171
179312099
179312093
179312087
179312083
179312057
179312051
179312041
179312011
179312009
179311999
179311981
179311931
179311921
179311889
179311859
179311831
179311823
179311817
179311729
179311711
179311709
179311673
179311651
179311633
179311619
179311589
179311577
179311549
179311543
179311541
179311511
179311507
179311499
179311487
179311463
179311421
179311411
179311403
179311399
179311357
179311331
179311309
179311271
179311261
179311211
179311201
179311199
179311183
179311177
179311169
179311129
179311123
179311109
179311079
179311051
179311049
179311039
179311009
179311003
179311001
179310979
179310977
179310953
179310941
179310931
179310899
179310871
179310869
179310841
179310823
179310821
179310787
179310763
179310697
179310661
179310647
179310643
179310641
179310629
179310613
179310601
179310583
179310539
179310529
179310517
179310503
179310497
179310463
179310457
179310449
179310437
179310431
179310413
179310409
179310403
179310379
179310377
179310361
179310359
179310283
179310253
179310199
179310193
179310191
179310167
179310149
179310143
179310137
179310127
179310113
179310091
179310073
179310041
179310031
179310017
179310007
179309993
179309969
179309959
179309947
179309941
179309899
179309873
179309839
179309831
179309803
179309777
179309743
179309731
179309723
179309717
179309701
179309677
179309657
179309629
179309623
179309609
179309551
179309521
179309509
179309477
179309467
179309443
179309419
179309411
179309399
179309369
179309341
179309323
179309321
179309303
179309297
179309257
179309237
179309231
179309167
179309087
179309071
179309063
179309057
179309051
179309029
179309021
179309003
179308963
179308957
179308939
179308891
179308879
179308873
179308861
179308849
179308841
179308837
179308813
179308793
179308783
179308777
179308721
179308709
179308693
179308669
179308651
179308631
179308609
179308559
179308553
179308541
179308523
179308511
179308501
179308447
179308429
179308411
179308397
179308373
179308369
179308361
179308357
179308351
179308343
179308321
179308289
179308273
179308249
179308223
179308201
179308183
179308141
179308127
179308109
179308093
179308081
179308079
179308057
179308049
179308037
179307991
179307949
179307913
179307911
179307901
179307889
179307847
179307803
179307787
179307781
179307767
179307763
179307761
179307757
179307727
179307703
179307697
179307673
179307671
179307649
179307631
179307607
179307559
179307547
179307529
179307523
179307511
179307509
179307481
179307461
179307451
179307437
179307433
179307329
179307301
179307299
179307277
179307259
179307257
179307251
179307223
179307181
179307179
179307151
179307137
179307127
179307113
179307097
179307059
179307049
179307043
179307001
179306993
179306983
179306977
179306951
179306923
179306909
179306891
179306887
179306863
179306783
179306767
179306747
179306741
179306713
179306711
179306693
179306663
179306657
179306639
179306581
179306563
179306549
179306527
179306521
179306513
179306471
179306461
179306443
179306437
179306419
179306399
179306371
179306353
179306317
179306279
179306273
179306227
179306219
179306207
179306167
179306147
179306143
179306131
179306129
179306111
179306069
179306047
179305993
179305963
179305957
179305933
179305909
179305877
179305873
179305871
179305859
179305823
179305771
179305741
179305703
179305667
179305649
179305639
179305597
179305583
179305537
179305531
179305513
179305501
179305487
179305471
179305453
179305439
179305429
179305421
179305417
179305411
179305393
179305369
179305339
179305319
179305283
179305277
179305241
179305237
179305229
179305213
179305211
179305193
179305187
179305183
179305153
179305151
179305129
179305067
179305043
179305039
179305031
179305019
179304991
179304977
179304971
179304947
179304943
179304911
179304907
179304901
179304889
179304887
179304877
179304871
179304793
179304781
179304779
179304773
179304761
179304751
179304743
179304739
179304737
179304733
179304707
179304689
179304679
179304677
179304637
179304623
179304617
179304613
179304581
179304551
179304533
179304523
179304509
179304487
179304449
179304443
179304421
179304413
179304383
179304379
179304317
179304299
179304283
179304277
179304233
179304227
179304199
179304161
179304149
179304137
179304119
179304101
179304079
179304077
179304053
179304043
179304011
179303983
179303963
179303953
179303941
179303933
179303921
179303909
179303869
179303863
179303809
179303797
179303771
179303737
179303689
179303681
179303671
179303647
179303617
179303603
179303599
179303587
179303569
179303567
179303563
179303497
179303483
179303477
179303459
179303447
179303429
179303417
179303413
179303393
179303389
179303387
179303363
179303359
179303353
179303321
179303309
179303303
179303279
179303273
179303231
179303203
179303197
179303161
179303149
179303129
179303119
179303093
179303083
179303071
179303051
179303041
179303023
179303017
179303011
179302993
179302967
179302957
179302939
179302933
179302919
179302897
179302891
179302883
179302847
179302843
179302817
179302813
179302811
179302793
179302759
179302751
179302741
179302727
179302691
179302681
179302663
179302661
179302609
179302547
179302511
179302507
179302499
179302489
179302483
179302441
179302439
179302433
179302427
179302421
179302399
179302393
179302367
179302309
179302267
179302237
179302231
179302163
179302141
179302129
179302093
179302073
179302027
179301949
179301931
179301929
179301893
179301883
179301869
179301847
179301817
179301769
179301743
179301709
179301691
179301673
179301671
179301637
179301623
179301611
179301607
179301571
179301553
179301541
179301539
179301517
179301511
179301469
179301449
179301433
179301401
179301391
179301389
179301383
179301377
179301373
179301319
179301301
179301293
179301289
179301277
179301263
179301253
179301247
179301211
179301203
179301181
179301167
179301163
179301151
179301139
179301131
179301127
179301121
179301103
179301049
179301047
179301037
179301011
179300987
179300983
179300977
179300971
179300969
179300897
179300861
179300843
179300827
179300783
179300753
179300743
179300713
179300699
179300689
179300633
179300623
179300609
179300599
179300573
179300521
179300507
179300461
179300453
179300449
179300423
179300399
179300389
179300357
179300353
179300323
179300291
179300273
179300267
179300197
179300171
179300117
179300101
179300089
179300083
179300081
179300057
179300053
179300047
179300029
179300021
179299999
179299963
179299961
179299949
179299937
179299933
179299931
179299873
179299871
179299829
179299823
179299819
179299811
179299807
179299781
179299777
179299763
179299741
179299727
179299711
179299693
179299661
179299649
179299621
179299613
179299609
179299541
179299537
179299517
179299507
179299499
179299403
179299387
179299369
179299361
179299349
179299343
179299261
179299259
179299243
179299231
179299213
179299201
179299193
179299189
179299177
179299163
179299147
179299129
179299117
179299097
179299091
179299079
179299073
179299063
179299039
179299037
179299033
179299013
179298941
179298919
179298907
179298893
179298871
179298853
179298829
179298827
179298809
179298803
179298799
179298797
179298739
179298733
179298701
179298673
179298671
179298667
179298661
179298659
179298631
179298557
179298551
179298487
179298443
179298437
179298377
179298323
179298283
179298281
179298277
179298257
179298247
179298199
179298191
179298187
179298157
179298151
179298121
179298103
179298101
179298083
179298073
179298037
179298013
179297977
179297959
179297947
179297869
179297837
179297821
179297803
179297773
179297753
179297747
179297731
179297717
179297687
179297681
179297669
179297663
179297647
179297639
179297609
179297603
179297593
179297567
179297549
179297543
179297497
179297477
179297467
179297441
179297431
179297423
179297413
179297411
179297381
179297359
179297311
179297309
179297299
179297291
179297267
179297263
179297257
179297233
179297231
179297221
179297219
179297207
179297201
179297179
179297177
179297161
179297101
179297099
179297093
179297077
179297071
179297009
179297003
179296993
179296991
179296981
179296973
179296967
179296951
179296907
179296867
179296861
179296847
179296829
179296801
179296759
179296723
179296717
179296703
179296699
179296679
179296657
179296619
179296613
179296573
179296571
179296553
179296547
179296459
179296423
179296417
179296409
179296393
179296391
179296387
179296373
179296367
179296361
179296349
179296333
179296303
179296291
179296279
179296277
179296261
179296231
179296213
179296199
179296153
179296133
179296099
179296079
179296069
179296057
179296037
179296001
179295997
179295973
179295967
179295943
179295937
179295931
179295899
179295871
179295869
179295839
179295827
179295817
179295737
179295733
179295731
179295707
179295691
179295689
179295671
179295667
179295637
179295629
179295607
179295593
179295587
179295581
179295577
179295539
179295491
179295463
179295433
179295427
179295397
179295359
179295353
179295349
179295307
179295257
179295241
179295239
179295223
179295211
179295203
179295187
179295169
179295101
179295037
179295029
179294987
179294977
179294909
179294893
179294891
179294879
179294839
179294837
179294831
179294807
179294803
179294771
179294761
179294749
179294737
179294671
179294653
179294651
179294641
179294639
179294623
179294581
179294543
179294513
179294449
179294429
179294419
179294417
179294411
179294399
179294387
179294377
179294369
179294363
179294347
179294321
179294309
179294287
179294281
179294273
179294261
179294239
179294221
179294207
179294147
179294123
179294117
179294081
179294041
179294029
179294023
179294021
179294009
179293997
179293981
179293973
179293967
179293949
179293931
179293903
179293889
179293853
179293819
179293811
179293787
179293783
179293759
179293757
179293729
179293727
179293693
179293691
179293669
179293661
179293649
179293619
179293613
179293589
179293571
179293559
179293549
179293547
179293523
179293511
179293427
179293421
179293417
179293397
179293357
179293327
179293321
179293319
179293277
179293207
179293201
179293199
179293193
179293171
179293129
179293097
179293087
179293013
179293001
179292979
179292977
179292961
179292943
179292913
179292907
179292887
179292833
179292811
179292803
179292793
179292779
179292767
179292749
179292739
179292697
179292677
179292647
179292611
179292601
179292577
179292559
179292551
179292541
179292539
179292497
179292461
179292457
179292431
179292427
179292419
179292401
179292389
179292349
179292329
179292283
179292277
179292229
179292167
179292143
179292137
179292131
179292101
179292053
179292049
179292023
179292011
179291989
179291947
179291927
179291909
179291881
179291873
179291857
179291839
179291821
179291807
179291803
179291797
179291779
179291767
179291753
179291731
179291719
179291711
179291689
179291683
179291663
179291617
179291597
179291587
179291579
179291573
179291561
179291557
179291533
179291521
179291477
179291471
179291461
179291443
179291363
179291293
179291269
179291257
179291251
179291243
179291221
179291213
179291191
179291143
179291113
179291093
179291089
179291081
179291071
179291069
179291009
179290987
179290961
179290933
179290927
179290913
179290889
179290871
179290843
179290831
179290781
179290777
179290757
179290751
179290747
179290733
179290711
179290649
179290637
179290627
179290609
179290603
179290597
179290583
179290561
179290547
179290537
179290513
179290487
179290481
179290429
179290427
179290387
179290357
179290337
179290333
179290297
179290277
179290273
179290261
179290259
179290249
179290231
179290217
179290187
179290169
179290157
179290147
179290103
179290079
179290073
179290051
179290009
179289997
179289989
179289983
179289961
179289959
179289941
179289917
179289911
179289883
179289881
179289841
179289829
179289787
179289779
179289751
179289749
179289743
179289739
179289713
179289703
179289683
179289673
179289641
179289587
179289563
179289557
179289541
179289527
179289493
179289469
179289449
179289437
179289421
179289419
179289401
179289389
179289373
179289359
179289311
179289287
179289283
179289247
179289211
179289181
179289139
179289137
179289091
179289043
179289041
179289037
179289031
179288969
179288951
179288947
179288929
179288927
179288911
179288897
179288873
179288867
179288849
179288761
179288741
179288737
179288729
179288713
179288687
179288677
179288671
179288653
179288623
179288537
179288533
179288521
179288509
179288507
179288497
179288489
179288471
179288441
179288429
179288363
179288359
179288357
179288339
179288309
179288281
179288279
179288269
179288261
179288257
179288251
179288233
179288227
179288147
179288143
179288119
179288111
179288099
179288093
179288017
179288003
179287987
179287981
179287949
179287943
179287897
179287891
179287861
179287841
179287777
179287753
179287747
179287739
179287733
179287727
179287697
179287679
179287673
179287639
179287631
179287609
179287529
179287513
179287487
179287453
179287447
179287429
179287417
179287411
179287403
179287399
179287397
179287391
179287373
179287351
179287349
179287337
179287319
179287313
179287271
179287267
179287247
179287217
179287201
179287183
179287169
179287159
179287153
179287133
179287127
179287111
179287063
179287061
179287057
179287039
179287013
179286997
179286931
179286901
179286893
179286883
179286839
179286829
179286827
179286803
179286799
179286773
179286763
179286761
179286697
179286677
179286659
179286637
179286631
179286593
179286589
179286551
179286521
179286511
179286493
179286461
179286433
179286409
179286397
179286293
179286287
179286271
179286269
179286257
179286253
179286251
179286241
179286203
179286181
179286179
179286119
179286083
179286061
179286031
179286011
179285983
179285971
179285959
179285933
179285929
179285923
179285921
179285879
179285861
179285857
179285849
179285833
179285789
179285753
179285731
179285663
179285647
179285633
179285629
179285599
179285593
179285573
179285567
179285551
179285549
179285521
179285507
179285473
179285459
179285441
179285419
179285413
179285411
179285371
179285357
179285347
179285339
179285317
179285297
179285231
179285209
179285191
179285177
179285173
179285149
179285143
179285131
179285123
179285101
179284991
179284979
179284951
179284933
179284927
179284921
179284883
179284877
179284843
179284823
179284753
179284711
179284709
179284691
179284681
179284661
179284631
179284619
179284603
179284577
179284559
179284549
179284543
179284541
179284529
179284507
179284493
179284487
179284481
179284477
179284459
179284453
179284451
179284433
179284411
179284387
179284321
179284309
179284297
179284289
179284279
179284223
179284219
179284211
179284201
179284187
179284163
179284153
179284139
179284123
179284097
179284093
179284087
179284037
179284031
179284013
179283983
179283959
179283931
179283917
179283913
179283911
179283883
179283851
179283823
179283821
179283809
179283799
179283773
179283763
179283761
179283739
179283721
179283719
179283707
179283701
179283673
179283667
179283661
179283631
179283623
179283557
179283553
179283499
179283493
179283443
179283439
179283431
179283421
179283407
179283371
179283353
179283347
179283341
179283329
179283317
179283281
179283277
179283263
179283253
179283227
179283193
179283163
179283149
179283131
179283127
179283121
179283073
179283067
179283061
179283029
179283007
179282981
179282947
179282923
179282921
179282903
179282899
179282893
179282839
179282813
179282773
179282717
179282707
179282693
179282659
179282657
179282647
179282633
179282563
179282513
179282417
179282413
179282399
179282387
179282371
179282333
179282329
179282317
179282303
179282293
179282291
179282281
179282273
179282251
179282249
179282239
179282197
179282189
179282183
179282177
179282161
179282141
179282137
179282123
179282113
179282107
179282101
179282099
179282041
179281997
179281981
179281961
179281951
179281937
179281919
179281913
179281901
179281877
179281819
179281801
179281793
179281789
179281771
179281721
179281693
179281691
179281679
179281673
179281667
179281651
179281639
179281637
179281633
179281607
179281579
179281523
179281513
179281499
179281493
179281483
179281447
179281441
179281433
179281429
179281423
179281387
179281381
179281373
179281313
179281273
179281259
179281253
179281247
179281199
179281187
179281183
179281181
179281163
179281127
179281087
179281019
179281009
179281001
179280989
179280931
179280923
179280901
179280877
179280869
179280859
179280853
179280847
179280841
179280839
179280797
179280767
179280749
179280737
179280733
179280721
179280709
179280559
179280557
179280553
179280539
179280511
179280499
179280473
179280457
179280449
179280433
179280427
179280421
179280391
179280389
179280383
179280379
179280359
179280313
179280307
179280271
179280251
179280229
179280203
179280197
179280169
179280149
179280131
179280121
179280109
179280107
179280097
179280091
179280089
179280077
179280071
179280061
179279983
179279941
179279927
179279923
179279887
179279869
179279809
179279791
179279783
179279767
179279759
179279743
179279719
179279717
179279699
179279609
179279587
179279567
179279557
179279531
179279521
179279509
179279491
179279483
179279453
179279449
179279447
179279407
179279389
179279351
179279267
179279257
179279251
179279239
179279209
179279207
179279179
179279153
179279123
179279119
179279099
179279081
179279077
179279071
179279057
179279029
179279017
179278987
179278963
179278961
179278943
179278933
179278909
179278877
179278873
179278861
179278829
179278811
179278793
179278769
179278747
179278741
179278717
179278669
179278657
179278637
179278613
179278597
179278577
179278559
179278543
179278531
179278501
179278499
179278469
179278459
179278417
179278409
179278373
179278369
179278367
179278327
179278303
179278289
179278273
179278259
179278249
179278247
179278237
179278217
179278201
179278193
179278181
179278103
179278093
179278079
179278037
179278027
179277983
179277961
179277907
179277883
179277851
179277821
179277817
179277811
179277809
179277799
179277697
179277677
179277671
179277661
179277649
179277647
179277643
179277587
179277547
179277541
179277533
179277523
179277509
179277463
179277443
179277419
179277409
179277403
179277401
179277389
179277361
179277337
179277313
179277311
179277253
179277211
179277209
179277199
179277151
179277143
179277113
179277107
179277083
179277079
179277073
179277067
179277041
179277023
179277013
179276983
179276953
179276947
179276939
179276921
179276897
179276891
179276879
179276861
179276857
179276819
179276809
179276807
179276771
179276749
179276731
179276719
179276711
179276707
179276683
179276677
179276663
179276639
179276623
179276567
179276557
179276549
179276519
179276483
179276473
179276459
179276453
179276443
179276437
179276423
179276399
179276387
179276371
179276311
179276309
179276297
179276287
179276281
179276269
179276221
179276213
179276183
179276147
179276143
179276113
179276089
179276087
179276081
179276059
179276017
179275981
179275979
179275973
179275937
179275927
179275919
179275913
179275879
179275819
179275799
179275793
179275787
179275771
179275753
179275711
179275699
179275687
179275661
179275589
179275553
179275549
179275543
179275541
179275529
179275519
179275487
179275483
179275441
179275433
179275429
179275427
179275391
179275381
179275379
179275357
179275339
179275337
179275333
179275331
179275277
179275259
179275237
179275211
179275207
179275199
179275181
179275153
179275147
179275141
179275091
179275069
179275037
179275021
179275009
179275007
179274983
179274971
179274943
179274917
179274859
179274853
179274847
179274841
179274803
179274793
179274763
179274757
179274751
179274743
179274713
179274703
179274691
179274661
179274659
179274653
179274649
179274631
179274629
179274587
179274577
179274551
179274539
179274533
179274521
179274517
179274499
179274493
179274479
179274467
179274449
179274421
179274373
179274341
179274323
179274313
179274311
179274307
179274301
179274269
179274241
179274217
179274149
179274133
179274103
179274079
179274071
179274013
179273957
179273951
179273929
179273921
179273863
179273849
179273821
179273813
179273807
179273791
179273777
179273767
179273761
179273749
179273741
179273711
179273641
179273639
179273629
179273617
179273603
179273599
179273597
179273573
179273543
179273539
179273537
179273533
179273519
179273513
179273503
179273467
179273461
179273459
179273453
179273411
179273377
179273371
179273359
179273351
179273309
179273291
179273287
179273239
179273231
179273221
179273209
179273203
179273191
179273179
179273141
179273117
179273077
179273057
179273047
179273027
179273011
179273009
179272991
179272987
179272937
179272897
179272861
179272853
179272843
179272813
179272811
179272801
179272759
179272757
179272747
179272729
179272727
179272673
179272669
179272651
179272631
179272601
179272591
179272589
179272573
179272571
179272559
179272549
179272537
179272517
179272493
179272477
179272469
179272399
179272381
179272367
179272339
179272333
179272283
179272271
179272253
179272243
179272207
179272151
179272111
179272081
179272061
179272043
179272033
179272019
179272001
179271979
179271943
179271941
179271931
179271923
179271893
179271887
179271871
179271857
179271847
179271839
179271779
179271751
179271739
179271733
179271709
179271691
179271671
179271643
179271641
179271629
179271611
179271607
179271581
179271571
179271569
179271563
179271551
179271529
179271527
179271509
179271473
179271457
179271437
179271413
179271377
179271373
179271371
179271347
179271329
179271299
179271293
179271259
179271247
179271241
179271221
179271217
179271181
179271167
179271151
179271143
179271049
179271017
179271013
179270981
179270951
179270929
179270893
179270891
179270869
179270863
179270849
179270843
179270821
179270813
179270801
179270783
179270747
179270743
179270713
179270711
179270701
179270677
179270639
179270617
179270603
179270563
179270561
179270519
179270473
179270467
179270461
179270401
179270383
179270381
179270363
179270353
179270347
179270341
179270281
179270237
179270209
179270191
179270177
179270167
179270071
179269949
179269933
179269927
179269901
179269877
179269873
179269841
179269819
179269801
179269759
179269757
179269721
179269711
179269697
179269681
179269679
179269669
179269637
179269633
179269631
179269627
179269583
179269549
179269513
179269511
179269469
179269411
179269399
179269397
179269381
179269379
179269367
179269333
179269283
179269241
179269231
179269219
179269171
179269159
179269157
179269151
179269141
179269133
179269109
179269099
179269073
179269067
179269007
179268997
179268983
179268979
179268967
179268941
179268931
179268919
179268917
179268913
179268911
179268899
179268871
179268853
179268841
179268829
179268821
179268809
179268799
179268787
179268767
179268709
179268701
179268671
179268643
179268641
179268623
179268619
179268611
179268599
179268581
179268577
179268547
179268533
179268521
179268503
179268499
179268497
179268493
179268487
179268469
179268461
179268457
179268437
179268433
179268431
179268421
179268407
179268337
179268317
179268289
179268283
179268263
179268251
179268223
179268209
179268197
179268191
179268163
179268151
179268127
179268119
179268107
179268073
179268017
179268013
179268007
179267999
179267981
179267951
179267929
179267909
179267887
179267863
179267861
179267807
179267801
179267797
179267791
179267789
179267749
179267743
179267723
179267719
179267713
179267707
179267663
179267657
179267639
179267623
179267591
179267587
179267573
179267549
179267521
179267519
179267507
179267503
179267453
179267423
179267419
179267371
179267369
179267339
179267323
179267321
179267317
179267279
179267269
179267251
179267239
179267233
179267213
179267197
179267191
179267173
179267113
179267089
179267063
179267059
179267027
179267003
179266993
179266979
179266963
179266949
179266943
179266937
179266907
179266873
179266847
179266811
179266783
179266727
179266687
179266663
179266657
179266643
179266631
179266627
179266567
179266561
179266553
179266499
179266489
179266457
179266447
179266433
179266363
179266361
179266331
179266289
179266279
179266277
179266271
179266253
179266223
179266189
179266187
179266169
179266151
179266141
179266133
179266111
179266069
179266057
179266051
179266049
179266039
179265997
179265967
179265949
179265929
179265913
179265883
179265857
179265781
179265761
179265743
179265739
179265721
179265701
179265689
179265677
179265673
179265643
179265637
179265623
179265601
179265599
179265587
179265523
179265521
179265517
179265511
179265503
179265497
179265487
179265421
179265419
179265413
179265403
179265371
179265367
179265353
179265349
179265319
179265293
179265287
179265283
179265277
179265263
179265253
179265227
179265193
179265181
179265179
179265173
179265167
179265139
179265137
179265127
179265113
179265101
179265091
179265089
179265077
179265071
179265061
179265043
179264993
179264959
179264941
179264933
179264929
179264927
179264923
179264903
179264887
179264873
179264857
179264821
179264819
179264809
179264801
179264749
179264707
179264693
179264671
179264663
179264653
179264651
179264623
179264621
179264611
179264581
179264557
179264551
179264521
179264513
179264471
179264467
179264441
179264431
179264419
179264417
179264401
179264389
179264381
179264359
179264357
179264339
179264321
179264311
179264273
179264263
179264249
179264237
179264209
179264207
179264203
179264171
179264161
179264153
179264143
179264131
179264087
179264083
179264077
179264053
179264027
179263961
179263957
179263951
179263939
179263919
179263913
179263901
179263873
179263871
179263867
179263831
179263829
179263823
179263807
179263801
179263787
179263783
179263769
179263751
179263729
179263723
179263717
179263709
179263697
179263673
179263661
179263639
179263621
179263619
179263577
179263571
179263531
179263481
179263477
179263457
179263433
179263429
179263397
179263369
179263349
179263339
179263333
179263319
179263303
179263291
179263289
179263247
179263243
179263229
179263211
179263171
179263163
179263159
179263129
179263099
179263067
179263061
179263037
179263033
179263031
179263027
179263009
179263003
179262991
179262983
179262973
179262971
179262917
179262911
179262901
179262893
179262877
179262871
179262847
179262823
179262799
179262793
179262791
179262751
179262749
179262737
179262731
179262703
179262697
179262691
179262679
179262647
179262623
179262607
179262547
179262541
179262533
179262497
179262463
179262451
179262449
179262439
179262431
179262401
179262361
179262353
179262337
179262289
179262269
179262247
179262241
179262233
179262197
179262191
179262179
179262157
179262113
179262107
179262101
179262091
179262071
179262053
179262047
179262029
179262019
179261993
179261909
179261899
179261891
179261879
179261861
179261843
179261791
179261779
179261759
179261749
179261729
179261683
179261659
179261629
179261627
179261611
179261603
179261573
179261569
179261543
179261531
179261521
179261503
179261483
179261443
179261387
179261363
179261359
179261353
179261339
179261323
179261309
179261239
179261213
179261207
179261183
179261177
179261171
179261153
179261129
179261083
179261077
179261051
179260997
179260987
179260943
179260931
179260927
179260901
179260853
179260847
179260843
179260831
179260811
179260789
179260777
179260751
179260723
179260691
179260673
179260667
179260657
179260633
179260607
179260603
179260589
179260583
179260579
179260561
179260553
179260519
179260511
179260493
179260489
179260457
179260451
179260441
179260439
179260429
179260423
179260381
179260357
179260343
179260331
179260283
179260219
179260217
179260157
179260141
179260139
179260127
179260097
179260093
179260069
179260057
179260043
179260009
179259967
179259961
179259947
179259937
179259893
179259881
179259863
179259827
179259811
179259779
179259757
179259721
179259683
179259649
179259629
179259599
179259583
179259581
179259571
179259533
179259529
179259517
179259491
179259463
179259461
179259427
179259397
179259361
179259349
179259307
179259277
179259259
179259253
179259251
179259239
179259229
179259193
179259187
179259181
179259151
179259149
179259127
179259109
179259107
179259089
179259077
179259071
179259061
179259049
179259023
179258993
179258953
179258927
179258917
179258909
179258903
179258899
179258887
179258881
179258867
179258857
179258851
179258837
179258819
179258797
179258791
179258777
179258743
179258689
179258627
179258617
179258587
179258551
179258539
179258533
179258531
179258509
179258507
179258501
179258477
179258449
179258447
179258413
179258351
179258333
179258323
179258281
179258267
179258263
179258227
179258203
179258201
179258197
179258161
179258147
179258119
179258083
179258033
179258029
179258017
179258003
179257999
179257993
179257987
179257963
179257957
179257937
179257921
179257909
179257901
179257879
179257867
179257861
179257853
179257829
179257823
179257817
179257811
179257789
179257777
179257739
179257721
179257709
179257703
179257697
179257691
179257667
179257643
179257621
179257553
179257549
179257543
179257541
179257499
179257493
179257451
179257447
179257433
179257417
179257373
179257357
179257327
179257313
179257301
179257297
179257279
179257271
179257259
179257249
179257217
179257213
179257189
179257187
179257181
179257171
179257139
179257069
179257063
179257031
179257021
179257019
179257003
179256997
179256991
179256967
179256953
179256943
179256937
179256907
179256901
179256899
179256893
179256853
179256851
179256839
179256827
179256761
179256757
179256739
179256709
179256689
179256673
179256617
179256607
179256599
179256593
179256587
179256541
179256529
179256499
179256487
179256481
179256463
179256461
179256437
179256403
179256397
179256367
179256361
179256349
179256331
179256323
179256197
179256193
179256151
179256131
179256107
179256079
179256071
179256067
179256061
179256037
179256031
179256023
179256019
179255971
179255969
179255941
179255897
179255893
179255851
179255831
179255809
179255789
179255779
179255773
179255749
179255711
179255707
179255669
179255653
179255647
179255627
179255621
179255579
179255563
179255561
179255551
179255539
179255533
179255477
179255473
179255471
179255449
179255441
179255431
179255387
179255359
179255357
179255311
179255309
179255303
179255273
179255267
179255257
179255243
179255233
179255207
179255203
179255201
179255179
179255147
179255143
179255137
179255117
179255099
179255081
179255071
179255059
179255033
179254997
179254981
179254967
179254963
179254909
179254891
179254883
179254843
179254841
179254819
179254807
179254799
179254793
179254781
179254769
179254729
179254727
179254703
179254693
179254657
179254651
179254637
179254577
179254553
179254549
179254513
179254489
179254483
179254447
179254441
179254403
179254391
179254373
179254363
179254357
179254349
179254333
179254289
179254267
179254259
179254253
179254247
179254237
179254219
179254217
179254139
179254129
179254087
179254079
179254039
179254027
179254013
179253989
179253979
179253953
179253941
179253853
179253829
179253803
179253779
179253731
179253721
179253709
179253703
179253667
179253653
179253601
179253587
179253583
179253551
179253539
179253533
179253521
179253511
179253497
179253479
179253469
179253463
179253461
179253433
179253413
179253409
179253401
179253383
179253313
179253311
179253307
179253301
179253299
179253293
179253281
179253259
179253257
179253241
179253233
179253161
179253103
179253097
179253079
179253037
179253029
179253017
179252987
179252963
179252921
179252911
179252903
179252891
179252873
179252849
179252833
179252791
179252771
179252761
179252747
179252701
179252663
179252657
179252621
179252609
179252597
179252543
179252461
179252401
179252399
179252389
179252387
179252371
179252357
179252299
179252291
179252273
179252263
179252257
179252243
179252231
179252197
179252191
179252189
179252173
179252167
179252153
179252119
179252111
179252107
179252093
179252077
179252053
179251999
179251981
179251967
179251957
179251921
179251873
179251841
179251817
179251799
179251789
179251763
179251741
179251739
179251691
179251663
179251661
179251609
179251591
179251559
179251547
179251543
179251487
179251469
179251433
179251403
179251313
179251309
179251307
179251297
179251283
179251253
179251223
179251217
179251201
179251183
179251159
179251151
179251147
179251087
179251067
179251049
179251019
179250991
179250971
179250949
179250947
179250919
179250917
179250899
179250889
179250887
179250871
179250857
179250847
179250833
179250817
179250803
179250793
179250767
179250761
179250749
179250719
179250683
179250679
179250671
179250667
179250629
179250613
179250581
179250563
179250553
179250517
179250509
179250493
179250443
179250419
179250413
179250403
179250377
179250371
179250367
179250353
179250349
179250347
179250341
179250283
179250251
179250191
179250167
179250157
179250139
179250133
179250119
179250067
179250061
179250041
179250007
179249981
179249947
179249927
179249923
179249897
179249849
179249839
179249809
179249803
179249797
179249771
179249731
179249713
179249711
179249699
179249687
179249677
179249647
179249641
179249639
179249627
179249579
179249573
179249563
179249531
179249507
179249461
179249453
179249437
179249393
179249387
179249351
179249333
179249311
179249303
179249299
179249297
179249267
179249221
179249179
179249177
179249167
179249159
179249131
179249129
179249123
179249111
179249093
179249017
179249009
179248991
179248987
179248973
179248967
179248939
179248873
179248829
179248819
179248807
179248787
179248781
179248763
179248733
179248711
179248691
179248673
179248669
179248621
179248583
179248579
179248571
179248519
179248501
179248469
179248457
179248411
179248379
179248373
179248369
179248367
179248339
179248319
179248309
179248301
179248297
179248291
179248283
179248253
179248247
179248243
179248207
179248189
179248183
179248141
179248129
179248103
179248099
179248079
179248063
179248061
179248057
179248019
179248001
179247977
179247953
179247917
179247911
179247883
179247863
179247853
179247821
179247799
179247793
179247787
179247773
179247769
179247751
179247743
179247727
179247709
179247697
179247667
179247641
179247617
179247587
179247583
179247559
179247553
179247527
179247511
179247491
179247479
179247443
179247433
179247421
179247407
179247391
179247373
179247353
179247329
179247319
179247307
179247283
179247281
179247223
179247221
179247217
179247161
179247139
179247127
179247109
179247077
179247067
179247059
179247037
179247011
179247001
179246993
179246989
179246987
179246983
179246959
179246953
179246933
179246927
179246923
179246917
179246887
179246869
179246863
179246849
179246839
179246819
179246807
179246803
179246791
179246789
179246783
179246707
179246687
179246633
179246621
179246581
179246569
179246563
179246539
179246531
179246527
179246519
179246503
179246443
179246411
179246407
179246377
179246369
179246357
179246341
179246329
179246299
179246281
179246273
179246261
179246233
179246227
179246213
179246191
179246173
179246161
179246117
179246101
179246087
179246077
179246063
179246029
179246027
179245993
179245991
179245967
179245951
179245939
179245907
179245903
179245889
179245873
179245861
179245817
179245799
179245789
179245771
179245747
179245741
179245709
179245699
179245697
179245657
179245631
179245613
179245589
179245579
179245571
179245553
179245541
179245537
179245531
179245529
179245489
179245483
179245471
179245453
179245351
179245343
179245333
179245307
179245303
179245273
179245271
179245249
179245247
179245243
179245237
179245219
179245217
179245207
179245177
179245151
179245139
179245117
179245081
179245067
179245037
179245013
179244973
179244971
179244943
179244937
179244931
179244929
179244913
179244893
179244881
179244851
179244847
179244839
179244833
179244829
179244827
179244817
179244763
179244721
179244707
179244691
179244677
179244647
179244641
179244629
179244623
179244577
179244557
179244529
179244521
179244509
179244493
179244491
179244479
179244437
179244433
179244427
179244409
179244341
179244283
179244269
179244259
179244239
179244217
179244211
179244199
179244187
179244181
179244173
179244137
179244101
179244071
179244059
179244049
179244029
179244017
179244011
179244001
179243989
179243963
179243959
179243951
179243941
179243927
179243861
179243839
179243833
179243819
179243749
179243747
179243719
179243717
179243621
179243611
179243599
179243569
179243527
179243507
179243489
179243483
179243459
179243399
179243371
179243369
179243353
179243341
179243329
179243299
179243269
179243243
179243227
179243213
179243203
179243159
179243149
179243137
179243111
179243089
179243041
179242993
179242927
179242901
179242891
179242859
179242853
179242831
179242799
179242783
179242771
179242769
179242757
179242729
179242697
179242681
179242643
179242633
179242627
179242607
179242559
179242513
179242507
179242499
179242477
179242471
179242451
179242429
179242423
179242391
179242387
179242369
179242321
179242291
179242277
179242241
179242199
179242183
179242159
179242139
179242123
179242117
179242099
179242087
179242081
179242079
179242061
179242027
179242003
179241989
179241977
179241943
179241901
179241899
179241883
179241859
179241857
179241847
179241841
179241833
179241827
179241781
179241773
179241767
179241731
179241679
179241677
179241619
179241613
179241593
179241583
179241539
179241533
179241521
179241511
179241479
179241451
179241449
179241407
179241343
179241331
179241313
179241311
179241301
179241289
179241253
179241247
179241211
179241197
179241191
179241187
179241151
179241137
179241121
179241103
179241089
179241067
179241059
179241019
179240989
179240983
179240981
179240969
179240959
179240953
179240951
179240903
179240869
179240833
179240801
179240779
179240767
179240731
179240723
179240717
179240701
179240689
179240687
179240681
179240653
179240591
179240573
179240557
179240539
179240513
179240507
179240483
179240461
179240459
179240447
179240441
179240431
179240417
179240371
179240353
179240323
179240309
179240293
179240279
179240273
179240267
179240249
179240147
179240123
179240119
179240111
179240107
179240101
179240059
179240057
179240029
179239979
179239969
179239961
179239933
179239913
179239849
179239847
179239843
179239813
179239661
179239651
179239649
179239639
179239631
179239589
179239561
179239553
179239537
179239493
179239477
179239471
179239469
179239457
179239447
179239439
179239421
179239409
179239399
179239397
179239367
179239363
179239349
179239339
179239321
179239301
179239283
179239259
179239223
179239213
179239157
179239139
179239133
179239121
179239097
179239087
179239079
179239061
179239031
179239019
179239013
179239009
179239001
179238967
179238959
179238953
179238947
179238901
179238887
179238859
179238847
179238827
179238811
179238797
179238737
179238733
179238721
179238713
179238707
179238673
179238671
179238659
179238623
179238617
179238581
179238551
179238509
179238503
179238487
179238469
179238461
179238431
179238427
179238403
179238391
179238383
179238349
179238329
179238317
179238277
179238271
179238263
179238253
179238247
179238239
179238203
179238181
179238167
179238139
179238133
179238131
179238109
179238107
179238091
179238083
179238053
179238049
179238023
179238013
179237983
179237941
179237917
179237909
179237899
179237881
179237857
179237843
179237833
179237809
179237789
179237771
179237761
179237759
179237741
179237713
179237701
179237699
179237687
179237683
179237671
179237651
179237633
179237623
179237599
179237563
179237561
179237501
179237497
179237483
179237479
179237449
179237447
179237437
179237389
179237329
179237291
179237269
179237263
179237251
179237249
179237209
179237153
179237147
179237143
179237141
179237129
179237099
179237077
179237041
179237039
179237033
179236997
179236969
179236957
179236949
179236927
179236903
179236901
179236847
179236829
179236819
179236801
179236793
179236777
179236711
179236679
179236669
179236667
179236639
179236567
179236553
179236549
179236529
179236523
179236511
179236507
179236441
179236429
179236411
179236391
179236373
179236357
179236349
179236319
179236307
179236303
179236289
179236273
179236261
179236247
179236241
179236231
179236201
179236199
179236157
179236147
179236129
179236111
179236087
179236081
179236073
179236019
179236009
179235977
179235971
179235961
179235871
179235869
179235853
179235851
179235841
179235839
179235829
179235817
179235799
179235767
179235731
179235703
179235677
179235673
179235649
179235643
179235613
179235611
179235601
179235599
179235571
179235547
179235523
179235517
179235491
179235473
179235467
179235461
179235449
179235391
179235373
179235361
179235317
179235293
179235281
179235271
179235269
179235257
179235253
179235239
179235193
179235179
179235163
179235143
179235139
