1741889532819758504
7696840226716352660
-7283553391825885736
4782374154738979990
-5140372675576243506
1690924436060670514
-8844509812211625466
5431437062351337464
7221779562445017584
2770306664974098800
1687081477725757932
4370869945593144812
1663243933828600134
5596469069871067554
3649521077983334334
-5419806713874772332
3019323352632478500
-2192334529290879066
-9042027836471777366
1598070525062509344
-5530460750322212266
-7338621816758486486
3412288355442766434
8598154355459488470
8707807670570555052
4274717548171862644
4874435749457705338
3899915343900010050
-5120420798776984066
1959576355983483384
1978756163306065000
1614020907167617844
2085454381582349674
9077164190631760500
6936876829245077572
-3595491713255954792
5460133780828619984
-7687100871512189066
4186488836104613780
4934272818478478622
-2144493985607630882
5030315452344400400
-1443363007616415954
4345509805197294580
-7849830310148437704
6617944944505887720
-114957152446978732
-7422195056550059556
3047075878616801850
2630891981507604850
8262753002174279114
-2895983767600973324
5420307832217557734
-2140865403892077942
6221090543186145884
-1952074991228635366
1941788641599047654
7546678832661229002
-7556860631231005556
1579212450857687842
3631840654816039484
4814562145351165130
-4936061140783758806
-3505291884245261166
-3797450077019444442
4264480105433623906
6357997099801781154
3398728395698600074
3737450705103545850
2821360040481845940
6282053995236179000
-3678545533497627886
2065348980556368234
6006331081838678850
6638636061665347740
4590976882385515188
4014087783863610250
2252451113354042134
-3773995038505934412
8932567883803443460
-6324406041222505252
7934301023855581544
4078947333347574606
4196969764589538640
4513725349482881840
4367944037135682794
-4346126500529871766
2951073493644308060
365939409124109596
-1869195355584203456
7565837830858945080
-4286153892621583344
1950371916522266144
3730003153742292350
2226253991520813254
3439427212115373604
-7783483931005340406
4596551941110072944
4838444807326786604
-5934535284649164326
5603372067849268350
3326863890811114602
-3876319893279183366
2193023676879015414
2233408778298902916
2450759998545293470
4057382327582603800
-4834929181566101766
4830571215300566450
3669636842511273964
5037173129949184936
2344609219346630810
6693925519352162690
2676639758522758604
-6017040910653529066
3755173354088383134
3084116478590039674
-2434255960116943426
-6988988680855053196
3839701525333516304
8239239444094175132
-5639197301569974312
-3329146863125188324
2952886388203472000
-6585498898275666836
3371149010647396902
-5208165668317305996
4877283480846924404
1758220539308680764
-975008266146206572
-8008109973230494976
2705391946898210570
3526182632129215942
7334734357322388814
1547340178633249908
4748448145270193264
4574410279326061122
-8666176078094441832
5009018909564129420
4022972905156578100
2809501450756797850
-2726494117733597916
7715456184549624590
-8419004557321208622
7625996192063440774
-7226635566751456716
1955431781742246990
8017076788452128254
2733614473160786320
-3226712917307863622
-8637949229873040236
2870355226177767314
2016478139728112074
5825838108803471220
-7322286178781402416
3830387096266830710
7405548979793723850
-4563539901083727566
6646777974753460544
2625537855967761904
1749360390370125044
3963568081798045356
6648259126831243350
-4381888584664197766
1840049869717409350
6439315672265081060
3427663940119460634
6987864269663828100
2787246806085081340
-3177719404212820994
2113691311969081702
6205391341240364540
5499215142320848390
4195699924852033404
7017511482422646062
1419101952367651144
2030438685682212740
4230070457534821884
1336749766069199158
4072474344985320934
5613803285921785262
1946130529615630050
2382115971681735940
1854079311134082340
1967142326799184262
-1582238278423920362
6144947423392561194
2886957574666456230
3069815926020442466
7428864926284408244
3003783357629029250
5843298528215536850
-4731318251489253704
8032002259489619884
-5839655458208290986
-739937805302548504
1952088896663460708
2831303378974048850
60793258701336726
5050474399229778324
3105246182321032750
96733832432523606
4901485921165908074
3349172980766010750
-8260313330110839636
4754378295930519634
5996385502345410194
4285255599107383180
-3795440747768670236
3320258949906777032
6743943225992504582
-3947561723643493242
-976536932757557746
-8084773693183767882
-8642905721994962126
5800723767192783170
3791788963182273634
2163240311682278268
-3848284183202174116
3033484182856324730
2511049671032541300
3494687477826531894
2273077946459704384
7952922368771246750
1816424711187687482
-7922139636994015666
1745282404512350704
-7894936236457076312
5198213583044607204
3411157789434738204
6905961356030236264
4198281262985389160
-1587448100964001486
-763088199275436974
-8757369946014187162
-4722391653630895762
8798841370152482352
5075833832513563750
-6750415266221225496
3808638051452688650
1242110770893256754
-8457757764156394696
106326819683896744
-5295476517251222006
-1906639784818668454
1166977823297157044
-3818201046161889766
7246240367049787250
1729446347152299490
4425469788063074160
-7669023063862373346
-7344607040590359024
5018608963392267100
4096903556089679500
5837243754986436634
3505055850774250500
1976966080729390170
-6195476646205919634
2095839589347208924
6876288677434980230
-5478584310943965116
5682290818006351164
-3145222076422000316
7394312669727906300
9102448700902370520
4440859618328315908
4133341117755885750
3664744163789489688
2044930411605287220
-4896939622741723712
3585939094886216250
-7352221099693963586
7553196954779629010
-471290509166209826
2560294018219350680
2781270418475144772
1984432778844252620
2891913156707707080
-1698056873912210316
-4814634853867336822
2135568700859525804
5126839082107499730
2469473072108609644
7284634280807228800
2492723082442144832
3156824910733812850
2771267098556472250
5023817687075408324
-7119328307236287886
4287752025888943506
1645759661108534622
-5447995855463192866
3404651872732983002
1018186080119395224
-8653308240963374004
2071519703935317454
1105363103958069644
-5479806725185947456
4178641031458979110
8472204284274799952
6468530479423044394
-4801939380561700512
2202549130587832600
4449284187184736884
-8704210294665590476
1678755556866394020
3970939048839867984
7800272412873097612
6580014404422630000
2877263111657713130
7856784014389303252
-6054300866106227674
-6310454140327697816
8150863075038075210
-5510949099382664954
-8908264384737613184
3389433116377319620
6140009167476151424
-4545518788473051944
3010009720497429634
2404144103886934084
7887048792483371680
1591343375152577970
1687346298831654280
2594315780907153394
6804786071885725070
-8910206080572520306
2547825443690651250
2708789721631789502
4628080288356050680
-5840852255595264742
4463251299352657504
2651275205385068000
-7020705760149381302
779746832849973434
7182457211265034034
2502674562919912500
-2640168081142504066
2495385742163396392
962711405971750666
5338216982756787568
1821467981290500620
-8711113670805414066
-5159679683657006524
-2746256658101514066
4960382706953755250
8490429648285587310
-7140851071752828446
1599469394381758482
-7990958196589183884
5954339749915296390
862002455338104684
2835600766540929192
7177749343588427800
5324987459973097840
2103205756010607600
-6544285321490488616
3959579140155675190
1635439147800202184
2559388963576934610
4252053020864578930
2241453091247069280
6876288677434980230
5773707471516780234
1664161103704232480
3216770715104229374
7591985309364207640
-7933110701930282696
-5512779255122173776
-1156216491297270536
3477186490320281830
-140301043481975196
2323764150787543448
7645717213252687310
2801226769063185384
4201955093725716670
3018299135669411300
1861908025241747560
-282371138266078566
1997475227838186250
994160078164291484
2611728875371479054
3805531486132626234
3447899187945239610
5433028350287491954
2042178673291826850
2249985361190473214
3364700421832208580
2116560638611109376
7008645960114092910
2359388085293186500
4500445050559050184
-3087012576306986026
1439308965545537844
3735768025997002450
2051821923724030350
2125003025325051130
3061127162413943420
2049982486654079684
1600614606745385154
2760332947738349130
6586263521489104882
1527050879643732616
8751870339426703580
1909838113504454302
-7876596585777613682
-6606636416590204122
2454265768492618900
-2394841799385239206
6392082404889538890
349785666425877666
5659656442121381814
1569532671568612100
6355485665755916144
5722226802270210232
6167149195597620650
5785694190676255640
2945840931571001310
493108236654597464
5041440528722608934
-6547150840535670766
3052442703692138484
7167556903557908950
-7384808431388646676
2624431126952291300
8628734268391660852
2415735183031294320
2121743349344679044
4980928057315879394
-8638940678613408242
1682997471321229188
2286186957297789000
8595909045036878800
-6347632473227977272
4184133335048728100
-2799803916814538936
2404144103886934084
7154635981757323250
-767715552628900762
4570292096454954854
8198428192773200200
1777514464523112646
-4483598896882905816
5100377901559170244
6807801284830556362
2688075436128142712
6616837858490914250
-3116138046830253942
5687888998477015460
6000499415328005280
-6591785979168542124
-317759078414434596
4262922124686888390
7883681728745308084
8442484543593200100
-1087098267326792126
4116513595121177250
7488205396172147970
4705324325437294000
2342068173371290050
5913532974321492410
8037551310236964950
6420687026162327058
-207493150669609786
4765469160311416268
8559596246049257530
7397922945379345170
5033320412196332540
31281279709502184
6163299739779542560
6195360135546330044
8528307597008365700
871066659478855278
6072922697903711634
-2194506594616396384
-4912093500681210244
5099255222028131096
-7263875633090854766
3217415276006581980
6639375926326920634
6125198862080995464
-8431599106759232822
-357018340243796546
-2961718815099491056
-8057886079493490256
4838153021283149750
1941860171535179324
7890838028250715120
-6830537279445577532
6783331661115619702
-2126345019275088432
1928918808823129044
2072547131846517178
3844365105045287550
2705203275407792720
2063962469855092422
-6809700197505828716
-8183086273305416566
4577208590017091562
2317673262810506844
2564822892486808030
8055926348605255432
1652658519610511100
-7930499321973238026
6363365753649697170
113524002324544684
-1409635692972270624
6932672352721210524
2450584808696146620
-3681240608796940856
6261706351226797378
2208052448954184910
-2907187463926714292
-7717886985657536704
6129432498146821424
2149667445664434500
2207566447646540184
4556531462068395810
-3927613794217741952
5519839436817947934
3640129672630064934
-3989385462971248746
-7422736194041388456
5778023695398593100
-7029041404248173872
2271599997455815518
7843780205742549224
1572670564453223600
2556313572524619702
5127949973679038616
4478651724444658292
6627545510290992170
6591413194513562844
5359417166186946224
2218927401866955494
6214539531266144540
5734480551179103970
4917415826401822550
6084955548784818160
1631122909468636010
2864144510328286668
3278873688033794270
5640200924783319684
4418651058753745060
-6346471944964092776
1080425564426332024
8530986114764721370
4035436845434211140
2647623088965473108
1972347322175809502
5774357894978068550
5083399690064437000
6723753239292118010
2074455636567841300
2847541838836701930
-1295341236963052476
4155944783797578422
8946440272889337680
-9127715455201889932
4012566099261954080
-4668100877287409732
2686198228465546522
2593218937813115000
7606313346138045630
-7698786151683928966
2849699154075164820
3766626951686091154
-5307825969957361236
-4970694750214096526
7086407653901974750
1562567293750698324
2837542526752845428
914784382012379724
5264111164936055810
-8157417890011172816
-7221151251944777226
4455838237359801276
4143981901678816544
-5676699671469234606
2257706166423510934
3688466446242758906
1827786828694658000
3781715159264671704
-6615768209807034866
8782402872651915234
2473791206018919350
1784864885734704250
-4739603335468299916
6645297070176598722
2088715896389597462
2749932652961437526
5294327600499163534
-2541380242976084526
8825832129056516744
3770739737784293080
2282893883080487584
-4954960465306345926
3554577246880736850
5215478472854459392
-4609157749335169046
4518990245735499870
2325349033173390900
3971392268764699394
-2226338549491186366
6553963207876646870
5057408584518147860
-2916286008661303446
5102123517791329134
-7765527687851537464
3228412876901338264
2641624794798345510
-5383583990344064066
7363878564686616830
4249934645921244350
3578021082622563894
-6527081337557535316
7140560362880187320
6183617186411205464
3319818970475640250
-7235406290291902724
321541651507811026
7101959490604267850
-2870753301154191686
2823697289544138814
4365464899404919382
1784312479484892084
6825913610666104850
5558616321391629194
6619052169437841694
6244871004640161300
-3561630048769850892
1954988110483916600
8375790961025137720
8214908057695122784
-6582068527598482116
1223725040829061678
2738180947915893372
6946439569869875922
4848081153158692540
4033909094722871070
1613764765042155770
1754536093245157530
4295654488953958592
3839210869149632900
-3805485327346881796
2665427184500902374
-2867246643082366216
2536301151800738834
4578048333521162500
-5305974106740297902
-1134212253484950964
1960909938675141300
3822067507248738020
3224081412160477750
-8974598845358100516
-3238426242363275006
3040068404781030154
2421400717839725424
1932900635973758850
5879350140171098462
4414664715607348494
-5566377481709080052
-8616118333961999954
3691204860440256234
5928810854585959340
3282580251588942550
6873250741633684850
2719906899349898334
8387687189941889194
8562282130349424750
530489713233643134
-5394642987971599094
2758226578679236592
-7826697018077035422
5974138556472352574
4921256595602609640
14546946497610434
2882780730307691626
1770955840812791710
467136322200985096
2854803135530800350
-5365751936243441416
2939209627160040850
5877999422568052740
1566775212201915340
6363007408948658622
-8894178221134385102
-7154631574202640046
-5477361810274787834
-6386461953505830406
8580652594229828750
583405669548705234
2983630526063379500
2839120448023077750
1273898294974888308
759224056703848434
-8086323307611354976
6254768396992575934
8957549812798377532
-2767410125160357616
4244377677614712610
-1916174289285208416
4664594868140882402
2396210234601254500
3637395998287533998
4330619083780232934
2982412410409969980
3846084336400048022
4969500757053705388
6697648546560976580
-1838311059507888516
6619790396574316390
2031503860431097000
-7348414559860246616
6709572670498340500
2569176261831925530
5552727900492449600
3827449221437819404
3535859154858536550
1705160453396392720
5603697823199219044
2667853580408825270
1211196700659773708
4084496719672026824
694480061464974958
2068124097532207170
-5823490351366460316
3124375001880373954
1862763564084362550
208080901677685658
-2861634758648514172
2396210234601254500
5302761455668903660
-718310270114455866
3055748887082047772
-8799055335422228592
437139603985176384
1626955465906748234
3253581748043054986
-7129265705707899616
3363367386951989662
8020486489214339890
1748528028913348654
-4988300806516211772
3543245100429948694
-1979144911319115556
-3887656192778459922
3039450905695617474
2858822119838656984
9138593855892952850
4548681989451629178
-3960848919050247352
5144842517233591172
2067044553277668252
3595511426157846634
6503185613054857500
-4468086656565714964
1834726111120308404
6094612101412695196
7698907001139814530
-7163995117479338854
-6142677859037646774
1683906055253150080
1959816648767198634
1932754017131383320
3791840274233284350
-6089119090532073716
2035921192540088330
4286587733888181150
-6799553108683599692
-7369609956513728082
3384297161460702344
2119184405819766142
4335289220583424350
-6933185196283937046
2253365777653610384
-7900695194689330616
4483610314454174750
2361432019036019162
-5923821142722591344
8351597049633054100
-8820580746086496014
5109773587653971234
5289646474695515114
6864522283222359462
-5051665054597303266
-6037751243042792016
1766017868095256020
4529256154791406500
4818483340989842816
4488573020793802430
4718482629839169884
5629150533453061890
-1421633370120354392
2327202281197325350
2223002161155077234
5104325346851838030
558969188374268384
3361696693880215766
3060881698918512926
-1309659400798392616
4131008081471241894
-2568432849047883652
8318689867421095050
7645305968938263410
6352264103777716502
837298110894213134
7341513623386040410
-6430971368884679904
-6086171242422516646
3978694394582546100
5767697272477821620
3143500902937779202
2636624408070705234
1808321480231475790
-9017987521522476366
-4539722563831092632
8020486489214339890
-414222313054913522
7649007765064785002
-1802961902327579996
6383854750818574854
8694666662200691480
7425645664900482800
3987530372702550504
248256173291915808
4328843410510155394
6078720446111772550
-2552063029373028536
4686117832692486706
6346539906728165694
3833952882763930768
-9052111047965250036
4576872107706439168
5769028935763622190
-3267336059914924264
1568278830128010050
1853084703288818972
-7204137098548910956
3459909472687192032
1916094068978666500
6219110565993124744
7397120547676288772
8831329365291260430
1704493223957565650
6985558049137246720
-4171547739279101144
3750209442058229640
4086353595321869040
1353535501331615168
2349527770699394532
1695438330050033100
6522876982032787530
4938123457160500000
6345075850194173384
2624062295044571980
2769378096678630954
1817635315561509274
9213098803455984360
4090047131285497744
5042898635653771254
5972429820827611884
5289022559210501930
6458499500093739982
-2982654148715451926
1566649959531877192
2282198492890017724
2153162957575912702
-1907373354634317782
3668925461956293630
8281512726534457060
3034095710774878006
4766485082420727120
6343088413794551494
2321814088065134870
2089493011065592132
4234336065538860204
5596534485726563240
4191058256725767334
-4937321713113897504
-2283374003690430786
-1419384288481911586
4546497687666108972
7892943749114932040
8719148076790068152
-4155776251811700012
-7959197761059578896
8012390225172481500
2787632709930668600
-113372286007075006
7034108712782113600
-3261832608398983516
3386306187319055000
-1952807049194459866
4656884872052594048
3401738450233995040
-1441116079211683616
-7460566341563152886
8038405265482272654
9086054578022279130
4948798526808763354
7126115407089631082
5290582451420593800
4240411752252414200
-7633865829603460316
2810472057266100920
3653301240788930822
2365865097676895060
2908411450947129204
6123163241406830150
4184395008290783784
4011551883242601250
2022690764720988642
4559015358618452716
6410079599063557340
-850852725399841936
3394574914759205072
-8445187890779588096
8386364761324805220
2275728371532962472
3430378120372101064
-4966290538413567342
5846050928743299874
38456618371891704
2869761782195845744
3249983514203385050
2670281632540292232
-5376207421999321924
9065943554943478000
5234952841089950050
4953845543844257680
6495472741119794158
-4883037392603470816
-149006933768750086
8168567629211753570
2733149620397215094
-7181054821261658822
-7870303205600206516
2158254946299831470
6261848402013280780
6457050170509147860
-4244975479554413616
-4284848019379661946
-5957725672761890316
8856098713897141602
4176027550095640120
-6824345396718252314
8755967088649027520
2758769833211648816
1451103506564394706
1807066516489074250
5161460323013784956
5280470266479227738
7832886237942948000
8791989194292651592
-2346729929650153622
8776928495498065400
4156725870386832600
8646309512791404584
1906788453089314404
355438292550914634
7449815646981183490
6331532295540204610
5783692456077134172
2249656747259043980
-7332634173252114596
-4608516026042062696
-644008280694259882
-8598726842546788964
5924733862078030714
-4772706141245662614
1971900775440244630
3310809024741345050
4658919589439687572
-5087326157914378366
2043401325015038430
8751870339426703580
-7639731333123369426
1599469394381758482
-6306964284166792062
558155044524284384
9180034299245148430
-7964930392965524434
-8093036295124404066
-3086318607308901876
5536313868055248108
2883987284180422420
4604147184823734884
-3466509299589042422
-1374355842509097596
2523383102553700310
872715039399262624
4558763443210597814
4235920397428867442
8573031988999159850
2731383565331351968
-6670448092092963586
3823534684270896100
7749465405331281500
4944645056340782912
6370894489311629200
6570832606016873000
7206031297770939964
-5083575714553085696
2526249505787370350
4781217248278163420
3894209422339944052
2069204064587379434
-136342793804047726
6831959076288346154
-8457255196829512516
-6363871105231950546
5832549017268509250
6036586513626329150
3517674543832750050
885081251587002234
3049139203884916300
2391906594133364000
6400356400842943394
1753172954209621190
989191959447630234
6810440418040254130
7965213435944376920
1130324521083167814
1810833368571795022
3007662719340079130
-6782062013070371764
5118615999749248374
2047684929859471764
2460585631058943850
3008226379202020884
4611451459168010240
6312632123602213684
4364654575052004160
-6372563645535049706
1568905656906337750
4015356184942119600
7296539518016498750
8960792043375172000
2511941875376837750
3557819989773340330
6204688052908643494
3197906642453872770
1697299616608646330
4857439227829130124
-8951397080130298796
-799311499683234266
3190426995434071380
1660363867872619910
9131074330017020810
1845000642031231300
2419203315354176850
5865631002677815004
4833194677431227690
3736008373932881200
4918597362007098900
-1938161259307701136
-8171798108634035034
3040343535520765374
4979734853044873350
2657599369445054650
-3730360969395782892
1796078734547461714
4719628132992491250
-2582657193941216362
8730499556086126252
-5265802312600591582
2411796199506297186
-6273773099859643526
-8614628537977016116
-807011399430085866
586665646549615124
2017414505285080666
-1719521323127040592
-4140649650107821216
4360334750242471000
-1824325424668589166
2801551957144991492
1659448268132465342
-3628620060657847584
2858822119838656984
3141389866222586812
-4869124467341529066
2210970142178406442
5648133041693085832
8870341674735464770
-5013422382741403192
2584307164962233864
2815523265741731120
2366437894702067184
-5173990655389665576
6337246338758219850
-1626111860651144284
8248812975475082010
-2958227527289870936
3025679317066099694
-875429553198108032
5448226069012439634
1253817489619636816
3882568967927149500
5441627348096520520
3086042028491859600
-3299638632399911116
-8993418949452154792
3258652130696429350
-167200124566285316
3704621405257333730
5730769114513476208
-8380138699683351526
4941976349142069020
-5095449410283503766
3189786493922855750
2440439857283756300
2153639948371274000
4953251576857102974
1956023460884375212
6133266079752930272
563854600797617278
6977874769964905590
5109490847524622234
1745825723597761850
4484880232010147044
-9124852765665461984
5260692742881841720
2733614473160786320
1864190117307691600
4025005859353886680
6296973587537523682
-8003434310309122736
1725672557727110644
5280470266479227738
3900908317797208900
4862709094686606240
2278381113741736080
3718732941935400172
4495192092148971134
-2473597492517187346
5803398754390994134
-8836701150717184306
1613124543108951600
4565464306770800050
6121074558266872932
2582634043115208082
2861684702907723750
2393469507531584288
-1101546630404397116
-2877764841375134076
-7544523201867812904
5626589071332686974
5503373494495153426
2527862930374654910
2458302052229044002
7663004461217949844
6367939959008738094
2592853400748745750
4552627467322302550
2148556130394098880
9049598779098309250
4282059742434155994
3382065959093638964
4824745123301228020
2011488138409588490
-6643701469694240742
2022084023857996120
-9162967774830585704
-3509369876498788136
142333674619670674
1753309232358071850
-8177956443001264516
-4824784852246410366
3800840853440201082
-2237179657088768226
8198428192773200200
8960792043375172000
3771644778224138814
151944347715610148
-3231536870275844566
7206031297770939964
2913594081247312722
189622036372694364
6550300249773354580
2082351729559361064
2910403951361778634
-2502877619393390706
618472376684484684
5923035735931037124
7396318215247587500
5183500853169293884
-3374354666944676942
-1083294566733548856
3528715037399970730
6266452398306830394
4790768006648882062
-4596961189568347264
-3405803122089640316
5462729306127886634
4767360962290722494
-8939295959751705696
5230620498568649144
-3114752059677636086
-1671382619804103222
-2917685430066699412
1655398020332158804
5603697823199219044
8333157023660913992
3165518812951520454
-5717736537698782052
7968182378482405184
3621732898053459330
3052649261518347612
6285603871792640850
3918565178673016300
-2443561419010682252
8549753409515805564
-8918454980849900502
-8084773693183767882
1241274776391448706
-7739609692316913152
4695045734160275470
-4346126500529871766
2174706122056691542
1857634750711532940
3373433351507218984
-8548909702250092814
-757688472336776906
-6221227452695667116
5570868188551766100
2390874583608722040
-7456247831318764962
-3983416189848405354
-2399145058122993126
2102424819299859250
2235233334267433544
-1919107153492841566
-1694354019992137366
7796098530969773172
2693440088240673014
-3636049412529621922
5850697431392978472
5334363925754825726
2377146329481527520
-7462185454751869116
2182565338164660194
7949534234260195682
4195134183084576022
-5383583990344064066
2886165272970393260
8543047253357349244
2352244764570825740
4284190114854337710
7679083139410005050
4406125188350617732
4542108021766153834
2196894702081255050
-5584003985042301534
-3111979803444321364
6181513640989768384
-8247557598666878536
506916690675675968
7432890474861883724
-7554715743904445086
2266627234511073252
2884556245654773674
-2989627873615711916
6012853855862311770
2486341393173640094
-5673678343774037536
3821578542085875872
6878187898638899700
6037619959414020054
4820379014010890660
7284634280807228800
1621333784551012560
3845101847890138000
3207113918248622564
-6486290944470371792
3958574985861491100
2770114608218637680
3672246122976680942
-8949945555957469222
6507922047593001770
-7883935312425397864
1655810955684976564
657673826905740148
-7510137790962757512
6987095466049989290
8487315921165921994
2524636853657226014
-3540606757736648864
8215342073583156512
2652390413303347864
-7418947813224195316
-9187205008442627182
-7545596437760360266
5537537241192289922
7406352063091267000
-5609499943107683366
2587820972170285234
2918783634836862870
3660633662135644390
7143686481758828612
1931581366656615564
4452275337334069284
-6956089221057718604
4319456158593359564
3053736320721509834
4316509035107729350
5509178990245735910
3501849247814048404
4476173972352157700
-1504692877960637766
922215509804043714
2284025890713739172
4360874552907207500
2874102867014669970
3473088730774605250
-3838261631286659516
5260692742881841720
-6374301590625320016
-575693177473392566
3800597384074077024
6511931820298640360
2805653030047698434
2808531095671007630
-875429553198108032
2183850495488257310
7424841013063588114
908180730370080288
-5433907009503376406
-2821606186147950756
-3719605365900701124
127124393598101884
3917540711328854906
1404797971648253986
-2750489062801749956
-9157733904320851816
7683209949890561100
-2916286008661303446
-5381125481245424016
5395883735254798240
4662324134824065710
-7911683023142244936
3890739319612579940
-6564905511836170346
2996239582158370262
8828122332171288784
7532435148851625012
3400536025723124234
3028347705791583630
8664363280295071804
2667106820685012000
3397036102666618560
5820808729178866060
6371253167090530250
-4062854677351737934
3765901515296790450
3209550596258351784
3021167600016082440
4787293349635744500
-8747050426868307414
5489906364644687220
-7097221770599774826
5768695998326289042
2651832765376195830
4686208227053885700
5173317036540692550
4101541693350892882
2352496387812429304
4401502808680034500
-4427953545641674876
3111108674712677380
-4787964120310471466
4979734853044873350
-5894023532719244644
2398704472427204926
4576089111722891840
-4143281225642641566
3344551634986247384
-6348212706054269766
-4764436067054032766
3683172738849615620
-4143281225642641566
3604621548277800050
5794708427162747600
-8911176817315459582
1266366194865327876
-6872127482172248004
-5635563661493170624
-7287376604931463504
-482219596067995186
7699733827443068800
-8422532227840723316
1919300727153342962
1842420495086158244
-4384486807245423312
8532325610220308792
1809856212355718800
-450980404331872326
-8563874643010199634
-7387520798104950596
2322893941903852184
4811074552089997492
1650443320091976960
2122328119649717672
9173903560899476100
2145383318115910250
9122620411275253064
6115329043032470324
1677304990829507130
2858340675313973850
2164313407193803782
5904719224233607512
5417448796734508422
-6628315799332770636
809328519840396428
-7934155117725837912
2754208676424610234
6403956294676419374
-4165634962058617532
1601251101504542294
-4063515286775740642
4538705104831054850
-5649488417595416676
4203267760290356340
8734134369271456600
6119682399735528310
-4109042411976204264
9218302763402875450
6081793897283340234
6700255589490881000
6140996759155005824
-8004473482229154492
-2190162246254869916
8252731823782550700
4884419166292935390
-3034899610262648976
1614020907167617844
-3007051866701074516
-6175550450513904762
8943664503335125512
-5234218476823546904
2132885051206240830
-8593753609381394624
2506238761252797984
1791642277022511810
5703057756604214790
-6611202973732788566
-3400337363966521496
2656110314087595974
4317044763534861512
-5833670192959880196
6796499400645100392
-4254787998753892616
2170864463427596090
2783582717557520410
2063962469855092422
3778248193867650650
2572808300983977760
6544808691759151520
2946645487850908432
3991055344916009440
-8944621876820694234
5281851497447434914
-6129745573839672346
4197232039683363850
-1542753288571436996
3228412876901338264
2019355379014909600
1225395938527646324
3953807860938269334
1895485757882816384
-8215871689629086422
7625585743570044250
4477275068545644222
118323287263914354
2139048236893794790
-2159002256737019892
7510092966063033192
3358704883902715074
8750050023518098750
-3482167487223485076
-6701122108322879116
-7136990271848785182
6651592624074327930
2775568088136263118
-7290652863037904922
5888473573847323760
1753036684005616790
7674133161517803940
8791989194292651592
-989526549231181054
122323402313737574
-4204363074587754094
8756422371772359620
-2060154785170059944
2281036174436136440
-423612705907238136
2994203165330391322
8123714622621333750
5780023958413451474
3454817110361817184
6992478423771287902
-508740915773494266
6343321746482545902
-2270391836395689204
-5271988575526279012
6249112113480378142
-8877156908141850272
6007703856185268160
2411405262953703720
-2161177661888894056
4455840301907667400
2626275869748993350
-7441123018681869896
-7816695941871416616
3160215519608565754
5271575322866908510
-8709634684862148116
2498939272647750422
-4541654840070535476
1698763130819184600
3290475705559880094
403132529349389824
8501111788767960362
-1833895497049524232
1565898601210160954
2451986590510499784
3933782970364121694
-4404610828642046566
4847869496264603884
-838554647932015576
1745971899041847384
2081886630527303180
4637118102934625000
-5690590875806632742
-6154425642361680504
-3906979317259722544
8334473154734099100
-2352480309018362066
2740466329544761510
1712914639162649384
5702727678744375890
3884300996521788192
2884185232207416020
9008135900193606554
3017889521854322080
-2307154347149094182
-1892697321378329872
-7474053483731301236
-3815524741298865156
-7051802228410047866
8979335963147862260
4816015868694390000
1935541201878579750
2065194889324897850
-6253358850475348536
-1039125944093741714
2462519132390608214
1590203141900227530
6600248230403609600
-4541654840070535476
7426048015343742800
4334214419336505704
2781848358137502850
4106441776151530634
7973273925140629350
1671906615858048922
4049206137617717960
-6743625451302194366
-7050692734479846884
1882953739731256934
-4825419038892706606
3507576869026260604
3255616144855009364
2376026745419515978
-8713578272960182616
3480604058962540290
3834797079275799494
-7039593338466000454
3039038914250646164
6243457781532626774
7839588874234388744
6851255800688698672
-8183086273305416566
-8872289500551891542
-1458336840573194884
-7964930392965524434
2507305007917356350
-7355483068698957754
-5659168507326827036
-5435132580977888532
2757002176142695634
-6778109685905638096
4966628759687603184
6951799021312796924
4109796993216468450
7988563206285996840
3807662746224391300
2636254291672217540
-9037703976335259566
-2348886502460154246
9145177249962618480
2150461506191001850
2174225636104299120
3994592329140207900
2679635743490532932
8316937553642348800
7238737721072234570
-6710766329513804266
-8823024534312046984
1776729888832161144
5912854643463523484
-220120361855778946
2436076761865168800
211292538327234684
-3401703943129644762
2161601468561545500
6280545308547852634
3336348151558410500
1993270663726001212
-7228280469262879066
9095888391851895760
-8376094219742401042
2131780249732571062
4200380299717607852
-7888127154399620556
3527103349011072884
6199317349018050514
1685757839743071642
-7989918016105487786
-3109900364565540366
4462427399002072500
7822840343271970324
2056579532417669870
2341729523364633864
3318059490011007742
2219090018231824892
3235502342158236970
-7522504396991856596
6309320273756382554
-500943578032966566
4321295005752395844
3745872628822978500
-3773324480961263244
3569136572956692148
-4248901097636550776
1695571228298472844
1355214662150212694
253081562872717886
3678181480671239542
2230168916676093250
-1084816121972062804
-3720277763788599172
2365523870210419534
-4559036266548824622
2795939339343285370
7930918841257072700
2863259377838036450
1822761419619356634
2908536553771149068
4666014497605704672
3171041315727292722
-9152973920131200826
-8436130238999042414
2664307867865932600
6440613416852016568
2289181734602484240
1916531103769539530
-5564553016931473966
4461329042644922630
7137044705662391300
9116049200656123642
1922949540576746812
5793706325521241092
6463936659120402042
1199508983486955756
6081837398176722070
1810414538898363750
1778657705447750050
-659507085770188892
1626094022317146250
3196085077853357674
-9203336777981317944
5016509963455912520
3215481883842623850
7692707926256653720
-524327968216344616
-7614118884896587274
6553422590457098384
1608520566835627410
84747830305424446
3769287781830640412
-3932935253370779756
-7488605645229384692
2121856339744885900
5078859161348957600
1629574319016917872
1654093071766454974
-64190434398311116
4159330287543079000
3214193439907138420
-8081157250173291586
8657589807593283284
-6439627676289809864
4142683146365366904
-1586703914513614066
8590522094222653662
-8580316471063865726
3011793172964283406
3166792595931338192
-5440034001198032096
2820707490282162446
-8288842748228159056
2878342426860829556
6664568142635107320
4346586706473192302
-4143939062795163336
2389980078755141586
2126892715822647644
-4879876303469744246
7734520712641335470
3529405930051726664
3111108674712677380
4499063373363260394
1562567293750698324
4542108021766153834
-5590685165293453072
5670361999106174704
4315437727839083244
2875485153546532850
-8911662157894951016
420940025325415734
2184654006973111380
5728818728506068894
1718277741172505604
3099391979181478512
2628121584893021750
-4980128712891556786
1571665927297738052
3611411931975059100
-9121512127681795266
6876288677434980230
2027701588296887750
-4005294491442842246
7174612051167665524
2349012105730132134
7011728666718286602
-1688428176685660226
2660393035650225810
6096399026848678464
-7117671438132533952
-4056908168468348062
5087337276968752610
2104924582559615674
5276867235321531850
2124530799517287924
1664947551173498200
3501391341347364700
6737208185393770700
-2337382276831529086
-5200093900996324034
-2365413030497013266
32875618856466286
-7554179472569413986
5664522162455206034
5404755654163720162
-1539024713832539026
-2279768630214654166
-3364773616915576266
2876275255392826560
7199346090483694420
3216770715104229374
866122152608885884
1864190117307691600
2900540872400766656
-8569357533845682772
-5187047095747625806
3221714824484736010
8050795264923607350
1725807229475193592
7835818112252182052
5032118266745613850
995816329371337326
2741098235102156186
5688547879786758000
-382110782252371314
-7119328307236287886
2837946857009366830
-6793348844095573594
5976873296117743450
1373692480854732484
8530539651329559270
3372929561752418850
3117213808293985934
91139641443608434
2692020774641815590
4920665561641461944
4385217592570372250
4220360428172430150
2313581556899872270
1977856608875675248
-3445385347338692154
-8387213608067944386
9091672923297993100
1952032231209830350
-4071440825112572396
6519956924206987534
-5358367817601801282
6502461337326266934
3185732223592803014
-1380364789313958152
1893182332188231392
6481721972035003694
-7963367181031835316
-7188752859065819134
-7925275102704545136
543504927488573078
4817179084377152570
5555963983697928990
7781919860982488830
6012853855862311770
4300994588524814622
-3721622490489780046
8606690546887323900
2260025391965148392
6125252459039355070
1999348344086052948
-7610914130833037106
2309222175651966820
6157703748613514552
2741990711869506202
5953998823323369492
-1251577655217143534
2175346893868568084
9083246382070630462
3775824887220744710
1521980968573492268
106326819683896744
1714522249617595950
8482424651846098800
5202525780869161250
5601092178056735200
-3536535162829448796
2557217811437498972
2082034259186151716
-3383931151368342444
2459180163591004022
2861094367291950062
4641359132166329500
-8945105940118425742
-1179715060401507054
-8293422237645455146
3649993437831632710
4840195800757998142
5517224208989173010
5106904593063979684
8854262162676618380
7612870056127563990
6711810215064421194
-1998147074550587704
847177002220255056
8281076091417115660
7241106347978956600
7847973217655688054
6817985026831519660
9072955232396979000
3363367386951989662
1595402504546938850
2899855354637234140
7152288601430507640
-3951548841635295266
5196674162239068964
-7778205035007053316
3491328755810367850
5617841641127568634
7897577818478810280
5610215913435850354
-8572347239827413366
-1693613375536863562
5286527449186897334
-8578324615647375856
2163515513447009362
5908748827090332034
2529835943134727000
2128468420415658624
-3141761863718334396
-280797139424252012
386954837744589994
-4050298774124719132
5811764052694500334
1566399476721360600
2073528163022179760
6264327161582710000
7843780205742549224
-6231165747975121172
4515110402231084110
-1562876937016156994
-4634167553790720156
2124216026039963310
1705160453396392720
7834561493926947430
3039862485753420250
2010581861404260522
2836969142463547260
7652299378899525350
-126840375656845152
-7325010035504156886
1793859477163867850
1874932033274303988
8153020624700031080
2867693324611635634
1957503246187340852
-4586684150371381256
5786695252803305484
1938625280500580980
3323780359943608240
1589949839968922432
2143164441285542290
2053509161563372240
-1477788035410363992
-8655288734179360726
-693568833772635914
4784109908073661410
-7112147228356531572
2108678406270225750
5889149805879745574
4188583449617432672
-4803209326764041566
4292719554653390014
-8193340167744034616
8394301679155740264
8902566390491284000
8419914519382417870
4101151030884617738
6895298598745596930
1056341958873244734
1155309831038563534
216913900288749956
-3199125463043669602
-7279182802600690844
5686571407569143590
4809957086609653424
-7220602709906980826
1394705695795133484
7980066449203904510
-4243666759310134284
3700324197270302000
-8048566648437594322
4575249637771926850
1661148969166887550
8504229310892604380
865298160421292134
4888240591980863264
-5067314667603254766
2730573331411891112
8535451713051122860
-4035088526733832976
-3745811826772262536
2734945771167710100
3409810973367012550
4494091969513565160
7759856398714147000
6917780971388340872
3479692461111490220
5724918310500784484
1790312512747443306
6112377463051955082
-9158209802155091564
9044932905159668350
-4874184950689710854
6248822742079724714
-8251130410336020804
1864047425125987920
1713584339399483824
3449483657071147614
4134119016074357380
7073208686815418294
-5588863283411908026
-2547078398949121962
3767594363232422100
6449083217540610374
2237032457332205082
1615558400307457230
4111346248212029600
1349338066499019378
1869904525457891300
8694666662200691480
1971007909448032910
2470088300369311360
-3340115656459169292
5922017035474661510
5904380430719659784
-8454239394613998932
8206665022733986582
1766428970934564794
-8445187890779588096
5370595574578525720
2376803882404400372
-6256276742670864406
3557356605004539232
1597943400639763100
2327033758345356790
3722087351788171674
9100573964900699450
-1099265909739790486
-1691391294818752296
1269713528492829118
2637734991099786032
-3765275997558895106
2145077672149632884
1962244201924723620
3911097236556668250
7621482169839792100
-6122098978746105384
-3437202338777399516
3742502153185886104
6366945538599207546
-3931605025742170366
4393083127413580380
3482427791991757974
-4800034295031963146
6004958542767135644
-7603433606072623744
1890152644743196834
-3455609402259339614
-529002102476090976
2163355961174960734
2641810130791113660
8224460380542642390
2525516311800530956
7906430344167439000
-3716915544088126382
4023735172712042810
3898426238514330460
1822590132664357784
3080630948424865752
5684924740859393120
4510956199986430700
6858076159104837550
6715913833561308532
4752074858803639670
6113355436074877178
-1166073648063028266
876836450726145894
-534454103529473594
4507383319239066096
4376280009371598042
2201902358365770054
-3410584438784582656
6305349820703140884
-7297203214989056836
4332871198828432464
9132483887514439032
-4282236001939132876
5697118547008081974
-4898834553048335916
8058065023860025902
9107136808122917460
-534454103529473594
3993062859982739324
-1796327658536986604
-6876617021303764296
-8830353107234155344
-2722256861549628496
7789840849142815012
1732343304210310624
-7467041720538838272
6442606714353319144
4795751870752379964
8942739390370613100
4903548722397082450
-3266648210298588516
1626480446401630820
3582211336233914850
6959844012612172962
-3550782096753615124
1016528399895495926
2825256262133875570
8064483604656193862
-7365264659997581086
7728300141178121610
7831211250636970834
-4554531536387199306
1283944452431722954
4650416383441357452
-6391092055384016122
-4217473354648396624
6754055253416971280
-2639459024954133202
1640826620869536060
5755057966377929374
1744267947270712584
5289022559210501930
3995829487317403896
-3333946444938632616
-8279169850125867124
2279210571089201050
8735952201420753890
6031765520693455690
2396554776540680882
8174953172166158
2701054998740042494
-5507898408213637284
1777142860402585390
5629150533453061890
1737689244939066300
7421623059646050710
5405706865368278000
-5752058819546813856
-4738328951545057962
-8403370823220240754
5333771826621181762
2004095834909894440
-4564084864903866
481742235055003984
6735712195035835050
-1742443257918721766
4150220178521361100
4839903935521116994
1980846129114969120
1765606837017414000
6243457781532626774
-536011589564141616
-3788741490715982696
1805115649150595534
4617646791199441794
6734216453829105824
-6231165747975121172
-3097419289788190236
-1201675901484784126
2176148057748130774
-6763986032303648996
6269995661137377624
1963282432887327084
-4145912438106237892
5195135083376755374
2156821912620067550
3061774996403121074
-6022960791718273516
-9155354140839386496
-4744699982646828792
2516406463991974750
-6181999818729007366
-7564901137475381716
-4999609872117655356
2975516798825296600
3590602883679302100
-7434636179588898142
7647773683691741380
4733390445532060810
6901009253394674390
2463750135474024670
5471644249198806602
-4929756955803039866
2232455006152501260
8800212285812564500
2726585684491681474
8983048198181476952
3894553631780705306
1867045681704190750
3626666604878879710
5004229040017306212
-371136053132218082
7739914911483732432
5493114951932677960
6465538242716375268
-1840518510626850994
4601327092696843250
1723249813767064660
-6862021242123320016
3346737849283440612
-1772723172626906236
5062538439322961744
3060713197062857704
3495442642913648350
1593894787227942898
5151567784023507000
8462436925380810750
-1748354769764827994
2220228583067306210
-740709851110447132
2529835943134727000
6576707849200731424
2266131595239764630
6160754841366237954
2443060526142906100
2530015365183978204
5911690765739886188
2437821297382109100
7052283529065296522
-2701764713237029326
7841265205217794350
4283657447243186012
-5591292416226874516
-7035151310636734066
6239219551347584620
3543693663421780314
-3682588008111227304
2716919582818902500
6839899842970153302
8791075873321857850
-3036986671325202766
-7403242690038806766
6304087488250807112
-8783868042704510464
2586462755456412560
-2875661627915642582
4110407414492858918
2663002444063189820
-7498837374976106714
3901404875846882054
-7999796597789204616
3622672263400242052
-9079438895547146254
-2094366038377415766
-8448205741692092266
6333153024118648054
1925872335180920042
5375961855665976064
8560043849544759880
5559586345989467384
7487800522535147672
-5642830168633904066
9051465634034562180
-7433554761013111186
2935196107428086100
4108555909816948574
-4089261310467634394
3637395998287533998
-6145028089055135296
4577488491681278110
5659656442121381814
-1489002277790578112
-7004577240521665366
2253602491006918480
3324881374794374010
7786504959579149720
-8612641879936036686
3530096924151733950
2024208214252872432
2581176604715921590
-7657313526349310462
933779293458875276
2767618779015550044
5636672345543226442
2355304198622652704
6770933897549040410
-2482171456594616984
5870237312295337850
-5996304665262161266
1849393948663454204
2866804772435558024
1630219430970880442
3188008781551531684
-386029116966352784
-8059956213155418626
1972049615926212550
6203633232501453870
4438987807681379244
-2065981764622518836
3827449221437819404
-2800507571745834536
-3874318682829475112
-8320358941727128912
3178140822565190844
9220195658951589020
-7530563922601888756
-4060872712543685316
-5134140122407137416
-7172252230418954814
-6351693664764455516
-7114909585715459962
1621333784551012560
2450584808696146620
8273219611369647550
8457556414168605660
3567097195611986190
5714288932097046380
4655233436410332360
7357882951947625020
5371857867354785790
2485278970791319500
-3729016841243327936
7364278402441091300
2125790243270991000
-4605948909665848626
2109774216656302352
1571877033608220934
-7432473262790622816
2764957503317727284
1202847799293697478
3901404875846882054
-8459265352359661862
2841468721985635912
2438871975768977854
-5132269929588362962
5791034689897840000
5987291776391172154
3601580693591281492
2731383565331351968
4068644798735003410
3230757901587170994
1207021917482474268
5658298530882324650
5603697823199219044
1496645889159018778
1990121599351332174
7374279639207098800
4103002079661359754
4167933548154896850
5031216798982997172
-2977073470006395842
3875893711598994750
-3257704037787745232
3378498330276169100
6038653537888182820
-3633348153338832516
2955909735130230760
7603036579839198850
-3909643065531333566
2244239812533240984
2152686046018315080
3229464869315971000
4880599981618241300
6858076159104837550
5060727456933159750
-4650181638460166006
5758049607000213250
4620746797073994832
-4887461989315870092
-1506933503081434444
6752181798376869960
4827948821327948750
4890576342513764614
-4478429585368647372
2066427860632886030
6331889309991826750
1667046107190568000
8752325462778041300
3750691542541142850
2912397475370797414
-2317235046217569364
904879538083887086
-2576257421938940266
6368934409306872244
5976480872336144616
-8339639034050294206
-2475026726303574494
7715456184549624590
-3068267157889857016
2148873605064031300
2043401325015038430
5018309065937661340
-913012914996959404
1956381821259632548
4036455586964128510
3182747340464230242
-8903408847938296694
4556531462068395810
-2387667778320074766
1706361960011215612
7169124264273170472
3367113024294057484
-1388624500998175266
3942284231621364500
-5822891345321578452
-1891963263425534224
-2559181896749315126
5982687735206380774
6127690555271490984
1567526885947975260
-192489817068115156
2275065548085923450
5873466345454124296
3207328277222047652
8655784219132517142
5494719772892393030
3479276570279810986
-4288112533148248366
-2768114872395585806
2383831446784601080
-3722967125094978194
-6607778179739942646
2529022749630875378
5912176370964823540
2879041894146260570
2758226578679236592
-5043521832326805536
5755057966377929374
-8552403040846094866
4202199459363940484
6894918014494615182
2450759998545293470
2242272445595832650
2260684926430202034
4937530904566951860
9075761041877271014
2972883404075976902
3374265437882541734
4212728040715274430
4672833230186461004
6755929098285552150
3798406686102267792
2039582360211953830
3191708287826801600
1641734504417092514
5879350140171098462
-1790428888116822816
8367867174955030834
2292012836070079500
7614919897043537260
5700087571647141750
2162877357307577640
6638636061665347740
1649531826685611544
4989501276858099986
4039767829091256704
3733605416388975010
2726775473340717682
3653537598427931370
-5917865869270363904
-4420175876132279202
2513726997317467100
6412962673029293824
6257954694755076742
6736086169266312664
-7432473262790622816
-2880568794546891646
-3895654302865309336
1972645062131074500
2012848128338266382
-3743797187838166002
1919738310359982000
9089331629545770750
3686027166120692250
1670854795652380030
-6938215839546358236
8584240518824497450
2064886732729050140
4774569108983084194
783032002716435484
3454240341190022932
2592670646708837002
4536480493654567374
5792266704646963954
2625622214219284908
4827366212141140360
2699547718001723050
196843438427177856
3914332033027783420
4994061973952339470
4874435749457705338
-472071323562795474
-7765527687851537464
2177270058933323550
2991557375549067360
2685635257941016500
7294951310537381764
2903036809939258500
-2778683230293088216
3210759482416691660
3952554070316115544
3104200181179571600
4234336065538860204
-1029977097849946576
-4842533709505731904
6005973609242121436
7241896019441160862
1207856820916592446
-1293833540067890682
4716478501085416520
5004748365639325994
8796100019357865124
1397228403915873394
1804558548725703892
5330633306155264072
-2447139361490306092
3472406123132671452
1850245171496289442
-756916981838451866
4403405700801801192
-4560323131063957896
1811252270911519100
5191135078265651320
4731955468775723540
-3671132174067266496
4610888556457852942
2463398373223363954
-5278790949378921116
-8498402783033336416
4059684110295633820
-5228018918105808764
-3091175896501266744
3592703072157258180
5245872748039988384
-9080875549827105326
-6722671578163869344
-866984174479948814
2171824400532107260
2366718327853281430
5163376278537619854
993331992243706904
7874427862196433510
838944329274048566
-5534116726127337516
-7622127660011340334
2202225726668923720
2434856144226585660
25701905102714944
1719083291361613892
5322166219266217750
-294172869480150026
2096702653610025824
-1468812637596630446
1816704617785291080
8906715929149812592
1451946174493125254
7294554299182456300
5017409454217935294
-8785338563830489586
1656834355395701612
3109013975366051740
8595460035728000050
-5291769984438510036
-9176755559036754276
-14909696158144804
8275401405942494250
3135063135276225342
7898842009645991902
-8715549617742515382
7219415678781594600
2145859015793100504
-396997063053789346
6686112214621598812
5962726728883326554
-6750980950739723544
366747369475480894
-579579977014794436
-5872536349948285306
6707335685433665780
7358282545520303100
7250981884250457600
-6366189574747380616
617656321877002436
3156824910733812850
1323328863985551134
-1196376927870593366
-6792220529738850946
3321139039967308014
2055811617136965450
1646669590866471990
1922073351288258344
5233388502964815006
1839625981912496142
7448605748472764100
-1706941218829781326
2332467743683186328
1879505578867564362
2126420175090771070
-5750855705280461792
5058171769234286414
-8308676019969574916
-8390749663469038154
6650110915018650500
3728655325114773548
3879851203507334418
2057808644315824162
5469724575177311124
2569378395449310156
3979450361214846610
6730478190667263344
4711327958677411184
-9151069414322060604
4833194677431227690
178392914346605404
4031363807557248780
583405669548705234
-6760029112729084032
1903887411570056094
-5057300495949849702
4918006567592565902
1856354203924513500
1952179945514807234
-2674882623106419852
3282580251588942550
2284358262731996070
2002439142549337800
5149427211656112532
7264428819963218330
1798438951067231110
-6420577622765471016
-3701441917538852226
1577197393175385674
4410478988238842940
1602524660493068774
2126735193495465350
8990011741130932162
3881826847303671602
6703981256697748100
-4988300806516211772
4014087783863610250
8906715929149812592
-3228780466158402996
1807903086379333944
5578980865755718850
6382020544708271100
-3418778329478856962
5635338886076547214
1956319350803017160
-2738495026503719772
1635387224509331302
2154753235089942292
2914756969753300264
-8263372924451710856
6215243656903146734
1688670872042490070
-2330908440844841146
4795403824508413270
4837277742335534302
4151780847618021534
-6124452156335072506
-7115461996592253866
2034854281050193562
7519430005508352100
-8441666201338790232
4449284187184736884
8504229310892604380
1816781059422068374
4030091615758971910
5863156884422378710
4183871674079764940
2672150492438426472
4849542460250915310
4560996244241222570
2265636037258306174
-6443088889338832192
4458309608119688140
4298928898213774144
6598406865931955250
4266372772861551352
966847207708820136
4446521067745481750
3031017859094934592
9087458920150787464
2815328862685359020
6323325129207468074
2531092097907207692
-3928944296169841536
6761928022142262750
4516495773711123930
7145249926062642174
8709167934896821000
5047762964337862692
-8552902013720493506
4158027926030632850
2204490302178594782
3393009400744536300
-2781500556501216566
4601889119737158750
4337170603753794312
-8184112008684880886
-7900695194689330616
7712972107802833872
6381302295248409620
3535628530280589050
2448308195262214250
2138731851567590244
2044930411605287220
6173603978789724916
4014280207865621626
3667480376659257454
526423831117101484
4282325995527035142
7391906553510634810
7659297585588575602
5603046326702183370
7665888516810441610
4048950830960351162
3748281504867685500
-7490221658103602706
-9001613801795538016
-2299230483591016264
5539474736740272640
2332937506429597230
-6795041162015083616
-7464883579024044266
-8369519340691478496
3106920333963206250
4576089111722891840
8314309602068937110
-2626691933835551506
3683886190190381994
8913173650129621964
2615067909393222254
1904032384975643442
-6935421241302297116
3546480087608350050
-6186102638300484426
4384404519811900012
-5417353319314086866
5086731345526417384
2262499390533365152
8200595178186997520
7327163087817799072
4013580507582656950
4321600468817510320
6299462767553140900
-7461645770242058292
7651476375863722570
1621018488106587554
2915988399163685860
5423485865371414764
-7034040601002986314
1775904161619280000
8197561518869029164
-3817532004369996082
-6676132992928627426
269172941439815016
6696531475375134250
-5568809799945414934
-7786650328119425324
2528042247466494500
4802363858548298322
5857797553312604048
4650982901434501450
4692478719729567550
-6300564259813731504
-7162343150789709366
3500704565850444414
1893904222845263512
-3871650081567108766
-2065981764622518836
1278083727575896148
8342373215403974070
4625540785048766440
-4199116426730885266
5037173129949184936
5748746109007730752
-7482139806034423546
2473967638641418284
9214990897528926482
-6178482296752965752
-4187962487083878244
3339661380478446100
-7149672045403625206
-1483022040458308476
1812928607101440882
8982584105866511914
8437612665848896530
8890586978718789652
2063808456214286804
4832611593521830294
3760584849769538954
4353591444416525900
3923799097799272274
5438122821468385482
8078617979302812550
4050993622300942550
-604440482868122804
7047639806172296500
-1545735704323088866
2465974103103839774
4544270212322767080
8800669293296824454
-8743117014071963266
-8942201282893002014
-4993327938174499016
-1882418288301029066
4099300096070973184
3338998537366415322
3019118488389839550
2222669840144472070
2436250587969741384
3894209422339944052
5927451623367208270
3639376426051214380
4666582440112902820
3315861123047728402
7120265591765016222
6578912080845825252
-183009259556011866
5490227160104226100
-4852668123051533352
3857642685431701950
-5524365732176314116
7439737661841122390
-485341276752471116
-7821434173856183442
-3083542496156981006
2118870226637437350
3003171170056964764
-1507680328731372812
2315595659453445824
-2079814612511305616
-4318771382658337544
-4254133989049998212
4348741109485699850
1645629701934465954
994988190539980478
4714475010824840352
5661908936215155540
2611545124417286750
-8033538822836681016
8204930437722014460
4564067684751177750
-1032264647414437922
2685822904949323750
6330818311929099912
-3222577187584169604
1946572692435436300
5099255222028131096
-5273225566756325816
6867936776287814214
-6666467436434659562
4179686767403804580
-8726386661820135406
4166107499863591374
5697448381344386682
3168279161896608760
-39562434383889972
36861918106858556
-4247592648713454782
1720157798834321000
5309015249166844490
2537200076524984024
3964854084807100100
833183026027578984
-3501213057061560766
4704181427113468734
-1999608097938078266
-7317381975882743074
36861918106858556
2001084431141626110
-2502877619393390706
-1913974384987215644
-4860265216584834826
-9045870016475504074
1659971421602235184
3791111198810821622
2404489501042984460
-3058540559071874816
7235185870330991300
5856756303901442550
6711064304703146570
-8472825968212132466
3215696662153148184
4385488641951771974
5053398115153271344
8284132899852418800
2426324659553577860
-1097745304346720316
124723781600429646
2576402708360900984
1222889631896314234
709217436407973724
2795359205419588500
1939654125262134204
-2915586262491039846
-7684443797727734116
-2489313789544180524
-266626546190901836
-4035750092345510126
-6374880863960238576
2784546600917988480
2121699097256952150
4189201789311996298
-2886175564649531002
2679823076021353430
6999403938981900250
4962836762740545764
6343321746482545902
4213517117595099052
1272224308451748944
95135362971912384
2091514524070366850
3931035508341810050
2668040294839269350
7503602764729968624
-3988722301663820646
3169172880441237654
7292966415808940174
2122013590972775500
2882008364268901630
-2334505257235113216
2143639769930140112
5956833874684311486
7491444976380483734
2451108382118318916
2479618467297814780
2703505676035297280
2072601000511131090
-2972065889599394
3127063000624209530
5534954704453886030
-8025759420976353616
2650160349173905590
7651887869083010170
1040575128552297168
5395567083154087840
-1911040837705760322
4389827141149387742
2551434825533256300
1862093867358466468
6235336402892008230
9109950541552767680
8666170210742698850
3866020269360174290
1952179945514807234
3129166813003127820
1356893929767350634
7401935913133864410
-4849501727275050862
1576442243933301600
7768176714344749850
2411578347915387820
2571173407140861670
-3074517536047619212
-8041313868314702816
3724964365992497320
-7590065893487009144
4482068509926516234
8429202571077333500
6532373944291731300
-6562615703650346776
3229249401678031050
-7810375834320158654
3513770588562704470
3028347705791583630
7288601073218785100
6317264092906452350
-516535712317224616
5441946025396420120
1614148989664168692
-9146783206048620552
1616840483458960270
2320283479315873066
2236378105149782960
-5877313661543711766
3627136744470025474
1842420495086158244
-8463787093084669334
-2114721730925388744
-3570439646146421246
6016976238988874824
3464676933430351510
3684361881997297540
-5865367829344981116
2382115971681735940
3649048763983963340
2561742604893533572
-5192639763244159396
7123775048587124334
2493787890495487300
2268125884338659576
6929997772060858840
6195901991781719294
-8861087416685139756
2523562181258210250
5697448381344386682
1956763248622592382
4204580734383083860
8272783304230667530
4496853351612741750
9065008971769640400
2249328169324868632
-1538278924872740766
7525117681791089430
5827850772944548790
2427542068297369114
2775495973418990402
4680457676506336748
1763869904779541998
6675333660037070490
-7942507643057134016
2727914414510184900
-1897101156462073116
-7685506686288815116
2054890402691000980
5666468656818115134
6004272361451105170
2817273346337859710
8817591087199627460
2334119602754510454
3641733757712412670
-2801211202943935784
-3170809418407155554
5710983924787774490
2959137196830477520
2285688113569662362
3827204474843431500
4530367029521233630
3577090414602522272
-113372286007075006
-7697193265110918312
2906759541614195524
-5267039739436089176
4625796368304605394
8711888941644849744
-7851931461033503926
1831304395427943100
5682620008299763452
-6193133648335958452
147138545464894884
1627124639586729990
6514119749876442550
5473244363506800622
-758459937600086556
4814693605219935694
775640962460987884
-2482885797761089992
5089761544093367414
6900628432767928742
-9149640842887349366
4060963301573579790
-7866630769611541016
-7766584564759466566
2079252540821881854
1615430233941822732
-7020705760149381302
-6970596007394689532
1186157975011478068
-6884470571960543116
2873313212786115400
3524341739152188850
-8884454539514953492
994160078164291484
-2279047483146931366
3166155656398454020
-5137256672607966886
-32407737009269616
-3238426242363275006
2902317496415156804
2555590354071890480
5964232991578755712
-7100539812095057294
-8623068476769193666
-2553486994198184634
2740275826454549110
-1326227125572769436
-7492914615692817976
5106148017297773000
1833699239185907500
-4666181794232860606
4696186967467343040
2780114809310762014
8947365672973341300
-5230499003338719486
3760343316991115750
5592304833954360214
2116514996151099250
3150897911173607392
-9068419054405642766
8479757578014318610
-132383902266299706
3354712312462895850
1726345995292590434
4761005342367084090
-3830908480616337092
-1002508920734539066
2710300870620517850
-853157897555673116
-963540068618741252
3431182451203006500
-3305131803750672184
2066119566062052424
2514084135848891412
1845708709891051250
5649771709534672302
-1163799293752623176
3576625148681488750
-2949147416065991422
-5136010118199129066
4571054000381687000
-265839048003647816
-1305138844243061102
2566998885015156944
1897199271755047556
-3333260860373414712
2053355733321463090
-3202575944161301192
4069926106955366480
5274065138554189714
-6347632473227977272
-7734844121619076016
-4460325691365007326
-6298818359527323866
5400894805866313738
3375824461518311530
2214540137370196370
3484708466008540554
3986258909633615500
-1704720464042889582
-8645383263526908796
8071762630866436670
2456371035023394734
5687887874121339886
8831329365291260430
3253232216032148350
-5416126492089292684
5457897744831602070
2794972499629018800
4343356602982234600
-7643995654772773262
6179760023229392600
2489530704162282200
5557906312442315000
-5284354568420537822
6894156893256933500
-8829864665966942796
3209043535874342600
5146064802950981694
3209901423147767790
6572668196474141350
1702759343825781850
2712001668892926410
-4180085175844760106
-4030456929649684242
6031077043216913142
4945238249135953860
-1163041125762570776
-5358367817601801282
2547104027111908264
4536474314281676864
6306342389188626388
3876882094914252272
-2632367150955715822
1973538484256317850
8029015499463516520
4270091197835154384
8081189860414162704
-4379939681460311976
7830373857729262840
-431435231302150476
-4934170116881300584
2980598801725739816
2018275097200026664
4718482629839169884
5631112019088463250
8955234472549226862
5194211800171048760
718227798327390934
-3857633911228482912
2806203269013211144
3640319221339460102
1811810920415466390
7243870480667471532
2972582892183190424
-2135058413246360866
2623509120077448750
5905807154937714684
1798847918699651496
4188321579953699804
3778052806528080134
-1423882228946717556
-8164609884789718372
2887155675576171580
-1227396410087535966
1200343647545544304
-3900984545197883332
4354130620861750500
2345287180676725432
7884944251284190610
4505698326428649350
-8191290003781224846
-790068292837895164
-5130399539728966746
2330743375965732644
-6750980950739723544
5309330464762813578
4189631051072377194
2055043916927787580
2258706755975354300
4499616006059048490
1720695241423734030
4186488836104613780
8766898784854757572
5233714754429477624
2705014613785876172
-2151749332184106062
2068741169785148740
3878117839873443342
-7651455180848836204
2128626039014208132
5025725258633881734
8654430213139052720
-6981188430681345134
3523718281577232998
7264824600989972550
-3201885894792432584
2855274413415359238
6669021258961544674
6899105307870880720
1972496187940074500
7067391478428199074
2944835467925086540
-2729318479397208286
-33202806365445456
2079562303921267620
1674143382593038630
8571687703411006300
2878844210929618022
5796175270319193524
-3761921485791693036
4144761301432586340
3432761155575542252
-7102751435542485816
7175788415278775930
3480831986408952190
-3092563481800023366
7708005753853700750
5175465052305215822
-1438119828271300186
4771680777148985064
-1550208587966399286
6511202632932683162
-8949945555957469222
-1381866778135418136
9180034299245148430
1819085130184941584
-4261326852695749116
4806717725433746432
2002788595052045134
6552864159180723904
8081189860414162704
7966061620566065394
-8483865145017677794
628267077997375234
-7779260970972295002
-2139413801611370586
3455722651181259898
3715862023492256076
-5858196244113297254
2267257424331188728
-595120835434695166
5557906312442315000
4721633265366719702
4963788674833210934
2069821378490239500
-6608919860310965044
-4420175876132279202
-7849304973599029656
3536089790718812250
8143530609126496914
3884795968255494240
6011875360447682754
-583844167294516
-7187653380992065536
1622233567418841300
7417602088950983770
2116514996151099250
3585239918626569812
1807066516489074250
2048412918368005804
3324712093187331688
26498881250269594
2580266019015213620
1543111967234048468
-6624894719769718666
2168466012861615630
1945393758982933000
-3989385462971248746
2853428312775576250
3912092344923151480
6135357882051673240
-1147113835017779266
-7860857866599410542
-6763986032303648996
3535520270676683574
-3340801007797102866
8127158280510017490
4305002929401143732
1711174337217233350
-2739906446249561346
2384174652960067550
3394127569773074750
2587192516375694682
-7116566757754788416
2403280773796639044
2231674069282351134
6045547452764261750
1673222089365477112
-2378337956237219804
4133859704435857132
-2326591466308838576
-2884073203386686316
4683360081537652110
3904385219750021160
4990775948398817682
4149179976927097854
-8242451953211487496
-2101638111614022816
3754258543578877934
2004397162111824034
6552497840334264000
2988710024834569000
6062083388984635304
4678805749353306102
8420798764872914294
1987425372397198650
-7594344905488636036
8914096468275906600
3146765228257567054
-7459486833335279066
-8487877118251750686
-7111042144015455926
5221037024135803000
6113355436074877178
3298580671901608686
2080956666200143512
5763943735980984384
-6522490460396790896
3147661199709273154
1912745951595599432
1812928607101440882
6582212607061244
-3834919634104245766
8303366506759880010
1136984933587600706
3340987362763097034
-7264422588522625346
3316080910572415150
2437998152416193806
2052435344410907372
5065811128428935306
6582212607061244
5325301000385119600
5527857386033438302
-8733278248242223116
-1810330958917156536
8500666498444103984
865298160421292134
5017142102227193538
3603919641737919532
2464453772991666192
4069413547356584882
2246208473810662750
3264947712789765310
6487487571933293074
2588287447286963150
4594739249897234734
4792795763186693080
5001237116525367522
2350885973249205000
2367309471527791348
1798300050445449562
3681270708571723800
-147424275636957816
1984582328204878220
1800801492983160850
-1360078234379434166
728880505530512424
-870823360298267784
3781400236127729362
5469404678623084500
3423747320930537392
3916620887713187638
2262994433885501750
3563384138843125830
1253817489619636816
6339747448462081262
3260821991679128800
6863384401845364640
-13318347035333356
-1688428176685660226
6316551316382147852
1877639803625235650
2559722839513549058
2463046648641224100
9032344057624384420
-6591785979168542124
6361973884859648176
3528945323679141080
4325354932682599530
5491755585773814684
640515761258290134
2080181933951567642
5229548189557840484
4686208227053885700
5053186926322160250
5615760759535429930
2055504511246960202
5067721259154259704
4390912268732595984
-1022350304949224736
2571134308629676554
7944454062455661100
-8545914675847856496
2434856144226585660
4840487679195146290
3254965852557010330
4592622254850129682
2145224769800499002
4657827438092670336
3634194324968844014
3547867188581513504
3767983669977855844
-4833027551544374744
9150822989673723094
3890739319612579940
6230044121909063170
6443655432704926254
-2017132787915379982
2025574648691514804
4049972130032842524
4530922543509353264
3368701904055203034
3187111554843009184
-6607778179739942646
2486695609651209840
1958835770693381594
1914055561490761304
1346819925952066004
4282325995527035142
5687888998477015460
714950935389609408
4147879999920133114
-4275051090907099636
3205061392174961314
8938114902032692250
-7397281188400558016
2553060297902629020
2849306823796814172
2494675491100421370
3980155314432234684
2068278352651761600
6084609028409273362
5134766966186961180
2705203275407792720
3631134776758501390
7815312266054615350
4312225002495328430
7206818098726340600
-5590077892846823574
1962837426324664190
-1979876068042462604
321541651507811026
6447273575074300434
-6847973820271022266
5621309714798270350
6892254365850749350
8918250036725319942
-5461461434847113486
2078168642487811680
3187111554843009184
4380084518126525388
5615760759535429930
1975475273262698130
3683902987149363886
3436145927920907212
6568263425332279680
2867790188322838114
4428199488310372000
4519544713144237350
-3622539421373979612
3385859659849592860
5926092625873497000
-7218408340718276956
2156821912620067550
4560437967108048172
3075019284765310050
2690517276803903250
-9097624308877041316
4256822259906815734
2807423728058824236
-8430088387578637276
-4391630063209835616
3795487228832310050
-4451914332690144364
2983427480880085100
5716933970602362704
-5753863330614399982
4575809274238016192
2887948181168324450
9184752342366465970
-8139421396573756266
3218059933769571352
3045699898554372134
3926043810287448500
6755179513555241652
6782203888723882080
1404797971648253986
-9086141868392096216
3017144197439716374
1649792214838352690
-3404436822186976564
2216001835318218710
3499789022351598232
7814058114955187550
845530256809747634
4292452817039937550
7812386148297739624
2634589250064953000
4433389397557410382
-2879867841763878016
-9217079563888246066
3959883279985066334
1004927602751490864
462269563516090028
4960382706953755250
4070182404911218800
7205637921453106300
8652173889498098050
3025172610521854266
7944877317081805744
3681033006594812180
3218274841216830850
-5912504307354968402
-4002643898938649176
3115510988532825260
-4016555439985973054
1803444734737529800
8472648455935421450
8233586275785698170
2060422336299978970
1805812206062742724
2350716165735509000
6012510419577485670
2161282584595859400
-2351761595850058316
2095839589347208924
2109774216656302352
6414765088058649414
-4533924526792139066
3007049938872138250
3019323352632478500
5067974302851219650
4489952281160996650
7978792520484301384
4258412897448568782
2095839589347208924
-8977496073433915316
2905026548399403640
-2633785716621289246
1868940131960450064
9222088846002143542
4666866430808351350
5442583421986991294
7793177810461478800
-751515841723520214
-3090482068584590696
2093848861341822550
205672446297235594
4368977608835250600
4282325995527035142
9082310461422821350
-9068898380010952226
6157790370180408188
2530733148820499350
3033484182856324730
6276731999971676100
-7365264659997581086
-69748173685220436
6610935745418144690
2787053869188005692
6203275039079848736
6682765750143311920
4921931997385250988
1796287013470743674
6512296436948043000
-168781499741524686
-6897924499095164592
1895348623485045652
4428745579859046250
4703038737005243492
3218531098632078774
6017778179895421574
2058269703284929250
5249715047127852714
5412368859845481534
6436423716722838944
-3663041690092286342
3427576028853225900
4438857386987408312
5249827021004588330
5356525397887952734
-1999608097938078266
2912090910814444134
-8496398538074762394
2260849832599004262
2558122290219928042
2185136220281555002
1954248826167536250
3950673263467735244
3009297258458854454
7766928240654560692
-4603381436138730404
7708833312911251382
-7160140246359570836
3314762349302607932
-664154753306214766
6257741627015916956
-2404881390462372866
1979575323902953684
2985052132555762192
5842136333595288984
6224755210533748760
3938704487042051634
-5570633812540102406
8437612665848896530
1786937551603608600
843060336345952786
5693731954575321204
3640129672630064934
3545555579616356924
5155238889209414434
4724212231430604794
8037551310236964950
2284690671024077694
4539291038575780548
4809009869695317776
2686010561790719254
2148079984349180750
2077085167979868412
8010686529886106234
1922219362038667692
8005577074173220900
405560081701213718
6764178648240158264
5668477735759053670
1609287210965385380
6406116959763122602
-400129844193675416
3159367611458387252
3480148237650828744
6495472741119794158
-3746483327072773784
1739156738994611116
9189000135878422612
4539261385442765454
5365548627968438960
2114789075429125120
2253602491006918480
4141900437733604684
-6411333077842523952
-6749283835623920516
-1199405062301778432
2076930420498913084
5179148921197256460
-2309314894622868876
1684302737718942614
4345779011754002680
-9209973141033372806
6926178285078403950
-5997490292011685546
4318116369990214974
4952954613394037250
-3736408406792962224
-1774937158668920192
2719906899349898334
-6353433862411486902
-9106707079682845766
-2386950243978955866
2045828373079275384
-4550025710421172816
2257553422903369332
3414077259596509510
3295468590985399920
-777738369412313156
-4050959815995607516
-5063560011748377232
2047378734936460380
5892082874767671878
-7948768769995210866
3407342846443648140
-1025401322625078866
2696723267015044190
-8344708163483571896
-1005562543771908992
8128449934436710684
-7341886784221155154
4737697334071055970
-5173368679722265016
2626644934979082042
4069413547356584882
3670585510832535750
6001056299162829966
8567655795186171184
4836986009079434364
3901156590896641750
1036427552036206378
6894537445998538974
4650416383441357452
1646279574780147344
3169978735223288452
-4200428224570383626
4358608501437635104
8513587022074144500
2929584086963518842
-7869778630430004016
2231148454210369344
4440498769684943980
4009777467860754590
-3310623480872004676
5848008403750720268
-8765717809701874726
8915942319538871122
3417673025755688350
-5712913811759511296
6029356107379836322
2802111965943158008
2126927039692127014
7166381551688447550
6591045260612458100
8999302761837768892
1617626520697276984
4366005178320634730
3113623710916141850
-5353443335357815686
4837277742335534302
1451946174493125254
8747775027965408600
8204930437722014460
4744019419623055000
-2910687377188252482
6457050170509147860
4130748916197137850
966019994490630648
3746836039869305530
3761067950232768420
1895348623485045652
-4746610858863484756
-1102306820648123456
7934723872728973292
5179148921197256460
1584890153235475972
6547737092816484812
4192512968342496532
3338777611590400854
4281527273495660720
6302372294349604886
-362509544234714464
5210353628559202954
2112437248538557010
2007412303365489944
4602732256832678320
1156143086369277634
-8680513701480852324
5778690392042393512
3057816615103150212
-5771297021061463024
3121689345300145884
-7373953974988446246
2169744939034934954
-559361694087829066
1611205020237711640
2747282037578801854
-508740915773494266
5548199759186598850
3968373641413683880
-7997197649921912266
-7678064812805532654
-2091456529753350776
3365144854835380050
1796217506469845102
8487760686882813142
5034522773023653910
-9173428880262049116
-7613050712538351976
2960550042102853134
-4407854614606474866
-8780436173933308796
4193037112995616130
5023409150962841604
-2084181059567457436
6458861870609185730
5600766536318151202
-7846152544108914436
3403306983752058174
3656374784747971000
-6371984288808120806
-3430380608033157626
1680735117473134580
7201705044031771350
1652919277843248142
-2880568794546891646
-5296711854112895232
-5529241919217620424
5169124844827598984
-7315201809744344532
7255330318807609714
5292142688649678470
5691783809844571388
3335465040354280834
-7264422588522625346
5445326213549627636
2286020666983434810
6055899390593269770
1091228900895651236
-3439930380177401566
-8431599106759232822
4198018938720106010
1981144830751560544
-9037223455414991866
6552131536846512450
5833220426848828750
2568631787818596500
-3270087224621004986
6965211217978876954
1864190117307691600
4876196013616781100
-7893365202219040546
5460133780828619984
-5196988392474473814
-5425325584827022044
8276274244589836422
2320636669145551614
7313629131651930980
8247942309864245562
7443364557811772282
2812414024728954360
2595728648251701076
4207470360122638700
6772060264162930632
-2030996565695889484
5759712133463415600
7602627058505253390
2355474254641096122
-8696316227181852116
1822309546225926940
-2498595239235087736
7892101410202503494
-336611490460960016
8763253749451034680
1075440920490679454
2751341434950460814
-3208785334362661874
3247386305092230340
8311244445742780542
4223258182927157290
5142093170476872680
-8136333914634218932
7307664232805538420
7710902502093203602
1579968595062593010
7929650801597697550
-8081673942837358834
1759859932205661490
2943227261481661000
2295180114977772330
456592865501958884
8865745295567185480
-3651574484218589826
-557027711612822466
4527087102904051474
2109147987009721630
1566524714371792344
6402763507438990284
2200467964885355604
2647623088965473108
-6050165013220099606
-2047767292244466486
5561468571107302154
6636786670542161270
6386690644215531430
2808531095671007630
5058313569599372082
6330172989662220384
-2457154408686797394
3370926491336947314
-8138392312984418774
2403280773796639044
6081491010987807970
4106957829626522360
2897073726946178780
1589443326891015310
1744603434000608714
-8941232915841581266
-5213751653596047816
-1797802106301656016
-260325844325422944
8302491526041564812
2413309710052897810
3416773818062190404
5055307489523040358
4756957482254441756
1539729880986273426
2948657599563324922
-1599351734037954646
4611675606826765384
5116468927627737734
4773991337745176820
-1974026132476547816
2047991159125845250
7139388332858846554
8156041913787533500
5429846123996838874
3429153488633883444
1623519621112842600
2383002535806676894
6761928022142262750
4841071475671835600
1659971421602235184
8939039656181364072
4901191288413253750
-7234858270766504576
1382936238074453398
6382859852119516754
8547070473451763500
-1447856196431061572
2932537074917769494
-8214848335893015976
3039450679081208700
-8794647967038995616
2505701435071142000
7687751362335619974
8526968574682835050
1654353999736313680
4160111851287422030
4346855963063902050
5820138391348416534
-4758071919298676566
3088586862799565694
9097762403897708730
-1147113835017779266
5311518314758953374
-8795137749193601316
-9095233005416884146
-9036262358359091044
2714611550113001866
-2949846027866382766
-5169014237953362084
8394742784156302002
5506284866530166600
2069667037067142660
7083300354117664642
5207457291521852794
9132483887514439032
6272122339959363602
4313295711557632800
-8033538822836681016
-9006431813658423706
3247602679708571990
7510498743390671340
-5399555843483498986
2692208756167868490
-3845612007109142286
8180675107736203592
-2068166481218116392
6792735234905950302
-2698229560903917056
-3656971647069554366
-7744373672737314404
-1510667384394006714
6455963333409777350
6508286495843963870
-8545914675847856496
3306859237410347294
3335906574038988460
4448348009146787184
2756695431255930500
-8353827791089456016
-6321500387721389262
-1996685953826609256
3124375001880373954
-699756619101325606
7050735366532704000
2363306791304559300
-2589765781442939192
-4805114079851641502
8628283973712366964
-1706941218829781326
5915613765184567234
9098230952151742830
-2173500841928435502
4873848449700768552
2754591144539616410
4016878662999912584
-5568201752684856936
6092582742350488850
1758754975267046384
9112764926928822250
2976935505050885532
2752488062762678422
-8526430433008721084
4944941646067200960
1838354757914320800
7667124789812934824
-3292770066538443766
3912092344923151480
8315185516718973774
4017640064365114110
2803101751464434000
2345117676562134474
2598523569731263770
6949118908081967540
-6872127482172248004
2737990563990102204
9042600644902319000
-2299950955364718152
7573593302969024710
2691644841122647844
-5444321607840010952
-3897653315382121142
7698493612960624782
3887201510274981414
-1692872706523236694
2421400717839725424
-3992037880069192816
-7748077891617505016
-7991998299467901616
4052270759354507250
6116550911302369720
55207201897093384
2513726997317467100
3115930500044952324
-776967534845560256
3296124942610427092
1618251656121713860
3738711089868914676
9200807293267287712
2132411512291026824
122323402313737574
-728354088154975844
1853937199791924940
2545481399960374612
-3609696370798951566
-6234671934513468616
4099995210258234434
8622881812129747890
7802777546340666780
5430800645062606730
2099615247719166892
3440436898822825594
-1611992436259533582
8957549812798377532
2718141672526389548
2302025953033291850
2416081828358957850
-5146603040071384446
7145249926062642174
1625450135194368800
-410308566570996732
-5299182266746922674
3526873152889002350
-6796733295607803102
2501784828533944030
3910102318044529684
-1924971711101873554
-5967824208668234346
2081576607792701474
1889287688052854600
3484708466008540554
-6158535378394495266
-6862582873462490196
-591236571653669496
5339424655691861350
-7724778248383001666
-92759669332243006
6656039236894947244
-8415475955803468806
-8946074011229850706
6279215176777326732
5506284866530166600
1800384404780668722
4189107225784134570
3327745293564280204
1377053473107565694
-8617111437223044516
1354375068391379396
-3270774957360357734
15343561667283134
6845576055755918012
1698763130819184600
1581190021747564328
4561833756046165242
827423013703176004
5758086911783093314
-3621863679287261844
4353861026379365900
3479464589630544620
5020108652293596750
3494070943482389132
-6109150476873071756
2075074125096303450
5800055164909709704
3052855829827656160
-2714486333866643616
-8470315785523893796
3276912660951504080
1208691750950816494
3258869068049060284
-5182696019763510316
-3614428991495113106
2311583714532384276
-9011729497476883046
-2628820319225828282
-4858999255512372882
-2847598414666024362
8949679487269020500
207278057303540134
5227628208026566348
2246536709902030000
-5187047095747625806
5321539429158187950
7249401120049058894
2194958549455173940
-8375082909360999886
5448003553951354550
1598579098605399850
2895211665664098648
-2654344196178379616
1604946515367795600
-7862432528925428756
3219779494752228100
2245552109534265380
3296562564825542390
2565729387848433900
4619337510062822162
3146458141595107584
4390640967978711600
-7493991659719492922
1649867578093893296
-4451914332690144364
7060802980777885350
4959981200640603808
6580749363761066522
153546488798982384
-3302385404870908302
2092387604233791354
7969030800203255510
5811814260150707884
1895485757882816384
6517767524311643600
-8899523083974591266
-8575336267060398386
1946720096783971300
7766512116201479344
2827595931286049924
-9020393624721707516
7865182144681425382
2969037741101450120
4225102985459302674
5032118266745613850
1773249797684856776
-2664970023225939016
1928212968788792050
9206478768697717850
8566760008778119890
7150332892434273920
7320791829590004584
2596693467895506980
3008275593458137464
8511358295487990100
-6130333626046735946
3794757627547240732
8556463513069072484
-1708421599277225372
6911678631849329184
-8755896233365315596
-4752342288325615846
5787381662199465284
-3666413128750281532
1147811728397970634
-3358611958874167206
6406477123760063350
5768695998326289042
3284543821705040470
4570292096454954854
4669138823028386410
6695042264497651584
7082912013508292494
6469740078582754050
2369052707300171734
-8503912895482079054
2483685975668186874
6484493627853309234
8854721273700090980
5528179843261268050
-4754252365130172662
5139039633276877790
5414908381506844530
1584763815995067904
-8451222909602542734
2731523415488649282
8734134369271456600
-6805754895580187766
4048440253864845850
2591391638920180250
3141178821046051384
-7802998814063303412
2188031176742729500
6407197497314207000
2091524675937043254
7428060012825887470
4804975823582160534
-2335224548258921214
1814186622651825954
1805812206062742724
2466848804196214734
1609415011625362550
3465585579496518632
7153853457457502510
4420832194201725064
-8585792518712684616
-8188726866498249626
-3603609908719766346
1996273245718420942
-2353917663143725002
-2117628134872225766
2637940582706929484
8421683080008080940
3206042284550066724
2493102598602515884
-8440156621196467106
1112849021255109584
1989889892078840234
-9108618398353169712
3189803318692867238
3623611811466885854
-3132762564188112434
-8949461677586902774
1621976448393923930
5999813616208335924
-4118266594341259376
3524801894805463454
6562027123178273604
-6726637980816007816
6838765024141743680
3557356605004539232
2598706633105009350
1861195301354497290
-6249856688438457316
-8229679453182422146
-1256108801792488282
6688343889074019480
-9048270781076088144
8069193000371870250
-424395073062485736
-6544285321490488616
8610286633617766944
5014281573259877084
9026287449629348250
-8503412070774852506
7504008279027238132
2114004915051479450
4496853351612741750
8127588814713408390
-8310200452330770702
-8790239088759573426
7426852765282102854
5042644344014894500
-4987043803497412526
-853926237939899906
4621874458836534614
-3744468757155484066
4855976136389703934
865298160421292134
3977182784443684270
2812996811163966574
-2189438103526909916
1742839037799599740
5434619987856508344
5217070396833622234
3768803889707082100
-8174877621954978782
2922180550726541300
2520519139280649150
8005577074173220900
-371136053132218082
7020211353526753330
1604053933905511620
-2665678220989659976
5861472012751212440
1694773955989809500
-9103839551561443782
-5243513725793236864
-5686968176522983014
-2375466424062487042
-4945513283266482466
2232781733779888074
2058269703284929250
6238513389488679222
3507806119919065822
3403082874331610250
1890729447511950500
2348339826311461600
6899866838798287600
2013301611527856300
1682584286405901190
-3482167487223485076
1857815830774637678
2725257439937040190
1962095916837551520
3755997716196090092
4173426426057738904
-7441663459213224246
-2908587500184040106
6656780555725732040
-9146783206048620552
701847685590247384
5878337080147642390
1118672887355250484
2398622808503548020
8615682876503855530
-6458078832888590616
8568103714733469712
-2087091538856382366
-6473054732679280506
2989523346113168370
2756118389051280094
2443235312413064884
2662256703018972250
6547737092816484812
-2198126219730675054
3173805275230164250
7903478675796753140
4665369004714540484
5947014822154603346
7667124789812934824
-3228091306615054896
-1628340431297486006
2880425961740358850
3586413973806621634
-4638012204859124576
7291378791688155112
4646452206469009090
4090047131285497744
5454066138158019932
2370796052570949134
1891739170003157552
4500168689664352600
7883681728745308084
2978557504738200000
-6688064584860937406
-2156826633651543086
-1533803672984114842
6794993546669005370
7944030824741061220
-4884301673571817502
3326423255098875050
-3281088143890288594
8022618104425084160
-3757224203619219712
3595271220205157350
2885571153728491384
8564520850074752420
4025768415785356814
3506659977822523802
2422327826005900824
663395751930748704
-8795627512707986316
3407118537728449740
3600061208653683984
5572814423625999284
-4571900887632647532
2759375357756354260
4376821291836413590
-9178656116430427846
1830037487051631160
-883104529351817712
680569239127291234
-4675135800334957116
2134464083877745620
-8452228480478938366
8770544957242135600
5203142028070718732
5705423299427466634
-4580258097137965166
3757204449517225212
-8251640735365834732
6370923399571346908
2772030784329492376
6515578675862545800
3224081412160477750
3918066983415850980
3597373456127006710
-6480537418907042212
-5216854214806235366
5862693237298133038
2414002515874333280
-405611229891581884
-8720969271839463616
-2321553899916141192
2357856005946490324
-209861252375537792
8474425317229370472
3336348151558410500
5327622202470348384
-1733573047358300164
4244642171513548000
5569895262201977072
5482531948342993544
-8135304599865663606
-5859989427777886326
-3260456511723660174
-3669783990730336572
-8846949042732335936
3268207625494854420
470381349864549758
4363275911087883774
6804786071885725070
-4103769451436308516
7233607689634113474
-7382638178816065454
3501849247814048404
5547947990897258854
5539151785513876992
3436823182647403250
-4690475372538835112
2912596884082883452
-8963003284238270296
8296368597113094850
4303587144447821214
5261003439706405820
-8351801741000334906
3510106507720921428
6784459574149439000
-7966493430070815656
3090000784925321982
-2120534150889774636
1601378423232465542
4458035190092692492
4029074079133583040
2409674925728796180
1968182500739917280
-3789411519784170296
2287351243535132502
8251860847958998914
-3145914048549722816
8554673766066554742
7654357176956135100
2836969142463547260
7331944259918064710
-1096224598988539764
-913012914996959404
2200770849741052030
4805221291377402754
1699561810101643334
-2617466448367783794
-8749016684772956636
3041510130915446190
5045052621353190600
-5385427644465396984
1288131484006603374
3902894834436398992
6983252399503122050
5566653094731226082
3954309460698056460
3013591093468514202
8070906019187037772
-8025759420976353616
2986067876749015062
2072601000511131090
3153037613958993234
-4987672316012794424
2169904844574326622
-8675571475307661534
-1571815011099284616
7935569621179762590
3350867059055427484
713312661509628494
-7272077858072030866
1335910759559142634
-8444181788679372022
2658530346924163320
-8863523488049277026
6304087488250807112
3216341061642667660
1749380126130070754
-2197402343081463506
1681263295845457450
-8885913564786790856
3081462958759320254
-2485742922703561654
3911594767006607382
5996042771774856350
1762594801030885420
8368747317879050960
2698417671501185582
6766054599117009504
5858776630947762836
5644529227203096294
-8914573812313910146
3976468467257245658
4271685552387579482
3213334692426333750
1909547512156880050
5786695252803305484
3507347629370571000
4427926461475188252
2078584014145954594
8817133420824049412
-8126037298452579522
94336166996139584
3754791273580904022
-4804479184317208814
-3510729021729620042
2360409886237447044
8761431658044171750
5496967112956127054
-6253942470815279784
2992574779407643430
3083751856175275712
-4812731097874096776
3508493940023847350
1687478721075260050
5344767563296982002
2815328862685359020
-6088529563096271216
5947996594044630894
7977943319412253740
7057316818112993250
2299408636287055214
5575110738053218528
5942416027546616800
2634034411507484902
3625491455854529690
-5305974106740297902
3520892007701628890
-2362539766206772276
4257617522965905560
2443241503851421524
8595460035728000050
-1107627452721098024
-770799950299964564
5215169794645076994
1076271628200789554
2090270342567768102
4618210312576800940
5193288640035735100
6189932802392566010
-2156101377524179066
-7119880556549411134
1659317499088720394
5673079295105842130
1987874553188336554
-6619191270064906276
5202679072936285934
1737824619407910814
-5280027461561060406
5098253302679028800
2781270418475144772
6775815834512334372
242627732495479924
-644008280694259882
-7435717518521894156
1230409270328805994
5399929594468354384
1913327917442983314
-5285590688746395246
-3368880340360542866
-5446158829003677636
5212272559284472484
319122217908386604
5755722674637688130
-1888292607462630854
2683741812540849226
-7475671105889744616
4480855034183528000
-1799276456138849326
5460795159823817644
6300885487427385470
9053799608864695300
8816218141521015850
4469021796709444352
-749200688808287366
1661934348853983204
2032569454220634102
4958599203035714040
1761090229029766882
5083006495038217184
-2029537633997425386
2764932849469642982
2016780862140598730
1405639168387285984
5892082874767671878
5329064565431485802
4019163191819411300
5995014668214061672
-6307545979120634866
-4357187508938753986
2961761454957969482
4761293631888013350
-1404384715719272056
-8074955431311230016
1615302075202162824
-4653382783667878276
2608973629000773034
4201955093725716670
-2015672932228578756
4026279275416848434
3947792385274494562
-8915059023211805746
2265305710427305560
-7411368122465374226
2406558768910390408
3263427255063609242
3122858558540247800
3297680008177068498
4552069958646347802
-1304385331208605114
6259370378140208984
2867593084825317550
-1733573047358300164
2827400903373986500
4454468908427495280
2003041457246293822
-6823782375568502566
-5942863751919322816
-2602555218397614716
-7796672600216627006
-1822116359373530144
8635040244717592134
-790068292837895164
6137450219374955910
-9057389493190199526
8795186378124043660
2508909350318909090
-8278660558934690226
6945291519278297900
-1729136617568131346
6686856044043094010
-2399145058122993126
1137817604629197504
-8168204467996252566
2107113703419814100
-5877910729763675146
2005602810729247030
-4510714247110435772
4201167641380437000
8876779607813176332
6180811797815053260
4770237102750710474
4307314256562461584
2152845007733860050
3014204873363010250
4176209714344509326
452538863820764014
898278420401317394
-7934677296442563366
3032310868275109134
-5058552574732756036
-1861845861949728116
-8355853536192812622
1575561579248756220
-608322592120175674
2095406171382555850
7927537740075030000
-7138093458418205976
6492478077951521094
3154495450301283400
-8575336267060398386
-1825798012552590664
1186157975011478068
3635573689708113064
2881893014199947578
7208785383000469920
3118658357643145870
-7533786483855205674
-1616452161786316766
4326428085823354252
4423832573799461992
-8323912608513470136
2868381559781180300
6812325982924139000
-5037882042318094544
8968206161156277000
8955234472549226862
5795710658794137510
4205368666472181824
5632419960932790480
1763415882895599240
3236581352462405640
-6857527456183480356
3617038811288319200
-1808120498927825252
2309557293772732850
-1046747228909145104
5082050949536951264
-5978510099629114266
-7069543115887667626
2466741635851235050
5268775334068286170
5432763223086889674
4500818208754752484
4217060792607484988
-8994383326399492856
-7201391070022626636
4632032705092907492
-6539699414594144316
4300193256360482600
9107605718424790360
-2416349441391772826
3255380362907565734
1860767765251109444
-5275699287894046566
1600869181874163520
-5525584908338221006
7642016611628556350
8827664255895596850
-6221227452695667116
3653801851387451594
-1946217650202215626
1982638845696783274
-7407576812188279242
1051361926609994284
-4292029204642726836
1642772546889052670
6739826768123465044
1564521812919142000
2827794708983183434
1612868507681499602
-9022799267385505266
-3525673498489987636
-756145466104561142
5459175395574299140
-7399991260999944766
-540683438262353486
4180471198160059114
-6653381033618526366
-4629040103593633464
-6082633128564907826
2845581706281220790
6042789178876695674
1744331901273114230
5627516353570226920
1979950226864259700
5566004831125306750
5108579003826137140
-4660423342254753166
5722557726229813480
-7045144049460587644
1576442243933301600
6583689816820506350
563040299995276234
-8689898765816820256
-131592046929465866
-2804025490415070406
2570628615715414254
-8688417363434387292
1440151258827008244
4247023172917579300
-5506067734527921566
4783445948331104234
-5044774877353514592
2587922431708597564
3097094379870283104
-8783377831694281216
-6744757292357800056
3895472774582566854
2586827616615712250
5367125416505182330
-5555427785535605306
3330170054189634062
-99896771805045766
-8282225195518111062
2078013834469287330
2576444189730350590
-8089938398691765562
1557490622668778254
2093250559722610734
-8576332458656096234
-2947051438941534576
4100225549232700634
1679019397196020594
2291346458433812714
2466037508459257824
-9188629248586892876
-1405885118773414504
-6646549018550811932
2180317677820048932
1855927502154720302
5235262397074082464
5235308834849985904
-5933345164065900632
-8684960101848512916
-3605638937438524912
4660337923339845642
4637118102934625000
-1299863731300780046
-1336011496431881766
4048184983425946090
5585802359378862504
6254770285155394150
-2949846027866382766
8597705258189672870
-4655943298725265766
-3263208611551534196
-1265168408350092416
4989282836613102262
4390361016731971846
-8411442128146689802
-3137608833860762266
3994086901801255814
6387049988769214780
1923679927120510482
1617738395590513350
1784588666579178460
5888135479670881360
-5791113506284587966
3151320991280097440
2088715896389597462
4554317941001668796
-1630568780488493532
4851881238695493002
2044012856710907152
-3784050644008314932
-6237008972849707802
-5297947103943432876
4421377604210589400
2856178455033208712
-1233444110851578642
4103604351298075750
1580220703462150750
-8614628537977016116
3721608011496958310
-3172191603156626766
-5686968176522983014
1973091735267664522
5061029253585021354
-4443499180675319016
-4179428585946127866
7126115407089631082
-5140995810507630054
3221929914964296250
2288682400848112850
-4914617910686129766
-7772395985863100426
4317312646447983560
1636034061508704572
3419696891993560360
-8902923192321592646
-6547150840535670766
-6306964284166792062
6314284011776220024
2959137196830477520
201658872250372574
4203128078507704968
3183599950089168484
-1159249911638308506
4047520171317842764
-8553899902851705704
7875268785982930074
3247287476417064134
7358682155368673844
-4693030721507884614
3538627529920745284
8981655975183844330
2708978580689123250
-7574008327724742724
1696102899423754850
8883221044656475244
2690141500768076600
2274402869438760580
-1958662635731545942
-5224298135810043696
-6621472897535673266
-8173851194439194656
602156257454803154
3845101847890138000
6821004624831243352
6123859587891773000
-4486828987900263286
2438344840700166490
1942007308163199732
2054122960514643110
792068390619920734
3179338614399694474
-9189578650734171972
-722946408892471976
4702467470024077600
4086610668754543440
4658068744511366550
6087728244646955764
3048726455026073430
-9169625865376754416
2806397199279053842
-8721461855386753216
-6102083358722443762
1516067292254434404
4512617536738388350
-69748173685220436
2676826933946679822
3183813129258475112
-7848254241903054866
5912854643463523484
1716801634487425500
-5979696997068565276
5027912453387503724
7557680612368390350
5858776630947762836
2628675489095029080
5493691610304422586
2074146444155592730
1836378608037973090
-1132693946080466716
3205061392174961314
6526163219380244220
-7312476151654129342
-7139748086946049972
-1251577655217143534
2164153810791819924
5591003885102239632
-6524212194710164866
1665209762262435404
-7348958411226625116
-49893316236152086
1675987110361133990
8723233333341971444
2175987807271394250
-8911662157894951016
-8158959349266598434
1644590305605723630
8991404935400888000
3753343926108791764
8210568844574642854
6553596842951486020
2751699868001781324
7510498743390671340
41646328466226274
6480502121832531788
8279329723604351790
1634999214387361680
4864173707270700760
806862076331802904
4411859453114216984
4829696965306454164
3755273815745252920
-6614627024624694784
4093298836476422850
8686970230771946204
739537653037747198
2900054118948400540
3919561711717002950
-6214208535238415266
4962166691945196514
-6222396978542407602
-3882322287937234806
9046332477848878940
2416161478571620456
2899457856666682194
-4512004468421741846
111124708823578434
3640319221339460102
-9146306869203640964
4482232515534223800
4102076541027309206
7118706249464089700
-7893888899789319646
-8264902463133377766
5710323095402382394
-1342030562851276314
4455017427826732314
-1470308784432548412
-75304652641212582
-6923118962166282402
2436250587969741384
5861472012751212440
2354284055872562550
1263019287472532354
-1114466466553186616
6827802387503143750
3476958741931113082
1770132127132591040
6985558049137246720
-8059438708746826766
2872326373834279530
7631333530430175720
2272468594009784946
-581911752394329842
-1375107047623346196
-8969768654559373116
576886971869542486
-8147651291737856306
-357802874509990646
-5431455606822441784
5203638290258524898
2497872815262787314
3838539527471495208
7028701734681230024
1448575663361148684
3583608904966156850
3351166349288431842
3269077347681890990
4764754127446722052
2841077241868193350
-1423882228946717556
-8163069060547480926
6629392969805349640
8573480119330287350
1938478336096320880
5805071091136107324
-5822891345321578452
6613517433831680474
-2007641986872733916
-5198851763103873436
-7192600398199380516
3630429001600861350
3618681222299134600
-5507898408213637284
3015637391057445042
1877783275459208000
6964827743253558250
5756719844988257964
-6478235427560608266
-7964409341746982686
2025878394713746720
-6689200453662496782
4075824023133412732
5942416027546616800
-7805106925575573014
-4413692013076544322
-6809700197505828716
-1423132634093919156
3080630948424865752
-3918297719731157016
5475304117809345804
8040540451300304794
-8977013248248906866
5895023303480712324
218520236985822354
2404489501042984460
-9166772836675169996
7580946090815533744
-4721753872806171294
1999348344086052948
4882068633647994250
6150364794245931154
4370869945593144812
4287653665314526672
2966206483036981860
6403956294676419374
4268762910004286344
4487469841313919460
2216651711061853332
-6034202739764453842
-4414988965482507246
-1119784300676308192
2256071215167527940
7249796286866067092
-9055950137868850232
-3125837325966279694
4310886896504164860
-8565868685533591756
4288186705570096070
-5884477076373421036
3714034860952916484
5923035735931037124
6088768249849556000
6819872158066532730
1689731091975596362
3513770588562704470
-2631657832332631824
3621967722261463680
1660756383724762632
5765700209829355950
1740008539644226864
3809369653321712922
6640115852829261110
3879106648522261184
-8070302241171859956
1979353127554209330
5159524324711219500
5097343170426310984
5052282629250990452
2986834953348240784
-2628820319225828282
1554952649416839384
3167429631559837350
5070693875605212890
-2546366213194326644
4955033638073868902
-4273744449833622402
5382280275003564674
5642564237245185250
6324213727111159864
-5193882337949415544
1187826478827607394
2076311517041226542
7160898487491083594
6231807841098541590
1919446579909471760
-7022929044698981184
3312346008302233994
6483175452839901600
-3697403315108057116
6110986788357032960
-7296111690032316552
1868760594272945312
-7103857126013191252
595632742961170934
7754036155896823254
2780692568869349750
-9103839551561443782
6947970525385244944
5741444130444308000
-7213469833840117864
5427301349631685990
-3603609908719766346
-6879422319954532966
2185618513413912500
7889574797988358500
1600741890514161472
2190284797492561770
1763963430153690110
2478381522204956984
1980398139993427154
6925032746919785414
7671246779782333154
6651222173599872330
6704726576548047762
4110407414492858918
4252847615600751314
6057157618586202634
3036774955475374850
-6972826600907278074
3348065938141713530
2269768171533776874
-5063560011748377232
-7812482849884971876
4584393847962533164
4446475739198169936
2313413774349097420
4334214419336505704
-6370825512806003692
5492473121988727512
-6634015948516421026
3681508422060618114
3318719213205349100
3761792688199175344
8860231998736305594
8735043249879977342
1328360901798532678
-104653683598317666
8829954815551619750
8152157553442132024
-8207682709976631614
-8117279112700202166
4354130620861750500
6357992172115366510
1572419360024143120
8875399755808542110
3170616251474845250
5973455018221701010
4128416977438885014
2095839589347208924
4460230889057614000
5451512854741932440
7390302802295084100
-8710127698898543114
-4541654840070535476
366747369475480894
6133096858719235988
2557760469919895850
4903874885285625926
-8235811748656824284
2447611717517321794
1664030056218296732
5497288217802841922
4030600456340462750
-3549425685966761826
6758553136116367194
8903949408906729254
1323328863985551134
1184489577537022524
3970637450532858820
-8872776324848161616
3008684228236064350
-2263176142966587564
4819797090079491212
5018608963392267100
1906643322325006500
3240994574150527374
677297206678292184
3310291846632343984
7581354735946313392
542691280521332234
1995372115187154704
6015810454711310276
4080957854409989162
-7012365552723396882
2047838040199577752
835651997907016444
2320973028845270800
2768770490524534412
3679131805166296584
-6135625148412544136
8087193304413987500
5278735920043478634
146337668979670944
-5331882384706346296
6147919934552498830
-4368892070640659116
-2384079866161073096
-3251509603423810316
6890352232241116100
5217070396833622234
3935943143070729236
6886168924195980430
2602919760946313270
7845037932853536030
1092060112409584484
2136676202358881330
-5682136710572677266
7769009113751809812
4974966003531438510
3661343836584726734
1816424711187687482
4019163191819411300
3676993833960537972
5400894805866313738
2240797769462047250
2176308317075931082
-6335442762073576394
5535344548825318134
-7288468771135247516
-6809700197505828716
3876140789708307250
1917551142351197500
4487745617117629750
245039765764737746
-8828887727612076266
2793619345317247524
1950998465778678470
3030606951393702850
3259519945096811960
-7523041837498698644
833183026027578984
3305981987044626472
5336283640676622550
-1240245869883901974
-3312682474616790872
5780543843306144316
5809086173958878770
-80066345913121766
-5704470743962522086
-5430229775607864936
4027039583948019804
3237399244736230804
2699170996405824864
2772227781845693600
6139543091814000050
3304886101421466854
6155256701131485500
6322255217783273860
3879848379088877910
5535344548825318134
8263188912506618552
-4192556078592907816
-8025240639252223312
2583545255479934552
8091054427192209200
5914889811128627032
-1963053302360150016
1997628381387819164
5677176482555006868
4667150434465558694
-4383187740956500646
-7507986005552109266
2214540137370196370
-8702237227338173106
-8731309597604248646
-7688694879605329584
-5421033281218820176
7858463102157570254
5779690545184214750
4410478988238842940
5767848875890597354
5972088117689741100
-3942244286887733766
541877659700212954
3892226222396053360
3220424507753906090
5024309569344384970
4974370138265947062
129525238321794314
2262169406757310050
2569176261831925530
-2044851567634566616
-8149707995239175016
5236810382929124454
2454967373579690970
5708346799055889764
3526642968034914490
-3888989440040046046
3120794182171033884
4639945132664191350
-3924952515960721366
-9161064805165505842
-5638591748574917694
7718769220192832074
2775880656434307150
4800486219449528684
3718732941935400172
-162455383356812562
2800970949989336320
1979651660325223164
9212625825468547812
-2751899674194000654
4307141856436144000
3464449799835188962
-8534927096751246116
3197880117394257734
-8870828916267777286
1586271202840631746
1107858170927506866
3169341315115675830
2397933315864535750
-7840371263433615516
2846365637828161012
3443827345212848664
8275837816635838554
9200334788623937184
3419696891993560360
-3986732680854103724
7248215716525236070
7174219961940440500
6250526296356820284
-8936874348374801026
5313083180152046964
4997123891606442734
1697166616769322230
-5992154304722458154
-6866513721067790364
3086875134608684122
3523421563009956300
-3433791764004412846
4767062172202783600
6101258708826949850
-1223615787951837296
8581997934122820480
7991538673651446524
-1502452030571936726
4635987652835525014
1841180595331972930
-2643004067356428792
-4593107969858707196
3541877156983138608
4946721464628746180
2672524382103414370
-3694710452636092386
4336095452691809590
6297410347400870416
-870055573445176536
843883616814372034
2885373134366019850
-3039769089666872312
4008257008967170122
2690893092206441122
-6786013336119344616
3918066983415850980
2285688113569662362
3411382297562803872
-674221575039949064
6556161720011577100
8664363280295071804
-7659443242519150164
-4946143249708159966
-7033485215781935316
250668751332953014
1928359329194502050
3332826631265153734
5290087409148762668
-5127281785391002526
3857642685431701950
3776794069951890180
5109186886063155350
-8740166169491701532
-6114448823856070766
3970134298158305004
4090972299577486384
-5144111156881405424
2966408648575981750
4170282206498193942
3044188982714288864
-2514293083546214714
3157036743819731234
3725913437194409614
3969096136640752574
-4979499936192510316
2335133185672676942
2008619311834844060
4052526222998152354
-8939295959751705696
4755818369310412824
-6345311333215139266
2859323908445481920
2398795204893698100
4101541693350892882
6234277677058130000
-5280645684994500954
5857797553312604048
5728185629909232100
6274249559736191170
3900411807149257152
-8267961023583883196
3754550019938471754
4963356282578540000
4528964315091859484
3790625206942132000
-6520194524578592874
3558229766959816674
-7639198204162444766
-7371782125490601224
8875399755808542110
2179354926439746784
8983048198181476952
-4475198036892031582
5328750858840941114
-6766811788177519666
-6200747162898725526
-6882227108443817586
6489355473580751772
-9082312038847049172
1818804948546113840
-1143320001005239766
4120392300683789750
2574080424014687550
-8861087416685139756
2297015302456474600
-2968699619989506496
-3337374017898666566
8942276860802560940
7872325847367141490
2442012005451901520
7222173599487096912
3513541045375982922
-6132097656328859616
2355814394303913270
2512120344772738154
3203899822852181244
3222124081521482996
4566581835147174000
-5888057635371167454
5671106855326720962
8935341070084026180
1906353085650701450
-4552600602306536642
6407197497314207000
-7476210273528109206
4326428085823354252
1751265894157692550
4484880232010147044
-834710177022559056
-7842999411354126866
-5421646532408554576
8959402408229906514
-368783675029441156
1703826190353101430
2711623644563861962
4822998323822350100
1847267176561938684
4544925263868660356
1752627921057193600
2195270383410398434
1901279305653526260
-8625549777293023136
-5588863283411908026
-8700263860335305984
4981225821373230850
-8181547526068771416
4890887507623871600
3091251709448190950
9007670836129561750
-2633785716621289246
-7531638188976268732
-5715325345998492366
2279044661504561302
1785693735593529864
-8756878727141850244
7207211523364786850
-1612735785389421016
-5326950430874025004
1849819523357692770
4895595789462023464
3698654070852216630
6715540699597716924
8825374141910356100
3380058820400874962
2269768171533776874
6065039207664933726
4523149995105325430
-4093219167220931452
1915197703892515884
-4599529556117647986
-3553494640445470646
-5416126492089292684
1675460175683549920
1785192564798288448
-237472070383538222
-7641330601661612872
6649740526437521860
-413439614718002174
3293500124242262550
-1275733422987696766
-8981840669307606116
7660121219480147600
-3656297082479402762
5826482683862048544
2643478593615525600
8712342504750241392
5310266671351622712
9189000135878422612
1656964977642988910
-214596763986816766
6301241205047230820
-8240919885850045074
4809009869695317776
3092711601384329600
-2261010964285319366
-4078703024167710786
2970049395726248290
-4988929275008178516
-9087577751567079066
-6919762084448799994
-2895983767600973324
8277583632020302600
5788697766768565532
3032456365113406660
4919779110520320970
8594562069882210114
7746557798189261640
5362396093208333270
670754401198423596
2356852356103086774
3618681222299134600
4864759644932010824
-5944053193461690686
-1894899348766889246
-7147467286069728084
5822820090103024530
6773186771302006300
-7539692659645247652
-8372048521204819166
4528700794043435660
1989889892078840234
4991074610966436930
6950267433129070362
4278333502625946082
5628823669007150990
5565032541881115912
8963108461171789670
3692455693432793532
-2370440316680164666
6893776356269363960
3278655752682190972
6273185882222689500
2222135120382965954
2916986467038839430
-6869320856812114834
-1968906160388049444
8592317463082772524
7974547192974065704
9157412989395722550
3170069549113199754
8457112836035046260
-3324346138199923006
7906852078558038424
5664535770558004032
6270350070045292632
-9213763743708774266
2409501943238143182
4210361475042058350
8718240436898735050
4994958444294416444
8909483094025922760
4316634040382106574
7481324776931138784
-5925011942605140366
3495594254717075884
6206798097263679762
3635371588952259004
7291378791688155112
-6289503712329816722
8227067004684827810
4943755367211536590
172780256646249236
4914462918693070600
4356287827470946640
2301691654863401290
-2879166865307935872
4574969838789928270
1992670554016870490
-3976117901523747716
2558303214764492440
3960081288936541784
7845037932853536030
4760717065937991690
-4238430973804055616
-9100493267623050036
7993664516322461614
160757404641729726
-3794101080104632852
5603267888583923234
2435030490085027060
6581851918208166600
5186215166499556112
2454265768492618900
-3761921485791693036
-3505291884245261166
7128066146301652552
843060336345952786
4952367645575942524
1813208109553729980
2497695105557047550
-3118909739228649004
5300573933783421944
3709878629882855500
-7634399155835271836
3687693014695542402
3644800000701843824
-175896418337983926
2097743765040317550
549201188397715294
-751515841723520214
-2825120546238732026
9157412989395722550
6726741484095336214
7198166831051527254
-7855607723203543462
6213131459477393850
8739134090458267874
5128058158640946452
-695889442861074786
1795246271864795750
-500163704471828952
-6515601658306981366
6025650267758579066
2297669776691786908
7795681234927770804
4892946962851554712
-1568836047477397886
8402244229322626410
-4709631813160656552
-3758566399212775166
2997258180017405682
1682584286405901190
-8084773693183767882
-2597582468132509016
3871695190726667194
-1128138424663264016
2689031367344313144
1743246087314046434
4671696256101915502
4004130904288902198
4371410726128216260
273197408228314736
5458855961861259742
-3336003058685747914
7465557744391811702
6263264745958348002
7188345302162732554
4286321282088674402
-6083222866948864226
7762351791256025964
9030946108408785750
3628077160779591300
2048297422738148750
8312120118198589840
5154932888859892600
4427380445681181300
-6935980201663140866
8306867121243084702
-2351761595850058316
-2432107970344277604
2622587356161358600
-4623911225985126516
5718093714672851804
662578255387258656
-5670656479987449666
3540704877779941300
-3090482068584590696
-7055130224124342376
1959280096672388490
-2348167668930818646
-4117607871815898476
-6051937648341392732
8743681153928713454
-3702787934025370024
2650717733320719412
4176288843050250850
5286215622517833350
2693148811476571760
-1783053221203035266
-6214208535238415266
1039745560278001484
-3668435715135458426
6188177979573692740
1816564660443089480
8557358491873655660
6009420155014996230
-8019532761799525254
8886903439318162960
1053851823511026056
-7291744788744624796
3194913207253938010
2191090083788468240
3187225452219740320
1658271624952496750
2761290786934090600
5499500388492328904
3294593607972451250
2285521850469584234
2944031282344111470
3597607094791403500
3284173409410510678
3830387096266830710
-4290070970483945102
5229548189557840484
-3980099128382473684
3305543427319707750
-105446412289190166
5389314202749375744
-9095233005416884146
7347898400938237170
-5203198863578956704
-4573186857986519026
3590962347899717184
-2790654242744182974
-884639222820209166
9088395238671920600
3447573794618158996
1664554292604111414
4350208969155047164
-2646548513449953232
-6970596007394689532
8499775970276557540
5162586985455172350
3333258029349926154
6385844637911849628
1084580163495232544
1763963430153690110
-5398941812403739066
3489273174536057764
-4375391453006480116
6626806634613145772
7715456184549624590
-1436621554333840002
3705814027593172098
4941679892816993222
-1800750708052902622
-6044845967037499666
5652845670913768168
2392250671873810532
1111185298342312048
-5889847627813501276
5623595773563139782
-4667461205208339554
-5094824676272934632
6952181957907036032
-7806160863892289066
6297410347400870416
3803276190522858322
5725536687806484472
-6614627024624694784
6141984380585476484
-5597363742446422816
3023388324121890384
-6996784950350316956
-4931017969256906114
-8695822688733326162
4589536412279688744
-4320726638503288566
3152802107183634724
8347203794207147160
5989533681952996784
3466267181326187550
4080957854409989162
7370277922884443350
4611451459168010240
-3125144672984486896
7797350519614953850
2617061872408506600
-186959940526671566
7411975475194439010
4125223555806663806
-8990043049007452916
-8959135732411314004
-3825558991395941816
2543052898053425786
8072190962275672850
4016117369862333190
5671106855326720962
-7428146473355442396
4278599581931586080
8577962388974011740
3500704565850444414
2058884569090606180
3058850872540336132
3245655697374167000
5174874460794662608
-7379382201217891536
6026603376126763430
7604265243107793260
4151169364230142484
4701325092191833554
5512396021159555350
-1811067729967566534
2141738929638129250
7320791829590004584
2166388963791736600
-1465820047249581424
4684230998538125634
4984507130191419614
1686022505008190440
3699846960590608100
-1479283588996071706
3100645753854900680
4351974215528217432
8067052110334906780
8348521588797541132
2563554202550648762
8992798291593469830
5299707475045856948
3291532539492073734
-4126827920588514066
6005987925014807640
7339519233985680140
1761910785204997350
-6670448092092963586
7008645960114092910
5163812431448397260
-2079086786380698512
-3026549245941089066
7420818734756460334
1987575090868588650
5049871763765315760
1048872268154925198
2240306372430985012
-7130921302885386764
8403127082687496874
-6993444179338332816
8697384270397427200
6944908867373057900
-4584113997156539134
-5513389263878078676
4018147725406770274
-2279768630214654166
6616468860687688150
6057626005216571240
7923735293588804844
-737621516390608866
4535535463713404866
7850070353904460444
2025422788489600500
7556457598750378214
-8834748241417498836
-8475837562129354186
7676195361388559460
4593798614819383954
3805531486132626234
-7525728742583444164
2529899427785989026
-3169427139855027856
3813029243795406782
-3025157188723105864
2537379890139942082
3571863907851304634
-5266421036909754766
1763963430153690110
-8833283364124109102
1862906182551086764
2126420175090771070
-334255743420509626
6908247840552683772
5610541967141356322
7233607689634113474
2750577215459606932
-4234503184802396872
4446247194109225610
7985163689650705404
-1740226036369486006
-5680928629729700174
2064886732729050140
2516049078060756550
-6662485771697570726
1823291740519396224
-1196376927870593366
-4076722697372088752
-7766584564759466566
-5883283386585109066
-1058936079021479752
5604349376509368940
7207604964110983250
5003331322056138890
7319199664470763542
-9127715455201889932
1777514464523112646
-8870828916267777286
2573768384705331226
5465886742551951170
7107798023613837550
3653064894618096854
-4089261310467634394
6248051633813343720
-2234289226584331504
-5270132925343223646
1516912022729047734
3562773776851556944
8723687339335839992
-4222714931540546716
2426498547047730500
2959742640012456692
3871695190726667194
1843726633297714984
-6523638303990450062
2028157578907533780
-3217061570255997816
-5510949099382664954
3832101637440005050
5092186677541179370
3446994022128652100
8969133249267116632
1353535501331615168
1752491682627886720
4295921375768834240
3043982854389848800
1846696098731787364
4258897504090629398
-5063560011748377232
6407557706872263704
-1399132524763930852
5478046812182949732
956922393739406234
5390502544698824632
-5464520334181703356
-8303593336919981276
1631196970790358384
6807047387672667850
1786799317746515220
2640698261105347240
7485776400615880402
5427932623149221204
8357750520363801860
5883403689735791100
3424950012425276396
1822309546225926940
3132324521746299380
1864661013774568994
2453388973623561780
-2493598038813124112
6999403938981900250
6875529099091703824
4864945194792502258
5187752263089664282
5637326772212572490
3550179927693651434
3617742633247473654
2722223274715539830
1663374934880083062
412034700948354314
4536202474768959500
459025579547568906
-31612641905936492
-8897579757068313556
-7703032983747916866
-2170601899558203116
1881660123896643272
6065573188382846292
6625698436936930750
-3603609908719766346
2374283071626035904
-4550025710421172816
2120913015905286680
5284344952185531870
-1976220040938583434
6609829538940894994
-6811954205445074586
-8384687283317845516
2429804185621788690
5895915330075081084
-2041206365128266546
5374698839663335182
5251067965118111052
3248468286304177860
-6593500203735013546
1734898140093657446
4238826160567705980
2468854922771024792
5642145946391368134
-9071294732437474696
6805916659341186492
1861622911127726362
2572444923881885934
5565407110950102898
3145824272021761940
4316509035107729350
5335027622780044224
8981191936815212730
3687693014695542402
-2706712926583769262
-1941823620802374206
9088863425064523100
9056600974438717350
8452678014300767570
3631929410885770134
354630696486852134
-2240792151698456896
7390302802295084100
-5057300495949849702
7777336787642163042
4795983538210335850
-8220987306899761802
-6082633128564907826
7237158959332450500
-4348078916257412924
3164882065580873600
-3009838337969360886
2124058652418684410
4831751062925560828
4656884872052594048
5393034368046629500
6197338682710822008
7661768686540715670
5496595867282158634
8703727833633405210
2349012105730132134
1885206947648877694
2449008522680823180
5276624227782465936
2378516487848620812
2873115824656125400
2227884583408714934
2172624591278545580
1829193246734439740
3128851653525090624
-7575614885348029646
7839588874234388744
8628283973712366964
3427125426038284152
5993301456090434402
-2966605626402238122
3931341470834880766
2180638665819652780
3178912716243286710
-7295565897500885214
1926345573587951318
2551615395234068464
-1531565713931849436
-8968319237160225686
4188321579953699804
2102737167882363422
-9185305765973699616
-4553244269364309366
2022235696274944220
5976873296117743450
6475184332573454810
3976175283670667000
2428411926415093854
9058001900982360040
3753343926108791764
8467763528125741312
7858882916147939522
5047762964337862692
2566092053265863304
4263983639561528260
5475164963901236340
1861622911127726362
7047252932809792560
899103467741478384
-4455796969525134942
1628671483962931300
5022208781387799302
6383816433623331850
2855785455908485100
4736261378130250150
2607321527922198322
5047670690093070674
2020113058733211750
5941124813108050278
6202930093618648104
6260432298295595310
1330877280897972974
2695203769704704684
-8410433481170778216
-6200161633925825126
4368166795494235622
8913635050246050852
-2067438266635910184
2847541838836701930
5827515292712054890
2725636888850990534
-6081453588503743882
1657618204736350780
1832161802863020838
6530912198619059174
3622437404934484864
1898963239654416252
2931186699475580750
3355155755640638250
-2947750121604099726
2868580597432373858
-9148212106800419686
-7221151251944777226
-3303072039613704066
6938788587013741892
2594315780907153394
8088051212246860232
5588402668356340140
6238160331038753154
2082661838871263650
2550712642565884874
1829756041148965462
2015693402881808634
3924900321786479734
-2338820642136296684
2183850495488257310
3876140789708307250
3138858025871070750
2321141222406230800
1741753920929035000
3391220904987783912
3279091634249993870
1841321972666841280
2789369773153155830
-8819114249767322116
2567361685004294640
-7170601170521245616
5365201493224174894
3474226633817409600
2895882213597410310
8196694913680179830
2435553583838195282
6401076258161137490
-5528632471318744776
4974668064207503610
-8093552543621629086
-5282500224670439776
3519180320632050408
6045547452764261750
2371500682504262764
1996273245718420942
8838663007781506790
-1294587400940020266
1698363896754743222
8647211530496715960
-8232745946080563066
-8523430306675515366
747738481096183828
5850360965260022904
1640307999362690350
1903742446443354350
-1229664484591929052
7644072335533734100
4832903128881369542
-6924797126051979736
6287734519747199024
2807949003284755750
2650346134121465850
4890593352814237420
7902213928093593850
3555966722284110134
563040299995276234
-4632244927224775184
-8693354715443024772
2329562562351433500
2086347677158063186
8828580426274274512
5933570004823162702
4347663807894395104
4685174401186610238
6901009253394674390
2904628518906719592
-1581493919506001594
2026182174895983850
3932261748513138514
-9181981388641732764
8898879129050696500
5772692198810374180
-5180830945144848966
1019014959938232984
9049598779098309250
5236191147398608100
4909741032832665680
-7637065491064888156
374020183816973986
-7521429456484377016
6914347908410217380
5527857386033438302
4875315577789744322
803573853567411834
-724491586400994774
1601251101504542294
3207542646940881900
3549023416846192894
5439527294456136558
3735047051769160050
4455017427826732314
-7059011964383502244
-5833670192959880196
-8654793639038721826
-3636049412529621922
1992220560668187850
2592213850341302054
1247127297012664324
7894207383909424284
2307882067849443800
9128255704535805390
2425629203033603350
8064055580014918484
6188879863921391884
-6449432503016244016
2913195171659339000
1607754196653192742
-7699317074533390714
-8118309776704267702
5628823669007150990
5118920381836137382
1701026786860799552
2310227639436950640
2925423701463695234
6814589177578141600
3815470435223218772
-6375460116448404976
-1022350304949224736
2795745951336544822
2992371277878467830
2583545255479934552
6263688892277188174
4038748460635249102
9076696456303885500
-7205235369129997904
-3020980451559412046
6251587091019298210
3471121141832025394
7989838304825885662
6456325597197177884
1164477100849459984
2406217045107691550
6467533037239165744
3991055344916009440
2738752159265466850
4769082399115893012
1437624459250836218
2911599942913434732
6723006333681161434
5256654936331119750
8724141363051241890
1749380126130070754
-4959367453172934044
-1932300213208530244
2366035725253198460
-8385697870311881264
-2753310190506125266
8011964275876467060
-716764688422952484
4425469788063074160
6533835935326092250
3760584849769538954
6297329139510422930
6247344722357670072
6787844157220312340
6117942535531072290
-7470278336379387116
4916529814403320432
4367944037135682794
1760543350831024760
4428694901291908154
-9218500356246827816
5757052263896358852
2557036944466716404
6559093929868945080
-6325568156387424686
3857150310764572952
-8860112858107800842
-7786122644244604676
-8735738640796390316
2307379677830572282
4625796368304605394
-5785711316323948476
-379759475410338116
6710691372837874970
-951301102781344604
2928783027189522820
-8933483315314407866
6754055253416971280
2745232135796806110
8100069090308192550
2211618910933623884
-8983288535652327954
4313831140853749750
-1631311514342402016
-4610441128963867862
2677388519119457350
3660870375471840790
4260003980726244500
2497517405333766530
3450615755035338604
7283048017300329474
3641497973027425372
6411521014505714562
-3567051802364115576
2770498731716102864
1347659279439654104
3115301248662669110
-3811509595479847816
-8991972245671800786
6749185081020989244
4350088018001815600
2099303247014136100
-6942127422211492254
6371917939538885216
1912600480879851224
2047225650352913030
3963848927348591554
1919592440978246160
4428745579859046250
2797680282914278762
8608038947381373304
387763474920139894
-5905352881548959776
5610068149096639366
5063444112763121190
4206156709299055830
3023422827356960050
1845142239302248264
3452100656377940916
5973455018221701010
-5690590875806632742
6989017594041236560
1602779463426535080
-5107315191574736142
3039656577186931200
3721847675854937750
-5046027834519343506
2983021421603825602
-2939364370498082816
-8654793639038721826
4353591444416525900
-2787838151286630332
6698020934678127180
-3030028976675515116
-7283007138341745316
4888240591980863264
6040721092941351600
7737424930767450034
2455844591463579640
6637526380616890094
6992478423771287902
3785282379700884570
2010581861404260522
2172144450301602574
2140947286066353800
4709898001394455144
4048444029961961614
-2446423820995935034
7213902207062922074
4161368477731168758
3334582104477404792
6366233056169197134
-2583368160222867866
-6519046432346075826
8446472194378063560
9026287449629348250
2482270623007164990
9180034299245148430
5334085754874413810
6147919934552498830
8695119552667379330
6119334397210735012
-1163799293752623176
1593498821979887550
965192807708392184
-8801503221115538782
1263019287472532354
-4853301335838507816
-5838458575605807816
5526890098989328680
5926092625873497000
3001094125642437384
-1029977097849946576
-6820966962977659746
-302823816684266166
4594025424862245152
-5196988392474473814
3888014437687582202
7308459341764226850
7170691882030547794
-4381238972765479672
3203471459400066470
2052128616877165750
-8925244173736630574
2920978744559467884
2715494039313583864
2189318746966177600
4921552132548498540
-3052980431470105724
-6498941397295071636
-4918403863555111484
-3327089549569247016
-5424099320630789646
1911437013848447540
8588278278823558042
4691779027765929174
-1293833540067890682
2233598709750298664
-2045580535235016614
5116181431706379490
5771359901364131750
6228986070111173250
7444573817770693800
-5138503139459596292
-4222714931540546716
465513964935769734
6737582221916372750
-4293987235638646366
4890887507623871600
-8181547526068771416
3571863907851304634
-7188203130095067136
7107408676122315730
4208521502310087270
1691057068854486502
-2656469790718372014
8852884936726353250
-5239796214949280546
-8980875332783326534
9156471343013112980
2367571788791801900
7866862578318865464
8486871172928829850
5509500629956905750
1926164797783675590
5903846188215209064
5197289889525261350
7532028482956807284
-4983272266125083856
-8885427241582496456
8448244936975874030
126324163741173844
5059126587315489684
4327501438644757254
1830600476260251630
642149364612577806
-6651673308051040094
3940783008768577140
1956911231348150130
5623595773563139782
2200770849741052030
5475164963901236340
2666733499617082350
-8830353107234155344
1591723589132848444
2928182340176486250
-7376125505038590316
7716698447908333884
3861090628137394960
3345631410424050742
4681651817516057692
3169172880441237654
3086458560468288250
-7807741624578993984
-5355905750149873616
-2863739392947459146
4279372075196657514
965192807708392184
6648629453525939334
5896253759230532412
6059352989023547010
3506889183769069800
5049269182233460562
-12522633833456616
961884324927684058
-6752112258218891866
6101516291892684964
8156905293451742072
6153858715783135834
7183242080978199810
-6600926362021399892
3745390992976633310
6994016982814469804
5262867909672669100
4751284330838918598
7684448317322066290
2074455636567841300
946174806744037036
2410366948833517402
4343677603894617896
-3469914298217239812
4934272818478478622
3016865669717186210
5531405191506151540
8874939840890879210
-2330908440844841146
2192862495260010050
2596876434564962550
5569246715438014750
-340537224863740366
7887048792483371680
8104364433610533600
-1315685418621290124
-8878130166914544096
-3624566509028269366
-7010696963492409056
-8904865703578054716
702666441762883288
5893208421276878520
9007205790073186150
1585774725434459340
6195199510222620370
-7211823302924782866
7247425528277619504
5240526949583428360
-8201537749892628976
5649116199616286300
-536790294492233616
2875679777286796534
1855500873950439430
6201875497368951050
4456388947954225304
2710300870620517850
6637896258841096692
4076593788863703800
-3555528805084347366
4071720446860805204
5356525397887952734
6138147784059492124
8094916932386685440
-8699770471756744486
-4203707322863185296
9089331629545770750
8652173889498098050
-6641423059571957816
4584770441899161360
-5685760438640532266
8191496725365442192
6782203888723882080
7624764896288838960
-7897554237057694302
6527258907714605944
2582087431407238860
5101895878692071034
3531018407443965020
2297349091110343292
-654083655594541716
5337853974905770500
7660533061334942000
3089792334421555074
-686605641289481072
2430500539679156560
4248665408060056234
2997869463380660050
5756719844988257964
8768721728910714494
3021782536851483262
7370277922884443350
-2331627852294185194
5054392844578340120
4902959284190862414
-4584756568968253042
3505284978078979524
-4580900802994636664
-8977496073433915316
7487800522535147672
3114672092591552350
-1307399234299894836
2800002805558501400
6366591537104426562
4847788931374886140
5763943735980984384
6985558049137246720
3064455055817457468
-5368827730018334286
7722912015038025404
-6844600538939333732
5734812006480627350
4247552420345637104
-9217079563888246066
4003445075020153490
-3555528805084347366
5286215622517833350
7933032578638013770
6037619959414020054
7059253415734968800
8406217617364520850
-1229664484591929052
7647773683691741380
8830871164214798682
3101272783816874814
-7875023504111203456
3296562564825542390
2141738929638129250
2125199034056038666
2102893355224189970
8250554513489769980
-7228280469262879066
2490476107447704696
8886443077387405810
2188835841557800050
4416535034042608384
2416081828358957850
-974243895221520324
2403798743943610090
3669304659648757078
-7616254992643685796
-6738531150462956966
2121856339744885900
5798049704846737550
4652399422868702120
2460726472732868454
6187476154928510442
-6727204527599204236
4867792056987500114
-7880790611946304046
-2888277712899188786
1946572692435436300
8122423533096630752
6203633232501453870
3226233986700299600
-6800117009866410116
3594337188939518604
-1323968598051686302
-3866311779501387106
2206918570707692842
3133329001912876394
-1659517174210964014
8255780782139900850
4176209714344509326
1682997471321229188
2951476286942379924
1698630044977916120
-5432681351452919866
1689333451013748540
8512249733605625462
-2452147472989256526
-7814589552391720946
-8207170735576231616
7318005711073199870
3397824622751854426
9068280329038126350
9156000547055737232
8017502941582333522
2247193290004241670
-529781035957851876
2137782906170007250
8631436406604832170
5641581934679879202
3507576869026260604
2531092097907207692
-8088389189807814546
3630429001600861350
6033486972268526960
3210544951473625612
-4431841167230013696
-7550961428693207866
-7905405315944853122
1791165931872109854
675661347887792264
5843634689673374594
8900261717838720530
-1003272364082177386
6469014437526161864
1874772093068242720
1922803488229940134
-7591670671246856916
2838338013579325664
5596209042744302840
-580357260835645036
4349279835352889892
-4389682172450449436
4304201037183807760
4272482897069841300
2168945543901950464
-8525430466494402736
2837555740870304482
-7655716032285840496
3439759110068610420
-7157937019412237466
1626351630721860772
3549485987272664740
7516587376734831200
7397120547676288772
-1876542406286513646
-6886713709045173582
261125954578403976
8323510158086258100
5820614516350635874
6082183800162465100
2698605987942310580
4309281580411488940
3153648693501585050
2676826933946679822
267563336428287884
-84033716504645616
-7612516596736359016
-2820903242980367106
2985864707175484134
-8069785123414229616
-4773342145475038602
3927041769368078970
3415425339235960050
1570159874152373350
3255832930605853052
5725893370752401768
4751499130325368954
3957571022570519354
5691843145026144750
8137064895645457594
6425587558230015604
9111357652741226052
-6069653545538297472
4237507066021418784
-1555425830047877804
3547327013940246536
5603697823199219044
5203450172200651980
3045425972513149822
-5876716572051712872
5485096119521150860
4466822852628285660
6996325297419639742
6458137144826441074
-4150516186377847176
-2229952856052437336
2091825656211979692
4157659309823189596
5680097417494727194
9164477652506358350
-1603070326333296716
3300941184103869020
8686970230771946204
4178118237078309412
3645271902194368980
8328332543297307814
3340103330710083392
524797661218845174
7218233954594480972
4823289424124521350
-5801912699775785622
5745094249653993234
2768770490524534412
2175346893868568084
-6494917342283881912
-6017632993942307836
-1249311746053702816
1944951797029558662
3585472966018455110
7598123415619159500
6952181957907036032
3926293282223839604
2110400585743476954
-9159637385942136186
3640554948780025850
-272138317211803604
8471315993345791300
5557582555624502260
7014812390141769350
-5726775456393358372
2938005139336422950
7033336096409457870
3724999531060486366
1957651270882965350
-7194798549156185522
2685072375911189264
-5857598473649362456
7276309287375928800
2924980236484022290
2788790661903881824
4207470360122638700
4905612174660620850
-2085636347750559284
3043776736533616930
468758783842419544
7734105891087599870
-8272038032221156352
7859302746958528320
3886528741860084324
4370599574141766134
8005151396555005900
1852090495660035050
3261907328447234250
-1977682524827359366
1857919406610913534
1871621406845578542
6851255800688698672
4586732450527577364
-8326957864106125106
-2514293083546214714
2433629446939247786
-8749016684772956636
4541168998602131334
-7234310231150613926
-4490058518473074156
3324712093187331688
5964232991578755712
2247850014016610740
1896071133546497922
-57837188849322976
282858776566274874
4656884872052594048
2675704028640242614
-1304385331208605114
3517365333102882744
2797099878081261690
2726585684491681474
3777137289060163034
2093250559722610734
-1053604245334918496
4513725349482881840
3634900649041515750
-5012794772295196084
-8630014933669751876
2311736450713795380
2624062295044571980
40051421823530578
-5922034783652666266
6586263521489104882
2401322324687485484
-7587390868487083824
-5796513967312224366
1184489577537022524
1869618493439927230
4318920205744867030
3360258512612633450
3776067165414262250
2018143534813550972
9028616553661643800
3207971418616214250
-1896367244973151512
3585472966018455110
2907813900371243600
4136193948397214704
4178993259474681984
1762047572440499850
-6410177135094564666
949481280927495938
-5104193384681161552
2422675180586339980
-3720277763788599172
4268497289629428100
5596209042744302840
1208691750950816494
4406125188350617732
-2197402343081463506
-2025160255423359616
8218380666353455780
-73717215819299306
3494528131760386980
-4346126500529871766
4338245954744177074
-7872925788767932986
5867876457541980470
4826783655685375384
2683009232106630350
8166406994507147400
-7177754453962995204
2834037514549407100
6856181104543930250
7502791785441854160
3568258120714227460
-1005562543771908992
3820600752508928850
3254481041499938234
-5939889776765897366
8359069563511567824
-5000237944491389154
2039582360211953830
-803161764588643516
-8680513701480852324
5780357386067696432
-263476399939008466
-4724942554656599564
4051215776641388486
7640372331064425304
1816844583214603800
-3420143652269516916
4855098440190447240
-8291895913257365724
-5031613521726374354
-4258711582325607286
6476636713755549432
-2041935454231866594
-8631998958820487266
5772026021257203582
5088740379260672638
8046093925148613180
-4770161902452458612
5207765627301674542
-3428333635447769554
2993963650456390876
5294951985272274560
8818506473401218000
2883393501234345750
-5367597477606072452
-5870744507058614892
-6200161633925825126
-8897579757068313556
-7798781651414850376
-8808354822913785414
6125600713949066350
3438629684699097350
6042444461016797750
79955056782503978
4523333023627112904
-6576349589716744476
3257179089577370088
4883243793899763320
4161675309207361750
9172489211318474822
4447890625715536300
6680535471822109352
4293786629424337500
3565008244316522250
-5503016180033790616
2804767722532713614
2068235888440663788
8926561528051655250
3856657983232553800
1991770643538368772
6997094862579433040
5225708343270454114
3943785883346176714
7729543955184383332
8485537033091767572
3513735695474254234
5396833775183115062
6176605504862310254
2837555740870304482
5326659216170249634
2458477655685324000
3966613570339913612
-4418879283307639166
5979608974552691542
3623731432755798678
-3960848919050247352
2217789337548415800
-3741110680497108116
-4693030721507884614
-5568201752684856936
9128255704535805390
-3063404435038397284
9037937477520736250
2818440519907486180
2557760469919895850
8962181840167180772
4388471014518308172
-7017370224871492194
3704860248724492830
-3283150150260748616
4255762082468934492
6742820368711255360
3264947712789765310
-5585218938737324866
2027093720428337484
6852013366965108070
8146980564787752870
7319597681400852940
4531200319660584752
3767110634168401520
4648403075409645446
-9157257988199885566
-2904387107582041566
4583929773774958334
-1993032726141158186
2126892715822647644
-9054990475722193256
-7385893437938821822
2217951891356691000
4689891847301680628
1584763815995067904
6345467050622988470
-3404436822186976564
-4842533709505731904
5683018617677486666
-348386778925992616
3223651026545255950
-6055482348256183516
273197408228314736
4389426646233202068
-2897384560846333266
-4487474938848314534
-7760770771050558172
6365874590372804850
4161935928365503750
5572199341173111954
4617365049850798350
62389507232864524
-5623445943625180594
-2250181811837116866
1777969019513224500
5348856020959573850
7410770188829641634
-2352480309018362066
1972496187940074500
-5070442943942225866
1983087214909127930
-8126552312347064766
6519591985925621850
2025878394713746720
-5473693789663349616
2114318553028960404
-1282522644722920162
-6706228612600551022
5865516314965406814
2304032506835596152
-3763263359472302884
3542321225010962172
-2568432849047883652
2390852394865284334
2187065871842557640
-4353934946934857516
3433889135047438522
-953596398190470426
2224135560398661910
6956012194032013022
1674275026962106300
7189130654389842470
-3731032998946003116
-4245629805759582256
-6568339603664097016
5691183977475126300
6068685083318244024
-7508523981669965396
-7859807994108328386
5918282924668002772
6585895803202339624
5746753969970302424
1946867509504001000
3755273815745252920
5327496170979209332
-1916907541927787166
7031018629171809052
6389925291122968672
4845972775664978148
1301534463329031734
2414868732903954250
-4351332491898642994
4101151030884617738
1916531103769539530
4127639883973105280
-9145354140619300466
3464222677407845934
8574824615735326872
5794040344959116740
8560939109199818264
2904230530317165350
-6092655812231483434
8836829169122565100
8053788099094942512
2112750712066504574
7873166602791914384
3940032558143672144
2810083784488778954
5841617938474245750
-2572701156480412116
1912745951595599432
-4841266509509824956
4522872589170944932
2631076752458604494
5347851673677423598
3864294358308261354
3629488128106564304
-8915059023211805746
5566328955850345774
7087961687112547280
1747728339426775330
-8819114249767322116
773177755904142846
6864522283222359462
-3313368759181321766
-4638652901997960224
-7631732327373700966
7070105728965020450
-1748354769764827994
1764100336889582510
7444976937164772264
2094976552278748276
2434856144226585660
-8984253687593168266
5879350140171098462
-5490804564812116566
7961821374766594764
1638105229401728180
3407567166234240100
8247507002906362634
2143348523258648144
5977557127706568404
3803276190522858322
5847669758611744980
3418572410923901840
2334288510322198122
-8091487433792963216
3423297095677443600
-2390537675247257816
8728228374034951782
-6008749523266973576
3921306101889613294
2407254018270321220
528863281977786194
-1329990841591828306
4713902702291381300
9031412073449112204
8123284242345758250
3175719843829467550
2098679349922092854
-6892880653120936866
3052029619487599790
-4907043621101713016
5909463864495768304
3398728395698600074
3374336367499148728
2741098235102156186
9118864998927744060
100730458246252676
-1056651157567770066
6081837398176722070
5427932623149221204
-2569144293388245316
-7818802018355068102
2359388085293186500
6356917864338481350
-2815278843756942414
2011186012039421644
-5214992743555464886
4248875755323228744
7474853232595973800
1200343647545544304
606234305073500824
7360280757527922350
3926792261763777120
-7909590765712185566
2951218128630236724
1803444734737529800
-5818697706074047096
-2049225008762916084
4166933085468641486
3419022170068323834
3108595162461381894
8645407565657151590
-6599212942985689336
4286587733888181150
4054314806723894790
6279924791173440330
-349956383417150456
3304885669546615952
4622720340597897300
2652948149175769550
1856496454197131104
4245435727380700580
5718256834147339350
4852758498668422500
7722912015038025404
-5699040840867509844
8525629710042561732
1697033624746518982
778104405771871514
2470264534886010500
5595558199360723594
805217912297138038
-5147848850374633912
-7762356586489551146
3170069549113199754
3199190186973340340
1915197703892515884
7191879893965070350
-6892880653120936866
6992478423771287902
4943804616416793034
4885828239834836744
6812703142879961250
4010589153958701104
-3221198423728097906
848823853050393204
5284968453788138544
9017440963800963764
-2157551865562445186
1858671384016427426
1881660123896643272
-7761828000956055796
6155606234682201024
5201293450687935384
2772612125088993642
-8134789913581339206
2436774463676029750
-7006802878435349852
8411959443374786884
4813399403653764000
3718972467419394220
3750691542541142850
2998419989060400746
1434255767718524176
7188737970232740922
4879131660969688500
5330511336905287204
3496501059713209708
-9174379451261296756
6012166998004912122
3321799222322591500
2306040372106953790
7628048683076198364
4959981200640603808
-5711104936269744874
3049271363555066964
-3529747317801698856
7311242734088467812
3419471973590181210
-9151545568213102332
-4694308262480745316
3125380714665561534
-3065488600304729006
-1327732686455075892
-8034057294715781176
-4719840396959818016
-3244624676637494516
-5964260719097610526
1869046527849964260
728060908886676776
5109490847524622234
-7614652941453803222
8717332867871401930
-362509544234714464
3229895836939492072
-7920048937227012096
3791597237409373770
6073182156407055470
6363962456696248724
-8675571475307661534
4578328273697645324
-7187103611756322816
5387384512363916046
4810904332459110324
2543319103214069250
6255124048415696650
-7245814844733888906
1497490003196401226
2227395311822830240
3070659960638496800
8168567629211753570
1953214180397735530
-3900984545197883332
3973153929818737510
3101690856622223650
6662342420951179900
315090348403611934
1596418499078329630
5482531948342993544
2323160258244145034
-7150223184819193754
3297219079853092212
3176783867266127220
5796713020426651624
541064065024655104
2211294508711508740
6006674253367240434
8488650270757824440
-8384181961272395866
7554419572582565874
332028567282089684
3950799264436497200
2508866735266593574
8608937969061685970
2889731915272917542
1711040522786392602
2783968240867951124
-9143924910499807444
8431415144089059850
-8359904111564664066
2320973028845270800
866946171164323388
-8944137795027655236
1652788894870054494
8538131913399880050
-352310598723833766
2262915533896121088
6418371057903136794
5145453632871975570
1569407253603639620
1877065998502403800
5973533066681133644
1785279274588244330
-4089921010093707462
-9148688370458201434
5947864647786405960
542691280521332234
6321234498984200508
1906625533147344294
2111340400870628942
-4621987528823365976
2434681807730559612
6506455480188800456
1790396005527136350
2686386465821462234
2236878523759723898
3428568638807516358
-2730730517504125634
2947658889186709234
2225439031311674514
4650133143853324164
5672308847040839078
3469221951139511840
3695553907494645350
4986894554640226970
4807588853940422550
8318689867421095050
8233586275785698170
7574818396017806024
3101481814936241902
4617365049850798350
2687136709353182592
3498873658446893610
5495627752264545334
2628306209899679274
-6714735752683087992
-8305626639420860766
-1232688235388531934
5076318287690437044
-7010140726502067616
-2800507571745834536
4143202611851618770
4372762897005833330
7035267756690713540
8790162623510460570
-3619836314413873766
4290852652395472310
6623851749689350880
2029069790847176000
8699196363085043270
-4374741616060337692
7451025692879095184
-592790353222618644
6093276478953757212
8111670437533360152
5202217677796726510
-6312780293048817142
-4052942805019966874
969329005984727134
2807949003284755750
2708789721631789502
-2559893651942728026
1641734504417092514
5653705967130947440
3518593594114182500
936257920603290234
3274081619380862094
-8558888216279791644
4105151855233118844
6194848291844424520
-4143281225642641566
2517628434047638714
5166263977912611952
4266903827687088350
2169744939034934954
-1987917185174393762
-383678192638609066
3026705411645826234
8131464392339306880
9096356867718732500
2445683305091607750
7608771615854253350
-5649488417595416676
2278549534628109714
-7194798549156185522
2315595659453445824
2822479128925962644
2139890552181518274
3648104273520135850
-21274062318373096
7757361607873074890
5786404742323050284
3184665952998742674
7745311931345383850
-8680513701480852324
5182527528310636750
-8345721760512278312
5843114938025427228
-4251517724190728266
-8938811674479189596
7072044957953781520
8472648455935421450
-7122641500226218554
6425667501634253648
-3755881916041081596
1898239903169391782
2079446534630177494
2072446503660549192
3986763593863655332
4348202433667234870
-2517145991527255936
2811850957170269506
-7559005201759261266
2985458399131448240
8304241556635545574
2927581745567885252
8153020624700031080
6321898610815357312
4716764766098513100
3329949566666499634
4325024293376467966
8070906019187037772
-6901286145499758266
1573047427530368790
3978190476668305340
-8968802394764877434
2033940119288659344
1849110272998877350
4657501579307488052
-1332248773317631016
1897082994640053290
5128058158640946452
5057710232718143000
6436062290783837600
6687227982026686250
-2773047437855103124
2891516475539192774
8997443981837681370
1197839735152582884
6458557405195815904
5665192621937148630
3236797186904702040
-5948215570598639332
-6911366681513280884
-1563621912107065662
2472027398771992250
-4872919962490401656
1605711881635056974
3527333556401493812
4029328445223681600
7195808746811600050
4840487679195146290
-7649324282016834342
4585330951550873524
8228805098301263280
4327233081717991250
4500721424182299212
-7055130224124342376
-4513294600142813994
6287379374144218000
-6435011561255912516
-4839365543529459734
-8976530404600141762
3264296023008198984
2192217857630624824
7015583479901853192
-8862061900956770704
2306207753429064100
-6659072112935044056
7687751362335619974
7423231905575897832
-9091884409937465082
-7533786483855205674
8038405265482272654
3061127162413943420
2362965840617872364
2136043993137568360
2394341933200885856
-6909127133092062202
8130603033112479374
4767927905128072790
5857429802322249802
5043246332500427632
3908361667412667920
6499908057826408344
5009018909564129420
2749049086877417378
8796556866666942632
-2090001629853461032
-2395559069268969856
8955697504686842910
1669540718389356190
2302017130647140748
3071074934547509604
-5193261061518387496
1676382392928003684
4576648825198267350
3016251483495447100
7555642338806146480
-2865142364053256562
-5559686829944533874
7546271590150949264
6466475174513086110
6589941551330336122
5228764603749960000
-8650832201964543334
-1316438559091275922
3510328621494581810
-3074517536047619212
-1831687385680870356
3203257293782608370
-6318594211900463872
3197265015048786500
2074919490000387200
2514262719384711960
8172025536480744862
3201330286418849930
3543245100429948694
359476663135752304
-2318674760499101566
6140240834890729602
-7315201809744344532
8167703323887815422
6239572654757412100
2520340222558782402
4711601393595673204
-7796672600216627006
-2418499016225346672
1758903480423975754
-624620533597667432
-227220286248570886
-5149094573155522516
2744087775848748940
4838153021283149750
5716272624907932850
4071720446860805204
3156622447824544144
3628782593009795650
3223220684020903164
5382280275003564674
1904902399283416610
3139068954093003204
-7503143327440423406
3471041209716085324
2349018596501228810
-7646127342289407064
939563126617970344
4073515380014278090
6118986409528314784
-5979696997068565276
-118126577058648174
4880012613595867930
6335103119515137550
3669162577314794980
2061037684315804040
-3178410273835157412
7279083491930532744
6161550582992640290
-4809557728120649506
2565366760873950902
9110888597568012864
6788596458733544834
2928182340176486250
-5032867401636308516
2720517670562327090
1839855457216501984
3358988906947140544
9072487660741141560
6397786472187519814
7732861526541541000
6261494353563603532
-3511408559562345366
5945820976300269040
8411959443374786884
-1845668374164232816
-4599529556117647986
843060336345952786
-2330908440844841146
2363306791304559300
-1116745688184676566
-4710270016412397816
5643546668082535520
3589142913766744514
-5816900112297272322
1693578574749262124
6843305146865999994
-1965979926237335422
2408464243866912784
1449418250998973134
-5855805034523266692
-4544230895160172546
2882206210417791730
1041404723313259146
-6060207432066904264
2175186687642262100
2625622214219284908
4089182070251353530
7112471441346651692
5250757708467057864
8244025167524123670
-4650181638460166006
2831693848597614462
6586263521489104882
8103075651290987822
5965257133544345750
6106468734421882750
5081280397967153380
1570410807812303912
1307400413051399728
-7358200826690140124
-5159679683657006524
2881810528305898882
4926874074098834022
3711313389006950364
9074358055803202030
-1537533111241000032
5874623646774553500
-7695600201490766546
7688164317819968182
6990555581948518682
8518937751686772622
3533553416723121110
7282651491905391000
2709356328430290000
4867690127325529154
5980977165883380584
5637981255865251384
-4505552465879920856
2999703874493712820
1787490567240914690
2006658199364722554
4116772090263136854
3087291750915892520
-4853934526503910486
9111826726025454550
2856374969805605010
-4951811955679555906
-4037734652520098766
1456159915619644674
4468950558867149948
-7573472768949032076
5690854415170406552
-5459013926203442764
8271474486356714724
1996423463809240340
-5657958796534671566
1907949797497128840
7742820648498030900
620104564894730634
-8129127092703612116
-5973761662381694886
6788972632939386162
5970379821932703100
-3824221389675387262
-4402664287263136566
-5374977690278817126
6144428542356652240
-7681786231854103766
8166406994507147400
1320813205241455336
-2640168081142504066
5645063699666880004
1781828237982749730
9189472203869168660
-4215507389883286266
7492660089914393310
3418347547992316940
3283273193273244234
2209186764070477464
-5895812887371807416
4656650928616289680
3328406460553170770
4190154925485231640
-8430591979627659676
-138717820629542222
-6907447257785351916
5379666922459676754
2044624525656994554
1959724498237510312
3218489759427820850
3579138039739555726
2783389970918143510
-3184627045482518484
7849231448975736820
5325301000385119600
-440037067857814366
-5190775737357154974
3304886101421466854
-8194365134448146516
2346399181465309136
6261706351226797378
6701000598671150072
6873630428548825634
2050748768398238374
-1911040837705760322
6138496588699306132
3372039198056965304
1800940538486850544
2880030462946120990
-3223955857796661016
8430087548019263322
8189764545485120670
4072489631276339520
1671949625812817944
5450555604622077994
5634055208633019350
7186774790744843652
1607498800791616350
3008479905643609852
-7776620984075695262
3538166021226776940
-3441294261416225986
-7743844420100709356
1871764533641886690
-3011927943892798492
3013386521002457664
6046582048878709272
2616877840117108920
1983872586033734004
-3014017337665525856
7834561493926947430
4411295684789365834
2084622228409078434
-4039719007715001844
4695331022984806100
1478082158420284674
-6067882810943317226
-4976355722407301366
-5438808775986528266
3084168156300740160
1645239870592600100
2206108925083646772
1784588666579178460
5707680351338407750
-9132008253191270344
2716351790127159562
1965828640438051676
3267772829484244272
2765124636719278730
-2031725995080134992
3437617169228530188
-7303205169885478826
1836801934538636912
-7579362827425797814
2614118520282248560
7560942707817682442
272392462952990098
8017929111701656070
1868760594272945312
-6918083370590317266
950307965533671806
7558496037253365204
4998246534840186782
-5530460750322212266
4201430113196967954
4233808053684975350
-1715082096252307064
-4470672927071253686
-7113252231897063996
6022476046718065792
8088480191758619730
2588652501476901750
2358196403522689730
-3276963500256735626
-8920880109244998092
1630477529375962740
3454466972595637180
-6216548510108414472
5735143476150631244
6909391295704756600
2578991603817503952
2311233431529688250
-3548747445836258766
-9067939710425902682
6448721258575004500
6212779478920496070
3987773106088315614
-5409377393641652146
5483044928449014768
-4580900802994636664
8623781996183595934
5018908874288224084
-4160377618250201936
3697222983953380462
8213172166108410642
-8855726424875361866
1786246462517767250
-4331802588408710574
-814708779196027116
-2266784291363544034
3728655325114773548
4907675512629478468
6303020019075419290
2170544555118731344
8365667121373287044
-6550015842144047016
3700562832922566954
2156344393348641832
8342373215403974070
-4493287488666169676
-8162041748182281332
1602142513058002960
-4481014420505377294
4533978783695834592
4666311830338756428
-4203051548494647696
7938530273196874274
-6458078832888590616
-4696224407062082834
2983427480880085100
2584456708945819072
-4172204601171274712
1633577101290453440
5147094373261265046
4650699635968285200
-8806886929925632616
-7786122644244604676
8950142303975126804
2454090390720835150
8630986006169693622
-6064340771765350866
3929287872904781310
5760377244843267942
-8748525148325035036
7912758131736062850
9018837344852591250
3859120092273832100
-2870753301154191686
2730573331411891112
2761482384682693100
-2635204186849637144
-7716826496624382006
1990571237085618880
8277147152281613320
3825491577324169480
5342567057138811500
-4125511043257251114
1604946515367795600
5920998466428337600
3053682207902978282
3864047846768309750
3590136300200774940
-265051524232950302
-2137236216468451352
1950703179657877054
-1100026174950778234
7381086296521973512
2551434825533256300
-7821434173856183442
3092163671350410316
5990561080484872710
3274272570115389684
8574376432697911704
3844365105045287550
-4576401392784404496
3931285218128491314
1883528894152964500
2122328119649717672
6344394330544948000
2047838040199577752
-2448570370480474256
2737038793276113964
3299846120606222350
2237032457332205082
2744469189404392100
2366035725253198460
5199445365922191850
-2269670375655216156
2615221986226281300
7110913379448620170
-5329416581635871726
5135377184021779864
3785282379700884570
9023958796253760100
-3512088074207313606
7643661157576984540
4685174401186610238
-2668510773697553766
1962837426324664190
1233752023829293964
6076296978487045310
1951736827748285890
-4544874853002175396
2470969567258622430
6181162419176528910
6071452217235978300
1241274776391448706
3769287781830640412
1143647045426712734
-7424900544797064826
-7739080263000288764
220929936447743026
8792445881463977240
-6922000084403912016
-4629681112924399302
-7126505973374671016
5976189523203265702
-6534538685470753974
2791107648063999770
-7695069140937972766
-5165903266519240114
-8306134917277201746
-2424230158889238716
5239597622520457350
8342812272272914170
3946289589491638844
5549169841951495760
2967824096719557552
563854600797617278
2899259123006596350
6958311095257597240
4176811465744602542
-3996678731763860284
2532528276106870000
1861480366350589734
5720043451712962734
1159476373348667204
3932783726687911172
-9024242431951223944
2813579688167730080
3863801347022667050
3592236284007488832
-621517025160290866
-697436389190493384
2583727526883658050
-2549926902727352164
-3591431366971681914
9058935942300223100
-9075607009433014066
167970416914164258
6348686027065926362
-4033765327177120432
-5509728887658075256
6614993023805466300
1698896224480649544
6487173785508783514
2031199482034113510
-6294161705251211366
3631840654816039484
1373692480854732484
4024243411259469750
4090972299577486384
3140494208739354598
-6616338771441389006
2363136311349467052
3552777883890632854
-8789749120176747266
-291026303630585656
3128745965629398422
1639659895377443850
-7098327865280007372
-2068894671518049366
-1748354769764827994
5996728247608474992
-7374496887447980544
8196261636852865730
2438871975768977854
-1220590842038382726
-8916514544763040616
-3948226300422427116
3022602598653179724
2208538530503221382
3141811988479154510
-7461106065845982384
3568227517631229684
4147879999920133114
2476472327301304848
382103561484129326
-6369087192424676736
4402510442664335384
2042637103372042060
1805951541632420182
8237499697733920510
-4243666759310134284
2435902359825196130
3644686360502128354
2282198492890017724
-2263897820918392752
3549023416846192894
696117127503309364
6536426839981118376
6047961716920912894
4808169672056188152
-7826170821651659874
-877732310103581676
6299462767553140900
7447799231344291820
-1079490241098215536
1809437552204289282
5322479635082867404
4770198882075735708
2832084358607510160
6315482264692003480
3224819111950448634
6005987925014807640
-8024721838158680944
2747331058595168500
-4013244080179464384
7216264736678015452
4955222511032133368
3699131192127575050
2968835441193512072
5786361550994846600
2100083313982741850
-2030996565695889484
3788125365673385868
8989547379021584334
140732257962792376
2852839255059156300
-1991571264705427252
2127522892637838850
3515607338980509234
7260867518389887350
3118238570708859222
4088153364077568500
5785026888085992694
-1496475350780528442
-8160500635319309656
2020567768895724580
5275310377085612000
1929969843633778100
6977106790792050042
1571289312485133430
2620744557034698250
6996710072064147890
-7124849891730628276
7254539548906957230
-9112440155643444636
2821165335242871540
5420625572665990362
1858488816552153500
7543828481201727750
1668490014783841354
4845159529750616650
3219994488319395094
-4075402365785778316
3796460194196369700
1735253856689355072
-2181470936714963266
4957125899795347794
2909407573227061844
3704900742871585934
8199294935396325250
6233963300657921904
2403453421210339542
-7613050712538351976
4245435727380700580
5041139608580271350
3853459002984982692
8143099441723153800
6405396677327368800
6975187120201522222
3070245028785400802
1683847494013151556
-3441294261416225986
7816984702352004872
1403115658368748434
3608132619029981350
-2054326251272067516
1779346591431765750
1635387224509331302
4118740596184777184
-6578637412906308766
-4993956230593362264
1263019287472532354
2557579574163749370
3474226633817409600
-7963888271102580586
1788320331357799750
1894337456322783500
3519053186781921254
-8395799553954913094
-268988887257543642
3036773183089396484
3522041636663283160
2552518387508901704
6044354090363412368
1766566021162770542
-2029537633997425386
2069960304270770154
-7840896932096692896
-1724699304615070026
4701896255087327970
-6072014229479468594
4013326887472900452
8783315517757668910
4163223232855578264
3485621254600772154
5976531402326420950
3366256129965146000
-6395142300799302066
2567622592292970884
4433389397557410382
-8934936726224876304
1582238656967807094
959403240392041044
-650983995855371194
-9179606285528667494
8592766349265636332
1710906716203956714
8577065794476799442
2266627234511073252
5213626609120771604
-6337765321621870416
-6898484824468376116
-1352560107788390426
-7156835284984786116
2192671960691859684
2717487464519282730
-1034551971633367896
9197027765672815420
4165078102099842184
-9162967774830585704
-6918083370590317266
1702492710493975290
6669392452693819282
-4787964120310471466
5047160571544793100
-6504113689099754016
-566362271263773832
4669140480287500474
-5473693789663349616
-4405908410475284036
4158027926030632850
2258871553909736000
4445151826077062100
4975561922328046324
3958041049489213048
6944908867373057900
-2259567391137548044
7273932028969883830
3009705997315437420
-8795627512707986316
6414711442961071234
-4914617910686129766
2251793381381736192
9140004283871910240
3568258120714227460
2838924824248289700
2858144059120998102
-2603975789233912802
923041322692819314
1388820312238900954
2592853400748745750
2493787890495487300
2912796303034768700
-3019588017320752516
2236541679735495860
-2060883242604688812
4058608353367895234
3294978184872430964
-4679611166741164736
3299189213301973464
-419700488037014266
8405334520483219214
2726395905550071000
6687971904541717482
-1814014569453488656
6471917368040071220
3115720738993467500
3810345286430056444
6845197531697385784
-8790729038697449076
1938625280500580980
2337161341798702080
2038076203858039758
-1686946470248366266
6536029381990859100
-8849387808500006056
3995097804446703000
-8671616344008481866
2271588100121785372
3607196082812466144
-1661742424567559636
1867188545986283954
3900068914011530524
2949438453401263676
-5824089336093811036
7343109427532137532
5983360123376053584
5444814751000129960
2729053712433874820
3564312131148586052
2166069550266814570
6378070922888594930
-3946232501545076486
-3388717681931472816
-8869855100577560952
-3469233344933602944
6265671552630593984
5963891640230253184
4615674872494663450
-8944137795027655236
-7503143327440423406
-3133454958862364642
-6371404911231938866
6965978214934986170
3040892185509764600
926344838320261184
2566092053265863304
6742820368711255360
-122879943372431912
-9120557494792384412
6959077522278808850
-6251024159596440814
-4231884206418727266
5591613653412166984
2316267319111022550
5375014572797916930
-3165971033060235786
1688405895034653172
-1657291702604388366
6310139041592079920
-8195390024305851402
7824095551358066330
-8638940678613408242
6746938197691872250
2696346841076855794
4796273414770859294
-6281931618092055136
-4149200943167701332
-6412488937329467536
2594681472581223740
5235571966786632352
5476125453625383634
-636255081035910352
7410770188829641634
-1837575193564822272
2198347656923116220
4965141069551208394
4007750285439058250
-5061682387505288106
3819280377345892184
3124960249255513190
6058316754434373884
6201172507913887114
1843160619030357242
1792889199039788250
1610565560130774170
7772755738961708664
2225602005450704752
-7128713799612974662
4702753097008910944
370787561614210764
-7116014387271865916
-4528769194266991046
-525107054092060456
4905775140968218974
8196694913680179830
5320912694414467164
299775169174177984
6331532295540204610
-7442744280563390262
4551499835744141224
-2464305134678370384
6148618391502143414
8444256658475373290
4798302918643412710
-7188203130095067136
1924556665596145700
-5119796941312564252
7262845857567422500
9010926662764961242
7547493367130427750
8649015777635238082
3779883926322226056
2267122955081121250
4853635877597830570
1862949555790544296
4099300096070973184
2766659293924571654
2482447509000287140
-5244133234624788352
7031791054607801300
2530553688594764770
-3196364656432194116
6768306255204480842
2106198155491908434
4204318114959986062
-1483769656611906876
-4525546383972974376
-2783613301805586684
4780060551730896250
4511135443349616758
3872682770966906600
-8336089508512720316
5111923027500596630
5760377244843267942
4545105419637923452
5517546200908568750
5924394207641375050
1739156738994611116
-1923505718039574606
1747675958660116606
1774253570671207410
-8120886099275093292
1993570769405256910
5798383912069427714
9143766223319761124
6479542209085165500
1967546596308940974
5553766639347948924
1598978385496784406
-860840168981469266
-30817521054890234
6325206862877198434
5091277150962901404
2161920387812957422
6317620503789143250
6202227014509479800
2473791206018919350
-1141802292695039354
1731200566080762452
139931588436507828
4296134293863486018
-6849660185068745744
5034222162623860362
896628404889790946
-6382409520441784802
5943088030928760124
-264263974878255214
-8922334964057496906
2910313676836360394
2364694823168685264
-8717520663054168124
3849032931644711160
3743464914033694850
-3473999530318679066
5171783148982813000
1798577859735366010
1699295552389286590
4495472501544183280
-4653382783667878276
1986227929107639750
-1217565497682676004
1766566021162770542
1893326693807223290
-3980099128382473684
-8999204104402553846
2677201314244685970
6032109781535204350
-8027834354188396302
2652018638247453930
6577809895775726630
6679792169783956300
-2953338732584089866
5677025718174638100
4503209359640843714
4654057346968456114
7152679791366772600
1888423028257454700
-26046255215508516
1606349895937540314
2040956570323114822
7060028166371570852
-1164557436799018824
1366131810887883688
2470264534886010500
-4424713243201841606
-861608257727665646
8831329365291260430
-3058540559071874816
1714924328979293404
4678571188619493814
-2429959764472840616
-4631604007102049686
6226165257508578382
2025270936826727150
-1601582963292846116
-5514609216657044572
4149700053279254370
4592622254850129682
1944068099041931044
4552627467322302550
-8173337951835324256
6912059909746703712
2488112854050686324
-5961884635423888656
3787467398629194462
3711791734515235800
2341221617216017580
6325108616674803664
198448479401232004
2421980508778652010
-7194798549156185522
8269293468349447534
-2451432100481540766
5470684349036424730
1864618243006781990
6160851024535216244
5488623323385719750
3665844007992994100
2920981300855962960
3500017891388441480
5984740902697358802
4668002523211677540
4859252252557907234
-8594251017441668672
1634869893024493580
-3922956317192737596
5577682242349867804
-8857188736503764064
3038627191258898330
3738652966728389600
-3396237067888588926
2127365335307423640
7007490207240616184
9219722407737281972
5924733862078030714
3613286828417601192
-8189239532386691276
3014468560121129984
5095219312932327110
3170069549113199754
2076311517041226542
3408688931330863250
8724141363051241890
5178227769663845534
2498050534451323152
3431858972099507530
-8433613133169858144
-1311919343753295254
8942739390370613100
2768386546756803350
-1176684333650447792
3365144854835380050
7887890726912234614
2504810893701003850
-4654663085761801324
2878646537893269754
2233271892463018330
728060908886676776
4588414673353772822
-3776677038859723514
5120746959446991600
2049274487789380654
4554579150975886494
-7997197649921912266
3010523599940661442
-8042350211983621536
6254768396992575934
-6087940014567917366
5851033912038863020
-4339616983545097816
2451982616838387414
4472321734978004490
-4434432465710849266
2687887671100103434
1952475399274756160
9212625825468547812
-8561381665452467164
3488340826500457576
-3257704037787745232
4003191935413171592
-3338059462521165536
-8041832049826155936
4238297728834610324
2967621858835448364
5010467941501329214
-3283150150260748616
2334208790450372274
282053519734968224
3022496222624484044
-862376321313081246
-5923225710932601296
250668751332953014
6413715617139676174
3132113933510242030
3064440397122222580
848823853050393204
4847204527438726194
7501980871892678462
4056103982428316000
-5113557161882752872
5029113845222660050
2337668587192808452
8298554968533657920
7722497660527541500
1758630280107762250
4269294187944161090
7675782888169057662
5832549017268509250
2913793551403452270
3037598066805743760
2335079354861196174
7911492270470987522
2789948974590024702
3371627403604510554
3470131491012011562
-2289862156292389266
57601071380618204
-8319343436528081946
-3838261631286659516
3511013762485478676
7057704105756905874
-8658258910769410944
7051896464532719254
2073064542891675634
4163760605227792842
-3995352888184384686
2292846012499723100
5243951773728648244
4097418710321767754
8198861555494666450
-7120984994596419116
5796713020426651624
-6540272725414784064
3285973925595200824
5814747412896497906
6723006333681161434
4791057646753026110
7530401984040339142
3355155755640638250
5395883735254798240
2644591341136742270
1890873668828922024
2155071396271705340
1898673880258093800
-4072761429660199794
1790811357092686390
8217946530073726180
6890352232241116100
-6198990512988310982
3993062859982739324
4269559845509948990
-1766079891426045046
-7189852256612540366
7213902207062922074
2467269830340984200
3722566738381893780
2923980117878751320
8603994221148835432
2031199482034113510
3346355901811015884
-4683446326846980904
-7165646902784029676
2306375143862896484
7112860996823889840
-715219005674692136
2561478147618641664
3488588182530797280
4385759703898106682
6668650080723939000
3150349281357916076
-9046830377501969516
1922803488229940134
2591208962159244310
2200770849741052030
2345626216472034280
2306542543408781612
-8845485560194053052
-5616171187894617456
-6610632226341116066
-5178343873036073444
2546561534618129688
6397786472187519814
4914758149602166034
4553378543807622968
-2599003373347525146
2931387072261815874
2131780249732571062
6775064595510399500
2173585112026402750
7999619132172271850
7101570383004259670
2753635048932376140
-3290021986231330056
-9178656116430427846
4850714794355738138
2184975473643185014
5801061642114785044
8392537432986453782
-6481688290046323916
4146534544488967134
3843126880288430798
7520242333227791792
-4325939661894676842
1327522162129190484
-8746558815676832166
2247850014016610740
7933455376810552120
-7451387985608360766
5136902966560287104
290912773135917714
-4770161902452458612
-5043521832326805536
4706880627933029534
2224736324535058626
8503783898101128280
2156344393348641832
5075228928972574750
-7161241738887322184
-6350533428666784912
7474448900528790180
3063818960843407824
7044932027107415890
7747803815329388734
5462729306127886634
-6486290944470371792
3105580671775590126
1999730407228018350
4764465680792832364
2763207213139757090
4747502807875068016
2466565589868803830
5735806458597741540
-1192591199124432816
-597451089490392452
3844044435831355586
-2970095497687027262
6161900384561364690
-4905780930439141054
6028667836177887250
910656901746419254
-8535926345298497966
-3303072039613704066
-2111088180413688674
6485719632439018532
2586462755456412560
3324881374794374010
3487903291385455250
2422274020312559824
6303364773284228634
3241764359132391092
7781503134272235082
-4074742165874287066
-3468552368429492646
2544219892706327600
-8070302241171859956
-1096984964163542652
2675809341997106884
2689765764096211964
-5330649526630487922
2527504324809295462
1663505943669879610
-3419461002503698866
3953807860938269334
-8941717108616358766
-2196678442245968606
5076318287690437044
-1822852738935146462
7769425338540763860
-5587041207897771704
-9104317518761522016
3817446823835996764
3774855891031825600
7586259766246383530
1663112940515126100
-4613649187474267852
-7185454183247732666
1655267490741796750
2038666605749936162
1776661477192070418
2028917734158957250
-6898484824468376116
-4832393630595028696
5336597679800343814
8615233092744442032
2197378940311717800
5854860497883436114
-6120333874385354066
-1146355118128849372
3758832878845692604
4635213811708650484
3262341539007107172
-8105420931624112502
7180495318375553244
-3207405633837556076
1929969843633778100
2970251757670695190
6113072889401330680
-6930389681930200376
4452823654138134310
-3427651264749031756
5028586833990843844
1133654514936612184
-118918868992275522
-3541963770712782816
2371667766269669588
2777997127848644100
-1159249911638308506
6270704493977607880
-2460014986959671416
5612982987877045934
2661712686986636876
7213508508532926250
2446733007749799794
2423022572522647550
-468166997189529604
-342892359130981364
2788790661903881824
-5780307397061338584
3034306625151058600
-8469813692134281516
8442484543593200100
-3547390896098464004
2976124753673200910
7833305026749261024
5400635189485480200
6806293553131544640
4114446072199968582
2554144377547681100
6472280303037717350
2789721726229312406
2271919113775800020
7771090404943193482
3323560189791132592
8116400483340793890
5069631506259702828
-5390343101385321476
7649830568949922500
185611052935455244
1610949213349067592
-3932270150985834856
4775146932662881390
2503208517451668754
3200474117836460500
3537243139267992350
7989838304825885662
-9075127941020431852
-5229879014750509386
-8451725704525210242
5265354640458491280
8022191747395669760
4530922543509353264
7356284740405000750
2064886732729050140
1912018680991782762
796176892311700884
-1763126684892224024
8436284337943612724
8551095114385319650
1722577282300833140
-6639714035521091266
6263264745958348002
8229674248376881300
2010279837134153750
5611194117188629970
1637328311129349762
8540812744902408854
-2291303702676786526
6199317349018050514
5390818973856349880
-4853934526503910486
3001131220619920234
2100155182616281194
8517599832898080600
8140943861522421250
2995424890817472540
4116772090263136854
-1394629680652468094
8235760226903695640
-8205634697175511612
-4063515286775740642
-3426286453592974116
5455981689227947150
-5287444705984091212
9023027461074380490
5355561533668725154
4144680816232619634
1566900472382206990
2997528665771200118
5930850139707153010
6120726496368366974
4027039583948019804
7001328605843668800
2348170156751291040
2757002176142695634
6103342318833450574
2570256338286202704
2777034945409371350
-8688417363434387292
6569364410496897814
-8233256961112827814
-3278338474938437472
-8445690913366744196
4962464069554202002
4159851317802007282
3381173787125813382
-9180081342679776662
4897224903660421134
3990296488449710878
-5839057027559240886
2431893696809140564
2504988982981767934
3602983925815222410
6267869523178515100
1593245126418365030
4172498720369062804
2022235696274944220
7909382839218362502
6555062394816400542
6357634054394603962
3302693852575877312
2337668587192808452
-8987631138024869346
3249085699999532766
8341934175864934022
4246229394511911114
1651876430022869050
3825002283656446074
4319724153722383652
2025270936826727150
1075440920490679454
-5007145288604172862
2271753602427091420
-7710461911359203012
1499178311657875274
1708365881926475772
5289334510053442550
9001161829826700534
2721844182282749524
-280797139424252012
253885885277182884
4249405175885334040
1896215660343150720
-8560384342380520666
2222018641509075500
-6478235427560608266
-7370696080939001176
-5115429325730578246
3931341470834880766
-65778488525163716
6379147910617029552
19327024234554484
-8928637409308640116
6864522283222359462
5275662791169716748
3916821703104461860
3178486860877692512
-6986760444199199174
5279508712966988134
-4510069102857148924
2213466212847742664
-1441865080088596256
2875090163670903640
-6226489658225331056
-6046619172581747816
-7692413543056565016
2647189118172101230
6173452194340218782
8159064042503311392
6994016982814469804
2921381009790971974
4035512598306866234
6719272738992636004
3944286529240124600
4260534440885621250
-5842048967770773956
2014832892392341194
-4710270016412397816
3062576371837236100
-7882887156938666616
3239172078296750050
2553060297902629020
1773291257458254444
-9000649978160912412
5051488857128170896
1935834765004945000
-3428333635447769554
-3452883498770107612
-6160296378336209944
412844145600453434
-9042508173368240006
1694906815178611454
2697849498813873234
-6485715685298770384
5845988226018267110
7312833600897216574
3086798625588686168
8212738236200816994
-6800117009866410116
-3165971033060235786
-2419215493126806516
-8184112008684880886
3134430988212126920
5976480872336144616
-1191833978608774902
4326428085823354252
3760101795847655350
4730233927374321072
-8781907086752261562
2674046874111171648
1933780524215369984
1639141550484210304
-735305000234744336
2316939124873765700
-5601612391066522756
8364347297476825270
-8308167837641415116
-1729136617568131346
-5368212614661479066
-7565972868464815964
330414909647652814
-8119855628091101636
3571277852161441422
-6906887258586992616
-5738819858618018782
-3733048949498941354
3872929695544724984
3978442429641615740
2888939042579655520
1103699858632679446
8499330732431951140
-4087282075178757016
4105778866517513128
1572293769095406322
4309177984341808634
4284190114854337710
-5496911451999232266
7592394400706300290
-3839598269627565846
3365144854835380050
-7489144336048653866
5137818599266265220
2327876464139537060
-5785110966254702076
-7672214919271630016
6212181584449565228
5850360965260022904
-8864010646598016926
-5955348656194986566
364323566493270984
-18092085295567026
2065194889324897850
5078556567623988640
1599469394381758482
2741037898412453732
-7556860631231005556
-9132008253191270344
8242719763521152000
3382735203927717600
-6597499338080667714
1928066616714688552
1754399743582795430
1850117068165876586
5345396404177322000
3203685635756471100
5748414049872435264
2308552048819889250
-7797727164975136482
5772730965094471824
499605392465859356
-7257310602740008384
8344129546863695092
8618381948917719000
-1071879714427396996
3426900141292243064
3039450679081208700
3561760588351416334
3790139261800309600
697754298547777184
2144432160036220782
2352244764570825740
-3968816851475026826
6456687876230158812
1810693750607033754
6299107125233738400
2943026282000681800
-6771896856942531616
-4444146634761816726
-4187962487083878244
-9149164615820355142
7612050235648300442
-6181999818729007366
2733044065681818750
6584425084028981462
9069215165149785492
5739547311983384884
-1312672608397789382
-4396823448866318724
3623376907318942250
-1273469901566102256
2398795204893698100
106326819683896744
3479236729341592822
3364922632830676680
-4248901097636550776
-410308566570996732
3896193380059888600
-6736266482988787396
8447801725168286782
6878947697267884000
3091251709448190950
-8794158166243696262
3460363304464696630
5138734354372729642
-7396197019753151804
6664197150299896970
5831206371989364380
7057704105756905874
4776591721316466660
1706762603283130250
4488021405631919974
4462702019777072500
1811531579512314842
6233963300657921904
6628653939656926842
6923505583756101232
-2102365185512813536
5562496596171877164
3072320108638465892
3290439817864153444
1950260313326291400
-7509061937944033496
2488112854050686324
2155866953373497610
5450159452634103906
1891162136214807330
8351157646070339100
4106183767652147350
4688948300360351984
7307266702655837372
5074407633217351868
4215202726106473684
2537020272467180500
7013270401313644204
1633318634977609294
-7327188760707369856
3838965558692392900
3244590350637748096
4104635971965360020
1900121007991806600
-4776521833834167692
8695119552667379330
-2450001283476121454
-1656549829566332912
2207566447646540184
3722087351788171674
2408464243866912784
-6037751243042792016
118323287263914354
-4052281831442708726
2780499972345037250
5308368034202342234
7173043790682052662
5889142712460373504
-2972886969835649064
5011415133371030384
6319759285799630594
2313246000924268872
-3272838015337687956
2232541410148282308
2686761287494054100
-1017010059742773112
-3445385347338692154
-5555427785535605306
4425196887466208112
4992359539523010384
3569136572956692148
-860072055073942622
6142972031768160918
-7709931401476908044
1264692687891853484
-7062892712518670316
-275287337901886326
-2835660069599827486
-1085576862090163732
-4998981777741720956
8057209502665166300
6888450492373689750
-257962658950290266
1627511247337698184
-6425775338336906652
4526148539948363326
7205637921453106300
1991170872579743750
4403133821301501594
423369297429745924
2659951101353200984
4160441142962446634
-3628620060657847584
7582172075769985940
-7456247831318764962
-5218095086520482756
4991373286938484030
3641040953806141884
3293177109221030908
2044012856710907152
1952623138730362560
4618210312576800940
-8027315649937093214
-1993032726141158186
4165064313131356712
1976816962024721622
4617928545441311542
-3612400864138885492
-4052281831442708726
7078253171593708680
-8093552543621629086
8732316820836421254
6470828654629289104
1902340462891331524
9195610743071096754
8632787713677590344
2175026490265064590
2087628300034412850
3818363586435169364
1789150384327370064
7636262790523028974
5360505239295626952
6578912080845825252
2462167501968005230
-5341742120728123056
3697699966768096160
4009777467860754590
-5703867507074339736
2523204033380286410
2557217811437498972
2874497755158995100
-8989078339970862616
8710074866314128322
-4524901754756225976
1145312838941403396
6689459935775249164
4885006932050525350
-6199576083955854266
1325006103204655856
-2562028774035186016
-3261832608398983516
4191202821697060862
-5721955299038129656
4665162681048239150
3324661149944561462
1749360390370125044
7298525142032154100
1571665927297738052
2420244482846537270
2700301279494434072
6751432525500692012
1205352190412295624
3090834692414335664
4483885912350770354
2107426574303227842
6016794302465177174
1692383825977282592
-5826485061838017866
4310886896504164860
6633458740286400050
-6281349002830582816
5146064802950981694
2348170156751291040
2812219782708717812
5346654252406082070
2098428863721013418
1894193036905933960
-3580599706473679906
-1729876083860750894
5377856797028279172
6195199510222620370
1690128803131859000
3965410653124512004
1899769745533992234
5234643298833829230
-7829327706917877812
4409934586875897044
2653134080678234750
-3117523940012509056
1658271624952496750
-1071118524214902016
8448244936975874030
-8757861146209868366
3687931039148484150
8982584105866511914
-2428527507163185934
-66572477002586714
5398964412370228684
4982833013910007884
3168279161896608760
2397831909796055178
-1663967453688839742
2293012675040194844
-5232978739571752456
231374663703633434
5406686689583782776
-9050671085822728664
6956012194032013022
1676118863448754890
-1553190017123271616
-4082003113971659156
5227218402035225050
-985706825991467384
3558515151807292952
5273740005613802564
8571687703411006300
3930036788152341724
8080761170923759500
7915290309978292934
3638307194871342686
4867690127325529154
4687347848918819722
3313896236498457594
6552131536846512450
-7562221463623063046
5911159071633080694
3361368577356309520
-6024144514133911076
774819867303451044
-4039057578758016796
5374844380628738584
8600849308559345600
7326366453199048500
7151115127897504394
2235233334267433544
3126165578933718734
-8314264764807478506
-4693669503119856352
4022586742709663308
9067345565199072470
-4708993587670748964
7765263843166909170
1804001577261316370
3496814746180731270
2839511725902443722
1466275624753639684
3280181528312574340
-508740915773494266
1962095916837551520
-3510729021729620042
-7971181492546655516
1907223895094643370
-3634023502774571076
7757777364565913850
2164153810791819924
-783133505230514572
-2197402343081463506
6128387287861157410
2208376494403953874
-3793431211821982864
1943037498695031200
6557261183473769210
-9180556381566169616
6992478423771287902
4294271367366085874
-5954754349039769366
-9126761298626416606
7364678256477888164
-2888277712899188786
-8166664047762500294
-5261470632474296186
3085209091019523230
-3450157223550571266
-2691157470372958966
4797645523448265934
-6800117009866410116
3237444755000994862
-1261394007570575496
8510021269594436592
2238341592471369750
4443235419035289520
1690261389117466424
-9042988491864906656
6251587091019298210
3573369557953164984
-7683912323922086112
-6260360911904410822
-7488066934548268084
4372492437738479230
3358926797870183232
6552422600457098384
2911599942913434732
-3137608833860762266
1588304114953025470
6443603408003976044
2984442810439216770
5126229625355479074
2227558393396344890
7586668626179122550
2551825314208812626
-1983531486455508474
-3765275997558895106
4655800394453174274
4750635635697674100
2783004507669333684
2446558033845670850
2968026344940091050
-2968001645733080896
-6104439402025441064
-1281014102800624446
3638198189479649510
-7126505973374671016
1777418214775208434
6659746450301052724
5494398780573110930
1693976964877472730
4348202433667234870
-5096698812534192726
2764741072196859574
2796132737382663470
7801107390327981310
2430500539679156560
6559827135989067550
-2073263303420137676
-7046808867671340416
-1834631485261051766
-7973785291991921866
-8289860546390962082
421749756630611628
1398069360077920294
1875918782814088012
-3685282530090099526
2107739480027389390
4603013328275435920
-1718781513332808534
2002740282915631000
1357733603626787358
-272925610751455832
5706359323346522880
3433212314011862250
3114528820441379416
7325569883541725550
3351831003156367600
6834983314538171590
-1452348494684022616
6290464875191997484
-5848629361761892046
5363656940360202792
8267548964515259892
2786475118595490270
3915701092471472134
-7402700835049495866
-5830676761282260526
320735147648653128
-4437671083469985636
5148051899214033094
-1224371962177698896
7108187387101631714
3726883301830293684
2796906429873491040
3011341369134146384
2591574325339796174
3457414195808110694
2536036944348409094
1575058507980989150
-3822883696180255246
6307290709320210764
2034701899361226134
3678894206780504600
1660494698758288250
3619385283930424190
5652066443509537970
8653076366005018354
1914637826144438850
-7066772468698910606
4935457390437035344
-1489002277790578112
-1688428176685660226
5846324503521119510
4332484242991620634
2684322004180483282
-817787025630923182
-1811067729967566534
3420371713777878332
7002868625098722250
-6097370260197140926
2295013334298508230
71170719929860934
-1958662635731545942
-23660274656664662
2240470162460309560
1711174337217233350
3258001383623348142
-8457757764156394696
3744187106560871040
8218814819833816300
2239978819313783100
5677176482555006868
2334964232266536844
1520291212717417124
6754429991202678800
5339424655691861350
2714838111365116270
7631333530430175720
2657227046924819152
4462152790901747502
-3862974596132872236
-7908021368137148512
2111340400870628942
8829496667963977460
2373381446222399342
4010030919725437490
3015023392393632620
4334483100910368872
3280835595148388162
1952088896663460708
-1673606690408460796
-6784320034897539986
5941054457603414930
4165078102099842184
6744317542915268330
3172954633784976084
6092582742350488850
-298105501617495496
7518211637325187722
-7479444862040756876
689569493341871984
2375434464074514480
1758754975267046384
6600248230403609600
3238524251081090532
6355843692711412592
3345852676245196390
-6228243349176368382
5455662395681620402
3490415052038204004
3313444181292959784
2383874632826019634
-307541211684330134
-8777003391095921382
8564073071013279820
-7194249041607740674
-4269170494519976446
6258732763333895004
1584258542562866702
-8137363152339188476
1574807017528788652
6914729296738074980
5024909915509659494
1814046810824360750
-8682490066907291846
3251715852235841270
-7610914130833037106
4426834480386393530
5630131212205439212
8233586275785698170
-7132576718412277386
3124960249255513190
7280669107799376850
2576402708360900984
846353616337828688
-4270477451846850412
937910470777021146
3815226263346906254
6227575544025343964
-5175234541147756374
3479008880244268354
1998076422406033580
4729086494101207550
6354411675644041570
6070068532017067550
-3898319607115101866
3294374889446641000
-5512779255122173776
-4979499936192510316
-9117693156350343174
5755722674637688130
5515964333847359684
2272746806181911490
5456927219257355274
4539291038575780548
-5047907105537921032
8042676062456038584
1710237801007109374
5458855961861259742
-5850423567418080366
-5789312968419594944
5224745192599612862
4158027926030632850
5127143830861580080
4685068813006407830
6253709085407128800
4238297728834610324
3953055550776472190
7010572532595210980
4232858971410387064
7375480471804588550
7201705044031771350
-4816538410483470596
-4398770597389298146
-3853627435033392424
7364678256477888164
5376277644444795652
9009066082346563220
856235986474576794
6344751888790878304
590741206773454644
4825116492816223784
-2854617771263268442
8696931291463667200
3815226263346906254
-154545428795511132
-8957201512964658942
4697613801658421560
-475975013987842294
-2413483005292176456
1789427132851630650
-6894562118645799064
7399126664331089842
-8138392312984418774
3724964365992497320
3383368069044437458
2288108002719920484
-6643701469694240742
-2921883126840189066
2697287979820849584
2264314946657198890
5801392427279116850
-6776415523981938924
1672827365834689290
-1540516217738484574
-2676298327516898736
-7590065893487009144
3115720738993467500
-8989078339970862616
6496631741650941102
-5339277708096340934
-4794317841483960806
-7260046383235607054
1702892672235615784
-3106434163146435016
5761707640411956884
-1203946516421008766
-1239490218441316326
5463696423287207258
5891178851443403452
-5245372186884687986
4311973790676548904
3414096826919753134
-6407864999799605644
8129741742319761410
-4048315511916430806
-3738423805015971646
-7599157281920110516
-6789399385381784726
3341208398192995512
2021717736295193886
3823290125438600740
2444115491735630424
-5926202657561146366
3387199374754707330
5887797400053727312
3960583485477295560
6229011644007444584
3556893265502032500
3227095318252993110
-6627745670975409036
-6460959904023259766
4178993259474681984
3911594767006607382
-8099746019871599224
1760269959499658684
4025768415785356814
2650160349173905590
5217639604011535710
-4923450564894990976
6359985432563089234
7919511957534722714
-906880977971482816
3123479755154237656
-2674882623106419852
2153162957575912702
1831163595356569852
2471145848929911300
5905735692255784750
3029374478963073500
-7010140726502067616
-7789288453655034394
2704448688127693150
2479618467297814780
-2452147472989256526
8326140290326368224
-8958168659652224056
2739323459980589090
6484992647587322750
2017992092648311654
4461878195475707514
605418643172342676
4083269660070093614
5060081434486404948
-7340254390471102116
4455840301907667400
2368767021865330100
2277054452911037100
4469571659562297600
-620741084722426242
-1791166320119164836
2473261964771922142
-2003260230588039516
6178357865929838394
7297730843800570320
6911297369725997600
-3535856482592471196
-1447856196431061572
8333157023660913992
-3704133858357025016
-8592758736759318826
5684966231831166264
-8676560070569718616
4811655686010008290
1914340364992040886
1627253501183120890
-5076697850871143366
8522952453768267634
5746090038696388060
2392078628363683424
5707350072839796502
-1394629680652468094
-8321882056327978766
-186169855612520752
-1635024814563190766
3860105265899290590
-4352633764467298366
4787231865403859724
4509848897025147550
2283762834722334884
1841321972666841280
3703666146869333260
5884243033917264434
-5352827677384077816
3076265658037125554
7179710673767909970
5154755396967703434
3331023204588003024
5710653502925986342
2366035725253198460
2468854922771024792
6765679377729401250
-8920880109244998092
2154594167710393294
2495740924561978940
-4462913038745799016
-1268942187369645286
5546583237228349100
3440888813636937590
4575932019734511484
7390703715631265484
4305002929401143732
2407426879710998600
-4067478465480179766
-6121510631690409636
1749360390370125044
7157766720947346350
4355808399487817634
1974432209824161934
2746949346776261550
-5094199920338198504
3585706024771547510
-1464323603729735376
-4327894173633320656
-4817172885051897644
-325616037943388886
2110400585743476954
6532373944291731300
1759040092518057272
6421617730411075500
6229338739068475954
2328719398794418630
3935532104972047910
-5099821934523896396
-7176654170402635506
-7851406202608154026
3961336869844838974
4146534544488967134
-8978461668414545064
4356741738152430688
6411724055244762876
4057126634381735530
4573571036374699100
3783546505360078078
8579755788846852610
6332960443936080080
-7618924683050145866
2487581316428261110
2010530747043862174
-4486828987900263286
1675065056223358254
7408761704888501094
2371500682504262764
4942272818805478620
-7398365277270206526
-7809322209131286706
1871192075705996120
6841034803025854750
7142123294040701890
5841157758735400904
1614277079783669340
5104325346851838030
8937190219636053050
8802040422548772270
6161200796317398392
4801433175974288684
1695571228298472844
2380744258368784000
6856181104543930250
-3960848919050247352
-6342409438569304116
2812219782708717812
-6312780293048817142
5487019838084380050
4161154107611026752
-6638574583070598366
4124532607102797694
-6536259114869878396
2296800387885871384
-4724304862740119816
3012159304918513750
3388092738872077700
4631446488465426614
2287184889709252514
3339882350111661244
2298539192825323966
-819325997693506226
1755900027034115820
-443945975097262836
9136713539185067004
-9169625865376754416
3540012326896284432
5945820976300269040
8364347297476825270
2653691933825398620
5706689558844268800
5337225799630133150
-6886152955375293104
3249550537868740730
-6315106111365076604
4198485268328466178
4730233927374321072
3426759269493455594
1648750847162762750
-6211283094484087116
1809947982583269634
8656235589767915290
5733154873649511000
-3100193520045885706
-7477288549186093654
2831303378974048850
7819075625171866192
-8882022459646843652
2770690808444996052
1476395189401820126
1835814286533257100
-2439982876471386262
311059128622836314
1907949797497128840
-6099137830267838372
1757264755885347060
-9047790664946166096
3637962576500129462
4066002751782974494
-8785338563830489586
5923461185629374294
-8644392303270278766
6465538242716375268
2211294508711508740
-4705163767700881396
7880315743198404520
7905586925998865910
2321645857937486822
8992798291593469830
2671589731500298700
-493143698543394516
6314413348707224874
2260190262050546540
-4620704952504748766
-4164977873447787704
1060492714432042484
-8084773693183767882
416082184780206184
3191597967470448254
-2634494963664848846
4152821538188386000
2241453091247069280
-5387885546383164106
-770028888722066066
6750308733111178690
2711434647219809434
4288719795524715194
4099479813090623390
5916925504117535250
3657320880625326530
-1430627468700488646
3035746301565413100
2634589250064953000
-8679031230531580766
745277956691704854
868594287380979704
-7226087225719254216
-2250181811837116866
2061807063148243810
8046521234567661300
4051249025557636364
3618446557916596120
6242398021621006960
4150220178521361100
7039518809857773030
-8486874238560387252
6592517088644088490
3256483352817962250
8516262071707996214
2028765686017143502
-9218973917245435436
-5690590875806632742
5884243033917264434
1879936339776780250
-5565769348317425714
-5039762170040324316
1974581193591656962
-7040703642766612016
3569883891891498064
-8927668005992279644
3852967028870405600
4374480617290054684
1570661771548082360
6118638436687845600
1926896100021752860
2460726472732868454
-1218321871127477132
-8159473130528274142
4719055355347766360
8818506473401218000
-880034840665868266
1970123733436494796
5333457912224925784
8447801725168286782
-2150298456647947646
2121856339744885900
3030606951393702850
2723550410082552250
5937311346705750440
4418105901023057034
2312910481451127000
7457885404235484920
-6345311333215139266
7407556810504450670
1824976425825144970
2975254612092423918
2406044248824373052
-5542644318061051516
4502693810887762226
2479618467297814780
2143798230380648660
4389827141149387742
2353434190087862000
6080808089608237734
-1436621554333840002
-4244321130738104592
-6273190191569584376
6068980715120211068
-1882418288301029066
2606220563192964614
2497695105557047550
2071983064933095020
7187167394470872900
1642512990135690022
7942338042989099750
7925425100890614850
3778732995136619304
-4921558217389826154
4741432347631573924
-5517658721019949212
8280202872980323734
5374067415123877250
2315092010579034610
-2852512213075615986
-6976729357103058866
2490239856414048270
4480579576017404860
8287190554483511022
8331841048470652570
4082646810315776428
1736200647726911940
4798302918643412710
-8269999681027367866
1778657705447750050
3267990222066274320
7016354633230609240
7363478743214022730
-5053543732665829144
-8958652205272592956
-6133861497112938514
-3863642078630919984
5311255413616715274
3488359874276181282
-3560274378894438186
1977856608875675248
6793864320411863500
5392717841364341350
4747182834061398434
-568695340289059076
7560942707817682442
2685447620765454000
4351142135921189684
885081251587002234
2138161729986227976
-50687819295485584
4277535339170360610
2178392493932434850
-9098102514529801316
3106920333963206250
4331528290553608874
3704621405257333730
-5222437450131349772
2310060039342233490
1586153941134223162
3586413973806621634
5771692954103363274
6066264617140689340
4471221552568948100
2167566519998661458
-6887835155185348926
-2135784371885642116
4599641320453461282
-4359138775877314616
3761551097240333100
8112960244937776750
2452161855512583762
5975847658747858164
-908414112987100736
-8633982683217683912
452538863820764014
7829117894289202044
-7270437774156907236
-5072319646411396514
2361209008558139794
-6020001115572794366
2705014613785876172
6867557325279025050
1912018680991782762
5752399709058492490
-7517128901132302156
3614625245964335048
6566795660391221710
1568153487315114830
3621967722261463680
8899800837010013282
3451748131637026494
3826715016868116450
1581355564644194350
5412051482456254350
3886282622691661814
4954270860188842484
-5166525504535481102
-6775850762347132026
-875429553198108032
8021339084318642434
6538223380873868684
5524955905741289710
-1533057711309292534
472004020271852514
-5724365548924272266
4355209123994487070
3239196853561579778
-6244018075302778176
2375434464074514480
-5146603040071384446
3044188982714288864
-4826687345753071804
-7654650937695237072
3349172980766010750
-8480855369691952826
8687422820536747872
1038086503187153924
6014571257984936990
-6946596581345678546
3568025913027454060
701028955673073834
3075226987338273814
2397243971884036464
7734520712641335470
2647374746879335330
-4865328176279708062
4814562145351165130
4454194667723123180
4420559508120685050
6371917939538885216
922215509804043714
-4592465688413793596
3541877156983138608
5959455405938079500
3746113464164795724
7578086037438244300
4129194180624598750
3449936462823250050
3428252016388263922
-470509669331142926
8327017139572459680
2894294100900324850
8334911899734604734
7242290879391736910
7160898487491083594
-8032501820992901604
7503602764729968624
4843115179207166932
-9210447030186204854
8906715929149812592
-4091899972568580916
2414868732903954250
-8183599150605991786
5673282315207911126
-8003953905963730484
2278549534628109714
-4409151971620884906
6398916868355405772
4766196557178950322
4963788674833210934
5694810107623844190
5017142102227193538
-4022514451769686196
4499339683347660342
1877496340012883150
2345626216472034280
-5997490292011685546
-7545596437760360266
4823289424124521350
1667702312596755050
-7659443242519150164
-4719202527218585372
1908095002839504600
4189892982138035992
-1175168820670965136
3818645736266110750
5725867755315972770
8271910741724656182
-9121034820398497116
-5853413484289589066
-5358367817601801282
-2333066602934863616
-5886267451562353616
3081434582158728234
4446475739198169936
5549169841951495760
3199404148619013350
-5162791748441798844
-7360918085189357194
4470824207171607284
2377660069479037942
893328690526163724
9149881851575020270
8118981380060663060
1697299616608646330
4022972905156578100
8772824392463804750
4584490206344370960
2245223981343979532
-5380510799752447116
4489400538875739564
2739323459980589090
6257741627015916956
4745612219772959134
4603206261710157694
-1188804847306494616
3958574985861491100
-2799100238149515316
