0
4
22
70
170
350
644
1092
1740
2640
3850
5434
7462
10010
13160
17000
21624
27132
33630
41230
50050
60214
71852
85100
100100
117000
135954
157122
180670
206770
235600
267344
302192
340340
381990
427350
476634
530062
587860
650260
717500
789824
867482
950730
1039830
1135050
1236664
1344952
1460200
1582700
1712750
1850654
1996722
2151270
2314620
2487100
2669044
2860792
3062690
3275090
3498350
3732834
3978912
4236960
4507360
4790500
5086774
5396582
5720330
6058430
6411300
6779364
7163052
7562800
7979050
8412250
8862854
9331322
9818120
10323720
10848600
11393244
11958142
12543790
13150690
13779350
14430284
15104012
15801060
16521960
17267250
18037474
18833182
19654930
20503280
21378800
22282064
23213652
24174150
25164150
26184250
27235054
28317172
29431220
30577820
31757600
32971194
34219242
35502390
36821290
38176600
39568984
40999112
42467660
43975310
45522750
47110674
48739782
50410780
52124380
53881300
55682264
57528002
59419250
61356750
63341250
65373504
67454272
69584320
71764420
73995350
76277894
78612842
81000990
83443140
85940100
88492684
91101712
93768010
96492410
99275750
102118874
105022632
107987880
111015480
114106300
117261214
120481102
123766850
127119350
130539500
134028204
137586372
141214920
144914770
148686850
152532094
156451442
160445840
164516240
168663600
172888884
177193062
181577110
186042010
190588750
195218324
199931732
204729980
209614080
214585050
219643914
224791702
230029450
235358200
240779000
246292904
251900972
257604270
263403870
269300850
275296294
281391292
287586940
293884340
300284600
306788834
313398162
320113710
326936610
333868000
340909024
348060832
355324580
362701430
370192550
377799114
385522302
393363300
401323300
409403500
417605104
425929322
434377370
442950470
451649850
460476744
469432392
478518040
487734940
497084350
506567534
516185762
525940310
535832460
545863500
556034724
566347432
576802930
587402530
598147550
609039314
620079152
631268400
642608400
654100500
665746054
677546422
689502970
701617070
713890100
726323444
738918492
751676640
764599290
777687850
790943734
804368362
817963160
831729560
845669000
859782924
874072782
888540030
903186130
918012550
933020764
948212252
963588500
979151000
994901250
1010840754
1026971022
1043293570
1059809920
1076521600
1093430144
1110537092
1127843990
1145352390
1163063850
1180979934
1199102212
1217432260
1235971660
1254722000
1273684874
1292861882
1312254630
1331864730
1351693800
1371743464
1392015352
1412511100
1433232350
1454180750
1475357954
1496765622
1518405420
1540279020
1562388100
1584734344
1607319442
1630145090
1653212990
1676524850
1700082384
1723887312
1747941360
1772246260
1796803750
1821615574
1846683482
1872009230
1897594580
1923441300
1949551164
1975925952
2002567450
2029477450
2056657750
2084110154
2111836472
2139838520
2168118120
2196677100
2225517294
2254640542
2284048690
2313743590
2343727100
2374001084
2404567412
2435427960
2466584610
2498039250
2529793774
2561850082
2594210080
2626875680
2659848800
2693131364
2726725302
2760632550
2794855050
2829394750
2864253604
2899433572
2934936620
2970764720
3006919850
3043403994
3080219142
3117367290
3154850440
3192670600
3230829784
3269330012
3308173310
3347361710
3386897250
3426781974
3467017932
3507607180
3548551780
3589853800
3631515314
3673538402
3715925150
3758677650
3801798000
3845288304
3889150672
3933387220
3978000070
4022991350
4068363194
4114117742
4160257140
4206783540
4253699100
4301005984
4348706362
4396802410
4445296310
4494190250
4543486424
4593187032
4643294280
4693810380
4744737550
4796078014
4847834002
4900007750
4952601500
5005617500
5059058004
5112925272
5167221570
5221949170
5277110350
5332707394
5388742592
5445218240
5502136640
5559500100
5617310934
5675571462
5734284010
5793450910
5853074500
5913157124
5973701132
6034708880
6096182730
6158125050
6220538214
6283424602
6346786600
6410626600
6474947000
6539750204
6605038622
6670814670
6737080770
6803839350
6871092844
6938843692
7007094340
7075847240
7145104850
7214869634
7285144062
7355930610
7427231760
7499050000
7571387824
7644247732
7717632230
7791543830
7865985050
7940958414
8016466452
8092511700
8169096700
8246224000
8323896154
8402115722
8480885270
8560207370
8640084600
8720519544
8801514792
8883072940
8965196590
9047888350
9131150834
9214986662
9299398460
9384388860
9469960500
9556116024
9642858082
9730189330
9818112430
9906630050
9995744864
10085459552
10175776800
10266699300
10358229750
10450370854
10543125322
10636495870
10730485220
10825096100
10920331244
11016193392
11112685290
11209809690
11307569350
11405967034
11505005512
11604687560
11705015960
11805993500
11907622974
12009907182
12112848930
12216451030
12320716300
12425647564
12531247652
12637519400
12744465650
12852089250
12960393054
13069379922
13179052720
13289414320
13400467600
13512215444
13624660742
13737806390
13851655290
13966210350
14081474484
14197450612
14314141660
14431550560
14549680250
14668533674
14788113782
14908423530
15029465880
15151243800
15273760264
15397018252
15521020750
15645770750
15771271250
15897525254
16024535772
16152305820
16280838420
16410136600
16540203394
16671041842
16802654990
16935045890
17068217600
17202173184
17336915712
17472448260
17608773910
17745895750
17883816874
18022540382
18162069380
18302406980
18443556300
18585520464
18728302602
18871905850
19016333350
19161588250
19307673704
19454592872
19602348920
19750945020
19900384350
20050670094
20201805442
20353793590
20506637740
20660341100
20814906884
20970338312
21126638610
21283811010
21441858750
21600785074
21760593232
21921286480
22082868080
22245341300
22408709414
22572975702
22738143450
22904215950
23071196500
23239088404
23407894972
23577619520
23748265370
23919835850
24092334294
24265764042
24440128440
24615430840
24791674600
24968863084
25146999662
25326087710
25506130610
25687131750
25869094524
26052022332
26235918580
26420786680
26606630050
26793452114
26981256302
27170046050
27359824800
27550596000
27742363104
27935129572
28128898870
28323674470
28519459850
28716258494
28914073892
29112909540
29312768940
29513655600
29715573034
29918524762
30122514310
30327545210
30533621000
30740745224
30948921432
31158153180
31368444030
31579797550
31792217314
32005706902
32220269900
32435909900
32652630500
32870435304
33089327922
33309311970
33530391070
33752568850
33975848944
34200234992
34425730640
34652339540
34880065350
35108911734
35338882362
35569980910
35802211060
36035576500
36270080924
36505728032
36742521530
36980465130
37219562550
37459817514
37701233752
37943815000
38187565000
38432487500
38678586254
38925865022
39174327570
39423977670
39674819100
39926855644
40180091092
40434529240
40690173890
40947028850
41205097934
41464384962
41724893760
41986628160
42249592000
42513789124
42779223382
43045898630
43313818730
43582987550
43853408964
44125086852
44398025100
44672227600
44947698250
45224440954
45502459622
45781758170
46062340520
46344210600
46627372344
46911829692
47197586590
47484646990
47773014850
48062694134
48353688812
48646002860
48939640260
49234605000
49530901074
49828532482
50127503230
50427817330
50729478800
51032491664
51336859952
51642587700
51949678950
52258137750
52567968154
52879174222
53191760020
53505729620
53821087100
54137836544
54455982042
54775527690
55096477590
55418835850
55742606584
56067793912
56394401960
56722434860
57051896750
57382791774
57715124082
58048897830
58384117180
58720786300
59058909364
59398490552
59739534050
60082044050
60426024750
60771480354
61118415072
61466833120
61816738720
62168136100
62521029494
62875423142
63231321290
63588728190
63947648100
64308085284
64670044012
65033528560
65398543210
65765092250
66133179974
66502810682
66873988680
67246718280
67621003800
67996849564
68374259902
68753239150
69133791650
69515921750
69899633804
70284932172
70671821220
71060305320
71450388850
71842076194
72235371742
72630279890
73026805040
73424951600
73824723984
74226126612
74629163910
75033840310
75440160250
75848128174
76257748532
76669025780
77081964380
77496568800
77912843514
78330793002
78750421750
79171734250
79594735000
80019428504
80445819272
80873911820
81303710670
81735220350
82168445394
82603390342
83040059740
83478458140
83918590100
84360460184
84804072962
85249433010
85696544910
86145413250
86596042624
87048437632
87502602880
87958542980
88416262550
88875766214
89337058602
89800144350
90265028100
90731714500
91200208204
91670513872
92142636170
92616579770
93092349350
93569949594
94049385192
94530660840
95013781240
95498751100
95985575134
96474258062
96964804610
97457219510
97951507500
98447673324
98945721732
99445657480
99947485330
100451210050
100956836414
101464369202
101973813200
102485173200
102998454000
103513660404
104030797222
104549869270
105070881370
105593838350
106118745044
106645606292
107174426940
107705211840
108237965850
108772693834
109309400662
109848091210
110388770360
110931443000
111476114024
112022788332
112571470830
113122166430
113674880050
114229616614
114786381052
115345178300
115906013300
116468891000
117033816354
117600794322
118169829870
118740927970
119314093600
119889331744
120466647392
121046045540
121627531190
122211109350
122796785034
123384563262
123974449060
124566447460
125160563500
125756802224
126355168682
126955667930
127558305030
128163085050
128770013064
129379094152
129990333400
130603735900
131219306750
131837051054
132456973922
133079080470
133703375820
134329865100
134958553444
135589445992
136222547890
136857864290
137495400350
138135161234
138777152112
139421378160
140067844560
140716556500
141367519174
142020737782
142676217530
143333963630
143993981300
144656275764
145320852252
145987716000
146656872250
147328326250
148002083254
148678148522
149356527320
150037224920
150720246600
151405597644
152093283342
152783308990
153475679890
154170401350
154867478684
155566917212
156268722260
156972899160
157679453250
158388389874
159099714382
159813432130
160529548480
161248068800
161968998464
162692342852
163418107350
164146297350
164876918250
165609975454
166345474372
167083420420
167823819020
168566675600
169311995594
170059784442
170810047590
171562790490
172318018600
173075737384
173835952312
174598668860
175363892510
176131628750
176901883074
177674660982
178449967980
179227809580
180008191300
180791118664
181576597202
182364632450
183155229950
183948395250
184744133904
185542451472
186343353520
187146845620
187952933350
188761622294
189572918042
190386826190
191203352340
192022502100
192844281084
193668694912
194495749210
195325449610
196157801750
196992811274
197830483832
198670825080
199513840680
200359536300
201207917614
202058990302
202912760050
203769232550
204628413500
205490308604
206354923572
207222264120
208092335970
208965144850
209840696494
210718996642
211600051040
212483865440
213370445600
214259797284
215151926262
216046838310
216944539210
217845034750
218748330724
219654432932
220563347180
221475079280
222389635050
223307020314
224227240902
225150302650
226076211400
227004973000
227936593304
228871078172
229808433470
230748665070
231691778850
232637780694
233586676492
234538472140
235493173540
236450786600
237411317234
238374771362
239341154910
240310473810
241282734000
242257941424
243236102032
244217221780
245201306630
246188362550
247178395514
248171411502
249167416500
250166416500
251168417500
252173425504
253181446522
254192486570
255206551670
256223647850
257243781144
258266957592
259293183240
260322464140
261354806350
262390215934
263428698962
264470261510
265514909660
266562649500
267613487124
268667428632
269724480130
270784647730
271847937550
272914355714
273983908352
275056601600
276132441600
277211434500
278293586454
279378903622
280467392170
281559058270
282653908100
283751947844
284853183692
285957621840
287065268490
288176129850
289290212134
290407521562
291528064360
292651846760
293778875000
294909155324
296042693982
297179497230
298319571330
299462922550
300609557164
301759481452
302912701700
304069224200
305229055250
306392201154
307558668222
308728462770
309901591120
311078059600
312257874544
313441042292
314627569190
315817461590
317010725850
318207368334
319407395412
320610813460
321817628860
323027848000
324241477274
325458523082
326678991830
327902889930
329130223800
330360999864
331595224552
332832904300
334074045550
335318654750
336566738354
337818302822
339073354620
340331900220
341593946100
342859498744
344128564642
345401150290
346677262190
347956906850
349240090784
350526820512
351817102560
353110943460
354408349750
355709327974
357013884682
358322026430
359633759780
360949091300
362268027564
363590575152
364916740650
366246530650
367579951750
368917010554
370257713672
371602067720
372950079320
374301755100
375657101694
377016125742
378378833890
379745232790
381115329100
382489129484
383866640612
385247869160
386632821810
388021505250
389413926174
390810091282
392210007280
393613680880
395021118800
396432327764
397847314502
399266085750
400688648250
402115008750
403545174004
404979150772
406416945820
407858565920
409304017850
410753308394
412206444342
413663432490
415124279640
416588992600
418057578184
419530043212
421006394510
422486638910
423970783250
425458834374
426950799132
428446684380
429946496980
431450243800
432957931714
434469567602
435985158350
437504710850
439028232000
440555728704
442087207872
443622676420
445162141270
446705609350
448253087594
449804582942
451360102340
452919652740
454483241100
456050874384
457622559562
459198303610
460778113510
462361996250
463949958824
465542008232
467138151480
468738395580
470342747550
471951214414
473563803202
475180520950
476801374700
478426371500
480055518404
481688822472
483326290770
484967930370
486613748350
488263751794
489917947792
491576343440
493238945840
494905762100
496576799334
498252064662
499931565210
501615308110
503303300500
504995549524
506692062332
508392846080
510097907930
511807255050
513520894614
515238833802
516961079800
518687639800
520418521000
522153730604
523893275822
525637163870
527385401970
529137997350
530894957244
532656288892
534421999540
536192096440
537966586850
539745478034
541528777262
543316491810
545108628960
546905196000
548706200224
550511648932
552321549430
554135909030
555954735050
557778034814
559605815652
561438084900
563274849900
565116118000
566961896554
568812192922
570667014470
572526368570
574390262600
576258703944
578131699992
580009258140
581891385790
583778090350
585669379234
587565259862
589465739660
591370826060
593280526500
595194848424
597113799282
599037386530
600965617630
602898500050
604836041264
606778248752
608725130000
610676692500
612632943750
614593891254
616559542522
618529905070
620504986420
622484794100
624469335644
626458618592
628452650490
630451438890
632454991350
634463315434
636476418712
638494308760
640516993160
642544479500
644576775374
646613888382
648655826130
650702596230
652754206300
654810663964
656871976852
658938152600
661009198850
663085123250
665165933454
667251637122
669342241920
671437755520
673538185600
675643539844
677753825942
679869051590
681989224490
684114352350
686244442884
688379503812
690519542860
692664567760
694814586250
696969606074
699129634982
701294680730
703464751080
705639853800
707819996664
710005187452
712195433950
714390743950
716591125250
718796585654
721007132972
723222775020
725443519620
727669374600
729900347794
732136447042
734377680190
736624055090
738875579600
741132261584
743394108912
745661129460
747933331110
750210721750
752493309274
754781101582
757074106580
759372332180
761675786300
763984476864
766298411802
768617599050
770942046550
773271762250
775606754104
777947030072
780292598120
782643466220
784999642350
787361134494
789727950642
792100098790
794477586940
796860423100
799248615284
801642171512
804041099810
806445408210
808855104750
811270197474
813690694432
816116603680
818547933280
820984691300
823426885814
825874524902
828327616650
830786169150
833250190500
835719688804
838194672172
840675148720
843161126570
845652613850
848149618694
850652149242
853160213640
855673820040
858192976600
860717691484
863247972862
865783828910
868325267810
870872297750
873424926924
875983163532
878547015780
881116491880
883691600050
886272348514
888858745502
891450799250
894048518000
896651910000
899260983504
901875746772
904496208070
907122375670
909754257850
912391862894
915035199092
917684274740
920339098140
922999677600
925666021434
928338137962
931016035510
933699722410
936389207000
939084497624
941785602632
944492530380
947205289230
949923887550
952648333714
955378636102
958114803100
960856843100
963604764500
966358575704
969118285122
971883901170
974655432270
977432886850
980216273344
983005600192
985800875840
988602108740
991409307350
994222480134
997041635562
999866782110
1002697928260
1005535082500
1008378253324
1011227449232
1014082678730
1016943950330
1019811272550
1022684653914
1025564102952
1028449628200
1031341238200
1034238941500
1037142746654
1040052662222
1042968696770
1045890858870
1048819157100
1051753600044
1054694196292
1057640954440
1060593883090
1063552990850
1066518286334
1069489778162
1072467474960
1075451385360
1078441518000
1081437881524
1084440484582
1087449335830
1090464443930
1093485817550
1096513465364
1099547396052
1102587618300
1105634140800
1108686972250
1111746121354
1114811596822
1117883407370
1120961561720
1124046068600
1127136936744
1130234174892
1133337791790
1136447796190
1139564196850
1142687002534
1145816222012
1148951864060
1152093937460
1155242451000
1158397413474
1161558833682
1164726720430
1167901082530
1171081928800
1174269268064
1177463109152
1180663460900
1183870332150
1187083731750
1190303668554
1193530151422
1196763189220
1200002790820
1203248965100
1206501720944
1209761067242
1213027012890
1216299566790
1219578737850
1222864534984
1226156967112
1229456043160
1232761772060
1236074162750
1239393224174
1242718965282
1246051395030
1249390522380
1252736356300
1256088905764
1259448179752
1262814187250
1266186937250
1269566438750
1272952700754
1276345732272
1279745542320
1283152139920
1286565534100
1289985733894
1293412748342
1296846586490
1300287257390
1303734770100
1307189133684
1310650357212
1314118449760
1317593420410
1321075278250
1324564032374
1328059691882
1331562265880
1335071763480
1338588193800
1342111565964
1345641889102
1349179172350
1352723424850
1356274655750
1359832874204
1363398089372
1366970310420
1370549546520
1374135806850
1377729100594
1381329436942
1384936825090
1388551274240
1392172793600
1395801392384
1399437079812
1403079865110
1406729757510
1410386766250
1414050900574
1417722169732
1421400582980
1425086149580
1428778878800
1432478779914
1436185862202
1439900134950
1443621607450
1447350289000
1451086188904
1454829316472
1458579681020
1462337291870
1466102158350
1469874289794
1473653695542
1477440384940
1481234367340
1485035652100
1488844248584
1492660166162
1496483414210
1500314002110
1504151939250
1507997235024
1511849898832
1515709940080
1519577368180
1523452192550
1527334422614
1531224067802
1535121137550
1539025641300
1542937588500
1546856988604
1550783851072
1554718185370
1558660000970
1562609307350
1566566113994
1570530430392
1574502266040
1578481630440
1582468533100
1586462983534
1590464991262
1594474565810
1598491716710
1602516453500
1606548785724
1610588722932
1614636274680
1618691450530
1622754260050
1626824712814
1630902818402
1634988586400
1639082026400
1643183148000
1647291960804
1651408474422
1655532698470
1659664642570
1663804316350
1667951729444
1672106891492
1676269812140
1680440501040
1684618967850
1688805222234
1692999273862
1697201132410
1701410807560
1705628309000
1709853646424
1714086829532
1718327868030
1722576771630
1726833550050
1731098213014
1735370770252
1739651231500
1743939606500
1748235905000
1752540136754
1756852311522
1761172439070
1765500529170
1769836591600
1774180636144
1778532672592
1782892710740
1787260760390
1791636831350
1796020933434
1800413076462
1804813270260
1809221524660
1813637849500
1818062254624
1822494749882
1826935345130
1831384050230
1835840875050
1840305829464
1844778923352
1849260166600
1853749569100
1858247140750
1862752891454
1867266831122
1871788969670
1876319317020
1880857883100
1885404677844
1889959711192
1894522993090
1899094533490
1903674342350
1908262429634
1912858805312
1917463479360
1922076461760
1926697762500
1931327391574
1935965358982
1940611674730
1945266348830
1949929391300
1954600812164
1959280621452
1963968829200
1968665445450
1973370480250
1978083943654
1982805845722
1987536196520
1992275006120
1997022284600
2001778042044
2006542288542
2011315034190
2016096289090
2020886063350
2025684367084
2030491210412
2035306603460
2040130556360
2044963079250
2049804182274
2054653875582
2059512169330
2064379073680
2069254598800
2074138754864
2079031552052
2083933000550
2088843110550
2093761892250
2098689355854
2103625511572
2108570369620
2113523940220
2118486233600
2123457259994
2128437029642
2133425552790
2138422839690
2143428900600
2148443745784
2153467385512
2158499830060
2163541089710
2168591174750
2173650095474
2178717862182
2183794485180
2188879974780
2193974341300
2199077595064
2204189746402
2209310805650
2214440783150
2219579689250
2224727534304
2229884328672
2235050082720
2240224806820
2245408511350
2250601206694
2255802903242
2261013611390
2266233341540
2271462104100
2276699909484
2281946768112
2287202690410
2292467686810
2297741767750
2303024943674
2308317225032
2313618622280
2318929145880
2324248806300
2329577614014
2334915579502
2340262713250
2345619025750
2350984527500
2356359229004
2361743140772
2367136273320
2372538637170
2377950242850
2383371100894
2388801221842
2394240616240
2399689294640
2405147267600
2410614545684
2416091139462
2421577059510
2427072316410
2432576920750
2438090883124
2443614214132
2449146924380
2454689024480
2460240525050
2465801436714
2471371770102
2476951535850
2482540744600
2488139407000
2493747533704
2499365135372
2504992222670
2510628806270
2516274896850
2521930505094
2527595641692
2533270317340
2538954542740
2544648328600
2550351685634
2556064624562
2561787156110
2567519291010
2573261040000
2579012413824
2584773423232
2590544078980
2596324391830
2602114372550
2607914031914
2613723380702
2619542429700
2625371189700
2631209671500
2637057885904
2642915843722
2648783555770
2654661032870
2660548285850
2666445325544
2672352162792
2678268808440
2684195273340
2690131568350
2696077704334
2702033692162
2707999542710
2713975266860
2719960875500
2725956379524
2731961789832
2737977117330
2744002372930
2750037567550
2756082712114
2762137817552
2768202894800
2774277954800
2780363008500
2786458066854
2792563140822
2798678241370
2804803379470
2810938566100
2817083812244
2823239128892
2829404527040
2835580017690
2841765611850
2847961320534
2854167154762
2860383125560
2866609243960
2872845521000
2879091967724
2885348595182
2891615414430
2897892436530
2904179672550
2910477133564
2916784830652
2923102774900
2929430977400
2935769449250
2942118201554
2948477245422
2954846591970
2961226252320
2967616237600
2974016558944
2980427227492
2986848254390
2993279650790
2999721427850
3006173596734
3012636168612
3019109154660
3025592566060
3032086414000
3038590709674
3045105464282
3051630689030
3058166395130
3064712593800
3071269296264
3077836513752
3084414257500
3091002538750
3097601368750
3104210758754
3110830720022
3117461263820
3124102401420
3130754144100
3137416503144
3144089489842
3150773115490
3157467391390
3164172328850
3170887939184
3177614233712
3184351223760
3191098920660
3197857335750
3204626480374
3211406365882
3218197003630
3224998404980
3231810581300
3238633543964
3245467304352
3252311873850
3259167263850
3266033485750
3272910550954
3279798470872
3286697256920
3293606920520
3300527473100
3307458926094
3314401290942
3321354579090
3328318801990
3335293971100
3342280097884
3349277193812
3356285270360
3363304339010
3370334411250
3377375498574
3384427612482
3391490764480
3398564966080
3405650228800
3412746564164
3419853983702
3426972498950
3434102121450
3441242862750
3448394734404
3455557747972
3462731915020
3469917247120
3477113755850
3484321452794
3491540349542
3498770457690
3506011788840
3513264354600
3520528166584
3527803236412
3535089575710
3542387196110
3549696109250
3557016326774
3564347860332
3571690721580
3579044922180
3586410473800
3593787388114
3601175676802
3608575351550
3615986424050
3623408906000
3630842809104
3638288145072
3645744925620
3653213162470
3660692867350
3668184051994
3675686728142
3683200907540
3690726601940
3698263823100
3705812582784
3713372892762
3720944764810
3728528210710
3736123242250
3743729871224
3751348109432
3758977968680
3766619460780
3774272597550
3781937390814
3789613852402
3797301994150
3805001827900
3812713365500
3820436618804
3828171599672
3835918319970
3843676791570
3851447026350
3859229036194
3867022832992
3874828428640
3882645835040
3890475064100
3898316127734
3906169037862
3914033806410
3921910445310
3929798966500
3937699381924
3945611703532
3953535943280
3961472113130
3969420225050
3977380291014
3985352323002
3993336333000
4001332333000
4009340335000
4017360351004
4025392393022
4033436473070
4041492603170
4049560795350
4057641061644
4065733414092
4073837864740
4081954425640
4090083108850
4098223926434
4106376890462
4114542013010
4122719306160
4130908782000
4139110452624
4147324330132
4155550426630
4163788754230
4172039325050
4180302151214
4188577244852
4196864618100
4205164283100
4213476252000
4221800536954
4230137150122
4238486103670
4246847409770
4255221080600
4263607128344
4272005565192
4280416403340
4288839654990
4297275332350
4305723447634
4314184013062
4322657040860
4331142543260
4339640532500
4348151020824
4356674020482
4365209543730
4373757602830
4382318210050
4390891377664
4399477117952
4408075443200
4416686365700
4425309897750
4433946051654
4442594839722
4451256274270
4459930367620
4468617132100
4477316580044
4486028723792
4494753575690
4503491148090
4512241453350
4521004503834
4529780311912
4538568889960
4547370250360
4556184405500
4565011367774
4573851149582
4582703763330
4591569221430
4600447536300
4609338720364
4618242786052
4627159745800
4636089612050
4645032397250
4653988113854
4662956774322
4671938391120
4680932976720
4689940543600
4698961104244
4707994671142
4717041256790
4726100873690
4735173534350
4744259251284
4753358037012
4762469904060
4771594864960
4780732932250
4789884118474
4799048436182
4808225897930
4817416516280
4826620303800
4835837273064
4845067436652
4854310807150
4863567397150
4872837219250
4882120286054
4891416610172
4900726204220
4910049080820
4919385252600
4928734732194
4938097532242
4947473665390
4956863144290
4966265981600
4975682189984
4985111782112
4994554770660
5004011168310
5013480987750
5022964241674
5032460942782
5041971103780
5051494737380
5061031856300
5070582473264
5080146601002
5089724252250
5099315439750
5108920176250
5118538474504
5128170347272
5137815807320
5147474867420
5157147540350
5166833838894
5176533775842
5186247363990
5195974616140
5205715545100
5215470163684
5225238484712
5235020521010
5244816285410
5254625790750
5264449049874
5274286075632
5284136880880
5294001478480
5303879881300
5313772102214
5323678154102
5333598049850
5343531802350
5353479424500
5363440929204
5373416329372
5383405637920
5393408867770
5403426031850
5413457143094
5423502214442
5433561258840
5443634289240
5453721318600
5463822359884
5473937426062
5484066530110
5494209685010
5504366903750
5514538199324
5524723584732
5534923072980
5545136677080
5555364410050
5565606284914
5575862314702
5586132512450
5596416891200
5606715464000
5617028243904
5627355243972
5637696477270
5648051956870
5658421695850
5668805707294
5679204004292
5689616599940
5700043507340
5710484739600
5720940309834
5731410231162
5741894516710
5752393179610
5762906233000
5773433690024
5783975563832
5794531867580
5805102614430
5815687817550
5826287490114
5836901645302
5847530296300
5858173456300
5868831138500
5879503356104
5890190122322
5900891450370
5911607353470
5922337844850
5933082937744
5943842645392
5954616981040
5965405957940
5976209589350
5987027888534
5997860868762
6008708543310
6019570925460
6030448028500
6041339865724
6052246450432
6063167795930
6074103915530
6085054822550
6096020530314
6107001052152
6117996401400
6129006591400
6140031635500
6151071547054
6162126339422
6173196025970
6184280620070
6195380135100
6206494584444
6217623981492
6228768339640
6239927672290
6251101992850
6262291314734
6273495651362
6284715016160
6295949422560
6307198884000
6318463413924
6329743025782
6341037733030
6352347549130
6363672487550
6375012561764
6386367785252
6397738171500
6409123734000
6420524486250
6431940441754
6443371614022
6454818016570
6466279662920
6477756566600
6489248741144
6500756200092
6512278956990
6523817025390
6535370418850
6546939150934
6558523235212
6570122685260
6581737514660
6593367737000
6605013365874
6616674414882
6628350897630
6640042827730
6651750218800
6663473084464
6675211438352
6686965294100
6698734665350
6710519565750
6722320008954
6734136008622
6745967578420
6757814732020
6769677483100
6781555845344
6793449832442
6805359458090
6817284735990
6829225679850
6841182303384
6853154620312
6865142644360
6877146389260
6889165868750
6901201096574
6913252086482
6925318852230
6937401407580
6949499766300
6961613942164
6973743948952
6985889800450
6998051510450
7010229092750
7022422561154
7034631929472
7046857211520
7059098421120
7071355572100
7083628678294
7095917753542
7108222811690
7120543866590
7132880932100
7145234022084
7157603150412
7169988330960
7182389577610
7194806904250
7207240324774
7219689853082
7232155503080
7244637288680
7257135223800
7269649322364
7282179598302
7294726065550
7307288738050
7319867629750
7332462754604
7345074126572
7357701759620
7370345667720
7383005864850
7395682364994
7408375182142
7421084330290
7433809823440
7446551675600
7459309900784
7472084513012
7484875526310
7497682954710
7510506812250
7523347112974
7536203870932
7549077100180
7561966814780
7574873028800
7587795756314
7600735011402
7613690808150
7626663160650
7639652083000
7652657589304
7665679693672
7678718410220
7691773753070
7704845736350
7717934374194
7731039680742
7744161670140
7757300356540
7770455754100
7783627876984
7796816739362
7810022355410
7823244739310
7836483905250
7849739867424
7863012640032
7876302237280
7889608673380
7902931962550
7916272119014
7929629157002
7943003090750
7956393934500
7969801702500
7983226409004
7996668068272
8010126694570
8023602302170
8037094905350
8050604518394
8064131155592
8077674831240
8091235559640
8104813355100
8118408231934
8132020204462
8145649287010
8159295493910
8172958839500
8186639338124
8200337004132
8214051851880
8227783895730
8241533150050
8255299629214
8269083347602
8282884319600
8296702559600
8310538082000
8324390901204
8338261031622
8352148487670
8366053283770
8379975434350
8393914953844
8407871856692
8421846157340
8435837870240
8449847009850
8463873590634
8477917627062
8491979133610
8506058124760
8520154615000
8534268618824
8548400150732
8562549225230
8576715856830
8590900060050
8605101849414
8619321239452
8633558244700
8647812879700
8662085159000
8676375097154
8690682708722
8705008008270
8719351010370
8733711729600
8748090180544
8762486377792
8776900335940
8791332069590
8805781593350
8820248921834
8834734069662
8849237051460
8863757881860
8878296575500
8892853147024
8907427611082
8922019982330
8936630275430
8951258505050
8965904685864
8980568832552
8995250959800
9009951082300
9024669214750
9039405371854
9054159568322
9068931818870
9083722138220
9098530541100
9113357042244
9128201656392
9143064398290
9157945282690
9172844324350
9187761538034
9202696938512
9217650540560
9232622358960
9247612408500
9262620703974
9277647260182
9292692091930
9307755214030
9322836641300
9337936388564
9353054470652
9368190902400
9383345698650
9398518874250
9413710444054
9428920422922
9444148825720
9459395667320
9474660962600
9489944726444
9505246973742
9520567719390
9535906978290
9551264765350
9566641095484
9582035983612
9597449444660
9612881493560
9628332145250
9643801414674
9659289316782
9674795866530
9690321078880
9705864968800
9721427551264
9737008841252
9752608853750
9768227603750
9783865106250
9799521376254
9815196428772
9830890278820
9846602941420
9862334431600
9878084764394
9893853954842
9909642017990
9925448968890
9941274822600
9957119594184
9972983298712
9988865951260
10004767566910
10020688160750
10036627747874
10052586343382
10068563962380
10084560619980
10100576331300
10116611111464
10132664975602
10148737938850
10164830016350
10180941223250
10197071574704
10213221085872
10229389771920
10245577648020
10261784729350
10278011031094
10294256568442
10310521356590
10326805410740
10343108746100
10359431377884
10375773321312
10392134591610
10408515204010
10424915173750
10441334516074
10457773246232
10474231379480
10490708931080
10507205916300
10523722350414
10540258248702
10556813626450
10573388498950
10589982881500
10606596789404
10623230237972
10639883242520
10656555818370
10673247980850
10689959745294
10706691127042
10723442141440
10740212803840
10757003129600
10773813134084
10790642832662
10807492240710
10824361373610
10841250246750
10858158875524
10875087275332
10892035461580
10909003449680
10925991255050
10942998893114
10960026379302
10977073729050
10994140957800
11011228081000
11028335114104
11045462072572
11062608971870
11079775827470
11096962654850
11114169469494
11131396286892
11148643122540
11165909991940
11183196910600
11200503894034
11217830957762
11235178117310
11252545388210
11269932786000
11287340326224
11304768024432
11322215896180
11339683957030
11357172222550
11374680708314
11392209429902
11409758402900
11427327642900
11444917165500
11462526986304
11480157120922
11497807584970
11515478394070
11533169563850
11550881109944
11568613047992
11586365393640
11604138162540
11621931370350
11639745032734
11657579165362
11675433783910
11693308904060
11711204541500
11729120711924
11747057431032
11765014714530
11782992578130
11800991037550
11819010108514
11837049806752
11855110148000
11873191148000
11891292822500
11909415187254
11927558258022
11945722050570
11963906580670
11982111864100
12000337916644
12018584754092
12036852392240
12055140846890
12073450133850
12091780268934
12110131267962
12128503146760
12146895921160
12165309607000
12183744220124
12202199776382
12220676291630
12239173781730
12257692262550
12276231749964
12294792259852
12313373808100
12331976410600
12350600083250
12369244841954
12387910702622
12406597681170
12425305793520
12444035055600
12462785483344
12481557092692
12500349899590
12519163919990
12537999169850
12556855665134
12575733421812
12594632455860
12613552783260
12632494420000
12651457382074
12670441685482
12689447346230
12708474380330
12727522803800
12746592632664
12765683882952
12784796570700
12803930711950
12823086322750
12842263419154
12861462017222
12880682133020
12899923782620
12919186982100
12938471747544
12957778095042
12977106040690
12996455600590
13015826790850
13035219627584
13054634126912
13074070304960
13093528177860
13113007761750
13132509072774
13152032127082
13171576940830
13191143530180
13210731911300
13230342100364
13249974113552
13269627967050
13289303677050
13309001259750
13328720731354
13348462108072
13368225406120
13388010641720
13407817831100
13427646990494
13447498136142
13467371284290
13487266451190
13507183653100
13527122906284
13547084227012
13567067631560
13587073136210
13607100757250
13627150510974
13647222413682
13667316481680
13687432731280
13707571178800
13727731840564
13747914732902
13768119872150
13788347274650
13808596956750
13828868934804
13849163225172
13869479844220
13889818808320
13910180133850
13930563837194
13950969934742
13971398442890
13991849378040
14012322756600
14032818594984
14053336909612
14073877716910
14094441033310
14115026875250
14135635259174
14156266201532
14176919718780
14197595827380
14218294543800
14239015884514
14259759866002
14280526504750
14301315817250
14322127820000
14342962529504
14363819962272
14384700134820
14405603063670
14426528765350
14447477256394
14468448553342
14489442672740
14510459631140
14531499445100
14552562131184
14573647705962
14594756186010
14615887587910
14637041928250
14658219223624
14679419490632
14700642745880
14721889005980
14743158287550
14764450607214
14785765981602
14807104427350
14828465961100
14849850599500
14871258359204
14892689256872
14914143309170
14935620532770
14957120944350
14978644560594
15000191398192
15021761473840
15043354804240
15064971406100
15086611296134
15108274491062
15129961007610
15151670862510
15173404072500
15195160654324
15216940624732
15238744000480
15260570798330
15282421035050
15304294727414
15326191892202
15348112546200
15370056706200
15392024389000
15414015611404
15436030390222
15458068742270
15480130684370
15502216233350
15524325406044
15546458219292
15568614689940
15590794834840
15612998670850
15635226214834
15657477483662
15679752494210
15702051263360
15724373808000
15746720145024
15769090291332
15791484263830
15813902079430
15836343755050
15858809307614
15881298754052
15903812111300
15926349396300
15948910626000
15971495817354
15994104987322
16016738152870
16039395330970
16062076538600
16084781792744
16107511110392
16130264508540
16153042004190
16175843614350
16198669356034
16221519246262
16244393302060
16267291540460
16290213978500
16313160633224
16336131521682
16359126660930
16382146068030
16405189760050
16428257754064
16451350067152
16474466716400
16497607718900
16520773091750
16543962852054
16567177016922
16590415603470
16613678628820
16636966110100
16660278064444
16683614508992
16706975460890
16730360937290
16753770955350
16777205532234
16800664685112
16824148431160
16847656787560
16871189771500
16894747400174
16918329690782
16941936660530
16965568326630
16989224706300
17012905816764
17036611675252
17060342299000
17084097705250
17107877911250
17131682934254
17155512791522
17179367500320
17203247077920
17227151541600
17251080908644
17275035196342
17299014421990
17323018602890
17347047756350
17371101899684
17395181050212
17419285225260
17443414442160
17467568718250
17491748070874
17515952517382
17540182075130
17564436761480
17588716593800
17613021589464
17637351765852
17661707140350
17686087730350
17710493553250
17734924626454
17759380967372
17783862593420
17808369522020
17832901770600
17857459356594
17882042297442
17906650610590
17931284313490
17955943423600
17980627958384
18005337935312
18030073371860
18054834285510
18079620693750
18104432614074
18129270063982
18154133060980
18179021622580
18203935766300
18228875509664
18253840870202
18278831865450
18303848512950
18328890830250
18353958834904
18379052544472
18404171976520
18429317148620
18454488078350
18479684783294
18504907281042
18530155589190
18555429725340
18580729707100
18606055552084
18631407277912
18656784902210
18682188442610
18707617916750
18733073342274
18758554736832
18784062118080
18809595503680
18835154911300
18860740358614
18886351863302
18911989443050
18937653115550
18963342898500
18989058809604
19014800866572
19040569087120
19066363488970
19092184089850
19118030907494
19143903959642
19169803264040
19195728838440
19221680700600
19247658868284
19273663359262
19299694191310
19325751382210
19351834949750
19377944911724
19404081285932
19430244090180
19456433342280
19482649060050
19508891261314
19535159963902
19561455185650
19587776944400
19614125258000
19640500144304
19666901621172
19693329706470
19719784418070
19746265773850
19772773791694
19799308489492
19825869885140
19852457996540
19879072841600
19905714438234
19932382804362
19959077957910
19985799916810
20012548699000
20039324322424
20066126805032
20092956164780
20119812419630
20146695587550
20173605686514
20200542734502
20227506749500
20254497749500
20281515752500
20308560776504
20335632839522
20362731959570
20389858154670
20417011442850
20444191842144
20471399370592
20498634046240
20525895887140
20553184911350
20580501136934
20607844581962
20635215264510
20662613202660
20690038414500
20717490918124
20744970731632
20772477873130
20800012360730
20827574212550
20855163446714
20882780081352
20910424134600
20938095624600
20965794569500
20993520987454
21021274896622
21049056315170
21076865261270
21104701753100
21132565808844
21160457446692
21188376684840
21216323541490
21244298034850
21272300183134
21300330004562
21328387517360
21356472739760
21384585690000
21412726386324
21440894846982
21469091090230
21497315134330
21525566997550
21553846698164
21582154254452
21610489684700
21638853007200
21667244240250
21695663402154
21724110511222
21752585585770
21781088644120
21809619704600
21838178785544
21866765905292
21895381082190
21924024334590
21952695680850
21981395139334
22010122728412
22038878466460
22067662371860
22096474463000
22125314758274
22154183276082
22183080034830
22212005052930
22240958348800
22269939940864
22298949847552
22327988087300
22357054678550
22386149639750
22415272989354
22444424745822
22473604927620
22502813553220
22532050641100
22561316209744
22590610277642
22619932863290
22649283985190
22678663661850
22708071911784
22737508753512
22766974205560
22796468286460
22825991014750
22855542408974
22885122487682
22914731269430
22944368772780
22974035016300
23003730018564
23033453798152
23063206373650
23092987763650
23122797986750
23152637061554
23182505006672
23212401840720
23242327582320
23272282250100
23302265862694
23332278438742
23362319996890
23392390555790
23422490134100
23452618750484
23482776423612
23512963172160
23543179014810
23573423970250
23603698057174
23634001294282
23664333700280
23694695293880
23725086093800
23755506118764
23785955387502
23816433918750
23846941731250
23877478843750
23908045275004
23938641043772
23969266168820
23999920668920
24030604562850
24061317869394
24092060607342
24122832795490
24153634452640
24184465597600
24215326249184
24246216426212
24277136147510
24308085431910
24339064298250
24370072765374
24401110852132
24432178577380
24463275959980
24494403018800
24525559772714
24556746240602
24587962441350
24619208393850
24650484117000
24681789629704
24713124950872
24744490099420
24775885094270
24807309954350
24838764698594
24870249345942
24901763915340
24933308425740
24964882896100
24996487345384
25028121792562
25059786256610
25091480756510
25123205311250
25154959939824
25186744661232
25218559494480
25250404458580
25282279572550
25314184855414
25346120326202
25378086003950
25410081907700
25442108056500
25474164469404
25506251165472
25538368163770
25570515483370
25602693143350
25634901162794
25667139560792
25699408356440
25731707568840
25764037217100
25796397320334
25828787897662
25861208968210
25893660551110
25926142665500
25958655330524
25991198565332
26023772389080
26056376820930
26089011880050
26121677585614
26154373956802
26187101012800
26219858772800
26252647256000
26285466481604
26318316468822
26351197236870
26384108804970
26417051192350
26450024418244
26483028501892
26516063462540
26549129319440
26582226091850
26615353799034
26648512460262
26681702094810
26714922721960
26748174361000
26781457031224
26814770751932
26848115542430
26881491422030
26914898410050
26948336525814
26981805788652
27015306217900
27048837832900
27082400653000
27115994697554
27149619985922
27183276537470
27216964371570
27250683507600
27284433964944
27318215762992
27352028921140
27385873458790
27419749395350
27453656750234
27487595542862
27521565792660
27555567519060
27589600741500
27623665479424
27657761752282
27691889579530
27726048980630
27760239975050
27794462582264
27828716821752
27863002713000
27897320275500
27931669528750
27966050492254
28000463185522
28034907628070
28069383839420
28103891839100
28138431646644
28173003281592
28207606763490
28242242111890
28276909346350
28311608486434
28346339551712
28381102561760
28415897536160
28450724494500
28485583456374
28520474441382
28555397469130
28590352559230
28625339731300
28660359004964
28695410399852
28730493935600
28765609631850
28800757508250
28835937584454
28871149880122
28906394414920
28941671208520
28976980280600
29012321650844
29047695338942
29083101364590
29118539747490
29154010507350
29189513663884
29225049236812
29260617245860
29296217710760
29331850651250
29367516087074
29403214037982
29438944523730
29474707564080
29510503178800
29546331387664
29582192210452
29618085666950
29654011776950
29689970560250
29725962036654
29761986225972
29798043148020
29834132822620
29870255269600
29906410508794
29942598560042
29978819443190
30015073178090
30051359784600
30087679282584
30124031691912
30160417032460
30196835324110
30233286586750
30269770840274
30306288104582
30342838399580
30379421745180
30416038161300
30452687667864
30489370284802
30526086032050
30562834929550
30599616997250
30636432255104
30673280723072
30710162421120
30747077369220
30784025587350
30821007095494
30858021913642
30895070061790
30932151559940
30969266428100
31006414686284
31043596354512
31080811452810
31118060001210
31155342019750
31192657528474
31230006547432
31267389096680
31304805196280
31342254866300
31379738126814
31417254997902
31454805499650
31492389652150
31530007475500
31567658989804
31605344215172
31643063171720
31680815879570
31718602358850
31756422629694
31794276712242
31832164626640
31870086393040
31908042031600
31946031562484
31984055005862
32022112381910
32060203710810
32098329012750
32136488307924
32174681616532
32212908958780
32251170354880
32289465825050
32327795389514
32366159068502
32404556882250
32442988851000
32481454995000
32519955334504
32558489889772
32597058681070
32635661728670
32674299052850
32712970673894
32751676612092
32790416887740
32829191521140
32868000532600
32906843942434
32945721770962
32984634038510
33023580765410
33062561972000
33101577678624
33140627905632
33179712673380
33218832002230
33257985912550
33297174424714
33336397559102
33375655336100
33414947776100
33454274899500
33493636726704
33533033278122
33572464574170
33611930635270
33651431481850
33690967134344
33730537613192
33770142938840
33809783131740
33849458212350
33889168201134
33928913118562
33968692985110
34008507821260
34048357647500
34088242484324
34128162352232
34168117271730
34208107263330
34248132347550
34288192544914
34328287875952
34368418361200
34408584021200
34448784876500
34489020947654
34529292255222
34569598819770
34609940661870
34650317802100
34690730261044
34731178059292
34771661217440
34812179756090
34852733695850
34893323057334
34933947861162
34974608127960
35015303878360
35056035133000
35096801912524
35137604237582
35178442128830
35219315606930
35260224692550
35301169406364
35342149769052
35383165801300
35424217523800
35465304957250
35506428122354
35547587039822
35588781730370
35630012214720
35671278513600
35712580647744
35753918637892
35795292504790
35836702269190
35878147951850
35919629573534
35961147155012
36002700717060
36044290280460
36085915866000
36127577494474
36169275186682
36211008963430
36252778845530
36294584853800
36336427009064
36378305332152
36420219843900
36462170565150
36504157516750
36546180719554
36588240194422
36630335962220
36672468043820
36714636460100
36756841231944
36799082380242
36841359925890
36883673889790
36926024292850
36968411155984
37010834500112
37053294346160
37095790715060
37138323627750
37180893105174
37223499168282
37266141838030
37308821135380
37351537081300
37394289696764
37437079002752
37479905020250
37522767770250
37565667273750
37608603551754
37651576625272
37694586515320
37737633242920
37780716829100
37823837294894
37866994661342
37910188949490
37953420180390
37996688375100
38039993554684
38083335740212
38126714952760
38170131213410
38213584543250
38257074963374
38300602494882
38344167158880
38387768976480
38431407968800
38475084156964
38518797562102
38562548205350
38606336107850
38650161290750
38694023775204
38737923582372
38781860733420
38825835249520
38869847151850
38913896461594
38957983199942
39002107388090
39046269047240
39090468198600
39134704863384
39178979062812
39223290818110
39267640150510
39312027081250
39356451631574
39400913822732
39445413675980
39489951212580
39534526453800
39579139420914
39623790135202
39668478617950
39713204890450
39757968974000
39802770889904
39847610659472
39892488304020
39937403844870
39982357303350
40027348700794
40072378058542
40117445397940
40162550740340
40207694107100
40252875519584
40298094999162
40343352567210
40388648245110
40433982054250
40479354016024
40524764151832
40570212483080
40615699031180
40661223817550
40706786863614
40752388190802
40798027820550
40843705774300
40889422073500
40935176739604
40980969794072
41026801258370
41072671153970
41118579502350
41164526324994
41210511643392
41256535479040
41302597853440
41348698788100
41394838304534
41441016424262
41487233168810
41533488559710
41579782618500
41626115366724
41672486825932
41718897017680
41765345963530
41811833685050
41858360203814
41904925541402
41951529719400
41998172759400
42044854683000
42091575511804
42138335267422
42185133971470
42231971645570
42278848311350
42325763990444
42372718704492
42419712475140
42466745324040
42513817272850
42560928343234
42608078556862
42655267935410
42702496500560
42749764274000
42797071277424
42844417532532
42891803061030
42939227884630
42986692025050
43034195504014
43081738343252
43129320564500
43176942189500
43224603240000
43272303737754
43320043704522
43367823162070
43415642132170
43463500636600
43511398697144
43559336335592
43607313573740
43655330433390
43703386936350
43751483104434
43799618959462
43847794523260
43896009817660
43944264864500
43992559685624
44040894302882
44089268738130
44137683013230
44186137150050
44234631170464
44283165096352
44331738949600
44380352752100
44429006525750
44477700292454
44526434074122
44575207892670
44624021770020
44672875728100
44721769788844
44770703974192
44819678306090
44868692806490
44917747497350
44966842400634
45015977538312
45065152932360
45114368604760
45163624577500
45212920872574
45262257511982
45311634517730
45361051911830
45410509716300
45460007953164
45509546644452
45559125812200
45608745478450
45658405665250
45708106394654
45757847688722
45807629569520
45857452059120
45907315179600
45957218953044
46007163401542
46057148547190
46107174412090
46157241018350
46207348388084
46257496543412
46307685506460
46357915299360
46408185944250
46458497463274
46508849878582
46559243212330
46609677486680
46660152723800
46710668945864
46761226175052
46811824433550
46862463743550
46913144127250
46963865606854
47014628204572
47065431942620
47116276843220
47167162928600
47218090220994
47269058742642
47320068515790
47371119562690
47422211905600
47473345566784
47524520568512
47575736933060
47626994682710
47678293839750
47729634426474
47781016465182
47832439978180
47883904987780
47935411516300
47986959586064
48038549219402
48090180438650
48141853266150
48193567724250
48245323835304
48297121621672
48348961105720
48400842309820
48452765256350
48504729967694
48556736466242
48608784774390
48660874914540
48713006909100
48765180780484
48817396551112
48869654243410
48921953879810
48974295482750
49026679074674
49079104678032
49131572315280
49184082008880
49236633781300
49289227655014
49341863652502
49394541796250
49447262108750
49500024612500
49552829330004
49605676283772
49658565496320
49711496990170
49764470787850
49817486911894
49870545384842
49923646229240
49976789467640
50029975122600
50083203216684
50136473772462
50189786812510
50243142359410
50296540435750
50349981064124
50403464267132
50456990067380
50510558487480
50564169550050
50617823277714
50671519693102
50725258818850
50779040677600
50832865292000
50886732684704
50940642878372
50994595895670
51048591759270
51102630491850
51156712116094
51210836654692
51265004130340
51319214565740
51373467983600
51427764406634
51482103857562
51536486359110
51590911934010
51645380605000
51699892394824
51754447326232
51809045421980
51863686704830
51918371197550
51973098922914
52027869903702
52082684162700
52137541722700
52192442606500
52247386836904
52302374436722
52357405428770
52412479835870
52467597680850
52522758986544
52577963775792
52633212071440
52688503896340
52743839273350
52799218225334
52854640775162
52910106945710
52965616759860
53021170240500
53076767410524
53132408292832
53188092910330
53243821285930
53299593442550
53355409403114
53411269190552
53467172827800
53523120337800
53579111743500
53635147067854
53691226333822
53747349564370
53803516782470
53859728011100
53915983273244
53972282591892
54028625990040
54085013490690
54141445116850
54197920891534
54254440837762
54311004978560
54367613336960
54424265936000
54480962798724
54537703948182
54594489407430
54651319199530
54708193347550
54765111874564
54822074803652
54879082157900
54936133960400
54993230234250
55050371002554
55107556288422
55164786114970
55222060505320
55279379482600
55336743069944
55394151290492
55451604167390
55509101723790
55566643982850
55624230967734
55681862701612
55739539207660
55797260509060
55855026629000
55912837590674
55970693417282
56028594132030
56086539758130
56144530318800
56202565837264
56260646336752
56318771840500
56376942371750
56435157953750
56493418609754
56551724363022
56610075236820
56668471254420
56726912439100
56785398814144
56843930402842
56902507228490
56961129314390
57019796683850
57078509360184
57137267366712
57196070726760
57254919463660
57313813600750
57372753161374
57431738168882
57490768646630
57549844617980
57608966106300
57668133134964
57727345727352
57786603906850
57845907696850
57905257120750
57964652201954
58024092963872
58083579429920
58143111623520
58202689568100
58262313287094
58321982803942
58381698142090
58441459324990
58501266376100
58561119318884
58621018176812
58680962973360
58740953732010
58800990476250
58861073229574
58921202015482
58981376857480
59041597779080
59101864803800
59162177955164
59222537256702
59282942731950
59343394404450
59403892297750
59464436435404
59525026840972
59585663538020
59646346550120
59707075900850
59767851613794
59828673712542
59889542220690
59950457161840
60011418559600
60072426437584
60133480819412
60194581728710
60255729189110
60316923224250
60378163857774
60439451113332
60500785014580
60562165585180
60623592848800
60685066829114
60746587549802
60808155034550
60869769307050
60931430391000
60993138310104
61054893088072
61116694748620
61178543315470
61240438812350
61302381262994
61364370691142
61426407120540
61488490574940
61550621078100
61612798653784
61675023325762
61737295117810
61799614053710
61861980157250
61924393452224
61986853962432
62049361711680
62111916723780
62174519022550
62237168631814
62299865575402
62362609877150
62425401560900
62488240650500
62551127169804
62614061142672
62677042592970
62740071544570
62803148021350
62866272047194
62929443645992
62992662841640
63055929658040
63119244119100
63182606248734
63246016070862
63309473609410
63372978888310
63436531931500
63500132762924
63563781406532
63627477886280
63691222226130
63755014450050
63818854582014
63882742646002
63946678666000
64010662666000
64074694670000
64138774702004
64202902786022
64267078946070
64331303206170
64395575590350
64459896122644
64524264827092
64588681727740
64653146848640
64717660213850
64782221847434
64846831773462
64911490016010
64976196599160
65040951547000
65105754883624
65170606633132
65235506819630
65300455467230
65365452600050
65430498242214
65495592417852
65560735151100
65625926466100
65691166387000
65756454937954
65821792143122
65887178026670
65952612612770
66018095925600
66083627989344
66149208828192
66214838466340
66280516927990
66346244237350
66412020418634
66477845496062
66543719493860
66609642436260
66675614347500
66741635251824
66807705173482
66873824136730
66939992165830
67006209285050
67072475518664
67138790890952
67205155426200
67271569148700
67338032082750
67404544252654
67471105682722
67537716397270
67604376420620
67671085777100
67737844491044
67804652586792
67871510088690
67938417021090
68005373408350
68072379274834
68139434644912
68206539542960
68273693993360
68340898020500
68408151648774
68475454902582
68542807806330
68610210384430
68677662661300
68745164661364
68812716409052
68880317928800
68947969245050
69015670382250
69083421364854
69151222217322
69219072964120
69286973629720
69354924238600
69422924815244
69490975384142
69559075969790
69627226596690
69695427289350
69763678072284
69831978970012
69900330007060
69968731207960
70037182597250
70105684199474
70174236039182
70242838140930
70311490529280
70380193228800
70448946264064
70517749659652
70586603440150
70655507630150
70724462254250
70793467337054
70862522903172
70931628977220
71000785583820
71069992747600
71139250493194
71208558845242
71277917828390
71347327467290
71416787786600
71486298810984
71555860565112
71625473073660
71695136361310
71764850452750
71834615372674
71904431145782
71974297796780
72044215350380
72114183831300
72184203264264
72254273674002
72324395085250
72394567522750
72464791011250
72535065575504
72605391240272
72675768030320
72746195970420
72816675085350
72887205399894
72957786938842
73028419726990
73099103789140
73169839150100
73240625834684
73311463867712
73382353274010
73453294078410
73524286305750
73595329980874
73666425128632
73737571773880
73808769941480
73880019656300
73951320943214
74022673827102
74094078332850
74165534485350
74237042309500
74308601830204
74380213072372
74451876060920
74523590820770
74595357376850
74667175754094
74739045977442
74810968071840
74882942062240
74954967973600
75027045830884
75099175659062
75171357483110
75243591328010
75315877218750
75388215180324
75460605237732
75533047415980
75605541740080
75678088235050
75750686925914
75823337837702
75896040995450
75968796424200
76041604149000
76114464194904
76187376586972
76260341350270
76333358509870
76406428090850
76479550118294
76552724617292
76625951612940
76699231130340
76772563194600
76845947830834
76919385064162
76992874919710
77066417422610
77140012598000
77213660471024
77287361066832
77361114410580
77434920527430
77508779442550
77582691181114
77656655768302
77730673229300
77804743589300
77878866873500
77953043107104
78027272315322
78101554523370
78175889756470
78250278039850
78324719398744
78399213858392
78473761444040
78548362180940
78623016094350
78697723209534
78772483551762
78847297146310
78922164018460
78997084193500
79072057696724
79147084553432
79222164788930
79297298428530
79372485497550
79447726021314
79523020025152
79598367534400
79673768574400
79749223170500
79824731348054
79900293132422
79975908548970
80051577623070
80127300380100
80203076845444
80278907044492
80354791002640
80430728745290
80506720297850
80582765685734
80658864934362
80735018069160
80811225115560
80887486099000
80963801044924
81040169978782
81116592926030
81193069912130
81269600962550
81346186102764
81422825358252
81499518754500
81576266317000
81653068071250
81729924042754
81806834257022
81883798739570
81960817515920
82037890611600
82115018052144
82192199863092
82269436069990
82346726698390
82424071773850
82501471321934
82578925368212
82656433938260
82733997057660
82811614752000
82889287046874
82967013967882
83044795540630
83122631790730
83200522743800
83278468425464
83356468861352
83434524077100
83512634098350
83590798950750
83669018659954
83747293251622
83825622751420
83904007185020
83982446578100
84060940956344
84139490345442
84218094771090
84296754258990
84375468834850
84454238524384
84533063353312
84611943347360
84690878532260
84769868933750
84848914577574
84928015489482
85007171695230
85086383220580
85165650091300
85244972333164
85324349971952
85403783033450
85483271543450
85562815527750
85642415012154
85722070022472
85801780584520
85881546724120
85961368467100
86041245839294
86121178866542
86201167574690
86281211989590
86361312137100
86441468043084
86521679733412
86601947233960
86682270570610
86762649769250
86843084855774
86923575856082
87004122796080
87084725701680
87165384598800
87246099513364
87326870471302
87407697498550
87488580621050
87569519864750
87650515255604
87731566819572
87812674582620
87893838570720
87975058809850
88056335325994
88137668145142
88219057293290
88300502796440
88382004680600
88463562971784
88545177696012
88626848879310
88708576547710
88790360727250
88872201443974
88954098723932
89036052593180
89118063077780
89200130203800
89282253997314
89364434484402
89446671691150
89528965643650
89611316368000
89693723890304
89776188236672
89858709433220
89941287506070
90023922481350
90106614385194
90189363243742
90272169083140
90355031929540
90437951809100
90520928747984
90603962772362
90687053908410
90770202182310
90853407620250
90936670248424
91019990093032
91103367180280
91186801536380
91270293187550
91353842160014
91437448480002
91521112173750
91604833267500
91688611787500
91772447760004
91856341211272
91940292167570
92024300655170
92108366700350
92192490329394
92276671568592
92360910444240
92445206982640
92529561210100
92613973152934
92698442837462
92782970290010
92867555536910
92952198604500
93036899519124
93121658307132
93206474994880
93291349608730
93376282175050
93461272720214
93546321270602
93631427852600
93716592492600
93801815217000
93887096052204
93972435024622
94057832160670
94143287486770
94228801029350
94314372814844
94400002869692
94485691220340
94571437893240
94657242914850
94743106311634
94829028110062
94915008336610
95001047017760
95087144180000
95173299849824
95259514053732
95345786818230
95432118169830
95518508135050
95604956740414
95691464012452
95778029977700
95864654662700
95951338094000
96038080298154
96124881301722
96211741131270
96298659813370
96385637374600
96472673841544
96559769240792
96646923598940
96734136942590
96821409298350
96908740692834
96996131152662
97083580704460
97171089374860
97258657190500
97346284178024
97433970364082
97521715775330
97609520438430
97697384380050
97785307626864
97873290205552
97961332142800
98049433465300
98137594199750
98225814372854
98314094011322
98402433141870
98490831791220
98579289986100
98667807753244
98756385119392
98845022111290
98933718755690
99022475079350
99111291109034
99200166871512
99289102393560
99378097701960
99467152823500
99556267784974
99645442613182
99734677334930
99823971977030
99913326566300
100002741129564
100092215693652
100181750285400
100271344931650
100360999659250
100450714495054
100540489465922
100630324598720
100720219920320
100810175457600
100900191237444
100990267286742
101080403632390
101170600301290
101260857320350
101351174716484
101441552516612
101531990747660
101622489436560
101713048610250
101803668295674
101894348519782
101985089309530
102075890691880
102166752693800
102257675342264
102348658664252
102439702686750
102530807436750
102621972941250
102713199227254
102804486321772
102895834251820
102987243044420
103078712726600
103170243325394
103261834867842
103353487380990
103445200891890
103536975427600
103628811015184
103720707681712
103812665454260
103904684359910
103996764425750
104088905678874
104181108146382
104273371855380
104365696832980
104458083106300
104550530702464
104643039648602
104735609971850
104828241699350
104920934858250
105013689475704
105106505578872
105199383194920
105292322351020
105385323074350
105478385392094
105571509331442
105664694919590
105757942183740
105851251151100
105944621848884
106038054304312
106131548544610
106225104597010
106318722488750
106412402247074
106506143899232
106599947472480
106693812994080
106787740491300
106881729991414
106975781521702
107069895109450
107164070781950
107258308566500
107352608490404
107446970580972
107541394865520
107635881371370
107730430125850
107825041156294
107919714490042
108014450154440
108109248176840
108204108584600
108299031405084
108394016665662
108489064393710
108584174616610
108679347361750
108774582656524
108869880528332
108965241004580
109060664112680
109156149880050
109251698334114
109347309502302
109442983412050
109538720090800
109634519566000
109730381865104
109826307015572
109922295044870
110018345980470
110114459849850
110210636680494
110306876499892
110403179335540
110499545214940
110595974165600
110692466215034
110789021390762
110885639720310
110982321231210
111079065951000
111175873907224
111272745127432
111369679639180
111466677470030
111563738647550
111660863199314
111758051152902
111855302535900
111952617375900
112049995700500
112147437537304
112244942913922
112342511857970
112440144397070
112537840558850
112635600370944
112733423860992
112831311056640
112929261985540
113027276675350
113125355153734
113223497448362
113321703586910
113419973597060
113518307506500
113616705342924
113715167134032
113813692907530
113912282691130
114010936512550
114109654399514
114208436379752
114307282481000
114406192731000
114505167157500
114604205788254
114703308651022
114802475773570
114901707183670
115001002909100
115100362977644
115199787417092
115299276255240
115398829519890
115498447238850
115598129439934
115697876150962
115797687399760
115897563214160
115997503622000
116097508651124
116197578329382
116297712684630
116397911744730
116498175537550
116598504090964
116698897432852
116799355591100
116899878593600
117000466468250
117101119242954
117201836945622
117302619604170
117403467246520
117504379900600
117605357594344
117706400355692
117807508212590
117908681192990
118009919324850
118111222636134
118212591154812
118314024908860
118415523926260
118517088235000
118618717863074
118720412838482
118822173189230
118923998943330
119025890128800
119127846773664
119229868905952
119331956553700
119434109744950
119536328507750
119638612870154
119740962860222
119843378506020
119945859835620
120048406877100
120151019658544
120253698208042
120356442553690
120459252723590
120562128745850
120665070648584
120768078459912
120871152207960
120974291920860
121077497626750
121180769353774
121284107130082
121387510983830
121490980943180
121594517036300
121698119291364
121801787736552
121905522400050
122009323310050
122113190494750
122217123982354
122321123801072
122425189979120
122529322544720
122633521526100
122737786951494
122842118849142
122946517247290
123050982174190
123155513658100
123260111727284
123364776410012
123469507734560
123574305729210
123679170422250
123784101841974
123889100016682
123994164974680
124099296744280
124204495353800
124309760831564
124415093205902
124520492505150
124625958757650
124731491991750
124837092235804
124942759518172
125048493867220
125154295311320
125260163878850
125366099598194
125472102497742
125578172605890
125684309951040
125790514561600
125896786465984
126003125692612
126109532269910
126216006226310
126322547590250
126429156390174
126535832654532
126642576411780
126749387690380
126856266518800
126963212925514
127070226939002
127177308587750
127284457900250
127391674905000
127498959630504
127606312105272
127713732357820
127821220416670
127928776310350
128036400067394
128144091716342
128251851285740
128359678804140
128467574300100
128575537802184
128683569338962
128791668939010
128899836630910
129008072443250
129116376404624
129224748543632
129333188888880
129441697468980
129550274312550
129658919448214
129767632904602
129876414710350
129985264894100
130094183484500
130203170510204
130312225999872
130421349982170
130530542485770
130639803539350
130749133171594
130858531411192
130967998286840
131077533827240
131187138061100
131296811017134
131406552724062
131516363210610
131626242505510
131736190637500
131846207635324
131956293527732
132066448343480
132176672111330
132286964860050
132397326618414
132507757415202
132618257279200
132728826239200
132839464324000
132950171562404
133060947983222
133171793615270
133282708487370
133393692628350
133504746067044
133615868832292
133727060952940
133838322457840
133949653375850
134061053735834
134172523566662
134284062897210
134395671756360
134507350173000
134619098176024
134730915794332
134842803056830
134954759992430
135066786630050
135178882998614
135291049127052
135403285044300
135515590779300
135627966361000
135740411818354
135852927180322
135965512475870
136078167733970
136190892983600
136303688253744
136416553573392
136529488971540
136642494477190
136755570119350
136868715927034
136981931929262
137095218155060
137208574633460
137322001393500
137435498464224
137549065874682
137662703653930
137776411831030
137890190435050
138004039495064
138117959040152
138231949099400
138346009701900
138460140876750
138574342653054
138688615059922
138802958126470
138917371881820
139031856355100
139146411575444
139261037571992
139375734373890
139490502010290
139605340510350
139720249903234
139835230218112
139950281484160
140065403730560
140180596986500
140295861281174
140411196643782
140526603103530
140642080689630
140757629431300
140873249357764
140988940498252
141104702882000
141220536538250
141336441496250
141452417785254
141568465434522
141684584473320
141800774930920
141917036836600
142033370219644
142149775109342
142266251534990
142382799525890
142499419111350
142616110320684
142732873183212
142849707728260
142966613985160
143083591983250
143200641751874
143317763320382
143434956718130
143552221974480
143669559118800
143786968180464
143904449188852
144022002173350
144139627163350
144257324188250
144375093277454
144492934460372
144610847766420
144728833225020
144846890865600
144965020717594
145083222810442
145201497173590
145319843836490
145438262828600
145556754179384
145675317918312
145793954074860
145912662678510
146031443758750
146150297345074
146269223466982
146388222153980
146507293435580
146626437341300
146745653900664
146864943143202
146984305098450
147103739795950
147223247265250
147342827535904
147462480637472
147582206599520
147702005451620
147821877223350
147941821944294
148061839644042
148181930352190
148302094098340
148422330912100
148542640823084
148663023860912
148783480055210
148904009435610
149024612031750
149145287873274
149266036989832
149386859411080
149507755166680
149628724286300
149749766799614
149870882736302
149992072126050
150113334998550
150234671383500
150356081310604
150477564809572
150599121910120
150720752641970
150842457034850
150964235118494
151086086922642
151208012477040
151330011811440
151452084955600
151574231939284
151696452792262
151818747544310
151941116225210
152063558864750
152186075492724
152308666138932
152431330833180
152554069605280
152676882485050
152799769502314
152922730686902
153045766068650
153168875677400
153292059543000
153415317695304
153538650164172
153662056979470
153785538171070
153909093768850
154032723802694
154156428302492
154280207298140
154404060819540
154527988896600
154651991559234
154776068837362
154900220760910
155024447359810
155148748664000
155273124703424
155397575508032
155522101107780
155646701532630
155771376812550
155896126977514
156020952057502
156145852082500
156270827082500
156395877087500
156521002127504
156646202232522
156771477432570
156896827757670
157022253237850
157147753903144
157273329783592
157398980909240
157524707310140
157650509016350
157776386057934
157902338464962
158028366267510
158154469495660
158280648179500
158406902349124
158533232034632
158659637266130
158786118073730
158912674487550
159039306537714
159166014254352
159292797667600
159419656807600
159546591704500
159673602388454
159800688889622
159927851238170
160055089464270
160182403598100
160309793669844
160437259709692
160564801747840
160692419814490
160820113939850
160947884154134
161075730487562
161203652970360
161331651632760
161459726505000
161587877617324
161716104999982
161844408683230
161972788697330
162101245072550
162229777839164
162358387027452
162487072667700
162615834790200
162744673425250
162873588603154
163002580354222
163131648708770
163260793697120
163390015349600
163519313696544
163648688768292
163778140595190
163907669207590
164037274635850
164166956910334
164296716061412
164426552119460
164556465114860
164686455078000
164816522039274
164946666029082
165076887077830
165207185215930
165337560473800
165468012881864
165598542470552
165729149270300
165859833311550
165990594624750
166121433240354
166252349188822
166383342500620
166514413206220
166645561336100
166776786920744
166908089990642
167039470576290
167170928708190
167302464416850
167434077732784
167565768686512
167697537308560
167829383629460
167961307679750
168093309489974
168225389090682
168357546512430
168489781785780
168622094941300
168754486009564
168886955021152
169019502006650
169152126996650
169284830021750
169417611112554
169550470299672
169683407613720
169816423085320
169949516745100
170082688623694
170215938751742
170349267159890
170482673878790
170616158939100
170749722371484
170883364206612
171017084475160
171150883207810
171284760435250
171418716188174
171552750497282
171686863393280
171821054906880
171955325068800
172089673909764
172224101460502
172358607751750
172493192814250
172627856678750
172762599376004
172897420936772
173032321391820
173167300771920
173302359107850
173437496430394
173572712770342
173708008158490
173843382625640
173978836202600
174114368920184
174249980809212
174385671900510
174521442224910
174657291813250
174793220696374
174929228905132
175065316470380
175201483422980
175337729793800
175474055613714
175610460913602
175746945724350
175883510076850
176020154002000
176156877530704
176293680693872
176430563522420
176567526047270
176704568299350
176841690309594
176978892108942
177116173728340
177253535198740
177390976551100
177528497816384
177666099025562
177803780209610
177941541399510
178079382626250
178217303920824
178355305314232
178493386837480
178631548521580
178769790397550
178908112496414
179046514849202
179184997486950
179323560440700
179462203741500
179600927420404
179739731508472
179878616036770
180017581036370
180156626538350
180295752573794
180434959173792
180574246369440
180713614191840
180853062672100
180992591841334
181132201730662
181271892371210
181411663794110
181551516030500
181691449111524
181831463068332
181971557932080
182111733733930
182251990505050
182392328276614
182532747079802
182673246945800
182813827905800
182954489991000
183095233232604
183236057661822
183376963309870
183517950207970
183659018387350
183800167879244
183941398714892
184082710925540
184224104542440
184365579596850
184507136120034
184648774143262
184790493697810
184932294814960
185074177526000
185216141862224
185358187854932
185500315535430
185642524935030
185784816085050
185927189016814
186069643761652
186212180350900
186354798815900
186497499188000
186640281498554
186783145778922
186926092060470
187069120374570
187212230752600
187355423225944
187498697825992
187642054584140
187785493531790
187929014700350
188072618121234
188216303825862
188360071845660
188503922212060
188647854956500
188791870110424
188935967705282
189080147772530
189224410343630
189368755450050
189513183123264
189657693394752
189802286296000
189946961858500
190091720113750
190236561093254
190381484828522
190526491351070
190671580692420
190816752884100
190962007957644
191107345944592
191252766876490
191398270784890
191543857701350
191689527657434
191835280684712
191981116814760
192127036079160
192273038509500
192419124137374
192565292994382
192711545112130
192857880522230
193004299256300
193150801345964
193297386822852
193444055718600
193590808064850
193737643893250
193884563235454
194031566123122
194178652587920
194325822661520
194473076375600
194620413761844
194767834851942
194915339677590
195062928270490
195210600662350
195358356884884
195506196969812
195654120948860
195802128853760
195950220716250
196098396568074
196246656440982
196395000366730
196543428377080
196691940503800
196840536778664
196989217233452
197137981899950
197286830809950
197435763995250
197584781487654
197733883318972
197883069521020
198032340125620
198181695164600
198331134669794
198480658673042
198630267206190
198779960301090
198929737989600
199079600303584
199229547274912
199379578935460
199529695317110
199679896451750
199830182371274
199980553107582
200131008692580
200281549158180
200432174536300
200582884858864
200733680157802
200884560465050
201035525812550
201186576232250
201337711756104
201488932416072
201640238244120
201791629272220
201943105532350
202094667056494
202246313876642
202398046024790
202549863532940
202701766433100
202853754757284
203005828537512
203157987805810
203310232594210
203462562934750
203614978859474
203767480400432
203920067589680
204072740459280
204225499041300
204378343367814
204531273470902
204684289382650
204837391135150
204990578760500
205143852290804
205297211758172
205450657194720
205604188632570
205757806103850
205911509640694
206065299275242
206219175039640
206373136966040
206527185086600
206681319433484
206835540038862
206989846934910
207144240153810
207298719727750
207453285688924
207607938069532
207762676901780
207917502217880
208072414050050
208227412430514
208382497391502
208537668965250
208692927184000
208848272080000
209003703685504
209159222032772
209314827154070
209470519081670
209626297847850
209782163484894
209938116025092
210094155500740
210250281944140
210406495387600
210562795863434
210719183403962
210875658041510
211032219808410
211188868737000
211345604859624
211502428208632
211659338816380
211816336715230
211973421937550
212130594515714
212287854482102
212445201869100
212602636709100
212760159034500
212917768877704
213075466271122
213233251247170
213391123838270
213549084076850
213707131995344
213865267626192
214023491001840
214181802154740
214340201117350
214498687922134
214657262601562
214815925188110
214974675714260
215133514212500
215292440715324
215451455255232
215610557864730
215769748576330
215929027422550
216088394435914
216247849648952
216407393094200
216567024804200
216726744811500
216886553148654
217046449848222
217206434942770
217366508464870
217526670447100
217686920922044
217847259922292
218007687480440
218168203629090
218328808400850
218489501828334
218650283944162
218811154780960
218972114371360
219133162748000
219294299943524
219455525990582
219616840921830
219778244769930
219939737567550
220101319347364
220262990142052
220424749984300
220586598906800
220748536942250
220910564123354
221072680482822
221234886053370
221397180867720
221559564958600
221722038358744
221884601100892
222047253217790
222209994742190
222372825706850
222535746144534
222698756088012
222861855570060
223025044623460
223188323281000
223351691575474
223515149539682
223678697206430
223842334608530
224006061778800
224169878750064
224333785555152
224497782226900
224661868798150
224826045301750
224990311770554
225154668237422
225319114735220
225483651296820
225648277955100
225812994742944
225977801693242
226142698838890
226307686212790
226472763847850
226637931776984
226803190033112
226968538649160
227133977658060
227299507092750
227465126986174
227630837371282
227796638281030
227962529748380
228128511806300
228294584487764
228460747825752
228627001853250
228793346603250
228959782108750
229126308402754
229292925518272
229459633488320
229626432345920
229793322124100
229960302855894
230127374574342
230294537312490
230461791103390
230629135980100
230796571975684
230964099123212
231131717455760
231299427006410
231467227808250
231635119894374
231803103297882
231971178051880
232139344189480
232307601743800
232475950747964
232644391235102
232812923238350
232981546790850
233150261925750
233319068676204
233487967075372
233656957156420
233826038952520
233995212496850
234164477822594
234333834962942
234503283951090
234672824820240
234842457603600
235012182334384
235181999045812
235351907771110
235521908543510
235692001396250
235862186362574
236032463475732
236202832768980
236373294275580
236543848028800
236714494061914
236885232408202
237056063100950
237226986173450
237398001659000
237569109590904
237740310002472
237911602927020
238082988397870
238254466448350
238426037111794
238597700421542
238769456410940
238941305113340
239113246562100
239285280790584
239457407832162
239629627720210
239801940488110
239974346169250
240146844797024
240319436404832
240492121026080
240664898694180
240837769442550
241010733304614
241183790313802
241356940503550
241530183907300
241703520558500
241876950490604
242050473737072
242224090331370
242397800306970
242571603697350
242745500535994
242919490856392
243093574692040
243267752076440
243442023043100
243616387625534
243790845857262
243965397771810
244140043402710
244314782783500
244489615947724
244664542928932
244839563760680
245014678476530
245189887110050
245365189694814
245540586264402
245716076852400
245891661492400
246067340218000
246243113062804
246418980060422
246594941244470
246770996648570
246947146306350
247123390251444
247299728517492
247476161138140
247652688147040
247829309577850
248006025464234
248182835839862
248359740738410
248536740193560
248713834239000
248891022908424
249068306235532
249245684254030
249423156997630
249600724500050
249778386795014
249956143916252
250133995897500
250311942772500
250489984575000
250668121338754
250846353097522
251024679885070
251203101735170
251381618681600
251560230758144
251738937998592
251917740436740
252096638106390
252275631041350
252454719275434
252633902842462
252813181776260
252992556110660
253172025879500
253351591116624
253531251855882
253711008131130
253890859976230
254070807425050
254250850511464
254430989269352
254611223732600
254791553935100
254971979910750
255152501693454
255333119317122
255513832815670
255694642223020
255875547573100
256056548899844
256237646237192
256418839619090
256600129079490
256781514652350
256962996371634
257144574271312
257326248385360
257508018747760
257689885392500
257871848353574
258053907664982
258236063360730
258418315474830
258600664041300
258783109094164
258965650667452
259148288795200
259331023511450
259513854850250
259696782845654
259879807531722
260062928942520
260246147112120
260429462074600
260612873864044
260796382514542
260979988060190
261163690535090
261347489973350
261531386409084
261715379876412
261899470409460
262083658042360
262267942809250
262452324744274
262636803881582
262821380255330
263006053899680
263190824848800
263375693136864
263560658798052
263745721866550
263930882376550
264116140362250
264301495857854
264486948897572
264672499515620
264858147746220
265043893623600
265229737181994
265415678455642
265601717478790
265787854285690
265974088910600
266160421387784
266346851751512
266533380036060
266720006275710
266906730504750
267093552757474
267280473068182
267467491471180
267654608000780
267841822691300
268029135577064
268216546692402
268404056071650
268591663749150
268779369759250
268967174136304
269155076914672
269343078128720
269531177812820
269719376001350
269907672728694
270096068029242
270284561937390
270473154487540
270661845714100
270850635651484
271039524334112
271228511796410
271417598072810
271606783197750
271796067205674
271985450131032
272174932008280
272364512871880
272554192756300
272743971696014
272933849725502
273123826879250
273313903191750
273504078697500
273694353431004
273884727426772
274075200719320
274265773343170
274456445332850
274647216722894
274838087547842
275029057842240
275220127640640
275411296977600
275602565887684
275793934405462
275985402565510
276176970402410
276368637950750
276560405245124
276752272320132
276944239210380
277136305950480
277328472575050
277520739118714
277713105616102
277905572101850
278098138610600
278290805177000
278483571835704
278676438621372
278869405568670
279062472712270
279255640086850
279448907727094
279642275667692
279835743943340
280029312588740
280222981638600
280416751127634
280610621090562
280804591562110
280998662577010
281192834170000
281387106375824
281581479229232
281775952764980
281970527017830
282165202022550
282359977813914
282554854426702
282749831895700
282944910255700
283140089541500
283335369787904
283530751029722
283726233301770
283921816638870
284117501075850
284313286647544
284509173388792
284705161334440
284901250519340
285097440978350
285293732746334
285490125858162
285686620348710
285883216252860
286079913605500
286276712441524
286473612795832
286670614703330
286867718198930
287064923317550
287262230094114
287459638563552
287657148760800
287854760720800
288052474478500
288250290068854
288448207526822
288646226887370
288844348185470
289042571456100
289240896734244
289439324054892
289637853453040
289836484963690
290035218621850
290234054462534
290432992520762
290632032831560
290831175429960
291030420351000
291229767629724
291429217301182
291628769400430
291828423962530
292028181022550
292228040615564
292428002776652
292628067540900
292828234943400
293028505019250
293228877803554
293429353331422
293629931637970
293830612758320
294031396727600
294232283580944
294433273353492
294634366080390
294835561796790
295036860537850
295238262338734
295439767234612
295641375260660
295843086452060
296044900844000
296246818471674
296448839370282
296650963575030
296853191121130
297055522043800
297257956378264
297460494159752
297663135423500
297865880204750
298068728538750
298271680460754
298474736006022
298677895209820
298881158107420
299084524734100
299287995125144
299491569315842
299695247341490
299899029237390
300102915038850
300306904781184
300510998499712
300715196229760
300919498006660
301123903865750
301328413842374
301533027971882
301737746289630
301942568830980
302147495631300
302352526725964
302557662150352
302762901939850
302968246129850
303173694755750
303379247852954
303584905456872
303790667602920
303996534326520
304202505663100
304408581648094
304614762316942
304821047705090
305027437847990
305233932781100
305440532539884
305647237159812
305854046676360
306060961125010
306267980541250
306475104960574
306682334418482
306889668950480
307097108592080
307304653378800
307512303346164
307720058529702
307927918964950
308135884687450
308343955732750
308552132136404
308760413933972
308968801161020
309177293853120
309385892045850
309594595774794
309803405075542
310012319983690
310221340534840
310430466764600
310639698708584
310849036402412
311058479881710
311268029182110
311477684339250
311687445388774
311897312366332
312107285307580
312317364248180
312527549223800
312737840270114
312948237422802
313158740717550
313369350190050
313580065876000
313790887811104
314001816031072
314212850571620
314423991468470
314635238757350
314846592473994
315058052654142
315269619333540
315481292547940
315693072333100
315904958724784
316116951758762
316329051470810
316541257896710
316753571072250
316965991033224
317178517815432
317391151454680
317603891986780
317816739447550
318029693872814
318242755298402
318455923760150
318669199293900
318882581935500
319096071720804
319309668685672
319523372865970
319737184297570
319951103016350
320165129058194
320379262458992
320593503254640
320807851481040
321022307174100
321236870369734
321451541103862
321666319412410
321881205331310
322096198896500
322311300143924
322526509109532
322741825829280
322957250339130
323172782675050
323388422873014
323604170969002
323820026999000
324035990999000
324252063005000
324468243053004
324684531179022
324900927419070
325117431809170
325334044385350
325550765183644
325767594240092
325984531590740
326201577271640
326418731318850
326635993768434
326853364656462
327070844019010
327288431892160
327506128312000
327723933314624
327941846936132
328159869212630
328378000180230
328596239875050
328814588333214
329033045590852
329251611684100
329470286649100
329689070522000
329907963338954
330126965136122
330346075949670
330565295815770
330784624770600
331004062850344
331223610091192
331443266529340
331663032200990
331882907142350
332102891389634
332322984979062
332543187946860
332763500329260
332983922162500
333204453482824
333425094326482
333645844729730
333866704728830
334087674360050
334308753659664
334529942663952
334751241409200
334972649931700
335194168267750
335415796453654
335637534525722
335859382520270
336081340473620
336303408422100
336525586402044
336747874449792
336970272601690
337192780894090
337415399363350
337638128045834
337860966977912
338083916195960
338306975736360
338530145635500
338753425929774
338976816655582
339200317849330
339423929547430
339647651786300
339871484602364
340095428032052
340319482111800
340543646878050
340767922367250
340992308615854
341216805660322
341441413537120
341666132282720
341890961933600
342115902526244
342340954097142
342566116682790
342791390319690
343016775044350
343242270893284
343467877903012
343693596110060
343919425550960
344145366262250
344371418280474
344597581642182
344823856383930
345050242542280
345276740153800
345503349255064
345730069882652
345956902073150
346183845863150
346410901289250
346638068388054
346865347196172
347092737750220
347320240086820
347547854242600
347775580254194
348003418158242
348231367991390
348459429790290
348687603591600
348915889431984
349144287348112
349372797376660
349601419554310
349830153917750
350059000503674
350287959348782
350517030489780
350746213963380
350975509806300
351204918055264
351434438747002
351664071918250
351893817605750
352123675846250
352353646676504
352583730133272
352813926253320
353044235073420
353274656630350
353505190960894
353735838101842
353966598089990
354197470962140
354428456755100
354659555505684
354890767250712
355122092027010
355353529871410
355585080820750
355816744911874
356048522181632
356280412666880
356512416404480
356744533431300
356976763784214
357209107500102
357441564615850
357674135168350
357906819194500
358139616731204
358372527815372
358605552483920
358838690773770
359071942721850
359305308365094
359538787740442
359772380884840
360006087835240
360239908628600
360473843301884
360707891892062
360942054436110
361176330971010
361410721533750
361645226161324
361879844890732
362114577758980
362349424803080
362584386060050
362819461566914
363054651360702
363289955478450
363525373957200
363760906834000
363996554145904
364232315929972
364468192223270
364704183062870
364940288485850
365176508529294
365412843230292
365649292625940
365885856753340
366122535649600
366359329351834
366596237897162
366833261322710
367070399665610
367307652963000
367545021252024
367782504569832
368020102953580
368257816440430
368495645067550
368733588872114
368971647891302
369209822162300
369448111722300
369686516608500
369925036858104
370163672508322
370402423596370
370641290159470
370880272234850
371119369859744
371358583071392
371597911907040
371837356403940
372076916599350
372316592530534
372556384234762
372796291749310
373036315111460
373276454358500
373516709527724
373757080656432
373997567781930
374238170941530
374478890172550
374719725512314
374960676998152
375201744667400
375442928557400
375684228705500
375925645149054
376167177925422
376408827071970
376650592626070
376892474625100
377134473106444
377376588107492
377618819665640
377861167818290
378103632602850
378346214056734
378588912217362
378831727122160
379074658808560
379317707314000
379560872675924
379804154931782
380047554119030
380291070275130
380534703437550
380778453643764
381022320931252
381266305337500
381510406900000
381754625656250
381998961643754
382243414900022
382487985462570
382732673368920
382977478656600
383222401363144
383467441526092
383712599182990
383957874371390
384203267128850
384448777492934
384694405501212
384940151191260
385186014600660
385431995767000
385678094727874
385924311520882
386170646183630
386417098753730
386663669268800
386910357766464
387157164284352
387404088860100
387651131531350
387898292335750
388145571310954
388392968494622
388640483924420
388888117638020
389135869673100
389383740067344
389631728858442
389879836084090
390128061781990
390376405989850
390624868745384
390873450086312
391122150050360
391370968675260
391619905998750
391868962058574
392118136892482
392367430538230
392616843033580
392866374416300
393116024724164
393365793994952
393615682266450
393865689576450
394115815962750
394366061463154
394616426115472
394866909957520
395117513027120
395368235362100
395619077000294
395870037979542
396121118337690
396372318112590
396623637342100
396875076064084
397126634316412
397378312136960
397630109563610
397882026634250
398134063386774
398386219859082
398638496089080
398890892114680
399143407973800
399396043704364
399648799344302
399901674931550
400154670504050
400407786099750
400661021756604
400914377512572
401167853405620
401421449473720
401675165754850
401929002286994
402182959108142
402437036256290
402691233769440
402945551685600
403199990042784
403454548879012
403709228232310
403964028140710
404218948642250
404473989774974
404729151576932
404984434086180
405239837340780
405495361378800
405751006238314
406006771957402
406262658574150
406518666126650
406774794653000
407031044191304
407287414779672
407543906456220
407800519259070
408057253226350
408314108396194
408571084806742
408828182496140
409085401502540
409342741864100
409600203618984
409857786805362
410115491461410
410373317625310
410631265335250
410889334629424
411147525546032
411405838123280
411664272399380
411922828412550
412181506201014
412440305803002
412699227256750
412958270600500
413217435872500
413476723111004
413736132354272
413995663640570
414255317008170
414515092495350
414774990140394
415035009981592
415295152057240
415555416405640
415815803065100
416076312073934
416336943470462
416597697293010
416858573579910
417119572369500
417380693700124
417641937610132
417903304137880
418164793321730
418426405200050
418688139811214
418949997193602
419211977385600
419474080425600
419736306352000
419998655203204
420261127017622
420523721833670
420786439689770
421049280624350
421312244675844
421575331882692
421838542283340
422101875916240
422365332819850
422628913032634
422892616593062
423156443539610
423420393910760
423684467745000
423948665080824
424212985956732
424477430411230
424741998482830
425006690210050
425271505631414
425536444785452
425801507710700
426066694445700
426332005029000
426597439499154
426862997894722
427128680254270
427394486616370
427660417019600
427926471502544
428192650103792
428458952861940
428725379815590
428991931003350
429258606463834
429525406235662
429792330357460
430059378867860
430326551805500
430593849209024
430861271117082
431128817568330
431396488601430
431664284255050
431932204567864
432200249578552
432468419325800
432736713848300
433005133184750
433273677373854
433542346454322
433811140464870
434080059444220
434349103431100
434618272464244
434887566582392
435156985824290
435426530228690
435696199834350
435965994680034
436235914804512
436505960246560
436776131044960
437046427238500
437316848865974
437587395966182
437858068577930
438128866740030
438399790491300
438670839870564
438942014916652
439213315668400
439484742164650
439756294444250
440027972546054
440299776508922
440571706371720
440843762173320
441115943952600
441388251748444
441660685599742
441933245545390
442205931624290
442478743875350
442751682337484
443024747049612
443297938050660
443571255379560
443844699075250
444118269176674
444391965722782
444665788752530
444939738304880
445213814418800
445488017133264
445762346487252
446036802519750
446311385269750
446586094776250
446860931078254
447135894214772
447410984224820
447686201147420
447961545021600
448237015886394
448512613780842
448788338743990
449064190814890
449340170032600
449616276436184
449892510064712
450168870957260
450445359152910
450721974690750
450998717609874
451275587949382
451552585748380
451829711045980
452106963881300
452384344293464
452661852321602
452939488004850
453217251382350
453495142493250
453773161376704
454051308071872
454329582617920
454607985054020
454886515419350
455165173753094
455443960094442
455722874482590
456001916956740
456281087556100
456560386319884
456839813287312
457119368497610
457399051990010
457678863803750
457958803978074
458238872552232
458519069565480
458799395057080
459079849066300
459360431632414
459641142794702
459921982592450
460202951064950
460484048251500
460765274191404
461046628923972
461328112488520
461609724924370
461891466270850
462173336567294
462455335853042
462737464167440
463019721549840
463302108039600
463584623676084
463867268498662
464150042546710
464432945859610
464715978476750
464999140437524
465282431781332
465565852547580
465849402775680
466133082505050
466416891775114
466700830625302
466984899095050
467269097223800
467553425051000
467837882616104
468122469958572
468407187117870
468692034133470
468977011044850
469262117891494
469547354712892
469832721548540
470118218437940
470403845420600
470689602536034
470975489823762
471261507323310
471547655074210
471833933116000
472120341488224
472406880230432
472693549382180
472980348983030
473267279072550
473554339690314
473841530875902
474128852668900
474416305108900
474703888235500
474991602088304
475279446706922
475567422130970
475855528400070
476143765553850
476432133631944
476720632673992
477009262719640
477298023808540
477586915980350
477875939274734
478165093731362
478454379389910
478743796290060
479033344471500
479323023973924
479612834837032
479902777100530
480192850804130
480483055987550
480773392690514
481063860952752
481354460814000
481645192314000
481936055492500
482227050389254
482518177044022
482809435496570
483100825786670
483392347954100
483684002038644
483975788080092
484267706118240
484559756192890
484851938343850
485144252610934
485436699033962
485729277652760
486021988507160
486314831637000
486607807082124
486900914882382
487194155077630
487487527707730
487781032812550
488074670431964
488368440605852
488662343374100
488956378776600
489250546853250
489544847643954
489839281188622
490133847527170
490428546699520
490723378745600
491018343705344
491313441618692
491608672525590
491904036465990
492199533479850
492495163607134
492790926887812
493086823361860
493382853069260
493679016050000
493975312344074
494271741991482
494568305032230
494865001506330
495161831453800
495458794914664
495755891928952
496053122536700
496350486777950
496647984692750
496945616321154
497243381703222
497541280879020
497839313888620
498137480772100
498435781569544
498734216321042
499032785066690
499331487846590
499630324700850
499929295669584
500228400792912
500527640110960
500827013663860
501126521491750
501426163634774
501725940133082
502025851026830
502325896356180
502626076161300
502926390482364
503226839359552
503527422833050
503828140943050
504128993729750
504429981233354
504731103494072
505032360552120
505333752447720
505635279221100
505936940912494
506238737562142
506540669210290
506842735897190
507144937663100
507447274548284
507749746593012
508052353837560
508355096322210
508657974087250
508960987172974
509264135619682
509567419467680
509870838757280
510174393528800
510478083822564
510781909678902
511085871138150
511389968240650
511694201026750
511998569536804
512303073811172
512607713890220
512912489814320
513217401623850
513522449359194
513827633060742
514132952768890
514438408524040
514744000366600
515049728336984
515355592475612
515661592822910
515967729419310
516274002305250
516580411521174
516886957107532
517193639104780
517500457553380
517807412493800
518114503966514
518421732012002
518729096670750
519036597983250
519344235990000
519652010731504
519959922248272
520267970580820
520576155769670
520884477855350
521192936878394
521501532879342
521810265898740
522119135977140
522428143155100
522737287473184
523046568971962
523355987692010
523665543673910
523975236958250
524285067585624
524595035596632
524905141031880
525215383931980
525525764337550
525836282289214
526146937827602
526457730993350
526768661827100
527079730369500
527390936661204
527702280742872
528013762655170
528325382438770
528637140134350
528949035782594
529261069424192
529573241099840
529885550850240
530197998716100
530510584738134
530823308957062
531136171413610
531449172148510
531762311202500
532075588616324
532389004430732
532702558686480
533016251424330
533330082685050
533644052509414
533958160938202
534272408012200
534586793772200
534901318259000
535215981513404
535530783576222
535845724488270
536160804290370
536476023023350
536791380728044
537106877445292
537422513215940
537738288080840
538054202080850
538370255256834
538686447649662
539002779300210
539319250249360
539635860538000
539952610207024
540269499297332
540586527849830
540903695905430
541221003505050
541538450689614
541856037500052
542173763977300
542491630162300
542809636096000
543127781819354
543446067373322
543764492798870
544083058136970
544401763428600
544720608714744
545039594036392
545358719434540
545677984950190
545997390624350
546316936498034
546636622612262
546956449008060
547276415726460
547596522808500
547916770295224
548237158227682
548557686646930
548878355594030
549199165110050
549520115236064
549841206013152
550162437482400
550483809684900
550805322661750
551126976454054
551448771102922
551770706649470
552092783134820
552415000600100
552737359086444
553059858634992
553382499286890
553705281083290
554028204065350
554351268274234
554674473751112
554997820537160
555321308673560
555644938201500
555968709162174
556292621596782
556616675546530
556940871052630
557265208156300
557589686898764
557914307321252
558239069465000
558563973371250
558889019081250
559214206636254
559539536077522
559865007446320
560190620783920
560516376131600
560842273530644
561168313022342
561494494647990
561820818448890
562147284466350
562473892741684
562800643316212
563127536231260
563454571528160
563781749248250
564109069432874
564436532123382
564764137361130
565091885187480
565419775643800
565747808771464
566075984611852
566404303206350
566732764596350
567061368823250
567390115928454
567719005953372
568048038939420
568377214928020
568706533960600
569035996078594
569365601323442
569695349736590
570025241359490
570355276233600
570685454400384
571015775901312
571346240777860
571676849071510
572007600823750
572338496076074
572669534869982
573000717246980
573332043248580
573663512916300
573995126291664
574326883416202
574658784331450
574990829078950
575323017700250
575655350236904
575987826730472
576320447222520
576653211754620
576986120368350
577319173105294
577652370007042
577985711115190
578319196471340
578652826117100
578986600094084
579320518443912
579654581208210
579988788428610
580323140146750
580657636404274
580992277242832
581327062704080
581661992829680
581997067661300
582332287240614
582667651609302
583003160809050
583338814881550
583674613868500
584010557811604
584346646752572
584682880733120
585019259794970
585355783979850
585692453329494
586029267885642
586366227690040
586703332784440
587040583210600
587377979010284
587715520225262
588053206897310
588391039068210
588729016779750
589067140073724
589405408991932
589743823576180
590082383868280
590421089910050
590759941743314
591098939409902
591438082951650
591777372410400
592116807828000
592456389246304
592796116707172
593135990252470
593476009924070
593816175763850
594156487813694
594496946115492
594837550711140
595178301642540
595519198951600
595860242680234
596201432870362
596542769563910
596884252802810
597225882629000
597567659084424
597909582211032
598251652050780
598593868645630
598936232037550
599278742268514
599621399380502
599964203415500
600307154415500
600650252422500
600993497478504
601336889625522
601680428905570
602024115360670
602367949032850
602711929964144
603056058196592
603400333772240
603744756733140
604089327121350
604434044978934
604778910347962
605123923270510
605469083788660
605814391944500
606159847780124
606505451337632
606851202659130
607197101786730
607543148762550
607889343628714
608235686427352
608582177200600
608928815990600
609275602839500
609622537789454
609969620882622
610316852161170
610664231667270
611011759443100
611359435530844
611707259972692
612055232810840
612403354087490
612751623844850
613100042125134
613448608970562
613797324423360
614146188525760
614495201320000
614844362848324
615193673152982
615543132276230
615892740260330
616242497147550
616592402980164
616942457800452
617292661650700
617643014573200
617993516610250
618344167804154
618694968197222
619045917831770
619397016750120
619748264994600
620099662607544
620451209631292
620802906108190
621154752080590
621506747590850
621858892681334
622211187394412
622563631772460
622916225857860
623268969693000
623621863320274
623974906782082
624328100120830
624681443378930
625034936598800
625388579822864
625742373093552
626096316453300
626450409944550
626804653609750
627159047491354
627513591631822
627868286073620
628223130859220
628578126031100
628933271631744
629288567703642
629644014289290
629999611431190
630355359171850
630711257553784
631067306619512
631423506411560
631779856972460
632136358344750
632493010570974
632849813693682
633206767755430
633563872798780
633921128866300
634278536000564
634636094244152
634993803639650
635351664229650
635709676056750
636067839163554
636426153592672
636784619386720
637143236588320
637502005240100
637860925384694
638219997064742
638579220322890
638938595201790
639298121744100
639657799992484
640017629989612
640377611778160
640737745400810
641098030900250
641458468319174
641819057700282
642179799086280
642540692519880
642901738043800
643262935700764
643624285533502
643985787584750
644347441897250
644709248513750
645071207477004
645433318829772
645795582614820
646157998874920
646520567652850
646883288991394
647246162933342
647609189521490
647972368798640
648335700807600
648699185591184
649062823192212
649426613653510
649790557017910
650154653328250
650518902627374
650883304958132
651247860363380
651612568885980
651977430568800
652342445454714
652707613586602
653072935007350
653438409759850
653804037887000
654169819431704
654535754436872
654901842945420
655268085000270
655634480644350
656001029920594
656367732871942
656734589541340
657101599971740
657468764206100
657836082287384
658203554258562
658571180162610
658938960042510
659306893941250
659674981901824
660043223967232
660411620180480
660780170584580
661148875222550
661517734137414
661886747372202
662255914969950
662625236973700
662994713426500
663364344371404
663734129851472
664104069909770
664474164589370
664844413933350
665214817984794
665585376786792
665956090382440
666326958814840
666697982127100
667069160362334
667440493563662
667811981774210
668183625037110
668555423395500
668927376892524
669299485571332
669671749475080
670044168646930
670416743130050
670789472967614
671162358202802
671535398878800
671908595038800
672281946726000
672655453983604
673029116854822
673402935382870
673776909610970
674151039582350
674525325340244
674899766927892
675274364388540
675649117765440
676024027101850
676399092441034
676774313826262
677149691300810
677525224907960
677900914691000
678276760693224
678652762957932
679028921528430
679405236448030
679781707760050
680158335507814
680535119734652
680912060483900
681289157798900
681666411723000
682043822299554
682421389571922
682799113583470
683176994377570
683555031997600
683933226486944
684311577888992
684690086247140
685068751604790
685447574005350
685826553492234
686205690108862
686584983898660
686964434905060
687344043171500
687723808741424
688103731658282
688483811965530
688864049706630
689244444925050
689624997664264
690005707967752
690386575879000
690767601441500
691148784698750
691530125694254
691911624471522
692293281074070
692675095545420
693057067929100
693439198268644
693821486607592
694203932989490
694586537457890
694969300056350
695352220828434
695735299817712
696118537067760
696501932622160
696885486524500
697269198818374
697653069547382
698037098755130
698421286485230
698805632781300
699190137686964
699574801245852
699959623501600
700344604497850
700729744278250
701115042886454
701500500366122
701886116760920
702271892114520
702657826470600
703043919872844
703430172364942
703816583990590
704203154793490
704589884817350
704976774105884
705363822702812
705751030651860
706138397996760
706525924781250
706913611049074
707301456843982
707689462209730
708077627190080
708465951828800
708854436169664
709243080256452
709631884132950
710020847842950
710409971430250
710799254938654
711188698411972
711578301894020
711968065428620
712357989059600
712748072830794
713138316786042
713528720969190
713919285424090
714310010194600
714700895324584
715091940857912
715483146838460
715874513310110
716266040316750
716657727902274
717049576110582
717441584985580
717833754571180
718226084911300
718618576049864
719011228030802
719404040898050
719797014695550
720190149467250
720583445257104
720976902109072
721370520067120
721764299175220
722158239477350
722552341017494
722946603839642
723341027987790
723735613505940
724130360438100
724525268828284
724920338720512
725315570158810
725710963187210
726106517849750
726502234190474
726898112253432
727294152082680
727690353722280
728086717216300
728483242608814
728879929943902
729276779265650
729673790618150
730070964045500
730468299591804
730865797301172
731263457217720
731661279385570
732059263848850
732457410651694
732855719838242
733254191452640
733652825539040
734051622141600
734450581304484
734849703071862
735248987487910
735648434596810
736048044442750
736447817069924
736847752522532
737247850844780
737648112080880
738048536275050
738449123471514
738849873714502
739250787048250
739651863517000
740053103165000
740454506036504
740856072175772
741257801627070
741659694434670
742061750642850
742463970295894
742866353438092
743268900113740
743671610367140
744074484242600
744477521784434
744880723036962
745284088044510
745687616851410
746091309502000
746495166040624
746899186511632
747303370959380
747707719428230
748112231962550
748516908606714
748921749405102
749326754402100
749731923642100
750137257169500
750542755028704
750948417264122
751354243920170
751760235041270
752166390671850
752572710856344
752979195639192
753385845064840
753792659177740
754199638022350
754606781643134
755014090084562
755421563391110
755829201607260
756237004777500
756644972946324
757053106158232
757461404457730
757869867889330
758278496497550
758687290326914
759096249421952
759505373827200
759914663587200
760324118746500
760733739349654
761143525441222
761553477065770
761963594267870
762373877092100
762784325583044
763194939785292
763605719743440
764016665502090
764427777105850
764839054599334
765250498027162
765662107433960
766073882864360
766485824363000
766897931974524
767310205743582
767722645714830
768135251932930
768548024442550
768960963288364
769374068515052
769787340167300
770200778289800
770614382927250
771028154124354
771442091925822
771856196376370
772270467520720
772684905403600
773099510069744
773514281563892
773929219930790
774344325215190
774759597461850
775175036715534
775590643021012
776006416423060
776422356966460
776838464696000
777254739656474
777671181892682
778087791449430
778504568371530
778921512703800
779338624491064
779755903778152
780173350609900
780590965031150
781008747086750
781426696821554
781844814280422
782263099508220
782681552549820
783100173450100
783518962253944
783937919006242
784357043751890
784776336535790
785195797402850
785615426397984
786035223566112
786455188952160
786875322601060
787295624557750
787716094867174
788136733574282
788557540724030
788978516361380
789399660531300
789820973278764
790242454648752
790664104686250
791085923436250
791507910943750
791930067253754
792352392411272
792774886461320
793197549448920
793620381419100
794043382416894
794466552487342
794889891675490
795313400026390
795737077585100
796160924396684
796584940506212
797009125958760
797433480799410
797858005073250
798282698825374
798707562100882
799132594944880
799557797402480
799983169518800
800408711338964
800834422908102
801260304271350
801686355473850
802112576560750
802538967577204
802965528568372
803392259579420
803819160655520
804246231841850
804673473183594
805100884725942
805528466514090
805956218593240
806384141008600
806812233805384
807240497028812
807668930724110
808097534936510
808526309711250
808955255093574
809384371128732
809813657861980
810243115338580
810672743603800
811102542702914
811532512681202
811962653583950
812392965456450
812823448344000
813254102291904
813684927345472
814115923550020
814547090950870
814978429593350
815409939522794
815841620784542
816273473423940
816705497486340
817137693017100
817570060061584
818002598665162
818435308873210
818868190731110
819301244284250
819734469578024
820167866657832
820601435569080
821035176357180
821469089067550
821903173745614
822337430436802
822771859186550
823206460040300
823641233043500
824076178241604
824511295680072
824946585404370
825382047459970
825817681892350
826253488746994
826689468069392
827125619905040
827561944299440
827998441298100
828435110946534
828871953290262
829308968374810
829746156245710
830183516948500
830621050528724
831058757031932
831496636503680
831934688989530
832372914535050
832811313185814
833249884987402
833688629985400
834127548225400
834566639753000
835005904613804
835445342853422
835884954517470
836324739651570
836764698301350
837204830512444
837645136330492
838085615801140
838526268970040
838967095882850
839408096585234
839849271122862
840290619541410
840732141886560
841173838204000
841615708539424
842057752938532
842499971447030
842942364110630
843384930975050
843827672086014
844270587489252
844713677230500
845156941355500
845600379910000
846043992939754
846487780490522
846931742608070
847375879338170
847820190726600
848264676819144
848709337661592
849154173299740
849599183779390
850044369146350
850489729446434
850935264725462
851380975029260
851826860403660
852272920894500
852719156547624
853165567408882
853612153524130
854058914939230
854505851700050
854952963852464
855400251442352
855847714515600
856295353118100
856743167295750
857191157094454
857639322560122
858087663738670
858536180676020
858984873418100
859433742010844
859882786500192
860332006932090
860781403352490
861230975807350
861680724342634
862130649004312
862580749838360
863031026890760
863481480207500
863932109834574
864382915817982
864833898203730
865285057037830
865736392366300
866187904235164
866639592690452
867091457778200
867543499544450
867995718035250
868448113296654
868900685374722
869353434315520
869806360165120
870259462969600
870712742775044
871166199627542
871619833573190
872073644658090
872527632928350
872981798430084
873436141209412
873890661312460
874345358785360
874800233674250
875255286025274
875710515884582
876165923298330
876621508312680
877077270973800
877533211327864
877989329421052
878445625299550
878902099009550
879358750597250
879815580108854
880272587590572
880729773088620
881187136649220
881644678318600
882102398142994
882560296168642
883018372441790
883476627008690
883935059915600
884393671208784
884852460934512
885311429139060
885770575868710
886229901169750
886689405088474
887149087671182
887608948964180
888068989013780
888529207866300
888989605568064
889450182165402
889910937704650
890371872232150
890832985794250
891294278437304
891755750207672
892217401151720
892679231315820
893141240746350
893603429489694
894065797592242
894528345100390
894991072060540
895453978519100
895917064522484
896380330117112
896843775349410
897307400265810
897771204912750
898235189336674
898699353584032
899163697701280
899628221734880
900092925731300
900557809737014
901022873798502
901488117962250
901953542274750
902419146782500
902884931532004
903350896569772
903817041942320
904283367696170
904749873877850
905216560533894
905683427710842
906150475455240
906617703813640
907085112832600
907552702558684
908020473038462
908488424318510
908956556445410
909424869465750
909893363426124
910362038373132
910830894353380
911299931413480
911769149600050
912238548959714
912708129539102
913177891384850
913647834543600
914117959062000
914588264986704
915058752364372
915529421241670
916000271665270
916471303681850
916942517338094
917413912680692
917885489756340
918357248611740
918829189293600
919301311848634
919773616323562
920246102765110
920718771220010
921191621735000
921664654356824
922137869132232
922611266107980
923084845330830
923558606847550
924032550704914
924506676949702
924980985628700
925455476788700
925930150476500
926405006738904
926880045622722
927355267174770
927830671441870
928306258470850
928782028308544
929257981001792
929734116597440
930210435142340
930686936683350
931163621267334
931640488941162
932117539751710
932594773745860
933072190970500
933549791472524
934027575298832
934505542496330
934983693111930
935462027192550
935940544785114
936419245936552
936898130693800
937377199103800
937856451213500
938335887069854
938815506719822
939295310210370
939775297588470
940255468901100
940735824195244
941216363517892
941697086916040
942177994436690
942659086126850
943140362033534
943621822203762
944103466684560
944585295522960
945067308766000
945549506460724
946031888654182
946514455393430
946997206725530
947480142697550
947963263356564
948446568749652
948930058923900
949413733926400
949897593804250
950381638604554
950865868374422
951350283160970
951834883011320
952319667972600
952804638091944
953289793416492
953775133993390
954260659869790
954746371092850
955232267709734
955718349767612
956204617313660
956691070395060
957177709059000
957664533352674
958151543323282
958638739018030
959126120484130
959613687768800
960101440919264
960589379982752
961077505006500
961565816037750
962054313123750
962542996311754
963031865649022
963520921182820
964010162960420
964499591029100
964989205436144
965479006228842
965968993454490
966459167160390
966949527393850
967440074202184
967930807632712
968421727732760
968912834549660
969404128130750
969895608523374
970387275774882
970879129932630
971371171043980
971863399156300
972355814316964
972848416573352
973341205972850
973834182562850
974327346390750
974820697503954
975314235949872
975807961775920
976301875029520
976795975758100
977290264009094
977784739829942
978279403268090
978774254370990
979269293186100
979764519760884
980259934142812
980755536379360
981251326518010
981747304606250
982243470691574
982739824821482
983236367043480
983733097405080
984230015953800
984727122737164
985224417802702
985721901197950
986219572970450
986717433167750
987215481837404
987713719026972
988212144784020
988710759156120
989209562190850
989708553935794
990207734438542
990707103746690
991206661907840
991706408969600
992206344979584
992706469985412
993206784034710
993707287175110
994207979454250
994708860919774
995209931619332
995711191600580
996212640911180
996714279598800
997216107711114
997718125295802
998220332400550
998722729073050
999225315361000
999728091312104
1000231056974072
1000734212394620
1001237557621470
1001741092702350
1002244817684994
1002748732617142
1003252837546540
1003757132520940
1004261617588100
1004766292795784
1005271158191762
1005776213823810
1006281459739710
1006786895987250
1007292522614224
1007798339668432
1008304347197680
1008810545249780
1009316933872550
1009823513113814
1010330283021402
1010837243643150
1011344395026900
1011851737220500
1012359270271804
1012866994228672
1013374909138970
1013883015050570
1014391312011350
1014899800069194
1015408479271992
1015917349667640
1016426411304040
1016935664229100
1017445108490734
1017954744136862
1018464571215410
1018974589774310
1019484799861500
1019995201524924
1020505794812532
1021016579772280
1021527556452130
1022038724900050
1022550085164014
1023061637292002
1023573381332000
1024085317332000
1024597445340000
1025109765404004
1025622277572022
1026134981892070
1026647878412170
1027160967180350
1027674248244644
1028187721653092
1028701387453740
1029215245694640
1029729296423850
1030243539689434
1030757975539462
1031272604022010
1031787425185160
1032302439077000
1032817645745624
1033333045239132
1033848637605630
1034364422893230
1034880401150050
1035396572424214
1035912936763852
1036429494217100
1036946244832100
1037463188657000
1037980325739954
1038497656129122
1039015179872670
1039532897018770
1040050807615600
1040568911711344
1041087209354192
1041605700592340
1042124385473990
1042643264047350
1043162336360634
1043681602462062
1044201062399860
1044720716222260
1045240563977500
1045760605713824
1046280841479482
1046801271322730
1047321895291830
1047842713435050
1048363725800664
1048884932436952
1049406333392200
1049927928714700
1050449718452750
1050971702654654
1051493881368722
1052016254643270
1052538822526620
1053061585067100
1053584542313044
1054107694312792
1054631041114690
1055154582767090
1055678319318350
1056202250816834
1056726377310912
1057250698848960
1057775215479360
1058299927250500
1058824834210774
1059349936408582
1059875233892330
1060400726710430
1060926414911300
1061452298543364
1061978377655052
1062504652294800
1063031122511050
1063557788352250
1064084649866854
1064611707103322
1065138960110120
1065666408935720
1066194053628600
1066721894237244
1067249930810142
1067778163395790
1068306592042690
1068835216799350
1069364037714284
1069893054836012
1070422268213060
1070951677893960
1071481283927250
1072011086361474
1072541085245182
1073071280626930
1073601672555280
1074132261078800
1074663046246064
1075194028105652
1075725206706150
1076256582096150
1076788154324250
1077319923439054
1077851889489172
1078384052523220
1078916412589820
1079448969737600
1079981724015194
1080514675471242
1081047824154390
1081581170113290
1082114713396600
1082648454052984
1083182392131112
1083716527679660
1084250860747310
1084785391382750
1085320119634674
1085855045551782
1086390169182780
1086925490576380
1087461009781300
1087996726846264
1088532641820002
1089068754751250
1089605065688750
1090141574681250
1090678281777504
1091215187026272
1091752290476320
1092289592176420
1092827092175350
1093364790521894
1093902687264842
1094440782452990
1094979076135140
1095517568360100
1096056259176684
1096595148633712
1097134236780010
1097673523664410
1098213009335750
1098752693842874
1099292577234632
1099832659559880
1100372940867480
1100913421206300
1101454100625214
1101994979173102
1102536056898850
1103077333851350
1103618810079500
1104160485632204
1104702360558372
1105244434906920
1105786708726770
1106329182066850
1106871854976094
1107414727503442
1107957799697840
1108501071608240
1109044543283600
1109588214772884
1110132086125062
1110676157389110
1111220428614010
1111764899848750
1112309571142324
1112854442543732
1113399514101980
1113944785866080
1114490257885050
1115035930207914
1115581802883702
1116127875961450
1116674149490200
1117220623519000
1117767298096904
1118314173272972
1118861249096270
1119408525615870
1119956002880850
1120503680940294
1121051559843292
1121599639638940
1122147920376340
1122696402104600
1123245084872834
1123793968730162
1124343053725710
1124892339908610
1125441827328000
1125991516033024
1126541406072832
1127091497496580
1127641790353430
1128192284692550
1128742980563114
1129293878014302
1129844977095300
1130396277855300
1130947780343500
1131499484609104
1132051390701322
1132603498669370
1133155808562470
1133708320429850
1134261034320744
1134813950284392
1135367068370040
1135920388626940
1136473911104350
1137027635851534
1137581562917762
1138135692352310
1138690024204460
1139244558523500
1139799295358724
1140354234759432
1140909376774930
1141464721454530
1142020268847550
1142576019003314
1143131971971152
1143688127800400
1144244486540400
1144801048240500
1145357812950054
1145914780718422
1146471951594970
1147029325629070
1147586902870100
1148144683367444
1148702667170492
1149260854328640
1149819244891290
1150377838907850
1150936636427734
1151495637500362
1152054842175160
1152614250501560
1153173862529000
1153733678306924
1154293697884782
1154853921312030
1155414348638130
1155974979912550
1156535815184764
1157096854504252
1157658097920500
1158219545483000
1158781197241250
1159343053244754
1159905113543022
1160467378185570
1161029847221920
1161592520701600
1162155398674144
1162718481189092
1163281768295990
1163845260044390
1164408956483850
1164972857663934
1165536963634212
1166101274444260
1166665790143660
1167230510782000
1167795436408874
1168360567073882
1168925902826630
1169491443716730
1170057189793800
1170623141107464
1171189297707352
1171755659643100
1172322226964350
1172888999720750
1173455977961954
1174023161737622
1174590551097420
1175158146091020
1175725946768100
1176293953178344
1176862165371442
1177430583397090
1177999207304990
1178568037144850
1179137072966384
1179706314819312
1180275762753360
1180845416818260
1181415277063750
1181985343539574
1182555616295482
1183126095381230
1183696780846580
1184267672741300
1184838771115164
1185410076017952
1185981587499450
1186553305609450
1187125230397750
1187697361914154
1188269700208472
1188842245330520
1189414997330120
1189987956257100
1190561122161294
1191134495092542
1191708075100690
1192281862235590
1192855856547100
1193430058085084
1194004466899412
1194579083039960
1195153906556610
1195728937499250
1196304175917774
1196879621862082
1197455275382080
1198031136527680
1198607205348800
1199183481895364
1199759966217302
1200336658364550
1200913558387050
1201490666334750
1202067982257604
1202645506205572
1203223238228620
1203801178376720
1204379326699850
1204957683247994
1205536248071142
1206115021219290
1206694002742440
1207273192690600
1207852591113784
1208432198062012
1209012013585310
1209592037733710
1210172270557250
1210752712105974
1211333362429932
1211914221579180
1212495289603780
1213076566553800
1213658052479314
1214239747430402
1214821651457150
1215403764609650
1215986086938000
1216568618492304
1217151359322672
1217734309479220
1218317469012070
1218900837971350
1219484416407194
1220068204369742
1220652201909140
1221236409075540
1221820825919100
1222405452489984
1222990288838362
1223575335014410
1224160591068310
1224746057050250
1225331733010424
1225917618999032
1226503715066280
1227090021262380
1227676537637550
1228263264242014
1228850201126002
1229437348339750
1230024705933500
1230612273957500
1231200052462004
1231788041497272
1232376241113570
1232964651361170
1233553272290350
1234142103951394
1234731146394592
1235320399670240
1235909863828640
1236499538920100
1237089424994934
1237679522103462
1238269830296010
1238860349622910
1239451080134500
1240042021881124
1240633174913132
1241224539280880
1241816115034730
1242407902225050
1242999900902214
1243592111116602
1244184532918600
1244777166358600
1245370011487000
1245963068354204
1246556337010622
1247149817506670
1247743509892770
1248337414219350
1248931530536844
1249525858895692
1250120399346340
1250715151939240
1251310116724850
1251905293753634
1252500683076062
1253096284742610
1253692098803760
1254288125310000
1254884364311824
1255480815859732
1256077480004230
1256674356795830
1257271446285050
1257868748522414
1258466263558452
1259063991443700
1259661932228700
1260260085964000
1260858452700154
1261457032487722
1262055825377270
1262654831419370
1263254050664600
1263853483163544
1264453128966792
1265052988124940
1265653060688590
1266253346708350
1266853846234834
1267454559318662
1268055486010460
1268656626360860
1269257980420500
1269859548240024
1270461329870082
1271063325361330
1271665534764430
1272267958130050
1272870595508864
1273473446951552
1274076512508800
1274679792231300
1275283286169750
1275886994374854
1276490916897322
1277095053787870
1277699405097220
1278303970876100
1278908751175244
1279513746045392
1280118955537290
1280724379701690
1281330018589350
1281935872251034
1282541940737512
1283148224099560
1283754722387960
1284361435653500
1284968363946974
1285575507319182
1286182865820930
1286790439503030
1287398228416300
1288006232611564
1288614452139652
1289222887051400
1289831537397650
1290440403229250
1291049484597054
1291658781551922
1292268294144720
1292878022426320
1293487966447600
1294098126259444
1294708501912742
1295319093458390
1295929900947290
1296540924430350
1297152163958484
1297763619582612
1298375291353660
1298987179322560
1299599283540250
1300211604057674
1300824140925782
1301436894195530
1302049863917880
1302663050143800
1303276452924264
1303890072310252
1304503908352750
1305117961102750
1305732230611250
1306346716929254
1306961420107772
1307576340197820
1308191477250420
1308806831316600
1309422402447394
1310038190693842
1310654196106990
1311270418737890
1311886858637600
1312503515857184
1313120390447712
1313737482460260
1314354791945910
1314972318955750
1315590063540874
1316208025752382
1316826205641380
1317444603258980
1318063218656300
1318682051884464
1319301102994602
1319920372037850
1320539859065350
1321159564128250
1321779487277704
1322399628564872
1323019988040920
1323640565757020
1324261361764350
1324882376114094
1325503608857442
1326125060045590
1326746729729740
1327368617961100
1327990724790884
1328613050270312
1329235594450610
1329858357383010
1330481339118750
1331104539709074
1331727959205232
1332351597658480
1332975455120080
1333599531641300
1334223827273414
1334848342067702
1335473076075450
1336098029347950
1336723201936500
1337348593892404
1337974205266972
1338600036111520
1339226086477370
1339852356415850
1340478845978294
1341105555216042
1341732484180440
1342359632922840
1342987001494600
1343614589947084
1344242398331662
1344870426699710
1345498675102610
1346127143591750
1346755832218524
1347384741034332
1348013870090580
1348643219438680
1349272789130050
1349902579216114
1350532589748302
1351162820778050
1351793272356800
1352423944536000
1353054837367104
1353685950901572
1354317285190870
1354948840286470
1355580616239850
1356212613102494
1356844830925892
1357477269761540
1358109929660940
1358742810675600
1359375912857034
1360009236256762
1360642780926310
1361276546917210
1361910534281000
1362544743069224
1363179173333432
1363813825125180
1364448698496030
1365083793497550
1365719110181314
1366354648598902
1366990408801900
1367626390841900
1368262594770500
1368899020639304
1369535668499922
1370172538403970
1370809630403070
1371446944548850
1372084480892944
1372722239486992
1373360220382640
1373998423631540
1374636849285350
1375275497395734
1375914368014362
1376553461192910
1377192776983060
1377832315436500
1378472076604924
1379112060540032
1379752267293530
1380392696917130
1381033349462550
1381674224981514
1382315323525752
1382956645147000
1383598189897000
1384239957827500
1384881948990254
1385524163437022
1386166601219570
1386809262389670
1387452146999100
1388095255099644
1388738586743092
1389382141981240
1390025920865890
1390669923448850
1391314149781934
1391958599916962
1392603273905760
1393248171800160
1393893293652000
1394538639513124
1395184209435382
1395830003470630
1396476021670730
1397122264087550
1397768730772964
1398415421778852
1399062337157100
1399709476959600
1400356841238250
1401004430044954
1401652243431622
1402300281450170
1402948544152520
1403597031590600
1404245743816344
1404894680881692
1405543842838590
1406193229738990
1406842841634850
1407492678578134
1408142740620812
1408793027814860
1409443540212260
1410094277865000
1410745240825074
1411396429144482
1412047842875230
1412699482069330
1413351346778800
1414003437055664
1414655752951952
1415308294519700
1415961061810950
1416614054877750
1417267273772154
1417920718546222
1418574389252020
1419228285941620
1419882408667100
1420536757480544
1421191332434042
1421846133579690
1422501160969590
1423156414655850
1423811894690584
1424467601125912
1425123534013960
1425779693406860
1426436079356750
1427092691915774
1427749531136082
1428406597069830
1429063889769180
1429721409286300
1430379155673364
1431037128982552
1431695329266050
1432353756576050
1433012410964750
1433671292484354
1434330401187072
1434989737125120
1435649300350720
1436309090916100
1436969108873494
1437629354275142
1438289827173290
1438950527620190
1439611455668100
1440272611369284
1440933994776012
1441595605940560
1442257444915210
1442919511752250
1443581806503974
1444244329222682
1444907079960680
1445570058770280
1446233265703800
1446896700813564
1447560364151902
1448224255771150
1448888375723650
1449552724061750
1450217300837804
1450882106104172
1451547139913220
1452212402317320
1452877893368850
1453543613120194
1454209561623742
1454875738931890
1455542145097040
1456208780171600
1456875644207984
1457542737258612
1458210059375910
1458877610612310
1459545391020250
1460213400652174
1460881639560532
1461550107797780
1462218805416380
1462887732468800
1463556889007514
1464226275085002
1464895890753750
1465565736066250
1466235811075000
1466906115832504
1467576650391272
1468247414803820
1468918409122670
1469589633400350
1470261087689394
1470932772042342
1471604686511740
1472276831150140
1472949206010100
1473621811144184
1474294646604962
1474967712445010
1475641008716910
1476314535473250
1476988292766624
1477662280649632
1478336499174880
1479010948394980
1479685628362550
1480360539130214
1481035680750602
1481711053276350
1482386656760100
1483062491254500
1483738556812204
1484414853485872
1485091381328170
1485768140391770
1486445130729350
1487122352393594
1487799805437192
1488477489912840
1489155405873240
1489833553371100
1490511932459134
1491190543190062
1491869385616610
1492548459791510
1493227765767500
1493907303597324
1494587073333732
1495267075029480
1495947308737330
1496627774510050
1497308472400414
1497989402461202
1498670564745200
1499351959305200
1500033586194000
1500715445464404
1501397537169222
1502079861361270
1502762418093370
1503445207418350
1504128229389044
1504811484058292
1505494971478940
1506178691703840
1506862644785850
1507546830777834
1508231249732662
1508915901703210
1509600786742360
1510285904903000
1510971256238024
1511656840800332
1512342658642830
1513028709818430
1513714994380050
1514401512380614
1515088263873052
1515775248910300
1516462467545300
1517149919831000
1517837605820354
1518525525566322
1519213679121870
1519902066539970
1520590687873600
1521279543175744
1521968632499392
1522657955897540
1523347513423190
1524037305129350
1524727331069034
1525417591295262
1526108085861060
1526798814819460
1527489778223500
1528180976126224
1528872408580682
1529564075639930
1530255977357030
1530948113785050
1531640484977064
1532333090986152
1533025931865400
1533719007667900
1534412318446750
1535105864255054
1535799645145922
1536493661172470
1537187912387820
1537882398845100
1538577120597444
1539272077697992
1539967270199890
1540662698156290
1541358361620350
1542054260645234
1542750395284112
1543446765590160
1544143371616560
1544840213416500
1545537291043174
1546234604549782
1546932153989530
1547629939415630
1548327960881300
1549026218439764
1549724712144252
1550423442048000
1551122408204250
1551821610666250
1552521049487254
1553220724720522
1553920636419320
1554620784636920
1555321169426600
1556021790841644
1556722648935342
1557423743760990
1558125075371890
1558826643821350
1559528449162684
1560230491449212
1560932770734260
1561635287071160
1562338040513250
1563041031113874
1563744258926382
1564447724004130
1565151426400480
1565855366168800
1566559543362464
1567263958034852
1567968610239350
1568673500029350
1569378627458250
1570083992579454
1570789595446372
1571495436112420
1572201514631020
1572907831055600
1573614385439594
1574321177836442
1575028208299590
1575735476882490
1576442983638600
1577150728621384
1577858711884312
1578566933480860
1579275393464510
1579984091888750
1580693028807074
1581402204272982
1582111618339980
1582821271061580
1583531162491300
1584241292682664
1584951661689202
1585662269564450
1586373116361950
1587084202135250
1587795526937904
1588507090823472
1589218893845520
1589930936057620
1590643217513350
1591355738266294
1592068498370042
1592781497878190
1593494736844340
1594208215322100
1594921933365084
1595635891026912
1596350088361210
1597064525421610
1597779202261750
1598494118935274
1599209275495832
1599924671997080
1600640308492680
1601356185036300
1602072301681614
1602788658482302
1603505255492050
1604222092764550
1604939170353500
1605656488312604
1606374046695572
1607091845556120
1607809884947970
1608528164924850
1609246685540494
1609965446848642
1610684448903040
1611403691757440
1612123175465600
1612842900081284
1613562865658262
1614283072250310
1615003519911210
1615724208694750
1616445138654724
1617166309844932
1617887722319180
1618609376131280
1619331271335050
1620053407984314
1620775786132902
1621498405834650
1622221267143400
1622944370113000
1623667714797304
1624391301250172
1625115129525470
1625839199677070
1626563511758850
1627288065824694
1628012861928492
1628737900124140
1629463180465540
1630188703006600
1630914467801234
1631640474903362
1632366724366910
1633093216245810
1633819950594000
1634546927465424
1635274146914032
1636001608993780
1636729313758630
1637457261262550
1638185451559514
1638913884703502
1639642560748500
1640371479748500
1641100641757500
1641830046829504
1642559695018522
1643289586378570
1644019720963670
1644750098827850
1645480720025144
1646211584609592
1646942692635240
1647674044156140
1648405639226350
1649137477899934
1649869560230962
1650601886273510
1651334456081660
1652067269709500
1652800327211124
1653533628640632
1654267174052130
1655000963499730
1655734997037550
1656469274719714
1657203796600352
1657938562733600
1658673573173600
1659408827974500
1660144327190454
1660880070875622
1661616059084170
1662352291870270
1663088769288100
1663825491391844
1664562458235692
1665299669873840
1666037126360490
1666774827749850
1667512774096134
1668250965453562
1668989401876360
1669728083418760
1670467010135000
1671206182079324
1671945599305982
1672685261869230
1673425169823330
1674165323222550
1674905722121164
1675646366573452
1676387256633700
1677128392356200
1677869773795250
1678611401005154
1679353274040222
1680095392954770
1680837757803120
1681580368639600
1682323225518544
1683066328494292
1683809677621190
1684553272953590
1685297114545850
1686041202452334
1686785536727412
1687530117425460
1688274944600860
1689020018308000
1689765338601274
1690510905535082
1691256719163830
1692002779541930
1692749086723800
1693495640763864
1694242441716552
1694989489636300
1695736784577550
1696484326594750
1697232115742354
1697980152074822
1698728435646620
1699476966512220
1700225744726100
1700974770342744
1701724043416642
1702473564002290
1703223332154190
1703973347926850
1704723611374784
1705474122552512
1706224881514560
1706975888315460
1707727143009750
1708478645651974
1709230396296682
1709982394998430
1710734641811780
1711487136791300
1712239879991564
1712992871467152
1713746111272650
1714499599462650
1715253336091750
1716007321214554
1716761554885672
1717516037159720
1718270768091320
1719025747735100
1719780976145694
1720536453377742
1721292179485890
1722048154524790
1722804378549100
1723560851613484
1724317573772612
1725074545081160
1725831765593810
1726589235365250
1727346954450174
1728104922903282
1728863140779280
1729621608132880
1730380325018800
1731139291491764
1731898507606502
1732657973417750
1733417688980250
1734177654348750
1734937869578004
1735698334722772
1736459049837820
1737220014977920
1737981230197850
1738742695552394
1739504411096342
1740266376884490
1741028592971640
1741791059412600
1742553776262184
1743316743575212
1744079961406510
1744843429810910
1745607148843250
1746371118558374
1747135339011132
1747899810256380
1748664532348980
1749429505343800
1750194729295714
1750960204259602
1751725930290350
1752491907442850
1753258135772000
1754024615332704
1754791346179872
1755558328368420
1756325561953270
1757093046989350
1757860783531594
1758628771634942
1759397011354340
1760165502744740
1760934245861100
1761703240758384
1762472487491562
1763241986115610
1764011736685510
1764781739256250
1765551993882824
1766322500620232
1767093259523480
1767864270647580
1768635534047550
1769407049778414
1770178817895202
1770950838452950
1771723111506700
1772495637111500
1773268415322404
1774041446194472
1774814729782770
1775588266142370
1776362055328350
1777136097395794
1777910392399792
1778684940395440
1779459741437840
1780234795582100
1781010102883334
1781785663396662
1782561477177210
1783337544280110
1784113864760500
1784890438673524
1785667266074332
1786444347018080
1787221681559930
1787999269755050
1788777111658614
1789555207325802
1790333556811800
1791112160171800
1791891017461000
1792670128734604
1793449494047822
1794229113455870
1795008987013970
1795789114777350
1796569496801244
1797350133140892
1798131023851540
1798912168988440
1799693568606850
1800475222762034
1801257131509262
1802039294903810
1802821713000960
1803604385856000
1804387313524224
1805170496060932
1805953933521430
1806737625961030
1807521573435050
1808305775998814
1809090233707652
1809874946616900
1810659914781900
1811445138258000
1812230617100554
1813016351364922
1813802341106470
1814588586380570
1815375087242600
1816161843747944
1816948855951992
1817736123910140
1818523647677790
1819311427310350
1820099462863234
1820887754391862
1821676301951660
1822465105598060
1823254165386500
1824043481372424
1824833053611282
1825622882158530
1826412967069630
1827203308400050
1827993906205264
1828784760540752
1829575871462000
1830367239024500
1831158863283750
1831950744295254
1832742882114522
1833535276797070
1834327928398420
1835120836974100
1835914002579644
1836707425270592
1837501105102490
1838295042130890
1839089236411350
1839883687999434
1840678396950712
1841473363320760
1842268587165160
1843064068539500
1843859807499374
1844655804100382
1845452058398130
1846248570448230
1847045340306300
1847842368027964
1848639653668852
1849437197284600
1850234998930850
1851033058663250
1851831376537454
1852629952609122
1853428786933920
1854227879567520
1855027230565600
1855826839983844
1856626707877942
1857426834303590
1858227219316490
1859027862972350
1859828765326884
1860629926435812
1861431346354860
1862233025139760
1863034962846250
1863837159530074
1864639615246982
1865442330052730
1866245304003080
1867048537153800
1867852029560664
1868655781279452
1869459792365950
1870264062875950
1871068592865250
1871873382389654
1872678431504972
1873483740267020
1874289308731620
1875095136954600
1875901224991794
1876707572899042
1877514180732190
1878321048547090
1879128176399600
1879935564345584
1880743212440912
1881551120741460
1882359289303110
1883167718181750
1883976407433274
1884785357113582
1885594567278580
1886404037984180
1887213769286300
1888023761240864
1888834013903802
1889644527331050
1890455301578550
1891266336702250
1892077632758104
1892889189802072
1893701007890120
1894513087078220
1895325427422350
1896138028978494
1896950891802642
1897764015950790
1898577401478940
1899391048443100
1900204956899284
1901019126903512
1901833558511810
1902648251780210
1903463206764750
1904278423521474
1905093902106432
1905909642575680
1906725644985280
1907541909391300
1908358435849814
1909175224416902
1909992275148650
1910809588101150
1911627163330500
1912445000892804
1913263100844172
1914081463240720
1914900088138570
1915718975593850
1916538125662694
1917357538401242
1918177213865640
1918997152112040
1919817353196600
1920637817175484
1921458544104862
1922279534040910
1923100787039810
1923922303157750
1924744082450924
1925566124975532
1926388430787780
1927210999943880
1928033832500050
1928856928512514
1929680288037502
1930503911131250
1931327797850000
1932151948250000
1932976362387504
1933801040318772
1934625982100070
1935451187787670
1936276657437850
1937102391106894
1937928388851092
1938754650726740
1939581176790140
1940407967097600
1941235021705434
1942062340669962
1942889924047510
1943717771894410
1944545884267000
1945374261221624
1946202902814632
1947031809102380
1947860980141230
1948690415987550
1949520116697714
1950350082328102
1951180312935100
1952010808575100
1952841569304500
1953672595179704
1954503886257122
1955335442593170
1956167264244270
1956999351266850
1957831703717344
1958664321652192
1959497205127840
1960330354200740
1961163768927350
1961997449364134
1962831395567562
1963665607594110
1964500085500260
1965334829342500
1966169839177324
1967005115061232
1967840657050730
1968676465202330
1969512539572550
1970348880217914
1971185487194952
1972022360560200
1972859500370200
1973696906681500
1974534579550654
1975372519034222
1976210725188770
1977049198070870
1977887937737100
1978726944244044
1979566217648292
1980405758006440
1981245565375090
1982085639810850
1982925981370334
1983766590110162
1984607466086960
1985448609357360
1986290019978000
1987131698005524
1987973643496582
1988815856507830
1989658337095930
1990501085317550
1991344101229364
1992187384888052
1993030936350300
1993874755672800
1994718842912250
1995563198125354
1996407821368822
1997252712699370
1998097872173720
1998943299848600
1999788995780744
2000634960026892
2001481192643790
2002327693688190
2003174463216850
2004021501286534
2004868807954012
2005716383276060
2006564227309460
2007412340111000
2008260721737474
2009109372245682
2009958291692430
2010807480134530
2011656937628800
2012506664232064
2013356660001152
2014206924992900
2015057459264150
2015908262871750
2016759335872554
2017610678323422
2018462290281220
2019314171802820
2020166322945100
2021018743764944
2021871434319242
2022724394664890
2023577624858790
2024431124957850
2025284895018984
2026138935099112
2026993245255160
2027847825544060
2028702676022750
2029557796748174
2030413187777282
2031268849167030
2032124780974380
2032980983256300
2033837456069764
2034694199471752
2035551213519250
2036408498269250
2037266053778750
2038123880104754
2038981977304272
2039840345434320
2040698984551920
2041557894714100
2042417075977894
2043276528400342
2044136252038490
2044996246949390
2045856513190100
2046717050817684
2047577859889212
2048438940461760
2049300292592410
2050161916338250
2051023811756374
2051885978903882
2052748417837880
2053611128615480
2054474111293800
2055337365929964
2056200892581102
2057064691304350
2057928762156850
2058793105195750
2059657720478204
2060522608061372
2061387768002420
2062253200358520
2063118905186850
2063984882544594
2064851132488942
2065717655077090
2066584450366240
2067451518413600
2068318859276384
2069186473011812
2070054359677110
2070922519329510
2071790952026250
2072659657824574
2073528636781732
2074397888954980
2075267414401580
2076137213178800
2077007285343914
2077877630954202
2078748250066950
2079619142739450
2080490309029000
2081361748992904
2082233462688472
2083105450173020
2083977711503870
2084850246738350
2085723055933794
2086596139147542
2087469496436940
2088343127859340
2089217033472100
2090091213332584
2090965667498162
2091840396026210
2092715398974110
2093590676399250
2094466228359024
2095342054910832
2096218156112080
2097094532020180
2097971182692550
2098848108186614
2099725308559802
2100602783869550
2101480534173300
2102358559528500
2103236859992604
2104115435623072
2104994286477370
2105873412612970
2106752814087350
2107632490957994
2108512443282392
2109392671118040
2110273174522440
2111153953553100
2112035008267534
2112916338723262
2113797944977810
2114679827088710
2115561985113500
2116444419109724
2117327129134932
2118210115246680
2119093377502530
2119976915960050
2120860730676814
2121744821710402
2122629189118400
2123513832958400
2124398753288000
2125283950164804
2126169423646422
2127055173790470
2127941200654570
2128827504296350
2129714084773444
2130600942143492
2131488076464140
2132375487793040
2133263176187850
2134151141706234
2135039384405862
2135927904344410
2136816701579560
2137705776169000
2138595128170424
2139484757641532
2140374664640030
2141264849223630
2142155311450050
2143046051377014
2143937069062252
2144828364563500
2145719937938500
2146611789245000
2147503918540754
2148396325883522
2149289011331070
2150181974941170
2151075216771600
2151968736880144
2152862535324592
2153756612162740
2154650967452390
2155545601251350
2156440513617434
2157335704608462
2158231174282260
2159126922696660
2160022949909500
2160919255978624
2161815840961882
2162712704917130
2163609847902230
2164507269975050
2165404971193464
2166302951615352
2167201211298600
2168099750301100
2168998568680750
2169897666495454
2170797043803122
2171696700661670
2172596637129020
2173496853263100
2174397349121844
2175298124763192
2176199180245090
2177100515625490
2178002130962350
2178904026313634
2179806201737312
2180708657291360
2181611393033760
2182514409022500
2183417705315574
2184321281970982
2185225139046730
2186129276600830
2187033694691300
2187938393376164
2188843372713452
2189748632761200
2190654173577450
2191559995220250
2192466097747654
2193372481217722
2194279145688520
2195186091218120
2196093317864600
2197000825686044
2197908614740542
2198816685086190
2199725036781090
2200633669883350
2201542584451084
2202451780542412
2203361258215460
2204271017528360
2205181058539250
2206091381306274
2207001985887582
2207912872341330
2208824040725680
2209735491098800
2210647223518864
2211559238044052
2212471534732550
2213384113642550
2214296974832250
2215210118359854
2216123544283572
2217037252661620
2217951243552220
2218865517013600
2219780073103994
2220694911881642
2221610033404790
2222525437731690
2223441124920600
2224357095029784
2225273348117512
2226189884242060
2227106703461710
2228023805834750
2228941191419474
2229858860274182
2230776812457180
2231695048026780
2232613567041300
2233532369559064
2234451455638402
2235370825337650
2236290478715150
2237210415829250
2238130636738304
2239051141500672
2239971930174720
2240893002818820
2241814359491350
2242736000250694
2243657925155242
2244580134263390
2245502627633540
2246425405324100
2247348467393484
2248271813900112
2249195444902410
2250119360458810
2251043560627750
2251968045467674
2252892815037032
2253817869394280
2254743208597880
2255668832706300
2256594741778014
2257520935871502
2258447415045250
2259374179357750
2260301228867500
2261228563633004
2262156183712772
2263084089165320
2264012280049170
2264940756422850
2265869518344894
2266798565873842
2267727899068240
2268657517986640
2269587422687600
2270517613229684
2271448089671462
2272378852071510
2273309900488410
2274241234980750
2275172855607124
2276104762426132
2277036955496380
2277969434876480
2278902200625050
2279835252800714
2280768591462102
2281702216667850
2282636128476600
2283570326947000
2284504812137704
2285439584107372
2286374642914670
2287309988618270
2288245621276850
2289181540949094
2290117747693692
2291054241569340
2291991022634740
2292928090948600
2293865446569634
2294803089556562
2295741019968110
2296679237863010
2297617743300000
2298556536337824
2299495617035232
2300434985450980
2301374641643830
2302314585672550
2303254817595914
2304195337472702
2305136145361700
2306077241321700
2307018625411500
2307960297689904
2308902258215722
2309844507047770
2310787044244870
2311729869865850
2312672983969544
2313616386614792
2314560077860440
2315504057765340
2316448326388350
2317392883788334
2318337730024162
2319282865154710
2320228289238860
2321174002335500
2322120004503524
2323066295801832
2324012876289330
2324959746024930
2325906905067550
2326854353476114
2327802091309552
2328750118626800
2329698435486800
2330647041948500
2331595938070854
2332545123912822
2333494599533370
2334444364991470
2335394420346100
2336344765656244
2337295400980892
2338246326379040
2339197541909690
2340149047631850
2341100843604534
2342052929886762
2343005306537560
2343957973615960
2344910931181000
2345864179291724
2346817718007182
2347771547386430
2348725667488530
2349680078372550
2350634780097564
2351589772722652
2352545056306900
2353500630909400
2354456496589250
2355412653405554
2356369101417422
2357325840683970
2358282871264320
2359240193217600
2360197806602944
2361155711479492
2362113907906390
2363072395942790
2364031175647850
2364990247080734
2365949610300612
2366909265366660
2367869212338060
2368829451274000
2369789982233674
2370750805276282
2371711920461030
2372673327847130
2373635027493800
2374597019460264
2375559303805752
2376521880589500
2377484749870750
2378447911708750
2379411366162754
2380375113292022
2381339153155820
2382303485813420
2383268111324100
2384233029747144
2385198241141842
2386163745567490
2387129543083390
2388095633748850
2389062017623184
2390028694765712
2390995665235760
2391962929092660
2392930486395750
2393898337204374
2394866481577882
2395834919575630
2396803651256980
2397772676681300
2398741995907964
2399711608996352
2400681516005850
2401651716995850
2402622212025750
2403593001154954
2404564084442872
2405535461948920
2406507133732520
2407479099853100
2408451360370094
2409423915342942
2410396764831090
2411369908893990
2412343347591100
2413317080981884
2414291109125812
2415265432082360
2416240049911010
2417214962671250
2418190170422574
2419165673224482
2420141471136480
2421117564218080
2422093952528800
2423070636128164
2424047615075702
2425024889430950
2426002459253450
2426980324602750
2427958485538404
2428936942119972
2429915694407020
2430894742459120
2431874086335850
2432853726096794
2433833661801542
2434813893509690
2435794421280840
2436775245174600
2437756365250584
2438737781568412
2439719494187710
2440701503168110
2441683808569250
2442666410450774
2443649308872332
2444632503893580
2445615995574180
2446599783973800
2447583869152114
2448568251168802
2449552930083550
2450537905956050
2451523178846000
2452508748813104
2453494615917072
2454480780217620
2455467241774470
2456454000647350
2457441056895994
2458428410580142
2459416061759540
2460404010493940
2461392256843100
2462380800866784
2463369642624762
2464358782176810
2465348219582710
2466337954902250
2467327988195224
2468318319521432
2469308948940680
2470299876512780
2471291102297550
2472282626354814
2473274448744402
2474266569526150
2475258988759900
2476251706505500
2477244722822804
2478238037771672
2479231651411970
2480225563803570
2481219775006350
2482214285080194
2483209094084992
2484204202080640
2485199609127040
2486195315284100
2487191320611734
2488187625169862
2489184229018410
2490181132217310
2491178334826500
2492175836905924
2493173638515532
2494171739715280
2495170140565130
2496168841125050
2497167841455014
2498167141615002
2499166741665000
2500166641665000
