6553422590457098384
6552422600457098384
6551422640456598386
6550422710454998398
6549422810451698434
6548422940446098514
6547423100437598664
6546423290425598916
6545423510409499308
6544423760388699884
6543424040362600694
6542424350330601794
6541424690292103246
6540425060246505118
6539425460193207484
6538425890131610424
6537426350061114024
6536426839981118376
6535427359891023578
6534427909790229734
6533428489678136954
6532429099554145354
6531429739417655056
6530430409268066188
6529431109104778884
6528431838927193284
6527432598734709534
6526433388526727786
6525434208302648198
6524435058061870934
6523435937803796164
6522436847527824064
6521437787233354816
6520438756919788608
6519439756586525634
6518440786232966094
6517441845858510194
6516442935462558146
6515444055044510168
6514445204603766484
6513446384139727324
6512447593651792924
6511448833139363526
6510450102601839378
6509451402038620734
6508452731449107854
6507454090832701004
6506455480188800456
6505456899516806488
6504458348816119384
6503459828086139434
6502461337326266934
6501462876535902186
6500464445714445498
6499466044861297184
6498467673975857564
6497469333057526964
6496471022105705716
6495472741119794158
6494474490099192634
6493476269043301494
6492478077951521094
6491479916823251796
6490481785657893968
6489483684454847984
6488485613213514224
6487487571933293074
6486489560613584926
6485491579253790178
6484493627853309234
6483495706411542504
6482497814927890404
6481499953401753356
6480502121832531788
6479504320219626134
6478506548562436834
6477508806860364334
6476511095112809086
6475513413319171548
6474515761478852184
6473518139591251464
6472520547655769864
6471522985671807866
6470525453638765958
6469527951556044634
6468530479423044394
6467533037239165744
6466535625003809196
6465538242716375268
6464540890376264484
6463543567982877374
6462546275535614474
6461549013033876326
6460551780477063478
6459554577864576484
6458557405195815904
6457560262470182304
6456563149687076256
6455566066845898338
6454569013946049134
6453571990986929234
6452574997967939234
6451578034888479736
6450581101747951348
6449584198545754684
6448587325281290364
6447590481953959014
6446593668563161266
6445596885108297758
6444600131588769134
6443603408003976044
6442606714353319144
6441610050636199096
6440613416852016568
6439616813000172234
6438620239080066774
6437623695091100874
6436627181032675226
6435630696904190528
6434634242705047484
6433637818434646804
6432641424092389204
6431645059677675406
6430648725189906138
6429652420628482134
6428656145992804134
6427659901282272884
6426663686496289136
6425667501634253648
6424671346695567184
6423675221679630514
6422679126585844414
6421683061413609666
6420687026162327058
6419691020831397384
6418695045420221444
6417699099928200044
6416703184354733996
6415707298699224118
6414711442961071234
6413715617139676174
6412719821234439774
6411724055244762876
6410728319170046328
6409732613009690984
6408736936763097704
6407741290429667354
6406745674008800806
6405750087499898938
6404754530902362634
6403759004215592784
6402763507438990284
6401768040571956036
6400772603613890948
6399777196564195934
6398781819422271914
6397786472187519814
6396791154859340566
6395795867437135108
6394800609920304384
6393805382308249344
6392810184600370944
6391815016796070146
6390819878894747918
6389824770895805234
6388829692798643074
6387834644602662424
6386839626307264276
6385844637911849628
6384849679415819484
6383854750818574854
6382859852119516754
6381864983318046206
6380870144413564238
6379875335405471884
6378880556293170184
6377885807076060184
6376891087753542936
6375896398325019498
6374901738789890934
6373907109147558314
6372912509397422714
6371917939538885216
6370923399571346908
6369928889494208884
6368934409306872244
6367939959008738094
6366945538599207546
6365951148077681718
6364956787443561734
6363962456696248724
6362968155835143824
6361973884859648176
6360979643769162928
6359985432563089234
6358991251240828254
6357997099801781154
6357002978245349106
6356008886570933288
6355014824777934884
6354020792865755084
6353026790833795084
6352032818681456086
6351038876408139298
6350044964013245934
6349051081496177214
6348057228856334364
6347063406093118616
6346069613205931208
6345075850194173384
6344082117057246394
6343088413794551494
6342094740405489946
6341101096889463018
6340107483245871984
6339113899474118124
6338120345573602724
6337126821543727076
6336133327383892478
6335139863093500234
6334146428671951654
6333153024118648054
6332159649432990756
6331166304614381088
6330172989662220384
6329179704575909984
6328186449354851234
6327193223998445486
6326200028506094098
6325206862877198434
6324213727111159864
6323220621207379764
6322227545165259516
6321234498984200508
6320241482663604134
6319248496202871794
6318255539601404894
6317262612858604846
6316269715973873068
6315276848946610984
6314284011776220024
6313291204462101624
6312298427003657226
6311305679400288278
6310312961651396234
6309320273756382554
6308327615714648704
6307334987525596156
6306342389188626388
6305349820703140884
6304357282068541134
6303364773284228634
6302372294349604886
6301379845264071398
6300387426027029684
6299395036637881264
6298402677096027664
6297410347400870416
6296418047551811058
6295425777548251134
6294433537389592194
6293441327075235794
6292449146604583496
6291456995977036868
6290464875191997484
6289472784248866924
6288480723147046774
6287488691885938626
6286496690464944078
6285504718883464734
6284512777140902204
6283520865236658104
6282528983170134056
6281537130940731688
6280545308547852634
6279553515990898534
6278561753269271034
6277570020382371786
6276578317329602448
6275586644110364684
6274595000724060164
6273603387170090564
6272611803447857566
6271620249556762858
6270628725496208134
6269637231265595094
6268645766864325444
6267654332291800896
6266662927547423168
6265671552630593984
6264680207540715074
6263688892277188174
6262697606839415026
6261706351226797378
6260715125438736984
6259723929474635604
6258732763333895004
6257741627015916956
6256750520520103238
6255759443845855634
6254768396992575934
6253777379959665934
6252786392746527436
6251795435352562248
6250804507777172184
6249813610019759064
6248822742079724714
6247831903956470966
6246841095649399658
6245850317157912634
6244859568481411744
6243868849619298844
6242878160570975796
6241887501335844468
6240896871913306734
6239906272302764474
6238915702503619574
6237925162515273926
6236934652337129428
6235944171968587984
6234953721409051504
6233963300657921904
6232972909714601106
6231982548578491038
6230992217248993634
6230001915725510834
6229011644007444584
6228021402094196836
6227031189985169548
6226041007679764684
6225050855177384214
6224060732477430114
6223070639579304366
6222080576482408958
6221090543186145884
6220100539689917144
6219110565993124744
6218120622095170696
6217130707995457018
6216140823693385734
6215150969188358874
6214161144479778474
6213171349567046576
6212181584449565228
6211191849126736484
6210202143597962404
6209212467862645054
6208222821920186506
6207233205769988838
6206243619411454134
6205254062843984484
6204264536066981984
6203275039079848736
6202285571881986848
6201296134472798434
6200306726851685614
6199317349018050514
6198328000971295266
6197338682710822008
6196349394236032884
6195360135546330044
6194370906641115644
6193381707519791846
6192392538181760818
6191403398626424734
6190414288853185774
6189425208861446124
6188436158650607976
6187447138220073528
6186458147569244984
6185469186697524554
6184480255604314454
6183491354289016906
6182502482751034138
6181513640989768384
6180524829004621884
6179536046794996884
6178547294360295636
6177558571699920398
6176569878813273434
6175581215699757014
6174592582358773414
6173603978789724916
6172615404992013808
6171626860965042384
6170638346708212944
6169649862220927794
6168661407502589246
6167672982552599618
6166684587370361234
6165696221955276424
6164707886306747524
6163719580424176876
6162731304306966828
6161743057954519734
6160754841366237954
6159766654541523854
6158778497479779806
6157790370180408188
6156802272642811384
6155814204866391784
6154826166850551784
6153838158594693786
6152850180098220198
6151862231360533434
6150874312381035914
6149886423159130064
6148898563694218316
6147910733985703108
6146922934032986884
6145935163835472094
6144947423392561194
6143959712703656646
6142972031768160918
6141984380585476484
6140996759155005824
6140009167476151424
6139021605548315776
6138034073370901378
6137046570943310734
6136059098264946354
6135071655335210754
6134084242153506456
6133096858719235988
6132109505031801884
6131122181090606684
6130134886895052934
6129147622444543186
6128160387738479998
6127173182776265934
6126186007557303564
6125198862080995464
6124211746346744216
6123224660353952408
6122237604102022634
6121250577590357494
6120263580818359594
6119276613785431546
6118289676490975968
6117302768934395484
6116315891115092724
6115329043032470324
6114342224685930926
6113355436074877178
6112368677198711734
6111381948056837254
6110395248648656404
6109408578973571856
6108421939030986288
6107435328820302384
6106448748340922834
6105462197592250334
6104475676573687586
6103489185284637298
6102502723724502184
6101516291892684964
6100529889788588364
6099543517411615116
6098557174761167958
6097570861836649634
6096584578637462894
6095598325163010494
6094612101412695196
6093625907385919768
6092639743082086984
6091653608500599624
6090667503640860474
6089681428502272326
6088695383084237978
6087709367386160234
6086723381407441904
6085737425147485804
6084751498605694756
6083765601781471588
6082779734674219134
6081793897283340234
6080808089608237734
6079822311648314486
6078836563402973348
6077850844871617184
6076865156053648864
6075879496948471264
6074893867555487266
6073908267874099758
6072922697903711634
6071937157643725794
6070951647093545144
6069966166252572596
6068980715120211068
6067995293695863484
6067009901978932774
6066024539968821874
6065039207664933726
6064053905066671278
6063068632173437484
6062083388984635304
6061098175499667704
6060112991717937656
6059127837638848138
6058142713261802134
6057157618586202634
6056172553611452634
6055187518336955136
6054202512762113148
6053217536886329684
6052232590709007764
6051247674229550414
6050262787447360666
6049277930361841558
6048293102972396134
6047308305278427444
6046323537279338544
6045338798974532496
6044354090363412368
6043369411445381234
6042384762219842174
6041400142686198274
6040415552843852626
6039430992692208328
6038446462230668484
6037461961458636204
6036477490375514604
6035493048980706806
6034508637273615938
6033524255253645134
6032539902920197534
6031555580272676284
6030571287310484536
6029587024033025448
6028602790439702184
6027618586529917914
6026634412303075814
6025650267758579066
6024666152895830858
6023682067714234384
6022698012213192844
6021713986392109444
6020729990250387396
6019746023787429918
6018762087002640234
6017778179895421574
6016794302465177174
6015810454711310276
6014826636633224128
6013842848230321984
6012859089502007104
6011875360447682754
6010891661066752206
6009907991358618738
6008924351322685634
6007940740958356184
6006957160265033684
6005973609242121436
6004990087889022748
6004006596205140934
6003023134189879314
6002039701842641214
6001056299162829966
6000072926149848908
5999089582803101384
5998106269121990744
5997122985105920344
5996139730754293546
5995156506066513718
5994173311041984234
5993190145680108474
5992207009980289824
5991223903941931676
5990240827564437428
5989257780847210484
5988274763789654254
5987291776391172154
5986308818651167606
5985325890569044038
5984342992144204884
5983360123376053584
5982377284263993584
5981394474807428336
5980411695005761298
5979428944858395934
5978446224364735714
5977463533524184114
5976480872336144616
5975498240800020708
5974515638915215884
5973533066681133644
5972550524097177494
5971568011162750946
5970585527877257518
5969603074240100734
5968620650250684124
5967638255908411224
5966655891212685576
5965673556162910728
5964691250758490234
5963708974998827654
5962726728883326554
5961744512411390506
5960762325582423088
5959780168395827884
5958798040851008484
5957815942947368484
5956833874684311486
5955851836061241098
5954869827077560934
5953887847732674614
5952905898025985764
5951923977956898016
5950942087524815008
5949960226729140384
5948978395569277794
5947996594044630894
5947014822154603346
5946033079898598818
5945051367276020984
5944069684286273524
5943088030928760124
5942106407202884476
5941124813108050278
5940143248643661234
5939161713809121054
5938180208603833454
5937198733027202156
5936217287078630888
5935235870757523384
5934254484063283384
5933273126995314634
5932291799553020886
5931310501735805898
5930329233543073434
5929347994974227264
5928366786028671164
5927385606705808916
5926404457005044308
5925423336925781134
5924442246467423194
5923461185629374294
5922480154411038246
5921499152811818868
5920518180831119984
5919537238468345424
5918556325722899024
5917575442594184626
5916594589081606078
5915613765184567234
5914632970902471954
5913652206234724104
5912671471180727556
5911690765739886188
5910710089911603884
5909729443695284534
5908748827090332034
5907768240096150286
5906787682712143198
5905807154937714684
5904826656772268664
5903846188215209064
5902865749265939816
5901885339923864858
5900904960188388134
5899924610058913594
5898944289534845194
5897963998615586896
5896983737300542668
5896003505589116484
5895023303480712324
5894043130974734174
5893062988070586026
5892082874767671878
5891102791065395734
5890122736963161604
5889142712460373504
5888162717556435456
5887182752250751488
5886202816542725634
5885222910431761934
5884243033917264434
5883263186998637186
5882283369675284248
5881303581946609684
5880323823812017564
5879344095270911964
5878364396322696966
5877384726966776658
5876405087202555134
5875425477029436494
5874445896446824844
5873466345454124296
5872486824050738968
5871507332236072984
5870527870009530474
5869548437370515574
5868569034318432426
5867589660852685178
5866610316972677984
5865631002677815004
5864651717967500404
5863672462841138356
5862693237298133038
5861714041337888634
5860734874959809334
5859755738163299334
5858776630947762836
5857797553312604048
5856818505257227184
5855839486781036464
5854860497883436114
5853881538563830366
5852902608821623458
5851923708656219634
5850944838067023144
5849965997053438244
5848987185614869196
5848008403750720268
5847029651460395734
5846050928743299874
5845072235598836974
5844093572026411326
5843114938025427228
5842136333595288984
5841157758735400904
5840179213445167304
5839200697723992506
5838222211571280838
5837243754986436634
5836265327968864234
5835286930517967984
5834308562633152236
5833330224313821348
5832351915559379684
5831373636369231614
5830395386742781514
5829417166679433766
5828438976178592758
5827460815239662884
5826482683862048544
5825504582045154144
5824526509788384096
5823548467091142818
5822570453952834734
5821592470372864274
5820614516350635874
5819636591885553976
5818658696977023028
5817680831624447484
5816702995827231804
5815725189584780454
5814747412896497906
5813769665761788638
5812791948180057134
5811814260150707884
5810836601673145384
5809858972746774136
5808881373370998648
5807903803545223434
5806926263268853014
5805948752541291914
5804971271361944666
5803993819730215808
5803016397645509884
5802039005107231444
5801061642114785044
5800084308667575246
5799107004765006618
5798129730406483734
5797152485591411174
5796175270319193524
5795198084589235376
5794220928400941328
5793243801753715984
5792266704646963954
5791289637080089854
5790312599052498306
5789335590563593938
5788358611612781384
5787381662199465284
5786404742323050284
5785427851982941036
5784450991178542198
5783474159909258434
5782497358174494414
5781520585973654814
5780543843306144316
5779567130171367608
5778590446568729384
5777613792497634344
5776637167957487194
5775660572947692646
5774684007467655418
5773707471516780234
5772730965094471824
5771754488200134924
5770778040833174276
5769801622992994628
5768825234679000734
5767848875890597354
5766872546627189254
5765896246888181206
5764919976672977988
5763943735980984384
5762967524811605184
5761991343164245184
5761015191038309186
5760039068433201998
5759062975348328434
5758086911783093314
5757110877736901464
5756134873209157716
5755158898199266908
5754182952706633884
5753207036730663494
5752231150270760594
5751255293326330046
5750279465896776718
5749303667981505484
5748327899579921224
5747352160691428824
5746376451315433176
5745400771451339178
5744425121098551734
5743449500256475754
5742473908924516154
5741498347102077856
5740522814788565788
5739547311983384884
5738571838685940084
5737596394895636334
5736620980611878586
5735645595834071798
5734670240561620934
5733694914793930964
5732719618530406864
5731744351770453616
5730769114513476208
5729793906758879634
5728818728506068894
5727843579754448994
5726868460503424946
5725893370752401768
5724918310500784484
5723943279747978124
5722968278493387724
5721993306736418326
5721018364476474978
5720043451712962734
5719068568445286654
5718093714672851804
5717118890395063256
5716144095611326088
5715169330321045384
5714194594523626234
5713219888218473734
5712245211404992986
5711270564082589098
5710295946250667184
5709321357908632364
5708346799055889764
5707372269691844516
5706397769815901758
5705423299427466634
5704448858525944294
5703474447110739894
5702500065181258596
5701525712736905568
5700551389777085984
5699577096301205024
5698602832308667874
5697628597798879726
5696654392771245778
5695680217225171234
5694706071160061304
5693731954575321204
5692757867470356156
5691783809844571388
5690809781697372134
5689835783028163634
5688861813836351134
5687887874121339886
5686913963882535148
5685940083119342184
5684966231831166264
5683992410017412664
5683018617677486666
5682044854810793558
5681071121416738634
5680097417494727194
5679123743044164544
5678150098064455996
5677176482555006868
5676202896515222484
5675229339944508174
5674255812842269274
5673282315207911126
5672308847040839078
5671335408340458484
5670361999106174704
5669388619337393104
5668415269033519056
5667441948193957938
5666468656818115134
5665495394905396034
5664522162455206034
5663548959466950536
5662575785940034948
5661602641873864684
5660629527267845164
5659656442121381814
5658683386433880066
5657710360204745358
5656737363433383134
5655764396119198844
5654791458261597944
5653818549859985896
5652845670913768168
5651872821422350234
5650900001385137574
5649927210801535674
5648954449670950026
5647981717992786128
5647009015766449484
5646036342991345604
5645063699666880004
5644091085792458206
5643118501367485738
5642145946391368134
5641173420863510934
5640200924783319684
5639228458150199936
5638256020963557248
5637283613222797184
5636311234927325314
5635338886076547214
5634366566669868466
5633394276706694658
5632422016186431384
5631449785108484244
5630477583472258844
5629505411277160796
5628533268522595718
5627561155207969234
5626589071332686974
5625617016896154574
5624644991897777676
5623672996336961928
5622701030213112984
5621729093525636504
5620757186273938154
5619785308457423606
5618813460075498538
5617841641127568634
5616869851613039584
5615898091531317084
5614926360881806836
5613954659663914548
5612982987877045934
5612011345520606714
5611039732594002614
5610068149096639366
5609096595027922708
5608125070387258384
5607153575174052144
5606182109387709744
5605210673027636946
5604239266093239518
5603267888583923234
5602296540499093874
5601325221838157224
5600353932600519076
5599382672785585228
5598411442392761484
5597440241421453654
5596469069871067554
5595497927741009006
5594526815030683838
5593555731739497884
5592584677866856984
5591613653412166984
5590642658374833736
5589671692754263098
5588700756549860934
5587729849761033114
5586758972387185514
5585788124427724016
5584817305882054508
5583846516749582884
5582875757029715044
5581905026721856894
5580934325825414346
5579963654339793318
5578993012264399734
5578022399598639524
5577051816341918624
5576081262493642976
5575110738053218528
5574140243020051234
5573169777393547054
5572199341173111954
5571228934358151906
5570258556948072888
5569288208942280884
5568317890340181884
5567347601141181884
5566377341344686886
5565407110950102898
5564436909956835934
5563466738364292014
5562496596171877164
5561526483378997416
5560556399985058808
5559586345989467384
5558616321391629194
5557646326190950294
5556676360386836746
5555706423978694618
5554736516965929984
5553766639347948924
5552796791124157524
5551826972293961876
5550857182856768078
5549887422811982234
5548917692159010454
5547947990897258854
5546978319026133556
5546008676545040688
5545039063453386384
5544069479750576784
5543099925436018034
5542130400509116286
5541160904969277698
5540191438815908434
5539222002048414664
5538252594666202564
5537283216668678316
5536313868055248108
5535344548825318134
5534375258978294594
5533405998513583694
5532436767430591646
5531467565728724668
5530498393407388984
5529529250465990824
5528560136903936424
5527591052720632026
5526621997915483878
5525652972487898234
5524683976437281354
5523715009763039504
5522746072464578956
5521777164541305988
5520808285992626884
5519839436817947934
5518870617016675434
5517901826588215686
5516933065531974998
5515964333847359684
5514995631533776064
5514026958590630464
5513058315017329216
5512089700813278658
5511121115977885134
5510152560510554994
5509184034410694594
5508215537677710296
5507247070311008468
5506278632309995484
5505310223674077724
5504341844402661574
5503373494495153426
5502405173950959678
5501436882769486734
5500468620950141004
5499500388492328904
5498532185395456856
5497564011658931288
5496595867282158634
5495627752264545334
5494659666605497834
5493691610304422586
5492723583360726048
5491755585773814684
5490787617543094964
5489819678667973364
5488851769147856366
5487883888982150458
5486916038170262134
5485948216711597894
5484980424605564244
5484012661851567696
5483044928449014768
5482077224397311984
5481109549695865874
5480141904344082974
5479174288341369826
5478206701687132978
5477239144380778984
5476271616421714404
5475304117809345804
5474336648543079756
5473369208622322838
5472401798046481634
5471434416814962734
5470467064927172734
5469499742382518236
5468532449180405848
5467565185320242184
5466597950801433864
5465630745623387514
5464663569785509766
5463696423287207258
5462729306127886634
5461762218306954544
5460795159823817644
5459828130677882596
5458861130868556068
5457894160395244734
5456927219257355274
5455960307454294374
5454993424985468726
5454026571850285028
5453059748048149984
5452092953578470304
5451126188440652704
5450159452634103906
5449192746158230638
5448226069012439634
5447259421196137634
5446292802708731384
5445326213549627636
5444359653718233148
5443393123213954684
5442426622036199014
5441460150184372914
5440493707657883166
5439527294456136558
5438560910578539884
5437594556024499944
5436628230793423544
5435661934884717496
5434695668297788618
5433729431032043734
5432763223086889674
5431797044461733274
5430830895155981376
5429864775169040828
5428898684500318484
5427932623149221204
5426966591115155854
5426000588397529306
5425034614995748438
5424068670909220134
5423102756137351284
5422136870679548784
5421171014535219536
5420205187703770448
5419239390184608434
5418273621977140414
5417307883080773314
5416342173494914066
5415376493218969608
5414410842252346884
5413445220594452844
5412479628244694444
5411514065202478646
5410548531467212418
5409583027038302734
5408617551915156574
5407652106097180924
5406686689583782776
5405721302374369128
5404755944468346984
5403790615865123354
5402825316564105254
5401860046564699706
5400894805866313738
5399929594468354384
5398964412370228684
5397999259571343684
5397034136071106436
5396069041868923998
5395103976964203434
5394138941356351814
5393173935044776214
5392208958028883716
5391244010308081408
5390279091881776384
5389314202749375744
5388349342910286594
5387384512363916046
5386419711109671218
5385454939146959234
5384490196475187224
5383525483093762324
5382560799002091676
5381596144199582428
5380631518685641734
5379666922459676754
5378702355521094654
5377737817869302606
5376773309503707788
5375808830423717384
5374844380628738584
5373879960118178584
5372915568891444586
5371951206947943798
5370986874287083434
5370022570908270714
5369058296810912864
5368094051994417116
5367129836458190708
5366165650201640884
5365201493224174894
5364237365525199994
5363273267104123446
5362309197960352518
5361345158093294484
5360381147502356624
5359417166186946224
5358453214146470576
5357489291380336978
5356525397887952734
5355561533668725154
5354597698722061554
5353633893047369256
5352670116644055588
5351706369511527884
5350742651649193484
5349778963056459734
5348815303732733986
5347851673677423598
5346888072889935934
5345924501369678364
5344960959116058264
5343997446128483016
5343033962406360008
5342070507949096634
5341107082756100294
5340143686826778394
5339180320160538346
5338216982756787568
5337253674614933484
5336290395734383524
5335327146114545124
5334363925754825726
5333400734654632778
5332437572813373734
5331474440230456054
5330511336905287204
5329548262837274656
5328585218025825888
5327622202470348384
5326659216170249634
5325696259124937134
5324733331333818386
5323770432796300898
5322807563511792184
5321844723479699764
5320881912699431164
5319919131170393916
5318956378891995558
5317993655863643634
5317030962084745694
5316068297554709294
5315105662272941996
5314143056238851368
5313180479451844984
5312217931911330424
5311255413616715274
5310292924567407126
5309330464762813578
5308368034202342234
5307405632885400704
5306443260811396604
5305480917979737556
5304518604389831188
5303556320041085134
5302594064932907034
5301631839064704534
5300669642435885286
5299707475045856948
5298745336894027184
5297783227979803664
5296821148302594064
5295859097861806066
5294897076656847358
5293935084687125634
5292973121952048594
5292011188451023944
5291049284183459396
5290087409148762668
5289125563346341484
5288163746775603574
5287201959435956674
5286240201326808526
5285278472447566878
5284316772797639484
5283355102376434104
5282393461183358504
5281431849217820456
5280470266479227738
5279508712966988134
5278547188680509434
5277585693619199434
5276624227782465936
5275662791169716748
5274701383780359684
5273740005613802564
5272778656669453214
5271817336946719466
5270856046445009158
5269894785163730134
5268933553102290244
5267972350260097344
5267011176636559296
5266050032231083968
5265088917043079234
5264127831071952974
5263166774317113074
5262205746777967426
5261244748453923928
5260283779344390484
5259322839448775004
5258361928766485404
5257401047296929606
5256440195039515538
5255479371993651134
5254518578158744334
5253557813534203084
5252597078119435336
5251636371913849048
5250675694916852184
5249715047127852714
5248754428546258614
5247793839171477866
5246833279002918458
5245872748039988384
5244912246282095644
5243951773728648244
5242991330379054196
5242030916232721518
5241070531289058234
5240110175547472374
5239149849007371974
5238189551668165076
5237229283529259728
5236269044590063984
5235308834849985904
5234348654308433554
5233388502964815006
5232428380818538338
5231468287869011634
5230508224115642984
5229548189557840484
5228588184195012236
5227628208026566348
5226668261051910934
5225708343270454114
5224748454681604014
5223788595284768766
5222828765079356508
5221868964064775384
5220909192240433544
5219949449605739144
5218989736160100346
5218030051902925318
5217070396833622234
5216110770951599274
5215151174256264624
5214191606747026476
5213232068423293028
5212272559284472484
5211313079329973054
5210353628559202954
5209394206971570406
5208434814566483638
5207475451343350884
5206516117301580384
5205556812440580384
5204597536759759136
5203638290258524898
5202679072936285934
5201719884792450514
5200760725826426914
5199801596037623416
5198842495425448308
5197883423989309884
5196924381728616444
5195965368642776294
5195006384731197746
5194047429993289118
5193088504428458734
5192129608036114924
5191170740815666024
5190211902766520376
5189253093888086328
5188294314179772234
5187335563640986454
5186376842271137354
5185418150069633306
5184459487035882688
5183500853169293884
5182542248469275284
5181583672935235284
5180625126566582286
5179666609362724698
5178708121323070934
5177749662447029414
5176791232734008564
5175832832183416816
5174874460794662608
5173916118567154384
5172957805500300594
5171999521593509694
5171041266846190146
5170083041257750418
5169124844827598984
5168166677555144324
5167208539439794924
5166250430480959276
5165292350678045878
5164334300030463234
5163376278537619854
5162418286198924254
5161460323013784956
5160502388981610488
5159544484101809384
5158586608373790184
5157628761796961434
5156670944370731686
5155713156094509498
5154755396967703434
5153797666989722064
5152839966159973964
5151882294477867716
5150924651942811908
5149967038554215134
5149009454311485994
5148051899214033094
5147094373261265046
5146136876452590468
5145179408787417984
5144221970265156224
5143264560885213824
5142307180646999426
5141349829549921678
5140392507593389234
5139435214776810754
5138477951099594904
5137520716561150356
5136563511160885788
5135606334898209884
5134649187772531334
5133692069783258834
5132734980929801086
5131777921211566798
5130820890627964684
5129863889178403464
5128906916862291864
5127949973679038616
5126993059628052458
5126036174708742134
5125079318920516394
5124122492262783994
5123165694734953696
5122208926336434268
5121252187066634484
5120295476924963124
5119338795910828974
5118382144023640826
5117425521262807478
5116468927627737734
5115512363117840404
5114555827732524304
5113599321471198256
5112642844333271088
5111686396318151634
5110729977425248734
5109773587653971234
5108817227003727986
5107860895473927848
5106904593063979684
5105948319773292364
5104992075601274764
5104035860547335766
5103079674610884258
5102123517791329134
5101167390088079294
5100211291500543644
5099255222028131096
5098299181670250568
5097343170426310984
5096387188295721274
5095431235277890374
5094475311372227226
5093519416578140778
5092563550895039984
5091607714322333804
5090651906859431204
5089696128505741156
5088740379260672638
5087784659123634634
5086828968094036134
5085873306171286134
5084917673354793636
5083962069643967648
5083006495038217184
5082050949536951264
5081095433139578914
5080139945845509166
5079184487654151058
5078229058564913634
5077273658577205944
5076318287690437044
5075362945904015996
5074407633217351868
5073452349629853734
5072497095140930674
5071541869749991774
5070586673456446126
5069631506259702828
5068676368159170984
5067721259154259704
5066766179244378104
5065811128428935306
5064856106707340438
5063901114079002634
5062946150543331034
5061991216099734784
5061036310747623036
5060081434486404948
5059126587315489684
5058171769234286414
5057216980242204314
5056262220338652566
5055307489523040358
5054352787794776884
5053398115153271344
5052443471597932944
5051488857128170896
5050534271743394418
5049579715443012734
5048625188226435074
5047670690093070674
5046716221042328776
5045761781073618628
5044807370186349484
5043852988379930604
5042898635653771254
5041944312007280706
5040990017439868238
5040035751950943134
5039081515539914684
5038127308206192184
5037173129949184936
5036218980768302248
5035264860662953434
5034310769632547814
5033356707676494714
5032402674794203466
5031448670985083408
5030494696248543884
5029540750583994244
5028586833990843844
5027632946468502046
5026679088016378218
5025725258633881734
5024771458320421974
5023817687075408324
5022863944898250176
5021910231788356928
5020956547745137984
5020002892768002754
5019049266856360654
5018095670009621106
5017142102227193538
5016188563508487384
5015235053852912084
5014281573259877084
5013328121728791836
5012374699259065798
5011421305850108434
5010467941501329214
5009514606212137614
5008561299981943116
5007608022810155208
5006654774696183384
5005701555639437144
5004748365639325994
5003795204695259446
5002842072806647018
5001888969972898234
5000935896193422624
4999982851467629724
4999029835794929076
4998076849174730228
4997123891606442734
4996170963089476154
4995218063623240054
4994265193207144006
4993312351840597588
4992359539523010384
4991406756253791984
4990454002032351984
4989501276858099986
4988548580730445598
4987595913648798434
4986643275612568114
4985690666621164264
4984738086673996516
4983785535770474508
4982833013910007884
4981880521092006294
4980928057315879394
4979975622581036846
4979023216886888318
4978070840232843484
4977118492618312024
4976166174042703624
4975213884505427976
4974261624005894778
4973309392543513734
4972357190117694554
4971405016727846954
4970452872373380656
4969500757053705388
4968548670768230884
4967596613516366884
4966644585297523134
4965692586111109386
4964740615956535398
4963788674833210934
4962836762740545764
4961884879677949664
4960933025644832416
4959981200640603808
4959029404664673634
4958077637716451694
4957125899795347794
4956174190900771746
4955222511032133368
4954270860188842484
4953319238370308924
4952367645575942524
4951416081805153126
4950464547057350578
4949513041331944734
4948561564628345454
4947610116945962604
4946658698284206056
4945707308642485688
4944755948020211384
4943804616416793034
4942853313831640534
4941902040264163786
4940950795713772698
4939999580179877184
4939048393661887164
4938097236159212564
4937146107671263316
4936195008197449358
4935243937737180634
4934292896289867094
4933341883854918694
4932390900431745396
4931439946019757168
4930489020618363984
4929538124226975824
4928587256845002674
4927636418471854526
4926685609106941378
4925734828749673234
4924784077399460104
4923833355055712004
4922882661717838956
4921931997385250988
4920981362057358134
4920030755733570434
4919080178413297934
4918129630095950686
4917179110780938748
4916228620467672184
4915278159155561064
4914327726844015464
4913377323532445466
4912426949220261158
4911476603906872634
4910526287591689994
4909576000274123344
4908625741953582796
4907675512629478468
4906725312301220484
4905775140968218974
4904824998629884074
4903874885285625926
4902924800934854678
4901974745576980484
4901024719211413504
4900074721837563904
4899124753454841856
4898174814062657538
4897224903660421134
4896275022247542834
4895325169823432834
4894375346387501336
4893425551939158548
4892475786477814684
4891526050002879964
4890576342513764614
4889626664009878866
4888677014490632958
4887727393955437134
4886777802403701644
4885828239834836744
4884878706248252696
4883929201643359768
4882979726019568234
4882030279376288374
4881080861712930474
4880131473028904826
4879182113323621728
4878232782596491484
4877283480846924404
4876334208074330804
4875384964278121006
4874435749457705338
4873486563612494134
4872537406741897734
4871588278845326484
4870639179922190736
4869690109971900848
4868741068993867184
4867792056987500114
4866843073952210014
4865894119887407266
4864945194792502258
4863996298666905384
4863047431510027044
4862098593321277644
4861149784100067596
4860201003845807318
4859252252557907234
4858303530235777774
4857354836878829374
4856406172486472476
4855457537058117528
4854508930593174984
4853560353091055304
4852611804551168954
4851663284972926406
4850714794355738138
4849766332699014634
4848817900002166384
4847869496264603884
4846921121485737636
4845972775664978148
4845024458801735934
4844076170895421514
4843127911945445414
4842179681951218166
4841231480912150308
4840283308827652384
4839335165697134944
4838387051520008544
4837438966295683746
4836490910023571118
4835542882703081234
4834594884333624674
4833646914914612024
4832698974445453876
4831751062925560828
4830803180354343484
4829855326731212454
4828907502055578354
4827959706326851806
4827011939544443438
4826064201707763884
4825116492816223784
4824168812869233784
4823221161866204536
4822273539806546698
4821325946689670934
4820378382514987914
4819430847281908314
4818483340989842816
4817535863638202108
4816588415226396884
4815640995753837844
4814693605219935694
4813746243624101146
4812798910965744918
4811851607244277734
4810904332459110324
4809957086609653424
4809009869695317776
4808062681715514128
4807115522669653234
4806168392557145854
4805221291377402754
4804274219129834706
4803327175813852488
4802380161428866884
4801433175974288684
4800486219449528684
4799539291853997686
4798592393187106498
4797645523448265934
4796698682636886814
4795751870752379964
4794805087794156216
4793858333761626408
4792911608654201384
4791964912471291994
4791018245212309094
4790071606876663546
4789124997463766218
4788178416973027984
4787231865403859724
4786285342755672324
4785338849027876676
4784392384219883678
4783445948331104234
4782499541360949254
4781553163308829654
4780606814174156356
4779660493956340288
4778714202654792384
4777767940268923584
4776821706798144834
4775875502241867086
4774929326599501298
4773983179870458434
4773037062054149464
4772090973149985364
4771144913157377116
4770198882075735708
4769252879904472134
4768306906642997394
4767360962290722494
4766415046847058446
4765469160311416268
4764523302683206984
4763577473961841624
4762631674146731224
4761685903237286826
4760740161232919478
4759794448133040234
4758848763937060154
4757903108644390304
4756957482254441756
4756011884766625588
4755066316180352884
4754120776495034734
4753175265710082234
4752229783824906486
4751284330838918598
4750338906751529684
4749393511562150864
4748448145270193264
4747502807875068016
4746557499376186258
4745612219772959134
4744666969064797794
4743721747251113394
4742776554331317096
4741831390304820068
4740886255171033484
4739941148929368524
4738996071579236374
4738051023120048226
4737106003551215278
4736161012872148734
4735216051082259804
4734271118180959704
4733326214167659656
4732381339041770888
4731436492802704634
4730491675449872134
4729546886982684634
4728602127400553386
4727657396702889648
4726712694889104684
4725768021958609764
4724823377910816164
4723878762745135166
4722934176460978058
4721989619057756134
4721045090534880694
4720100590891763044
4719156120127814496
4718211678242446368
4717267265235069984
4716322881105096674
4715378525851937774
4714434199475004626
4713489901973708578
4712545633347460984
4711601393595673204
4710657182717756604
4709713000713122556
4708768847581182438
4707824723321347634
4706880627933029534
4705936561415639534
4704992523768589036
4704048514991289448
4703104535083152184
4702160584043588664
4701216661872010314
4700272768567828566
4699328904130454858
4698385068559300634
4697441261853777344
4696497484013296444
4695553735037269396
4694610014925107668
4693666323676222734
4692722661290026074
4691779027765929174
4690835423103343526
4689891847301680628
4688948300360351984
4688004782278769104
4687061293056343504
4686117832692486706
4685174401186610238
4684230998538125634
4683287624746444434
4682344279810978184
4681400963731138436
4680457676506336748
4679514418135984684
4678571188619493814
4677627987956275714
4676684816145741966
4675741673187304158
4674798559080373884
4673855473824362744
4672912417418682344
4671969389862744296
4671026391155960218
4670083421297741734
4669140480287500474
4668197568124648074
4667254684808596176
4666311830338756428
4665369004714540484
4664426207935360004
4663483440000626654
4662540700909752106
4661597990662148038
4660655309257226134
4659712656694398084
4658770032973075584
4657827438092670336
4656884872052594048
4655942334852258434
4654999826491075214
4654057346968456114
4653114896283812866
4652172474436557208
4651230081426100884
4650287717251855644
4649345381913233244
4648403075409645446
4647460797740504018
4646518548905220734
4645576328903207374
4644634137733875724
4643691975396637576
4642749841890904728
4641807737216088984
4640865661371602154
4639923614356856054
4638981596171262506
4638039606814233338
4637097646285180384
4636155714583515484
4635213811708650484
4634271937659997236
4633330092436967598
4632388276038973434
4631446488465426614
4630504729715739014
4629562999789322516
4628621298685589008
4627679626403950384
4626737982943818544
4625796368304605394
4624854782485722846
4623913225486582818
4622971697306597234
4622030197945178024
4621088727401737124
4620147285675686476
4619205872766438028
4618264488673403734
4617323133395995554
4616381806933625454
4615440509285705406
4614499240451647388
4613558000430863384
4612616789222765384
4611675606826765384
4610734453242275386
4609793328468707398
4608852232505473434
4607911165351985514
4606970127007655664
4606029117471895916
4605088136744118308
4604147184823734884
4603206261710157694
4602265367402798794
4601324501901070246
4600383665204384118
4599442857312152484
4598502078223787424
4597561327938701024
4596620606456305376
4595679913776012578
4594739249897234734
4593798614819383954
4592858008541872354
4591917431064112056
4590976882385515188
4590036362505493884
4589095871423460284
4588155409138826534
4587214975651004786
4586274570959407198
4585334195063445934
4584393847962533164
4583453529656081064
4582513240143501816
4581572979424207608
4580632747497610634
4579692544363123094
4578752370020157194
4577812224468125146
4576872107706439168
4575932019734511484
4574991960551754324
4574051930157579924
4573111928551400526
4572171955732628378
4571232011700675734
4570292096454954854
4569352209994878004
4568412352319857456
4567472523429305488
4566532723322634384
4565592951999256434
4564653209458583934
4563713495700029186
4562773810723004498
4561834154526922184
4560894527111194564
4559954928475233964
4559015358618452716
4558075817540263158
4557136305240077634
4556196821717308494
4555257366971368094
4554317941001668796
4553378543807622968
4552439175388642984
4551499835744141224
4550560524873530074
4549621242776221926
4548681989451629178
4547742764899164234
4546803569118239504
4545864402108267404
4544925263868660356
4543986154398830788
4543047073698191134
4542108021766153834
4541168998602131334
4540230004205536086
4539291038575780548
4538352101712277184
4537413193614438464
4536474314281676864
4535535463713404866
4534596641909034958
4533657848867979634
4532719084589651394
4531780349073462744
4530841642318826196
4529902964325154268
4528964315091859484
4528025694618354374
4527087102904051474
4526148539948363326
4525210005750702478
4524271500310481484
4523333023627112904
4522394575700009304
4521456156528583256
4520517766112247338
4519579404450414134
4518641071542496234
4517702767387906234
4516764491986056736
4515826245336360348
4514888027438229684
4513949838291077364
4513011677894316014
4512073546247358266
4511135443349616758
4510197369200504134
4509259323799433044
4508321307145816144
4507383319239066096
4506445360078595568
4505507429663817234
4504569527994143774
4503631655068987874
4502693810887762226
4501755995449879528
4500818208754752484
4499880450801793804
4498942721590416204
4498005021120032406
4497067349390055138
4496129706399897134
4495192092148971134
4494254506636689884
4493316949862466136
4492379421825712648
4491441922525842184
4490504451962267514
4489567010134401414
4488629597041656666
4487692212683446058
4486754857059182384
4485817530168278444
4484880232010147044
4483942962584200996
4483005721889853118
4482068509926516234
4481131326693603174
4480194172190526774
4479257046416699876
4478319949371535328
4477382881054445984
4476445841464844704
4475508830602144354
4474571848465757806
4473634895055097938
4472697970369577634
4471761074408609784
4470824207171607284
4469887368657983036
4468950558867149948
4468013777798520934
4467077025451508914
4466140301825526814
4465203606919987566
4464266940734304108
4463330303267889384
4462393694520156344
4461457114490517944
4460520563178387146
4459584040583176918
4458647546704300234
4457711081541170074
4456774645093199424
4455838237359801276
4454901858340388628
4453965508034374484
4453029186441171854
4452092893560193754
4451156629390853206
4450220393932563238
4449284187184736884
4448348009146787184
4447411859818127184
4446475739198169936
4445539647286328498
4444603584082015934
4443667549584645314
4442731543793629714
4441795566708382216
4440859618328315908
4439923698652843884
4438987807681379244
4438051945413335094
4437116111848124546
4436180306985160718
4435244530823856734
4434308783363625724
4433373064603880824
4432437374544035176
4431501713183501928
4430566080521694234
4429630476558025254
4428694901291908154
4427759354722756106
4426823836849982288
4425888347672999884
4424952887191222084
4424017455404062084
4423082052310933086
4422146677911248298
4421211332204420934
4420276015189864214
4419340726866991364
4418405467235215616
4417470236293950208
4416535034042608384
4415599860480603394
4414664715607348494
4413729599422256946
4412794511924742018
4411859453114216984
4410924422990095124
4409989421551789724
4409054448798714076
4408119504730281478
4407184589345905234
4406249702644998654
4405314844626975054
4404380015291247756
4403445214637230088
4402510442664335384
4401575699371976984
4400640984759568234
4399706298826522486
4398771641572253098
4397837012996173434
4396902413097696864
4395967841876236764
4395033299331206516
4394098785462019508
4393164300268089134
4392229843748828794
4391295415903651894
4390361016731971846
4389426646233202068
4388492304406755984
4387557991252047024
4386623706768488624
4385689450955494226
4384755223812477278
4383821025338851234
4382886855534029554
4381952714397425704
4381018601928453156
4380084518126525388
4379150462991055884
4378216436521458134
4377282438717145634
4376348469577531886
4375414529102030398
4374480617290054684
4373546734141018264
4372612879654334664
4371679053829417416
4370745256665680058
4369811488162536134
4368877748319399194
4367944037135682794
4367010354610800496
4366076700744165868
4365143075535192484
4364209478983293924
4363275911087883774
4362342371848375626
4361408861264183078
4360475379334719734
4359541926059399204
4358608501437635104
4357675105468841056
4356741738152430688
4355808399487817634
4354875089474415534
4353941808111638034
4353008555398898786
4352075331335611448
4351142135921189684
4350208969155047164
4349275831036597564
4348342721565254566
4347409640740431858
4346476588561543134
4345543565028002094
4344610570139222444
4343677603894617896
4342744666293602168
4341811757335588984
4340878877019992074
4339946025346225174
4339013202313702026
4338080407921836378
4337147642170041984
4336214905057732604
4335282196584322004
4334349516749223956
4333416865551852238
4332484242991620634
4331551649067942934
4330619083780232934
4329686547127904436
4328754039110371248
4327821559727047184
4326889108977346064
4325956686860681714
4325024293376467966
4324091928524118658
4323159592303047634
4322227284712668744
4321295005752395844
4320362755421642796
4319430533719823468
4318498340646351734
4317566176200641474
4316634040382106574
4315701933190160926
4314769854624218428
4313837804683692984
4312905783367998504
4311973790676548904
4311041826608758106
4310109891164040038
4309177984341808634
4308246106141477834
4307314256562461584
4306382435604173836
4305450643266028548
4304518879547439684
4303587144447821214
4302655437966587114
4301723760103151366
4300792110856927958
4299860490227330884
4298928898213774144
4297997334815671744
4297065800032437696
4296134293863486018
4295202816308230734
4294271367366085874
4293339947036465474
4292408555318783576
4291477192212454228
4290545857716891484
4289614551831509404
4288683274555722054
4287752025888943506
4286820805830587838
4285889614380069134
4284958451536801484
4284027317300198984
4283096211669675736
4282165134644645848
4281234086224523434
4280303066408722614
4279372075196657514
4278441112587742266
4277510178581391008
4276579273177017884
4275648396374037044
4274717548171862644
4273786728569908846
4272855937567589818
4271925175164319734
4270994441359512774
4270063736152583124
4269133059542944976
4268202411530012528
4267271792113199984
4266341201291921554
4265410639065591454
4264480105433623906
4263549600395433138
4262619123950433384
4261688676098038884
4260758256837663884
4259827866168722636
4258897504090629398
4257967170602798434
4257036865704644014
4256106589395580414
4255176341675021916
4254246122542382808
4253315931997077384
4252385770038519944
4251455636666124794
4250525531879306246
4249595455677478618
4248665408060056234
4247735389026453424
4246805398576084524
4245875436708363876
4244945503422705828
4244015598718524734
4243085722595234954
4242155875052250854
4241226056088986806
4240296265704857188
4239366503899276384
4238436770671658784
4237507066021418784
4236577389947970786
4235647742450729198
4234718123529108434
4233788533182522914
4232858971410387064
4231929438212115316
4230999933587122108
4230070457534821884
4229141010054629094
4228211591145958194
4227282200808223646
4226352839040839918
4225423505843221484
4224494201214782824
4223564925154938424
4222635677663102776
4221706458738690378
4220777268381115734
4219848106589793354
4218918973364137754
4217989868703563456
4217060792607484988
4216131745075316884
4215202726106473684
4214273735700369934
4213344773856420186
4212415840574038998
4211486935852640934
4210558059691640564
4209629212090452464
4208700393048491216
4207771602565171408
4206842840639907634
4205914107272114494
4204985402461206594
4204056726206598546
4203128078507704968
4202199459363940484
4201270868774719724
4200342306739457324
4199413773257567926
4198485268328466178
4197556791951566734
4196628344126284254
4195699924852033404
4194771534128228856
4193843171954285288
4192914838329617384
4191986533253639834
4191058256725767334
4190130008745414586
4189201789311996298
4188273598424927184
4187345436083621964
4186417302287495364
4185489197035962116
4184561120328436958
4183633072164334634
4182705052543069894
4181777061464057494
4180849098926712196
4179921164930448768
4178993259474681984
4178065382558826624
4177137534182297474
4176209714344509326
4175281923044876978
4174354160282815234
4173426426057738904
4172498720369062804
4171571043216201756
4170643394598570588
4169715774515584134
4168788182966657234
4167860619951204734
4166933085468641486
4166005579518382348
4165078102099842184
4164150653212435864
4163223232855578264
4162295841028684266
4161368477731168758
4160441142962446634
4159513836721932794
4158586559009042144
4157659309823189596
4156732089163790068
4155804897030258484
4154877733422009774
4153950598338458874
4153023491779020726
4152096413743110278
4151169364230142484
4150242343239532304
4149315350770694704
4148388386823044656
4147461451395997138
4146534544488967134
4145607666101369634
4144680816232619634
4143753994882132136
4142827202049322148
4141900437733604684
4140973701934394764
4140046994651107414
4139120315883157666
4138193665629960558
4137267043890931134
4136340450665484444
4135413885953035544
4134487349752999496
4133560842064791368
4132634362887826234
4131707912221519174
4130781490065285274
4129855096418539626
4128928731280697328
4128002394651173484
4127076086529383204
4126149806914741604
4125223555806663806
4124297333204564938
4123371139107860134
4122444973515964534
4121518836428293284
4120592727844261536
4119666647763284448
4118740596184777184
4117814573108154914
4116888578532832814
4115962612458226066
4115036674883749858
4114110765808819384
4113184885232849844
4112259033155256444
4111333209575454396
4110407414492858918
4109481647906885234
4108555909816948574
4107630200222464174
4106704519122847276
4105778866517513128
4104853242405876984
4103927646787354104
4103002079661359754
4102076541027309206
4101151030884617738
4100225549232700634
4099300096070973184
4098374671398850684
4097449275215748436
4096523907521081748
4095598568314265934
4094673257594716314
4093747975361848214
4092822721615076966
4091897496353817908
4090972299577486384
4090047131285497744
4089121991477267344
4088196880152210546
4087271797309742718
4086346742949279234
4085421717070235474
4084496719672026824
4083571750754068676
4082646810315776428
4081721898356565484
4080797014875851254
4079872159873049154
4078947333347574606
4078022535298843038
4077097765726269884
4076173024629270584
4075248312007260584
4074323627859655336
4073398972185870298
4072474344985320934
4071549746257422714
4070625176001591114
4069700634217241616
4068776120903789708
4067851636060650884
4066927179687240644
4066002751782974494
4065078352347267946
4064153981379536518
4063229638879195734
4062305324845661124
4061381039278348224
4060456782176672576
4059532553540049728
4058608353367895234
4057684181659624654
4056760038414653554
4055835923632397506
4054911837312272088
4053987779453692884
4053063750056075484
4052139749118835484
4051215776641388486
4050291832623150098
4049367917063535934
4048444029961961614
4047520171317842764
4046596341130595016
4045672539399634008
4044748766124375384
4043825021304234794
4042901304938627894
4041977617026970346
4041053957568677818
4040130326563165984
4039206724009850524
4038283149908147124
4037359604257471476
4036436087057239278
4035512598306866234
4034589138005768054
4033665706153360454
4032742302749059156
4031818927792279888
4030895581282438384
4029972263218950384
4029048973601231634
4028125712428697886
4027202479700764898
4026279275416848434
4025356099576364264
4024432952178728164
4023509833223355916
4022586742709663308
4021663680637066134
4020740647004980194
4019817641812821294
4018894665060005246
4017971716745947868
4017048796870064984
4016125905431772424
4015203042430486024
4014280207865621626
4013357401736595078
4012434624042822234
4011511874783718954
4010589153958701104
4009666461567184556
4008743797608585188
4007821162082318884
4006898554987801534
4005975976324449034
4005053426091677286
4004130904288902198
4003208410915539684
4002285945971005664
4001363509454716064
4000441101366086816
3999518721704533858
3998596370469473134
3997674047660320594
3996751753276492194
3995829487317403896
3994907249782471668
3993985040671111484
3993062859982739324
3992140707716771174
3991218583872623026
3990296488449710878
3989374421447450734
3988452382865258604
3987530372702550504
3986608390958742456
3985686437633250488
3984764512725490634
3983842616234878934
3982920748160831434
3981998908502764186
3981077097260093248
3980155314432234684
3979233560018604564
3978311834018618964
3977390136431693966
3976468467257245658
3975546826494690134
3974625214143443494
3973703630202921844
3972782074672541296
3971860547551717968
3970939048839867984
3970017578536407474
3969096136640752574
3968174723152319426
3967253338070524178
3966331981394782984
3965410653124512004
3964489353259127404
3963568081798045356
3962646838740682038
3961725624086453634
3960804437834776334
3959883279985066334
3958962150536739836
3958041049489213048
3957119976841902184
3956198932594223464
3955277916745593114
3954356929295427366
3953435970243142458
3952515039588154634
3951594137329880144
3950673263467735244
3949752418001136196
3948831600929499268
3947910812252240734
3946990051968776874
3946069320078523974
3945148616580898326
3944227941475316228
3943307294761193984
3942386676437947904
3941466086504994304
3940545524961749506
3939624991807629838
3938704487042051634
3937784010664431234
3936863562674184984
3935943143070729236
3935022751853480348
3934102389021854684
3933182054575268614
3932261748513138514
3931341470834880766
3930421221539911758
3929501000627647884
3928580808097505544
3927660643948901144
3926740508181251096
3925820400793971818
3924900321786479734
3923980271158191274
3923060248908522874
3922140255036890976
3921220289542712028
3920300352425402484
3919380443684378804
3918460563319057454
3917540711328854906
3916620887713187638
3915701092471472134
3914781325603124884
3913861587107562384
3912941876984201136
3912022195232457648
3911102541851748434
3910182916841490014
3909263320201098914
3908343751929991666
3907424212027584808
3906504700493294884
3905585217326538444
3904665762526732044
3903746336093292246
3902826938025635618
3901907568323178734
3900988226985338174
3900068914011530524
3899149629401172376
3898230373153680328
3897311145268470984
3896391945744960954
3895472774582566854
3894553631780705306
3893634517338792938
3892715431256246384
3891796373532482284
3890877344166917284
3889958343158968036
3889039370508051198
3888120426213583434
3887201510274981414
3886282622691661814
3885363763463041316
3884444932588536608
3883526130067564384
3882607355899541344
3881688610083884194
3880769892620009646
3879851203507334418
3878932542745275234
3878013910333248824
3877095306270671924
3876176730556961276
3875258183191533628
3874339664173805734
3873421173503194354
3872502711179116254
3871584277200988206
3870665871568226988
3869747494280249384
3868829145336472184
3867910824736312184
3866992532479186186
3866074268564510998
3865156032991703434
3864237825760180314
3863319646869358464
3862401496318654716
3861483374107485908
3860565280235268884
3859647214701420494
3858729177505357594
3857811168646497046
3856893188124255718
3855975235938050484
3855057312087298224
3854139416571415824
3853221549389820176
3852303710541928178
3851385900027156734
3850468117844922754
3849550363994643154
3848632638475734856
3847714941287614788
3846797272429699884
3845879631901407084
3844962019702153334
3844044435831355586
3843126880288430798
3842209353072795934
3841291854183867964
3840374383621063864
3839456941383800616
3838539527471495208
3837622141883564634
3836704784619425894
3835787455678495994
3834870155060191946
3833952882763930768
3833035638789129484
3832118423135205124
3831201235801574724
3830284076787655326
3829366946092863978
3828449843716617734
3827532769658333654
3826615723917428804
3825698706493320256
3824781717385425088
3823864756593160384
3822947824115943234
3822030919953190734
3821114044104319986
3820197196568748098
3819280377345892184
3818363586435169364
3817446823835996764
3816530089547791516
3815613383569970758
3814696705901951634
3813780056543151294
3812863435492986894
3811946842750875596
3811030278316234568
3810113742188480984
3809197234367032024
3808280754851304874
3807364303640716726
3806447880734684778
3805531486132626234
3804615119833958304
3803698781838098204
3802782472144463156
3801866190752470388
3800949937661537134
3800033712871080634
3799117516380518134
3798201348189266886
3797285208296744148
3796369096702367184
3795453013405553264
3794536958405719664
3793620931702283666
3792704933294662558
3791788963182273634
3790873021364534194
3789957107840861544
3789041222610672996
3788125365673385868
3787209537028417484
3786293736675185174
3785377964613106274
3784462220841598126
3783546505360078078
3782630818167963484
3781715159264671704
3780799528649620104
3779883926322226056
3778968352281906938
3778052806528080134
3777137289060163034
3776221799877573034
3775306338979727536
3774390906366043948
3773475502035939684
3772560125988832164
3771644778224138814
3770729458741277066
3769814167539664358
3768898904618718134
3767983669977855844
3767068463616494944
3766153285534052896
3765238135729947168
3764323014203595234
3763407920954414574
3762492855981822674
3761577819285237026
3760662810864075128
3759747830717754484
3758832878845692604
3757917955247307004
3757003059922015206
3756088192869234738
3755173354088383134
3754258543578877934
3753343761340136684
3752429007371576936
3751514281672616248
3750599584242672184
3749684915081162314
3748770274187504214
3747855661561115466
3746941077201413658
3746026521107816384
3745111993279741244
3744197493716605844
3743283022417827796
3742368579382824718
3741454164611014234
3740539778101813974
3739625419854641574
3738711089868914676
3737796788144050928
3736882514679467984
3735968269474583504
3735054052528815154
3734139863841580606
3733225703412297538
3732311571240383634
3731397467325256584
3730483391666334084
3729569344263033836
3728655325114773548
3727741334220970934
3726827371581043714
3725913437194409614
3724999531060486366
3724085653178691708
3723171803548443384
3722257982169159144
3721344189040256744
3720430424161153946
3719516687531268518
3718602979150018234
3717689299016820874
3716775647131094224
3715862023492256076
3714948428099724228
3714034860952916484
3713121322051250654
3712207811394144554
3711294328981016006
3710380874811282838
3709467448884362884
3708554051199673984
3707640681756633984
3706727340554660736
3705814027593172098
3704900742871585934
3703987486389320114
3703074258145792514
3702161058140421016
3701247886372623508
3700334742841817884
3699421627547422044
3698508540488853894
3697595481665531346
3696682451076872318
3695769448722294734
3694856474601216524
3693943528713055624
3693030611057229976
3692117721633157528
3691204860440256234
3690292027477944054
3689379222745638954
3688466446242758906
3687553697968721888
3686640977922945884
3685728286104848884
3684815622513848884
3683902987149363886
3682990380010811898
3682077801097610934
3681165250409179014
3680252727944934164
3679340233704294416
3678427767686677808
3677515329891502384
3676602920318186194
3675690538966147294
3674778185834803746
3673865860923573618
3672953564231874984
3672041295759125924
3671129055504744524
3670216843468148876
3669304659648757078
3668392504045987234
3667480376659257454
3666568277487985854
3665656206531590556
3664744163789489688
3663832149261101384
3662920162945843784
3662008204843135034
3661096274952393286
3660184373273036698
3659272499804483434
3658360654546151664
3657448837497459564
3656537048657825316
3655625288026667108
3654713555603403134
3653801851387451594
3652890175378230694
3651978527575158646
3651066907977653668
3650155316585133984
3649243753397017824
3648332218412723424
3647420711631669026
3646509233053272878
3645597782676953234
3644686360502128354
3643774966528216504
3642863600754635956
3641952263180804988
3641040953806141884
3640129672630064934
3639218419651992434
3638307194871342686
3637395998287533998
3636484829899984684
3635573689708113064
3634662577711337464
3633751493909076216
3632840438300747658
3631929410885770134
3631018411663561994
3630107440633541594
3629196497795127296
3628285583147737468
3627374696690790484
3626463838423704724
3625553008345898574
3624642206456790426
3623731432755798678
3622820687242341734
3621909969915838004
3620999280775705904
3620088619821363856
3619177987052230288
3618267382467723634
3617356806067262334
3616446257850264834
3615535737816149586
3614625245964335048
3613714782294239684
3612804346805281964
3611893939496880364
3610983560368453366
3610073209419419458
3609162886649197134
3608252592057204894
3607342325642861244
3606432087405584696
3605521877344793768
3604611695459906984
3603701541750342874
3602791416215519974
3601881318854856826
3600971249667771978
3600061208653683984
3599151195812011404
3598241211142172804
3597331254643586756
3596421326315671838
3595511426157846634
3594601554169529734
3593691710350139734
3592781894699095236
3591872107215814848
3590962347899717184
3590052616750220864
3589142913766744514
3588233238948706766
3587323592295526258
3586413973806621634
3585504383481411544
3584594821319314644
3583685287319749596
3582775781482135068
3581866303805889734
3580956854290432274
3580047432935181374
3579138039739555726
3578228674702974028
3577319337824854984
3576410029104617304
3575500748541679704
3574591496135460906
3573682271885379638
3572773075790854634
3571863907851304634
3570954768066148384
3570045656434804636
3569136572956692148
3568227517631229684
3567318490457836014
3566409491435929914
3565500520564930166
3564591577844255558
3563682663273324884
3562773776851556944
3561864918578370544
3560956088453184496
3560047286475417618
3559138512644488734
3558229766959816674
3557321049420820274
3556412360026918376
3555503698777529828
3554595065672073484
3553686460709968204
3552777883890632854
3551869335213486306
3550960814677947438
3550052322283435134
3549143858029368284
3548235421915165784
3547327013940246536
3546418634104029448
3545510282405933434
3544601958845377414
3543693663421780314
3542785396134561066
3541877156983138608
3540968945966931884
3540060763085359844
3539152608337841444
3538244481723795646
3537336383242641418
3536428312893797734
3535520270676683574
3534612256590717924
3533704270635319776
3532796312809908128
3531888383113901984
3530980481546720354
3530072608107782254
3529164762796506706
3528256945612312738
3527349156554619384
3526441395622845684
3525533662816410684
3524625958134733436
3523718281577232998
3522810633143328434
3521903012832438814
3520995420643983214
3520087856577380716
3519180320632050408
3518272812807411384
3517365333102882744
3516457881517883594
3515550458051833046
3514643062704150218
3513735695474254234
3512828356361564224
3511921045365499324
3511013762485478676
3510106507720921428
3509199281071246734
3508292082535873754
3507384912114221654
3506477769805709606
3505570655609756788
3504663569525782384
3503756511553205584
3502849481691445584
3501942479939921586
3501035506298052798
3500128560765258434
3499221643340957714
3498314754024569864
3497407892815514116
3496501059713209708
3495594254717075884
3494687477826531894
3493780729040996994
3492874008359890446
3491967315782631518
3491060651308639484
3490154014937333624
3489247406668133224
3488340826500457576
3487434274433725978
3486527750467357734
3485621254600772154
3484714786833388554
3483808347164626256
3482901935593904588
3481995552120642884
3481089196744260484
3480182869464176734
3479276570279810986
3478370299190582598
3477464056195910934
3476557841295215364
3475651654487915264
3474745495773430016
3473839365151179008
3472933262620581634
3472027188181057294
3471121141832025394
3470215123572905346
3469309133403116568
3468403171322078484
3467497237329210524
3466591331423932124
3465685453605662726
3464779603873821778
3463873782227828734
3462967988667103054
3462062223191064204
3461156485799131656
3460250776490724888
3459345095265263384
3458439442122166634
3457533817060854134
3456628220080745386
3455722651181259898
3454817110361817184
3453911597621836764
3453006112960738164
3452100656377940916
3451195227872864558
3450289827444928634
3449384455093552694
3448479110818156294
3447573794618158996
3446668506492980368
3445763246442039984
3444858014464757424
3443952810560552274
3443047634728844126
3442142486969052578
3441237367280597234
3440332275662897704
3439427212115373604
3438522176637444556
3437617169228530188
3436712189888050134
3435807238615424034
3434902315410071534
3433997420271412286
3433092553198865948
3432187714191852184
3431282903249790664
3430378120372101064
3429473365558203066
3428568638807516358
3427663940119460634
3426759269493455594
3425854626928920944
3424950012425276396
3424045425981941668
3423140867598336484
3422236337273880574
3421331835007993674
3420427360800095526
3419522914649605878
3418618496555944484
3417714106518531104
3416809744536785504
3415905410610127456
3415001104737976738
3414096826919753134
3413192577154876434
3412288355442766434
3411384161782842936
3410479996174525748
3409575858617234684
3408671749110389564
3407767667653410214
3406863614245716466
3405959588886728158
3405055591575865134
3404151622312547244
3403247681096194344
3402343767926226296
3401439882802062968
3400536025723124234
3399632196688829974
3398728395698600074
3397824622751854426
3396920877848012928
3396017160986495484
3395113472166722004
3394209811388112404
3393306178650086606
3392402573952064538
3391498997293466134
3390595448673711334
3389691928092220084
3388788435548412336
3387884971041708048
3386981534571527184
3386078126137289714
3385174745738415614
3384271393374324866
3383368069044437458
3382464772748173384
3381561504484952644
3380658264254195244
3379755052055321196
3378851867887750518
3377948711750903234
3377045583644199374
3376142483567058974
3375239411518902076
3374336367499148728
3373433351507218984
3372530363542532904
3371627403604510554
3370724471692572006
3369821567806137338
3368918691944626634
3368015844107459984
3367113024294057484
3366210232503839236
3365307468736225348
3364404732990635934
3363502025266491114
3362599345563211014
3361696693880215766
3360794070216925508
3359891474572760384
3358988906947140544
3358086367339486144
3357183855749217346
3356281372175754318
3355378916618517234
3354476489076926274
3353574089550401624
3352671718038363476
3351769374540232028
3350867059055427484
3349964771583370054
3349062512123479954
3348160280675177406
3347258077237882638
3346355901811015884
3345453754393997384
3344551634986247384
3343649543587186136
3342747480196233898
3341845444812810934
3340943437436337514
3340041458066233914
3339139506701920416
3338237583342817308
3337335687988344884
3336433820637923444
3335531981290973294
3334630169946914746
3333728386605168118
3332826631265153734
3331924903926291924
3331023204588003024
3330121533249707376
3329219889910825328
3328318274570777234
3327416687228983454
3326515127884864354
3325613596537840306
3324712093187331688
3323810617832758884
3322909170473542284
3322007751109102284
3321106359738859286
3320204996362233698
3319303660978645934
3318402353587516414
3317501074188265564
3316599822780313816
3315698599363081608
3314797403935989384
3313896236498457594
3312995097049906694
3312093985589757146
3311192902117429418
3310291846632343984
3309390819133921324
3308489819621581924
3307588848094746276
3306687904552834878
3305786988995268234
3304886101421466854
3303985241830851254
3303084410222841956
3302183606596859488
3301282830952324384
3300382083288657184
3299481363605278434
3298580671901608686
3297680008177068498
3296779372431078434
3295878764663059064
3294978184872430964
3294077633058614716
3293177109221030908
3292276613359100134
3291376145472242994
3290475705559880094
3289575293621432046
3288674909656319468
3287774553663962984
3286874225643783224
3285973925595200824
3285073653517636426
3284173409410510678
3283273193273244234
3282373005105257754
3281472844905971904
3280572712674807356
3279672608411184788
3278772532114524884
3277872483784248334
3276972463419775834
3276072471020528086
3275172506585925798
3274272570115389684
3273372661608340464
3272472781064198864
3271572928482385616
3270673103862321458
3269773307203427134
3268873538505123394
3267973797766830994
3267074084987970696
3266174400167963268
3265274743306229484
3264375114402190124
3263475513455265974
3262575940464877826
3261676395430446478
3260776878351392734
3259877389227137404
3258977928057101304
3258078494840705256
3257179089577370088
3256279712266516634
3255380362907565734
3254481041499938234
3253581748043054986
3252682482536336848
3251783244979204684
3250884035371079364
3249984853711381764
3249085699999532766
3248186574234953258
3247287476417064134
3246388406545286294
3245489364619040644
3244590350637748096
3243691364600829568
3242792406507705984
3241893476357798274
3240994574150527374
3240095699885314226
3239196853561579778
3238298035178744984
3237399244736230804
3236500482233458204
3235601747669848156
3234703041044821638
3233804362357799634
3232905711608203134
3232007088795453134
3231108493918970636
3230209926978176648
3229311387972492184
3228412876901338264
3227514393764135914
3226615938560306166
3225717511289270058
3224819111950448634
3223920740543262944
3223022397067134044
3222124081521482996
3221225793905730868
3220327534219298734
3219429302461607674
3218531098632078774
3217632922730133126
3216734774755191828
3215836654706675984
3214938562584006704
3214040498386605104
3213142462113892306
3212244453765289438
3211346473340217634
3210448520838098034
3209550596258351784
3208652699600400036
3207754830863663948
3206856990047564684
3205959177151523414
3205061392174961314
3204163635117299566
3203265905977959358
3202368204756361884
3201470531451928344
3200572886064079944
3199675268592237896
3198777679035823418
3197880117394257734
3196982583666962074
3196085077853357674
3195187599952865776
3194290149964907628
3193392727888904484
3192495333724277604
3191597967470448254
3190700629126837706
3189803318692867238
3188906036167958134
3188008781551531684
3187111554843009184
3186214356041811936
3185317185147361248
3184420042159078434
3183522927076384814
3182625839898701714
3181728780625450466
3180831749256052408
3179934745789928884
3179037770226501244
3178140822565190844
3177243902805419046
3176347010946607218
3175450146988176734
3174553310929548974
3173656502770145324
3172759722509387176
3171862970146695928
3170966245681492984
3170069549113199754
3169172880441237654
3168276239665028106
3167379626783992538
3166483041797552384
3165586484705129084
3164689955506144084
3163793454200018836
3162896980786174798
3162000535264033434
3161104117633016214
3160207727892544614
3159311366042040116
3158415032080924208
3157518726008618384
3156622447824544144
3155726197528122994
3154829975118776446
3153933780595926018
3153037613958993234
3152141475207399624
3151245364340566724
3150349281357916076
3149453226258869228
3148557199042847734
3147661199709273154
3146765228257567054
3145869284687151006
3144973368997446588
3144077481187875384
3143181621257858984
3142285789206818984
3141389985034176986
3140494208739354598
3139598460321773434
3138702739780855114
3137807047116021264
3136911382326693516
3136015745412293508
3135120136372242884
3134224555205963294
3133329001912876394
3132433476492403846
3131537978943967318
3130642509266988484
3129747067460889024
3128851653525090624
3127956267459014976
3127060909262083778
3126165578933718734
3125270276473341554
3124375001880373954
3123479755154237656
3122584536294354388
3121689345300145884
3120794182171033884
3119899046906440134
3119003939505786386
3118108859968494398
3117213808293985934
3116318784481682764
3115423788531006664
3114528820441379416
3113633880212222808
3112738967842958634
3111844083333008694
3110949226681794794
3110054397888738746
3109159596953262368
3108264823874787484
3107370078652735924
3106475361286529524
3105580671775590126
3104686010119339578
3103791376317199734
3102896770368592454
3102002192272939604
3101107642029663056
3100213119638184688
3099318625097926384
3098424158408310034
3097529719568757534
3096635308578690786
3095740925437531698
3094846570144702184
3093952242699624164
3093057943101719564
3092163671350410316
3091269427445118358
3090375211385265634
3089481023170274094
3088586862799565694
3087692730272562396
3086798625588686168
3085904548747358984
3085010499748002824
3084116478590039674
3083222485272891526
3082328519795980378
3081434582158728234
3080540672360557104
3079646790400889004
3078752936279145956
3077859109994749988
3076965311547123134
3076071540935687434
3075177798159864934
3074284083219077686
3073390396112747748
3072496736840297184
3071603105401148064
3070709501794722464
3069815926020442466
3068922378077730158
3068028857966007634
3067135365684696994
3066241901233220344
3065348464610999796
3064455055817457468
3063561674852015484
3062668321714095974
3061774996403121074
3060881698918512926
3059988429259693678
3059095187426085484
3058201973417110504
3057308787232190904
3056415628870748856
3055522498332206538
3054629395615986134
3053736320721509834
3052843273648199834
3051950254395478336
3051057262962767548
3050164299349489684
3049271363555066964
3048378455578921614
3047485575420475866
3046592723079151958
3045699898554372134
3044807101845558644
3043914332952133744
3043021591873519696
3042128878609138768
3041236193158413234
3040343535520765374
3039450905695617474
3038558303682391826
3037665729480510728
3036773183089396484
3035880664508471404
3034988173737157804
3034095710774878006
3033203275621054338
3032310868275109134
3031418488736464734
3030526137004543484
3029633813078767736
3028741516958559848
3027849248643342184
3026957008132537114
3026064795425567014
3025172610521854266
3024280453420821258
3023388324121890384
3022496222624484044
3021604148928024644
3020712103031934596
3019820084935636318
3018928094638552234
3018036132140104774
3017144197439716374
3016252290536809476
3015360411430806528
3014468560121129984
3013576736607202304
3012684940888445954
3011793172964283406
3010901432834137138
3010009720497429634
3009118035953583384
3008226379202020884
3007334750242164636
3006443149073437148
3005551575695260934
3004660030107058514
3003768512308252414
3002877022298265166
3001985560076519308
3001094125642437384
3000202718995441944
2999311340134955544
2998419989060400746
2997528665771200118
2996637370266776234
2995746102546551674
2994854862609949024
2993963650456390876
2993072466085299828
2992181309496098484
2991290180688209454
2990399079661055354
2989508006414058806
2988616960946642438
2987725943258228884
2986834953348240784
2985943991216100784
2985053056861231536
2984162150283055698
2983271271480995934
2982380420454474914
2981489597202915314
2980598801725739816
2979708034022371108
2978817294092231884
2977926581934744844
2977035897549332694
2976145240935418146
2975254612092423918
2974364011019772734
2973473437716887324
2972582892183190424
2971692374418104776
2970801884421053128
2969911422191458234
2969020987728742854
2968130581032329754
2967240202101641706
2966349850936101488
2965459527535131884
2964569231898155684
2963678964024595684
2962788723913874686
2961898511565415498
2961008326978640934
2960118170152973814
2959228041087836964
2958337939782653216
2957447866236845408
2956557820449836384
2955667802421048994
2954777812149906094
2953887849635830546
2952997914878245218
2952108007876572984
2951218128630236724
2950328277138659324
2949438453401263676
2948548657417472678
2947658889186709234
2946769148708396254
2945879435981956654
2944989751006813356
2944100093782389288
2943210464308107384
2942320862583390584
2941431288607661834
2940541742380344086
2939652223900860298
2938762733168633434
2937873270183086464
2936983834943642364
2936094427449724116
2935205047700754708
2934315695696157134
2933426371435354394
2932537074917769494
2931647806142825446
2930758565109945268
2929869351818551984
2928980166268068624
2928091008457918224
2927201878387523826
2926312776056308478
2925423701463695234
2924534654609107154
2923645635491967304
2922756644111698756
2921867680467724588
2920978744559467884
2920089836386351734
2919200955947799234
2918312103243233486
2917423278272077598
2916534481033754684
2915645711527687864
2914756969753300264
2913868255710015016
2912979569397255258
2912090910814444134
2911202279961004794
2910313676836360394
2909425101439934096
2908536553771149068
2907648033829428484
2906759541614195524
2905871077124873374
2904982640360885226
2904094231321654278
2903205850006603734
2902317496415156804
2901429170546736704
2900540872400766656
2899652601976669888
2898764359273869634
2897876144291789134
2896987957029851634
2896099797487480386
2895211665664098648
2894323561559129684
2893435485171996764
2892547436502123164
2891659415548932166
2890771422311847058
2889883456790291134
2888995518983687694
2888107608891460044
2887219726513031496
2886331871847825368
2885444044895264984
2884556245654773674
2883668474125774774
2882780730307691626
2881893014199947578
2881005325801965984
2880117665113170204
2879230032132983604
2878342426860829556
2877454849296131438
2876567299438312634
2875679777286796534
2874792282841006534
2873904816100366036
2873017377064298448
2872129965732227184
2871242582103575664
2870355226177767314
2869467897954225566
2868580597432373858
2867693324611635634
2866806079491434344
2865918862071193444
2865031672350336396
2864144510328286668
2863257376004467734
2862370269378303074
2861483190449216174
2860596139216630526
2859709115679969628
2858822119838656984
2857935151692116104
2857048211239770504
2856161298481043706
2855274413415359238
2854387556042140634
2853500726360811434
2852613924370795184
2851727150071515436
2850840403462395748
2849953684542859684
2849066993312330814
2848180329770232714
2847293693915988966
2846407085749023158
2845520505268758884
2844633952474619744
2843747427366029344
2842860929942411296
2841974460203189218
2841088018147786734
2840201603775627474
2839315217086135074
2838428858078733176
2837542526752845428
2836656223107895484
2835769947143307004
2834883698858503654
2833997478252909106
2833111285325947038
2832225120077041134
2831338982505615084
2830452872611092584
2829566790392897336
2828680735850453048
2827794708983183434
2826908709790512214
2826022738271863114
2825136794426659866
2824250878254326208
2823364989754285884
2822479128925962644
2821593295768780244
2820707490282162446
2819821712465533018
2818935962318315734
2818050239839934374
2817164545029812724
2816278877887374576
2815393238412043728
2814507626603243984
2813622042460399154
2812736485982933054
2811850957170269506
2810965456021832338
2810079982537045384
2809194536715332484
2808309118556117484
2807423728058824236
2806538365222876598
2805653030047698434
2804767722532713614
2803882442677346014
2802997190481019516
2802111965943158008
2801226769063185384
2800341599840525544
2799456458274602394
2798571344364839846
2797686258110661818
2796801199511492234
2795916168566755024
2795031165275874124
2794146189638273476
2793261241653377028
2792376321320608734
2791491428639392554
2790606563609152454
2789721726229312406
2788836916499296388
2787952134418528384
2787067379986432384
2786182653202432384
2785297954065952386
2784413282576416398
2783528638733248434
2782644022535872514
2781759433983712664
2780874873076192916
2779990339812737308
2779105834192769884
2778221356215714694
2777336905880995794
2776452483188037246
2775568088136263118
2774683720725097484
2773799380953964424
2772915068822288024
2772030784329492376
2771146527475001578
2770262298258239734
2769378096678630954
2768493922735599354
2767609776428569056
2766725657756964188
2765841566720208884
2764957503317727284
2764073467548943534
2763189459413281786
2762305478910166198
2761421526039020934
2760537600799270164
2759653703190338064
2758769833211648816
2757885990862626608
2757002176142695634
2756118389051280094
2755234629587804194
2754350897751692146
2753467193542368168
2752583516959256484
2751699868001781324
2750816246669366924
2749932652961437526
2749049086877417378
2748165548416730734
2747282037578801854
2746398554363055004
2745515098768914456
2744631670795804488
2743748270443149384
2742864897710373434
2741981552596900934
2741098235102156186
2740214945225563498
2739331682966547184
2738448448324531564
2737565241298940964
2736682061889199716
2735798910094732158
2734915785914962634
2734032689349315494
2733149620397215094
2732266579058085796
2731383565331351968
2730500579216437984
2729617620712768224
2728734689819767074
2727851786536858926
2726968910863468178
2726086062799019234
2725203242342936504
2724320449494644404
2723437684253567356
2722554946619129788
2721672236590756134
2720789554167870834
2719906899349898334
2719024272136263086
2718141672526389548
2717259100519702184
2716376556115625464
2715494039313583864
2714611550113001866
2713729088513303958
2712846654513914634
2711964248114258394
2711081869313759744
2710199518111843196
2709317194507933268
2708434898501454484
2707552630091831374
2706670389278488474
2705788176060850326
2704905990438341478
2704023832410386484
2703141701976409904
2702259599135836304
2701377523888090256
2700495476232596338
2699613456168779134
2698731463696063234
2697849498813873234
2696967561521633736
2696085651818769348
2695203769704704684
2694321915178864364
2693440088240673014
2692558288889555266
2691676517124935758
2690794772946239134
2689913056352890044
2689031367344313144
2688149705919933096
2687268072079174568
2686386465821462234
2685504887146220774
2684623336052874874
2683741812540849226
2682860316609568528
2681978848258457484
2681097407486940804
2680215994294443204
2679334608680389406
2678453250644204138
2677571920185312134
2676690617303138134
2675809341997106884
2674928094266643136
2674046874111171648
2673165681530117184
2672284516522904514
2671403379088958414
2670522269227703666
2669641186938565058
2668760132220967384
2667879105074335444
2666998105498094044
2666117133491667996
2665236189054482118
2664355272185961234
2663474382885530174
2662593521152613774
2661712686986636876
2660831880387024328
2659951101353200984
2659070349884591704
2658189625980621354
2657308929640714806
2656428260864296938
2655547619650792634
2654667005999626784
2653786419910224284
2652905861382010036
2652025330414408948
2651144827006845934
2650264351158745914
2649383902869533814
2648503482138634566
2647623088965473108
2646742723349474384
2645862385290063344
2644982074786664944
2644101791838704146
2643221536445605918
2642341308606795234
2641461108321697074
2640580935589736424
2639700790410338276
2638820672782927628
2637940582706929484
2637060520181768854
2636180485206870754
2635300477781660206
2634420497905562238
2633540545578001884
2632660620798404184
2631780723566194184
2630900853880796936
2630021011741637498
2629141197148140934
2628261410099732314
2627381650595836714
2626501918635879216
2625622214219284908
2624742537345478884
2623862888013886244
2622983266223932094
2622103671975041546
2621224105266639718
2620344566098151734
2619465054469002724
2618585570378617824
2617706113826422176
2616826684811840928
2615947283334299234
2615067909393222254
2614188562988035154
2613309244118163106
2612429952783031288
2611550688982064884
2610671452714689084
2609792243980329084
2608913062778410086
2608033909108357298
2607154782969595934
2606275684361551214
2605396613283648364
2604517569735312616
2603638553715969208
2602759565225043384
2601880604261960394
2601001670826145494
2600122764917023946
2599243886534021018
2598365035676561984
2597486212344072124
2596607416535976724
2595728648251701076
2594849907490670478
2593971194252310234
2593092508536045654
2592213850341302054
2591335219667504756
2590456616514079088
2589578040880450384
2588699492766043984
2587820972170285234
2586942479092599486
2586064013532412098
2585185575489148434
2584307164962233864
2583428781951093764
2582550426455153516
2581672098473838508
2580793798006574134
2579915525052785794
2579037279611898894
2578159061683338846
2577280871266531068
2576402708360900984
2575524572965874024
2574646465080875624
2573768384705331226
2572890331838666278
2572012306480306234
2571134308629676554
2570256338286202704
2569378395449310156
2568500480118424388
2567622592292970884
2566744731972375134
2565866899156062634
2564989093843458886
2564111316033989398
2563233565727079684
2562355842922155264
2561478147618641664
2560600479815964416
2559722839513549058
2558845226710821134
2557967641407206194
2557090083602129794
2556212553295017496
2555335050485294868
2554457575172387484
2553580127355720924
2552702707034720774
2551825314208812626
2550947948877422078
2550070611039974734
2549193300695896204
2548316017844612104
2547438762485548056
2546561534618129688
2545684334241782634
2544807161355932534
2543930015960005034
2543052898053425786
2542175807635620448
2541298744706014684
2540421709264034164
2539544701309104564
2538667720840651566
2537790767858100858
2536913842360878134
2536036944348409094
2535160073820119444
2534283230775434896
2533406415213781168
2532529627134583984
2531652866537269074
2530776133421262174
2529899427785989026
2529022749630875378
2528146098955346984
2527269475758829604
2526392880040749004
2525516311800530956
2524639771037601238
2523763257751385634
2522886771941309934
2522010313606799934
2521133882747281436
2520257479362180248
2519381103450922184
2518504755012933064
2517628434047638714
2516752140554464966
2515875874532837658
2514999635982182634
2514123424901925744
2513247241291492844
2512371085150309796
2511494956477802468
2510618855273396734
2509742781536518474
2508866735266593574
2507990716463047926
2507114725125307428
2506238761252797984
2505362824844945504
2504486915901175904
2503611034420915106
2502735180403589038
2501859353848623634
2500983554755444834
2500107783123478584
2499232038952150836
2498356322240887548
2497480632989114684
2496604971196258214
2495729336861744114
2494853729984998366
2493978150565446958
2493102598602515884
2492227074095631144
2491351577044218744
2490476107447704696
2489600665305515018
2488725250617075734
2487849863381812874
2486974503599152474
2486099171268520576
2485223866389343228
2484348588961046484
2483473338983056404
2482598116454799054
2481722921375700506
2480847753745186838
2479972613562684134
2479097500827618484
2478222415539415984
2477347357697502736
2476472327301304848
2475597324350248434
2474722348843759614
2473847400781264514
2472972480162189266
2472097586985960008
2471222721252002884
2470347882959744044
2469473072108609644
2468598288698025846
2467723532727418818
2466848804196214734
2465974103103839774
2465099429449720124
2464224783233281976
2463350164453951528
2462475573111154984
2461601009204318554
2460726472732868454
2459851963696230906
2458977482093832138
2458103027925098384
2457228601189455884
2456354201886330884
2455479830015149636
2454605485575338398
2453731168566323434
2452856878987531014
2451982616838387414
2451108382118318916
2450234174826751808
2449359994963112384
2448485842526826944
2447611717517321794
2446737619934023246
2445863549776357618
2444989507043751234
2444115491735630424
2443241503851421524
2442367543390550876
2441493610352444828
2440619704736529734
2439745826542231954
2438871975768977854
2437998152416193806
2437124356483306188
2436250587969741384
2435376846874925784
2434503133198285784
2433629446939247786
2432755788097238198
2431882156671683434
2431008552662009914
2430134976067644064
2429261426888012316
2428387905122541108
2427514410770656884
2426640943831786094
2425767504305355194
2424894092190790646
2424020707487518918
2423147350194966484
2422274020312559824
2421400717839725424
2420527442775889776
2419654195120479378
2418780974872920734
2417907782032640354
2417034616599064754
2416161478571620456
2415288367949733988
2414415284732831884
2413542228920340684
2412669200511686934
2411796199506297186
2410923225903597998
2410050279703015934
2409177360903977564
2408304469505909464
2407431605508238216
2406558768910390408
2405685959711792634
2404813177911871494
2403940423510053594
2403067696505765546
2402194996898433968
2401322324687485484
2400449679872346724
2399577062452444324
2398704472427204926
2397831909796055178
2396959374558421734
2396086866713731254
2395214386261410404
2394341933200885856
2393469507531584288
2392597109252932384
2391724738364356834
2390852394865284334
2389980078755141586
2389107790033355298
2388235528699352184
2387363294752558964
2386491088192402364
2385618909018309116
2384746757229705958
2383874632826019634
2383002535806676894
2382130466171104494
2381258423918729196
2380386409048977768
2379514421561276984
2378642461455053624
2377770528729734474
2376898623384746326
2376026745419515978
2375154894833470234
2374283071626035904
2373411275796639804
2372539507344708756
2371667766269669588
2370796052570949134
2369924366247974234
2369052707300171734
2368181075726968486
2367309471527791348
2366437894702067184
2365566345249222864
2364694823168685264
2363823328459881266
2362951861122237758
2362080421155181634
2361209008558139794
2360337623330539144
2359466265471806596
2358594934981369068
2357723631858653484
2356852356103086774
2355981107714095874
2355109886691107726
2354238693033549278
2353367526740847484
2352496387812429304
2351625276247721704
2350754192046151656
2349883135207146138
2349012105730132134
2348141103614536634
2347270128859786634
2346399181465309136
2345528261430531148
2344657368754879684
2343786503437781764
2342915665478664414
2342044854876954666
2341174071632079558
2340303315743466134
2339432587210541444
2338561886032732544
2337691212209466496
2336820565740170368
2335949946624271234
2335079354861196174
2334208790450372274
2333338253391226626
2332467743683186328
2331597261325678484
2330726806318130204
2329856378659968604
2328985978350620806
2328115605389513938
2327245259776075134
2326374941509731534
2325504650589910284
2324634387016038536
2323764150787543448
2322893941903852184
2322023760364391914
2321153606168589814
2320283479315873066
2319413379805668858
2318543307637404384
2317673262810506844
2316803245324403444
2315933255178521396
2315063292372287918
2314193356905130234
2313323448776475574
2312453567985751174
2311583714532384276
2310713888415802128
2309844089635431984
2308974318190701104
2308104574081036754
2307234857305866206
2306365167864616738
2305495505756715634
2304625870981590184
2303756263538667684
2302886683427375436
2302017130647140748
2301147605197390934
2300278107077553314
2299408636287055214
2298539192825323966
2297669776691786908
2296800387885871384
2295931026407004744
2295061692254614344
2294192385428127546
2293323105926971718
2292453853750574234
2291584628898362474
2290715431369763824
2289846261164205676
2288977118281115428
2288108002719920484
2287238914480048254
2286369853560926154
2285500819961981606
2284631813682642038
2283762834722334884
2282893883080487584
2282024958756527584
2281156061749882336
2280287192059979298
2279418349686245934
2278549534628109714
2277680746884998114
2276811986456338616
2275943253341558708
2275074547540085884
2274205869051347644
2273337217874771494
2272468594009784946
2271599997455815518
2270731428212290734
2269862886278638124
2268994371654285224
2268125884338659576
2267257424331188728
2266388991631300234
2265520586238421654
2264652208151980554
2263783857371404506
2262915533896121088
2262047237725557884
2261178968859142484
2260310727296302484
2259442513036465486
2258574326079059098
2257706166423510934
2256838034069248614
2255969929015699764
2255101851262292016
2254233800808453008
2253365777653610384
2252497781797191794
2251629813238624894
2250761871977337346
2249893958012756818
2249026071344310984
2248158211971427524
2247290379893534124
2246422575110058476
2245554797620428278
2244687047424071234
2243819324520415054
2242951628908887454
2242083960588916156
2241216319559928888
2240348705821353384
2239481119372617384
2238613560213148634
2237746028342374886
2236878523759723898
2236011046464623434
2235143596456501264
2234276173734785164
2233408778298902916
2232541410148282308
2231674069282351134
2230806755700537194
2229939469402268294
2229072210386972246
2228204978654076868
2227337774203009984
2226470597033199424
2225603447144073024
2224736324535058626
2223869229205584078
2223002161155077234
2222135120382965954
2221268106888678104
2220401120671641556
2219534161731284188
2218667230067033884
2217800325678318534
2216933448564566034
2216066598725204286
2215199776159661198
2214332980867364684
2213466212847742664
2212599472100223064
2211732758624233816
2210866072419202858
2209999413484558134
2209132781819727594
2208266177424139194
2207399600297220896
2206533050438400668
2205666527847106484
2204800032522766324
2203933564464808174
2203067123672660026
2202200710145749878
2201334323883505734
2200467964885355604
2199601633150727504
2198735328679049456
2197869051469749488
2197002801522255634
2196136578835995934
2195270383410398434
2194404215244891186
2193538074338902248
2192671960691859684
2191805874303191564
2190939815172325964
2190073783298690966
2189207778681714658
2188341801320825134
2187475851215450494
2186609928365018844
2185744032768958296
2184878164426696968
2184012323337662984
2183146509501284474
2182280722916989574
2181414963584206426
2180549231502363178
2179683526670887984
2178817849089209004
2177952198756754404
2177086575672952356
2176220979837231038
2175355411249018634
2174489869907743334
2173624355812833334
2172758868963716836
2171893409359822048
2171027977000577184
2170162571885410464
2169297194013750114
2168431843385024366
2167566519998661458
2166701223854089634
2165835954950737144
2164970713288032244
2164105498865403196
2163240311682278268
2162375151738085734
2161510019032253874
2160644913564210974
2159779835333385326
2158914784339205228
2158049760581098984
2157184764058494904
2156319794770821304
2155454852717506506
2154589937897978838
2153725050311666634
2152860189957998234
2151995356836401984
2151130550946306236
2150265772287139348
2149401020858329684
2148536296659305614
2147671599689495514
2146806929948327766
2145942287435230758
2145077672149632884
2144213084090962544
2143348523258648144
2142483989652118096
2141619483270800818
2140755004114124734
2139890552181518274
2139026127472409874
2138161729986227976
2137297359722401028
2136433016680357484
2135568700859525804
2134704412259334454
2133840150879211906
2132975916718586638
2132111709776887134
2131247530053541884
2130383377547979384
2129519252259628136
2128655154187916648
2127791083332273434
2126927039692127014
2126063023266905914
2125199034056038666
2124335072058953808
2123471137275079884
2122607229703845444
2121743349344679044
2120879496197009246
2120015670260264618
2119151871533873734
2118288100017265174
2117424355709867524
2116560638611109376
2115696948720419328
2114833286037225984
2113969650560957954
2113106042291043854
2112242461226912306
2111378907367991938
2110515380713711384
2109651881263499284
2108788409016784284
2107924963972995036
2107061546131560198
2106198155491908434
2105334792053468414
2104471455815668814
2103608146777938316
2102744864939705608
2101881610300399384
2101018382859448344
2100155182616281194
2099292009570326646
2098428863721013418
2097565745067770234
2096702653610025824
2095839589347208924
2094976552278748276
2094113542404072628
2093250559722610734
2092387604233791354
2091524675937043254
2090661774831795206
2089798900917475988
2088936054193514384
2088073234659339184
2087210442314379184
2086347677158063186
2085484939189819998
2084622228409078434
2083759544815267314
2082896888407815464
2082034259186151716
2081171657149704908
2080309082297903884
2079446534630177494
2078584014145954594
2077721520844664046
2076859054725734718
2075996615788595484
2075134204032675224
2074271819457402824
2073409462062207176
2072547131846517178
2071684828809761734
2070822552951369754
2069960304270770154
2069098082767391856
2068235888440663788
2067373721290014884
2066511581314874084
2065649468514670334
2064787382888832586
2063925324436789798
2063063293157970934
2062201289051804964
2061339312117720864
2060477362355147616
2059615439763514208
2058753544342249634
2057891676090782894
2057029835008542994
2056168021094958946
2055306234349459768
2054444474771474484
2053582742360432124
2052721037115761724
2051859359036892326
2050997708123252978
2050136084374272734
2049274487789380654
2048412918368005804
2047551376109577256
2046689861013524088
2045828373079275384
2044966912306260234
2044105478693907734
2043244072241646986
2042382692948907098
2041521340815117184
2040660015839706364
2039798718022103764
2038937447361738516
2038076203858039758
2037214987510436634
2036353798318358294
2035492636281233894
2034631501398492596
2033770393669563568
2032909313093875984
2032048259670859024
2031187233399941874
2030326234280553726
2029465262312123778
2028604317494081234
2027743399825855304
2026882509306875204
2026021645936570156
2025160809714369388
2024300000639702134
2023439218711997634
2022578463930685134
2021717736295193886
2020857035804953148
2019996362459392184
2019135716257940264
2018275097200026664
2017414505285080666
2016553940512531558
2015693402881808634
2014832892392341194
2013972409043558544
2013111952834889996
2012251523765764868
2011391121835612484
2010530747043862174
2009670399389943274
2008810078873285126
2007949785493317078
2007089519249468484
2006229280141168704
2005369068167847104
2004508883328933056
2003648725623855938
2002788595052045134
2001928491612930034
2001068415305940034
2000208366130504536
1999348344086052948
1998488349172014684
1997628381387819164
1996768440732895814
1995908527206674066
1995048640808583358
1994188781538053134
1993328949394512844
1992469144377391944
1991609366486119896
1990749615720126168
1989889892078840234
1989030195561691574
1988170526168109674
1987310883897524026
1986451268749364128
1985591680723059484
1984732119818039604
1983872586033734004
1983013079369572206
1982153599824983738
1981294147399398134
1980434722092244934
1979575323902953684
1978715952830953936
1977856608875675248
1976997292036547184
1976138002312999314
1975278739704461214
1974419504210362466
1973560295830132658
1972701114563201384
1971841960408998244
1970982833366952844
1970123733436494796
1969264660617053718
1968405614908059234
1967546596308940974
1966687604819128574
1965828640438051676
1964969703165139928
1964110792999822984
1963251909941530504
1962393053989692154
1961534225143737606
1960675423403096538
1959816648767198634
1958957901235473584
1958099180807351084
1957240487482260836
1956381821259632548
1955523182138895934
1954664570119480714
1953805985200816614
1952947427382333366
1952088896663460708
1951230393043628384
1950371916522266144
1949513467098803744
1948655044772670946
1947796649543297518
1946938281410113234
1946079940372547874
1945221626430031224
1944363339581993076
1943505079827863228
1942646847167071484
1941788641599047654
1940930463123221554
1940072311739023006
1939214187445881838
1938356090243227884
1937498020130490984
1936639977107100984
1935781961172487736
1934923972326081098
1934066010567310934
1933208075895607114
1932350168310399514
1931492287811118016
1930634434397192508
1929776608068052884
1928918808823129044
1928061036661850894
1927203291583648346
1926345573587951318
1925487882674189734
1924630218841793524
1923772582090192624
1922914972418816976
1922057389827096528
1921199834314461234
1920342305880341054
1919484804524165954
1918627330245365906
1917769883043370888
1916912462917610884
1916055069867515884
1915197703892515884
1914340364992040886
1913483053165520898
1912625768412385934
1911768510732066014
1910911280123991164
1910054076587591416
1909196900122296808
1908339750727537384
1907482628402743194
1906625533147344294
1905768464960770746
1904911423842452618
1904054409791819984
1903197422808302924
1902340462891331524
1901483530040335876
1900626624254746078
1899769745533992234
1898912893877504454
1898056069284712854
1897199271755047556
1896342501287938688
1895485757882816384
1894629041539110784
1893772352256252034
1892915690033670286
1892059054870795698
1891202446767058434
1890345865721888664
1889489311734716564
1888632784804972316
1887776284932086108
1886919812115488134
1886063366354608594
1885206947648877694
1884350555997725646
1883494191400582668
1882637853856878984
1881781543366044824
1880925259927510424
1880069003540706026
1879212774205061878
1878356571920008234
1877500396684975354
1876644248499393504
1875788127362692956
1874932033274303988
1874075966233656884
1873219926240181934
1872363913293309434
1871507927392469686
1870651968537092998
1869796036726609684
1868940131960450064
1868084254238044464
1867228403558823216
1866372579922216658
1865516783327655134
1864661013774568994
1863805271262388594
1862949555790544296
1862093867358466468
1861238205965585484
1860382571611331724
1859526964295135574
1858671384016427426
1857815830774637678
1856960304569196734
1856104805399535004
1855249333265082904
1854393888165270856
1853538470099529288
1852683079067288634
1851827715067979334
1850972378101031834
1850117068165876586
1849261785261944048
1848406529388664684
1847551300545468964
1846696098731787364
1845840923947050366
1844985776190688458
1844130655462132134
1843275561760811894
1842420495086158244
1841565455437601696
1840710442814572768
1839855457216501984
1839000498642819874
1838145567092956974
1837290662566343826
1836435785062410978
1835580934580588984
1834726111120308404
1833871314680999804
1833016545262093756
1832161802863020838
1831307087483211634
1830452399122096734
1829597737779106734
1828743103453672236
1827888496145223848
1827033915853192184
1826179362577007864
1825324836316101514
1824470337069903766
1823615864837845258
1822761419619356634
1821907001413868544
1821052610220811644
1820198246039616596
1819343908869714068
1818489598710534734
1817635315561509274
1816781059422068374
1815926830291642726
1815072628169663028
1814218453055559984
1813364304948764304
1812510183848706704
1811656089754817906
1810802022666528638
1809947982583269634
1809093969504471634
1808239983429565384
1807386024357981636
1806532092289151148
1805678187222504684
1804824309157473014
1803970458093486914
1803116634029977166
1802262836966374558
1801409066902109884
1800555323836613944
1799701607769317544
1798847918699651496
1797994256627046618
1797140621550933734
1796287013470743674
1795433432385907274
1794579878295855376
1793726351200018828
1792872851097828484
1792019377988715204
1791165931872109854
1790312512747443306
1789459120614146438
1788605755471650134
1787752417319385284
1786899106156782784
1786045821983273536
1785192564798288448
1784339334601258434
1783486131391614414
1782632955168787314
1781779805932208066
1780926683681307608
1780073588415516884
1779220520134266844
1778367478836988444
1777514464523112646
1776661477192070418
1775808516843292734
1774955583476210574
1774102677090254924
1773249797684856776
1772396945259447128
1771544119813456984
1770691321346317354
1769838549857459254
1768985805346313706
1768133087812311738
1767280397254884384
1766427733673462684
1765575097067477684
1764722487436360436
1763869904779541998
1763017349096453434
1762164820386525814
1761312318649190214
1760459843883877716
1759607396090019408
1758754975267046384
1757902581414389744
1757050214531480594
1756197874617750046
1755345561672629218
1754493275695549234
1753641016685941224
1752788784643236324
1751936579566865676
1751084401456260428
1750232250310851734
1749380126130070754
1748528028913348654
1747675958660116606
1746823915369805788
1745971899041847384
1745119909675672584
1744267947270712584
1743416011826398586
1742564103342161798
1741712221817433434
1740860367251644714
1740008539644226864
1739156738994611116
1738304965302228708
1737453218566510884
1736601498786888894
1735749805962793994
1734898140093657446
1734046501178910518
1733194889217984484
1732343304210310624
1731491746155320224
1730640215052444576
1729788710901114978
1728937233700762734
1728085783450819154
1727234360150715554
1726382963799883256
1725531594397753588
1724680251943757884
1723828936437327484
1722977647877893734
1722126386264887986
1721275151597741598
1720423943875885934
1719572763098752364
1718721609265772264
1717870482376377016
1717019382429998008
1716168309426066634
1715317263364014294
1714466244243272394
1713615252063272346
1712764286823445568
1711913348523223484
1711062437162037524
1710211552739319124
1709360695254499726
1708509864707010778
1707659061096283734
1706808284421750054
1705957534682841204
1705106811878988656
1704256116009623888
1703405447074178384
1702554805072083634
1701704190002771134
1700853601865672386
1700003040660218898
1699152506385842184
1698301999041973764
1697451518628045164
1696601065143487916
1695750638587733558
1694900238960213634
1694049866260359694
1693199520487603294
1692349201641375996
1691498909721109368
1690648644726234984
1689798406656184424
1688948195510389274
1688098011288281126
1687247853989291578
1686397723612852234
1685547620158394704
1684697543625350604
1683847494013151556
1682997471321229188
1682147475549015134
1681297506695941034
1680447564761438534
1679597649744939286
1678747761645874948
1677897900463677184
1677048066197777664
1676198258847608064
1675348478412600066
1674498724892185358
1673648998285795634
1672799298592862594
1671949625812817944
1671099979945093396
1670250360989120668
1669400768944331484
1668551203810157574
1667701665586030674
1666852154271382526
1666002669865644878
1665153212368249484
1664303781778628104
1663454378096212504
1662605001320434456
1661755651450725738
1660906328486518134
1660057032427243434
1659207763272333434
1658358521021219936
1657509305673334748
1656660117228109684
1655810955684976564
1654961821043367214
1654112713302713466
1653263632462447158
1652414578522000134
1651565551480804244
1650716551338291344
1649867578093893296
1649018631747041968
1648169712297169234
1647320819743706974
1646471954086087074
1645623115323741426
1644774303456101928
1643925518482600484
1643076760402669004
1642228029215739404
1641379324921243606
1640530647518613538
1639681997007281134
1638833373386678334
1637984776656237084
1637136206815389336
1636287663863567048
1635439147800202184
1634590658624726714
1633742196336572614
1632893760935171866
1632045352419956458
1631196970790358384
1630348616045809644
1629500288185742244
1628651987209588196
1627803713116779518
1626955465906748234
1626107245578926374
1625259052132745974
1624410885567639076
1623562745883037728
1622714633078373984
1621866547153079904
1621018488106587554
1620170455938329006
1619322450647736338
1618474472234241634
1617626520697276984
1616778596036274484
1615930698250666236
1615082827339884348
1614234983303360934
1613387166140528114
1612539375850818014
1611691612433662766
1610843875888494508
1609996166214745384
1609148483411847544
1608300827479233144
1607453198416334346
1606605596222583318
1605758020897412234
1604910472440253274
1604062950850538624
1603215456127700476
1602367988271171028
1601520547280382484
1600673133154767054
1599825745893756954
1598978385496784406
1598131051963281638
1597283745292680884
1596436465484414384
1595589212537914384
1594741986452613136
1593894787227942898
1593047614863335934
1592200469358224514
1591353350712040914
1590506258924217416
1589659193994186308
1588812155921379884
1587965144705230444
1587118160345170294
1586271202840631746
1585424272191047118
1584577368395848734
1583730491454468924
1582883641366340024
1582036818130894376
1581190021747564328
1580343252215782234
1579496509534980454
1578649793704591354
1577803104724047306
1576956442592780688
1576109807310223884
1575263198875809284
1574416617288969284
1573570062549136286
1572723534655742698
1571877033608220934
1571030559406003414
1570184112048522564
1569337691535210816
1568491297865500608
1567644931038824384
1566798591054614594
1565952277912303694
1565105991611324146
1564259732151108418
1563413499531088984
1562567293750698324
1561721114809368924
1560874962706533276
1560028837441623878
1559182739014073234
1558336667423313854
1557490622668778254
1556644604749898956
1555798613666108488
1554952649416839384
1554106712001524184
1553260801419595434
1552414917670485686
1551569060753627498
1550723230668453434
1549877427414396064
1549031650990887964
1548185901397361716
1547340178633249908
1546494482697985134
1545648813590999994
1544803171311727094
1543957555859599046
1543111967234048468
1542266405434507984
1541420870460410224
1540575362311187824
1539729880986273426
1538884426485099678
1538038998807099234
1537193597951704754
1536348223918348904
1535502876706464356
1534657556315483788
1533812262744839884
1532966995993965334
1532121756062292834
1531276542949255086
1530431356654284798
1529586197176814684
1528741064516277464
1527895958672105864
1527050879643732616
1526205827430590458
1525360802032112134
1524515803447730394
1523670831676877994
1522825886718987696
1521980968573492268
1521136077239824484
1520291212717417124
1519446375005702974
1518601564104114826
1517756780012085478
1516912022729047734
1516067292254434404
1515222588587678304
1514377911728212256
1513533261675469088
1512688638428881634
1511844041987882734
1510999472351905234
1510154929520381986
1509310413492745848
1508465924268429684
1507621461846866364
1506777026227488764
1505932617409729766
1505088235393022258
1504243880176799134
1503399551760493294
1502555250143537644
1501710975325365096
1500866727305408568
1500022506083100984
1499178311657875274
1498334144029164374
1497490003196401226
1496645889159018778
1495801801916449984
1494957741468127804
1494113707813485204
1493269700951955156
1492425720882970638
1491581767605964634
1490737841120370134
1489893941425620134
1489050068521147636
1488206222406385648
1487362403080767184
1486518610543725264
1485674844794692914
1484831105833103166
1483987393658389058
1483143708269983634
1482300049667319944
1481456417849831044
1480612812816949996
1479769234568109868
1478925683102743734
1478082158420284674
1477238660520165774
1476395189401820126
1475551745064680828
1474708327508180984
1473864936731753704
1473021572734832104
1472178235516849306
1471334925077238438
1470491641415432634
1469648384530865034
1468805154422968784
1467961951091177036
1467118774534922948
1466275624753639684
1465432501746760414
1464589405513718314
1463746336053946566
1462903293366878358
1462060277451946884
1461217288308585344
1460374325936226944
1459531390334304896
1458688481502252418
1457845599439502734
1457002744145489074
1456159915619644674
1455317113861402776
1454474338870196628
1453631590645459484
1452788869186624604
1451946174493125254
1451103506564394706
1450260865399866238
1449418250998973134
1448575663361148684
1447733102485826184
1446890568372438936
1446048061020420248
1445205580429203434
1444363126598221814
1443520699526908714
1442678299214697466
1441835925661021408
1440993578865313884
1440151258827008244
1439308965545537844
1438466699020336046
1437624459250836218
1436782246236471734
1435940059976675974
1435097900470882324
1434255767718524176
1433413661719034928
1432571582471847984
1431729529976396754
1430887504232114654
1430045505238435106
1429203532994791538
1428361587500617384
1427519668755346084
1426677776758411084
1425835911509245836
1424994073007283798
1424152261251958434
1423310476242703214
1422468717978951614
1421626986460137116
1420785281685693208
1419943603655053384
1419101952367651144
1418260327822919994
1417418730020293446
1416577158959205018
1415735614639088234
1414894097059376624
1414052606219503724
1413211142118903076
1412369704757008228
1411528294133252734
1410686910247070154
1409845553097894054
1409004222685158006
1408162919008295588
1407321642066740384
1406480391859925984
1405639168387285984
1404797971648253986
1403956801642263598
1403115658368748434
1402274541827142114
1401433452016878264
1400592388937390516
1399751352588112508
1398910342968477884
1398069360077920294
1397228403915873394
1396387474481770846
1395546571775046318
1394705695795133484
1393864846541466024
1393024024013477624
1392183228210601976
1391342459132272778
1390501716777923734
1389661001146988554
1388820312238900954
1387979650053094656
1387139014589003388
1386298405846060884
1385457823823700884
1384617268521357134
1383776739938463386
1382936238074453398
1382095762928760934
1381255314500819764
1380414892790063664
1379574497795926416
1378734129517841808
1377893787955243634
1377053473107565694
1376213184974241794
1375372923554705746
1374532688848391368
1373692480854732484
1372852299573162924
1372012145003116524
1371172017144027126
1370331915995328578
1369491841556454734
1368651793826839454
1367811772805916604
1366971778493120056
1366131810887883688
1365291869989641384
1364451955797827034
1363612068311874534
1362772207531217786
1361932373455290698
1361092566083527184
1360252785415361164
1359413031450226564
1358573304187557316
1357733603626787358
1356893929767350634
1356054282608681094
1355214662150212694
1354375068391379396
1353535501331615168
1352695960970353984
1351856447307029824
1351016960341076674
1350177500071928526
1349338066499019378
1348498659621783234
1347659279439654104
1346819925952066004
1345980599158452956
1345141299058248988
1344302025650888134
1343462778935804434
1342623558912431934
1341784365580204686
1340945198938556748
1340106058986922184
1339266945724735064
1338427859151429464
1337588799266439466
1336749766069199158
1335910759559142634
1335071779735703994
1334232826598317344
1333393900146416796
1332555000379436468
1331716127296810484
1330877280897972974
1330038461182358074
1329199668149399926
1328360901798532678
1327522162129190484
1326683449140807504
1325844762832817904
1325006103204655856
1324167470255755538
1323328863985551134
1322490284393476834
1321651731478966834
1320813205241455336
1319974705680376548
1319136232795164684
1318297786585253964
1317459367050078614
1316620974189072866
1315782608001670958
1314944268487307134
1314105955645415644
1313267669475430744
1312429409976786696
1311591177148917768
1310752970991258234
1309914791503242374
1309076638684304474
1308238512533878826
1307400413051399728
1306562340236301484
1305724294088018404
1304886274605984804
1304048281789635006
1303210315638403338
1302372376151724134
1301534463329031734
1300696577169760484
1299858717673344736
1299020884839218848
1298183078666817184
1297345299155574114
1296507546304924014
1295669820114301266
1294832120583140258
1293994447710875384
1293156801496941044
1292319181940771644
1291481589041801596
1290644022799465318
1289806483213197234
1288968970282431774
1288131484006603374
1287294024385146476
1286456591417495528
1285619185103084984
1284781805441349304
1283944452431722954
1283107126073640406
1282269826366536138
1281432553309844634
1280595306903000384
1279758087145437884
1278920894036591636
1278083727575896148
1277246587762785934
1276409474596695514
1275572388077059414
1274735328203312166
1273898294974888308
1273061288391222384
1272224308451748944
1271387355155902544
1270550428503117746
1269713528492829118
1268876655124471234
1268039808397478674
1267202988311286024
1266366194865327876
1265529428059038828
1264692687891853484
1263855974363206454
1263019287472532354
1262182627219265806
1261345993602841438
1260509386622693884
1259672806278257784
1258836252568967784
1257999725494258536
1257163225053564698
1256326751246320934
1255490304071961914
1254653883529922314
1253817489619636816
1252981122340540108
1252144781692066884
1251308467673651844
1250472180284729694
1249635919524735146
1248799685393102918
1247963477889267734
1247127297012664324
1246291142762727424
1245455015138891776
1244618914140592128
1243782839767263234
1242946792018339854
1242110770893256754
1241274776391448706
1240438808512350488
1239602867255396884
1238766952620022684
1237931064605662684
1237095203211751686
1236259368437724498
1235423560283015934
1234587778747060814
1233752023829293964
1232916295529150216
1232080593846064408
1231244918779471384
1230409270328805994
1229573648493503094
1228738053272997546
1227902484666724218
1227066942674117984
1226231427294613724
1225395938527646324
1224560476372650676
1223725040829061678
1222889631896314234
1222054249573843254
1221218893861083654
1220383564757470356
1219548262262438288
1218712986375422384
1217877737095857584
1217042514423178834
1216207318356821086
1215372148896219298
1214537006040808434
1213701889790023464
1212866800143299364
1212031737100071116
1211196700659773708
1210361690821842134
1209526707585711394
1208691750950816494
1207856820916592446
1207021917482474268
1206187040647896984
1205352190412295624
1204517366775105224
1203682569735760826
1202847799293697478
1202013055448350234
1201178338199154154
1200343647545544304
1199508983486955756
1198674346022823588
1197839735152582884
1197005150875668734
1196170593191516234
1195336062099560486
1194501557599236598
1193667079689979684
1192832628371224864
1191998203642407264
1191163805502962016
1190329433952324258
1189495088989929134
1188660770615211794
1187826478827607394
1186992213626551096
1186157975011478068
1185323762981823484
1184489577537022524
1183655418676510374
1182821286399722226
1181987180706093278
1181153101595058734
1180319049066053804
1179485023118513704
1178651023751873656
1177817050965568888
1176983104759034634
1176149185131706134
1175315292083018634
1174481425612407386
1173647585719307648
1172813772403154684
1171979985663383764
1171146225499430164
1170312491910729166
1169478784896716058
1168645104456826134
1167811450590494694
1166977823297157044
1166144222576248496
1165310648427204368
1164477100849459984
1163643579842450674
1162810085405611774
1161976617538378626
1161143176240186578
1160309761510470984
1159476373348667204
1158643011754210604
1157809676726536556
1156976368265080438
1156143086369277634
1155309831038563534
1154476602272373534
1153643400070143036
1152810224431307448
1151977075355302184
1151143952841562664
1150310856889524314
1149477787498622566
1148644744668292858
1147811728397970634
1146978738687091344
1146145775535090444
1145312838941403396
1144479928905465668
1143647045426712734
1142814188504580074
1141981358138503174
1141148554327917526
1140315777072258628
1139483026370961984
1138650302223463104
1137817604629197504
1136984933587600706
1136152289098108238
1135319671160155634
1134487079773178434
1133654514936612184
1132821976649892436
1131989464912454748
1131156979723734684
1130324521083167814
1129492088990189714
1128659683444235966
1127827304444742158
1126994951991143884
1126162626082876744
1125330326719376344
1124498053900078296
1123665807624418218
1122833587891831734
1122001394701754474
1121169228053622074
1120337087946870176
1119504974380934428
1118672887355250484
1117840826869254004
1117008792922380654
1116176785514066106
1115344804643746038
1114512850310856134
1113680922514832084
1112849021255109584
1112017146531124336
1111185298342312048
1110353476688108434
1109521681567949214
1108689912981270114
1107858170927506866
1107026455406095208
1106194766416470884
1105363103958069644
1104531468030327244
1103699858632679446
1102868275764562018
1102036719425410734
1101205189614661374
1100373686331749724
1099542209576111576
1098710759347182728
1097879335644398984
1097047938467196154
1096216567815010054
1095385223687276506
1094553906083431338
1093722615002910384
1092891350445149484
1092060112409584484
1091228900895651236
1090397715902785598
1089566557430423434
1088735425478000614
1087904320044953014
1087073241130716516
1086242188734727008
1085411162856420384
1084580163495232544
1083749190650599394
1082918244321956846
1082087324508740818
1081256431210387234
1080425564426332024
1079594724156011124
1078763910398860476
1077933123154316028
1077102362421813734
1076271628200789554
1075440920490679454
1074610239290919406
1073779584600945388
1072948956420193384
1072118354748099384
1071287779584099384
1070457230927629386
1069626708778125398
1068796213135023434
1067965743997759514
1067135301365769664
1066304885238489916
1065474495615356308
1064644132495804884
1063813795879271694
1062983485765192794
1062153202153004246
1061322945042142118
1060492714432042484
1059662510322141424
1058832332711875024
1058002181600679376
1057172056987990578
1056341958873244734
1055511887255877954
1054681842135326354
1053851823511026056
1053021831382413188
1052191865748923884
1051361926609994284
1050532013965060534
1049702127813558786
1048872268154925198
1048042434988595934
1047212628314007164
1046382848130595064
1045553094437795816
1044723367235045608
1043893666521780634
1043063992297437094
1042234344561451194
1041404723313259146
1040575128552297168
1039745560278001484
1038916018489808324
1038086503187153924
1037257014369474526
1036427552036206378
1035598116186785734
1034768706820648854
1033939323937232004
1033109967535971456
1032280637616303488
1031451334177664384
1030622057219490434
1029792806741217934
1028963582742283186
1028134385222122498
1027305214180172184
1026476069615868564
1025646951528647964
1024817859917946716
1023988794783201158
1023159756123847634
1022330743939322494
1021501758229062094
1020672798992502796
1019843866229080968
1019014959938232984
1018186080119395224
1017357226772004074
1016528399895495926
1015699599489307178
1014870825552874234
1014042078085633504
1013213357087021404
1012384662556474356
1011555994493428788
1010727352897321134
1009898737767587834
1009070149103665334
1008241586904990086
1007413051170998548
1006584541901127184
1005756059094812464
1004927602751490864
1004099172870598866
1003270769451572958
1002442392493849634
1001614041996865394
1000785717960056744
999957420382860196
999129149264712268
998300904605049484
997472686403308374
996644494658925474
995816329371337326
994988190539980478
994160078164291484
993331992243706904
992503932777663304
991675899765597256
990847893206945338
990019913101144134
989191959447630234
988364032245840234
987536131495210736
986708257195178348
985880409345179684
985052587944651364
984224792993030014
983397024489752266
982569282434254758
981741566825974134
980913877664347044
980086214948810144
979258578678800096
978430968853753568
977603385473107234
976775828536297774
975948298042761874
975120793991936226
974293316383257528
973465865216162484
972638440490087804
971811042204470204
970983670358746406
970156324952353138
969329005984727134
968501713455305134
967674447363523884
966847207708820136
966019994490630648
965192807708392184
964365647361541514
963538513449515414
962711405971750666
961884324927684058
961057270316752384
960230242138392444
959403240392041044
958576265077134996
957749316193111118
956922393739406234
956095497715457174
955268628120700774
954441784954573876
953614968216513328
952788177905955984
951961414022338704
951134676565098354
950307965533671806
949481280927495938
948654622746007634
947827990988643784
947001385654841284
946174806744037036
945348254255667948
944521728189170934
943695228543982914
942868755319540814
942042308515281566
941215888130642108
940389494165059384
939563126617970344
938736785488811944
937910470777021146
937084182482034918
936257920603290234
935431685140224074
934605476092273424
933779293458875276
932953137239466628
932127007433484484
931300904040365854
930474827059547754
929648776490467206
928822752332561238
927996754585266884
927170783248021184
926344838320261184
925518919801423936
924693027690946498
923867161988265934
923041322692819314
922215509804043714
921389723321376216
920563963244253908
919738229572113884
918912522304393244
918086841440529094
917261186979958546
916435558922118718
915609957266446734
914784382012379724
913958833159354824
913133310706809176
912307814654179928
911482345000904234
910656901746419254
909831484890162154
909006094431570106
908180730370080288
907355392705129884
906530081436156084
905704796562596084
904879538083887086
904054305999466298
903229100308770934
902403921011238214
901578768106305364
900753641593409616
899928541471988208
899103467741478384
898278420401317394
897453399450942494
896628404889790946
895803436717300018
894978494932906984
894153579536049124
893328690526163724
892503827902688076
891678991665059478
890854181812715234
890029398345092654
889204641261629054
888379910561761756
887555206244928088
886730528310565384
885905876758110984
885081251587002234
884256652796676486
883432080386571098
882607534356123434
881783014704770864
880958521431950764
880134054537100516
879309614019657508
878485199879059134
877660812114742794
876836450726145894
876012115712705846
875187807073860068
874363524809045984
873539268917701024
872715039399262624
871890836253168226
871066659478855278
870242509075761234
869418385043323554
868594287380979704
867770216088167156
866946171164323388
866122152608885884
865298160421292134
864474194600979634
863650255147385886
862826342059948398
862002455338104684
861178594981292264
860354760988948664
859530953360511416
858707172095418058
857883417193106134
857059688653013194
856235986474576794
855412310657234496
854588661200423868
853765038103582484
852941441366147924
852117870987557774
851294326967249626
850470809304661078
849647317999229734
848823853050393204
848000414457589104
847177002220255056
846353616337828688
845530256809747634
844706923635449534
843883616814372034
843060336345952786
842237082229629448
841413854464839684
840590653051021164
839767477987611564
838944329274048566
838121206909769858
837298110894213134
836475041226816094
835651997907016444
834828980934251896
834005990307960168
833183026027578984
832360088092546074
831537176502299174
830714291256276026
829891432353914378
829068599794651984
828245793577926604
827423013703176004
826600260169837956
825777532977350238
824954832125150634
824132157612676934
823309509439366934
822486887604658436
821664292107989248
820841722948797184
820019180126520064
819196663640595714
818374173490461966
817551709675556658
816729272195317634
815906861049182744
815084476236589844
814262117756976796
813439785609781468
812617479794441734
811795200310395474
810972947157080574
810150720333934926
809328519840396428
808506345675902984
807684197839892504
806862076331802904
806039981151072106
805217912297138038
804395869769438634
803573853567411834
802751863690495584
801929900138127836
801107962909746548
800286052004789684
799464167422695214
798642309162901114
797820477224845366
796998671607965958
796176892311700884
795355139335488144
794533412678765744
793711712340971696
792890038321544018
792068390619920734
791246769235539874
790425174167839474
789603605416257576
788782062980232228
787960546859201484
787139057052603404
786317593559876054
785496156380457506
784674745513785838
783853360959299134
783032002716435484
782210670784632984
781389365163329736
780568085851963848
779746832849973434
778925606156796614
778104405771871514
777283231694636266
776462083924529008
775640962460987884
774819867303451044
773998798451356644
773177755904142846
772356739661247818
771535749722109734
770714786086166774
769893848752857124
769072937721618976
768252052991890528
767431194563109984
766610362434715554
765789556606145454
764968777076837906
764148023846231138
763327296913763384
762506596278872884
761685921940997884
760865273899576636
760044652154047398
759224056703848434
758403487548418014
757582944687194414
756762428119615916
755941937845120808
755121473863147384
754301036173133944
753480624774518794
752660239666740246
751839880849236618
751019548321446234
750199242082807424
749378962132758524
748558708470737876
747738481096183828
746918280008534734
746098105207228954
745277956691704854
744457834461400806
743637738515755188
742817668854206384
741997625476192784
741177608381152784
740357617568524786
739537653037747198
738717714788258434
737897802819496914
737077917130901064
736258057721909316
735438224591960108
734618417740491884
733798637166943094
732978882870752194
732159154851357646
731339453108197918
730519777640711484
729700128448336824
728880505530512424
728060908886676776
727241338516268378
726421794418725734
725602276593487354
724782785039991754
723963319757677456
723143880745982988
722324468004346884
721505081532207684
720685721329003934
719866387394174186
719047079727156998
718227798327390934
717408543194314564
716589314327366464
715770111725985216
714950935389609408
714131785317677634
713312661509628494
712493563964900594
711674492682932546
710855447663162968
710036428905030484
709217436407973724
708398470171431324
707579530194841926
706760616477644178
705941729019276734
705122867819178254
704304032876787404
703485224191542856
702666441762883288
701847685590247384
701028955673073834
700210252010801334
699391574602868586
698572923448714298
697754298547777184
696935699899495964
696117127503309364
695298581358656116
694480061464974958
693661567821704634
692843100428283894
692024659284151494
691206244388746196
690387855741506768
689569493341871984
688751157189280624
687932847283171474
687114563622983326
686296306208154978
685478075038125234
684659870112332904
683841691430216804
683023538991215756
682205412794768588
681387312840314134
680569239127291234
679751191655138734
678933170423295486
678115175431200348
677297206678292184
676479264164009864
675661347887792264
674843457849078266
674025594047306758
673207756481916634
672389945152346794
671572160058036144
670754401198423596
669936668572948068
669118962181048484
668301282022163774
667483628095732874
666666000401194726
665848398937988278
665030823705552484
664213274703326304
663395751930748704
662578255387258656
661760785072295138
660943340985297134
660125923125703634
659308531492953634
658491166086486136
657673826905740148
656856513950154684
656039227219168764
655221966712221414
654404732428751666
653587524368198558
652770342530001134
651953186913598444
651136057518429544
650318954343933496
649501877389549368
648684826654716234
647867802138873174
647050803841459274
646233831761913626
645416885899675328
644599966254183484
643783072824877204
642966205611195604
642149364612577806
641332549828462938
640515761258290134
639698998901498534
638882262757527284
638065552825815536
637248869105802448
636432211596927184
635615580298628914
634798975210346814
633982396331520066
633165843661587858
632349317199989384
631532816946163844
630716342899550444
629899895059588396
629083473425716918
628267077997375234
627450708774002574
626634365755038174
625818048939921276
625001758328091128
624185493918986984
623369255712048104
622553043706713754
621736857902423206
620920698298615738
620104564894730634
619288457690207184
618472376684484684
617656321877002436
616840293267199748
616024290854515934
615208314638390314
614392364618262214
613576440793570966
612760543163755908
611944671728256384
611128826486511744
610313007437961344
609497214582044546
608681447918200718
607865707445869234
607049993164489474
606234305073500824
605418643172342676
604603007460454428
603787397937275484
602971814602245254
602156257454803154
601340726494388606
600525221720441038
599709743132399884
598894290729704584
598078864511794584
597263464478109336
596448090628088298
595632742961170934
594817421476796714
594002126174405114
593186857053435616
592371614113327708
591556397353520884
590741206773454644
589926042372568494
589110904150301946
588295792106094518
587480706239385734
586665646549615124
585850613036222224
585035605698646576
584220624536327728
583405669548705234
582590740735218654
581775838095307554
580960961628411506
580146111333970088
579331287211422884
578516489260209484
577701717479769484
576886971869542486
576072252428968098
575257559157485934
574442892054535614
573628251119556764
572813636351989016
571999047751272008
571184485316845384
570369949048148794
569555438944621894
568740955005704346
567926497230835818
567112065619455984
566297660171004524
565483280884921124
564668927760645476
563854600797617278
563040299995276234
562226025353062054
561411776870414454
560597554546773156
559783358381577888
558969188374268384
558155044524284384
557340926831065634
556526835294051886
555712769912682898
554898730686398434
554084717614638264
553270730696842164
552456769932449916
551642835320901308
550828926861636134
550015044554094194
549201188397715294
548387358391939246
547573554536205868
546759776829954984
545946025272626424
545132299863660024
544318600602495626
543504927488573078
542691280521332234
541877659700212954
541064065024655104
540250496494098556
539436954107983188
538623437865748884
537809947766835534
536996483810683034
536183045996731286
535369634324420198
534556248793189684
533742889402479664
532929556151730064
532116249040380816
531302968067871858
530489713233643134
529676484537134594
528863281977786194
528050105555037896
527236955268329668
526423831117101484
525610733100793324
524797661218845174
523984615470697026
523171595855788878
522358602373560734
521545635023452604
520732693804904504
519919778717356456
519106889760248488
518294026933020634
517481190235112934
516668379665965434
515855595225018186
515042836911711248
514230104725484684
513417398665778564
512604718732032964
511792064923687966
510979437240183658
510166835680960134
509354260245457494
508541710933115844
507729187743375296
506916690675675968
506104219729457984
505291774904161474
504479356199226574
503666963614093426
502854597148202178
502042256800992984
501229942571906004
500417654460381404
499605392465859356
498793156587780038
497980946825583634
497168763178710334
496356605646600334
495544474228693836
494732368924431048
493920289733252184
493108236654597464
492296209687907114
491484208832621366
490672234088180458
489860285454024634
489048362929594144
488236466514329244
487424596207670196
486612752009057268
485800933917930734
484989141933730874
484177376055897974
483365636283872326
482553922617094228
481742235055003984
480930573597041904
480118938242648304
479307328991263506
478495745842327838
477684188795281634
476872657849565234
476061153004618984
475249674259883236
474438221614798348
473626795068804684
472815394621342614
472004020271852514
471192672019774766
470381349864549758
469570053805617884
468758783842419544
467947539974395144
467136322200985096
466325130521629818
465513964935769734
464702825442845274
463891712042296874
463080624733564976
462269563516090028
461458528389312484
460647519352672804
459836536405611454
459025579547568906
458214648777985638
457403744096302134
456592865501958884
455782012994396384
454971186573055136
454160386237375648
453349611986798434
452538863820764014
451728141738712914
450917445740085666
450106775824322808
449296131990864884
448485514239152444
447674922568626044
446864356978726246
446053817468893618
445243304038568734
444432816687192174
443622355414204524
442811920219046376
442001511101158328
441191128059980984
440380771094954954
439570440205520854
438760135391119306
437949856651190938
437139603985176384
436329377392516284
435519176872651284
434709002425022036
433898854049069198
433088731744233434
432278635509955414
431468565345675814
430658521250835316
429848503224874608
429038511267234384
428228545377355344
427418605554678194
426608691798643646
425798804108692418
424988942484265234
424179106924802824
423369297429745924
422559513998535276
421749756630611628
420940025325415734
420130320082388354
419320640900970254
418510987780602206
417701360720724988
416891759720779384
416082184780206184
415272635898446184
414463113074940186
413653616309128998
412844145600453434
412034700948354314
411225282352272464
410415889811648716
409606523325923908
408797182894538884
407987868516934494
407178580192551594
406369317920831046
405560081701213718
404750871533140484
403941687416052224
403132529349389824
402323397332594176
401514291365106178
400705211446366734
399896157575816754
399087129752897154
398278127977048856
397469152247712788
396660202564329884
395851278926341084
395042381333187334
394233509784309586
393424664279148798
392615844817145934
391807051397741964
390998284020377864
390189542684494616
389380827389533208
388572138134934634
387763474920139894
386954837744589994
386146226607725946
385337641508988768
384529082447819484
383720549423659124
382912042435948724
382103561484129326
381295106567641978
380486677685927734
379678274838427654
378869898024582804
378061547243834256
377253222495623088
376444923779390384
375636651094577234
374828404440624734
374020183816973986
373211989223066098
372403820658342184
371595678122243364
370787561614210764
369979471133685516
369171406680108758
368363368252921634
367555355851565294
366747369475480894
365939409124109596
365131474796892568
364323566493270984
363515684212686024
362707827954578874
361899997718390726
361092193503562778
360284415309536234
359476663135752304
358668936981652204
357861236846677156
357053562730268388
356245914631867134
355438292550914634
354630696486852134
353823126439120886
353015582407162148
352208064390417184
351400572388327264
350593106400333664
349785666425877666
348978252464400558
348170864515343634
347363502578148194
346556166652255544
345748856737106996
344941572832143868
344134314936807484
343327083050539174
342519877172780274
341712697302972126
340905543440556078
340098415584973484
339291313735665704
338484237892074104
337677188053640056
336870164219804938
336063166390010134
335256194563697034
334449248740307034
333642328919281536
332835435100061948
332028567282089684
331221725464806164
330414909647652814
329608119830071066
328801356011502358
327994618191388134
327187906369169844
326381220544288944
325574560716186896
324767926884305168
323961319048085234
323154737206968574
322348181360396674
321541651507811026
320735147648653128
319928669782364484
319122217908386604
318315792026161004
317509392135129206
316703018234732738
315896670324413134
315090348403611934
314284052471770684
313477782528330936
312671538572734248
311865320604422184
311059128622836314
310252962627418214
309446822617609466
308640708592851658
307834620552586384
307028558496255244
306222522423299844
305416512333161796
304610528225282718
303804570099104234
302998637954067974
302192731789615574
301386851605188676
300580997400228928
299775169174177984
298969366926477504
298163590656569154
297357840363894606
296552116047895538
295746417708013634
294940745343690584
294135098954368084
293329478539487836
292523884098491548
291718315630820934
290912773135917714
290107256613223614
289301766062180366
288496301482229708
287690862872813384
286885450233373144
286080063563350744
285274702862187946
284469368129326518
283664059364208234
282858776566274874
282053519734968224
281248288869730076
280443083970002228
279637905035226484
278832752064844654
278027625058298554
277222524015030006
276417448934480838
275612399816092884
274807376659307984
274002379463567984
273197408228314736
272392462952990098
271587543637035934
270782650279894114
269977782881006514
269172941439815016
268368125955761508
267563336428287884
266758572856836044
265953835240847894
265149123579765346
264344437873030318
263539778120084734
262735144320370524
261930536473329624
261125954578403976
260321398635035528
259516868642666234
258712364600738054
257907886508692954
257103434365972906
256299008172019888
255494607926275884
254690233628182884
253885885277182884
253081562872717886
252277266414229898
251472995901160934
250668751332953014
249864532709048164
249060340028888416
248256173291915808
247452032497572384
246647917645300194
245843828734541294
245039765764737746
244235728735331618
243431717645764984
242627732495479924
241823773283918524
241019840010522876
240215932674735078
239412051275997234
238608195813751454
237804366287439854
237000562696504556
236196785040387688
235393033318531384
234589307530377784
233785607675369034
232981933752947286
232178285762554698
231374663703633434
230571067575625664
229767497377973564
228963953110119316
228160434771505108
227356942361573134
226553475879765594
225750035325524694
224946620698292646
224143231997511668
223339869222623984
222536532373071824
221733221448297424
220929936447743026
220126677370850878
219323444217063234
218520236985822354
217717055676570504
216913900288749956
216110770821802988
215307667275171884
214504589648298934
213701537940626434
212898512151596686
212095512280651998
211292538327234684
210489590290787064
209686668170751464
208883771966570216
208080901677685658
207278057303540134
206475238843575994
205672446297235594
204869679663961296
204066938943195468
203264224134380484
202461535236958724
201658872250372574
200856235174064426
200053624007476678
199251038750051734
198448479401232004
197645945960459904
196843438427177856
196040956800828288
195238501080853634
194436071266696334
193633667357798834
192831289353603586
192028937253553048
191226611057089684
190424310763655964
189622036372694364
188819787883647366
188017565295957458
187215368609067134
186413197822418894
185611052935455244
184808933947618696
184006840858351768
183204773667096984
182402732373296874
181600716976393974
180798727475830826
179996763871049978
179194826161493984
178392914346605404
177591028425826804
176789168398600756
175987334264369838
175185526022576634
174383743672663734
173581987214073734
172780256646249236
171978551968632848
171176873180667184
170375220281794864
169573593271458514
168771992149100766
167970416914164258
167168867566091634
166367344104325544
165565846528308644
164764374837483596
163962929031293068
163161509109179734
162360115070586274
161558746914955374
160757404641729726
159956088250352028
159154797740264984
158353533110911304
157552294361733704
156751081492174906
155949894501677638
155148733389684634
154347598155638634
153546488798982384
152745405319158636
151944347715610148
151143315987779684
150342310135110014
149541330157043914
148740376053024166
147939447822493558
147138545464894884
146337668979670944
145536818366264544
144735993624118496
143935194752675618
143134421751378734
142333674619670674
141532953356994274
140732257962792376
139931588436507828
139130944777583484
138330326985462204
137529735059586854
136729168999400306
135928628804345438
135128114473865134
134327626007402284
133527163404399784
132726726664300536
131926315786547448
131125930770583434
130325571615851414
129525238321794314
128724930887855066
127924649313476608
127124393598101884
126324163741173844
125523959742135444
124723781600429646
123923629315499418
123123502886787734
122323402313737574
121523327595791924
120723278732393776
119923255722986128
119123258567011984
118323287263914354
117523341813136254
116723422214120706
115923528466310738
115123660569149384
114323818522079684
113524002324544684
112724211975987436
111924447475850998
111124708823578434
110324996018612814
109525309060397214
108725647948374716
107926012681988408
107126403260681384
106326819683896744
105527261951077594
104727730061667046
103928224015108218
103128743810844234
102329289448318224
101529860926973324
100730458246252676
99931081405599428
99131730404456734
98332405242267754
97533105918475654
96733832432523606
95934584783854788
95135362971912384
94336166996139584
93536996855979584
92737852550875586
91938734080270798
91139641443608434
90340574640331714
89541533669883864
88742518531708116
87943529225247708
87144565749945884
86345628105245894
85546716290590994
84747830305424446
83948970149189518
83150135821329484
82351327321287624
81552544648507224
80753787802431576
79955056782503978
79156351588167734
78357672218866154
77559018674042554
76760390953140256
75961789055602588
75163212980872884
74364662728394484
73566138297610734
72767639687964986
71969166898900598
71170719929860934
70372298780289364
69573903449629264
68775533937324016
67977190242817008
67178872365551634
66380580304971294
65582314060519394
64784073631639346
63985859017774568
63187670218368484
62389507232864524
61591370060706124
60793258701336726
59995173154199778
59197113418738734
58399079494397054
57601071380618204
56803089076845656
56005132582522888
55207201897093384
54409297020000634
53611417950688134
52813564688599386
52015737233177898
51217935583867184
50420159740110764
49622409701352164
48824685467034916
48026987036602558
47229314409498634
46431667585166694
45634046563050294
44836451342592996
44038881923238368
43241338304429984
42443820485611424
41646328466226274
40848862245718126
40051421823530578
39254007199107234
38456618371891704
37659255341327604
36861918106858556
36064606667928188
35267321023980134
34470061174458034
33672827118805534
32875618856466286
32078436386883948
31281279709502184
30484148823764664
29687043729115064
28889964424997066
28092910910854358
27295883186130634
26498881250269594
25701905102714944
24904954742910396
24108030170299668
23311131384326484
22514258384434574
21717411170067674
20920589740669526
20123794095683878
19327024234554484
18530280156725104
17733561861639504
16936869348741456
16140202617474738
15343561667283134
14546946497610434
13750357107900434
12953793497596936
12157255666143748
11360743612984684
10564257337563564
9767796839324214
8971362117710466
8174953172166158
7378570002135134
6582212607061244
5785880986388344
4989575139560296
4193295066020968
3397040765214234
2600812236583974
1804609479574074
1008432493628426
212281278190928
-583844167294516
-1379943843383996
-2176017750633596
-2972065889599394
-3768088260837462
-4564084864903866
-5360055702354666
-6156000773745916
-6951920079633664
-7747813620573952
-8543681397122816
-9339523409836286
-10135339659270386
-10931130145981134
-11726894870524542
-12522633833456616
-13318347035333356
-14114034476710756
-14909696158144804
-15705332080191482
-16500942243406766
-17296526648346626
-18092085295567026
-18887618185623924
-19683125319073272
-20478606696471016
-21274062318373096
-22069492185335446
-22864896297913994
-23660274656664662
-24455627262143366
-25250954114906016
-26046255215508516
-26841530564506764
-27636780162456652
-28432004009914066
-29227202107434886
-30022374455574986
-30817521054890234
-31612641905936492
-32407737009269616
-33202806365445456
-33997849975019856
-34792867838548654
-35587859956587682
-36382826329692766
-37177766958419726
-37972681843324376
-38767570984962524
-39562434383889972
-40357272040662516
-41152083955835946
-41946870129966046
-42741630563608594
-43536365257319362
-44331074211654116
-45125757427168616
-45920414904418616
-46715046643959864
-47509652646348102
-48304232912139066
-49098787441888486
-49893316236152086
-50687819295485584
-51482296620444692
-52276748211585116
-53071174069462556
-53865574194632706
-54659948587651254
-55454297249073882
-56248620179456266
-57042917379354076
-57837188849322976
-58631434589918624
-59425654601696672
-60219848885212766
-61014017441022546
-61808160269681646
-62602277371745694
-63396368747770312
-64190434398311116
-64984474323923716
-65778488525163716
-66572477002586714
-67366439756748302
-68160376788204066
-68954288097509586
-69748173685220436
-70542033551892184
-71335867698080392
-72129676124340616
-72923458831228406
-73717215819299306
-74510947089108854
-75304652641212582
-76098332476166016
-76891986594524676
-77685614996844076
-78479217683679724
-79272794655587122
-80066345913121766
-80859871456839146
-81653371287294746
-82446845405044044
-83240293810642512
-84033716504645616
-84827113487608816
-85620484760087566
-86413830322637314
-87207150175813502
-88000444320171566
-88793712756266936
-89586955484655036
-90380172505891284
-91173363820531092
-91966529429129866
-92759669332243006
-93552783530425906
-94345872024233954
-95138934814222532
-95931971900947016
-96724983284962776
-97517968966825176
-98310928947089574
-99103863226311322
-99896771805045766
-100689654683848246
-101482511863274096
-102275343343878644
-103068149126217212
-103860929210845116
-104653683598317666
-105446412289190166
-106239115284017914
-107031792583356202
-107824444187760316
-108617070097785536
-109409670313987136
-110202244836920384
-110994793667140542
-111787316805202866
-112579814251662606
-113372286007075006
-114164732071995304
-114957152446978732
-115749547132580516
-116541916129355876
-117334259437860026
-118126577058648174
-118918868992275522
-119711135239297266
-120503375800268596
-121295590675744696
-122087779866280744
-122879943372431912
-123672081194753366
-124464193333800266
-125256279790127766
-126048340564291014
-126840375656845152
-127632385068345316
-128424368799346636
-129216326850404236
-130008259222073234
-130800165914908742
-131592046929465866
-132383902266299706
-133175731925965356
-133967535909017904
-134759314216012432
-135551066847504016
-136342793804047726
-137134495086198626
-137926170694511774
-138717820629542222
-139509444891845016
-140301043481975196
-141092616400487796
-141884163647937844
-142675685224880362
-143467181131870366
-144258651369462866
-145050095938212866
-145841514838675364
-146632908071405352
-147424275636957816
-148215617535887736
-149006933768750086
-149798224336099834
-150589489238491942
-151380728476481366
-152171942050623056
-152963129961471956
-153754292209583004
-154545428795511132
-155336539719811266
-156127624983038326
-156918684585747226
-157709718528492874
-158500726811830172
-159291709436314016
-160082666402499296
-160873597710940896
-161664503362193694
-162455383356812562
-163246237695352366
-164037066378367966
-164827869406414216
-165618646780045964
-166409398499818052
-167200124566285316
-167990824980002586
-168781499741524686
-169572148851406434
-170362772310202642
-171153370118468116
-171943942276757656
-172734488785626056
-173525009645628104
-174315504857318582
-175105974421252266
-175896418337983926
-176686836608068326
-177477229232060224
-178267596210514372
-179057937543985516
-179848253233028396
-180638543278197746
-181428807680048294
-182219046439134762
-183009259556011866
-183799447031234316
-184589608865356816
-185379745058934064
-186169855612520752
-186959940526671566
-187749999801941186
-188540033438884286
-189330041438055534
-190120023800009592
-190909980525301116
-191699911614484756
-192489817068115156
-193279696886746954
-194069551070934782
-194859379621233266
-195649182538197026
-196438959822380676
-197228711474338824
-198018437494626072
-198808137883797016
-199597812642406246
-200387461771008346
-201177085270157894
-201966683140409462
-202756255382317616
-203545801996436916
-204335322983321916
-205124818343527164
-205914288077607202
-206703732186116566
-207493150669609786
-208282543528641386
-209071910763765884
-209861252375537792
-210650568364511616
-211439858731241856
-212229123476283006
-213018362600189554
-213807576103515982
-214596763986816766
-215385926250646376
-216175062895559276
-216964173922109924
-217753259330852772
-218542319122342266
-219331353297132846
-220120361855778946
-220909344798834994
-221698302126855412
-222487233840394616
-223276139940007016
-224065020426247016
-224853875299669014
-225642704560827402
-226431508210276566
-227220286248570886
-228009038676264736
-228797765493912484
-229586466702068492
-230375142301287116
-231163792292122706
-231952416675129606
-232741015450862154
-233529588619874682
-234318136182721516
-235106658139956976
-235895154492135376
-236683625239811024
-237472070383538222
-238260489923871266
-239048883861364446
-239837252196572046
-240625594930048344
-241413912062347612
-242202203594024116
-242990469525632116
-243778709857725866
-244566924590859614
-245355113725587602
-246143277262464066
-246931415202043236
-247719527544879336
-248507614291526584
-249295675442539192
-250083710998471366
-250871720959877306
-251659705327311206
-252447664101327254
-253235597282479632
-254023504871322516
-254811386868410076
-255599243274296476
-256387074089535874
-257174879314682422
-257962658950290266
-258750412996913546
-259538141455106396
-260325844325422944
-261113521608417312
-261901173304643616
-262688799414655966
-263476399939008466
-264263974878255214
-265051524232950302
-265839048003647816
-266626546190901836
-267414018795266436
-268201465817295684
-268988887257543642
-269776283116564366
-270563653394911906
-271350998093140306
-272138317211803604
-272925610751455832
-273712878712651016
-274500121095943176
-275287337901886326
-276074529131034474
-276861694783941622
-277648834861161766
-278435949363248896
-279223038290756996
-280010101644240044
-280797139424252012
-281584151631346866
-282371138266078566
-283158099329001066
-283945034820668314
-284731944741634252
-285518829092452816
-286305687873677936
-287092521085863536
-287879328729563534
-288666110805331842
-289452867313722366
-290239598255289006
-291026303630585656
-291812983440166204
-292599637684584532
-293386266364394516
-294172869480150026
-294959447032404926
-295745999021713074
-296532525448628322
-297319026313704516
-298105501617495496
-298891951360555096
-299678375543437144
-300464774166695462
-301251147230883866
-302037494736556166
-302823816684266166
-303610113074567664
-304396383908014452
-305182629185160316
-305968848906559036
-306755043072764386
-307541211684330134
-308327354741810042
-309113472245757866
-309899564196727356
-310685630595272256
-311471671441946304
-312257686737303232
-313043676481896766
-313829640676280626
-314615579321008526
-315401492416634174
-316187379963711272
-316973241962793516
-317759078414434596
-318544889319188196
-319330674677607994
-320116434490247662
-320902168757660866
-321687877480401266
-322473560659022516
-323259218294078264
-324044850386122152
-324830456935707816
-325616037943388886
-326401593409718986
-327187123335251734
-327972627720540742
-328758106566139616
-329543559872601956
-330328987640481356
-331114389870331404
-331899766562705682
-332685117718157766
-333470443337241226
-334255743420509626
-335041017968516524
-335826266981815472
-336611490460960016
-337396688406503696
-338181860819000046
-338967007699002594
-339752129047064862
-340537224863740366
-341322295149582616
-342107339905145116
-342892359130981364
-343677352827644852
-344462320995689066
-345247263635667486
-346032180748133586
-346817072333640834
-347601938392742692
-348386778925992616
-349171593933944056
-349956383417150456
-350741147376165254
-351525885811541882
-352310598723833766
-353095286113594326
-353879947981376976
-354664584327735124
-355449195153222172
-356233780458391516
-357018340243796546
-357802874509990646
-358587383257527194
-359371866486959562
-360156324198841116
-360940756393725216
-361725163072165216
-362509544234714464
-363293899881926302
-364078230014354066
-364862534632551086
-365646813737070686
-366431067328466184
-367215295407290892
-367999497974098116
-368783675029441156
-369567826573873306
-370351952607947854
-371136053132218082
-371920128147237266
-372704177653558676
-373488201651735576
-374272200142321224
-375056173125868872
-375840120602931766
-376624042574063146
-377407939039816246
-378191810000744294
-378975655457400512
-379759475410338116
-380543269860110316
-381327038807270316
-382110782252371314
-382894500195966502
-383678192638609066
-384461859580852186
-385245501023249036
-386029116966352784
-386812707410716592
-387596272356893616
-388379811805437006
-389163325756899906
-389946814211835454
-390730277170796782
-391513714634337016
-392297126603009276
-393080513077366676
-393863874057962324
-394647209545349322
-395430519540080766
-396213804042709746
-396997063053789346
-397780296573872644
-398563504603512712
-399346687143262616
-400129844193675416
-400912975755304166
-401696081828701914
-402479162414421702
-403262217513016566
-404045247125039536
-404828251251043636
-405611229891581884
-406394183047207292
-407177110718472866
-407960012905931606
-408742889610136506
-409525740831640554
-410308566570996732
-411091366828758016
-411874141605477376
-412656890901707776
-413439614718002174
-414222313054913522
-415004985912994766
-415787633292798846
-416570255194878696
-417352851619787244
-418135422568077412
-418917968040302116
-419700488037014266
-420482982558766766
-421265451606112514
-422047895179604402
-422830313279795316
-423612705907238136
-424395073062485736
-425177414746090984
-425959730958606742
-426742021700585866
-427524286972581206
-428306526775145606
-429088741108831904
-429870929974192932
-430653093371781516
-431435231302150476
-432217343765852626
-432999430763440774
-433781492295467722
-434563528362486266
-435345538965049196
-436127524103709296
-436909483779019344
-437691417991532112
-438473326741800366
-439255210030376866
-440037067857814366
-440818900224665614
-441600707131483352
-442382488578820316
-443164244567229236
-443945975097262836
-444727680169473834
-445509359784414942
-446291013942638866
-447072642644698306
-447854245891145956
-448635823682534504
-449417376019416632
-450198902902345016
-450980404331872326
-451761880308551226
-452543330832934374
-453324755905574422
-454106155527024016
-454887529697835796
-455668878418562396
-456450201689756444
-457231499511970562
-458012771885757366
-458794018811669466
-459575240290259466
-460356436322079964
-461137606907683552
-461918752047622816
-462699871742450336
-463480965992718686
-464262034798980434
-465043078161788142
-465824096081694366
-466605088559251656
-467386055595012556
-468166997189529604
-468947913343355332
-469728804057042266
-470509669331142926
-471290509166209826
-472071323562795474
-472852112521452372
-473632876042733016
-474413614127189896
-475194326775375496
-475975013987842294
-476755675765142762
-477536312107829366
-478316923016454566
-479097508491570816
-479878068533730564
-480658603143486252
-481439112321390316
-482219596067995186
-483000054383853286
-483780487269517034
-484560894725538842
-485341276752471116
-486121633350866256
-486901964521276656
-487682270264254704
-488462550580352782
-489242805470123266
-490023034934118526
-490803238972890926
-491583417586992824
-492363570776976572
-493143698543394516
-493923800886798996
-494703877807742346
-495483929306776894
-496263955384454962
-497043956041328866
-497823931277950916
-498603881094873416
-499383805492648664
-500163704471828952
-500943578032966566
-501723426176613786
-502503248903322886
-503283046213646134
-504062818108135792
-504842564587344116
-505622285651823356
-506401981302125756
-507181651538803554
-507961296362408982
-508740915773494266
-509520509772611626
-510300078360313276
-511079621537151424
-511859139303678272
-512638631660446016
-513418098608006846
-514197540146912946
-514976956277716494
-515756347000969662
-516535712317224616
-517315052227033516
-518094366730948516
-518873655829521764
-519652919523305402
-520432157812851566
-521211370698712386
-521990558181439986
-522769720261586484
-523548856939703992
-524327968216344616
-525107054092060456
-525886114567403606
-526665149642926154
-527444159319180182
-528223143596717766
-529002102476090976
-529781035957851876
-530559944042552524
-531338826730744972
-532117684022981266
-532896515919813446
-533675322421793546
-534454103529473594
-535232859243405612
-536011589564141616
-536790294492233616
-537568974028233616
-538347628172693614
-539126256926165602
-539904860289201566
-540683438262353486
-541461990846173336
-542240518041213084
-543019019848024692
-543797496267160116
-544575947299171306
-545354372944610206
-546132773204028754
-546911148077978882
-547689497567012516
-548467821671681576
-549246120392537976
-550024393730133624
-550802641685020422
-551580864257750266
-552359061448875046
-553137233258946646
-553915379688516944
-554693500738137812
-555471596408361116
-556249666699738716
-557027711612822466
-557805731148164214
-558583725306315802
-559361694087829066
-560139637493255836
-560917555523147936
-561695448178057184
-562473315458535392
-563251157365134366
-564028973898405906
-564806765058901806
-565584530847173854
-566362271263773832
-567139986309253516
-567917675984164676
-568695340289059076
-569472979224488474
-570250592791004622
-571028180989159266
-571805743819504146
-572583281282590996
-573360793378971544
-574138280109197512
-574915741473820616
-575693177473392566
-576470588108465066
-577247973379589814
-578025333287318502
-578802667832202816
-579579977014794436
-580357260835645036
-581134519295306284
-581911752394329842
-582688960133267366
-583466142512670506
-584243299533090906
-585020431195080204
-585797537499190032
-586574618445972016
-587351674035977776
-588128704269758926
-588905709147867074
-589682688670853822
-590459642839270766
-591236571653669496
-592013475114601596
-592790353222618644
-593567205978272212
-594344033382113866
-595120835434695166
-595897612136567666
-596674363488282914
-597451089490392452
-598227790143447816
-599004465448000536
-599781115404602136
-600557740013804134
-601334339276158042
-602110913192215366
-602887461762527606
-603663984987646256
-604440482868122804
-605216955404508732
-605993402597355516
-606769824447214626
-607546220954637526
-608322592120175674
-609098937944380522
-609875258427803516
-610651553570996096
-611427823374509696
-612204067838895744
-612980286964705662
-613756480752490866
-614532649202802766
-615308792316192766
-616084910093212264
-616861002534412652
-617637069640345316
-618413111411561636
-619189127848612986
-619965118952050734
-620741084722426242
-621517025160290866
-622292940266195956
-623068830040692856
-623844694484332904
-624620533597667432
-625396347381247766
-626172135835625226
-626947898961351126
-627723636758976774
-628499349229053472
-629275036372132516
-630050698188765196
-630826334679502796
-631601945844896594
-632377531685497862
-633153092201857866
-633928627394527866
-634704137264059116
-635479621811002864
-636255081035910352
-637030514939332816
-637805923521821486
-638581306783927586
-639356664726202334
-640131997349196942
-640907304653462616
-641682586639550556
-642457843308011956
-643233074659398004
-644008280694259882
-644783461413148766
-645558616816615826
-646333746905212226
-647108851679489124
-647883931139997672
-648658985287289016
-649434014121914296
-650209017644424646
-650983995855371194
-651758948755305062
-652533876344777366
-653308778624339216
-654083655594541716
-654858507255935964
-655633333609073052
-656408134654504066
-657182910392780086
-657957660824452186
-658732385950071434
-659507085770188892
-660281760285355616
-661056409496122656
-661831033403041056
-662605632006661854
-663380205307536082
-664154753306214766
-664929276003248926
-665703773399189576
-666478245494587724
-667252692289994372
-668027113785960516
-668801509983037146
-669575880881775246
-670350226482725794
-671124546786439762
-671898841793468116
-672673111504361816
-673447355919671816
-674221575039949064
-674995768865744502
-675769937397609066
-676544080636093686
-677318198581749286
-678092291235126784
-678866358596777092
-679640400667251116
-680414417447099756
-681188408936873906
-681962375137124454
-682736316048402282
-683510231671258266
-684284122006243276
-685057987053908176
-685831826814803824
-686605641289481072
-687379430478490766
-688153194382383746
-688926933001710846
-689700646337022894
-690474334388870712
-691247997157805116
-692021634644376916
-692795246849136916
-693568833772635914
-694342395415424702
-695115931778054066
-695889442861074786
-696662928665037636
-697436389190493384
-698209824437992792
-698983234408086616
-699756619101325606
-700529978518260506
-701303312659442054
-702076621525420982
-702849905116748016
-703623163433973876
-704396396477649276
-705169604248324924
-705942786746551522
-706715943972879766
-707489075927860346
-708262182612043946
-709035264025981244
-709808320170222912
-710581351045319616
-711354356651822016
-712127336990280766
-712900292061246514
-713673221865269902
-714446126402901566
-715219005674692136
-715991859681192236
-716764688422952484
-717537491900523492
-718310270114455866
-719083023065300206
-719855750753607106
-720628453179927154
-721401130344810932
-722173782248809016
-722946408892471976
-723719010276350376
-724491586400994774
-725264137266955722
-726036662874783766
-726809163225029446
-727581638318243296
-728354088154975844
-729126512735777612
-729898912061199116
-730671286131790866
-731443634948103366
-732215958510687114
-732988256820092602
-733760529876870316
-734532777681570736
-735305000234744336
-736077197536941584
-736849369588712942
-737621516390608866
-738393637943179806
-739165734246976206
-739937805302548504
-740709851110447132
-741481871671222516
-742253866985425076
-743025837053605226
-743797781876313374
-744569701454099922
-745341595787515266
-746113464877109796
-746885308723433896
-747657127327037944
-748428920688472312
-749200688808287366
-749972431687033466
-750744149325260966
-751515841723520214
-752287508882361552
-753059150802335316
-753830767483991836
-754602358927881436
-755373925134554434
-756145466104561142
-756916981838451866
-757688472336776906
-758459937600086556
-759231377628931104
-760002792423860832
-760774181985426016
-761545546314176926
-762316885410663826
-763088199275436974
-763859487909046622
-764630751312043016
-765401989484976396
-766173202428396996
-766944390142855044
-767715552628900762
-768486689887084366
-769257801917956066
-770028888722066066
-770799950299964564
-771570986652201752
-772341997779327816
-773112983681892936
-773883944360447286
-774654879815541034
-775425790047724342
-776196675057547366
-776967534845560256
-777738369412313156
-778509178758356204
-779279962884239532
-780050721790513266
-780821455477727526
-781592163946432426
-782362847197178074
-783133505230514572
-783904138046992016
-784674745647160496
-785445328031570096
-786215885200770894
-786986417155312962
-787756923895746366
-788527405422621166
-789297861736487416
-790068292837895164
-790838698727394452
-791609079405535316
-792379434872867786
-793149765129941886
-793920070177307634
-794690350015515042
-795460604645114116
-796230834066654856
-797001038280687256
-797771217287761304
-798541371088426982
-799311499683234266
-800081603072733126
-800851681257473526
-801621734238005424
-802391762014878772
-803161764588643516
-803931741959849596
-804701694129046946
-805471621096785494
-806241522863615162
-807011399430085866
-807781250796747516
-808551076964150016
-809320877932843264
-810090653703377152
-810860404276301566
-811630129652166386
-812399829831521486
-813169504814916734
-813939154602901992
-814708779196027116
-815478378594841956
-816247952799896356
-817017501811740154
-817787025630923182
-818556524257995266
-819325997693506226
-820095445938005876
-820864868992044024
-821634266856170472
-822403639530935016
-823172987016887446
-823942309314577546
-824711606424555094
-825480878347369862
-826250125083571616
-827019346633710116
-827788542998335116
-828557714177996364
-829326860173243602
-830095980984626566
-830865076612694986
-831634147057998586
-832403192321087084
-833172212402510192
-833941207302817616
-834710177022559056
-835479121562284206
-836248040922542754
-837016935103884382
-837785804106858766
-838554647932015576
-839323466579904476
-840092260051075124
-840861028346077172
-841629771465460266
-842398489409774046
-843167182179568146
-843935849775392194
-844704492197795812
-845473109447328616
-846241701524540216
-847010268429980216
-847778810164198214
-848547326727743802
-849315818121166566
-850084284345016086
-850852725399841936
-851621141286193684
-852389532004620892
-853157897555673116
-853926237939899906
-854694553157850806
-855462843210075354
-856231108097123082
-856999347819543516
-857767562377886176
-858535751772700576
-859303916004536224
-860072055073942622
-860840168981469266
-861608257727665646
-862376321313081246
-863144359738265544
-863912373003768012
-864680361110138116
-865448324057925316
-866216261847679066
-866984174479948814
-867752061955284002
-868519924274234066
-869287761437348436
-870055573445176536
-870823360298267784
-871591121997171592
-872358858542437366
-873126569934614506
-873894256174252406
-874661917261900454
-875429553198108032
-876197163983424516
-876964749618399276
-877732310103581676
-878499845439521074
-879267355626766822
-880034840665868266
-880802300557374746
-881569735301835596
-882337144899800144
-883104529351817712
-883871888658437616
-884639222820209166
-885406531837681666
-886173815711404414
-886941074441926702
-887708308029797816
-888475516475567036
-889242699779783636
-890009857942996884
-890776990965756042
-891544098848610366
-892311181592109106
-893078239196801506
-893845271663236804
-894612278991964232
-895379261183533016
-896146218238492376
-896913150157391526
-897680056940779674
-898446938589206022
-899213795103219766
-899980626483370096
-900747432730206196
-901514213844277244
-902280969826132412
-903047700676320866
-903814406395391766
-904581086983894266
-905347742442377514
-906114372771390652
-906880977971482816
-907647558043203136
-908414112987100736
-909180642803724734
-909947147493624242
-910713627057348366
-911480081495446206
-912246510808466856
-913012914996959404
-913779294061472932
-914545648002556516
-915311976820759226
-916078280516630126
-916844559090718274
-917610812543572722
-918377040875742516
-919143244087776696
-919909422180224296
-920675575153634344
-921441703008555862
-922207805745537866
-922973883365129366
-923739935867879366
-924505963254336864
-925271965525050852
-926037942680570316
-926803894721444236
-927569821648221586
-928335723461451334
-929101600161682442
-929867451749463866
-930633278225344556
-931399079589873456
-932164855843599504
-932930606987071632
-933696333020838766
-934462033945449826
-935227709761453726
-935993360469399374
-936758986069835672
-937524586563311516
-938290161950375796
-939055712231577396
-939821237407465194
-940586737478588062
-941352212445494866
-942117662308734466
-942883087068855716
-943648486726407464
-944413861281938552
-945179210735997816
-945944535089134086
-946709834341896186
-947475108494832934
-948240357548493142
-949005581503425616
-949770780360179156
-950535954119302556
-951301102781344604
-952066226346854082
-952831324816379766
-953596398190470426
-954361446469674826
-955126469654541724
-955891467745619872
-956656440743458016
-957421388648604896
-958186311461609246
-958951209183019794
-959716081813385262
-960480929353254366
-961245751803175816
-962010549163698316
-962775321435370564
-963540068618741252
-964304790714359066
-965069487722772686
-965834159644530786
-966598806480182034
-967363428230275092
-968128024895358616
-968892596475981256
-969657142972691656
-970421664386038454
-971186160716570282
-971950631964835766
-972715078131383526
-973479499216762176
-974243895221520324
-975008266146206572
-975772611991369516
-976536932757557746
-977301228445319846
-978065499055204394
-978829744587759962
-979593965043535116
-980358160423078416
-981122330726938416
-981886475955663664
-982650596109802702
-983414691189904066
-984178761196516286
-984942806130187886
-985706825991467384
-986470820780903292
-987234790499044116
-987998735146438356
-988762654723634506
-989526549231181054
-990290418669626482
-991054263039519266
-991818082341407876
-992581876575840776
-993345645743366424
-994109389844533272
-994873108879889766
-995636802849984346
-996400471755365446
-997164115596581494
-997927734374180912
-998691328088712116
-999454896740723516
-1000218440330763516
-1000981958859380514
-1001745452327122902
-1002508920734539066
-1003272364082177386
-1004035782370586236
-1004799175600313984
-1005562543771908992
-1006325886885919616
-1007089204942894206
-1007852497943381106
-1008615765887928654
-1009379008777085182
-1010142226611399016
-1010905419391418476
-1011668587117691876
-1012431729790767524
-1013194847411193722
-1013957939979518766
-1014721007496290946
-1015484049962058546
-1016247067377369844
-1017010059742773112
-1017773027058816616
-1018535969326048616
-1019298886545017366
-1020061778716271114
-1020824645840358102
-1021587487917826566
-1022350304949224736
-1023113096935100836
-1023875863876003084
-1024638605772479692
-1025401322625078866
-1026164014434348806
-1026926681200837706
-1027689322925093754
-1028451939607665132
-1029214531249100016
-1029977097849946576
-1030739639410752976
-1031502155932067374
-1032264647414437922
-1033027113858412766
-1033789555264540046
-1034551971633367896
-1035314362965444444
-1036076729261317812
-1036839070521536116
-1037601386746647466
-1038363677937199966
-1039125944093741714
-1039888185216820802
-1040650401306985316
-1041412592364783336
-1042174758390762936
-1042936899385472184
-1043699015349459142
-1044461106283271866
-1045223172187458406
-1045985213062566806
-1046747228909145104
-1047509219727741332
-1048271185518903516
-1049033126283179676
-1049795042021117826
-1050556932733265974
-1051318798420172122
-1052080639082384266
-1052842454720450396
-1053604245334918496
-1054366010926336544
-1055127751495252512
-1055889467042214366
-1056651157567770066
-1057412823072467566
-1058174463556854814
-1058936079021479752
-1059697669466890316
-1060459234893634436
-1061220775302260036
-1061982290693315034
-1062743781067347342
-1063505246424904866
-1064266686766535506
-1065028102092787156
-1065789492404207704
-1066550857701345032
-1067312197984747016
-1068073513254961526
-1068834803512536426
-1069596068758019574
-1070357308991958822
-1071118524214902016
-1071879714427396996
-1072640879629991596
-1073402019823233644
-1074163135007670962
-1074924225183851366
-1075685290352322666
-1076446330513632666
-1077207345668329164
-1077968335816959952
-1078729300960072816
-1079490241098215536
-1080251156231935886
-1081012046361781634
-1081772911488300542
-1082533751612040366
-1083294566733548856
-1084055356853373756
-1084816121972062804
-1085576862090163732
-1086337577208224266
-1087098267326792126
-1087858932446415026
-1088619572567640674
-1089380187691016772
-1090140777817091016
-1090901342946411096
-1091661883079524696
-1092422398216979494
-1093182888359323162
-1093943353507103366
-1094703793660867766
-1095464208821164016
-1096224598988539764
-1096984964163542652
-1097745304346720316
-1098505619538620386
-1099265909739790486
-1100026174950778234
-1100786415172131242
-1101546630404397116
-1102306820648123456
-1103066985903857856
-1103827126172147904
-1104587241453541182
-1105347331748585266
-1106107397057827726
-1106867437381816126
-1107627452721098024
-1108387443076220972
-1109147408447732516
-1109907348836180196
-1110667264242111546
-1111427154666074094
-1112187020108615362
-1112946860570282866
-1113706676051624116
-1114466466553186616
-1115226232075517864
-1115985972619165352
-1116745688184676566
-1117505378772598986
-1118265044383480086
-1119024685017867334
-1119784300676308192
-1120543891359350116
-1121303457067540556
-1122062997801426956
-1122822513561556754
-1123582004348477382
-1124341470162736266
-1125100911004880826
-1125860326875458476
-1126619717775016624
-1127379083704102672
-1128138424663264016
-1128897740653048046
-1129657031674002146
-1130416297726673694
-1131175538811610062
-1131934754929358616
-1132693946080466716
-1133453112265481716
-1134212253484950964
-1134971369739421802
-1135730461029441566
-1136489527355557586
-1137248568718317186
-1138007585118267684
-1138766576555956392
-1139525543031930616
-1140284484546737656
-1141043401100924806
-1141802292695039354
-1142561159329628582
-1143320001005239766
-1144078817722420176
-1144837609481717076
-1145596376283677724
-1146355118128849372
-1147113835017779266
-1147872526951014646
-1148631193929102746
-1149389835952590794
-1150148453022026012
-1150907045137955616
-1151665612300926816
-1152424154511486816
-1153182671770182814
-1153941164077562002
-1154699631434171566
-1155458073840558686
-1156216491297270536
-1156974883804854284
-1157733251363857092
-1158491593974826116
-1159249911638308506
-1160008204354851406
-1160766472125001954
-1161524714949307282
-1162282932828314516
-1163041125762570776
-1163799293752623176
-1164557436799018824
-1165315554902304822
-1166073648063028266
-1166831716281736246
-1167589759558975846
-1168347777895294144
-1169105771291238212
-1169863739747355116
-1170621683264191916
-1171379601842295666
-1172137495482213414
-1172895364184492202
-1173653207949679066
-1174411026778321036
-1175168820670965136
-1175926589628158384
-1176684333650447792
-1177442052738380366
-1178199746892503106
-1178957416113363006
-1179715060401507054
-1180472679757482232
-1181230274181835516
-1181987843675113876
-1182745388237864276
-1183502907870633674
-1184260402573969022
-1185017872348417266
-1185775317194525346
-1186532737112840196
-1187290132103908744
-1188047502168277912
-1188804847306494616
-1189562167519105766
-1190319462806658266
-1191076733169699014
-1191833978608774902
-1192591199124432816
-1193348394717219636
-1194105565387682236
-1194862711136367484
-1195619831963822242
-1196376927870593366
-1197133998857227706
-1197891044924272106
-1198648066072273404
-1199405062301778432
-1200162033613334016
-1200918980007486976
-1201675901484784126
-1202432798045772274
-1203189669690998222
-1203946516421008766
-1204703338236350696
-1205460135137570796
-1206216907125215844
-1206973654199832612
-1207730376361967866
-1208487073612168366
-1209243745950980866
-1210000393378952114
-1210757015896628852
-1211513613504557816
-1212270186203285736
-1213026733993359336
-1213783256875325334
-1214539754849730442
-1215296227917121366
-1216052676078044806
-1216809099333047456
-1217565497682676004
-1218321871127477132
-1219078219667997516
-1219834543304783826
-1220590842038382726
-1221347115869340874
-1222103364798204922
-1222859588825521516
-1223615787951837296
-1224371962177698896
-1225128111503652944
-1225884235930246062
-1226640335458024866
-1227396410087535966
-1228152459819325966
-1228908484653941464
-1229664484591929052
-1230420459633835316
-1231176409780206836
-1231932335031590186
-1232688235388531934
-1233444110851578642
-1234199961421276866
-1234955787098173156
-1235711587882814056
-1236467363775746104
-1237223114777515832
-1237978840888669766
-1238734542109754426
-1239490218441316326
-1240245869883901974
-1241001496438057872
-1241757098104330516
-1242512674883266396
-1243268226775411996
-1244023753781313794
-1244779255901518262
-1245534733136571866
-1246290185487021066
-1247045612953412316
-1247801015536292064
-1248556393236206752
-1249311746053702816
-1250067073989326686
-1250822377043624786
-1251577655217143534
-1252332908510429342
-1253088136924028616
-1253843340458487756
-1254598519114353156
-1255353672892171204
-1256108801792488282
-1256863905815850766
-1257618984962805026
-1258374039233897426
-1259129068629674324
-1259884073150682072
-1260639052797467016
-1261394007570575496
-1262148937470553846
-1262903842497948394
-1263658722653305462
-1264413577937171366
-1265168408350092416
-1265923213892614916
-1266677994565285164
-1267432750368649452
-1268187481303254066
-1268942187369645286
-1269696868568369386
-1270451524899972634
-1271206156365001292
-1271960762964001616
-1272715344697519856
-1273469901566102256
-1274224433570295054
-1274978940710644482
-1275733422987696766
-1276487880401998126
-1277242312954094776
-1277996720644532924
-1278751103473858772
-1279505461442618516
-1280259794551358346
-1281014102800624446
-1281768386190962994
-1282522644722920162
-1283276878397042116
-1284031087213875016
-1284785271173965016
-1285539430277858264
-1286293564526100902
-1287047673919239066
-1287801758457818886
-1288555818142386486
-1289309852973487984
-1290063862951669492
-1290817848077477116
-1291571808351456956
-1292325743774155106
-1293079654346117654
-1293833540067890682
-1294587400940020266
-1295341236963052476
-1296095048137533376
-1296848834464009024
-1297602595943025472
-1298356332575128766
-1299110044360864946
-1299863731300780046
-1300617393395420094
-1301371030645331112
-1302124643051059116
-1302878230613150116
-1303631793332150116
-1304385331208605114
-1305138844243061102
-1305892332436064066
-1306645795788159986
-1307399234299894836
-1308152647971814584
-1308906036804465192
-1309659400798392616
-1310412739954142806
-1311166054272261706
-1311919343753295254
-1312672608397789382
-1313425848206290016
-1314179063179343076
-1314932253317494476
-1315685418621290124
-1316438559091275922
-1317191674727997766
-1317944765532001546
-1318697831503833146
-1319450872644038444
-1320203888953163312
-1320956880431753616
-1321709847080355216
-1322462788899513966
-1323215705889775714
-1323968598051686302
-1324721465385791566
-1325474307892637336
-1326227125572769436
-1326979918426733684
-1327732686455075892
-1328485429658341866
-1329238148037077406
-1329990841591828306
-1330743510323140354
-1331496154231559332
-1332248773317631016
-1333001367581901176
-1333753937024915576
-1334506481647219974
-1335259001449360122
-1336011496431881766
-1336763966595330646
-1337516411940252496
-1338268832467193044
-1339021228176698012
-1339773599069313116
-1340525945145584066
-1341278266406056566
-1342030562851276314
-1342782834481789002
-1343535081298140316
-1344287303300875936
-1345039500490541536
-1345791672867682784
-1346543820432845342
-1347295943186574866
-1348048041129417006
-1348800114261917406
-1349552162584621704
-1350304186098075532
-1351056184802824516
-1351808158699414276
-1352560107788390426
-1353312032070298574
-1354063931545684322
-1354815806215093266
-1355567656079070996
-1356319481138163096
-1357071281392915144
-1357823056843872712
-1358574807491581366
-1359326533336586666
-1360078234379434166
-1360829910620669414
-1361581562060837952
-1362333188700485316
-1363084790540157036
-1363836367580398636
-1364587919821755634
-1365339447264773542
-1366090949909997866
-1366842427757974106
-1367593880809247756
-1368345309064364304
-1369096712523869232
-1369848091188308016
-1370599445058226126
-1371350774134169026
-1372102078416682174
-1372853357906311022
-1373604612603601016
-1374355842509097596
-1375107047623346196
-1375858227946892244
-1376609383480281162
-1377360514224058366
-1378111620178769266
-1378862701344959266
-1379613757723173764
-1380364789313958152
-1381115796117857816
-1381866778135418136
-1382617735367184486
-1383368667813702234
-1384119575475516742
-1384870458353173366
-1385621316447217456
-1386372149758194356
-1387122958286649404
-1387873742033127932
-1388624500998175266
-1389375235182336726
-1390125944586157626
-1390876629210183274
-1391627289054958972
-1392377924121030016
-1393128534408941696
-1393879119919239296
-1394629680652468094
-1395380216609173362
-1396130727789900366
-1396881214195194366
-1397631675825600616
-1398382112681664364
-1399132524763930852
-1399882912072945316
-1400633274609252986
-1401383612373399086
-1402133925365928834
-1402884213587387442
-1403634477038320116
-1404384715719272056
-1405134929630788456
-1405885118773414504
-1406635283147695382
-1407385422754176266
-1408135537593402326
-1408885627665918726
-1409635692972270624
-1410385733513003172
-1411135749288661516
-1411885740299790796
-1412635706546936146
-1413385648030642694
-1414135564751455562
-1414885456709919866
-1415635323906580716
-1416385166341983216
-1417134984016672464
-1417884776931193552
-1418634545086091566
-1419384288481911586
-1420134007119198686
-1420883700998497934
-1421633370120354392
-1422383014485313116
-1423132634093919156
-1423882228946717556
-1424631799044253354
-1425381344387071582
-1426130864975717266
-1426880360810735426
-1427629831892671076
-1428379278222069224
-1429128699799474872
-1429878096625433016
-1430627468700488646
-1431376816025186746
-1432126138600072294
-1432875436425690262
-1433624709502585616
-1434373957831303316
-1435123181412388316
-1435872380246385564
-1436621554333840002
-1437370703675296566
-1438119828271300186
-1438868928122395786
-1439618003229128284
-1440367053592042592
-1441116079211683616
-1441865080088596256
-1442614056223325406
-1443363007616415954
-1444111934268412782
-1444860836179860766
-1445609713351304776
-1446358565783289676
-1447107393476360324
-1447856196431061572
-1448604974647938266
-1449353728127535246
-1450102456870397346
-1450851160877069394
-1451599840148096212
-1452348494684022616
-1453097124485393416
-1453845729552753416
-1454594309886647414
-1455342865487620202
-1456091396356216566
-1456839902492981286
-1457588383898459136
-1458336840573194884
-1459085272517733292
-1459833679732619116
-1460582062218397106
-1461330419975612006
-1462078753004808554
-1462827061306531482
-1463575344881325516
-1464323603729735376
-1465071837852305776
-1465820047249581424
-1466568231922107022
-1467316391870427266
-1468064527095086846
-1468812637596630446
-1469560723375602744
-1470308784432548412
-1471056820768012116
-1471804832382538516
-1472552819276672266
-1473300781450958014
-1474048718905940402
-1474796631642164066
-1475544519660173636
-1476292382960513736
-1477040221543728984
-1477788035410363992
-1478535824560963366
-1479283588996071706
-1480031328716233606
-1480779043721993654
-1481526734013896432
-1482274399592486516
-1483022040458308476
-1483769656611906876
-1484517248053826274
-1485264814784611222
-1486012356804806266
-1486759874114955946
-1487507366715604796
-1488254834607297344
-1489002277790578112
-1489749696265991616
-1490497090034082366
-1491244459095394866
-1491991803450473614
-1492739123099863102
-1493486418044107816
-1494233688283752236
-1494980933819340836
-1495728154651418084
-1496475350780528442
-1497222522207216366
-1497969668932026306
-1498716790955502706
-1499463888278190004
-1500210960900632632
-1500958008823375016
-1501705032046961576
-1502452030571936726
-1503199004398844874
-1503945953528230422
-1504692877960637766
-1505439777696611296
-1506186652736695396
-1506933503081434444
-1507680328731372812
-1508427129687054866
-1509173905949024966
-1509920657517827466
-1510667384394006714
-1511414086578107052
-1512160764070672816
-1512907416872248336
-1513654044983377936
-1514400648404605934
-1515147227136476642
-1515893781179534366
-1516640310534323406
-1517386815201388056
-1518133295181272604
-1518879750474521332
-1519626181081678516
-1520372587003288426
-1521118968239895326
-1521865324792043474
-1522611656660277122
-1523357963845140516
-1524104246347177896
-1524850504166933496
-1525596737304951544
-1526342945761776262
-1527089129537951866
-1527835288634022566
-1528581423050532566
-1529327532788026064
-1530073617847047252
-1530819678228140316
-1531565713931849436
-1532311724958718786
-1533057711309292534
-1533803672984114842
-1534549609983729866
-1535295522308681756
-1536041409959514656
-1536787272936772704
-1537533111241000032
-1538278924872740766
-1539024713832539026
-1539770478120938926
-1540516217738484574
-1541261932685720072
-1542007622963189516
-1542753288571436996
-1543498929511006596
-1544244545782442394
-1544990137386288462
-1545735704323088866
-1546481246593387666
-1547226764197728916
-1547972257136656664
-1548717725410714952
-1549463169020447816
-1550208587966399286
-1550953982249113386
-1551699351869134134
-1552444696827005542
-1553190017123271616
-1553935312758476356
-1554680583733163756
-1555425830047877804
-1556171051703162482
-1556916248699561766
-1557661421037619626
-1558406568717880026
-1559151691740886924
-1559896790107184272
-1560641863817316016
-1561386912871826096
-1562131937271258446
-1562876937016156994
-1563621912107065662
-1564366862544528366
-1565111788329089016
-1565856689461291516
-1566601565941679764
-1567346417770797652
-1568091244949189066
-1568836047477397886
-1569580825355967986
-1570325578585443234
-1571070307166367492
-1571815011099284616
-1572559690384738456
-1573304345023272856
-1574048975015431654
-1574793580361758682
-1575538161062797766
-1576282717119092726
-1577027248531187376
-1577771755299625524
-1578516237424950972
-1579260694907707516
-1580005127748438946
-1580749535947689046
-1581493919506001594
-1582238278423920362
-1582982612701989116
-1583726922340751616
-1584471207340751616
-1585215467702532864
-1585959703426639102
-1586703914513614066
-1587448100964001486
-1588192262778345086
-1588936399957188584
-1589680512501075692
-1590424600410550116
-1591168663686155556
-1591912702328435706
-1592656716337934254
-1593400705715194882
-1594144670460761266
-1594888610575177076
-1595632526058985976
-1596376416912731624
-1597120283136957672
-1597864124732207766
-1598607941699025546
-1599351734037954646
-1600095501749538694
-1600839244834321312
-1601582963292846116
-1602326657125656716
-1603070326333296716
-1603813970916309714
-1604557590875239302
-1605301186210629066
-1606044756923022586
-1606788303012963436
-1607531824480995184
-1608275321327661392
-1609018793553505616
-1609762241159071406
-1610505664144902306
-1611249062511541854
-1611992436259533582
-1612735785389421016
-1613479109901747676
-1614222409797057076
-1614965685075892724
-1615708935738798122
-1616452161786316766
-1617195363218992146
-1617938540037367746
-1618681692241987044
-1619424819833393512
-1620167922812130616
-1620911001178741816
-1621654054933770566
-1622397084077760314
-1623140088611254502
-1623883068534796566
-1624626023848929936
-1625368954554198036
-1626111860651144284
-1626854742140312092
-1627597599022244866
-1628340431297486006
-1629083238966578906
-1629826022030066954
-1630568780488493532
-1631311514342402016
-1632054223592335776
-1632796908238838176
-1633539568282452574
-1634282203723722322
-1635024814563190766
-1635767400801401246
-1636509962438897096
-1637252499476221644
-1637995011913918212
-1638737499752530116
-1639479962992600666
-1640222401634673166
-1640964815679290914
-1641707205126997202
-1642449569978335316
-1643191910233848536
-1643934225894080136
-1644676516959573384
-1645418783430871542
-1646161025308517866
-1646903242593055606
-1647645435285028006
-1648387603384978304
-1649129746893449732
-1649871865810985516
-1650613960138128876
-1651356029875423026
-1652098075023411174
-1652840095582636522
-1653582091553642266
-1654324062936971596
-1655066009733167696
-1655807931942773744
-1656549829566332912
-1657291702604388366
-1658033551057483266
-1658775374926160766
-1659517174210964014
-1660258948912436152
-1661000699031120316
-1661742424567559636
-1662484125522297236
-1663225801895876234
-1663967453688839742
-1664709080901730866
-1665450683535092706
-1666192261589468356
-1666933815065400904
-1667675343963433432
-1668416848284109016
-1669158328027970726
-1669899783195561626
-1670641213787424774
-1671382619804103222
-1672124001246140016
-1672865358114078196
-1673606690408460796
-1674347998129830844
-1675089281278731362
-1675830539855705366
-1676571773861295866
-1677312983296045866
-1678054168160498364
-1678795328455196352
-1679536464180682816
-1680277575337500736
-1681018661926193086
-1681759723947302834
-1682500761401372942
-1683241774288946366
-1683982762610566056
-1684723726366774956
-1685464665558116004
-1686205580185132132
-1686946470248366266
-1687687335748361326
-1688428176685660226
-1689168993060805874
-1689909784874341172
-1690650552126809016
-1691391294818752296
-1692132012950713896
-1692872706523236694
-1693613375536863562
-1694354019992137366
-1695094639889600966
-1695835235229797216
-1696575806013268964
-1697316352240559052
-1698056873912210316
-1698797371028765586
-1699537843590767686
-1700278291598759434
-1701018715053283642
-1701759113954883116
-1702499488304100656
-1703239838101479056
-1703980163347561104
-1704720464042889582
-1705460740188007266
-1706200991783456926
-1706941218829781326
-1707681421327523224
-1708421599277225372
-1709161752679430516
-1709901881534681396
-1710641985843520746
-1711382065606491294
-1712122120824135762
-1712862151496996866
-1713602157625617316
-1714342139210539816
-1715082096252307064
-1715822028751461752
-1716561936708546566
-1717301820124104186
-1718041678998677286
-1718781513332808534
-1719521323127040592
-1720261108381916116
-1721000869097977756
-1721740605275768156
-1722480316915829954
-1723220004018705782
-1723959666584938266
-1724699304615070026
-1725438918109643676
-1726178507069201824
-1726918071494287072
-1727657611385442016
-1728397126743209246
-1729136617568131346
-1729876083860750894
-1730615525621610462
-1731354942851252616
-1732094335550219916
-1732833703719054916
-1733573047358300164
-1734312366468498202
-1735051661050191566
-1735790931103922786
-1736530176630234386
-1737269397629668884
-1738008594102768792
-1738747766050076616
-1739486913472134856
-1740226036369486006
-1740965134742672554
-1741704208592236982
-1742443257918721766
-1743182282722669376
-1743921283004622276
-1744660258765122924
-1745399210004713772
-1746138136723937266
-1746877038923335846
-1747615916603451946
-1748354769764827994
-1749093598408006412
-1749832402533529616
-1750571182141940016
-1751309937233780016
-1752048667809592014
-1752787373869918402
-1753526055415301566
-1754264712446283886
-1755003344963407736
-1755741952967215484
-1756480536458249492
-1757219095437052116
-1757957629904165706
-1758696139860132606
-1759434625305495154
-1760173086240795682
-1760911522666576516
-1761649934583379976
-1762388321991748376
-1763126684892224024
-1763865023285349222
-1764603337171666266
-1765341626551717446
-1766079891426045046
-1766818131795191344
-1767556347659698612
-1768294539020109116
-1769032705876965116
-1769770848230808866
-1770508966082182614
-1771247059431628602
-1771985128279689066
-1772723172626906236
-1773461192473822336
-1774199187820979584
-1774937158668920192
-1775675105018186366
-1776413026869320306
-1777150924222864206
-1777888797079360254
-1778626645439350632
-1779364469303377516
-1780102268671983076
-1780840043545709476
-1781577793925098874
-1782315519810693422
-1783053221203035266
-1783790898102666546
-1784528550510129396
-1785266178425965944
-1786003781850718312
-1786741360784928616
-1787478915229138966
-1788216445183891466
-1788953950649728214
-1789691431627191302
-1790428888116822816
-1791166320119164836
-1791903727634759436
-1792641110664148684
-1793378469207874642
-1794115803266479366
-1794853112840504906
-1795590397930493306
-1796327658536986604
-1797064894660526832
-1797802106301656016
-1798539293460916176
-1799276456138849326
-1800013594335997474
-1800750708052902622
-1801487797290106766
-1802224862048151896
-1802961902327579996
-1803698918128933044
-1804435909452753012
-1805172876299581866
-1805909818669961566
-1806646736564434066
-1807383629983541314
-1808120498927825252
-1808857343397827816
-1809594163394090936
-1810330958917156536
-1811067729967566534
-1811804476545862842
-1812541198652587366
-1813277896288282006
-1814014569453488656
-1814751218148749204
-1815487842374605532
-1816224442131599516
-1816961017420273026
-1817697568241167926
-1818434094594826074
-1819170596481789322
-1819907073902599516
-1820643526857798496
-1821379955347928096
-1822116359373530144
-1822852738935146462
-1823589094033318866
-1824325424668589166
-1825061730841499166
-1825798012552590664
-1826534269802405452
-1827270502591485316
-1828006710920372036
-1828742894789607386
-1829479054199733134
-1830215189151291042
-1830951299644822866
-1831687385680870356
-1832423447259975256
-1833159484382679304
-1833895497049524232
-1834631485261051766
-1835367449017803626
-1836103388320321526
-1836839303169147174
-1837575193564822272
-1838311059507888516
-1839046900998887596
-1839782718038361196
-1840518510626850994
-1841254278764898662
-1841990022453045866
-1842725741691834266
-1843461436481805516
-1844197106823501264
-1844932752717463152
-1845668374164232816
-1846403971164351886
-1847139543718361986
-1847875091826804734
-1848610615490221742
-1849346114709154616
-1850081589484144956
-1850817039815734356
-1851552465704464404
-1852287867150876682
-1853023244155512766
-1853758596718914226
-1854493924841622626
-1855229228524179524
-1855964507767126472
-1856699762571005016
-1857434992936356696
-1858170198863723046
-1858905380353645594
-1859640537406665862
-1860375670023325366
-1861110778204165616
-1861845861949728116
-1862580921260554364
-1863315956137185852
-1864050966580164066
-1864785952590030486
-1865520914167326586
-1866255851312593834
-1866990764026373692
-1867725652309207616
-1868460516161637056
-1869195355584203456
-1869930170577448254
-1870664961141912882
-1871399727278138766
-1872134468986667326
-1872869186268039976
-1873603879122798124
-1874338547551483172
-1875073191554636516
-1875807811132799546
-1876542406286513646
-1877276977016320194
-1878011523322760562
-1878746045206376116
-1879480542667708216
-1880215015707298216
-1880949464325687464
-1881683888523417302
-1882418288301029066
-1883152663659064086
-1883887014598063686
-1884621341118569184
-1885355643221121892
-1886089920906263116
-1886824174174534156
-1887558403026476306
-1888292607462630854
-1889026787483539082
-1889760943089742266
-1890495074281781676
-1891229181060198576
-1891963263425534224
-1892697321378329872
-1893431354919126766
-1894165364048466146
-1894899348766889246
-1895633309074937294
-1896367244973151512
-1897101156462073116
-1897835043542243316
-1898568906214203316
-1899302744478494314
-1900036558335657502
-1900770347786234066
-1901504112830765186
-1902237853469792036
-1902971569703855784
-1903705261533497592
-1904438928959258616
-1905172571981680006
-1905906190601302906
-1906639784818668454
-1907373354634317782
-1908106900048792016
-1908840421062632276
-1909573917676379676
-1910307389890575324
-1911040837705760322
-1911774261122475766
-1912507660141262746
-1913241034762662346
-1913974384987215644
-1914707710815463712
-1915441012247947616
-1916174289285208416
-1916907541927787166
-1917640770176224914
-1918373974031062702
-1919107153492841566
-1919840308562102536
-1920573439239386636
-1921306545525234884
-1922039627420188292
-1922772684924787866
-1923505718039574606
-1924238726765089506
-1924971711101873554
-1925704671050467732
-1926437606611413016
-1927170517785250376
-1927903404572520776
-1928636266973765174
-1929369104989524522
-1930101918620339766
-1930834707866751846
-1931567472729301696
-1932300213208530244
-1933032929304978412
-1933765621019187116
-1934498288351697266
-1935230931303049766
-1935963549873785514
-1936696144064445402
-1937428713875570316
-1938161259307701136
-1938893780361378736
-1939626277037143984
-1940358749335537742
-1941091197257100866
-1941823620802374206
-1942556019971898606
-1943288394766214904
-1944020745185863932
-1944753071231386516
-1945485372903323476
-1946217650202215626
-1946949903128603774
-1947682131683028722
-1948414335866031266
-1949146515678152196
-1949878671119932296
-1950610802191912344
-1951342908894633112
-1952074991228635366
-1952807049194459866
-1953539082792647366
-1954271092023738614
-1955003076888274352
-1955735037386795316
-1956466973519842236
-1957198885287955836
-1957930772691676834
-1958662635731545942
-1959394474408103866
-1960126288721891306
-1960858078673448956
-1961589844263317504
-1962321585492037632
-1963053302360150016
-1963784994868195326
-1964516663016714226
-1965248306806247374
-1965979926237335422
-1966711521310519016
-1967443092026338796
-1968174638385335396
-1968906160388049444
-1969637658035021562
-1970369131326792366
-1971100580263902466
-1971832004846892466
-1972563405076302964
-1973294780952674552
-1974026132476547816
-1974757459648463336
-1975488762468961686
-1976220040938583434
-1976951295057869142
-1977682524827359366
-1978413730247594656
-1979144911319115556
-1979876068042462604
-1980607200418176332
-1981338308446797266
-1982069392128865926
-1982800451464922826
-1983531486455508474
-1984262497101163372
-1984993483402428016
-1985724445359842896
-1986455382973948496
-1987186296245285294
-1987917185174393762
-1988648049761814366
-1989378890008087566
-1990109705913753816
-1990840497479353564
-1991571264705427252
-1992302007592515316
-1993032726141158186
-1993763420351896286
-1994494090225270034
-1995224735761819842
-1995955356962086116
-1996685953826609256
-1997416526355929656
-1998147074550587704
-1998877598411123782
-1999608097938078266
-2000338573131991526
-2001069023993403926
-2001799450522855824
-2002529852720887572
-2003260230588039516
-2003990584124851996
-2004720913331865346
-2005451218209619894
-2006181498758655962
-2006911754979513866
-2007641986872733916
-2008372194438856416
-2009102377678421664
-2009832536591969952
-2010562671180041566
-2011292781443176786
-2012022867381915886
-2012752928996799134
-2013482966288366792
-2014212979257159116
-2014942967903716356
-2015672932228578756
-2016402872232286554
-2017132787915379982
-2017862679278399266
-2018592546321884626
-2019322389046376276
-2020052207452414424
-2020782001540539272
-2021511771311291016
-2022241516765209846
-2022971237902835946
-2023700934724709494
-2024430607231370662
-2025160255423359616
-2025889879301216516
-2026619478865481516
-2027349054116694764
-2028078605055396402
-2028808131682126566
-2029537633997425386
-2030267112001832986
-2030996565695889484
-2031725995080134992
-2032455400155109616
-2033184780921353456
-2033914137379406606
-2034643469529809154
-2035372777373101182
-2036102060909822766
-2036831320140513976
-2037560555065714876
-2038289765685965524
-2039018952001805972
-2039748114013776266
-2040477251722416446
-2041206365128266546
-2041935454231866594
-2042664519033756612
-2043393559534476616
