-2411332925957563442
-5022206620177771194
6198136254613702
2303756263538667684
490672234088180458
276132441600
5536823304961300
5180991592950453800
-4000655715128349282
1579842552175676712
267365357448659442
4535535463713404866
36491053171053800
5223508917045691140
558001520646059954
-4965031993927576286
-6524212194710164866
552593170605661042
917885489756340
360921662817149812
1171061598356113464
140584721676243740
2469383456598238350
638603809850916672
7460307609317629990
-1259884073150682072
-587351674035977776
1230875670286648320
1097255933073075050
3186273185480000
6767930940168473894
664679733249009170
2383831446784601080
-2437119610351903016
863650255147385886
7085630733131546310
1228263264242014
-5887460928698511906
4634009862520983560
1208691750950816494
-8523930374980209114
5158415444950040
-2635913386176189212
8202762593151015190
36883673889790
8001321061858069960
2653505973002706822
5105540406254473900
773929219930790
6528431838927193284
1164530550506684244
74944811390666100
1232761772060
9969011122810350
46544374854176214
17338752371890422
228127049992410594
82325958334845470
1622490717011822652
3403247681096194344
1662065272539088872
1183596976718312550
70609375118941222
4060575068057860
1617481811114647940
8748229991582135384
147038304325914582
580146111333970088
5184678411508396242
6277546563122762
-7167849001058884266
11975731060058480
24533035232464550
37418282433261730
2223321181902631640
181132201730662
3811946842750875596
836885874450087350
37266323785213600
115234388604872100
4656650928616289680
2129256600950517214
-5170258473481223866
-1163041125762570776
3154009404321902
1045890858870
-2199573900472403016
2898066935576684650
-5239796214949280546
3401738450233995040
-8573343657649862016
13956204765175050
8737770317313836260
728483242608814
9039405371854
-5657958796534671566
-1178957416113363006
171233507421179632
33342480521139790
8789249444854763504
-1372853357906311022
1040052662222
101973813200
2690794772946239134
770995338029373100
207188668889258914
181081590613125202
2105334792053468414
4545940742077045250
6100529889788588364
-8231212785928203512
-4357837953772549234
3039656577186931200
365819324531780770
103880443228071510
713855292492321694
1313120390447712
746061318176826162
4513448377176759440
-6038342586277469776
22664954346096804
-7556860631231005556
302241738541110340
2201255728596268652
6215947842373085910
8430530062621151370
320735147648653128
679781707760050
1250537888040669074
5536891522300820500
113518307506500
252870663455130512
69840684384346810
1053021831382413188
-3490332101824200502
12543790
1326683449140807504
-5415513045988998436
2362795379109442550
-6627745670975409036
936389207000
4487745617117629750
5232428380818538338
601304314739362850
1258702186589704780
-4680250415745249984
4634857409437325532
4540652310687091844
4985700735238146000
33552344163775910
6383937619682000
2876761538418194
6462123891485387972
5027311838194358210
8112530292046953150
5831176637495742
1461800290568112950
592436783648772790
362674103161089720
4732381339041770888
5511450361622340
1375275497395734
8160359497591968100
7964789369034196820
454886515419350
20895812096590522
144171115733632794
117784981641492300
-8143536960449103614
31779518587396644
20220856605802160
2262047237725557884
4495472501544183280
32760098163649500
-9131531348891270296
-8489882650423048616
6574504171489642850
141903587942245052
2299519604163598800
396304946351388242
2032112719849827230
1006438108531587732
-8821558317220314066
471849867597002860
18652353330881704
66741635251824
1536065218680989634
1155433024559635250
313816164073124064
71384393818620250
5292454777502251100
-5218715489643261804
-8040795667448780252
-7684975251849815116
176921892491108570
-6062569467155184986
8828580426274274512
6640855841175815000
3180831749256052408
465567265141871750
2317673262810506844
1631640474903362
165590516323494872
1382946804908744264
185819978745885484
6965594708539207622
5919537238468345424
1016904089688433590
2385376166422312072
6950267433129070362
-3928944296169841536
13966210350
-156127624983038326
7405548979793723850
-3535856482592471196
1512342658642830
7616560067801200230
1788873667905299780
240597843381411300
55509101723790
578131699992
86971286070384850
-3025853229112930102
1352181399226200400
1950850818528091922
986717433167750
2346817718007182
5240836752741180760
84337396799960150
99214972788336650
-3725656118034246216
52345324146857000
3286508272614030310
795355139335488144
1764784990112724580
4065314813239081754
3014614112043148472
24705365268830820
3323119882300960350
1998527407383401202
537389325098963260
78822896703973800
3959328083674253290
16549143159794260
7031394042530550
-4237121801274458294
4162457203403653022
492866010156578800
6364956787443561734
175753619944374850
1930116304043431284
1147380160192241990
3787204428241430
88702998026979350
1125036457891709792
1115200593756693994
112049995700500
4214569392528894854
246647917645300194
1331104539709074
4520931104894746850
79463508439245280
64588293259561080
3878013910333248824
3423522202753161744
-8534927096751246116
2821165335242871540
8468651539663680260
1567263958034852
-7714705282707006536
-2118354675243635264
38394093089797550
-8635470279164356266
2590113104406843890
427001379152469500
-4370192127195417616
7865345193119582
13240409438836580
4537795153034444
1029552489022487452
814496670993438290
-555471596408361116
463956183858181590
4814693605219935694
3517904289522271264
-3588047109120208894
3457414195808110694
-4843167276307930432
5098556776158776000
5218030051902925318
115340566185755834
591777372410400
123273258130849750
671752900333894484
761963594267870
3405650228800
42481038622766472
-2028078605055396402
58736332366432000
3748522456355577054
883534780347972242
6044512989423367264
8809813181502915164
1049163046564801350
6309782947310582320
71384393818620250
335194168267750
17979971766297500
10340944988548850
117103112485178600
-7788760867724762346
-727581638318243296
103667847212930000
184935564477768104
432603787125828630
-5373747871786557482
116335098931378782
186479022806999962
2631631123707109440
718226084911300
16306994687991350
6717529798355222
1688098011288281126
5001842645380882
199257157802885820
528241571737206250
6356008886570933288
54765111874564
381809946384867420
2971871025519297682
97518302118314000
4507911607388799610
-8827910714826804274
283863228468071382
1163828839901508300
7622302752057821542
2358594934981369068
3752861569948439130
2295847328597242700
-2049953830577405692
4926874074098834022
1845850347915999504
302095926889389270
137347954637628900
9003486069842491474
403320382710571260
2681097407486940804
2570628615715414254
-8225589721971771854
-3011231432157996234
-1202432798045772274
37220826578726882
4542043555563514884
-3514126479020950732
-2811762823295008144
327303874022768500
6185469186697524554
1945221626430031224
-5268277079142316724
30015073178090
17722255966041774
3492242638959469640
2576262303823193692
142966613985160
1775491405960095252
4214832492055507322
46302849730594380
941697086916040
1573801356875096960
-5016560105119247382
6205391341240364540
-8106452482910330186
6742749733728360
-2866545240422563716
5238978139816322090
245084227413676000
3774855891031825600
2728734689819767074
20597561389059274
352622745114674034
7654357176956135100
-3647525642789962906
735438224591960108
-3349708453279273244
-6716436625763245606
4760718767819014
-7600226481516929276
7614099911009008312
4781827570159640
427710513466258750
528407852473821320
1102536056898850
1559772619688631672
3565704459443097370
3122858558540247800
1600673133154767054
1527076044246302060
6249819174919033190
3488359874276181282
407866180095091410
2762440522992001020
2178392493932434850
5610868035058811870
8177214455703177500
571990164536328874
4279930164630488550
1435346345230424550
1254722000
5423102756137351284
313891174285588900
1133337791790
12531247652
715871847981092600
56668471254420
3271905143652491214
228777275402698520
691206244388746196
55682264
-5026597123005441566
435521469773018720
1254884364311824
-7128713799612974662
913663849718679402
2261509547494239224
205327182111026220
-7338077585526981386
40073383648631740
-8384181961272395866
1532735843781446640
78080420582747660
-4936061140783758806
5361345158093294484
131842948430339302
777491909514803280
7807789623460385350
59411527554121120
159410137767819092
256429608381889800
619774864217013120
3753102742216737550
2514999635982182634
1086460358071497192
5065557823353000974
2914722721899500
5453108551795523710
488879583820123230
-6296490199703896236
451710203322882812
25798768784167702
853521505734456540
340319482111800
222163489663810072
-4518454231207709886
3214408153668699100
3185092429111719280
1764784990112724580
6255759443845855634
-6481112864854095116
594002126174405114
1356673210481003660
1966169839177324
42724270063013994
3468312590075148270
522153730604
1377479849636168800
-7173352836284077816
929648776490467206
-3604962617647467244
-4553887914057690906
884758070145528502
256526314463081854
-6152076758985236942
7731556591121350
2468326473791798620
444939738304880
1210104127628988020
110223473042850132
1715594618399026794
34509015941095850
-7499913982197860316
5584817305882054508
4184656693806315762
474196602843819100
-3427651264749031756
6077681728379952432
-2942159998863659442
137549065874682
763954693587733340
6198328000971295266
6257246943121463850
1886550616891615634
3993374888003424
6686112214621598812
4762469904060
14412025242813380
2456020063247056040
382244572409504610
3777655139195784
111788752315210390
5960820137412582022
242941574409698714
1122400722541670600
258693219401648630
-2944955249220973004
5108275083049778992
2840272647797550
-8593753609381394624
27788417703860990
226302052564750030
4144761301432586340
-6382409520441784802
13132514440665510
1562338040513250
75703555653267892
2515201176478160
-6276687327311898196
-8925728977214188322
2810079982537045384
5193904066451996212
10199553809814534
2058116008354320110
5886783248553815490
226566289756925470
3136960150185031374
7399527936622684240
1732550873089272042
8345007816582076640
645790207603381960
-893078239196801506
1378162331098157220
411944161085421822
-2940762231934033836
35830956634335744
7163247986734947562
2381339153155820
2130991368640403192
12704130211282510
176901883074
6768306255204480842
44516908968095074
1169491443716730
4740282877562093862
376451318612509270
7665064417871546634
49507597493889780
1605329164291998310
6264681330157963504
-7231569731696587656
750542755028704
6770151395952322
1441455172373849504
134345945066274550
-8116248371561372616
8564520850074752420
5000160599885374
7922468115453543170
2700112874332782104
1071970529194405920
602711929964144
1448764235090485460
6544808691759151520
26498881250269594
3403306983752058174
4765583814440750
6623851749689350880
3163543377543850
872073644658090
-5200093900996324034
1641734504417092514
1337103843904753960
107847520937027522
2843818452363336050
2249985361190473214
5887797400053727312
-2764590898631272986
254212905303932170
21300330004562
-4057568982712094866
5756055050359338230
5840619326904362
4165325091445816760
2182725951802318742
1247963477889267734
22738143450
1378276102659776100
-5595542570433677916
13025280210316742
468954052744391592
190495966695031580
-7990958196589183884
-504062818108135792
5689536309080453830
4535368494784674712
-6898484824468376116
2981600540548348250
80810650559337430
333383629597212194
5939352824224028860
294550369965536300
191193264622596614
23437441558763752
67028591086593670
453931987778257142
3779217843059100220
325117431809170
34573513175868590
45074284352518850
9446285911512774
939681722932825600
145157196417247470
4744666969064797794
36783164895637440
3354712312462895850
12650063568672502
3525262095517431920
3238956125093390130
1241274776391448706
1758083974954481300
2778065312089874
966861679813703800
-2923282169964656736
861731705527413512
569992623123642992
2221610033404790
187674818654105090
-2010562671180041566
8203629679423398350
15132007841150090
262378915936976644
302192
2805815438634285420
2383874632826019634
50617823277714
-3106434163146435016
1062153202153004246
37761888249757060
803737755726960180
1414003437055664
3361696693880215766
3253581748043054986
152463829697541180
1733091217007786584
23603698057174
5796044764893184410
425585756279431300
7389100160151171242
803889615076528800
5285280225279391792
-982650596109802702
9186640068735621492
29589931908432702
18920129611695600
-792379434872867786
270236891995628030
-5990968296861232456
-3600904213467275276
29063836049102960
2480502282942743250
-5347285778550225396
8633238184625823692
267931162899886200
12135181107639682
4224048738594055112
3037665729480510728
3024653483403572304
3192495333724277604
4370329215233974850
-7085049391904499016
167970416914164258
410474416544397550
3723525650488791002
9108543593350860274
-493143698543394516
3455373609738930902
168464831555088250
5090064638393062202
2435427960
4522394575700009304
6114116140187280302
382103561484129326
225393671044136210
9577045691103310
345031152885593350
5801392427279116850
398588301652396090
1443809905636539714
8318251763019622550
18792692412668042
2235050082720
14659144418837100
-1836103388320321526
71867353604624270
7244660378195559880
228127049992410594
1593752547837537252
2824086972190718150
483100815968685590
48400842309820
13887328628795804
7406753629232969704
1019995201524924
2406217045107691550
161336819160959932
188594629756878800
4545383847658889950
8855639549309889714
-6334281357016769746
115393682483166360
57697488281642482
58981376857480
2422093952528800
-630050698188765196
7929228155503402330
2588287447286963150
7876950835612466300
3318719213205349100
987253819985875572
4980928057315879394
548477268912755350
5568922463295566050
65986078462570000
6045202616898574250
5897516523519132
-5387885546383164106
36237814292922684
2920978744559467884
226801361460726234
2716885458849940
283376568657895570
-8649841654914963736
650518902627374
-715991859681192236
37853914776004250
88528673036424880
3545093393408557810
231971178051880
135740691713515980
69490975384142
2493747533704
23287785907186530
-9155830130111943294
192983945610059500
2510871258688358580
113195993719112110
1556903365704834470
1267440520242627250
1617738395590513350
-8196414837320990386
184205158881509452
2348679193015863862
3439081421465968250
1741889532819758504
-7124849891730628276
3695315514140693170
1889143557471085370
10105151655715270
1061362308288479624
2910237311915934
10419479777018312
-9054030740025212866
1120938427803612000
4906641103136850
2750768255405078680
4247817062608105322
4538148875349512852
207821144651396430
90357213780785380
714411157576681810
1055296018641776104
-800081603072733126
-8718013377593341922
4738559064349388194
5010216914026713442
1670591918163993682
-5062308284203660506
1862763564084362550
747426458430333994
75388215180324
6214539531266144540
299661415597748512
160445840
9330288154071850
47456244939082252
23186642822852250
2703128540258578432
7328358161556327350
2906021801100697910
118343445232656070
39650484350372350
65047888972221940
4228576847266170
3587323592295526258
-8825467857205791654
6911297369725997600
-6645979550003181404
14363720972297944
740548044349837850
4701039530258569250
860332006932090
3633958906488056300
4308211618793903370
40596641799392800
3110061192774122510
719777973651169524
2437998152416193806
88325618774185170
12980507016850780
129008885051023404
1387979650053094656
926857742628314420
24525559772714
16425682299386640
1166144222576248496
1558660000970
1780724963703217350
334247796436041070
-6846849474902463174
2534342140655340
177390976551100
3752861569948439130
1467576650391272
718450893914263202
4715047371469119850
1390025920865890
201640238244120
2215676951038180084
1046384186515652600
74420917412342242
9876215730774652
8497761669509072
5695469590136004784
-6674427738842985354
25592117531307184
106623977323927870
96337460636608510
-7146916045815888336
609497214582044546
337642032736352960
-8204098485965431446
-8229679453182422146
-4038396127026556696
1244519817893064790
1470491641415432634
51615059999371750
1031473608287937830
1126994951991143884
1318847364918630450
-8915544215585645044
3049758405752097650
-8205634697175511612
8945052307359874750
-7380467606921076592
828232673708081812
8608446091959014
1756036464136340100
360588586049041520
17155710554868340
543308171300729730
3116140271687636232
-7497760688344062466
483204482427142350
918773290940390340
59271727350555500
216914014365601980
2708978580689123250
5925073531119152102
1300824140925782
1950703179657877054
358668936981652204
1276116880320403594
3471951107275172550
3117608969769945200
2309724866510455394
151202014338412184
285956016777503072
5201293450687935384
174012071564890990
5433664963356287420
3323996560041612
-8956234292344851086
1139483026370961984
-6659641107559000456
7466834776893800
711150093973583082
230171049279248000
150898615328212752
1845567080017514750
68549533344326342
72630279890
39097078575523850
24727667350915390
465063352247543350
7085630733131546310
5083081171684250
4481405988618619082
747714094933633100
-450198902902345016
350947661509260050
461046760729436750
3444279593991622450
5689536309080453830
1361092566083527184
134088108820391334
-2674882623106419852
542912067561598462
-4298555184630262726
426010072981618420
261887411270096924
249068306235532
145768147224291592
-5290534299411415202
13847569677509750
2966813010656211082
1254880151983099642
-993345645743366424
-2553486994198184634
783880414166036720
4479477870353285850
35114512415930640
40282076103111990
206065299275242
71137668464266300
5828857300551089112
806039981151072106
2795916168566755024
6209964172819402314
1675196754944223522
320392525461275050
146465710798357500
10285946499199924
7232029767132759512
2055658059890692950
5563088345544810544
1113399514101980
425458834374
210699130941062450
2102744864939705608
587860
93291349608730
5528560136903936424
70670652904535292
508463322470613510
7691055472058086650
-2014942967903716356
2266462012387882764
5084308161015635420
108032799384306260
3805001827900
3330191880013532
8778753003434807470
-1265168408350092416
3247819065137577350
3521351825508445434
7114419378756909562
370809163470533852
7263241573910569324
-7471357049293428516
147582206599520
111081467347825832
843636634402397290
4753175265710082234
32478627144580540
8255345164944743870
2634589250064953000
-8262353136263880866
305426221242100050
554429876884562210
3761792688199175344
347129755782770604
3412055888440199350
5310266671351622712
60418862642694914
2811054541873034094
1465132558963754604
1774041446194472
-588905709147867074
1244836015795768862
5919980028780763842
1948932166768865460
25386710247729250
8291880144200380
446508903447732294
407800519259070
-2650092363301580022
-8627534479250361106
796584940506212
40685697600380690
3828428325202330850
287954863737226140
-834710177022559056
-9012210994508049344
340543646878050
7531621833528714350
112673253313077990
2638845924936740500
-564028973898405906
140790186022389380
135081822146202484
1993420712329972510
6198136254613702
17791869383923142
16540203394
143481769444601350
1408142740620812
-4011919376696447036
4124014898237399820
724402118971878592
2172784655958216300
391015274585229910
126999116272392364
155874685834426150
19632658715384310
238484707112906254
764758978215067550
-482219596067995186
3171466422717543120
-7295020084933425966
36880924075325402
-5599791670692448542
625542773090415714
7180245857246632
1017900773109695580
726722528995886250
719568312619625210
105394328662905100
266601282902211140
-6949389144507070966
-3459697560572786692
2414348974717131300
31111630145448594
8217946530073726180
3413852618460894610
-4314860262041821326
1443456511861912130
2964405179561590
1912164118518192310
-6041298985430881496
6002906555697552
237266092140293034
2388095633748850
8650820307102167364
44395675429522872
-5219335870943826732
805561488581700032
676544085620388440
4639096888057888592
8665718451637419320
734450581304484
328233764438705400
47775343794914442
209588699024538990
4774929326599501298
-2740612120453547446
486374332011223814
513544785354361492
346604210050778960
-2363976446475884074
3577332640636084
431269443105539000
7832048710707002210
477684188795281634
1262106874159869500
1386298405846060884
3831366763614865332
1001741092702350
277277608210386854
4304735619546779824
86001309155583432
2243911828174276040
610664231667270
4090210970553709400
126961064340486180
5759062975348328434
7874007425558679860
191012300171404110
99594997652190502
-7422195056550059556
-3148681702368267186
357146501469949114
-4555175136353352604
40180091092
-5504236866587187316
6796122913689072744
9152705483677218600
1648620710875503950
8599052602780276494
4017640064365114110
-4118266594341259376
34330330396939500
453783614360992720
1094860631912256300
5071298373715894100
1336723201936500
11114169469494
808074186740782000
27745829321249754
568812192922
1779346591431765750
27612298760644070
355743629629049312
-5763484140786376566
151028587510912820
5143314966294133902
5963208981490773390
-6642562305861756486
5324987459973097840
-8129641990955112266
33791385545867950
22082868080
6024539446337091960
-6448855914785146672
-8237855233580008906
5340367230532057640
-1160766472125001954
1531627255810567500
-4955590101113552826
193296647746233122
5230508224115642984
-823942309314577546
4131008081471241894
-7687100871512189066
552707830863517840
3496814746180731270
375636651094577234
435857227276107784
245014678476530
-4189275055075328366
-6079684120171322556
3860351588775440850
97035339931541440
9064541707280292402
1135050
5383405637920
5722476131675450
708245409534134500
1536065218680989634
1585662269564450
22790607468590000
6816475603847843850
-8667660012125594326
29833164046950600
12602896984363140
-4350681821825104446
3477464056195910934
4955330695020128150
6141984380585476484
2060114713968369072
301040369616368750
99801299712252600
-3512767565665052256
117228496931420732
-8465796262713691456
385472348288070862
2376290281163865850
366833261322710
1912891430609471180
2194474711328499600
234164477822594
2862370269378303074
5741444130444308000
-9043468791962247204
-1823589094033318866
7489420115597432194
16156500876772580
6222992988629734240
-16500942243406766
-3839598269627565846
2475202931262458930
1492116978723570654
-7600226481516929276
887535562924354344
9714692511901260
111339839628684892
-4308992058589811934
4793954770179968450
-8759825760235504152
678949266498704030
6281537004603210
-3978108617654791566
8183271317515631260
-5268277079142316724
7574818396017806024
631540919795448674
3832118423135205124
611707259972692
4471771618397599692
-689700646337022894
6180461191370320712
1666774827749850
1246556337010622
172379190718553000
3996108898974461570
2866609243960
2560475057948130050
8124145019998187754
708398470171431324
65556272529280570
174012071564890990
-5352827677384077816
3767352492877511120
3274272570115389684
83278468425464
3177848158055806690
218739197696104540
-8926698528628719246
171424056870104500
-5530460750322212266
8163814798679765680
663085123250
183155229950
9083246382070630462
401151947865258500
194106220530216190
63858011235912600
4731381569438803994
3444467198360540
96693682479690912
1686949078862855724
40137510134331624
1725941909105475490
-5015932604622391754
6184280620070
-5744838851141213462
6035553200513753800
857059688653013194
910830894353380
977985069420153652
32389760149189314
6101258708826949850
6340819579222059750
907910036846352670
6539686353629553250
1539647252369635500
-8054780298819437036
-6287756619812451226
3165930244299992
18079620693750
-110202244836920384
10854934731307590
5773691573260093802
2365694479329413012
190908949608022100
117246417211188980
15029465880
2120879496197009246
-870823360298267784
4363574318070388850
162592767340346602
3411831347065169770
64653146848640
20690114484485600
2785317887823459850
398278127977048856
4136453369845168372
8661652262067882
-3420826278776839416
14550173594627594
9971833273204894
1558524631096581432
2053662598403323600
32403420110249650
120466647392
22394488903007950
1651746108750359050
-6889517171404069372
259212713416646990
6473518139591251464
554200038569500600
5914211363542077750
296989685110309510
-1202432798045772274
494865001506330
2967419631287411300
-7284099625263209336
1294832120583140258
677946329786734470
2093250559722610734
141160589288853134
-5524975331041326106
597225882629000
1271665534764430
734852391664786850
129645424979680190
11705015960
2982615403778987550
-981122330726938416
2754591144539616410
-8874723436386988482
4767062172202783600
265045006862032012
-4626475843232362562
-2386950243978955866
2184654006973111380
2542238471585815030
132728826239200
141800218693273582
626046225902913270
-652533876344777366
412220176985398040
-5965448633742444824
1496589850980336060
-2589765781442939192
78040793674814434
29942462547464922
658250649666954344
7114287592969362
-130008259222073234
-8013822540006223866
8755996107324120
407136283068787402
118940118496831212
175802182126478642
3440888813636937590
3888757445312439000
427001379152469500
8430530062621151370
5336597679800343814
290035218621850
6913585179085332874
-6578637412906308766
-7381010279833012366
3980155314432234684
1369196611975657500
587259561579535350
211423273993100050
1566798591054614594
1333881484458418350
-8218429738127443812
436385238394052402
13587073136210
-7927365023930020606
4246847409770
5322166219266217750
7776920245016543544
-2885474801230758564
8227067004684827810
15926700491886184
1049702127813558786
227920451057792350
33678736935449942
1847045340306300
1219314727930910780
229073291463044210
56340767966954562
1609246685540494
114802475773570
-379759475410338116
39018496114633750
-8178982562862480346
505936779270053474
59041597779080
4011805419220517074
70372298780289364
939596360696672770
2329056636746648264
85100
-5000865994863436182
3071269296264
941732162077480620
79838997211687714
366408690733488480
-3286586360266393486
-9146306869203640964
5469724575177311124
-3732376988997056806
-6634585850006734174
74714469717002850
-6924237758457135886
2004868807954012
3261296867711584
1931288287433056280
181429440098093334
836103540151246010
4636552852045887500
7366277835457140250
150379565302753900
708797995478881840
302606498599639480
455021171567359320
2885967223030328360
598593868645630
77579593381021804
877031977894740122
5741112387694271900
-6299400347201116556
6126645567779712140
4875609043150154870
10196683458619350
16789806240997652
710005187452
692675095545420
87200703309522154
1100615954908975850
3028963738367778502
141346064757247550
193635837067172500
-8540921454778684806
4503762374234214350
20067815421019744
2033770393669563568
2013111952834889996
3727479968139200
462549920945556600
125974711970412382
2615038050980127630
11617176969213544
-5720750045678526642
-1320203888953163312
4267700502880541622
3922801756834767912
1445577847953516134
159861913584167622
-5346669903440415516
5449598480572918620
3696507596257115640
6240896871913306734
3838539527471495208
1777418214775208434
4991756735044184
1381578543267407290
-8346228530422497366
2449183628008598800
7172651765735555334
-1184260402573969022
-3972799584815048146
-1435872380246385564
240659302366506802
468295474735340630
36753124285062350
1440514086007853780
873436141209412
5905134105084214
351893817605750
29475237239272020
5251067965118111052
2934193370070389350
-3778688297823629136
3697884038868622
64325131037021464
1705474122552512
5314961475020739872
-3646175844331223142
308043645013805274
1078108515271954180
-7272077858072030866
5484454992421808662
2202549130587832600
3649993437831632710
2832670199352814132
76208251467606764
245895268961439174
2774534440802746182
9165419916336846162
1242718965282
8391655414195192750
6203281655588134572
237935750934203140
6371611860014236154
32801441980696844
225569273010861430
334995473380012852
-3900984545197883332
842377597806520930
8833055173177690
3080838935211037000
-937524586563311516
215864054749355742
1744267947270712584
20105993991191460
26023772389080
576651780872710050
4060456782176672576
1760934245861100
1759723272360573342
-5661587671445215006
2730193367186277850
-4643777676512509316
9742398953063700
819877921486878370
1791891017461000
35794140228130354
2418682857598200050
-707489075927860346
245716076852400
4952657663284112210
2210483659289926020
21774509429274770
6918162501729576920
1037712827762340184
8418588281722430904
2701377523888090256
4434755921041878852
650571525020637110
65997724092192074
4704752850246850660
-8940264474795738912
265772625817989290
5600353932600519076
5471964243988908600
12633203189023032
7506036097063472852
2583727526883658050
6888830808850406854
1663636960198294510
2032124780974380
77513874885113814
1217432260
591098939409902
23814736387922832
471086514471318200
8115970393717648242
308191604353786300
1594260090450865754
4239366503899276384
6513755056665148930
31833410234786160
3150474873668962350
18665900068569020
2456020063247056040
206557637868011850
153404399064466862
4177595491754709600
5350414566581280
194760951973034790
7396653279979810
7926270105887392562
11702867337062290
3537935283808988790
3752620409303523030
19269298478462134
41027077226383504
134187232646130274
69018047889419664
99025368705942784
-770028888722066066
3215267116291158390
2229516070862615964
381990
2160804324802372550
2631076752458604494
-4766344878578791524
-8380138699683351526
378648394701761100
148904009435610
2717949999609350
6550300249773354580
-3559596509232306086
193192371509128600
3028347705791583630
1056227597096177284
329865838733376374
2013755171338510600
5703717955310243484
934485260241983780
619774864217013120
269399770752690930
198830699505630612
2140755004114124734
2852839255059156300
303996534326520
1715326479056755370
-5027851354556070936
90355031929540
-8117279112700202166
3615396959421821574
-2593319179191848382
64370840507573250
82739133857888040
4590097358864607790
376444923779390384
-1698056873912210316
79089345690489750
-8491386600756536454
2388801221842
2432755788097238198
26157598780419040
131510575521818350
-6714735752683087992
1164229778546924870
1705827878707908890
3174553310929548974
314153815928885100
6185020238778813250
212765055557679002
367167493346550834
3018928094638552234
3615162454792212500
-5023461159467933616
-95138934814222532
32327795389514
340992308615854
3666317951446879842
4523149995105325430
3676043923689488950
43137618885060350
-5538990153165906992
61527302495668352
8079046583517700714
1737981230197850
-7336989063070082152
5870574635405336234
8686065104294482100
319175394989980410
2463046648641224100
29507063363594740
8381957795274888930
65036369275252540
36002700717060
-8571350746588437494
4827531040789562
1799701607769317544
99913326566300
-6466720488432895616
72590128639290262
1482300049667319944
5019508736405798210
643783072824877204
339945720168922102
102804484868887802
4136972249350349270
1644460415693048382
337523195840387284
-5378666625141393446
64737393834757042
22461877078772912
162821907019025692
3224819111950448634
152835164203505784
759360550438434014
4367085886599081100
4899129231051372590
2012092493267876712
473277275142738682
-6172618078820890622
4822998323822350100
102091837564317920
6597670428033234200
13647222413682
208965144850
4684984926275550
1558826643821350
-5175856451239470922
3725444030463890350
-5837261607783770264
2230985175551025600
8989083034901780850
411116945009864340
2271753602427091420
2707656774651594924
1759996600010332390
303556419920515930
-8018494714046535306
-5832472884219173516
11690142652059720
1749429505343800
89036052593180
56247735298952670
451710203322882812
2319627809400155500
7371478266727111460
955378636102
3202400738695061800
5776637167957487194
-8501408582742885384
420940025325415734
-965834159644530786
4001363509454716064
3668688358090455882
92618716133378800
733362742607558140
636880384811121000
33752568850
15407858128057850
1203248965100
2344910931181000
9198444952038183842
5939693121653285500
1984607466086960
284698960434597074
-2686913072921340296
347372516822590142
5328437166100848800
375377819531802670
5246833279002918458
1048606832297752420
261069771753586224
1893759828200813034
-2972189137202965566
899454233804909904
4707824723321347634
6481499953401753356
-250083710998471366
4526858515691400
64599753381666300
1883241300474362010
55181028375775450
2565548069555993900
8273655935766550564
4837861248436994050
229636513283441642
41460926458933870
219857051919828752
27190633560473240
2010128837759850500
2398795204893698100
5696458921298605460
6510838062215271334
-2022971237902835946
3871187956906270
6956778431137685670
6216652087679351500
2903036809939258500
210615695838316300
68621456780255260
-1194862711136367484
544384402622787610
4149315350770694704
2570908601873430
3964351482185030720
4245964826438192550
5622289368907180160
79677910881197640
95345786818230
858855418427422154
2905623669337928462
41815438139809152
3947291405665184850
1843859807499374
90977914333134600
117101119242954
-3695383702820307486
-3608343985463092514
544611181224404732
3587804064864624950
280228515178066312
1073196024299357882
2803683090075093030
5716144095611326088
229767497377973564
1704760092230826750
724823597799368760
316374064256045510
97237653527916902
170567835112542310
5291830613599900370
30200820052200382
168886955021152
397826089873859374
282058789000261000
2010530747043862174
282858776566274874
5793520330428012
8613502757229500
442370607600985564
18196134863360700
-8951397080130298796
37456344597676200
2790142061778953700
2940541742380344086
2858822119838656984
-8770135082573410366
7834680349337620
-7602899134709955196
17605246789390260
5075833832513563750
689784333866120350
-5210027859870023962
844266681688750782
4581408463047638222
2136834276589459430
7699320405967146880
6160754841366237954
1148074420051678574
-1307399234299894836
5555364410050
92648752809135952
-4464206577812259896
866187904235164
13761119250026274
4629209292077954402
288646226887370
95535718175548112
21411759319189694
-3863642078630919984
6215937506800294
704799064070673000
-7102198559994619566
4578752370020157194
2962133205829792
4850419403059136032
6879707558843463722
-5232978739571752456
5775024274367788104
176069454039749180
16545016620211860
161838322015498310
-8556394295432697574
38557268079658524
1874932033274303988
1761090229029766882
966847207708820136
6480502121832531788
5925413214765157850
76277894
86699441393856874
-4770161902452458612
80973450981932600
3156622447824544144
-783133505230514572
34408584021200
50617823277714
-3276963500256735626
12833233024608154
-7591135765095780116
12171193760741470
171877249171867330
2374236708533698212
354057432672207264
-6677838061749318872
79933076962625670
525940310
407729249707789100
-1766818131795191344
2635514175775638850
1033214079347346512
6588351970450250
285711263778786300
6307290709320210764
14935620532770
59525026840972
5416184831643894
616470209282555754
1677869773795250
-6459807537889771354
1934954175792402380
3312785244736257290
654793189959962970
1846696098731787364
176580546540675810
1562895870209825022
-8463787093084669334
367579951750
-5481029053004808382
6237101245601992700
1487122352393594
-948240357548493142
185500315535430
7061577858957411454
-1456839902492981286
849003292034404472
-8963003284238270296
-4820344925640101914
1623648268524990444
1651615795189065552
1839484702253879244
-1944753071231386516
4604981188834605684
20360304746138382
-5118549160672247316
134902547476522672
10448679950086952
164733126498190250
3281472844905971904
5221037024135803000
6579279506647886500
4717337335217706942
13461727078140992
3804494297835546392
933295676697712350
66934380216294514
12894729256030930
776011824599654150
11557159049819812
6345824654210020070
878086232711951250
1298274610181942484
2026334077797904694
8497761669509072
6659746450301052724
12932418924811100
7136654157234227780
295122969524933284
1266366194865327876
1001951914341714532
2147671599689495514
-2228507205917845316
651673675577200850
194970815424729474
4669422930393862810
4312760332105856864
5225886277283100
667251637122
52708428758592222
7683622722402638244
97377901993912694
-856999347819543516
3077928078399502790
954882706218118392
3561296818700073090
3855673469561812074
6545540699916735594
1332327948908620664
796584940506212
450774569510972630
1515681299460950050
1032297767618048822
16499675600101122
10990925111185320
30447804858142100
8683802597550136980
1417020153631393732
407178580192551594
977897110575949564
4485817530168278444
89534560156201512
7669185577097925414
-7569723303517755616
269098883739302940
61516253656494464
-2655052751534788766
3905876031869216630
3585706024771547510
1297730769504709694
4661597990662148038
692292596863781732
129124444853575292
2910204655264349850
1069710834447855100
1461217288308585344
395501403319768460
3580956854290432274
-8002914695264848886
6150874312381035914
8435837870240
161331651632760
81231721230701750
1945246429963588360
62803148021350
45575088661018812
6920833656022921100
4941087020180242750
-5732196496404426064
3449384455093552694
4619055691348920584
553797993476285870
3540474016195823280
1523515974859241090
385428593918686234
6595829602981179730
754199638022350
3388788435548412336
-6774156354455046482
134329865100
7827616599291654
-3145914048549722816
1421191332434042
1512019215488413500
1263385411019744562
1162526504461883834
241798418852415040
-8071336418705129404
429368594942633500
10761989340525670
2992167786728375332
2956313023394027000
4686208227053885700
-3109900364565540366
1754791346179872
3072112553333326244
10297506853337550
-2305713861645149356
2922580382732714652
4404796427068800
1417920718546222
6832715041745266520
-3463784882683122516
817183974104879980
23593201272082204
3356486348951500094
6247678821994302
-1675830539855705366
1513117143107618400
766442716235274430
7868543281216413250
161972788697330
213549084076850
-3934265389566605732
2804264519104444264
7993239313862380050
2278712869508661300
3635371588952259004
2845778829051620
394164881121724090
3741058360126567550
-6026511705200116146
934825350027537150
-4393577751522407854
7377482185366997620
7257135223800
218939523591096000
755801678144012052
5683018617677486666
1653310473047773100
5945820976300269040
57445192183433630
77948389548162170
34911802177147350
5016210160079520472
103945923121238632
4632879980788727850
4296455186706860100
40386727469074952
214507630458291590
121717613552840760
7190308803388099944
1096513465364
61660004689965990
13843959465559210
1782632955168787314
40572379247661300
1040575128552297168
5978241017973097020
155254337607953364
1207732369279750644
8000470063073048262
5106961043927470
780458429997663340
241876950490604
2677571920185312134
10860951809547834
1751129735143518930
1639659895377443850
783358952935246052
644347441897250
55181028375775450
32967208696864600
98128457821494270
-8621083097851352144
3133329001912876394
-3013320896646031456
1389002121175007950
24962751938487000
-7342430875481778182
898235189336674
2630152995020336604
4311422101525108024
2329056636746648264
3079680380502740
1097160045635210480
42606717951880082
-4099813776668586482
3589142913766744514
22154183276082
96646923598940
733150120628082894
53999197807325542
866220282076437380
4392229843748828794
826253488746994
6748810561499868600
-8442672493207130376
343242270893284
4560158847761320804
2148556130394098880
12915277029549750
97083580704460
9169189698282817550
1431713794900199980
-2858126561074066382
3905379047068280782
53023985702526190
40980969794072
525034517692703582
38932192292053060
284420178354594590
4648254736198654
-357018340243796546
141214920
426057238859805350
1762868463119431850
-5073570671676807816
3686027166120692250
-7177754453962995204
-2412049643094928866
9884624797429250
713091507727591300
965205746905275604
7351891001140072660
67193699374175880
1223367358845232692
1788735321731810180
6760802919729187112
1265052988124940
42648672965455302
31948157542244594
4465998457843687934
915609957266446734
94829028110062
3405055591575865134
-6013487966680341812
3269773307203427134
8542600316594006100
1214030336262302832
-6226489658225331056
76364048942579490
-6831662810441827776
120798653162055310
67604376420620
-7986276773217615462
2185296975789248750
68475454902582
1233752023829293964
176799926464078500
51886792111533680
2386578133957651440
23362319996890
934505542496330
-5224298135810043696
1942889924047510
152988263634627680
10708295710485100
7276705553754432250
21921286480
-3727000476376725802
4287387163822920304
878902099009550
32376104507446280
2444459078921275480
1449236740060595082
4152041001921327762
-6456349940914289186
1863805271262388594
73887098415236750
3543437385043600
29000927903362220
170082688623694
3364256032852524524
-5342974196718978832
-5461461434847113486
148039044112195810
-907647558043203136
855190648107342850
3015360411430806528
-6288339004906082126
6965594708539207622
2108991451383243882
-5658563662658918936
-413439614718002174
7322384254456079250
4995855035323273290
3462860177347497850
7658062259289563730
61837274723442750
96585162738673350
8835632536930600
43264751738375050
111288129152215470
6113072889401330680
-7548815670010445196
5577682242349867804
1504471941196462420
7506847339342871100
7130407561989982620
1819311427310350
6582219467142771144
7678257976848530330
280194067558442884
573049809569727490
4039512968888949500
-3206715748441432516
7618200503500776952
595860242680234
-5435132580977888532
270605842737457920
1878321048547090
-8656773906954491516
6787091918235459292
133376037484189500
8690591444086655240
418281172875541710
5106148017297773000
8192362918338634490
797303596561216990
121994321244646370
1124645685964980270
1780234795582100
8748684972945306312
-2567009888640947016
126535832654532
322454322533238550
1121133317832996132
2754017457303507850
-8642410157330524976
32558489889772
36880924075325402
1614405177526422240
354427058867151600
413833035225220030
373237710749936970
5599138540610423732
1325006103204655856
4393083127413580380
3314982082202397180
-2095093354874972496
20105993991191460
1144479928905465668
5658954839748663000
1687743588945315902
5739453889581351030
5229383180472280522
-3269399468507314886
5234584005718670
2273740335570383750
752978058769253090
8120272059214476282
272793724153483680
3973909106800695374
5037830376044405500
4832903128881369542
2671776642005551500
-5075447045014133734
9113234054548893854
1348819867648613430
1469305902190283234
1675196754944223522
53523120337800
6334031713773352614
8776495693208412
1183696780846580
1145101237440912934
417630263278151000
-4233193740851597076
2061387768002420
6393805382308249344
118632460298187550
116174831199621390
1935687979267892250
282370478463637900
312692623342377524
832901702704192902
-9116260739733343016
-3143146019214934294
5470467064927172734
1274399511690373250
1927042385454386750
951172976404188010
89329777473972800
1827365061475850050
1014732048397985890
-1872869186268039976
362819461566914
536603815290495750
9079503133435443170
8596358071937026000
3155554136075729570
2786668025443556850
691953243298918062
-3147989824116421566
14091066887691192
-2534255394375047436
-3461060094182057306
4747763520455410
872339940981682030
966019994490630648
2595595870906517010
616968176282547390
-6815897931421273854
2771074991864834550
-9007876857712321682
2570628615715414254
5737795750825790960
630401130737051900
4374385916104057750
2449359994963112384
4253699100
136502372442916792
7648596388013595014
1164530550506684244
488984178899971714
452153906297029664
-4275704377562799736
57665905908269010
144233906511216340
-7359831241724789046
8156041913787533500
5532436767430591646
6480995323287481570
5126534346938933982
2632555270460143210
98978010177706290
704042559101399210
720407231653221000
583369117529697290
-8746067185798284666
-2744845666346031264
201791629272220
55743243709836820
3042433064000772
8314747550743364250
546030153171165082
7356130449973564
13521920139773500
-8757861146209868366
-3208785334362661874
51460264511073950
533917174982613422
2117327129134932
51615059999371750
676944504630990610
1395192118123863970
160609442218597100
4232224314408563880
42419712475140
1408142740620812
44102282052853530
8612085099511655350
6078720446111772550
6814591938631400
113912282691130
1117240342599545672
65117039294436000
36768142289347392
6262291314734
47301832122315100
2340375290576510460
-4464206577812259896
7808207405518452394
336566738354
3531479216736224600
-4051620835101429826
4294271367366085874
5661580646172514140
1909838113504454302
132529229014245492
885084495182354504
36670607480335180
24794664200606300
149517458999227440
635542356652004120
935931282948668734
60615300745609610
807083635292864462
212445201869100
26332563761650160
1511653372427383262
900445955995627210
-4510069102857148924
1881947536461127170
9013718073729557160
636306685733415774
1029278262639957330
48400842309820
221614075363222690
385337641508988768
34544836586832520
-1924238726765089506
5705746021193750
482479167462801964
234538472140
43664921600388082
102166752693800
786566328330287750
142524990764710422
-6423465450576643366
10285946499199924
588053206897310
6853907557515411540
1800106386233046500
6798005504894123534
3509181861275889540
2222135120382965954
113755586116282814
312169338046150222
11962784470720510
50215421909025580
4876861774304832
166032095953683414
5993190145680108474
13607241954633600
2321141222406230800
952804638091944
-2224892657717284116
-5370672945902694292
1148967502764662750
-8881049497809989516
1013828058893198250
-557027711612822466
17626871312098580
1846416981536165350
1160525046109700824
4216131745075316884
2618585570378617824
124731092860126104
10457451957702750
1428321848777931160
574996315209290832
498519741784825072
18929257001988762
7737009992398090600
50729478800
464761200928323950
1319301102994602
1806737625961030
414294719914804820
5635511864829022
13732392596021190
19825703633109350
4679090297760591850
245039765764737746
-6273773099859643526
-3782039936517032206
3143500902937779202
7626406657125961082
-1993032726141158186
6295425777548251134
322339517901810864
3936281912625752424
2410366948833517402
7905586925998865910
68753239150
6728609642834571954
-885406531837681666
7590758134528955100
6202227014509479800
1693313020372234660
38401851562050914
990091635718445540
4760717065937991690
39817645795577804
331425846484028794
8262317109088942550
187241634894091232
77434920527430
4047164022387152100
6140009167476151424
1980696790963660770
177390976551100
5278235616889270
-5925011942605140366
3561064950858844440
-6137976388748515866
-4759344926424618986
213865267626192
8785597441715055780
9797989586199430
-5245991630314059086
1916676798645403130
7283841116667468430
67370939399603840
460896646470608152
5830535136283867282
245014678476530
15946759727247374
4785846133856681300
-4908937491513363924
818799544521473750
853442083758145140
4480028697786051412
1871478288257703294
2601820190599013202
426954134905413350
-4397472520863220122
124075346191288074
7955887874789706742
1247149817506670
12599532997367492
240628571402341864
5505310223674077724
4347125232164080800
-5559686829944533874
292228040615564
3713466307941393600
115252079775512044
2004849216625046960
761983230035901692
5603046326702183370
598804134540675210
1014870825552874234
767248964331312320
1335547494048052250
2763590618054682350
54079396483089250
716568201565743800
494271741991482
111855302535900
-5504236866587187316
7269179259733396044
1387979650053094656
369832586879033250
3964489353259127404
5326555300496965110
1061736470682437550
-8773569694030057086
2208862629452157980
370044721852725920
61792921427852164
1804280046874691100
43605146614938350
717683423840294384
55784298995241390
-7986276773217615462
2491658615417376834
617528749695812130
6385253417627948460
-8532428644802882766
-7221699773879804124
1886404037984180
-2701764713237029326
-9167723919348677894
-6998455061763560682
657205448975022000
7556865253462382102
-3495093250542656506
2428585926087351822
2411059120981661304
390882609610911600
-4850135050677612866
593948191172225890
6482085319321854242
224779871459266732
2919382875268950244
24367124162418730
584444530031979554
21527141259389920
9197972538386321144
4770198882075735708
239677370425561250
18665900068569020
392118136892482
2515201176478160
20846697985726032
5636311234927325314
233818653528920152
5848181731772424
402054396974152850
2097587864644110930
55959037015377500
425798804108692418
25442108056500
7285427509723137152
904172219825735140
-7637598698928329056
4958247165114674
1240835291517698800
2106644462415438022
1106876461896543800
-1591912702328435706
150855309915018800
367589559268363614
996714279598800
2225517294
1353415533705007850
1155242451000
767175642777051970
1177114604682111494
8740498023237642480
4101283915792615624
73079188586502254
89183719347234460
8718694247986171064
103406638732696040
2967616237600
7360680448761385634
6849362159826566402
1472178235516849306
1048884911779204592
9043655988430000
-6547723882250297026
-3669783990730336572
-7541303018708005486
61737513365906574
1293928667315147864
1190004174968470290
1230144182858704152
3422236337273880574
4564626295101659532
1529903981064813484
77750657043430560
4410206781257222292
112244942913922
-3179101120012664616
1125329603658463350
1541378750493051470
38161885072555750
738978451068924060
5471754908591062
15858640617936130
10628132296148140
358802246386968734
5315113467777050
2127680458719872434
-1225884235930246062
10358229750
4356741738152430688
4293339947036465474
6337126821543727076
379074658808560
789399660531300
30847444356307174
2879832728822764092
-6744757292357800056
4656083892893971582
75823337837702
36850823598961680
85321520882370080
487886767249440000
-3600227731860019876
120743681522328984
-1106107397057827726
4282325995527035142
934655293533451814
-7676469623596302116
-8187701477070234982
1182886666342712760
2694277202784953800
4936049756391915590
7687342028634424
11393244
1060894744374283434
60604374968546710
8912712267926156300
2590660989825111984
1220664484391184144
40615699031180
-3771983296920776096
505025246108504550
17906650610590
37459817514
4745169569159899170
142131199217060790
819196663640595714
6259016434778126600
300168898917826554
2313581556899872270
2539718336989556100
-5063560011748377232
1200945808207838000
2339698394488376090
1338427859151429464
681989224490
-3180482742035313016
181404577100132100
1478336499174880
-305182629185160316
18125337887598340
23917926337551534
4572731908907245714
15414015611404
32766986084195454
75388215180324
113195993719112110
1016528399895495926
-3930939877639262542
1772054572870893402
45091786238364992
399666229295866542
-719083023065300206
-3289334907758422616
241983520793022750
1808600449807871734
57403223414350660
4619660359558090
-3626593388784820316
651284521486018200
2177952198756754404
-2464305134678370384
2829394750
-6684656484650952186
104470877322634200
3550642611166125510
6072144148548890104
322990483013478060
19882472928945732
-4129461402795227192
7277498135067544822
-6494342394314880744
1425519281857716500
7230846494680614940
2254260619245490202
449054839257664640
898628424606251574
3985501973132887662
2404813177911871494
6770151395952322
-8659248819452234866
94616860613913222
-3197054893230298116
2328888013192325050
5844307056101967090
2152368148996562732
40362559076669830
-4467440032858563216
-2777978839368038616
48224782372806494
1409484473531964172
-516535712317224616
6670877382578231264
3982920748160831434
7562982053653814062
2958330083750863250
58399079494397054
240720773125291550
-8644392303270278766
932446669780348800
-2076903162341657146
445240002880594350
-7905928565342291766
3028963738367778502
76767631434080510
95597212370091174
4916825138431672180
1185323762981823484
1514826218860404410
-6536832549921703996
189107094560672750
109438517065487064
1321159564128250
1222535227579650600
2964993706796404690
5215787164766295040
-6841788909145795542
1399790622231330630
-2866545240422563716
44917747497350
3174868817544223800
1335473076075450
1412699482069330
-8937843048430802522
481496117879116522
54089427595045024
53972282591892
3455600296906792650
277380152756933220
6931526009087595710
2502735180403589038
1084843165386179500
1600640308492680
15557036579479980
12472199723481680
159568150235573660
7804105258492074
-8426562711503857592
-1392377924121030016
1122498259700070344
7751542768648137550
68250460755138992
6632349708376069132
117174748417401010
1485035652100
15762927729397550
171376404606106350
6393805382308249344
35529898962167500
6701745669978517470
43468748544673830
-4054925589172843296
3390103454249372042
893274517061739554
54754572479302592
638987267708275640
39223057329409954
-5312763314969149016
-3338059462521165536
7153070997349734184
199251038750051734
3098138584778003494
3390326922300917690
1862335757816850782
9221615521909570794
2889335458528632100
5830535136283867282
78697723209534
1681131239583422202
509056005033538600
1360612717206269450
4523149995105325430
7958430397110080160
5826287490114
257721273189949660
125370589479030350
-5416739916530818892
-8903408847938296694
386260564148559100
1486690519747326894
109404483928130780
378087444867324082
7052283529065296522
675144017849998312
2359898944288017770
18479684783294
436385238394052402
259331023511450
68897687720168384
15431340989242684
7751958291424584514
1907078739473817520
-650209017644424646
1145794462919043630
-4623270015906005172
36963795469779140
7796098530969773172
3502765195485598350
6396038531880135880
4400143977665062550
24791674600
523546570271202500
447878442876782940
5244865443890664722
6453571990986929234
12928989181471220
235181999045812
2375559303805752
12125373360098460
1521677004047860830
2953692387173262022
-1674347998129830844
8138123823566044
589964322030163080
5022208781387799302
323027848000
5990561080484872710
19510972674352560
28931846954326330
12112305612644350
368054251950518392
773721870432920332
-908414112987100736
3014409487494462904
240146844797024
169417611112554
-3028637155060891584
159274791939254754
2390014829971723570
64267078946070
636179249703063110
3376047223273855130
340098415584973484
4122979626718774250
990802044541194032
318264825401204710
1785192564798288448
594250819365310160
192831289353603586
5656329946805434932
4430384157559549644
-2505018486034155016
5455960307454294374
7728714729166386750
857059688653013194
-1389375235182336726
55028437787263490
1145596366388347874
1019079616066904042
227537139653793684
8271474486356714724
3373597450225620640
-4668740527094723016
262346127452720350
24087008356453532
1115103532577657350
4339404260366422
274417886264435032
4217464164876960012
-4057568982712094866
849557191937185340
1508915901703210
568820045481540262
869437127308616440
-8934936726224876304
98363893814327330
5170862980190517162
1345799851575603732
-180638543278197746
473124183917117460
56620558500196860
518281691150856180
51896516630563280
-4962514640585833564
1299036274271561280
-1268187481303254066
14788113782
667779723607916154
19315598945619664
5502106478867015782
294979741438404642
2229352881807412550
5849688076531229450
244181972859851334
392615844817145934
2957593176500270
4049972130032842524
5120746959446991600
3897433738528764350
993707287175110
1958957901235473584
1321050254554171180
7582172075769985940
6390284772164122720
5908107961329828402
1546494482697985134
2724688340852844744
563623998521998750
111201985054550800
5693820991241672744
7281065552239558534
297673958281391692
374691986082805910
7560421109925334
256655298450241100
271613992317580990
20763402759253000
5384113206285660
342381261648389040
4437216459371547594
436235914804512
1175801133343407580
-1338268832467193044
742692426720578250
143606920867685520
78996011828145790
990535596447457060
8434513478048139762
5691183977475126300
889909764087795850
1254137990554167250
2701620391712830940
125974711970412382
3378944129449981092
5111686396318151634
7831211250636970834
-8809822548254859286
31344181496393024
444118269176674
311162000006924500
-6338926476121366702
859174649792604600
820032062247965294
1787260760390
21653084649765270
31766056373901920
3805468994338668034
54149643575297802
261887411270096924
2994406760287196870
6532739419046590764
-6125628618756304982
3461029148718064
169738476269380720
1884785357113582
2313323448776475574
-7535397496893676096
670559090837708930
282439777855251304
1312913323542268800
-8966869653511005052
55815105338619484
1307189133684
285711263778786300
-4840632876315085866
2774277954800
5569570981740014354
255560483557396914
5069787229770090100
573992951648660250
63055119548100240
804269357597783000
16175843614350
4285255599107383180
1116171554082653224
24114363375354252
3096885570567577250
6633974035870962
1598960608415516360
724331890375555644
3159791544202513500
108319608236023100
251470213584319730
753918384603632164
56433915992941914
3025884515107253492
944214251030229790
156296693886112780
3096467983638156050
802220345294725550
317696709667769300
1108324979022138850
9050532170465512832
-2223446669280118844
8986297347937372870
8158200491470522350
379209968495157430
4279397894315243364
6769807671448648684
26279982391155350
4686586813067250
594129754213945712
3801866190752470388
1635128543422255050
539638391271921720
835947139135551184
1044996828380826000
5949908846058622550
4741719747810199532
154878602133056620
3469971821695470
5706029102181569280
-2074719319820451474
-6619761707883442426
-8306643176026948846
1590329804215022550
-2853214089497842086
5983029893096462332
3043570629145238830
9043999946925355020
457553635669059350
335744403978716824
335428911889411340
275411296977600
8704181078037504360
969393263199927500
123683141341631300
2613034117201600
48816570940687550
13912674317104640
3057523797220750
1979800939373579452
1246523422335534070
1793582214666848320
2185457740166592500
5574140243020051234
155830313700335652
-3251509603423810316
6628284447754485894
939084309405811100
-2468594418871347482
16209257858528994
6195901991781719294
3402692268129000
251915178648983542
2730193367186277850
1314669466002622184
-1372853357906311022
-3539928216501225116
1969512539572550
6419453145250750840
127284778472758284
-4043025810901098114
4383862534123808100
8706447565592860430
-6416533789910994804
7839169833488558600
1658010233688868514
3342534841100138930
220144370040036092
-7933110701930282696
23389259530467160
3823290125438600740
227183743059367250
3205508889667000
8553778997861277600
-8972183980814537266
4765042587197601800
2990336833378053940
-5565161193391726466
1116754434529758402
11409692832331500
4331528290553608874
797681003487745260
6960993866830132000
43690558255380050
2461640126944089624
14036275799723632
2117424355709867524
-2009102377678421664
-8379633206324371126
771731526915711250
-5084825950068313344
3015432714417291294
3179125659972459750
166427941598229710
5596209042744302840
8889665986536385050
1805254944409229762
85940100
1152346073833229440
961379121880605442
-5954754349039769366
3680252727944934164
1845840923947050366
6242044798299448912
113300759682973800
1489703388500937344
6836495810119935960
2741037898412453732
3373433351507218984
191866544278940402
85053554441159500
-5145357142241674766
1165232578377306560
2361091271226025850
1054681842135326354
633921128866300
1743653208125797410
102621972941250
4888677014490632958
3021987536656075310
7648596388013595014
7620222600875262
7121825190230670544
129877477042646064
837042407168299500
4605088136744118308
114053712107442410
6808555244608677560
1986826583094097780
288764376081593192
4054823121839490
2978817294092231884
17385811362387160
5461092292264358310
986279731198276524
3363367386951989662
4799743625650050
-18887618185623924
7320393763960032100
413233422135402600
60027419181595100
22298949847552
12612992987164234
244217221780
310343010215776070
78397979377462360
1474294646604962
-4523612429160637682
22399667218605250
66441401439671720
451611647025804850
456459907205093740
5499215142320848390
10005745836238880
607927632809800160
658773717275106260
3551869335213486306
86471014273921250
152900764168169710
85830982649989850
6507557614648417222
206557637868011850
-8417492413537224176
239769298672325730
10179474071771470
307821805902859600
1263811805757566324
-6731736162456116632
3623376907318942250
1481519078585571810
21371735401804650
-287092521085863536
-7831431906076371714
1504958007667748942
3580581356073781882
174929601126592664
61361726102830092
378864310755741850
69198883738262084
3551336721169927624
2113534523512730164
8487752651235550
52737952235607100
823583302292980922
-6726071413492027102
7374279639207098800
3993076191013841932
3454240341190022932
5480757711849732
544157694852284240
4585891512594711830
83597956486928664
167830703818477000
-3561630048769850892
-3816862939629210604
-7752310107115779364
54370865746580530
-7902265410453706854
1421846133579690
8866604916584402
540032702487178784
526194001069758060
5096432746285765080
3229311387972492184
27555567519060
2560475057948130050
3392622500236732
7599351483370077754
485749526423100940
5304949654569518800
13500652528737530
1581986307143739770
4391997597479040250
1962689107616356042
1007413051170998548
3540060763085359844
99072744227059460
416858573579910
158406902349124
550015044554094194
214564020167715834
2325349033173390900
13160294944818714
-8801013681246913954
7146813626980218800
5646494730338516912
71076087187664750
21411759319189694
2882799809983282352
1606605596222583318
253531251855882
3522041636663283160
6613517433831680474
3362547263317880
12223718812504630
5168716397186442100
19176947309237124
855270192093062144
551770706649470
-1919107153492841566
77513874885113814
4450356627297231970
3555040360095990192
4042827092269075110
53569657081350410
9389501547678800
7439334755233495492
1926749822917879960
998220332400550
45262257511982
274485716691618380
305867426933226592
1555657099468834180
2456546535016928862
5897946123555977582
-7787705637099913266
3867022832992
704661472387962650
1268936965783826460
367589559268363614
1275902114374715520
8444699730783277850
2492190806305740610
1745554048200726170
-7310840516553957936
459946773917643870
1022330743939322494
11091460499596712
22080305634163660
794514945990350314
1750993584069160830
12637519400
3763407920954414574
58981376857480
485905671351465512
182451025459294922
-3377091271166100504
1450063901857237550
2343727100
1467754763929276900
3519512824471595070
489716814471597350
254437130714610684
4245171196396156832
6769807671448648684
4256827562967952
249348893215225804
-4861531089193678124
1481711053276350
16466758893745230
40207694107100
3497407892815514116
782242412125983792
5403790615865123354
3042433064000772
200889326353098110
1142814188504580074
9058935942300223100
65235506819630
35830956634335744
5432763223086889674
-2954037202674507966
3830284076787655326
203830766741205200
466374377406494494
-3621187914098689296
-570250592791004622
11427327642900
693991237392848332
3914781325603124884
2127365335307423640
87143306500201952
2388467857772735050
760865273899576636
8246201185417398340
32925708251271200
1606477521610363402
1044996828380826000
1391865294355016800
263331119678907350
314423991468470
8533218694820370590
7696840226716352660
191398270784890
60506109427486870
113004111507391020
1000785717960056744
1898963239654416252
21830332801252110
7275120585347341364
876464695590231300
2318283174799498792
1004013696822743250
-4239740055868254316
-8736230663212853936
169171523657617100
5975947076650940
494732368924431048
5030015030379441650
2698836065575832
2873904816100366036
8099639649905474930
678652762957932
2791687120119833544
4660621628976368790
6538954836566054760
-6146790540601539116
6368025612242240324
-6602639595201240306
1414814298758936350
44560266775119414
2506592213882393800
251121011913656192
3134220293769759320
-8332031763187581296
-6474206143528333954
434658984076379084
7180495318375553244
3572904655059256790
2887887865391424
63948956132474660
8116400483340793890
34219242
81490608815076630
7137435270119703564
9416509696625850
8618831855967217500
58544480965553002
116477698294196250
1550182414464725750
3697938475481732000
663561122529366362
304912084742879944
156897862868956300
2188674890842433730
5477406303162260000
8021765407360339712
8403032562115510
-304396383908014452
131296811017134
3789167511685285730
63438652247912330
112083005204388750
5118382144023640826
8984904747276384654
-5036628513983124646
-1701018715053283642
104030797222
1626995785643866842
4059532553540049728
1883494191400582668
1289806483213197234
1651565551480804244
5633672398446754
-6864829194611045366
-4724304862740119816
-2783613301805586684
-3424921549421952134
6107435328820302384
443341725362391674
2798647825022479182
428278456566074972
5533663774879231000
4600670872534464
-1368345309064364304
1545341944374500734
201943105532350
212121324115922650
329608119830071066
571676849071510
315620123587171480
599961783270060640
2207890439603029260
1325503608857442
3085833778314243852
8778296849785712172
5976873296117743450
7643661157576984540
175147441158963350
7096902338841410032
352622745114674034
5666835000309738500
1461550107797780
8431857710955994744
-4227955060186016392
295875772895684492
-1512160764070672816
221325319582332700
218853652795019762
4903253996650984702
4800043005963830430
-6847411657804080522
-3007051866701074516
1972859500370200
3767352492877511120
1714120240963372550
3629488128106564304
1146587105964330954
221065680726785260
174784487372538750
331223610091192
89651736795816300
7014426869098887770
610888827121341384
879872521163351912
1706975888315460
3706054639299855700
9878084764394
2766659293924571654
-2661428676860108366
3121808110816170930
1415626682282629350
2975922091706833612
1924744082450924
391546272208355000
97144238751302724
284469368129326518
5838257846564288250
6548422940446098514
653297028435549850
452919652740
43913215763057564
6848983478764191314
3174017962313331274
2559207981446371710
6760052929459156600
4196183013057952644
6599511638374251520
46267148337310250
2099303247014136100
2049063232049204100
159975007420501442
314078758647557220
6016420450403220
3216770715104229374
33168347505769190
-8780926496860074146
7565008685983210
-1765341626551717446
2595230082579248184
2464224783233281976
5183500853169293884
6124207783405823304
3426224353695457930
2176148057748130774
5837250101711379212
176726777123512550
584205421089812152
-3334632006178741416
253541118211056390
1772878957364523470
926880045622722
2916786832970186330
711496483907684552
-2599003373347525146
-1143320001005239766
687688069023451650
37228406551882130
22513817537395802
65033528560
-9208551364161602392
18851779355630050
574287922154688350
9834250848949142
1848826629969979102
65486772625536752
1597779202261750
88601277193182600
843636634402397290
1761226968484590880
-6720404610399855222
2080646747337030600
7697253548307441560
-8555895454657114426
13146399189170132
678013157643359850
7358282545520303100
891294278437304
7312038135043905510
-2455723975599360746
14783888987475680
-1990840497479353564
3829652469056779600
4912396674739307870
226977785245032782
1826521746021520310
2873017377064298448
1366255459314269650
-1222859588825521516
1659664642570
1863762065337689022
2776265379435962304
4478101023994699600
-2118354675243635264
-3648200507396292556
5562496596171877164
19679612268398250
-5145980102097593346
2285854385740835910
4383821025338851234
36580747700962542
-2813872506741869666
-8668649207664323872
2622103671975041546
1853749569100
874279184193439530
568812192922
367716249971524300
-5188911514862918516
187878929711026582
1518493398992777130
2840881516979592090
748001814448576710
2712946902637253230
3257133872477008120
5214861130137742350
44404326746578920
8911328228788902382
5989415439650500
59368485795942050
-6737398857788576812
172762599376004
10008575782256480
1126991845254520322
220029409020172570
42951664444387140
5449279467236995572
-685057987053908176
4344702260570811750
2961008326978640934
1274828691241662480
26250804567015000
16188951445316104
-4054264683884511516
5805102614430
8930257388382674190
1262639479862571850
307969685325219110
13101313971286920
-560917555523147936
3120967943460353000
8010686529886106234
2845777673985117690
8850589917181982600
4260758256837663884
28229320941424850
409237381696355380
983803485087604610
6633828448495871714
186758376228265100
29955340910418070
55763768518816694
1575735476882490
1157627523336130462
5823630733525220
-8165123454390903016
9061271361632723500
103341413813553850
-1184260402573969022
8982584105866511914
-1577771755299625524
23755506118764
5969696606257138920
-4097176205635631616
1028273234563007840
8309931066789458120
2835796218502167340
423609801242132120
4843991250206628800
8228370549080986032
-6429816841030295456
7324375150850692550
3002967128329006300
-3512088074207313606
237266092140293034
1073667648244695102
1190561122161294
769598030376359184
8609387506308505070
831966321643753100
4796698682636886814
1819925869329185332
1901019126903512
2865228635264963940
956871429045280100
-6745889051313805332
5165305292821410
283446053147539100
3216985557976652882
-6310454140327697816
1865474715626089660
4746557499376186258
456261258346064670
8111498347722550
232168916414988982
3372039198056965304
-5417966700439606406
2820970640081692142
3867025265233704
5649927210801535674
-8674088441748452816
20882780081352
680958477879225000
1983872586033734004
863932109834574
108235193483760750
789824
-509520509772611626
185061715678588494
96755734803183274
14520219888403350
94494848975241330
63608412911528290
481961585498393434
53909080954964950
97658854010412500
1745825723597761850
2772030784329492376
-7848254241903054866
100725631743362080
89651736795816300
7173827888784056110
52600282050563324
1041027380385309202
88626848879310
1991020951007212502
-395430519540080766
6345075850194173384
174566986049049594
1692649271058039140
2608033909108357298
377134473106444
29647404603033294
1217877737095857584
8525629710042561732
-4338314809736702664
145472965173377030
8820248921834
402323397332594176
269801345853810100
4576368962042844740
5997071007564470640
-328758106566139616
4018655434557189580
1363657622532277604
2261674498774699682
4594739249897234734
-1638737499752530116
5902347975787863600
-1336763966595330646
-9048750878811852462
1354650512786004764
525034517692703582
1228995361393973784
6585160412821779660
2188879974780
100438085930591500
1577700976703256300
-1675089281278731362
-5845638593068961626
36715599401953500
121883581615040700
31665226056331560
2752870351664726570
131960406798963120
3125590963281279012
532020251135641580
7995790783089517604
137529735059586854
104536636126172770
1008056820487475850
5872261469027100424
192844281084
51711984354112250
210726948149972450
5761015191038309186
267365357448659442
1520084576431341844
5082050949536951264
1494654403692348052
4204896036302962
520196556636345570
3126719245489800
1310063345241985530
5012374699259065798
-5079824481589371516
3761067950232768420
408779930952037240
4369811488162536134
-272925610751455832
8707354284539874614
-6199576083955854266
974734541703398350
7997492101890212350
4432388194630110
-7580433489997296566
-9125329926383123742
5300573933783421944
20915482020269144
4181517277584941000
546882866197990392
1759449976547909100
5624644991897777676
5935950654098334870
-8339132016202337806
100374270558906414
558155044524284384
2522129818473881742
86371219474856030
-2657886734533207816
7653122448326023592
2807754992598124660
2804131982128750
4676684816145741966
79598367534400
6078720446111772550
64108343405358772
6311919739087984890
82615018283500500
58779029965884230
2080646747337030600
3302693852575877312
117587293056227162
22311757895555590
3272993245831058204
-4752979002796681946
8208833640740603052
1228056015220491822
1467158499433381430
3361812680254185850
7019054170534989324
37838565353502650
18906444715777892
611878291652833472
19299694191310
770921748120980520
11982208293985050
175171658159876294
9035606570280183600
1875488712534148440
45381303879742000
917011890506432462
620104564894730634
1831384050230
38038472334772750
3185945509837696502
1456219622451598004
233656957156420
57403223414350660
455318561567441600
28606951672786124
6641965939661083980
-783133505230514572
3867022832992
124415093205902
-4014568692483010366
16278442583175150
-5713516727434032896
-2703885518937025516
6755929098285552150
2687699915908931350
3689843099810714
264450794376666430
4717100785039780
8529646777031534154
1177822314119383310
29398959584767382
10278011031094
1174488761529170850
6221090543186145884
7986013467071591770
-7140299589436956266
367927473913778970
280676623338156500
122438034543694870
634993803639650
4969009759247821980
1519962133790163100
9709158322911062
1970115346703814492
1398409879256319644
2821611381322294
3102108971695455500
2141738929638129250
4139110452624
814978429593350
5542271742111104
232019374434766562
39081352596132490
29177328553477742
3691026405709757734
-3849620133698040506
378691570527585744
431888575506307570
-3025853229112930102
940535665230647500
539745478034
2196087816222565500
3063818960843407824
-7083942326719499374
20519863079875250
1832994629697957350
5644201693241863350
615413030330138040
16241787847111710
403964028140710
39857523920135194
47738794145150420
1120743563184079010
599778885131768850
5160502388981610488
2766659293924571654
992490797652859934
500698962999342030
-1588192262778345086
3043591902170820
4370599574141766134
560488743150964180
52404078139243714
2566744731972375134
-6583783805932225102
290407521562
3055748887082047772
1770406666424908100
1702226108477273744
6140009167476151424
-5359598721085424026
4514002334536322100
-1223615787951837296
1439691013510221234
-6299982313963085456
965031561998281050
3059988429259693678
-3746483327072773784
2050135725820315212
6808932247981409000
-2596161467371079624
17100658744771914
5713958366830601132
8917788457453757844
3110689650190746624
4410924422990095124
-5801312925962886474
26233309538907002
250740479555000050
2438519373877312390
1738772462175723720
66254318159334960
10510200049261080
4484712782272796220
536435603859052352
1648620710875503950
-6105617297201109066
-8894178221134385102
87958542980
904749873877850
896813646093236480
7604674830621062660
9341033335428872
557828302963902100
7521867186116259834
82711540541775992
2866213644813800710
20039324322424
1604691454091442290
8066623983453924532
1709230396296682
4451727071171001440
1610565560130774170
1103309523662713040
6438231074757364234
4305537586457559830
772836798616655850
206667278708731372
175341247489891210
2066511581314874084
-8528930018589291754
6072144148548890104
6688343889074019480
2125947713103045000
37273910706216100
2312239552001638714
5742473908924516154
171233507421179632
8023044478449034500
-2939364370498082816
73230164515091760
7247425528277619504
6990171061177095974
4581968664412554870
9519672370426680
4813399403653764000
1933487194763703040
2771146527475001578
21708674460516250
409557825583452000
46759855979460050
7702214705944012254
6384534895304475512
236082444901648202
2011391121835612484
556526835294051886
-4164977873447787704
12125373360098460
41460926458933870
19548354108777564
8911328228788902382
683106548449592344
17202396583192550
76650297930601850
7911492270470987522
5496595867282158634
483392347954100
10848920153555792
-3283837438988311116
4159513836721932794
3918814294117239664
3425773884161732224
607197101786730
2576626085268290990
169525702310536300
61306608308044022
1629187343758408350
1193530151422
2701431917527062790
4511233057584291500
-6584355524044964066
-8983288535652327954
-8636957705967082816
5466358553154240
338038382371125150
94922406642857052
-8645383263526908796
7231123629765000
15858640617936130
35547587039822
1538038998807099234
3077928078399502790
30545714684911300
6705844672845267250
206527185086600
-3714225353832747616
6151063459500190270
410115491461410
2148397406251453632
1145357812950054
7531621833528714350
440288107487099270
4844283300283468314
-1258374039233897426
6182915749749861980
509757115904818562
9010926662764961242
-5992154304722458154
1839883687999434
344941572832143868
5524125907595024
1462275980553054472
7211146655748052490
254950202921280372
1731605575277000250
-5677303872682887006
5906074544091349474
820186224742401440
123766850
3585239918626569812
8427884091305450
53192200504178554
-5255899760772052694
2914591534450541792
919612944332281980
4892358480718182600
678347371038755600
60746587549802
-5239796214949280546
628694340763841114
4887652534436694880
987342409276504870
50410780
27418933598629302
3439383192942970
13310371050009110
-3942244286887733766
849636342613807100
554142590158005940
59271727350555500
880116316943886750
37509680402339600
7983039542799931414
-4270477451846850412
9217829585059352950
7365478013400217200
-2369722205115492166
11288402425620104
3264078814762326600
1278588637922010870
2902042324092837380
4362224278844259100
510891209165542440
5842626248810692420
1919300727153342962
72302861802981110
-1690650552126809016
5124401581119467350
2611728875371479054
369979471133685516
2479971965209181300
91066846190466524
5650243817193850
3128956384009606220
121594517036300
3257133872477008120
1623519621112842600
463805359660385600
-3600904213467275276
16382146068030
8050604518394
45991162075958190
39857523920135194
858695836108667200
7234791300949401280
-5329416581635871726
2453731168566323434
1058932662674027750
7886206925455844832
6975571022625188020
53390612326815764
1184612260695645600
2840098718551192100
8179377234527840170
27745829321249754
951000694320319062
3713705578962434244
3391667962624724860
532633407744607470
7471214834485922584
40193683915415100
6532008484871977380
6011823591144170954
76533098980066964
46142356022643804
18481398764565660
2315259884407474510
125464840084121500
-8759825760235504152
45495738210988170
7935146738503550190
2650903547573097460
-6827723094079436092
-7884459360918094102
16172720056787802
6137046570943310734
11484817269679160
-627723636758976774
2670842187545847550
5803733192830057562
-7604502489525919616
13236918613552480
454822992516551750
-1808857343397827816
217717055676570504
185491112563978650
26508405018106830
1433236281981486294
99131730404456734
788285938815581010
6188177979573692740
-4160377618250201936
-743797781876313374
-4126169493275643102
480514571281192140
31217778180076202
-7811956125344173476
278853085746186252
4026154999708160
555062300872795500
117013613766171850
1105622229294613492
67785862942193830
4438051945413335094
-8269999681027367866
740762273362103160
26508405018106830
3579138039739555726
-7564901137475381716
219643914
2505167081758826212
7889608673380
8465264689460110
373066898278658500
32870435304
3030862874128782
438309323812965462
24401110852132
2655179972303078784
316185452595642240
8548859027323445030
91497602972897550
248277550153693832
2545473563854830
4568538003457814894
5910480945017908820
425774302328850750
2440789157922725352
204869679663961296
-228797765493912484
180808631395468384
43426189846161760
296270672760309780
392122129738086510
2230495393343020622
1954988110483916600
29107932606316564
2108570369620
33175299701701850
1493324873056790334
7741990354451457902
2985943991216100784
4651230081426100884
30239717396072100
108302721336753020
586120348416522920
3751655882950212560
31794276712242
5034310769632547814
101688578658581070
135920800967175420
829553567064842620
236885232408202
1164229778546924870
2217951243552220
3024038108427909650
227861448573687852
811795200310395474
642446164490190062
1627897923978598910
211618554097818994
17857318029322402
8056354049594844680
-3516844027509201674
25210824737676930
7576486760104080
35216197929652502
-7489144336048653866
27983732142388750
2515155779778414080
7612050235648300442
1625965229591595750
1251384272768502950
33968692985110
13621501417338122
300422882157441890
420285153295435092
5905807154937714684
7797062195760860
2872721078906278314
4049560795350
1256047071101942680
216573068204736842
1252231087059046042
36663112848827080
-8653308240963374004
1765743839403713904
10984854104680922
5127143830861580080
-4259365433817145136
-2018592546321884626
1203615878346915224
133001367460574144
757034968632949710
7473236002747442774
22410026543876972
5196674162239068964
646821765361657600
171471719070915872
9222562188315451690
33196162847029560
667317337097803830
7611640350239841344
2415908501032168170
4360475379334719734
53909080954964950
363762140400053850
121828240080960050
167565768686512
402235069355588560
7427231760
6144777614641779850
3454652115957224
5985425409282446050
1521677004047860830
52345324146857000
74522924266162750
4530644780129700050
2968026344940091050
5578993012264399734
-1044461106283271866
9505246973742
5363026488994417100
43655330433390
8762798199957959080
13793490582407250
104849414483872052
711188698411972
2567543099419383540
30526113856151082
71310308933785790
4740282877562093862
3103781854724190640
15758949117777530
2929784377580181990
3324712093187331688
-7340254390471102116
5285280225279391792
509865043360865010
1776179372037136522
8482424651846098800
2118288100017265174
5042042409423360510
2585733148928972190
7401935913133864410
3720430424161153946
1437811029439835050
597567659084424
56724448611784800
1389803363974198294
-7393486249081261884
7391505591238598410
205873370661914250
255528336236747550
407957486178922750
497839313888620
693379367119686940
742866353438092
9957119594184
152554069605280
-5601612391066522756
8247071713179563600
-4514584642277799616
36211008963430
111476114024
5312217931911330424
759797192826000772
2053662598403323600
4964546087086359670
3404151622312547244
3195126954332425000
1388820312238900954
2327539354360900862
157524707310140
449643905728112550
832745751114678800
440529880111806940
3909263320201098914
5338482205630518672
-8907778914453421436
5095826002520322524
-6999568367865606226
203153288598080100
4757835021610899200
1135724245585781324
3626901668961124750
9298108226465184
2688638790236899500
565429799669686770
67418262566821062
5129277452568468654
-2659303582983575236
-4828589639970783626
149560476063733350
-7276450532701809774
695284293308205034
662049956079221710
30571863804741050
158028366267510
54612971349798030
-3593461644171700786
3352717362102563910
-3341486335815217606
3578021082622563894
4530644780129700050
89023262357231722
387404088860100
675343894368158750
41981099673602782
233150261925750
395635242224834682
28582073585268462
-4963144011968774752
73995350
12778754603464850
5255723465006424512
76624242094963420
19436370667474552
8591868594487501750
6256539251522626220
2305872999896234890
690767601441500
661196961094273604
8160359497591968100
-7895459875555521116
37738907859945600
-7209627646813030196
2490771820018804294
1367612324969909984
8626032764672167124
5663157952179882
2089959383945175050
-6395142300799302066
8958939232434150050
97144238751302724
4282858538961986440
89541533669883864
64737393834757042
1725807229475193592
-2387667778320074766
66242638587456912
8269782662067850
-109409670313987136
107919714490042
-8347242013037058966
1712646814038977740
7503602764729968624
4382886855534029554
1981144830751560544
660606909141910082
6858834290915462002
18589232691979712
73104335014858070
3354934028556823350
3757917955247307004
269300850
467182538630254902
56260646336752
-1642449569978335316
14278557146782790
4092269353641820444
3628285583147737468
97893444722425660
8323071863301602940
2372013507167428250
-1788953950649728214
2087628300034412850
48603273594641502
5140871592350977210
1078581757326567300
4137267043890931134
7655592054985395010
2216164290855691610
4775724808787741600
1381255314500819764
3693170492936975050
4976656478935022
340909024
1831022803404426214
2037141033632080222
7642427723234770194
12562573570707314
4388742214704557220
63801219956724250
4272482897069841300
356981242739323332
262903949794839852
8447358530799760924
896483981909843250
1305469338717482722
8288064325537962420
3949510204111850
26198345718429924
377914970376914460
11675433783910
3886528741860084324
-4886197929303128286
1701559740423013354
334798594801178132
6505007012578897550
102166752693800
1886406642944634850
562147284466350
1554536099709274600
1043333820189539802
2902400303714170
923988423006847550
29260617245860
6494474490099192634
43460234303562230
961639666071934850
3803519788581508870
130264922557972174
102439702686750
6245691436098114
346442623793834590
7594878840236604
5761707640411956884
734377680190
3999902212819870630
3002081776672182
1232444241824779880
142616110320684
656161493490811000
24582973354733642
569555438944621894
68873634589543490
5625229099526834252
1145497327756067000
12727522803800
6210202143597962404
2987196868750220
-1447107393476360324
1751538236006721052
-3675176170572453416
288623468873404170
344347139614808092
2298016777551185334
-7369066864347240354
6550300249773354580
501231562403453070
1497679365764461152
24917845238638132
-7470278336379387116
2167666971165263260
5518512261230448480
2075267414401580
2825136794426659866
-3448793946531378524
-1739486913472134856
2413136531900621410
6841034803025854750
5907768240096150286
1385800613943704464
3180279821030130
68957848109924074
2713892383446967100
2217800325678318534
6237746633540332
701570982055813520
20573257006449084
38562548205350
1537882398845100
-281584151631346866
22146983758699254
6217130707995457018
59843233508033780
5138429089069847494
-537568974028233616
2710678756638763092
-1399882912072945316
6167672982552599618
2387436960264477710
717500
-2618886016382690616
75124333917948562
6329033617085623042
145768147224291592
36745617008377970
6831959076288346154
-1786003781850718312
7126115407089631082
1031787425185160
2090114858919302714
159419656807600
891467855805274720
18683973862297590
334523110596788850
567590787026703024
8697259805343844
3762517530900425990
41765835424344724
13938054683302750
-2412766336206287556
319897647151280592
3368257118759458940
-383678192638609066
4227093873250122
36282407432918882
6090501887964664920
354197470962140
46204720581909890
7318011991818220
7874848315671033750
6457560262470182304
1004552076036268214
220586598906800
1040382263068926250
3041304138650069292
326955675012875524
412181506201014
-6786013336119344616
318113253432613100
669936668572948068
-7153529597840075422
2360409886237447044
4034418296752902850
3552725246476326102
2897073726946178780
286936601606308850
2002589708487097800
336652683510138360
3346295240812860350
2239651302116322290
1787999269755050
146984305098450
8402244229322626410
2304032506835596152
1052969768510507654
125182247583585500
4181314827553514
8118753352026200
902597500605419710
2175026490265064590
16258071190169680
2919213314747730
1437928474472804314
652127909070058162
2757558426077252
4638039606814233338
502298035796260600
39905417200334862
5468764927610386010
2420765192600992692
12154814451014400
2709734115675750772
3473316289018231154
3167004930463070090
18085605490090600
2257553422903369332
5617310934
42405764610439230
1602072301681614
3321139039967308014
4801493440225712300
97066444532649284
2207080526571455990
61262540814001500
2289681150059082934
1385457923863501380
369112010143516992
6762678168428047782
1276116880320403594
138231949099400
439322012028228340
8045239357368212582
326569113143901544
5567750968853500
6106448748340922834
4364114421492640962
124374794439483042
283140089541500
44786238142486302
2484348588961046484
703561464038256642
6182345042169010
53420421905267250
55650952176091300
1998527407383401202
6204065751306500
64553922041826074
1310830190194624554
-810090653703377152
4424651124137160350
7346301816279965000
1505930493938326250
81928028156647750
-4449972711261375366
13080544566916750
124731491991750
36700597497284550
585641175908356764
103162204383089280
-4983900910723046256
1510154929520381986
9359859731939990
561126342746341100
671885644160201660
-4538434267795970206
5390186129471772874
-6478810956531948246
1488859324087235100
11251277610831610
64717660213850
2375559303805752
5998785027753108410
425962911019598320
4373574350089595952
737269014521245360
3101481814936241902
2320973028845270800
4530089291683562530
177043921611265240
7659709394231507600
-4855200841472061334
4256827562967952
627450708774002574
320164048794212660
293229424979055590
-1444860836179860766
11229663801305042
4659203230316705620
5955851836061241098
460646537503522682
26154373956802
3209472458013054492
-8940264474795738912
214657262601562
721007132972
373836016351978180
168112316944498850
5913157124
4348484751577890
46627372344
172810300650527540
-4608516026042062696
-8828399230523477222
7283841116667468430
3532631437291729600
-5662797124779565954
176567526047270
1585521952746716292
4759794448133040234
950307965533671806
203126224647666852
47329054021677890
4054911837312272088
203803635127939952
4167672647368417352
2880425961740358850
3745111993279741244
-299678375543437144
-7767112973800726586
3230757901587170994
1029735337050450200
5656001899406084724
4597956011460406984
2965195810339044590
9068280329038126350
464157340005646312
6929997772060858840
12128641948468500
723138785324686060
3459909472687192032
86885371421715020
5059285143239404
5643118501367485738
3903639973747605350
6225843644489084
93704647187184532
53014103154921790
41305001925213600
3007049938872138250
2918090180423880
145987716000
7846463888793090
8832245820936241300
-516535712317224616
226390105933689152
1145596366388347874
3499102482587403510
955919913568688530
7240711536466448040
-6449432503016244016
3414096826919753134
14924699018906600
2388095633748850
3355059802237962
4764523302683206984
16885964749681300
-272925610751455832
11731535858031682
1212789450323268350
-3669109864465404074
26058839818933432
486607807082124
1722048154524790
1618508332181891024
-3700768874736205266
973682058724637700
578429458161782500
-5454117870974886016
3278419442199750
5222272860899741570
161075730487562
409695216270663670
125523959742135444
1493227765767500
7464345928886234080
6584792740727125260
12299521187335382
195811965715875250
31080811452810
58853806774546954
14658219223624
2482093746467176842
2209835140325733250
2373635027493800
102690860365101750
2768202894800
-8524430424384604102
1570285337223007834
6671248653790318752
2905225578485295100
-7266063334435977912
25474164469404
4346317462391564114
174784487372538750
3631605350696254100
5441228318756300
190573349903684202
7081358810748871572
639115125361109100
255110697000836692
5425393355942833022
1909692808684918114
477835906479149794
3592703072157258180
2379544495260093980
3200688143880278524
44326510394536980
4098964464516225592
529261069424192
-6543138968976155534
-2554198940730781542
298359413211417154
3830284076787655326
-8778965093224648624
-5973761662381694886
2098679349922092854
13129044972724212
1074422569859396850
-6879983318463329216
1618609376131280
8915480829850671454
4877283480846924404
28538575981265350
909575003525472200
3576410029104617304
3246088284439947122
7151897427540500490
16497607718900
210671316486270952
-9033859293607775474
1335214167350115052
1076788154324250
275708816029359350
229221407170220080
699447899100802852
522336508883500630
1322593918461806540
232917710919818082
1547629939415630
292197199554872920
7247425528277619504
863172555232150100
9140004283871910240
9046799038170541340
806626764980738394
5127496387776224
8442821443028350
725034406170395374
471595313555175590
1232653497911520764
-6883909736685607642
787388399340494504
4977349999936628202
1337437524337305182
-5900583564535131292
-6102083358722443762
15902654396209100
7611640350239841344
-1870664961141912882
1162718481189092
401557861752487400
3420427360800095526
1291326344413150452
49404415988280290
1129047744134733150
1809947982583269634
183376963309870
152551141579230550
1500866727305408568
5128362961741122950
2558676112175792
283307096944202254
6010450110811126852
1905917792770291300
1750857440934309582
742620872369280410
176580546540675810
9946455479039002
-3178410273835157412
4933384529454266600
869115040246543370
6433171431214870652
6307521266085922
-4103110229119580772
169525702310536300
-8348762093951385316
-6252191546940734066
651673675577200850
506419854906319250
1028090581290889844
2645518899060912490
92874260811789912
2068586888777910592
-145050095938212866
44162567339621250
8832704075505685564
-3727672621018016566
7540164930122128194
391502001762179000
12956446238351512
16894747400174
12369039447589860
4773700510402170
-5004005916716353472
1371743464
73697146534910250
4689627716202128350
3130640113160543984
2784546600917988480
150120543007743534
65347938614420350
-6260944280866448266
3106083173546518880
652770342530001134
6121770726597756780
2842839221005785430
8653978913110607120
2372526414997843272
110172151940832410
1272040960849584030
5454704599127493780
-1763126684892224024
4693904708866528500
268331095323124834
7403541557280072380
694875764822993600
788660139974740880
22503422246786300
6385612701531624750
2460761356841793434
7229269023953662350
1394273778621997550
-8777493844613506266
3116350053921875730
941048309898338664
360239908628600
-5563944818936159866
2726775473340717682
1934066010567310934
5994671996409352804
4120392300683789750
4164803547061990184
33447288894395250
1425779693406860
-7354939457156299206
573698094786116300
224079922234747880
9217650540560
357601258839694892
7414386488980072550
965031561998281050
6190985875213448232
-3080071828068173136
11252545388210
875007233316045522
14978644560594
-1600095501749538694
1408212184333123974
284943062826315700
202477500674995000
6637896258841096692
7041451743487123900
2135727941142969912
10105151655715270
761108249881025050
4532719084589651394
1193370689654141174
2437123370776735754
-593567205978272212
4253377407291524400
5388920607860123712
2148536296659305614
4969956262172500
3810101360585812600
294634366080390
401675165754850
1105718670864340390
6567162578562228500
1343789326887511350
1663088769288100
-7044034069355474746
3529866581512423950
1267440520242627250
-5665215774018877176
3283273193273244234
55969328490239004
5229073885250969754
1539272077697992
4707610746832913500
5994671996409352804
223678697206430
825777532977350238
2085609605141003032
85293284111767732
-2244404042458893966
118314024908860
2270517613229684
1785003007336207274
85618430446248000
5877324151048710144
46383253406141820
-1763865023285349222
-8748525148325035036
4308746574693671544
368138788841572190
390661576342278850
1981245565375090
18738274001941300
2392594786734822630
5929942217985240
4754666284439469062
400661021756604
11257458711561524
1711308159496785850
6049686633976977684
5019808687628218610
3308175440292057412
5046859395367757270
6557627702022507110
671752900333894484
2350716165735509000
4464624720125733144
-5105442173184423086
332442814390136142
491499499719377930
2160166768553471724
2447583869152114
-6415956016264185756
-2475026726303574494
21830332801252110
5958090908818737130
55336743069944
39199413156170850
1449236740060595082
372426873628987100
6321185442137193600
2132095863489761260
24015994224666570
4230377180205964684
5337253674614933484
4980927600926770840
4849542460250915310
52905486281126052
7845037932853536030
-1922772684924787866
266533380036060
93887096052204
1664161103704232480
358885184470631910
6150853158103850
3027849248643342184
943443423141905050
7630512219151074572
91586915513047304
847106262706053420
120356442553690
3818645736266110750
-5366982318851604164
3820197196568748098
3198120539714319870
90268802241511712
189723430100522410
1651485489338684364
119843378506020
-7172802543424523502
526359798187576474
32994897447318590
4685174401186610238
1616071142035791452
4327319069897530
1386943373363334094
7872434460036300
532075588616324
2503386521280975022
1276409474596695514
15580689722920700
15874635043338500
2145859015793100504
3494756742723493800
7818239205714364350
2612280186414459820
5696129129924604560
267093552757474
441255795447070800
-6475357471334134516
52013317509728694
1706896166717201174
1256326751246320934
91795565707156500
88300502796440
28594510599837910
4389013427460401320
595705044801899860
1912445000892804
4551233791641548180
-5326333838852956456
-3721622490489780046
25731707568840
648655826130
14334055684141900
1589218893845520
90815041783611950
-331899766562705682
4107215874602894760
266070719501498780
86041245839294
3931341470834880766
4010791347411226812
118325399342301970
6784459574149439000
1569658097050444044
342519877172780274
1821052610220811644
1758766876287313750
475834269405753132
-8665681395889344104
-7407035116697739734
4816888260704190022
2021871434319242
2015908262871750
4376009386966988544
883616293512886640
2771146527475001578
6526519773678100
1659408827974500
2951073493644308060
2314560077860440
1077067930936670940
-6365030381700177112
186479022806999962
1462632824223228350
363385235475696564
-1156974883804854284
2436600024174998500
22591897059635512
418426405200050
4114704469964502330
4730233927374321072
-1603070326333296716
-5366982318851604164
-6163817810390325552
157398980909240
198086045106639690
9030480161399378850
2206270836383576820
-4050959815995607516
2404564084442872
2066890367177779014
59778328109612112
7845457208834060050
1188272692189254774
3074396240173635932
8040540451300304794
-8790239088759573426
4427926461475188252
314627569190
-6950506027355620214
209810433438899874
479612834837032
1636287663863567048
4626387169998847262
728625188941161582
645468098987610690
-9044909581863011026
7352290350630389500
2982628053154750
9038869966678983732
288271426464890880
1670723353030492930
-5141618923552789482
1006617869078371330
7131968826210232642
3735287364915514914
2898861686335054220
135928628804345438
5874445896446824844
7604674830621062660
77140012598000
2538998642802398854
3441566769332367384
-6107972834620901092
117049407095370442
5423502214442
15770887212641652
3566632904898064892
4046596341130595016
6667536638974823612
355620045553778740
7312435859858106250
8351023281623880
-8908749836491147392
448956717812546944
13087464955853750
3385174745738415614
13675074238455982
1587544980616688300
28192379967802050
-7835113501997859366
-6129745573839672346
737553714445195830
1838213551483361052
787313638996876250
197052335943922550
47014628204572
620900216427389052
133969232731444600
89110757486228940
3513081992742168000
4720100590891763044
1743316743575212
2650903547573097460
69585854381520180
34812179756090
-4784786428205765646
-3560952225406777434
141614296372373440
416655323663398120
859334298843165292
652063004037208834
4608852232505473434
29725962036654
1872623466814402610
-2125618745569465904
-103068149126217212
2044136252038490
-3668435715135458426
836181748888447910
10717230665305010
70621627486815770
2961761454957969482
30794809759746890
38061589389427772
515049728336984
1719351871022671440
68214637921158820
1204517366775105224
-9149164615820355142
1087222015241692500
3543245100429948694
-1755741952967215484
-4735779917115329516
1158026858717320124
2829546765374179004
3643620447423315634
7149408519324570
2846757664336468960
1592864639876044000
136462204257883350
382114145661376100
3387199374754707330
565371480381423170
2050288973577527760
382418526675109232
22070060840347234
8463873590634
6310139041592079920
3843874001970504530
6256893089817910320
6463936659120402042
4664426207935360004
50434000867092332
207243609397274450
427143135418828920
4010537859500293884
3421721656963168300
1335071763480
77277633961988370
850489729446434
518063186486179250
339547694204612712
6615361959877280064
6923123832435101074
134683676391380974
1741028592971640
242694062916080510
6990219973803350
6840084558730350
153163375225781804
577658627465398362
-2623144147551471686
1765469842603682450
278647208874629674
2411405262953703720
7293760325087343030
240319436404832
-7449767678935956656
14636548681162870
4973178568315489840
317431849437946832
4694475195513316822
5509184034410694594
4972880709279814192
-5612532649523014066
1470141639546018530
1335325269315954800
-5862977641491808546
148466436555543640
5330977274821790
594493005173043130
1215893450288310600
3995856107352227470
138989807898009600
18886351863302
3182960476813338390
7150332892434273920
7169221093996962
1160125064766253062
432269911250057934
164871935980834264
2684322004180483282
6365157704194826840
4865931679062460050
-7155733469916231944
56134185224744132
51536486359110
683846120111592482
36282407432918882
18679454183909442
65765092250
1304486482792967980
1660363867872619910
724121235224365070
288306616205950980
203315729098251770
6226165257508578382
-1087098267326792126
8830412980968405974
3822556519331861094
7729224765476890
1443692100502537550
3222124081521482996
230498169228132234
3809197234367032024
6286496690464944078
8975649862574410
213663117870125770
3011545837461459312
2879635004881449144
-7937287898234995316
118145053927711930
968083203643389540
1614917644736005610
939852464854088192
1890455301578550
1612996521585111600
34145234467281900
83932192383911300
6082183800162465100
406416945820
62389507232864524
4176904416730780
3995856107352227470
-732215958510687114
916592883008644842
2935205047700754708
-947475108494832934
678614830704405210
5596416891200
196989217233452
8691044175341641100
764427777105850
7707178261428059260
80202334431492700
2645704439921469850
36230386101215100
24158179860951600
2434333162824412850
4632032705092907492
5780690828147365680
3998131663774032862
-2856723116221841456
-6751546614738780262
5277178648315668094
1861431346354860
7321189911454154162
3686503065253699432
138136650069597760
19553030562043902
490712422041312870
9079503133435443170
8239239444094175132
1142576019003314
-5627688122274039066
14384700134820
26035643115588810
4109714037776802
630337854392317652
6090667503640860474
5817457618992389370
5360190145600030664
3372039198056965304
245801584660588160
-4665542055335417866
4585891512594711830
2696346841076855794
47138747241393262
4709326109633697420
989204161992035900
5566004831125306750
25295816111801690
5412614260382420
53142684076678064
-697436389190493384
-121295590675744696
227036616039408630
49711496990170
25282279572550
5822820090103024530
1020350284035619614
60233776538397770
4520517766112247338
2906876653283240
-8484868251947164366
198032340125620
228294584487764
12639945317097630
1518601564104114826
936953014785326000
179991605052067820
514250527053643800
2716162545674668134
12190870777375290
13373573219779892
254308983753666842
1106008033429758734
4419340726866991364
244306273415743000
1074894597985703600
4507360
-6980073784195624036
188935967705282
1032572597115236100
570638313050634530
5934250117247311700
2774919023864338780
3681270708571723800
-3639425466979074312
196843438427177856
1428361587500617384
409557825583452000
-3118216851366077956
4328574991171576600
6978258783325215850
8835912356811441720
1533025931865400
2915389681390509834
354755858377999260
1056600401121234750
1220456756647420670
2364500409276083600
556616908119332022
5491189630836927290
1329557153994244214
407858565920
110001211026873170
6410800276401166100
4170543229795032090
4646452206469009090
-6079684120171322556
-2099456744370800666
-2701764713237029326
-6028878557939760616
35136283606530484
3349615874676321250
7727885569869748710
2816278877887374576
2989726702367293350
592376387408855140
89200130203800
2333781815118889850
5317466642815336100
335586630127741062
-8352308282116704556
1952770886570146500
890073677489521162
190160911746154594
4967596613516366884
-6080863786825530004
501391425047734144
4312905783367998504
863932109834574
5518870617016675434
-4448030887806406796
4499616006059048490
1144210409807760022
3399722561036971750
943443423141905050
585760941480912750
-4531347039585631116
267531677700921062
5140260884914210512
91586915513047304
-938290161950375796
344266734381286600
3180403547019334064
2509979339572250260
300568087783168612
4689791818976572
385559868202607060
-5945837196660354366
4574130518843407704
10969687591808652
1697166616769322230
3223866213966328450
874198317900812282
48160383518062550
1566559543362464
2230985175551025600
7303292293140599882
-4165634962058617532
891796135646764790
4768829249734004
37723593428219790
4459930367620
-7014033959354691976
-6619191270064906276
422718180798989090
958603276879771250
22493030556450580
39785764847359402
-5834268815366579994
3036157731764810692
81818508636045482
2094976552278748276
5597185414274089134
-8103357597510748116
3173805275230164250
4346970347632242
2591574325339796174
5838257846564288250
7475926696808850
-7924752573744163536
43861757900143500
42934789358473194
2423147350194966484
-554693500738137812
-6228243349176368382
742763986242652374
3255616144855009364
860372560060848800
5392401328615388850
2734565350700750490
2031351666956840410
502938736173132350
-8945105940118425742
2745041384287698210
142670277929765790
186707561367607714
5417131195956980054
6535298171749597320
-7125401939133466424
1273898294974888308
2896099797487480386
-2087091538856382366
5172089899202904524
2848130076021021064
2745422897247159250
7405147462636998102
5594582040731518170
231123639043152592
337127299400129854
2089182139178310750
1193983549813472002
320697351211737670
8100498547787282364
299806345118623974
2741037898412453732
6907866720376161254
1371743464
-7378296715672359066
-223276139940007016
2285688113569662362
1254653883529922314
122123612834173834
3165943364573736670
923398508702038560
-6309872549892902552
4778036837801279780
649923854569674920
18429317148620
7812804114805398632
415543198227088100
-4700056095515279632
-167990824980002586
254661504424069380
7740745038590425030
439273749027077692
7196987716498118000
2317443075090083472
133198463672090124
3662764495474054282
634587913860806010
4540923543127140
104618878280110440
1404797971648253986
4944890687819390
3276072471020528086
23330471314495422
5391768344915855214
5946842746200734534
167011352846956310
6011875360447682754
634651509913646250
2139026127472409874
3476370047112890
1474325675450393920
7977094186128813942
421032655479679100
7949534234260195682
1367725442709498362
227537139653793684
138745646410639730
338395395300273390
32790416887740
-6416533789910994804
1801079592042487792
3878859428635095100
6791230006490872580
-6077324533657699586
417701360720724988
37563073147207412
-7419489070254509236
2607688593668211970
-2514293083546214714
2555048040946678750
3306687904552834878
1448291845670413590
423328084662377052
237752976319087922
786043527496925390
583428823702999190
-3444021744992646456
1370549546520
5980635096041324600
-8521429844444227844
44673145299160840
-7327733391987952256
5427932623149221204
328932481472712282
4936642175668129850
6410238767296170
1429203532994791538
5971568011162750946
12498926154524572
1366933765872871350
7693534253202782600
-4087941843010681496
3298970265997443800
437972150459420350
90874242841095520
6856181104543930250
8868043261806874950
7079029485595793614
2381087131143577472
616283549394558500
426434706893322010
687012874910403210
1472411866719610712
1764237251594641250
241182179254303210
8177646977151300000
35464067878022344
920621287925580850
1821052610220811644
5173623854991518364
1593625681121545764
2380915690127115904
1108228367007697390
-8986183769998253072
7751958291424584514
3928539064698350600
51180585439456300
24649676064078780
129471590103446000
-538347628172693614
5893208421276878520
5332742109488690
8836370754049193320
62606134047303380
5128058158640946452
93825892915755000
169289521484205850
-6674996177457355582
589542969120698334
66523374841116284
20423049559435600
4390912268732595984
-6892880653120936866
4537036569764402130
6975096258030450
1911582418190566940
11393244
-5206303280286358574
-6463840455850559266
1025109765404004
1439103320566044694
7743651009326822304
4015203042430486024
706525924781250
3115423788531006664
3460590237095112550
3767068463616494944
-3236359676447569534
8342812272272914170
181553793426483524
401738366770339470
33412325356197880
859782924
1199920041970923350
-8892720141864249616
43827477791677034
116032510061639250
4679514418135984684
1001951914341714532
6293063509455466744
697653069547382
797907511946985874
8686517658691344500
-8962519904935779016
-8591266286565254754
-5894023532719244644
9086990788021325050
-876197163983424516
-3391452330019950142
7411171934617012562
2275231240371870950
4937827174197359260
7436917659239037554
-5592506853556125596
6084609028409273362
2508731052041683442
1756718768917612850
211088822573312412
7462
31118256455502192
1845425458295077250
36052451848123984
-3558240700456555052
98442466542620200
704867867467613304
3212046893861922130
88863021982159824
4900012890230449884
402958367869356600
230319696971703850
5248276150178402460
1138186270376872024
1258466263558452
40815494766534250
86399723455712550
2161123155844350152
-4699417536390883504
2363072395942790
7467981818050343020
268331095323124834
-7979511942145442756
442953086594240390
18555429725340
-1108387443076220972
510729080099395850
3935437702196000
133455016143697270
5282163131022639702
6749065797806332
18429317148620
6325557535637734
-3858969219948589516
5874445896446824844
1524865612433598800
67394597867956100
437538927746816014
8897957492685753660
29076429949351974
445532585733384884
396707176715201174
4011511874783718954
2741418993991913580
3978694394582546100
6292352781855032970
643730794140120792
4035436845434211140
-7902265410453706854
1459661121713889350
5787381662199465284
106674053814051542
-3862307090721603386
517080770366897702
3979185275008944
161716104999982
-3429015982894350982
2486872732082160240
25449341904564734
17778801273988720
2791493952743345850
6905961356030236264
88065062507457984
1249525858895692
3641969553847396270
1036058522717253280
343016775044350
425727159944413250
5427301349631685990
111979084994751130
-6809700197505828716
4992568124878972400
5871507332236072984
100956836414
6095705023625569730
343784598640821030
324900927419070
390352287267627650
50643743359558960
2844797936675260720
6398197193179233750
236628191963775500
2435427960
-1627597599022244866
7464749850994928800
-7943029510577585726
603199886345179134
1377707315285869750
8730422149726830
-7765527687851537464
7736180165726790540
746061318176826162
858935217927371222
697056665347812112
690597076489497632
8304679107508523482
-5509728887658075256
-3771983296920776096
1636681090369398892
5700417534892744554
3550960814677947438
254212905303932170
24867397653520240
3563848112342067550
2436425594039734752
270270417372994130
2668253666342110
2524278591393974380
2834232885692032000
605529600176417800
1466906115832504
1355324493866403022
6856181104543930250
533414555231669930
118596304496049030
973857413336794000
927618385720786760
2997054439671901224
2814551351130045450
973068504064469824
2055197439765828800
8310538082000
106290584472550240
10375773321312
5960137742379258750
44560266775119414
2491481237397024600
15671610055428552
5863493902340063500
195680356916324280
1009947784757473744
96105672911493350
244710577988252370
3308833689053989250
89432124854436100
27461145170577470
66793250165108040
6232972909714601106
-4245629805759582256
1832994629697957350
36237814292922684
-1172895364184492202
-3484208954179049266
27770159540926600
1261467969753688230
3742742825985912322
1880941736512232002
94220754262020204
61394814613968850
15639940583717860
570286050578279112
1780926683681307608
217198443541490020
147506101961798710
7800272412873097612
2286519565143083032
2911201238114435000
2743134415889125020
1215582782467145642
5450159452634103906
1960330354200740
-2320834151203790084
-1952074991228635366
305609998898303750
15782832088944250
10598556666106150
1632366724366910
570931989750793000
1581986307143739770
204863776956745284
151093605078546144
31032196940709980
6546272769476530090
4830808062506010
27636541117643640
5755057966377929374
372950079320
2375605608996118800
8017502941582333522
8549753409515805564
131159336645731312
102348658664252
262390215934
-8269999681027367866
14982069768800050
6369809031707240
507763546848057500
192281753082374410
-2956830846876847816
4636155714583515484
-5963666729977943266
3823779254835507884
5749410270436514500
1953805356232250252
6290220960257833300
9040268835708728800
203017995885928630
-7212921010311974116
931683058931857584
5107363402084467570
9980303319654140
3079680380502740
4602170152563932754
196098396568074
51779912577580642
2711056682170942140
3468312590075148270
3780915178227404100
3535167314970206864
3700324197270302000
5192673268312565490
38069297415280320
16262143938301780
-7735373708017612596
38611775148291800
-1946949903128603774
24499785445899582
-290239598255289006
2045236331873835100
527079730369500
7578903112954392104
-8380138699683351526
6454876633516780942
168159286898746962
1217240365680611650
7935992520758060850
3420427360800095526
-3480125811373915832
2867593084825317550
7997066746739312970
4353030337639984
1403477602398577750
157776386057934
689581260348679272
1452074197487271974
1577700976703256300
37223499168282
157970887772926580
-7417323922582044366
61284571590336250
4810904332459110324
718101967615068232
497989305280452832
3176996704034388600
-5537771925754942736
-5873730805493502082
6005301655479456092
4600383665204384118
-8975081762866599396
-3806824214293551194
273977294870048070
5391227891957782
21043675231287692
1752219229597671822
20778083746617470
2990399079661055354
1054271994233751750
48038549219402
3696984509851556434
98579289986100
8785141021356816032
5288398698920388832
-4568685570624924842
308760413933972
2800583662094449422
-69748173685220436
3526642968034914490
119466327806868574
2063654451193058000
22075182791523862
-3638750302267623944
8305554261127047080
462901186555311212
5331474440230456054
-7928932260515804732
2743748270443149384
6677934186056610750
104372297293794730
4848081153158692540
581699204403314600
8932105748856262912
-84033716504645616
456211606263925820
7406753629232969704
-325616037943388886
12183744220124
149109259547650010
8547964715303321182
4594867481188851750
2310713888415802128
12586083783344470
7869383733646715372
-1443363007616415954
-5135386808159475702
1311926266915129734
57786603906850
2489707978023959000
792033948642576710
4853050945093641004
-1284031087213875016
2606954500929471000
1161558833682
23717285831871450
14226904060584930
41956219118659560
1072347492764572490
3969128136867577502
61549404638995350
1025991817178169240
17113351231622200
8463324517941999622
4143753994882132136
5117425521262807478
3138647108279231850
-4979499936192510316
3810113742188480984
-8955266997789032816
206119510696057842
595632742961170934
-2532117473100727814
1078392441812773802
762373877092100
17334479024154054
820725964652546750
13858404550054680
133527163404399784
-3588047109120208894
6670877382578231264
3611646254118690750
3264947712789765310
525475999458127250
8892477374281242
3983988423533492794
-4988929275008178516
37984573492302032
986219572970450
6365951148077681718
-5641619298829478714
5462050929892589032
321765954512618044
2046460356201921160
6198328000971295266
-7035151310636734066
59973202852990350
1205878643861597160
60998634536421400
-552359061448875046
527385401970
216034058973686660
3849032931644711160
1280202587109617180
47811914427947384
7243080647734037750
42842065251603800
203749380027260050
3923051074249492210
4860201003845807318
2609340869170333060
508301771630657600
4740886255171033484
-3086318607308901876
22864145972066410
21532168420377850
671421126822435444
50083203216684
8532325610220308792
2713135979032587550
41247667055444920
1199407405336959000
5801058090010334270
168558929008682520
473554339690314
2920336773250050
560952398026582072
-9050191061658897166
4212202051037492582
105758782904448272
-4941733021623750266
70279163395919500
-8981840669307606116
171281129883024980
130906102028926350
4087639083781258810
750955729377491600
43553959778237370
3318279386812647140
42338938398074850
86942640777901090
623657528967432674
190470177529884980
-789297861736487416
39160029957790630
5176999758765453892
501871242426119500
2043554195072920530
7153070997349734184
481651236273604100
8285443219640828500
207656011566158710
521402899080669004
4435461928341250
4070951371409195350
335637534525722
340184703652405920
109523634647146304
8049512877081671072
36193262271189100
2641461108321697074
6840656467314643050
601731955965164962
6248758605259664494
8150431616496987162
350417785728064692
3287163285360964724
-1539024713832539026
65799957908240600
244181972859851334
1731065578804771664
2084523222177034100
3959328083674253290
6930761858982619084
1535078172336374670
417769679907916620
5987291776391172154
5137208163862899072
6035493048980706806
7770455754100
8113390214918555554
19399149992378860
2123471137275079884
172493192814250
4223258182927157290
1935541201878579750
1101577376920905500
26082052019318814
6940619924862442
37479905020250
1910564761985647572
8501111788767960362
252424432934495550
5707019808675221764
245189887110050
880522755825661300
8879079718687507802
102334367888796730
-7021261611707729066
3500764031363522
1675646366573452
13865631329916300
1491754753355220200
123087284741080660
111660863199314
-8648851032745374852
4952367645575942524
9867812030594280
-5061682387505288106
902100648459739040
3654246740157642244
5020002892768002754
165207185215930
2194635981815366544
880116316943886750
168747242167950812
4189107225784134570
-5641619298829478714
-3517523356671102522
3966110800444284100
406316320371291220
-8617111437223044516
1405543842838590
-726036662874783766
2469308948940680
2918312103243233486
47014628204572
97799557779539240
2666733499617082350
200996702956823580
-4646979936096591186
3725923741258665842
-2770933623764345016
8193229180005356634
156972899160
84365395907847054
38596195806931114
204373968106365330
1385457923863501380
856623289034794600
9175318074038121040
209477897747604920
549504081399792820
4790500
15028085327552192
-6665898688970814694
19195728838440
39112809300430712
304408581648094
6021444545694169620
2176789148168973800
456459907205093740
1745689881935507270
106225104597010
2834774460675080
5869548437370515574
1096056259176684
848686899436525450
123366323813954820
-7926320102239526542
-5573673402938457426
677679067760296000
455616097318486174
-7386978364670139746
2286020666983434810
6691692448186002972
6184318682753060850
6036930980813319150
1321779487277704
-4781608181669776976
58236376085398680
-6224735778503899084
2619455175603436130
328427740734300320
-3490332101824200502
-4186649828466503596
137776411831030
41774099477377432
1962831395567562
249254223735581400
77829704846775050
-7447066769868495786
3390773891547485850
7974547192974065704
2418856334185143714
-7543449886730838456
42732675939849142
-207493150669609786
105576437835796174
3634194324968844014
2712946902637253230
-4383187740956500646
-3178410273835157412
3225717511289270058
5159524324711219500
2888344495141272750
7403943009129692480
3606432087405584696
-3635374132369439374
8624232114639938962
547736577570484652
2242108556758330150
-5999861291473565616
-5624052033599723362
5899300277299248864
1869459792365950
6919688780913273442
32423918152552304
8676113380617253272
1322814552262688100
9033168438011634
3917070735416075510
3077304591825272944
-543797496267160116
331443266529340
-4874184950689710854
182500968996410570
1796356286433610850
2409501943238143182
5771692954103363274
540089050295807012
2357345478680263110
636752862615328550
184205158881509452
1292193348820869600
1823993550918415814
593766669747244644
892206612937777060
2595047202914530100
5939504582589760
8949679487269020500
3422396778383846354
3040274334270115222
125672378466399254
-1565856689461291516
1881660123896643272
1807624197482577320
-7301568513472965832
-2911387288889980516
7245055351183700050
8076903732976194624
-6701689579932969106
83820669267974912
860132877858336082
592371614113327708
38277857019251850
1280094942986429080
-8793178508729124746
256300709476067930
-4431841167230013696
868712557272567700
1188679929798661300
3410479996174525748
12263224026774644
2897073726946178780
4296188275019672640
78504047249363164
-4541010770365129076
81735220350
1069893054836012
164918225296682750
56475352169021500
87893838570720
687723808741424
64359410856846350
1423420064770446152
60845083504639350
73524286305750
2037751159696786044
1081139957204082804
-4698140351402277306
-1755003344963407736
525586413388748322
10408515204010
-2278326311953763962
6912822512865321910
6474458233591100284
3800110480432671860
7975396122913327420
9588003277601280
-8945105940118425742
1472172771703511350
-409525740831640554
-2844790008528325016
6454933437247750
190547552881753914
41510257374834600
3831366763614865332
-3811509595479847816
1660887237806177880
6754429991202678800
926013132387018130
4435849367262807454
-696662928665037636
884268601895927924
7300908425768289684
1602367988271171028
7328756551953709994
3314102032820320
1036609737794474250
1443581806503974
-7229925190906836434
1988170526168109674
564668927760645476
5343824406009842130
-181428807680048294
49292038380409864
-2351042858610623116
3654719558658417040
-400129844193675416
6883507811041974662
4584770441899161360
3082295137613099100
2765100339074920
-5178343873036073444
345433989357103990
803965552820576314
1996723925424271100
5748327899579921224
899041258092240914
260449647343771802
-5351596296302161064
3058644000066833374
13600116423050964
19585789232329320
94830665248486024
1814606106624495520
627432288141954904
6269641267253438250
6305510991393354174
75381353906689292
8182838572978747462
-8399333345461476566
5652394319703274850
6707335685433665780
4286587733888181150
3281271694044226610
8849213119658638342
-3537213819898182594
2688450995696197160
6517402677944416720
713138316786042
432031546831028144
5401860046564699706
118253236418387400
7406753629232969704
4936345959364655990
1121035869641934624
-4994584501005400152
5467565185320242184
4530367029521233630
1360387371696477952
6186423529895550020
3513735695474254234
2684623336052874874
355949674663694232
5079767023656243510
39713204890450
48742301097528962
6055554111966019920
12223718812504630
82697746472157194
1848117665162400632
323297160469451064
68322148748961160
8891968601170448000
-6579209317027276946
1022076662177164750
-4590538710080173174
156430137436518750
1617096991631209600
12594632455860
32124253110185042
5590678683358196624
88950398981742452
972630428300731634
2533965065401035700
5421544000481140
6853907557515411540
681387312840314134
35639821050962100
2240470162460309560
461747778842818560
43853185988445960
89611316368000
3170708029516734
437057946206683984
2484924905671690850
15081904024799164
4529902964325154268
7351092350964864462
2676452592915101000
128770013064
4220777268381115734
4461878195475707514
478743796290060
2426846350075370832
-7657845984953096366
953760017658787430
6131174812387513014
1165734221153437930
6208556878627526432
-8254192073156546522
388808595727480460
2916786832970186330
757397988200234780
1382718690756177880
812428141490916392
7738254857575825310
5815782606611840300
4083012744282567550
4980629393871105940
6078027952831557930
4292719554653390014
-7574543866716154372
14256402917697822
36111690274039380
8015372345813449752
1816424711187687482
1978308528742079562
4658770032973075584
619712389536283520
1374752458267888700
35165327606732750
365230669610168250
-378191810000744294
318947569655899492
958863256673199570
3143078610502553800
1656964977642988910
-2222000584175382446
7024069663563789370
7205244561241264230
1025564102952
3341871570288443500
453217251382350
7412377269985380000
302205280680790942
5458536542166737194
335941699517633664
3652890175378230694
3777521079432986314
6448824988997952
1513239171963988000
-5198851763103873436
5344767563296982002
2394240616240
-3176337594631538846
4408845935345773222
4399477117952
1070181309294947850
7698080241429130674
206914130184953884
35056505369755500
8189136234254822
362701430
2232618365483610000
170749722371484
419530043212
22980065860248134
2071790952026250
586839658437523374
32144618571347100
40433982054250
1414003437055664
100198935083101100
1066609589777602052
1239393224174
-5506067734527921566
17181163864788000
455516902537314310
1166838405387233320
2606037102975380050
640522826288261092
2083437263686680720
-4337663689027694916
75163212980872884
7598532754996722000
3239604017099690002
1572907831055600
1124548008891385722
6817985026831519660
-7009028191648405834
113703036378884680
763151043517089700
414941727335016882
-3366827083486805344
4054823121839490
7634619438579101012
6236395263567426664
1597064525421610
118217167336728152
-4581543486509187452
1482840719117761150
-7238693985571444762
8861150702922996340
4240454691085134
87329949794187100
7153462219379831212
294621899304958302
42514525887127294
19357340660247100
2244580134263390
205627451141870310
8411075894129890240
7206031297770939964
305022202164553790
2391562553510813410
1901424130087391910
662246918224077932
1127089681484997120
180486441213120350
619837343621289600
504221975516503090
10431152491982574
3714184155692646790
791733617015967340
456758002109318910
177666099025562
1770132127132591040
2478911584849379310
5991223903941931676
1918571588051329092
447144369842720680
130789348273791130
316072326086876594
4589095871423460284
8895067730589390
3714902107513881284
17562057439903020
9673243707381100
119666380477045472
834828980934251896
274807376659307984
-2369004069493122616
1184409151665987170
1462394921187242770
1558898949010797550
4784399246226270750
618214413643924020
1665472004321694270
-1209243745950980866
8181107766460641740
291735363525615174
5919301143342772850
335981169057485952
857499677469001490
366956596735982044
5692832003712836620
-376624042574063146
-5337429170537610316
26649710904107330
30304629784403590
2217301729734359114
343704291945509924
991779480810233570
40848862245718126
-9168199433269861962
2078787961060258550
379858714194604890
3039656577186931200
198218865444545960
517135312354692950
4865317610093350
3523191547131486230
935462027192550
-2815278843756942414
106790967552918110
3365045866387550
8930719451604729090
8097492704021626360
9074825699753065630
68885660367473600
-1727657611385442016
101833613982014712
5565680720555696860
-8563874643010199634
249949092980675050
5375229754480390
4764754127446722052
208593068324674152
1264878264803369654
27550596000
2220553967763432224
260841176176196940
-5484084494477536172
6322255217783273860
1372722239486992
944471298594492284
-7290106870124128374
674677811847284350
-8869855100577560952
214394884384759600
8960328813699953250
1396225792233674362
2672337432366734770
-1882418288301029066
-8086323307611354976
4097449275215748436
340782713632560980
18521781355602252
6067995293695863484
1870905895984254472
-6037751243042792016
7493065160605706500
3837980346742850
-3372301969194455236
20582976176973210
2542434091944824
23847286542601550
-6944362164571361476
7703609480628000
26000877102432142
4959981200640603808
1774666110494421424
7761918362850600
67146494488017910
325117431809170
4616238213380620904
63755014450050
4404796427068800
1942154453152575480
1807903086379333944
73028915192551752
304069224200
41035231406384272
-4313556374731688516
2996350244670512
-9005950095437642116
6880467483369115370
2988710024834569000
3345453754393997384
6199766708295877332
-4537790086214206306
2358536837954297550
4647301459525501634
3758652913300187630
2975111547343006890
137322001393500
2568631787818596500
6273185882222689500
482272084677842382
1077257072035662100
7302100286493968410
8582446415907262080
85434538080016972
2741098235102156186
-7871352297402502652
162615670418248600
2574625763987949100
-6096191774725820082
-3052285309591270076
-5532288835253831744
6061425856988460050
30755378037569172
7480111042404575540
1079339268655116392
164409578575107054
1680999191100893664
35338882362
-3928279056624722816
3279745538089781292
452252551332281700
1741075980247225050
-3737080229212364622
7938953291102384082
48316892744140724
5911837256599153390
27800594813258850
27654733358282734
64119739600008820
5952635263356373970
436001182762035710
341541324367559162
-7311930959975556034
5385757778763816272
231123639043152592
808989350947287062
1596164454965709874
6245224347900594364
-5662192408839037906
14094441033310
-5338661550633319186
4255337164108914
-4614932254664756486
-3742453980183045066
6990171061177095974
407136283068787402
15436030390222
7685686834446094034
271647645743004850
4245171196396156832
1099655162358522550
4292186091857426380
744698048802442980
2642922351555637550
89593134108594974
6702863393435433142
215439483160202182
5745400771451339178
506795819501037242
937293777890646022
-433781492295467722
71211618807571554
-4550025710421172816
1081709063504777492
1246840001944488644
2987693606620135050
448711484550353304
113108744264264840
3419247066281890662
4105409815101864192
77343202197609040
1814885803017951094
664474164589370
1528180976126224
228294584487764
1739178799174893694
2665240607241203250
1263855974363206454
237996699217665350
29019789613360392
1170057189793800
6580014404422630000
9058001900982360040
2222018641509075500
360838372001649850
935335658746604570
15663688182692550
8979335963147862260
156563666417625350
65430498242214
1947014930595842354
24783488616166280
10093753664089200
29858854376132210
45293424475269100
-9031936510460952832
888190039885681260
4798112816339480
-3934265389566605732
175099014690075520
-9029532617295860642
1835532174559349270
1361063492212790520
-5957131450427250252
8931392174017502
100917671660337350
2615589885827896252
2897876144291789134
378831727122160
574583006333397100
1773291257458254444
1486810946677111092
325604208116281094
-3591431366971681914
1231293809543582890
6117996401400
351396487108756544
545946025272626424
2736095101511422
45381303879742000
1605656488312604
1527813388608286780
410107595739585562
5761707640411956884
1436782246236471734
24240496683075050
-3798119807506393866
14512738693702964
-5145980102097593346
49657968093379100
2087469496436940
80215815137052700
88166321346610280
2854803135530800350
3034988173737157804
132313252834153314
168622094941300
418426405200050
5212272559284472484
319023497877669040
-4951182187632446866
306309110462004230
625388579822864
2559388963576934610
1050368936551378600
228097527263100600
7185597076074377030
16635978939138350
2998888476763071750
-8405893628823953124
57476683859453964
5343033962406360008
-6080273964048223956
2073528636781732
12240167700703250
3575500748541679704
4129453272737162500
9478849533863620
20490782962313580
88311128276897570
7556457598750378214
2044777464341269422
632111393570483750
2671403379088958414
727426782839825250
5447365681337625364
5104629091368010050
491709546912912300
2298183721899386412
2922756644111698756
-4800669345706059996
173915699913166920
-2623853752540813536
1519962133790163100
1005535082500
2269106650526508212
3349277193812
6151762184277659600
807921734894979600
-6882788004927739686
-2733554308289555256
144965020717594
4393164300268089134
4894124086385539874
1590643217513350
68119179305164064
5771026863039093110
536772066278692420
3464449799835188962
1247473342062477712
-1520372587003288426
1515925674680522252
15116578006549600
818374173490461966
722087270154509900
482582733860246600
112655859873335090
8029015499463516520
1120548723972188434
108844082336619084
224633913667753062
1556021790841644
49723862832121282
3805531486132626234
1631768481134443080
1827993906205264
-583466142512670506
2586827616615712250
8795643189843719500
2475026432571717182
9266011611536750
31277605682694044
512785568465288430
9125437731655462672
2250642697055609500
2732093584928656300
5364602721627968350
9096230787798350
-9048270781076088144
19585789232329320
1208350752425976212
64634142898456450
3245006897845261852
1037804791648469212
79771848252874124
4736261378130250150
1452788869186624604
2718623494983162200
-661831033403041056
1751129735143518930
24749984529032112
409970101342933740
636432211596927184
1590329804215022550
5961843839830174100
900694014629636024
5659656442121381814
158531929796704930
157523127410791450
1000519504898255804
6038653537888182820
19247658868284
4039258120745766100
1254562042477235220
4066083089936332920
1670467010135000
30676628210077250
-364862534632551086
3002763096998490630
534421999540
-3209475149492704422
3667028952792978850
8245765947381122692
86762649769250
3916074677415573600
-4670659342891291174
153887300019924640
966459167160390
5618371520608285054
4657501579307488052
1931327797850000
4120909668444555182
7280669107799376850
114088824238546500
8870801410928944370
4493815901267696612
2608033909108357298
4306339665417202452
5210257685771160
124881342040667940
1136610113900534000
584623909900636320
697261387640856500
2461601009204318554
5266050032231083968
105957974074936410
71446175305843800
3754067547531224000
-8756387489592384196
5050775737187742982
6162126339422
5483493407156878590
625388579822864
44934452615975210
849319773088003294
22337586669166860
8460218249417643800
7002098583717421002
137085808225651034
2427514410770656884
-7718947396078849516
1281710317784165040
1026083000915770140
-7576150364989467746
2042484284770480012
14138682112797550
-308327354741810042
5984398671422382114
418839700719985804
-1489002277790578112
1437928474472804314
107444104343974470
-8374071522813485316
56260646336752
-4360439507901778856
1252760564192517912
135589445992
3450615755035338604
170662812124727780
944214251030229790
-2514293083546214714
-2120534150889774636
30801385397962040
10039744824101850
720976902109072
-8817158660700804846
236506833154614334
35078249583355720
281436184263224302
104224558082384740
1894337456322783500
3053268997896990250
8501557096585816410
-7572401592042764766
3748770274187504214
129008885051023404
2937227594629850
504221975516503090
1342896483812462874
325411483989949704
935590891439905992
16640122481900834
13032178660493790
479276868876110440
6226517806679653630
592074475473951470
555119820778904304
2759183869661800462
363510837891002650
379560872675924
474438221614798348
1099943334046555700
-5342974196718978832
-5864770314306163562
-2517145991527255936
7138216447123528650
8540398788528530
194080065655870542
521073688738275050
-8277132570564485882
-6081453588503743882
3092085870108829972
2937202353146016300
7886627850544666080
2321645857937486822
5796378885437217000
-3066877926157899954
25844860722915850
6130134886895052934
27697216847277030
4541208770279067590
3427801346922856750
-4201739931823580972
5841157758735400904
1267761075662836370
732159154851357646
151696452792262
2080491800887637690
3447446582756184912
-2052868874883061754
8823542371566276354
201722621356547550
2187065871842557640
30473891096584590
6487537361980050502
4564438057896500
1884823473350884600
1300696577169760484
5836840876029100
3558746895121618200
713369176691190650
-6627175521990785316
653817141318000310
1282033576117366534
1383289029057762750
-4932909324002159736
1719754799520852262
757582944687194414
-9067939710425902682
5939012541417244710
26274144881427170
-1520372587003288426
9010926662764961242
9065008971769640400
5506284866530166600
2921780759746895930
-3252886308100450386
246739633265660880
10211041275018500
6536395010120368894
828077378262269850
3627842039560364780
7252958203028747000
5361450603734002750
-1811804476545862842
18267139034880500
367336276075648000
-7201940315966827986
1535078172336374670
8148274580723126542
5511752502293184602
148766161414214850
935080478278189804
-1815487842374605532
121625482346146240
20841791340989424
25603565475247760
697739248357312252
-8512924505464455386
7223355807361861750
7011867928491750
986988087882750800
60931430391000
790008367351779884
137853138887271500
100092215693652
5204066501520853800
144233906511216340
3967253338070524178
3466591331423932124
7813222098083893880
736131038964288200
1997628381387819164
369448111722300
583488534459251850
2038666605749936162
217027752492400850
18911989443050
1115394735123593540
785073303138803800
650053349955586850
1647579897892926074
7173043790682052662
1997475227838186250
3205399433252862560
3652355924910884800
1038356703334330380
33023580765410
39104943344728184
1004821346823554100
4384946555753519210
2350984527500
307304647282252664
26402794947744954
3903143202352850890
200031861560472942
255174915844887740
6670814670
2555335050485294868
9659289316782
16315159326523992
27995973383310482
303446699632045524
3609303545738299500
953242187742979710
5796175270319193524
86001309155583432
187598319900854044
48348961105720
848054379541993750
7600735011402
418420752435610432
-2728612424663329066
3054629395615986134
-1503199004398844874
-2247293120341004836
2690329383865322850
-8273057092983999486
216431125992930772
-2728612424663329066
2720707142544730850
1783898258952859190
110343292007940600
161716104999982
109506607160109250
171066907004560100
246958897044180750
1648620710875503950
8959865601985019502
-3810840324175420552
-1153941164077562002
955746987026613432
9033168438011634
118487886675047362
777714104726111014
1836660817573778834
500911951801084252
3218274841216830850
166311443014310440
5498893953061302742
3314401290942
526028243123124350
131296811017134
3474909509842959190
1802888021134442550
6556528192468733584
1632672603381613404
118415649436295640
2820516531152100
19656124976868380
-1867725652309207616
85363889183067702
82733997057660
5322793064741816972
-4621346251818813326
1368404296513926280
33085006354831552
240936013520549494
792352392411272
-2777274424692714312
-8789259132948497582
17605246789390260
667251637122
-4500389250873846164
-8055815636406748134
1189596597130507720
4336380592656750
2700112874332782104
117838939944368104
864382915817982
1197256124961498770
20938095624600
6629762508052192600
140707973277281410
8827902137307642
31914376185834454
6850119569060065650
641291642594301230
11766646653982220
537966586850
5595147521360100
1324801498894598970
-9192900983230564616
380941806358603490
794213909028510432
-6415956016264185756
27130792297266350
3857325373811980
2172304488450564482
379426124656501650
-3079377623891911536
-7749665119605683094
353647076059031484
212205206137295672
1289810136613192090
-2285536938304996042
211367504509820302
2191895592119342760
39809673762930500
9033168438011634
6850498297232058000
197953291529021470
379560872675924
2969240051347925720
-782362847197178074
2610075465817052682
7700974191766841750
63619742390012690
3954309460698056460
322339517901810864
5106904593063979684
-4884933780911234066
-6241097982787271906
49263973959421830
5104325346851838030
11683784202266072
2208824040725680
8128019366022155100
70474704268696324
-581134519295306284
3670111153682863850
18851779355630050
4567979034109671670
2384174652960067550
18196134863360700
365939409124109596
-6557462425168584634
25752738523483010
6150853158103850
8833620638140794650
4415511205554372
2301190275878711100
1401748424744734850
2571899930402693240
272422538024256690
2324959746024930
480930573597041904
136190892983600
67323641150062770
886272348514
-7491837492234375016
398890892114680
-4777793553886500306
73255349894644500
279368277039043712
-8909235269714495616
1214239747430402
3636484829899984684
3221499744774657360
402182959108142
141779551622284524
4901191288413253750
107142285435593100
-4805748953225327816
247052911956655420
104290200577218110
2344270293806532284
478454379389910
177557133383900270
173170176205695400
1685297114545850
6841791521528381572
241530183907300
-7193699513932452526
-2124166125438738956
7517399474128557750
428446684380
406817261360479750
641291642594301230
673812641318600382
94433887426287500
1327368617961100
44951913766555224
1497558279199052064
-3216372012727432302
6813080318496476754
9314187767183882
9155059009606510000
1169491443716730
291167701759866750
4157246655943180492
2587374980731792680
58907262445738344
28769055335374732
436385238394052402
2678769802444450
837198961844116872
163962929031293068
1335910759559142634
177410387748063600
652063004037208834
1885255148010856622
4565743669633660514
576355900167419750
2434813893509690
236871049690074800
235393033318531384
28931846954326330
186860037066187122
917766466000097714
5947996594044630894
6655297979982484470
193166309043345352
719011228030802
1928061036661850894
738048536275050
1253096284742610
1130517964543436660
6259370378140208984
1379755774070680930
106881729991414
94038356017060910
6327249299605706472
583488534459251850
6149316907963166700
7034881392807315392
4741831390304820068
1179036272678935500
-471290509166209826
855412310657234496
91557137404705900
-8403875422368610382
1471694669028799644
5009018909564129420
7702214705944012254
16055407219415480
1333992503246236834
81873254661865164
1393470603512986310
3888262095064536200
6364082488458483100
311422927277808192
3886281167291022500
252010605080388350
256107452240587710
1382946804908744264
554257491447672034
1043795567661521822
155364978032376854
-3960848919050247352
2864243879620921270
2248506881960163962
6258308593085984890
1820887754391862
171090699617854184
3422236337273880574
880035046055184110
11677428346669750
-9200491527955428976
-5030986548807659806
6204065751306500
2088094360736554240
-3371617690020770316
1671775111182076054
43827477791677034
227596079146267260
4079872159873049154
6629816813720100
10729152634822132
3602255599869850
5203322908633850
1154237341106916220
134723451310185430
1065764967347840960
-3831577063540588616
1494113707813485204
-2083453379070577816
-7296111690032316552
874683599814373000
1558660000970
34695587910040250
166032095953683414
10741084548175214
590741206773454644
26089011880050
-2522137658549812332
864775617695543750
6874185897189254
41362396546461732
1653180066931803190
-6973941775718179516
31948157542244594
-7054020973228351732
5987136932636364470
3756963079594280934
55119954110104730
22270478456203250
191835280684712
2335079354861196174
2097587864644110930
9152705483677218600
4036965030054922000
545462232071911792
673945690286666980
-6986760444199199174
125785689684710092
12609626979171600
19839884545164840
4140286539068680
441352651897959750
26939963846566782
49629747549255742
-7806687803692488636
-5263327197525425616
5746753969970302424
-33202806365445456
1409845553097894054
4805221291377402754
6978258783325215850
5657314174624085050
880958521431950764
6520321877808877012
-4595034680201815866
2592487902329991514
-8232234911872690566
6591781143818916192
-80066345913121766
5442902141278482542
6901390089783283290
165288890809875910
302533520189654824
600449716143165924
45804906423431960
788884724608922214
-2260289189781151762
480118938242648304
-7961282626475765966
8130855839434770
6477368214732584
7472427486238944110
4078133647421919904
8514924468104142880
170781589161583750
-8704210294665590476
9725767987101730
563333145858192780
690055168321918140
1120840992317752160
6363365753649697170
349888510195303730
618651042435878634
593101447140525050
1926345573587951318
-1084055356853373756
501125008546954754
8603544895126823224
100103394425577270
4125707009913790
8379754963689715060
764393315608175500
-797001038280687256
5059218676130348800
80242781646346904
-3409901463344352256
209686668170751464
18835154911300
-2859529911168475326
-9035781782222517996
6612410903368435060
36768142289347392
1012202400021795444
3831366763614865332
5496967112956127054
4827074927322076312
83590798950750
3612583656722907020
5124122492262783994
-993345645743366424
5346876566451182
3547336032183860
18454488078350
711288634766149930
-7062338380663809402
181271892371210
358139616731204
-2449285838977344656
3489247406668133224
263199627390043344
2689316992651940
2313581556899872270
3454013720935760724
6436785157883904992
28712864774661340
4476999775454633154
600965617630
1520574420974062350
253094000445169780
97019790434607040
6297410347400870416
3083189765253312
11623508215118690
163994288982667290
-7982634579455958676
433558783970595360
-6913046128855706856
1093807942725947540
12575733421812
5284316772797639484
125766799162648644
3875646645302056002
-7662104944340737634
109347309502302
305757080726634420
131736190637500
4585050690301198000
470222501023917692
7665476459035015062
991423965804391000
5213935218823970072
5614129495981451060
2751106217937924
2950872112456267910
1354425908295898130
1338105072559366150
-7307568705738259366
13862017586774280
3918600378580210
7604265243107793260
7431682638549833560
508032605782052850
3462633133084641670
521512670518987070
3906504700493294884
-4974468929885689096
115908086368813930
702462744063431274
3850753728291979964
10690442562420170
5154932888859892600
4981880521092006294
204727630727058244
4498826507168994
1447465442170900222
1940536318091723192
3815958814136031420
49817486911894
74701688545258670
-4475844391439517266
119648183495973154
-7857182971227643916
81476967746198882
-2190886364791158914
771363366602071100
-247719527544879336
143544334926587204
3170191229957336200
332129652272552050
1872480290760905960
607558241924014242
76598192902785204
68131106149797152
34330330396939500
1132775090688925684
3673669953226360360
37731250061346690
2073682720344952500
178758966261376620
79289625302706350
772173493234384164
14738435581590994
281816542316317540
367125306753950850
5387669668312750
709973314192755250
3759860286338784100
8719148076790068152
9052865964774741802
6691692448186002972
280194067558442884
-3613076929699485866
354098487966009252
1136905518469683270
4805846715317901460
3593636784931627550
552092783134820
1837366483718392774
2027847825544060
56067793912
1794968848620884510
8716879109930582682
-6313943244005551156
750450784177891500
495449099955597480
1418763439196318292
110155048890095510
627432288141954904
66899076756648780
8101787022687311800
7549529991774575420
-8945105940118425742
78876132560073550
12089462474090870
-7330456248294038526
2003794541683826892
7874798613622864
2793426077675095500
381288884519661374
368604002080560050
5805102614430
879547538914703190
37992269817859280
-4054264683884511516
1559273334347186150
2247029131487932820
7168340551787031500
7580128850113861470
579676275521084714
2771074991864834550
7840846097271032190
144192043714414542
66265999275607860
-5086701138849628366
4652172474436557208
7782753364616411300
1700094419393223000
4100252927065449462
771436988124517884
105908149926185684
31171305048592500
503303300500
-3191532342746637024
282717102985507540
86770917591835464
4329380286638270990
11766646653982220
645017349378191322
71842076194
6208205092456080224
4508156002156262
955487641205878460
174857032959269980
216544674178618394
-8360916564839347752
313254015916312744
2754973652487329000
7269971226150422440
-6753809065550518064
5033921565686310234
4256106589395580414
23181328645204800
242014381445641924
1846842042356438990
1059349936408582
3472933262620581634
243034440010838100
24968369540741704
54784951367881350
15513742440732692
2821165335242871540
1680837757803120
815647559444263750
694814586250
1419577522696602360
9025308763195340
8346325351155561462
-8558389469846229596
4925395324268142752
7968182378482405184
9065943554943478000
5926432353336667704
1929530512415961142
4944941646067200960
3106662372579042
5523022220206106042
11152725743146442
7517399474128557750
-955126469654541724
296198843400037424
1283111545523005814
163005393070960000
-8581312285691076024
-1204703338236350696
-2337382276831529086
5257401047296929606
8986297347937372870
-8209218517985031486
4227739465988605504
595644398842430812
544667886943899230
4036200883500760962
-5510949099382664954
830642547397800830
1480198321723662072
-892311181592109106
5544643877187387000
1035598116186785734
56144530318800
646520567652850
2571899930402693240
678347371038755600
832433913637130974
3381396813567688630
3023833004304207902
6925796423235531450
4958599203035714040
438212968710890100
350
-7149120885821386306
12422203216966620
-5555427785535605306
3106475361286529524
2053816043841638384
233037685915114864
247680364207379950
1628800437425295464
3226449303422025584
-283945034820668314
6111334434781339610
471261507323310
584346646752572
-6757767564587189866
43799618959462
8094916932386685440
-91966529429129866
1072467474960
4957410467643973850
5827850772944548790
14807104427350
-5347901631944130996
3822556519331861094
893438895051422220
-3531783914607957766
32246591162778500
1674801682077697250
-3046028153252098184
812122028098278870
5368387097536345052
394832718079651800
9859413694604474
6656873715842350
446036802519750
13687432731280
2166388963791736600
2557658712224044
46329639331523002
96383868447496982
-6362132034106437722
1549064375050824374
3364404732990635934
13313876392855500
-268988887257543642
189594902806179390
14050871104970714
8377552566321637790
46759855979460050
5617066026310176152
3382289029670276852
84225470055009474
620524928890521274
329087903293952264
16714838695547720
387313398254456520
-8144565658816670316
-8919910113445456036
3031634298991851350
3418122696153996292
5243292586718340
49338839059248354
895453978519100
3405055591575865134
-4837464378352920316
3210448520838098034
426608691798643646
116977828646713920
1934807440137043780
726229855655311590
5022508853611299050
6278860392132008324
998105797295970050
-2782204828682900336
29679370031302084
3152167279310052810
7358377339913152
109404483928130780
3911594767006607382
2650346134121465850
-5689987146169285234
4153862424392089530
-4813365705359047926
1328059691882
1975624316055185730
3967860838749900
2003493282431067350
-5723763018555602582
391723391539376670
1892460647920643322
87833941271953800
8523398619353498062
-4301817328274741396
839549918290479292
2475379439392867280
6740949251506703090
-4240394562977131564
131510575521818350
5682044854810793558
1246206903016398750
-6260944280866448266
2432416285109518400
-6292997332528877866
3607519088730440
4024725595573760
1056880068897449680
1346127143591750
5226600017377237030
50434000867092332
4103346476518242100
1972022360560200
-7270437774156907236
260710617552042350
481354460814000
3873964951142594
516099752145574520
73424951600
227890948383602350
2938808090076686520
3007458448779001382
-4185337079219033022
700543081232728860
161075730487562
1952327668203010112
528518728105350350
-4346777328302165626
6840084558730350
858707172095418058
1116365822206314680
6539686353629553250
6273185882222689500
-9078481034209795056
2991353925911778210
281263421576070332
8855639549309889714
-4214196633534480504
154283248056059122
4893829785592640750
67690854775720850
1630090393259695094
-6713034694642025636
-1388624500998175266
3040892185509764600
8496659672683784672
6604669077523980582
5524125907595024
-6891199004044812746
2434158854413621790
57905257120750
843164330406063470
30187862613727000
20091670649353034
-4659783402874274416
128605036476084350
2621665835161335600
2439392180311581660
6356917864338481350
811051312407741860
1166665790143660
1610181975442833004
5445452399573449250
222308242006118142
5013512534360036980
4130781490065285274
4003698226632301890
126618981620831154
4829988368784684952
6606880333703155550
127928776310350
2667106820685012000
5733817683679837822
3969275069764900
379772166710038694
183652502972513250
4973305524293750
1147029325629070
41807167953949314
-6172031541422288974
-2265341104412305936
4577208590017091562
4750338906751529684
4877370113544418690
6249813610019759064
1461550107797780
39873483554145640
230379176203871492
-1703980163347561104
37479195830002654
471646216121915850
4135413885953035544
-3602257107327773522
636944153091328104
976795975758100
13851180595514474
-9146306869203640964
233427924768107190
777714104726111014
4205368666472181824
5293935084687125634
-7015146129004527172
442225077657222930
-3194984112542334344
3808638051452688650
1661541624207219350
2573973565278052
136904542198784822
4816306652863206250
2032980983256300
260796382514542
-5195124825283919366
8505120188967636014
1677304990829507130
1201490666334750
6638636061665347740
6177558571699920398
-2054326251272067516
18871905850
6444378939320210070
2199601633150727504
1284781805441349304
7708833312911251382
-7244719548854076116
106257288242592942
40145531353057132
649211975746082632
8523398619353498062
1475283279129746884
1410757624650435910
1028547260103574134
39090468198600
1372012145003116524
615972543782535030
122753062999741300
1909175224416902
-6106795108064921286
3290876873861566640
3405100257624224250
175220099695508190
507279510101301674
-5438808775986528266
44231540466284990
133139311823300510
3206470905797211430
3984745144436258840
-4600171591935910734
53779111356843600
3007049938872138250
14629022576717472
2022842471269136790
7996668068272
6281537130940731688
414433300619790144
6427659901282272884
65232412332515500
4422741350023816470
627747622998884544
82987784496716022
516580411521174
103128743810844234
10148737938850
-6491467343309685674
-8470315785523893796
29948901209768970
286901537356353320
1058652587620698862
1880925259927510424
6476999847223858680
4289786124543459100
1757674329624040282
765250498027162
460996718569429900
218281826170817332
1310650357212
115123660569149384
2681097407486940804
156630462956082990
1123766821335988830
7806536377877110272
6974803233624204154
18178416210585050
1381122681756347600
2391218550003489234
2102893355224189970
3640129672630064934
6064536156072758870
4990775948398817682
6225107699821883160
4252582738315747550
-6995114656213016734
-5958319873892647186
-9065542714894307742
473379356597993780
38678586254
1427036826475879320
-3475361088612633936
49320114790375550
-1911040837705760322
4330185694463645184
884513310627614880
2456354201886330884
25126047715456870
58720786300
-5594935470078486666
1158626055495653602
83946140594071364
73217574260881712
6268578175741227962
3684489763943632
136723455994905080
6367792578069092
501125008546954754
4992568124878972400
510166835680960134
4701216661872010314
1199920041970923350
1727346954450174
5517901826588215686
627054043148047550
4950876243018100290
3815470435223218772
406817261360479750
-7285192031999367942
2163515513447009362
58374341289146194
1379186528761159560
2890771422311847058
7096775733183070
4671127846872006300
238606826260469100
1590506258924217416
8460218249417643800
7672896041054949600
2003643907810943244
5090670867602963700
3287774553663962984
6377353006834878082
11725160528747250
91289461078790494
2426324659553577860
5895238515470471090
-8515426642971152206
5998442194326159862
3809857446453257320
-6571772951046699984
1134543893469833770
17223648975283500
4941976349142069020
8744590779509994420
1600996480825693120
4898174814062657538
1279745542320
213241797914095910
1429256955406494852
124056648646953750
1989971737035595250
49114499387098222
408917125885952684
224661868798150
591290044533331000
1868940131960450064
5852716532976826940
-8508419466533403446
12843467088962120
8153020624700031080
-6717003542356525654
89359010614049750
204869679663961296
1410686910247070154
5715035991391300
-8917969899610498314
117497516919360292
1777136097395794
5888162717556435456
-7446526528358587686
164317223914369652
199791194946335850
-3573149504615127816
-4418230953187166666
916435558922118718
469308959258183660
-3830239874753688034
852272920894500
13475872034976234
-9088534915238021686
1367046841516627194
3186158806792120250
2741418993991913580
1670986246029960050
242014381445641924
288729144443725594
6044857795785083002
2653877904422184220
-5325717225098623806
3662764495474054282
12217143901408782
297421720221594500
-8179495593953834894
2888107608891460044
1298600996624125810
6400356400842943394
5458217136490321350
6109596350978048590
4559600647505625150
1344459251308966850
5468156894593600
253509161596348242
648888587858761712
11782632133420890
3124354586871302
942929800148666330
385209877942140944
8358438357111964
66758002551447194
8853343994190212374
8939964482085780220
-2944955249220973004
624328100120830
-7776620984075695262
179621146208111160
94143287486770
-8195902440418501566
5965257133544345750
30926522725918820
10951508513189974
70303583724826622
1358109929660940
29379913325910910
-7418947813224195316
-8264902463133377766
13862017586774280
2284524462343643850
-8437136948441247816
98348184914613230
1128460057673702182
111184762238090800
778232745425933070
164386486261079250
123440814292910842
3876634981365559504
317356205513779250
6046237168753908504
6296262528760088500
490345442806016952
4017048796870064984
1325906324867275410
-5430229775607864936
1573801356875096960
39349340285239482
6219110565993124744
6335460284965388500
8786510335784912550
735988884702473914
817799147330945872
53759136912455090
434276068570552520
20900728276270570
-271350998093140306
2429261426888012316
13171576940830
6474458233591100284
4576648825198267350
2108052420594885184
57802856558677972
3202828994763095854
2104455707240532660
2943227261481661000
6224402736215289962
1217136717093869902
224661868798150
896154408621974684
687012874910403210
-8461275204501274864
2561478147618641664
6303375827069825350
1073478980017243800
1164731097520084290
2634034411507484902
2517836388460331290
526525634482750280
12891307012292830
228871078172
4206783540
7547900659090236250
27812775924299212
1210172270557250
-8078573497082643116
2638105263396470630
-5496300860450784582
13507183653100
2392766858086375050
27715439032889764
5413955956180288724
2085143960458704810
1370102536611930240
-2708126487579654066
6063499256744577904
4773702471790940220
-8965903172044095216
804395869769438634
3907367270875461250
-2622434518694796566
61174477101034000
164155696889803500
8830478373330790
760161205304481842
151766683193972812
-5836064554738133266
2030286552061937092
4628362519923866530
4973476440731540240
22038878466460
2358536837954297550
5869562709686354140
157147753903144
5022060310435520
983008539996411020
29373566629975260
2940213649887869600
7903057076361757492
5598487441712717500
8160359497591968100
8723233333341971444
1774941177007693030
5602296540499093874
6640855841175815000
2518193964776810600
840334669620351332
5768363075299821794
1051111539195981844
5294327600499163534
1627382370433342600
44568942135705702
818414667816846100
304142097398666850
3167217275672450490
217825172274603404
4058608353367895234
3582211336233914850
986102701619476610
395278413941837190
1324261361764350
540258120179282250
78982685165872642
427332198674185442
1478518635858801460
9419213712418794
85961368467100
505829476079763710
618339141135786844
-961245751803175816
-6855841949444563742
1612356528263283880
12485557575541050
6857697116768878380
10127976595435834
69694981697051172
6580381876396171754
7585850922839543930
15553097008744232
-8750982643722332106
-6784884489127655234
-308327354741810042
428610017801098340
-3275588432098867766
346865347196172
2944004397542824
3343852065026820
-1006325886885919616
5161460323013784956
1654112713302713466
-283158099329001066
437057946206683984
8710003352255634
99199162057251152
4978542319390043404
2567846376491774
-6857527456183480356
6064190508188159270
4954142547369147280
223842334608530
191814690500210050
7472084513012
13617935501490454
-2721550568915112016
210115605475410622
1408142740620812
5455960307454294374
6619421275287608242
2713514161472480102
1305732230611250
2347830845213350242
-2647966124935886876
82835764836572924
2068895459422258390
504221975516503090
3102318045083417804
97237653527916902
35830956634335744
83709257326950620
3427576028853225900
1584637486307904000
8443813603602870640
9419213712418794
1697166616769322230
173242218712265054
-583844167294516
26204170593327532
2951677699053115032
4001167250697765500
4519058744015530
440529880111806940
9171075025282508800
70242544831811352
381679630882277000
8435841596830133500
761691486205682670
5192129608036114924
452597936069197100
705349632306732140
2193507275049237700
2915844884062124
144003773888413950
809828934132904700
2978354718538141250
2450059295503001000
2534504018969524154
-1724699304615070026
17882042297442
-8227123515030002676
-5560903505915872766
4153950598338458874
153821382848854644
468692034133470
42522900795770542
5371679453537194
-754602358927881436
370129601389884644
1435580940438332604
131588724310201340
1255410468922380512
48649583005376522
142753349021982160
2093070531919730000
374020183816973986
4573111928551400526
124318606650454370
5617310934
4691623282217885832
-4416934225527320212
762858964390651830
-4066157496925612104
163778140595190
177997916544303452
4349275831036597564
232318530671076452
2435902359825196130
278578608590638560
264681758156878854
-1342030562851276314
1515314792031701532
84673846433415250
1190615738088182210
63393440182811860
525637163870
114053712107442410
164871935980834264
6571566796056229422
1766428970934564794
-6622043252820282996
-800081603072733126
640017629989612
8979799929594552500
-8990043049007452916
1399905730280930730
127704621084398890
298792941613261460
1019014959938232984
1111129476288985010
3565936553811151720
254725638445900050
9128725430127115540
6948736098033598640
1682980735326056084
138949091955624020
-345247263635667486
880272587590572
2949664041759811992
6046323537279338544
-404828251251043636
4701610667134621422
3260170919636923182
6901009253394674390
-7372325117814997622
1543978735492289250
2551560682637750
78175889756470
7273932028969883830
9158825595146283700
4842823181949704974
-2041935454231866594
3774371462883220290
448123334622719210
-7718417200694430532
2128310810570672000
192801711330792740
8507347690380396004
-3399654039474495896
3904665762526732044
188978880570507850
-3963505261859773334
331543069697756840
15220958747020642
2782619084458138640
2822723259362139224
2488998939377591914
3915701092471472134
29545288725693750
-3749840483517566454
189517817781587894
264681758156878854
6454818016570
448564392824663900
16168664117475114
2627567768233018912
2323833562806651000
5875425477029436494
65036369275252540
1053851823511026056
3384427612482
18427658072801054
-3030724852144848556
6863515563521764
8991404935400888000
4290852652395472310
-8741149859119652276
248057408782477100
4695553735037269396
-9223235146103407016
46544374854176214
-3433109579308136016
59041597779080
722157335466818000
-5136010118199129066
93447390212341750
5922356587691778410
-1408885627665918726
588640830064393414
3860105265899290590
69054186671342950
2597242396910902602
3876387879630370000
3142234153276099574
-4511359368965127266
3732311571240383634
-7662104944340737634
-812399829831521486
9577045691103310
-7770283016300982556
5633394276706694658
2546563065224827530
7602627058505253390
735846751030210330
220489523403263730
16087705420641404
509972987954071824
6367667070747400000
5576871948197550
718590500032034700
1368970201029999750
94235966083429872
353505190960894
37122392222956170
243790845857262
4495192092148971134
5731410231162
84435424178103194
86843084855774
18085605490090600
3455926816933682
-4530058161692400612
8342812272272914170
-1036076729261317812
4574969838789928270
381115329100
2051885978903882
219025419654298180
652063004037208834
1520819387636397312
732229292925875780
-8428073829483170406
-7316836964373997426
-6525933742566833464
5359875065795685050
-5171502621560496706
23242327582320
101930390351542130
-7313566474949275256
32327795389514
1430543476639559590
3104618549919929862
8367867174955030834
4415380869001848354
1227676537637550
110772014485585700
2594132949566480350
78067209937053260
-425177414746090984
614419281016391680
4400210353706882
3571863907851304634
14212171810823000
228245169569093600
69694981697051172
1942154453152575480
3913087643168130350
61075518947194444
-9009803325048702024
1038916018489808324
5137787252467402
8138123823566044
85039468451315350
499103711247419810
35267123424552670
3984492892158746440
32307891056622440
37969184349202750
2460234207728165740
236476500747587100
1640178363197914540
1989658337095930
-7947725443264880366
2400519679955767500
3536320437861784104
83806736696984834
129819434846576930
19576425415276172
-1889026787483539082
2962569270040580664
5013512534360036980
-6387040789163978806
203017995885928630
247335117756824812
489839281188622
3785767857738755350
-1184260402573969022
7688990278698682030
521787174945398740
2631690860699320
6031077043216913142
1151649877371372572
1417722169732
1046846946060800350
-3520240441493881744
1525417591295262
68071487585051682
-4216162734105548326
1545217979006747850
98285368130562760
1460968112373502824
-6416533789910994804
979217116387136484
-3590077733211442916
282855842110828910
90534231676524350
-1293079654346117654
-6302309971902741826
1408162919008295588
1996874168949120384
229636513283441642
8440330506609870
50127503230
116995720180303770
88557709342425050
-6707363165170898846
833213671594954804
933020764
3105873909879362780
3429378884471335992
705639853800
2855710125245012
5021008626951494080
3759377302223314464
551047002536939350
1717338290470732930
-1671382619804103222
-7593275271092697202
423562838717305322
-8438646870234914884
703767617435545600
7629280376536526050
152289318377689584
111460567486359960
5728848009028386662
2308902258215722
5753728722580940712
1292878022426320
1147586902870100
9132953776276956280
259440237911463574
1805394247729450560
343467877903012
850190552219796832
2452856878987531014
175389724193411750
-6024144514133911076
10056776773185884
-2913486882103594424
68139434644912
1075440920490679454
228186104048492590
367547336309755050
27863002713000
7051896464532719254
2458477655685324000
175610460913602
1820626707872501802
268597965561309430
3699608359562434852
573757057068547664
-7267703899786695766
2187475851215450494
-4333756491473542996
543764492798870
3430055138652050350
-118126577058648174
1744843429810910
1583374604798463750
4027039583948019804
11409758402900
-4852034888142471864
1976138002312999314
2325517464512563000
-2601844897155449716
-650209017644424646
4621592524048192550
766485824363000
5610868035058811870
-6106206213171745686
1548319351500848850
52964711136637370
558563973371250
3327084225082776600
1135319671160155634
6335103119515137550
1237473746777027232
-1567346417770797652
2849086378208994
24833808512284772
3231108493918970636
2436948912543163750
1592991461150557924
-6074374575714391116
1528305099837997650
-6741361522876300336
1750993584069160830
4922143246372904734
6379147910617029552
7720011883595199080
2160007401538318500
36595712849724340
146783611441919600
-8745575537232191366
8757332991283740294
3682990380010811898
590759941743314
-4934800480237105942
6973267845769687952
3414096826919753134
5314335321405440750
64028612572218800
9162593342806443544
856304768946620730
1955431781742246990
34308934858910264
674478083204452872
-6183758296039688204
3705812582784
2339360001511498042
-4939842593141094226
897968186778648090
5985767684593396000
106290584472550240
1112872873612335542
6409719283181287942
41018924261691250
6582954611192915740
51508600646549620
3898426238514330460
-6443088889338832192
1324028531637933814
1294145704953959550
2419376819936935600
35926812208949530
162158068345843570
2629598857327884050
-7176103998408842366
1799411480734997550
1135822649817950732
4663459397826261180
-2891780819991728406
18842680000262580
303373569299196110
23988722951890400
464358561557041074
668771360956736024
358372527815372
1889431826881705544
33840758072303350
224896688895201414
6411160637857359384
27394834560211580
1450891417684562744
5109186886063155350
704111307103334750
2268657517986640
2081576607792701474
4314184013062
193322723399891670
1959816648767198634
1157228291244317240
-8327465339897725154
2503030523115281250
2561730133273350
4965736105494288740
8404451493182609480
514230104725484684
3033174267530880
103194770565777814
70781053417568274
3478553215623035550
480772727384693660
22477449769641750
52806888580608162
144212973973553940
303885759318331870
1024533703729568032
-1412635706546936146
75884439174419064
7564613827329515324
256332929645692550
-3188079987082128154
94235966083429872
704976774105884
665956090382440
-8074438487483681472
8675661232819266504
888763004090364914
564672000750481624
108394016665662
841413854464839684
378950703027681512
7009801855946345632
311795965145897232
1086936346888931312
2724878030643138892
-7690819948216276706
19375914233461590
3097929722676047350
3629017759945273150
3897629767935950
2258871553909736000
610827025459488600
7361080156273193312
466700830625302
69585854381520180
1757401272510787750
215128528940996244
3468693237188922
48123613143286300
10807492240710
663100928737891350
2539544701309104564
30663517956455560
-2512153151094821116
135740411818354
1422021875335229350
1967005115061232
-7636532263474601866
-1087858932446415026
1306015609713261792
100956836414
2503611034420915106
500752203830805630
7532841831213612060
729900347794
907494152574609600
-8697796730116896264
3869967379821764650
8956160554780101810
-4340268036645525286
49395043855694642
441643316923129244
138765980905320080
30298133847196692
1720964009940309814
618713436852732312
831058757031932
2132111709776887134
5111618957527755530
2367230376722275064
27160700568491770
423046508620144774
5863328570599500
4791964912471291994
-1810330958917156536
114863344274930990
44300594353126874
1277246587762785934
1633835598278049600
-7728487552978770634
64886752407505050
-6220642658304042116
1319974705680376548
623268969693000
40129490117667000
30136074550058092
332102891389634
191089840627440832
3504826734702598110
3444505735083719950
172522804299290614
3319159083319696362
2707552630091831374
-7368523752210865806
208692927184000
620524928890521274
8517153894991040600
648177559787393504
2904628518906719592
74740036980742092
-3093950973056193766
214113213647110050
619649919578862722
4279397894315243364
80229297541956500
1172322226964350
140411196643782
-5746644131890253916
1448764235090485460
538456753146545690
1743246087314046434
-8181547526068771416
-7172252230418954814
9196083065743154022
25154959939824
4567140676264215504
3338114900041266800
4631467919196156350
78473761444040
1789150384327370064
125048493867220
5304324385792308030
642831351312810730
-4244975479554413616
6636047022296140372
-2159727416001770616
8729136793673757630
24339554347103360
3993076191013841932
1644750098827850
1880510802830248380
2088094360736554240
3988782810019306000
927355267174770
371021718396855372
5178227769663845534
2280206218831466970
28532366093126170
9132953776276956280
2674955621398146332
-819325997693506226
126145014101653954
1277191116769713574
487156186389369484
1265653060688590
5013328121728791836
869418385043323554
234149653126278890
4642773454825675050
2501166841675000
4652399422868702120
2422154162723295000
215072027995280220
-7717356750967682406
3358482980931308750
5933273126995314634
3594371168647550
914834619338200484
872527632928350
-7764999219983898216
1264558256248487200
7006334597314127740
1378734129517841808
7104683691540486962
22722480688236862
6345075850194173384
1054085888076995460
5023109038398418500
8429645050838143104
-5949404630294034926
243065401126789500
-7572401592042764766
33101577678624
1542616428715475960
728086717216300
1357477269761540
101543698313973630
667449423018778414
3218919628142429954
1100039403860915700
8594562069882210114
33996281150012822
23426728014156300
29906410508794
4973305524293750
6000072926149848908
2582550426455153516
3724085653178691708
11664724415246364
629578909750206850
8739134090458267874
8349400205205135230
-650209017644424646
8712796085565639540
387445153687546942
-3344912626127023376
7720840409217426414
551733787219000232
478504520052341930
4432023189907173212
48739782
97433970364082
12115571558782034
3118868267003862100
12673696445772670
350743792067655000
1871478288257703294
4025514218270116300
1704626654177355650
65582314060519394
17752686652096550
3401962493249101600
1951589138591083992
1187662031983800850
38154162990703410
1524129335372388360
-2963115164945342332
-6773591510826809804
6274958753223174350
1798131023851540
283168191838401752
1257163225053564698
7516943127926232
180139948924701640
11888545172309624
-9032417233861686016
177973407083531164
269399770752690930
1438163386123494650
1166977823297157044
3270673103862321458
-7931543932324441522
758560528218204100
42455936159807450
3722087351788171674
2705391946898210570
31230006547432
648694613126903140
508086430397698894
2744469189404392100
1440272611369284
56371804486690000
554674473751112
38185058351211380
1973538484256317850
44534248292216480
-5707486607146683956
7700974191766841750
2066273709035107532
1178631515609510314
21911721955557350
1395766310633642640
1595021631652112092
1588507090823472
147208283622947250
1120337087946870176
-7751781148858515616
162226647012061394
101994946241052852
422202623251154200
16364211560904130
391103736660452750
-7275357484373336976
1068676335829868530
12468861935876080
-8424043801675930002
2880425961740358850
380378309789693800
114176640034925050
425444387842393782
8355552462028734340
1550783851072
16458537418451132
477270704027597550
52688503896340
757053106158232
67016809292364820
24556746240602
832589821426341680
2784546600917988480
802296164746398050
26082052019318814
7269179259733396044
1196744342180487100
85124010640826850
69042138834195450
2165909856750332022
64165339573084842
2644776833205568100
3021782536851483262
-7593810098173804066
3528024246186536250
93115256165709120
1574429838320828280
701886116760920
66746256447583850
131725568491714274
7877163299649802
11254367842936750
881905701060014512
-3042551131192032714
4479202475685397590
599291361201511902
206256350491846712
744074484242600
1021894835074604310
438550281087155132
-5292387794308994136
4903843461429554950
3540243165901393680
783518962253944
875187807073860068
-4871022314398130434
189826298976767880
60016572976346140
-5050412492754610074
3300533146453680
76247178466100250
8903949408906729254
4842290778486914
4105409815101864192
32766986084195454
4544548601970253800
781008747086750
6761928022142262750
668044052332984600
14516478929600102
3556445386066300
-943648486726407464
32904972727826164
1250855231983450080
-323259218294078264
5443858383142697100
5589378018245594962
95951338094000
9341033335428872
550646674352532850
77107351653204250
109302432141066060
1754127068099438474
4984507130191419614
2163196417727922850
6621267036099173112
1553291255093302750
7029222462858050
-6552307470918109462
1000734212394620
4203005202376718192
8764164901722675614
-2963813304453683516
3995829487317403896
136824037248208800
1175801133343407580
78318499036604192
7603036579839198850
-4037073155238120222
717683423840294384
-5991561311379415606
206639864407543204
4108764399829466300
6047271853390369420
100454044526930404
-6728337559545230084
11282208585755800
1173647585719307648
7139388332858846554
75626133218132354
211981576012496780
539413167549859750
-2680544868912350456
-6544858466697459756
3989792705680894970
-8837189331540820706
1251384272768502950
6941848221323561000
6244871004640161300
854316030414679630
3905130572453830174
19195390929187550
199177144667558750
-5652514035797451146
348101563960643000
-8588280877590638086
8014520226417075050
-3565696502843224766
-8105420931624112502
198272012277601724
224896688895201414
4933341883854918694
329710141424361712
38744390053256000
-542240518041213084
1765500529170
230736293558001630
875330956617866644
8701915033024885840
8014520226417075050
28057239840673472
-5658563662658918936
-3368195944701470366
6488485613213514224
253221687985300650
87906117729218000
2252122229359402240
1082942897914000050
-6814771254890443406
2821360040481845940
556040747406085032
1622747897175290650
-4889357913633082906
291528064360
243592192840994232
107242820991757724
3011793172964283406
21724110511222
5808751504196824222
25586394999168850
2863850048446871904
2573768384705331226
7533655245340872250
1660102229294897962
1653212990
1271665534764430
2406735489802132854
-8914088582891486766
193453141243375090
295087157614525600
-8373565800976240452
-7814589552391720946
1882359289303110
495977506146200520
-6703959260751945516
199924871793678920
43010766421340250
5989257780847210484
209893629186309730
4904138213748801500
3704143752967950824
-7715235615668947784
65567861222610670
784924117610757930
4330619083780232934
29189959317562290
1170623141107464
6141036663427380
1195336062099560486
3038558303682391826
6530430409268066188
32891154487638330
-6479961952204666144
5042644344014894500
556501640172852500
37031703151156532
3612583656722907020
7377081810062459572
-7072313257124824296
136904542198784822
170805352006896250
857818530836577360
946787089099133660
-4964402688639131936
5988506415578149540
115398829519890
298142826008122550
4885594750853039612
18006336699195394
2347152332457769720
218650283944162
-1074924225183851366
-8406902617975430266
3527803236412
838967095882850
2016024120009820860
453783614360992720
2516752140554464966
2110557199805288872
848765989294172950
2457424176051684532
7864762078340586874
9060337139719479810
1691587678057200504
55336743069944
94743106311634
355290645437990704
4822416162747996464
1233909594076781490
-3146605997207680064
47757066347625600
115429103538739774
1650601886273510
16130264508540
10133688866934710
6450169185861301230
1229099766445279512
7310845057946348384
36327041716469350
274791109238789570
554200038569500600
4111166019764050
594837550711140
1704493223957565650
3164882065580873600
5879503356104
3627606929769275180
1744196146796105380
-1281014102800624446
-513418098608006846
-4509423936204748276
59464436435404
90652388018074610
2866609243960
-5389114367246653682
33223995679311682
-3701441917538852226
7471214834485922584
1970982833366952844
-7833535792455842936
628578126031100
246990232366389204
387157164284352
3451521634023494850
-8487877118251750686
-2860933166509333624
-3320916349002678186
1705106811878988656
118169829870
5181583672935235284
5271233080280700
1842420495086158244
78809591951616680
3047901083021890460
631477557664499000
13451125670389570
2166229252613840920
-3132762564188112434
160496012135207100
1302631491468006704
467553425051000
2925380355754483484
14360010295430100
-4170233947485676996
244119840371978090
6988633136720632012
-8854263946012371496
369790170831627000
7426450382137468500
7376281108342352250
3785839136899682
871855634674154810
7512933752678691260
-3915635160916521506
-3048809347064505306
1531276542949255086
-4912724636291675912
-2799100238149515316
5673408085084889730
3613286828417601192
2120755825850287432
6007017439600912462
-8597235070322568616
150898615328212752
1048977617229136490
23733506784060472
-1044461106283271866
811280662302671082
3623408906000
4860201003845807318
-7428146473355442396
6003243199742285004
5219183680274379530
11747485555570902
-5022833900814448812
6970779707464664
6188528914284516100
3579417425141847212
7768592905686621134
1233072090025213750
30761947360028220
1606605154888000150
-1463575344881325516
31678656210448174
6666052266875209390
1057775215479360
32711913121017130
8227783895730
1377025002838024430
1618474472234241634
3223920740543262944
384379606059388262
41815438139809152
4274742903248090
6832715041745266520
4687062923968317904
7705109821855085990
1950260313326291400
5824831972246421750
1721904947705089470
2239815056225249190
6020413177178885654
204455541855894364
1849437197284600
-7098327865280007372
6190634836011370074
2271448089671462
340862507825610050
2888939042579655520
238942895746990374
-1055127751495252512
-7405409910610357816
2268114640152994644
1179846099555979640
-7863482206208017482
-4143939062795163336
679752416741068944
17407233450084030
-7209078682503607516
206859255201111240
2162717840333619492
7792343469642229680
2776650142426726720
4325956686860681714
5545936727362909570
-1252332908510429342
5126229625355479074
-172734488785626056
3652491971936780
6470828654629289104
59175087225690044
2335079354861196174
70670652904535292
-3826227757842064316
664213274703326304
54431316528498000
987785445163595540
2550947948877422078
3557588291730468730
1000161642642665902
6650481319072464524
6198328000971295266
778087791449430
21271921093938620
1368899020639304
184932294814960
3580047432935181374
8227783895730
2555624822579620
2178713269342220142
1869459792365950
-6781497456384423516
173266237875575922
5268933553102290244
345433989357103990
37784879133074474
677900914691000
4149700053279254370
243778323610623200
946615403171230984
163519313696544
3380066739450192
3805468994338668034
3188719205719062600
1210310532443298594
-1639479962992600666
501604634720721350
5596977545889444
-7954505677130781004
1155974979912550
2507114725125307428
676010469964896500
-8247557598666878536
-5124163483615460256
5489819678667973364
-3141761863718334396
34052967686131850
500007218458226350
6957842076018750
-4920296542057429206
125050534576812180
4629491575280842400
3750450486489862290
77908812909747754
887555206244928088
-4076062542951538064
-8843533989859264866
6932290222379271750
-4515229629751806016
3082087077099723420
36670607480335180
-6464416503904626646
230230499719223172
4049716787153583000
2367136273320
28575856599599934
1784890438673524
943186585423481364
1994471289772393800
1862620953806624130
376709300632514850
-1562876937016156994
-9209973141033372806
61924393452224
5370595574578525720
5671106855326720962
49988097807993800
344709137472261874
8990476121230288960
243964561027903870
56776447247409470
6899845457740260
1837931163025661300
675643539844
-813169504814916734
7877163299649802
6915492120726796464
102836966324642550
9728538334980830
1141244737796458152
22136715769356500
271277630016160350
1938625280500580980
3844119547625968130
4948561564628345454
2182565338164660194
2934594434177932442
182111733733930
827561944299440
780755548233673062
4070951371409195350
8458000009751292000
2892309878689723800
178783556813042220
307489271923801654
244275193828780360
16567177016922
3672953564231874984
1750721305738656524
256139654187661860
122425189979120
2108365396008301760
-8659248819452234866
91989631343003570
2161282584595859400
89198317094304860
-7814062906112531266
1664947551173498200
19473644877696100
-4564084864903866
854713500704409500
5291518552352509822
8854262162676618380
2439566769710490750
412174164705999892
3791788963182273634
7487303269859270
4788336685824510
1836237515466400690
1170658896364009382
969404128130750
5967305813153637964
1981891732639414334
2410614545684
-5474305180456133364
751821942505809882
6353690804497500
5767031527294294972
61009613576985500
397469152247712788
1543978735492289250
2972073480542285680
9083722138220
7806454006052982
9386803931844080
2585003696771596100
5387022743287351894
4543486424
3207542646940881900
3203099676158760
6767555640741615350
132058348709820040
416423446998932450
-3699422720009506154
5383544626919031300
712397689952006850
-1568836047477397886
1351844963628823314
-8437640274687945036
5656329946805434932
4665162681048239150
1286457571108350522
31357509402607830
-1783053221203035266
207106278609874980
8683350149246036880
11744294315786564
13714461291386020
16557398554637824
1166637586297368922
-5809707817975035536
4354400227864067304
4883243793899763320
2681097407486940804
2139681112852295012
2482093746467176842
3222360128233299482
3732880074077770
645339289286218142
-5741227712265790824
131120353580283600
6465387147807996584
516045292094370920
56175456249846714
-8295457069171878116
2980345611691800
-5649488417595416676
-4541654840070535476
7596486223492617130
1497316128095394530
1076217104191833450
7993239313862380050
3758610748339552
49921940573924510
1748528028913348654
1914637826144438850
1450536724687106620
1738907899929951570
1024624790259967780
19482649060050
269165725727703534
3551336721169927624
-3375723015641084306
53859064801512980
754714732584548542
34017530300752350
681226709268787570
47766204415605594
937293777890646022
939084497624
2129887302969762000
912494204187775790
837903729665716134
3097929722676047350
-6329634901478370454
34516177840588250
3944227941475316228
6631240815533821410
4097933913134852070
2681509510834396922
1209592037733710
5552080853526968852
1539770882405123524
7523795573697550
5762906233000
6433532735392739900
2125475329850721002
2800002805558501400
1769857619771388994
2019135716257940264
5322807563511792184
3958574985861491100
1467277737796221030
888026386722778562
26615353799034
91334032987444940
4456388947954225304
5386706481268525350
282925230819016500
5340995683085879100
-2135058413246360866
114387604778370092
5486378542349151330
562228932247968650
1852090495660035050
352213636429387854
5708671272842608004
51402306063110730
384554288494327224
142545739277238220
74625035947712250
66687549177306750
13254379644901950
4686493113036245700
453495142493250
-1580749535947689046
1383060872568770252
1907078739473817520
335153038750952954
5040646954736250
3578951932232920100
1126991845254520322
8522060175146721240
5001888969972898234
91795565707156500
2134306141169472270
6016289027976905260
-7819328488573982816
-8279679122185063672
3507204782848342
379745232790
8643889547461350
2230168916676093250
4618264488673403734
-9056909726468941626
1383060872568770252
-6823219333963273816
11579243791758330
-6355753833829525984
745128352907267450
-8871315796262171386
317734560369348500
252424432934495550
934315250151022432
-7748077891617505016
442419125563261652
2808337054820849882
1171146225499430164
6250526296356820284
816116603680
146042646864450050
-3671806231140316096
3519742660200576420
5134461877663775580
145430832934849424
2834819059727947670
2535582184021678792
173170176205695400
837982064659151062
2527325036335098934
1566399476721360600
2039887680246567550
-9094276355599095872
5927111852083104670
15635226214834
5925752913016466600
703973816133898310
21486955654655764
940194018499838634
480204921206466922
755366759129802274
223643284897256820
107541394865520
-6312780293048817142
2369108600134518242
3285973925595200824
1156230662788916750
-1437370703675296566
4255232068017730100
-6160296378336209944
1344906006727068240
9201752357153554660
112256366268588850
55579249140860060
1645239870592600100
156964766309728850
51431279163906664
154547637565152260
-2432823990945425082
1809158485791789000
13467371284290
2497162033333231432
1212066039628991450
-8406902617975430266
6293418895832852392
508786539673358480
4935457390437035344
66502810682
34753146569547190
2269106650526508212
468903368250879144
-290239598255289006
138777152112
8467319548546480384
3311467666470223572
141676250152309334
1251595936063958654
1657356890726403174
656422365677753570
1105363103958069644
41807167953949314
1135035594983295240
311124738071771100
851826860403660
-8668649207664323872
1772191950316911400
-1811067729967566534
1052191865748923884
1735659576848267350
1146785330967384420
4979734853044873350
2604019679778655840
5455960307454294374
4251523352902626724
271176782273199464
1227430083658642864
1264131672634149330
479689170349502932
8592766349265636332
1848639653668852
3298970265997443800
4940950795713772698
5466526241028281394
2543859548200696720
5253757222008260
3027731767186990424
-5237937165169153972
4883243793899763320
3445763246442039984
3667131644566670
1608265079672780984
833135671157656750
802965528568372
497353340356768350
52965616759860
1032302439077000
1194004466899412
2947047827786321030
1392183228210601976
-4163006471564804866
-8258273217562390766
2354624066627557102
509865043360865010
652342445454714
418002118522528540
1721904947705089470
5636311234927325314
424988942484265234
5495361799724841564
3279309591331150850
329515597304097842
1368651793826839454
50215421909025580
8304679107508523482
2394866481577882
-1277242312954094776
2109774216656302352
1245363146190718282
348831758061325280
2646075550921045562
5559849150411285664
-7797727164975136482
745277956691704854
640458789481220644
312842254187817550
2267257424331188728
739334957511580430
313478784471150012
15942746365190750
8885522407183676034
5674255812842269274
3919380443684378804
8673852818349567002
-6176136861796024366
1099943334046555700
3113204432359418170
4825618700954248442
24505324728513330
813439785609781468
597587367649179180
-7054575608802033016
34919026678783494
1759723272360573342
5356410104653663990
74663354868844504
1554106712001524184
5242385974573927830
79343097380644540
83098475601263850
3841664620382852540
-8777493844613506266
-95931971900947016
1200638009309309662
85279168354990324
865736392366300
3144768035565748020
86029721533558530
2532348720416235760
23154771457747930
462901186555311212
22347924455106250
6355127653926472850
5479648330496748452
100002741129564
-8166664047762500294
-7056239394016817174
169667529374994354
539694708220874850
3376492779858547514
7039518809857773030
870259462969600
249222673233663402
62751790445285592
1404400484363839690
5692759096023090
378831727122160
280745610725382972
6736834164444848200
2806785089965235390
7842941805022888460
4667391261118460
4907971203177136710
8848295343886727850
7527556244819857250
9384388860
-1626854742140312092
59196552588705690
58448731701836410
217426188205083312
15043447376226634
7265220398188729914
248718272439278994
104643039648602
168464831555088250
5108579003826137140
162358387027452
9271355267864754
294940745343690584
2173425003122368450
4756394490252519730
825595619936510570
171925005841310414
-2322993325060252056
1702759343825781850
216345994163265750
2489353439767553450
3585472966018455110
2020857035804953148
3216367173142600
376537297891584844
1398870013365548850
2089959383945175050
8282822735487725282
134484933888741744
9114686010807832
7496413872980340
8976552542017269840
1947162360059812322
55336743069944
5693491314415576100
494499032930018754
2063063293157970934
-2874960509410936354
-2010562671180041566
-1421633370120354392
979657415145915674
842057752938532
4446247194109225610
258368932414810490
267531677700921062
-5510949099382664954
3288473604579269152
4615674872494663450
4037219769683108624
4189892982138035992
165428051336406300
315921537965977372
4860073625550402000
2197378940311717800
-1108387443076220972
36401523687892090
1277083662616011250
2175298124763192
2579719783252596154
4224129095439500
2684509582366790530
-4185993465171791016
-7413534146972217516
8110380783926313530
282474432334015922
-792379434872867786
490659983828910770
98034401862997600
270438091052479000
1752083014996146354
4139307811252449110
-8473327947901153716
132961974481390670
-7366894295977525892
-4920296542057429206
111339839628684892
340663048611943750
2251043560627750
3866992532479186186
459148020668894662
1055016665309125050
6991324671083186280
104948332259283370
1527813388608286780
-153754292209583004
7093402816249340140
304435253745437430
355455316878249350
2058884569090606180
2624062295044571980
1144408326570428920
6413715617139676174
6189230828484743312
18788153023622294
1555657099468834180
137873375200548750
343302969490760444
-8801013681246913954
837982064659151062
8813472731163605120
7599760872366762022
21311804766658784
5791034689897840000
2143046051377014
142691042302952850
1043162336360634
661009198850
-2076175239111104266
4265310811924830630
5615898091531317084
8391214430871309310
8223591643489363694
694263309683436614
747714094933633100
553625755416811000
126751931540196690
-7196996378091360744
-8439653389856500366
399261750550345950
1097064164482070380
59101864803800
5166250430480959276
419165766829449640
2554325091048094884
4664027107067941300
750667158072156754
695420509491509060
633316996214451980
3758610748339552
2904827528539995240
-7649857036297103616
-5894620005527316712
-6947155134670221396
-5175856451239470922
6811194597016496764
789109357205462350
1741211552548373514
1010939350932934682
-790838698727394452
1856496454197131104
6217623981492
73356156381765600
-382110782252371314
-489242805470123266
5290270445378683800
5509822283751470874
443050222322200350
5516580267429760312
2296514687676429222
4059532553540049728
2420591613348002094
13567067631560
748577502577278402
5335327146114545124
