15538156573525511510
110052472399177842
24453701233974585300
7243080647734037750
8090625345288749200
15575990772555359930
247774585026703904
377828755263475334
106207358565982520
1165232578377306560
12239173781730
2551560682637750
172259581241835850
31557938493780400
196365447759506480
5192365602959877342
3032867460862986124
385341096354626790
415035009981592
1877639803625235650
216260887450625264
3277130509399335050
18829656116145500340
195312205207848820
800780796484481120
21348173244256288320
248359740738410
14909428019343754
13450903097898496230
139421378160
824976052960537550
2254096073673893414
6818362421743262000
24014091674850733500
378734750045685642
23480332487894100
5008419987905458454
2518551579178454012
42986692025050
18760933956676500
77656655768302
290530072938055392
23480332487894100
20389245898371350
23923366660455262
3327304570298616600
4096645997190554500
50167998914543510
1355998726410555990
16974191254432879350
1739585207388145040
3681033006594812180
19440076065953258520
2223321181902631640
1712646814038977740
327962341994243182
3402634688695753910
5524633589563321662
187598319900854044
13736474057297153800
307710931290255042
12633439724703053412
6931143926136987662
82477275919307250
1737824619407910814
440965321742412082
6985889800450
131159336645731312
195259654544430672
35238016383675000
20593551003657879382
4680181729709864
75677741572963600
22916631442367534652
1343119652857419880
12165977707067796964
117605254455352710
18857969356061824080
17151471087690940
6869454737567807000
53490026131343894
518117806173884774
277996017462815652
2089648460018642380
658316016077579442
16597397959000397000
126961064340486180
29510503178800
9857965580861966282
42005991292762550
2563191806176795600
112117661342436022
79677910881197640
235598129397252594
68477666461444254
3885290987292926134
20876005500597563932
382940745724331370
1264344950948146914
58469999158616500
11667505049000422622
396036962757535554
18448548683189125690
10940910171076506940
2560837166208700302
4182040390911378072
5200061339447615942
853203851085673850
3675569037578294164
941390189415782750
12646030942895813290
8138788709306778600
1618609376131280
104701168951310960
3487675016748611810
298431635162430770
599037386530
135840730296589850
8308617843501671404
2496168841125050
247554778252094580
287111971069831600
2760524495639014230
1417722169732
17653594308579609730
2584456708945819072
398229477451450750
23223565780507696450
4430930451154924990
393231333128233110
1253078331057616750
681025528299187500
1656703740871498984
2271422606859552454
15162219369357424252
3810833173255109390
121680754791423062
745702381760955542
10567001851276619100
15375004248242215850
3299846120606222350
134284062897210
7493065160605706500
926519829229653750
26291660328718092
1388544423723141300
688837041050748174
2570265469531889000
323105461479391474
1988473579344625100
12312882576596613102
79771848252874124
626612973498013110
2289348197342885140
1500314002110
40889422073500
9119964085850930
41118579502350
3682221631602914050
21792197828103549000
393363300
15744272401431936642
24928244027111304972
21370389709201518920
1852800603132589000
93947256267415740
1060894744374283434
1426569760684864250
4899718323889706100
398812689882066110
22668450532448241994
641291642594301230
595159397851362520
23344918887772209154
1149960427881442100
342541425183796762
1220041380699122500
7986013467071591770
19438419973475148872
20626427600380439600
21839146647661616154
2915844884062124
969131144982980014
9141885108465193462
1000877463178778850
364223200053355174
345474292396159850
2401554811187619164
68340898020500
7373879394261941680
205682080874075674
8064055580014918484
21790393617296737752
19321107598518597600
17518947603568730
6378070922888594930
11473917472802273542
43990487435417600
8878159620705005050
71768085748182714
767310205743582
23772440332834488750
15569680279812343190
5976209589350
1348643219438680
5717595373681058420
17948140192614678200
286270930225221284
1502771635708452410
1722442799633274992
3724782113346452
2589200155164465220
11808739247790666454
14882731972562630
1700627153856964930
1719025747735100
2180157197109718974
100597757487222100
6731599506154209990
4934891052460422
5424757469854791250
447242194073390114
10239573338133320000
1004261617588100
279299543653897600
759724406021249004
53699246963019372
8088909188334531330
4215621864545088600
142815676143677174
723341027987790
321451541103862
667053224070350000
112464664916380352
2556313572524619702
66805002470806600
11113021057996551122
434754752505681960
2791687120119833544
15307750802664057290
16007476977759088822
13003647388154418450
67271569148700
88790257003521634
37190518260547260
73104335014858070
5024609735702329850
5668149160100568570
5146676027473842640
1532982278366649684
1298927444602644032
63055119548100240
172020549035544000
14952330917664054250
15625137887561600860
1263853483163544
664679733249009170
9897834371459458802
737980918921800800
82946303855996000
89096170487870792
612930914226965180
6208556878627526432
5342252754593064310
5871249325238434410
20567623569906560862
5166877000897077200
1707296904054005880
8690138730519554840
21389064936292942200
493076495168526150
22244945421898818502
22944749094829584022
57786603906850
14793145480346118600
15834671645525660
5880403912896240
729276779265650
23936563752377524980
5813103339198428000
139990146676915570
751316560498931350
3449483657071147614
2531810110631057634
3155130629793471422
113983512159711040
511107441295186162
22959755751603867630
42560928343234
112482036212269850
10944138920851704750
24360396279944275720
1142035019299525100
4642490564438866230
10360937284927519290
16938316944022496750
21497801336672319164
794590218600512152
32239785452179550
9149881851575020270
1808305775998814
118903892390678850
3612818035883233100
11985784169686291850
510174393528800
24949205411035818550
36215533143853490
9300913559648861150
12643631890314690720
10745303504473067180
14237960762007052
2722602406746317550
3646923918287721500
134088108820391334
15381950171628191750
10610379500951672
9261913164000830624
8412401244100047062
421547141321295990
16454427835469624
1043887935544769870
16143191121113218624
13237957653044441020
122289995853005050
1651334456081660
6818362421743262000
14791121578895310572
1240099369115631332
7807789623460385350
13161153384963156370
3512622985092074900
852251419118950180
27077019661910750
6770558473236876010
5734284010
620775101672973800
23367869158150790
175559471817212302
3753343926108791764
1068582327722066430
2513905561826589084
1329224949265465630
19187921682090704400
39357243081601480
28976980280600
639946667866660000
1489341602676053170
2631815933589585600
25120403526539770
102107992827191520
13400716239190208110
3428252016388263922
338083916195960
3847312711794644092
62803148021350
290423903371375970
17900611300505522862
24801758898487486500
55476936456099620
56361457555721010
5901324392460730
3209125257863630
1617887722319180
177068335008386140
1411104997323272174
579654581208210
154393369091984192
18913069204231181434
264714765328419322
3722087351788171674
3432310041605731300
469511853403554130
569365601323442
12193968864525551180
263101040494948670
5512396021159555350
12817844093740627530
1689020018308000
1384886914972520260
666697982127100
2306877369838032810
163005393070960000
2671589731500298700
2956458985080722
1122010637471358954
144914770
8388128034234113242
166917904131890940
6952181957907036032
8959402408229906514
13109931125805649564
9667778980484902992
4528423132822315862
3469917247120
1424819285019616290
6075950827990090762
659362540887227450
24968369540741704
4539261385442765454
977897110575949564
967559551789893220
1482960912089030500
791133210007263904
685596585749757830
4156725870386832600
5078253987420411490
18439792153629917952
994207979454250
71372042330944810
4348151020824
2530194796776842622
16831778388633658892
14370681530758013552
2628306209899679274
2594132949566480350
151330011811440
4539359145956492
3901404875846882054
17597428255588385050
4514383721690724
306898765732832350
6588102343904978352
30233286586750
20740936459137679162
137469072014447600
11366123427966890660
1975372519034222
58864494997080122
7328358161556327350
20804467705568205100
760743897307220750
3325982663158998880
3952804804581795292
7385893832030171150
17473264574492789440
4010030919725437490
5088549302253557232
547508823544465930
13959836907635514
9346250806086501580
391324957517425050
12394215589242576100
5715035991391300
4637683405504887522
2634589250064953000
375120521752077500
1322814552262688100
668308459522656590
1107359143080238750
3844365105045287550
3755273815745252920
735248987487910
163763912774338800
436097172894739974
1225331733010424
3458477277120030
3473088730774605250
2729243630110825100
270784647730
2757460925260683070
605836643101968720
931089463712610120
18255044162095066860
122253007165498330
22697269605588857862
275402658765994214
1016270217806297454
108237965850
162386748490326010
1080286718844988932
2933843583908692
4826492397230639850
9877884890190832942
11827552803644645340
131237328853386074
7189916070967082600
91900024392109752
386479727363026350
20072003125842297590
7642838851427948742
3326202953657572730
490345442806016952
746707730243242614
7690642400108690400
23391500021729763000
478350162373607524
81449690746250750
3203685635756471100
3467630686605616454
5575734732340953800
9653565564980426870
22599767565488572342
19561256924020407750
747786017029403534
2886363333103688750
10914568781280552350
1527076044246302060
239585468615498812
289293237664737202
1682980735326056084
3362701018066620840
49086510817054200
774238513264084050
480876018946396500
226595663722170820
5812433667015676960
289681530938634940
185592255626274172
97877792206297510
4593744765140980064
1677041352580414874
535427165615016920
320926113226901490
298178915683813164
1724317573772612
2182083550435008220
5919301143342772850
286761312492481750
3674619403389702482
19623278096390612
18781193322449858650
5246725622988963190
780904139160403260
699790005475334372
418281172875541710
11586407848136537990
4140346156134416232
4822618634657740
49301395851454552
138542424357120590
349156657248025004
142878023672491380
8191496725365442192
71929448286155740
23449586146516198634
66018095925600
6778069926369713840
3115301248662669110
6147570728393387230
489612101876009840
3974412617925367380
38254641512822372
13368170178594443212
7090293216155233000
128835690803460732
389631728858442
4705841513300512
535091335706665500
83472875750326062
32512855403460810
1330000190491357000
141336441496250
479323023973924
134604152975949512
63778514054732400
22017698841775700000
12670441685482
4792795763186693080
19797364616492100
15620171553634340
4476173972352157700
680556279326381530
488074670431964
2845581706281220790
5076136304560507004
15884715299674365600
4356674020482
24150218520820291510
2324001911812637224
1241045615209003604
22313736606188737802
2452337129910295810
105113350734100060
7307266702655837372
7562982053653814062
5125620222942286760
3082295137613099100
2088560499469991684
1139799295358724
26373514902879214
4105667787127696090
1218277215678971140
2042178673291826850
674677811847284350
284246043556526170
53014103154921790
28334184194795402
14400412028905820282
3511475662751339430
4361144473033818254
9206478768697717850
166917904131890940
14885114024939700724
17390094197273560
11134319588980704
14762135139534272490
11779707910404491750
23707988822163475544
60965706305440314
776233702507638804
34394577055667490
18361916960221942800
349240090784
19753306413945853100
582891633101369750
8682897718622451632
6464661872953360090
8130603033112479374
11733709379067525980
2123271915473166640
15290845589934250
17267250
1655267490741796750
12511018753371365242
4719914541366890574
2495918529979224350
2246372587359975250
3758677650
1440984571571163502
21624884896274742460
1276439080074053240
17906650610590
19096245951099100984
6440038813396933424
1524742881068985680
33257985912550
10969994652416155510
964989205436144
986191213429661750
2106488066164884754
2249492453792463880
751172212449970740
1990721133260468800
2300688978810263822
93734947596320380
299661415597748512
37077026891228500
8369187415376741360
44664454730258440
7895049891394899310
642767141483927482
16083485955336956940
21248856039652709624
23787636722830162
6085995198716867924
3289565836471336422
2574989372106478250
41419850960688200
4741144960517846500
925169099523183790
243747294410697952
6468651639888911300
3013795676350389450
440239764906789722
24022825336203194592
994448891934472590
1002668695556605000
18938387694289210
108556232241104830
11502381909138190140
43639296229318860
397154458361167754
4345779011754002680
1364673725752790600
15637794493824706294
377139565296197550
11692935008159033552
514902626319923842
3149206016737498300
12411949863887824250
10206845661939335840
613922857917378100
5419672393227081290
12887665614059125890
4489511500013500
18388906884860228640
417397979774848800
29890990616061030
549960904987172184
78473761444040
6647148239568617792
11970235357608876440
234450866695402280
32540257483708780
589242140968560794
14527703975100750
6138845408204713880
23542175308987441990
45048041077257922
3817179966536658890
364181267438315250
1164408956483850
9007670836129561750
23620134659988594
593887679406797490
16738322474432326244
192411643926570030
2116828913382438332
14215514668439338034
1972793944749127500
13118560523991139100
18899282937530315630
6914846669218800
2883393501234345750
76702429536777240
7084077083242893440
2248271813900112
21014040024794454
922219527547997800
900942124512291180
416336943470462
9412404130336882994
17631198606041300
838530563417058330
167081465128879224
794740779866251400
206256350491846712
455165173753094
4860951996202023670
12535431458209652850
16601811320992088464
12082293319815609772
100007922108554350
365412843230292
2200286050994809974
465365650869159084
22373784618453800
45267085559795022
16346560182665995702
133257635228916730
221960955157661300
24543328652347014510
227095458269390764
9601258513515498564
3627136744470025474
4763600419409139330
4634857409437325532
22145252614198405510
8450297560462940
11793363040091025250
1980547461256586222
34489020947654
20986288775018656180
61075518947194444
79276261507339820
10281620619318648600
12430887393094495402
19061975627128924
1794830149056964462
68005373408350
17343026509686970
19925129841268404
212709020823112550
2034397161658706740
152202118918068542
4433116130762181874
4937234648268877812
32835925043951134
14241069563602481250
8594562069882210114
986899522437072050
3030401513211038670
7418004112477940870
85321520882370080
1370895589375434500
19273344333879389572
417380693700124
15998173703229077360
10921552672484753950
39802770889904
19450843246580150482
8123592724551500
161405137188303800
219943217807512500
1687530117425460
3043591902170820
1802888021134442550
3737691134228037294
363289955478450
197449436393438350
43870331068432974
22973831176613603090
9861947030433758750
23590966043974707840
8913635050246050852
11082292530506890
11477821224869297610
51392651083664982
1201490666334750
16376491882584002
8931643631841059584
291061357474662152
15289070089429603544
1397145095758962550
32751676612092
15204874022787155590
1001741092702350
4705841513300512
10535584085711630050
679216904122929900
23566082869620380590
34466067946613130
796322965301987550
80121485876356232
12780319103777596294
278475731915410484
904172219825735140
4520376509924815540
4011878079251420
10506324095200493910
160055089464270
7915070753217810
671162358202802
1867266831122
14212895599572556392
343343085912989492
12922378341533237500
399216827426503202
16793903978126915094
581877951970316190
18645995112459603350
20635215264510
7968182378482405184
4773702471790940220
123574305729210
7375080177977980052
1339997816280682750
6246284467649199050
10411649893318739142
7165989799856663580
2406562665596237250
43426189846161760
2360069249053539870
1785003007336207274
7897577818478810280
492550409002111460
650895541711589980
17679799683566696572
390128061781990
54129565998442550
48612532830746500
6758178226777577600
2075538082243763722
462361996250
16410136600
80873911820
14667385402190664880
469765563590195600
3441340772970168600
125596880196682752
2223158333044185992
19481512780530200470
2664055893381240
87401815448419250
19293097690047380304
2588469969555315650
1076406133223610904
20378236361520669632
14171039696146751880
21181659859624514250
4685353647036772550
33643592074894872
23656138280681122022
12192218003505256024
15368754928732913414
46705915703649510
21635650109877509750
3950047383670928164
1347253299630780850
166218288192007370
22996365316485773542
13793490582407250
21610489684700
30233286586750
24053897648883603760
8875399755808542110
974295903490274600
350746213963380
123739113598334850
461347099251751444
4522040447927604960
19066032531399758800
94845950860824332
881116491880
4706467432002011130
722507738515162600
149145287873274
907078411196598130
244664542928932
439032493666912622
12952275117458353460
16281216255259500892
24913279698713360812
2518216201542132
19181556967647382
908742234201992360
106257288242592942
13996771362448176250
355002608100027980
191689527657434
714689211823867280
20699875027390262
2509444302174270384
487051884714134040
10909198836900523250
104240965800167350
15742151667152632220
15622326352057802490
4047164022387152100
48751580190291510
197900208785842822
6754804744581958064
24878389133387227022
7848812021726431470
103520856629498924
1566149023948255670
44542919853498080
2523741269494154424
20345845729243160
1539400014633214710
3126221772775486000
11363908893076064290
809752581396699452
3708444286797338090
304581911365383652
274485716691618380
814803455415504660
154989041691497090
6457050170509147860
2884185232207416020
6384534895304475512
19273344333879389572
8396066203465071250
56092936944589510
11077134117195823534
246645707784253250
19229776076425987100
633316996214451980
554717275301191030
12040035266464942620
276867714320276860
195732992472456300
5033921565686310234
45039295865945304
16060511388116518204
181255452771672370
3607664328128600740
12555106644806558294
990713222537962924
3824513036926994010
1186949892588339020
7645717213252687310
13735197717506103930
4890299211273414820
2896080773627558710
278441446023090350
5879503356104
18347640210483240294
9620787607759629184
1506295297770814980
3133588274174653750
120249780633499440
830953881466573552
12281752620865507780
416076312073934
281954949877452762
1355773954284894144
422155777779258952
1310501501146583900
23065008562382955350
6586999004257755230
19477366130929042050
11482283875454518302
6621267036099173112
8106664380236730
5954828415104452
7506441709983806100
3093754697881524600
1042226251311772100
21021274896622
10998596880519121524
11557226902305482244
7986438381215391370
7337924015056750570
315996925280794520
8096634045186849162
27017366079900350
82849576168436532
108979739108029680
5401585856763562972
23534528732833186250
5682620008299763452
684317069190338950
902349048884724534
613674759204122994
4049716787153583000
292446107498214684
3675806474882173702
948930058923900
5393350908662662204
3241980452745891740
9303465758241760
29225049236812
10507368044161056874
6721728199699370
96693682479690912
8633238184625823692
11589216617526071260
193062085548847130
371064240345361420
300715196229760
152922730686902
3281925923903150832
992490797652859934
5273131354338643380
3395022303963828720
384292287162171850
15634981250414543472
14789097885124329550
6656873715842350
976795975758100
3459455685551684000
231123639043152592
48473783122602140
224663099537849610
3926792261763777120
32396589589747902
185819978745885484
8871720936927369794
345232527053980020
314627569190
1398064853175679570
2334444364991470
1003027230347476670
5296200920499244182
2210647223518864
3071074934547509604
659755309194178120
681562109931789240
1619792170525395854
13627150510974
1274936003065018800
1975177212976693124
19624561124675120504
18926051402700815122
996320683360895620
246395370931443342
224721479809982500
6393520784119045612
306861887357592490
285117517757728020
173386371158327992
2628860143284404680
17453398427966185192
747642178026090440
45065152932360
9369699969241239782
2433833661801542
82849576168436532
11527541540175407670
7830792545788050850
2638290414162662550
424691017564153054
797303596561216990
765417501491439470
18532290790000142610
1253096284742610
19241277486388317360
1556021790841644
3123488954407443822
5469955679714884
20959115158859861412
10563147438326784
20120324989992682
4512894470804903794
20975766823340426994
8265804736713192370
3997373037005648790
9634475689067296510
2768194589847733090
14807993771441927672
3478325400098394300
12077077420306678780
14553921063777942
8633558244700
19525507984108412092
3271687555777356300
20538268749646594870
9738588543294114504
49170512432699190
4045377805270351200
345554909054348312
3903391582123127290
7790023901282350
142524990764710422
7739084851146726000
45144322478010910
4843115179207166932
6921978673192946610
23329723799729119850
8690591444086655240
86813824518428350
837645136330492
10352675300896522930
3025474129461633850
449251130397976362
7796515843764672220
16248617853978876562
4006483686815481300
99944311848052980
4266638294077567100
102485173200
887208460113138122
14563754967529607910
18417516871602116730
3787224572045861934
8648961818374462
1325574804545329100
283272365877847500
17297354237756960822
210448899974391260
15151311741757360
304288649094116960
468700671360520522
414618128970363850
1686287201436572284
1009317167998439300
7497522022296987004
5201590296540640
16994395579025529000
16940497579904990
74022673827102
79409975505809810
298881158107420
12871247174865391494
17323162069361074234
7560942707817682442
6752556458201207250
4949392093267742120
223678697206430
549903786467712600
16651890960869046710
16211732203262233484
875330956617866644
130750447716242874
170924203432652670
53261581626142890
29215233147868660
185440556538259814
1797050306884047670
6901770941934190350
4118323316780132642
802675342623727720
7768176714344749850
86756618817993800
21024024944976082684
302059482221444420
49151836096984544
13722439210969431800
850935264725462
906247356990833740
22568262910137844900
1393126491855775600
314491740184860060
1008866908298252430
39468007268616542
2080181933951567642
5788697766768565532
20886489900251783570
322492597557652250
1298383398825777112
13264864552175404
5878337080147642390
812964048149218960
5115877171776497592
15359037551919377442
24937225859367445584
5303699172289782674
1262319896217124122
287357623352996532
7796933173312916320
22775498112819922864
133615868832292
1504714959712086850
600650252422500
131003456521958020
6740949251506703090
11272290712142441580
8593664174395980680
2395693491349917462
17765740364261604
1175902130556035680
458449965389007200
3365144854835380050
105493631707986984
3121991269755050
2665054039776842910
12789995073794422302
9164948775339502334
2747331058595168500
13773526621529403920
17171765132998907134
1269257980420500
8823542371566276354
92303771790423600
2401651716995850
579735698009195352
6938406203851854494
2235050082720
1654745449571624564
19865846026077202760
1029215245694640
636689108699263802
17459509283210507500
7165206344377516232
68657439714880874
547622691677291300
930072531870075482
4341742226517961370
60133480819412
14972063752635769780
840256169740765024
5314961475020739872
430861271117082
6477726159970816300
729260238376774104
328815951239654060
8897496701350013862
3654719558658417040
874036602145041500
113073858608705542
6038308996986486220
4681782384667052
66417994389038072
741977115851434100
4359794997693129514
9817721265407243384
219294299943524
557778034814
10266222475249112750
176824314623078500
15269024669496730622
15455721738202695664
2249656747259043980
316789306929249000
22503504112124205170
57708018621694480
1285917447438949252
4549283183284764912
893603429489694
682031878909892000
85363889183067702
22008608992287922160
17541396331267174102
6766805088713612320
346846695411896680
1346805959517116904
3352274160658405712
140646337350994434
177801911722348760
4243319825626844600
2856768029772210750
144914770
1365464420759489932
1141464721454530
33503287621911342
9323322900113331300
18443772007819952222
10289326183698378800
24907295854186615094
17416766975859605040
1732956119180704600
21399741988587796834
7240711536466448040
13724990200903380322
1447701521358863120
1115880199438530810
6682393998315725872
1347700751172836340
78331741561436090
54987800466333100
35493314833452350
87014267280377360
99753663124400342
5412051482456254350
2767258009985144
68741454927470350
21801220562786477890
3437274741413804382
286726264309519650
679685460352468850
12243069580884812670
82051369000891840
4684783991963054980
8550200626927721652
10115219614552404170
1918717399248967240
787014650858293264
120414245579016180
171233507421179632
15032745106701634690
4333358505375900
2754973652487329000
16863761461007562500
14099966745407385990
340423813118657240
1428406597069830
9388395102232063344
503205875482432500
6236748247092664952
17638962822912804100
1587795526937904
56963938394560652
342859498744
199524042370265760
13569397039342574892
8600849308559345600
684788261476056544
636476418712
875710515884582
17131058655088261492
21577386582976540100
269600502226336400
193427052397393192
48788709810458632
7922890491276569270
7008645960114092910
78543850435808450
9353054470652
672416816209580264
2637057885904
229339951442085302
2527277542140954
186069643761652
76208251467606764
552593170605661042
55191212352330250
4434482591075910464
1720426504389223932
23369626735427390572
216573068204736842
8949596058755170
11281097170925521940
3090626199720278800
5179455999017146000
62483084505800140
520470541368649040
227301496151122320
284176412030856954
484501721373269600
21399741988587796834
1506178691703840
2293012675040194844
4936345959364655990
11378309155979745100
2349697513825476780
18389701156330197540
3117608969769945200
23755506118764
1103983687648651000
272861253272187364
15955288051681907670
274045043604539194
4321064316430755922
2482801309347280684
8503338502806401032
21194026111288353470
5216404589698948100
18501153370729552250
6397477578710240750
18345261561846277520
4029837213535995862
1864639615246982
9328096064579141850
627432288141954904
22920378968764649554
188185408408703720
6281699090298828200
7183242080978199810
18445558596427600
127590015706741172
573226560111629312
1662065272539088872
3408464556157834910
108979739108029680
1164029296277393854
12509828802572547600
212765055557679002
758278496497550
6768040615822354
355084886604567464
600998996304525000
2869367382118637470
2858930584758157204
99896624070006374
173218202046296750
26432099366016344
207766089350605832
17215145656827300
42188868218391882
10902757519504428760
19349147994720789830
82670163509074570
5627355243972
347453465457391440
278956066952631250
102528703064114600
456459907205093740
5167221570
614295147027824724
195706673367227880
6317976929752760454
252743108699997790
1049927928714700
237418163038665224
4335826696162221442
2243255967307503850
2001836963699645930
11871538519617976934
3522271596234929500
19860796679929055340
33608474727624602
674525325340244
116852645362194214
58353099934321570
28501331852598500
13004872396984665250
1206908227661125000
65672228615676760
220403197040254124
23854396179806732540
126656956634609020
890073677489521162
6447273575074300434
1794552774043642600
20568398712142100
13539069140393508740
609969620882622
210421110298486360
2579901852202778222
7286617474559991750
19082359654008180530
16487326057564100
2530733148820499350
15810830687533362404
24355492900799883650
1786444347018080
15840637607333241430
1878500757964361350
9045865935573489542
740762273362103160
768569651252973752
835321754484594820
6375199622309353334
703424053604044850
75600338941353800
17402947449696782
9009951082300
775198679201552762
298271680460754
4349818611271904940
909754257850
344507992333886934
6795519287005460
1627769024110023260
3666791940855081390
1566274246580281770
11045127008457809372
3278437828194822904
2228023805834750
18441082243438320
29095328473318030
1247051088515249490
257365580052890422
241921808342123910
23207908670785720
10655872979786493200
11364462496458181600
7304593854002300
213370445600
3651410792499762930
19288981155939181064
4277801381245719250
420892422929000050
1888855321047533722
4009524028010728942
97674480260437500
64085555573456250
1692749086723800
1576442983638600
628883812741231800
9737008841252
144611082005110072
4227093873250122
703973816133898310
8435841596830133500
387445153687546942
4527035018229715992
30064974796436514
139071266626654090
13769690125614420102
4666866430808351350
15931024488276391300
9611019340440237174
3456507157117368172
2449008522680823180
4945831495302064774
404543983877617500
82656433938260
5744098590043800140
29725962036654
1089414010428469460
7099625084834404500
25193852196627524
4775146932662881390
12904708729244642184
1947309797896227870
1520207026470023192
9437422337846125240
5967988823606995850
3738652966728389600
742907120800125880
15496199457662437320
3689359427849381570
42030893979418500
1282464682340248500
27521531939669460
643216711317242700
1440933994776012
2602003428126337200
772836798616655850
22134297771678273504
3900908317797208900
848149618694
335113642198412000
321269485697162730
1363431898896047050
1335436378215171050
11353591829767902
2551795974519146602
4261860808021961600
1466324034369182034
4230641019495357712
144527201376016550
1172572656215739884
31853637262941382
18749742711663619590
3430280578936291234
3125590963281279012
12458852592606750
21621297384639100590
3199190186973340340
12835424442264352852
5670449489712376350
20180790574888462134
36371717168873520
542516180449215350
1487122352393594
30979326039499184
345353393858040442
5109186886063155350
3534936724237036300
9333348662065477324
10405948406260771364
14283737602144746750
1187356790158581042
30637310056235190
2117613859234374802
1025991817178169240
263429771223835860
801613983124204250
4752362742661905770
6757803333036685820
5920658972613176640
31934641783146020
23724329767328751050
34451760860904374
520884477855350
1602524660493068774
19371269587631690
3341650501955305960
297962426767915000
6094664129892519874
22755922058051360250
24422242314509572324
1650052633817710850
7902635493794187694
895907288296209490
1062297899751897704
4017584283215490
11902458752219063000
14229926018015806890
35332680194062510
17079520291066324
6825205188218470
322186492749923582
39081352596132490
2328750118626800
5031216798982997172
6342249298424284280
109634519566000
4280416403340
1558649396243800680
207144240153810
49648559908462790
1314230265324488842
2549449191288889890
1663825491391844
735704637945509232
1852090495660035050
1917357538401242
9140004283871910240
3644092234373246110
107914867321368144
24811700861153113350
16467599162390436060
430555886991730500
4213517117595099052
2045236331873835100
2312071842449168800
1310038190693842
21003834157311681410
1584258542562866702
43112225974355272
155542125699272690
1090177219916956864
49235921523998000
16151836927097581670
9096230787798350
2299018580084854082
1355886336854449092
4744528844264484
227962529748380
816953373646367874
10157901325481392560
10028402216335204
20349941496517854540
1444163364296833600
262452324744274
2277717710884260610
15951004233794451250
282474432334015922
94723717688687840
17477851477233570360
7219809619086143794
17299630238691772350
4192775034526176280
2677762958322252892
100454044526930404
21819274437252084520
9596227636037014
35816226665438720
14929900046200349942
6027979623903967800
5552727900492449600
19996377180362024
2681509510834396922
173867529101150522
27867640467812464
27310613008380870
668927376892524
237539872379860050
9201752357153554660
3367367680305309850
11914328229559100
170188323432101150
380768356162316920
11827552803644645340
86899686107528100
5620330188719587992
96121112400538250
8528307597008365700
1507997235024
10322251932595436240
11234371907035858750
1436969108873494
1543359393331872550
87430574125886082
198617727243794320
1111129476288985010
6000499415328005280
18571227685558990
24571942935790547080
476500781645819350
15778849709858400
306861887357592490
19699725196050091724
5225363412662676560
2688260874456292
3467403407795484500
10393516926336845952
24156065431618183980
3120127945700645334
9981450074968549060
4727365735619956332
5648051956870
365440821894687550
89227517964488024
1482960912089030500
17597428255588385050
7877163299649802
7539802832880472
23213652
822037870620546892
169525702310536300
3030862874128782
575114444403437680
9035789470022562
47693136578437350
5643874173535147620
11608892304752946450
16725003468433783460
5989191245144493100
455566497903030250
4020940721161513072
11151723988776125650
12524113815800090420
36237814292922684
133771281587897550
9269988514672797340
942159758914481090
1293386192651645274
26274144881427170
136663133867045500
5512717801723178250
16124470449174769000
19380559714475850
15813902079430
255656943719184700
1492600048490637100
1835814286533257100
12121175917322126930
117605254455352710
26053039190519224
2750004155327320710
690767601441500
323872769273845484
902514677665228810
723138785324686060
57813401318145020
65033528560
163778140595190
228688526554920250
1614148989664168692
1139468104078219470
28044978512572750
241520965079465500
158388389874
205218074948659150
3633488103839412280
1290134925823762634
147889674983222242
6289155252615505050
700344604497850
10672611747588750
3154707166141663000
2048144286638595250
292303854923891342
20222552590552844350
326221500627748702
28272464613977012
39594881008498550
39769831554422550
5290582451420593800
1418414653474153370
355784831477839610
31098380700156770
2067507163336615000
6919307187443666094
2186422512711575350
66406293183241354
13558650087528205500
1139468104078219470
1074132261078800
1508485512818752584
21952501769315810
13287064390052545092
29152079323009720
9815196428772
767615650941110790
8254909564988856770
20590957157800514160
7198166831051527254
1693495640763864
1120646140402316462
1568673500029350
1433939377722686912
3481971791561233460
3995856107352227470
6566795660391221710
8671592697852962532
414710566325494712
4605412745484100
18669280606082623440
1463227708804682100
3018173814770444
643537976983374620
369027305690030100
467138151480
3403755235799815780
617965015269455750
46804841887804000
1317746953814378010
21663478848464743444
6208205092456080224
13163007598103693792
10735221201564552550
6177306404551360820
14201130134359162
609275602839500
11648859080758774
736415409264522222
10093753664089200
3054508753736266764
9642932320031010
19007341628256324772
15338923359499117820
100613735107051334
7484966866763897550
3121808110816170930
556271157989346514
14527115211791489190
1958243453618292372
11792231235820984
19204617726470852
9385517108578195750
184932294814960
597587367649179180
13340677539146926430
14191302087855092200
783100173450100
13272131464511559640
4436669584614315020
62126153417764604
10186940743010056300
53579617197928250
8168567629211753570
854554495949194502
13259075483075857512
66453107284781100
10820346883198152790
24339554347103360
22874503428432307722
2838072414086364
254116854080744004
990535596447457060
20782694020333822850
20651544106232317940
5922337844850
329243380186728750
149948047473440370
8099417480472500
506205111935433064
5024909915509659494
21737219779269431710
3030401513211038670
90165737465676600
2792653107384292334
12757360678607575380
6490082825209730670
404473989774974
185542451472
1365464420759489932
2253108989404762500
16097857571249397370
592738834125993060
24590703786413208262
2975922091706833612
13158681405511141500
1173379151416317080
6463936659120402042
1967439477272457210
906150475455240
12907753920543644624
8334473154734099100
5270019635793845240
611878291652833472
4822618634657740
12454589768987093462
19852457996540
22961632101147781300
593282816025207000
23255810310688060
7281065552239558534
228718106634648904
2017537817291491950
34933947861162
1354650512786004764
278098138610600
1760406651184932212
23834128586073467662
7934301023855581544
1271398288274226112
222018808022835552
19251139943478990250
1074233802145616420
1913263100844172
9259064300295098850
41518483471998834
3442696918113813074
10274395881349362
23500142188862822960
16831563684723242
165126647849823842
1393011802134120940
12817238197115254032
23590008634594765440
5943332764773824
3475364816449375850
199791194946335850
10978083955790821170
9508416703003839350
5880025586261486660
13234854218751219950
7530808584070924790
3142122260689762
19049715888311796870
381853392300342270
31131512250988240
20584041433431952644
93750100556268800
723840433168352500
1935965358982
4119874981640023060
20643746875231807250
3034512261852748600
10078742469883695542
299335516298522620
7262845857567422500
5847669758611744980
9323322900113331300
128931888286168202
18488390402175777890
10085211500130914
1597053742032086100
552822508964012084
535035379418099252
19792724672868004572
551275859481324740
12816189843544164
17495442970928207012
3666080973975833144
4332602592196356300
4068363194
1359373663276813360
5531082593187315892
4497682014332406004
19422692371752313490
39325639036876010
987696826060759892
7528369230852722322
2257520935871502
3875646645302056002
7208391893928385122
3823290125438600740
217369235256416100
8569447578753965750
20229377028878338930
12718763791977911220
4875902521759034220
819030535693239480
8973769768042019122
1301759239257213380
256461840703699800
24061670434591358452
6760802919729187112
14216824338603128060
5884417404551093122
3967619253531987174
304142097398666850
5378804455544587600
88021692573213140
35595821654285200
156608195068894842
292303854923891342
152180324905545794
10263657800404135050
7664652393319589850
7481324776931138784
890811568028226364
35187122420502780
8843248853148974880
1028912712682805000
13288931891369587600
306603831783525122
377656369291713292
1509825152851019802
788809857735381300
7005949425769258342
23272808275417315500
23666693523315290760
22302719309647602100
11072247186261571072
8444699730783277850
13595975721753524750
40783016402192064
12020391315440731300
7930496144474082452
19092184089850
9650137089891565614
1858915959892620930
85483271543450
1046661823827844140
1948932166768865460
8635941380549216860
127418252294397680
39489951212580
2083105450173020
252328888996473800
8233151537213524320
36956255941208492
23656138280681122022
12268848104171095052
8647211530496715960
404979150772
2584456708945819072
22378959343124664
21114623178783887060
52257285809972894
10219620558679548940
6247678821994302
12856058908416098544
2888542667423189154
7732446771729745800
4421104892898230152
1213076566553800
581327062704080
262083658042360
1528059229389379064
9910817728411053650
155453532940578600
174591142832966442
13834378042688657500
1411104997323272174
19202686011554672424
5349170614827319434
16510047929645106214
16694695405899959602
17519174252061330030
1255516552477218810
1942062340669962
121018727446621004
1866245304003080
3364478221839612332
5158299642041336714
3821578542085875872
2215189691600479440
13674673958880319000
22732951776811810
13042276761756399234
71026850960121784
15304290120506707870
13550436138574749722
10348030106856654940
170482673878790
16042579640674144754
283921816638870
710799254938654
246958897044180750
49554551568860650
12698294853511135050
74191784895931210
3557748153073664
63472577164095864
149948047473440370
1725807229475193592
1981245565375090
361421710555239950
12411358414968909110
5850024513639579000
3573602026412957112
25943011134660802
3079175335770761500
4956221945998566804
13928289842501841730
7580537462204864850
148487830441382600
4443509153524541620
180574246369440
11702552691616856210
16569467096693231422
461948216482191530
979305164263176612
33071131447348800
1504811484058292
15515069630600129394
16281941220824899040
10806888064783230
5861433608505750
4829696965306454164
20058279280151970
12275299090707035790
416145322770345480
15501090070959047984
1881947536461127170
24981171983499781350
12257125552281408722
5891855316464567450
516644589767413010
7758193137970424934
1551052419005602942
4474797887726473230
294979741438404642
23615868918537150600
28381102561760
1402948544152520
2351225615875607772
3116140271687636232
21479947349330605954
1031839840374930552
3412954164774471240
11031044221106740754
1389459931768571520
6010106777503245214
3173098948995910
2219579689250
5265985752082664
3474681873316932292
4423176578251942
20211265970129234
7991963808260673332
694969300056350
225101228962964270
22740084020746017090
20807953082267691410
7577269027990073302
621150502672124854
313891174285588900
542516180449215350
249791040737784000
171638615046103240
1614917644736005610
3547867188581513504
15793817059775899872
2011034961617964100
1519350031536380750
4578888192565654730
19011413001470197092
5030615887766378000
1391750682514438050
12010001313368905522
1128949780454342652
6387768723367712564
7248883464599700
596129696197028800
613736776831477392
14076551946514134000
16003026396138100
159568150235573660
443297938050660
626298066238764340
209533292893095144
18683973862297590
18391289776460477734
7535226726481500
149732637150426330
146635193477608200
2207890439603029260
1440278886435085424
16382218908235994814
2009524925326850050
4556531462068395810
2837164665159352500
13525467183038750
10118263839487612600
23819659642600996202
22900709581743926100
128835690803460732
15613894022054954852
546257445739623864
133159026916718660
12230195563601137144
434323919167572120
319783525926177170
8899339974080826424
23084783680523784954
20830618706535571250
12282926263319226064
10873806883321016440
5630458133595824260
6174503163661618800
727356334431403950
10154848160452185892
2599988347564782062
12589743391812835560
16409183518643836740
39388866171440702
8589624515308964600
16848136132010526070
2352754463143888434
19315598945619664
1253096284742610
201965030541333570
3219134578646767872
7553543658421440
717441584985580
1565523023413410100
19361528455721931340
15242788101088788310
3712030924608602050
150142115409033762
1829333933165000640
77922003447634522
9617367867616477670
14449402454368132524
480617821243580350
4651832775472821722
6820627120240019464
16196562261872434750
24382961360788182504
24670804806186981730
704180060139950724
4461054485239397780
959903704695052000
9604185980576359172
464432945859610
22964446841097457850
3619854715424713350
4759275880156210270
78292019024178100
12951664461132275060
1705961387278307790
3873670540126823310
9068280329038126350
3335685801717476662
7735765277423954892
1616071142035791452
7125725307299593274
385866305271238264
2315763560671639232
457354629908926204
22861408789316900110
17727661050644251410
21039836582245597270
22651729476170758210
8288938165686010144
12408401487432081840
874117457218099424
6357634054394603962
1374752458267888700
741190870822782380
4166368327162258882
9000232259831770190
11427150077521721400
3087083437491258920
52101047469447750
3985501973132887662
15222788215912890600
77140012598000
820417509238554084
3167854375370062312
7092402824336172
1972859500370200
2884581158830953344
9327141285099711920
14059009994479330314
10620573252057891742
5838729872231984
445435042098551740
543987710498451844
2186261695109480170
6105079068133236164
8332718347944443194
47492632240593254
9445612174511212000
8700102515606848350
337166873363862322
166171725458696972
22151644816581137550
42968544504249100
9540907225708903902
239126355938321852
17703718236655946390
1356274655750
18412746223734531760
386698983828734500
62438384221283070
80350715680126340
1166838405387233320
1266253346708350
9095888391851895760
14068103773568180350
1263918421304218232
4348471765320570470
1972645062131074500
140276946920274780
5718256834147339350
261396597464883804
1007966840854917840
3766868787104719472
4821834054377643730
14917675667856269660
512785568465288430
5824496622356254150
22817489330375231674
4200380299717607852
4705841513300512
477219346861529580
701886116760920
7041838377975566750
19686346940964948500
3463995566147956350
456559255955980100
14412317135365007600
3287163285360964724
14233858287066393560
24761148781230810
12823298130084371022
1344906006727068240
3512393498135005652
913177891384850
8002597687326459932
6846711722123837250
235931016171803232
2603469676797253044
23110227513710178270
6614993023805466300
9502122196888857382
8028588887468642920
626046225902913270
234541287409192764
98757228276845930
13754352156065238250
6095358044234759630
951948535470655450
15575289511982700682
1973985309105621240
3557588291730468730
4836402582154504680
628441778063346832
32677527791288510
150963590928973750
2055337365929964
16215345664170707674
284037187359854852
10025568066734500
9437903945463633640
36828260335938500
124712321249901000
1041488362118368472
3288233991136290
11895009478944231222
757543232577415064
10717196896214228750
1052690877166559950
20601334011607530454
1118115376692789734
3921056867652428350
21958665119075050940
17586672018635608994
292019505470200250
10621099468036799890
4064893042011074
20772248724299461900
229666185278246040
346846695411896680
153667658470662000
7952498792740151650
46293922445955780
3047694766209089560
5918482626852670
2130045000364962954
9259064300295098850
2020113058733211750
20295150603098216300
22497035906332701714
1131891465287993272
6129006591400
1285575507319182
1665209762262435404
8889887583772694
408140144335816880
2887948181168324450
23585222024809146520
2755164921399314424
2668253666342110
4997648579484651500
74077417255037350
2097587864644110930
16648411889460960
240813001342425072
47156846927377460
57162349089519674
3463314299369347592
58960754523157634
8093629277033022100
64028612572218800
10848600
185566965983902804
8395625046310510750
823737965218454070
2601453744578310050
6095358044234759630
38822558220514250
1598494118935274
67892866636917322
9161651296929546870
14539098785065297104
495501921566143800
2156821912620067550
1295231302731701790
7313537226960822
48946747357998490
3820436618804
2664307867865932600
994270763739814344
9889850956370626794
32435909900
53881300
6301241205047230820
1309187363053453534
73735107576878020
2919582642582620392
6281699090298828200
8517599832898080600
582056740729017334
47129699352495034
133593313191835134
22299965623099371792
1683066328494292
1144111461053663754
4180209708974098800
2940615330994156662
16724263756793721662
38885177867471390
5337225799630133150
231242920324030934
141568465434522
4372769071102250
956611854408992422
11776295981616588030
2875287653521716290
3970385868367833772
104550530702464
16254409544418672550
64085555573456250
20510669398146341414
22878245786893053544
9609946656457004
10452145856541304850
543421383597267214
1954988110483916600
6062808064399013200
18159651552623688080
261527413631951350
162455399673691124
149904946827079854
924831647984382600
120356442553690
3496357333549497872
111272745127432
20673214670742751040
4541487019253960490
7189074818901714
1632366724366910
348003418158242
3200688143880278524
3482199786178299750
176848705305107500
3770845283053744
528962405128075010
1437576160957179180
802827051401584994
8520314324909534
24513753975688484390
194892096765272060
13003034916194063202
151571042233505920
15125141720199216580
1182555616295482
937634633937342644
628315525252810500
661196961094273604
4743156944690659002
9927314993939491894
366198121116255610
29948901209768970
1749360390370125044
133949427737280120
17923974353447965132
72324395085250
8186733891747446464
8191496725365442192
4801783566518658500
90548994899002094
2800390033208629554
4153441122387172
330645152587633884
5756046699868082
5524125907595024
5636999551755189590
325334044385350
243840390897966500
6013197306859810600
118145053927711930
9748453880082904714
13550436138574749722
2553060297902629020
17695999924384290650
422999592939860500
18112488330289041990
18081194815050600
6963677414083314852
8858394804675441872
18532290790000142610
1428789344716864130
1300560607810970842
20168870459974439602
1330000190491357000
972893256004877760
14277167056126168350
6892634839826523034
19329505341942950
971317088474540214
6671248653790318752
13624660742
6758178226777577600
10939401686536512
17592817835769651710
311348359890406850
20187304306641444
3363145252986993084
48492265901336600
542120509884584750
984598912226981702
9202696938512
38846031718298970
1374411819346342414
447046561660576332
171150883207810
6655297979982484470
691911624471522
5301042052772774
149628724286300
3047694766209089560
1702359405571389642
163028339726621824
21788589518522362550
24579840932428787604
18752160586042713412
127246662363127190
4567699568671344070
12922131741403822
11363355309920185390
2009675890676107264
12276413685886350
12140361505401914422
63235388244509000
276287809452834452
3382575098896240
18662854844531354604
19346672615181539824
3625491455854529690
1895059677284766300
113562992754883100
42105668477167092
5261003439706405820
17323921560147994862
54340659244595724
4198991407339740
930835152610455404
24633202221278796600
21317986655813127280
12305829108169322600
7906852078558038424
628189291466199710
4905317355901514370
1241816115034730
1945983158749904430
1822449835395198100
11088403878120184
24560099509784428794
14918354602978730750
28309484249044180
38169608326512124
24302583560490588080
2705580628257473850
5853858352988380
13380680870265482942
1926697762500
1233386104067074820
4697328408813010762
6420174612825034334
72078639691265414
13890925359752882784
125427133467419910
15962820753256300
1260722887895696962
7466769707442522750
877077270973800
12324645094963446232
47647511769862130
1253692098803760
1108614852966289760
5847333423076371732
7602217553715024990
19684675138315214300
2763207213139757090
3753343926108791764
4176811465744602542
6617944944505887720
4518158640282041000
268664714212855114
694739628676289870
18946349466175410972
1936568818917390350
2584274398962508354
49545158083070650
18195084368382240410
21539802016811271180
16068406117472331812
106157446487686204
4575442696816600
4231543965861850
596797464187406794
2781848358137502850
371234364690505442
19992392887300551610
9213098803455984360
378691570527585744
1082847950119257630
11000757806760817550
625742373093552
720127510514714614
64702963121348370
17700630608832441820
16712431707241053414
530461877654573750
340982225388240450
776307672382459672
322569157828599572
8411959443374786884
23232082922737428292
1114036277717508180
406043274903361550
1445459934645849850
18019530033520640
2982615403778987550
72803005834401570
1992520547764682342
2127522892637838850
92004572203213670
929818429121592010
5395567083154087840
18708674610182881240
4267434932088189954
15059393855517025652
484190146104973620
9246252545754122640
182101707660933810
12439179372891088734
1942301606503623330
80203076845444
19698888855401618500
8333157023660913992
1397122264087550
24059676617537862
2728104272720856150
609406881010634212
21870789499691493284
6781452118591439732
20346513819243543850
3839359716113394
401323300
7630512219151074572
1031341238200
13061930958932986130
169313128454900584
13942482277154320824
5582878096583150532
377376588107492
8575272816342422920
7041838377975566750
191252766876490
1929530512415961142
7858260715289110
13363793509813924100
1501072771850478750
3628312293427325064
464610180492156664
3668184051994
1407056305408093494
5419672393227081290
999225315361000
164876918250
549104594269789264
11503499239617954100
1806787724387349900
2853428312775576250
8079046583517700714
181330003438529792
614171031849733710
8848527817164750
15865508884025717070
1984607466086960
16637886730311723800
74268103526616300
12697362420662934
589242140968560794
16429611285794171634
2484204202080640
9269038199441846344
131139844026610384
251121011913656192
14800568229378328474
4661189079109060600
16523971388784763750
1245995923627539000
37099704356545754
263462661230938260
4651549471186375654
1869459792365950
6686856044043094010
2224727534304
4779482282166908250
11690107406272247082
3783098306324563380
2207404465040552600
425114665120666600
22053176161115136312
857659093039603134
7324773378842298614
395367598374709534
24337846864774947350
36356820775526372
10377476087380924874
8081189860414162704
49179852596191590
3342280097884
4981686085619100
18222679053283304600
1041027380385309202
12034120801340834
47269058742642
18132128494388543090
8655332866149547494
104273787047431562
2305136145361700
20780082327100778242
1944804493114239834
6246284467649199050
63359546996631834
13582048689995051422
5090670867602963700
363175970451806974
241582600827817172
73054048646105500
24032368145395492
1426920049277580522
118722885971506250
5867202058426694804
18208483583785680350
6781555845344
1254456019416527120
11956426896019345740
775789994261097550
20199532858352787940
14614498450182584360
20981904147529671060
233427924768107190
22360605660817114000
2230495393343020622
1833135535347722634
5001536248486636320
15125141720199216580
2715784086434752740
64680016943667972
628126181706269162
22851124089000799372
1839908565643948690
20882780081352
1520696900605733634
2650531928836956334
22994486838608715850
11238763380166009842
2821749481194570784
6996709089404190
475855528400070
599596028813989172
218196148924775610
30379421745180
24460586921939873600
1992520547764682342
7691773753070
4619660359558090
21020512458414882842
946357918061088390
8106942459446129534
345998552901528450
14179534184620222594
8193662336599926312
2627567768233018912
1119380222137659000
411405838123280
429946496980
15413931736502235734
50921220829316530
41650267377859322
23163066954814648290
20534817308368890800
123440814292910842
611507101704958914
206530234475576102
4241733418425099870
20260108378658315920
4822707236696974352
1372596147426119350
3614927961570751760
11258540943614484480
350499265998238240
1625063894718188782
103276219755300804
8028162292474628122
1351693800
63687751046558500
956006385638997550
2666154160243884
12458148046682539630
5777023758600692642
2914591534450541792
1316537297105235920
7573184971644219162
15550059897655829044
116014729118193150
745271829040208904
7046479233868340112
36200684753782894
22917568280881158900
6484629178080772810
742620872369280410
14637242361005929900
20857667299613149614
169218715383564042
16059076295389476850
8497549955970614070
2178392493932434850
2938808090076686520
806550638790805350
2808919207537281300
4978332591128820
1039184983575553872
40217776434145954
75111500195411134
7201705044031771350
42513817272850
24502916627321004250
11560591118334258512
70311490529280
394921827084138354
21985896682047393060
30000447898000734
197979836904796100
4676529829281692410
79329726826404390
116727562577801410
215451455255232
2491126509767950940
2241289247327299680
9493895635804836250
2000482557873592100
18979673629861281680
1987973643496582
9755364074184424850
2377317566896121850
3589903025514585542
1429490803788689350
186936309927216850
4052781698720329822
25109118001493904
94023168126469010
919109083268517562
412680511689295430
16724263756793721662
212568982409915250
4890299211273414820
21307340212926182142
1770178817895202
10901684243990155434
132666805997232810
461397169934579992
1653049668530396290
9912693806811600
429178856334237114
1953953171156874000
615475179660762850
952319667972600
24923255168822360702
110754841639225700
2331755859159009712
21453187222782988764
713508041578030554
902349048884724534
398543435371407942
2700489694515642120
12884015715371238172
15935304281332932804
3665844007992994100
2249328169324868632
1869189506942493750
79289625302706350
12987387675964564
21316211971663777182
6825205188218470
12202199776382
8189331543442822122
3192562697134739670
4893389059105822
47410790220267782
2994406760287196870
8843707535812168800
1413422454824564184
22126451350832752
660934667004185302
1072818837027515760
35310817791372600
1174892451169009840
1202896575774410190
6775440207202464204
10079519737055080
12258297429294179120
6236042295025853800
12139198094588916750
20694994324365284
8344129546863695092
19996621501123947680
103064552081335810
7424036426623240930
64588293259561080
4785846133856681300
157366636390952324
855906743759062660
1003116879067210350
3429153488633883444
9632519355186296100
293028505019250
15686382727695157500
6696567285139732
6164349412595457974
287392729400113780
145178231659681570
883935059915600
1312255223929255060
4451178855645812642
1531504116501017750
17281428518807246794
781498714972577952
8480646532731971774
138004039495064
69937946345964502
86842437975169954
21996796395992986750
443844699075250
11038083930345140410
15485025258610060560
5543674387903711514
769304102527749842
137529660732877140
12000194719681595350
117605254455352710
5935678250042062
88994111637444000
900611322724354250
8577065794476799442
6944526231279734902
635160450432925950
6733842557454057500
220101319347364
375163395527077500
482220324399033374
622904625735363820
513056620649668900
2819997315430549072
23961474911554530
2565729387848433900
36648127032264024
15642015070754346912
59962363995897420
17056618129123393990
18870113371139297540
312281415277477100
299733873788431460
750137257169500
133909824336627222
792710007204105302
21042472721961252692
1938478336096320880
8121993204122172764
5325614554643109584
1291001330268297830
6038998093534082600
1851522556662724324
59271727350555500
8162518932208558500
387620879885199884
2454090390720835150
24588526737256790
6204688052908643494
51857626754254750
19747440650879312100
16084204307502779340
88383598596574240
696715561710705992
55497387683183600
22027700927999983890
163002580354222
388060456897643664
16764984349762248782
6905961356030236264
56371804486690000
4936642175668129850
790308208033203750
16524704446289363324
84155572436282284
1093903610361814100
16657052642082360314
13265913128564702650
8600400105721242940
1845708709891051250
5408561252331845300
5179455999017146000
49479441070137974
9144706889604358380
6108206150888002100
961077505006500
7759579672514852
2052128616877165750
127265719347713100
256461840703699800
555968709162174
3710595957435053330
4139048255550847562
688634176740223910
9241036755693326402
2317443075090083472
115039920120358830
97284386172393000
23923015690131266020
15267642953696887000
11944928973597151910
3632311297359280410
440046434393705700
3026910661875728362
1387286338965189740
15568859782268914
3362923130025324600
436241187811285780
4429291721914724522
142691042302952850
29438944523730
19693329706470
214169525578061452
364916740650
317696709667769300
12459334308663600050
9608090311293346600
157679735116830850
17934884934405873344
3892969833585381332
5656986084414021280
24918267059381359482
87761809269877250
14378605158080351190
3695553907494645350
1731605575277000250
47012195284508300
308672840339506790
21082044551491211822
786875322601060
1173681694348254702
333187461965434804
4414836013902269300
10033284879692739932
254982295677317670
1462513869077202370
5260742342508730
931852709684788710
4267169373690500750
1676909545111078250
6949501733947045350
293300713604498600
512677177668925724
1612100584267682124
3635247101753850
12086201808145322
11626674808338590
3764450956884176482
24384924282313385070
227465126986174
216407393094200
1008378253324
664218957694294002
1616327558663671700
79156063353266300
3500246771650285580
1764921944668253800
10978083955790821170
466980399934721180
460446523631803060
19652096264121847240
173867529101150522
11936885363512243750
1089318637426536412
628694340763841114
8198880009202744
7958430397110080160
71149989519928564
14772241844900864450
230379176203871492
7578903112954392104
12957161145477960152
10959215869704735780
87071600339519482
4974072225706368134
178071460115645250
1254562042477235220
53132784941178800
624599617565509894
16039395330970
11595037974909950
3897629767935950
2435204845306219000
1080476283708736530
21385506806878185050
20922341398059800050
4307409278346328154
357441564615850
12709730329909094860
7187952650179378000
502137956395825050
159252242683091250
13983184254212293320
12334061175862591440
1788320331357799750
1694242441716552
6556161720011577100
3875399590817114514
264912873191951790
48646002860
7458289064116228520
18770705392757636850
18562667602175862354
689039950179224380
23545999295737682712
935675980611101640
1193779236871993800
13613716522165176872
18313568341783586260
488722722663755624
6703235998988362540
173002164404436224
333972652248947014
2324248806300
1193574950152964780
4484859424682802
228156575587479442
13806169214066279470
4462702019777072500
9710513410496697680
13429941641015900
20721818621249637500
5158299642041336714
47766204415605594
7788589764972479190
193870921803907450
15771153586484018800
18418712698329650
15658201863945665600
202558506075265004
41757572597513500
22975708388801411100
59707075900850
9160238364320023904
472665133076456100
1748816246442487222
3728829444980250
52787185590040850
473838927515981720
8868502908655628700
10569623166391228850
7135482608120243974
5644715954515092
1197563273409684192
62875423142
2086541128468871250
2704637320146170500
382375032543635824
854316030414679630
33805486465536500
1348013870090580
2609891802116070224
245364745163827150
425491506740884780
11316374616365938100
17395181050212
4633162431849094234
1342338682872596684
14105704896527134
732725015373610000
1350163727263540744
19476536880450769550
18691783839474289362
26648512460262
4734825748633744680
2561018234741170050
6160501267645671100
155397575508032
12029054798936707350
140523126248592850
10734160319413910302
13880093368550150
5867119873164004
91200208204
1131008356944349780
3621263283892612274
84139490345442
16249341730628088110
2306077241321700
6080451938197825500
60604374968546710
39199413156170850
3763484150773734360
525807293449902244
8605918594400050
1472411866719610712
3026294942501040540
832433913637130974
137435498464224
23386743653889428800
60517021915645850
62807879756534462
12457554947458753132
4574130518843407704
7871905494906878590
3470358903921654360
244368441486779582
5447684610642407302
1051297251365937590
53188092910330
17422868209833548532
11497373984649630
3010932463714957490
18579470800373852152
2136676202358881330
76000892481410100
5276867235321531850
480101737779748000
3245223153546075100
211395387872127550
242539464303469740
5425075405911274754
3271469978754905480
2686948993506043644
11454970553996614100
1629445319605198704
267764656402622080
2745232135796806110
10776940006535340
1083322751534432500
2365949610300612
865176731955462850
218139044774494662
95518508135050
1632414244411290950
3413178761568401100
94433887426287500
54947185656901454
7599482087601870
72816675085350
176430563522420
8286965770183282
194053913424796044
6022819909841017690
7119875732175437154
7045705598635380350
781944869598734270
19965345637813666442
40443162592844620
2413309710052897810
4598517729657739160
17495442970928207012
83542347706703482
8036270504945463664
60011418559600
1456575357117037920
2815134469696351972
7751958291424584514
380118445406102810
14704414370928802
6426309542809718870
185465833259146902
6156654924653817430
1451364442863026850
436577361328706304
18180905025705903800
765490696987466100
106881729991414
2871210446793304
176824314623078500
11978969348676330
56464990986519700
15934590922614730500
162089511424807500
595826350613821250
10079754389701086090
3264947712789765310
20772477873130
932871100800091000
3279091634249993870
662378250733811780
164816522039274
22382687216780280852
534867536884083130
24946210118570848800
71830116098639704
13983184254212293320
13578884948281696652
14090207032126227730
14086304565807772760
791958857726891162
1512141177930729724
242848735424675380
6089808388299476022
16935329987131444564
513924709789540060
24342747579298668100
1623005107911668054
1282141342481950262
3689597532966876350
993707287175110
15023187521477811830
771142533651550942
11821849353939832950
254886026497682000
37992269817859280
109489581658579150
278201533415420720
1434291022584561750
2976327425990437310
104767036433520582
9417211456413690974
9716911160450553642
23133542142438000
62864006660034132
5822484827088982430
6680907146103028850
1174589674184787294
7900839461728642
1815165531743654090
278338607341668742
831031728656627050
16870461356590458890
10423578755052791350
109183461976791994
77948389548162170
3337894018116649552
145220309003122444
1038080719982113250
3167641998125588634
2549449191288889890
1057159792188187814
22104192911207011180
15392373469104039850
131187138061100
21907900559508683272
408048807591926032
59293218998679582
338276359585172600
8901183533196550050
2287184889709252514
2395004630362011740
662969488773847220
6022819909841017690
8293745521711076882
3537473842829964494
1185981587499450
12037722964627960250
15354874372803317704
22945686795299967820
1051493881368722
21107575954096575944
5156463026842452000
7712144215532083250
626612973498013110
22519016533063050
3261296867711584
4319456158593359564
15390983390128110870
987519605743749850
13187749166322681652
962682372450431952
32083551220442904
12816189843544164
6069376778104329580
12184633117753224020
1205536248071142
2798260778069141000
7980491126008651250
999225315361000
15616704419338619454
13273997391514273484
13203849878549616000
414774990140394
1459542347881013270
13961853073162207864
17336076809467440070
8684707547201724214
16489545188421595780
1613380609018525204
10521948894836302
14315538228421430
835399908370123670
402437036256290
2330574660829009100
803434101574814710
411664272399380
501924576718012624
29974666243551992
6684624741949284090
8818964193228155274
143878363137658732
155077435855378960
6842212167387234
20134842084997832742
13507738942825050
49808680976184004
566129983108312324
1787075793481284994
758778653373750410
2124845607976461280
207518475852781940
2456454000647350
1361514379217352542
12948000976612093392
2831108159306269640
22580304915774342984
29335508045258842
745702381760955542
4312225002495328430
25312840140618762
1909175224416902
172283498155987834
3834306893210417470
2871537085712648500
6053482750249036102
13962499113784498552
11718973019867438780
132607831323890234
3715620163415154960
6849740856591713150
24999166674166650000
855673820040
39563133938889180
15406974984042679304
456560386319884
130497805567176320
318492284905060050
768643072705917500
2821554755798963100
11059223275604601020
7228874696603974220
17189125088746746590
20645479402388601072
402506192091625050
14363720972297944
10482334731962568930
14615167010168963000
11483957704877029750
213045395314937592
16100733049811802392
10723442141440
14882731972562630
33777289037983414
20807953082267691410
15137493372048691534
7600989138602186600
4079417196091030794
4403405700801801192
8597256178512963572
8634589703248904850
1862478351717558030
4898834704552984442
35963730900429150
19784332872975991082
122425189979120
17326959773033243424
765662107433960
825285792842808000
775420382721542250
782643466220
1602779463426535080
188935967705282
35049259545516150
114106383343953924
22273359797626980420
6437508085873940790
11957577144626185384
16378577592491435224
2700866554138102350
4391454907958859910
915169331509782750
7000173758102056532
18233725711109362062
19006973218415070
1565855366168800
1018082066961720664
179275900841792650
1707296904054005880
87812674582620
49095839010905250
512731370918949182
17245825093702064640
2088843110550
216005717965445612
654728086073406422
5599789696298127330
1000698472034327220
1883241300474362010
1794136771805296842
2483155147510852010
555062300872795500
7675782888169057662
10809145374781222560
173002164404436224
16385132397957905500
2106957281042579420
4705610082554901674
1895059677284766300
523491521914617260
1212686086117814620
395368235362100
2992574779407643430
4368707325180836520
1748544222087316500
6295551530204304060
325951327254080000
10740526791922785440
747933331110
15642718583294481210
7055314641975600
26209996439487280
321536743613440250
70205940579490730
14059009994479330314
500752203830805630
27322632752995294
9338125675356381904
22824960510231009750
3820845182310506350
78902760598116854
14273225816760398950
12843467088962120
56247735298952670
16696911671176022000
1506173689129841732
19831361342230908750
20637683888881877580
14591781054934471850
355414143652896020
17248853028785279510
288165876569653250
2613723380702
12505614468406970
114951606769259260
7745558626861374
4517499999989680
8871774885681150
796926323572476570
6174503163661618800
14509153743644312844
8699196363085043270
1773566164136387140
3524801894805463454
2569176261831925530
6319759285799630594
26443827960907340
3257636488092690
6712556187602883640
1707727143009750
84533063353312
1525970528161612220
1437811029439835050
4900012890230449884
7708262062453750
12823086322750
15458068742270
1247367768624248434
862612010259033650
718520694430180950
232318530671076452
4522872589170944932
191970283375674804
64967283221502572
9075761041877271014
19137131929451058384
1028364570325274490
11115198822929117844
15156035032364295160
6836495810119935960
5387022743287351894
12785761161111961750
94907111789908614
5964232991578755712
4363574318070388850
1339852356415850
20371374292551345140
3729763095616539850
2265305710427305560
17112237592062331642
687890724270792172
16028961558406839242
734568474181595704
1196028121956656632
816799667123426910
1660625537375567624
10828887207588408750
83347935427256670
4404221414847711100
3224296621128063404
413740744611686674
23719522730379004830
6519227062964351190
9199389833934465390
2540078241453157392
1106200973356320660
20330238265110134284
816876517673460750
3499789022351598232
11146812396924809710
5469404678623084500
753339618392539360
20990674089669556650
10584311544784122860
661524938482623994
2800390033208629554
9024669214750
9710513410496697680
116406382235965264
2215676951038180084
533749595616285400
2704825962032116804
2036683529003596200
16785001649141991980
19349147994720789830
14274539472538276904
227154311936461000
3740577188618157580
24702503517555407250
1412511100
117407792199359972
7404344477305425050
4809621947591715422
713091507727591300
134524664781419290
13340677539146926430
17104888788975702
3711791734515235800
40706786863614
3076057902851633000
2560837166208700302
452939488004850
641098030900250
2041414794639638600
20727900135459433952
4886770547605606674
11954126647763754350
18187273918650452
96646923598940
11156091210671646694
14785051120565018330
8187599706971137600
5684595450436644770
653438409759850
1181061621985487550
22949437884597313842
29929588337445500
37838565353502650
3781400236127729362
4837277742335534302
2423370001817501702
41272231828642094
16420124594844070100
103733226582611670
98552547432806544
158195125579399370
455467311221117910
858217222582950230
1188476297911886830
10199553809814534
6479178968718074150
822192315834451940
4221413984581693172
419258963532999100
30259180152049954
9658955014323074460
1215893450288310600
4973476440731540240
2786733920397350
4033145382057545000
4571892896913106380
5960820137412582022
21512065057982004
345071420669725750
627180105805317702
24149244138890810212
52101047469447750
182101707660933810
1337548765025486930
24108346715583416300
27885946674129350
224575550458576100
15503885226819620250
1909838113504454302
627621474796289870
5821745402408672
510621015495269770
14930579398545788090
349601419554310
458749034401335370
7479301968103647994
24323023691582350
138777152112
345716184696792574
818414667816846100
8694712774953100
6164616016454350
354550331887825990
13661957645503785970
65916237046649990
1158219545483000
52032803474343640
1126541406072832
27726048980630
210866075512663120
18207695189848187170
440723369892480662
2234742852737831020
13913463885147841014
1797327971364771850
123050115328547484
3232698177977777250
24788838814115041562
3187012101712287772
7266803748712601500
14118849900076230960
11176306299552644380
7582580770463769350
4312225002495328430
9153176152557083634
7916272119014
244664542928932
32711913121017130
20046569819603308570
12465860263942429344
29769010751961000
581877951970316190
25415164834197600
1575435800135642172
1744060400243177632
1094286343661932810
574464959019323190
26886475194969390
98521086334227120
10603219091387364050
14886469694815113430
18192720568838229100
4287387163822920304
2062884555369310050
119520862731163580
870726370861432800
24945904819154102
10033789117651251680
21511199129527009084
1133167979111120750
62538993607885410
23698380445623400664
844713677230500
3166367958899388100
6075950827990090762
24330007260708188802
3465812768936270130
24593667007742538500
6180373264356610
55907600928556300
6385972000597162974
1347029615646556270
137792443313074264
10842241584183632000
3555271933672765840
957737059370399000
18293819099272864
209533292893095144
464710856692826450
21632061258856912864
5577682242349867804
242848735424675380
2402072502324336450
8912250903635190230
104717632909301360
15837086956359023810
4179425315018703332
1496589850980336060
820417509238554084
27029288903079842
2669534363128987610
60049116002314712
4331259746362375750
9284727747146484360
1391636077752208302
117389853423655904
124243719215101500
35691205220525162
1004372592246728980
21764371239126404
3219134578646767872
6222288204643990644
7832048710707002210
16536765856244634
22113312351197537470
23623535306443560180
10283161385841063790
386392050888571490
96476734367428450
88586752790500602
14648624266203157750
64496667166087884
18903336939211510500
95121408005169350
23235869071173317834
3058686943471874
3398603009816253800
17212544112288274750
1483321534843700720
257721273189949660
772984257827609542
9098865530830334
1571289312485133430
13069307006757398100
5428695744286010
14183456005518277062
834774830816704514
5254481695811331790
3964351482185030720
8822168730947858300
3946039165247103100
50491138630409800
8370807788280204
2024815433069151814
10525127082458596500
20268651075123420160
6915110700843456300
2305538282807648694
253711008131130
1138679155282692114
66371198842297050
3377375498574
23153624701642581150
265574035897799220
3104210758754
2791300795391516870
22013778184398000
10465150295716088350
21013488805681926750
514902626319923842
227796638281030
122113190494750
174929601126592664
15502487601641495910
5668477735759053670
12248339152686858312
315481292547940
115624065130090322
23711832990752630850
210504487583830574
12643631890314690720
15007495669016064214
13136449257273944910
1781828237982749730
20215729879055865322
9840560911690595892
2488998939377591914
25352596290540530
14397106364221309612
149517458999227440
1402439903950445074
9633497484881345062
69561621280721724
4495196369696587282
616592402980164
2516763887994837572
34060058484367034
400431083115902300
126107154270606600
602343267636173102
35310817791372600
5717264664968469872
809370898698210732
12990178002119317454
175610460913602
765563897733032244
3204626480374
16074149566676178800
23324976856306043100
173771217497878000
307341565557555452
380248360948542282
3147303450029274250
15250379417277357500
2501251101787689000
1471097204456315254
219168635922264900
5458855961861259742
4264514471335202000
5989533681952996784
467941143253365362
150250012292184182
4198543599544497000
385431995767000
466374377406494494
941219238015086200
294443100378531832
14673419592748288372
1273863189649685100
671535398878800
5256654936331119750
2671402830802044950
973857413336794000
8533218694820370590
303584905456872
3122648447790925300
3974935774629470
1596350088361210
50643743359558960
44205666083086600
172546748617603052
1150953996415473800
561494494647990
13505011052085801350
673945690286666980
436721495155554070
4004964164783826160
18617119293991346480
24827614218123115854
3279309591331150850
4217990647291497960
58864494997080122
1094440782452990
4057698330547884
10441751034603674500
3524341739152188850
888763004090364914
3832591612050069302
13038594070493568850
4549840435965107110
1879649157611180410
21871694086134828012
380681653279331772
288975833624052610
1144804237121442990
9430200435188071280
2643293169840752352
16957303454165712
18989435354230883850
12827541361536439890
5729179220129267210
2928983276729825420
5152791267825817070
123422188511496394
128605036476084350
2777034945409371350
3344967678807004320
10024715741806503500
4069413547356584882
1320058612993069600
20565895945243425350
3253882248553826960
2660548285850
8991309424675050
156897862868956300
19899532942896176220
11756975716506870850
16883867136693394622
327070844019010
57099637176977850
6499908057826408344
1081139957204082804
24714398406001352512
47775343794914442
2875287653521716290
12091570201438393380
2702014698317550
6502457160353887110
17017615373910076744
7562714637062662
16515909365842799770
627180105805317702
8609387506308505070
178562333157973800
7160410428361240
6749559616129626142
19444216760112859990
1596291473231686882
310305821862034772
12230296377062764
151962513486647164
528075330247915002
1710371568352124132
8034136169633403074
672217589797283530
4578048333521162500
784357043751890
18911446899152396890
8804325993993642490
87128961726243164
11057872398482254
21173712984573019794
16512032078995600
8080761170923759500
954019011718228302
17552131794717587384
522391466123588230
7972000809786918800
1309844308495714182
374178228060960304
21161355623822553482
529073368017060750
6491901471783903140
33062561972000
15625137887561600860
25914114397884332
328777114710002660
2025270936826727150
23699341151828986952
27977613027533260
15540956740648749480
3797676663945100370
23161178273184556242
867023655098559420
17490852605963931744
5226909202847500630
305830641546311644
1359148471697386384
24294752477460271884
8765076125044714050
363762140400053850
19260183859319333084
3929537499426672210
63235388244509000
165567299716287704
391370968675260
4662324134824065710
6085302083960984560
13197655553233965660
15097307310775250
1136413209505138450
4766196557178950322
459360431632414
11813298047305233490
39423977670
55509101723790
71470899126117502
5156156971998141410
3856657983232553800
1116851603461420150
102755777113288180
5302761455668903660
1753172954209621190
8061915712375025694
5428573624977624212
7434903862547809564
62673328532552500
318795753873066470
18040349890662344324
222018808022835552
66511659713703100
21836436001801771700
4381424220331512354
8334473154734099100
18604296368071285320
6245577706155295552
1595783445648757260
132725800339241032
10120801218448005750
557366586303877000
320125981233318260
22275193917426169350
12343482651175657800
2807560991965307760
10481292648950862974
539075464162722680
857977990861990000
18727992362579281692
20398899801998250
361879844890732
4789899165131025240
830720372711790180
4926282534215542500
271613992317580990
45442895506816852
10219620558679548940
12084612039603113894
5301198870961383390
21411759319189694
7936453727362902
548933452195840530
7282179598302
2173264903063858450
12329278746532454
11800195055158739684
1225032895701310700
222105608524549750
4802654024285786370
4316776893088239034
45284643560007670
383114937536564440
194080065655870542
10028402216335204
9628118693282097204
71076087187664750
8807312536908550
386567418757679712
1559148531743204402
182925903161615264
96879929043828550
18583473242708951922
6452341533948598250
38123286381962600
1985779027407078512
143606920867685520
1305032445320288700
4629209292077954402
21607848191342567830
2140374664640030
21251511796242265230
11114169469494
1307546080578605114
17138757400460850
10306293670598504320
216402745925290254
1404862095987785912
1862620953806624130
306677545333003520
23032902179781914
107635881371370
11035917507198970100
5393408867770
21247022242368300
5760044681953313844
585461561986174280
3747799636740391400
6131174812387513014
485333323927772104
804725226194594194
5417766411477284970
750811433326899070
305867426933226592
16428881394431152350
1740940415863066880
866541564259700602
99734677334930
2432416285109518400
2599621624328652
10800083858838639864
14643936795760271890
331443266529340
6624590378259049014
283530751029722
15616219997649440
6640042827730
899260983504
9136243505349757500
14248939535408636212
1446403443113729230
34516177840588250
1923679927120510482
139835230218112
5350414566581280
14930579398545788090
6436621099787074
4200466981213140
1644590305605723630
217084638326113250
388236392345520250
1952841569304500
9932818656513419632
24424207607233735730
3291751116472858362
16241787847111710
7149550721147298772
23912486942573100
6751172138228830
15363895664133103010
20447220753258600
5303879881300
13712876165693121690
176118081655585050
6854286442747679100
6937401407580
86115000908520500
656422365677753570
413736132354272
6179058914750359990
12704914451500281544
9651116561001565300
3395693470686813142
1491875487816030200
17781040300310362040
7138216447123528650
182101707660933810
0
14670737500465591350
860717691484
1402901032193278800
810243115338580
13519509409529639320
23522107019613567612
864855829387295004
131627811762804084
11270640075300709250
16027186208644884
1566649959531877192
2197378940311717800
3553188178714833100
546882866197990392
60517021915645850
9712973709558669550
739121038170751000
118813363329106600
361922277715963584
23065008562382955350
59325467428786300
9731309274660050
3206256589801832182
12792357916097760
2853500927695600
4648150828993037760
4724785478442873690
9272364622448254860
8990940519320119360
13696948865309049340
5675052249358663600
908488424318510
920453173102888770
2179996725258602250
194577460470869854
2439217600283804760
184230309204695950
13471646190961251722
12297016534712781300
96121112400538250
1542987877485067182
5610215913435850354
3302474730856712384
253253617418028150
2517300095389379850
5084308161015635420
3959830208576311850
18807028489019087850
970387275774882
1744331901273114230
246292904
11409926850635683832
6006331081838678850
596190379210425664
6744317542915268330
7276309287375928800
116745425395970750
3959579140155675190
1094956368592516014
1917405397630723000
20002542687375660104
485541391728652350
7600170277904044570
82501471321934
15543757286223381202
16653365604501676974
16479096881455852
803661834120930932
20626427600380439600
138035345924119490
908020473038462
3922552451303682084
1607319442
1141541045279405500
400701293446622350
11329072635577017664
1528796929747360672
60735581818488500
18631407277912
528851459694241684
12951664461132275060
2363647778886567250
131940824956182572
4559600647505625150
1014082678730
10559664762815320924
21054777982817908914
863893657282874810
9208369843037830920
83709257326950620
282821152543410362
6658263379156059762
15351405703435524464
1415394537014788170
916471303681850
671421126822435444
17637351765852
8958939232434150050
9902327165927613494
11858958674937636810
3882304898724562
130711555836958160
57940050997259250
771952486352624480
126145014101653954
150720246600
575646251037901120
12024433691839600122
14007119304059140
904089288534964492
4338514823733489232
5844643261073556240
18838551125107293580
70572627580837200
1770818535239640810
13305125150156762134
2135253928913846090
99378097701960
3943785883346176714
857101235769321270
3307956045864631084
124112747620495480
9276642767514491952
7383127115811890
825828047499136644
3500246771650285580
9253368544562987000
173602768479853174
15659728372763930
208399886148338500
16436911537117581664
111408814960172534
7001713586842319514
1499860179845322750
306493286376126850
4905022550431178520
15623029200359838600
10658510811503001370
1121133317832996132
135627966361000
10169102154555072850
4919188209648618304
3615631475459948982
545108628960
819646751090809404
18798952138099968800
11279996081485248142
22098722601284710262
88572230173630214
1703292704444518460
2357325840683970
7131578486121094744
3272557972397609350
2079619142739450
5817792664881763720
9585169405600618960
17975453564543341790
1770178817895202
12098531367655281850
22444424745822
296019327141253234
912391862894
19016132009936944
7068554632945077580
23281338958043176290
13433470573730900
15160844908718912550
3714184155692646790
52994342204046744
270840826191715934
22586685449183284
493866414456746060
4658635961513387854
69925783048596514
143627787395291850
10890419634609126500
5545613493625227022
4550955094907482580
21902466724890811514
9138593855892952850
3572904655059256790
587979919750686100
214338528017730270
2303530745457110780
5048064180954700840
828232673708081812
4841947269398822310
3203099676158760
5311205383166080750
1774666110494421424
14399089694729500250
15361119458914161100
3575927334902869752
1961058156535284664
796775451872461754
21144593572523424850
4936049756391915590
6235761617780524
7616560067801200230
660737997655135680
10010110470497778914
113318227744680114
1007517033044547370
24549672811363854
348101563960643000
13401735203351000
13075456099239105000
505936940912494
901852299323402350
1784174397959938350
7274724383705317550
1667702312596755050
23272808275417315500
27035251794267990
825983026469652240
773205486208454600
327652351075585690
137186589319003224
6914347908410217380
22210151994663966190
91244905485774870
176751157714469514
3625256460324442790
689175247833663514
12512803838739986600
67537716397270
2344609219346630810
14271912251654336202
9323322900113331300
19833042479555612500
5396200401292933600
1791919314578218674
339866086996281300
2583545255479934552
6201172507913887114
11484817269679160
23635997167597637944
1014551202153369342
11796778676683341600
5204066501520853800
2485456017539256204
2151732460581308110
34116824743526030
18965799591197550
4919385252600
17866058138541650
5893885061074714600
14527780771450344090
9838573275126010870
54085013490690
3147726168111235832
3660633662135644390
6828180189902931574
759096249421952
1245152273947471500
829864594976300690
21523709385256674750
20587499077823676350
632849813693682
6322611839837647510
4056359627289924474
25517799442921500
1581402204272982
637199274099822350
17278997354764310
10642943301673410
11077134117195823534
33566370208213374
319403342354579630
5737464166192993810
1603798979026778604
1954988110483916600
814726751186643612
242570378115443140
1522657581178077722
380898438255215342
13405101973670944614
88398098011212640
24384924282313385070
10601511448058650
294872354590783970
88545177696012
211116678358972960
124318606650454370
1535695020537829340
1070181309294947850
4351435239370901000
1764237251594641250
824124717834622540
6303731650128146234
65290156309513850
7919934215150309352
1722711772843210790
13887328628795804
2048603720698950272
14179534184620222594
3925046041423588614
5039334370613450670
318264825401204710
15305674322948676100
187547333726100870
3170887939184
1028455912172039850
712813919830947974
2070284454553563130
1716265104289824334
1047587680571632530
7252562906957270410
6775440207202464204
17198148466005430
1286457571108350522
143586056613809420
10650598785242939510
8765987419420843500
6549934038428837980
717753168427219562
175972229018341210
113755586116282814
1204541169898361750
18690979802444883234
9257165422975379644
46508533868967632
603444802277817500
745702381760955542
138688615059922
78729798804536460
155874685834426150
1249903381307917350
15926700491886184
671908595038800
980802886825104420
381510406900000
961031811986211420
652387577656529024
1063557788352250
75419963710745850
4430851926994812
889008645019681200
10369979995368800
4490504074301071750
928548696296356850
2050288973577527760
306889668950480
9365243925423884
4854805901232371592
3955061949823188274
8118408231934
20249648992867630
9862212544054182
233638256275542974
20288086659292522
24742169851257802750
23112327428454334
11369154641878922
5572165621949310190
15418106918648660032
15448053884247834850
1047124675452905660
6249819174919033190
650636318678902010
41972804926092924
25908337948574774
373536773708004284
12036566938614986950
19735713043991983390
5390186129471772874
134942370861618320
12369039447589860
2805222059020574
10396163739450020
12517565000285516780
8268857316511296850
11911058414598441100
438357507322338010
2484747887299325102
96973153156484850
9799379115076885250
4598236864126023112
2560711822640090
5453108551795523710
16874184383324813160
14709663844497186994
282335833550397900
10692847209548483630
1106871854976094
7152288601430507640
385122417620419570
370002287559068320
5481250199940277722
141336441496250
3176571041191986620
2651461048945345274
15993165927692168292
4152821538188386000
4445151826077062100
24423224946045696232
193923191912257654
1018626093822497472
5079676610340710
10967838260076018140
807668930724110
20851605496765780
2938205861594061500
49605676283772
4213780167853418800
8561386765360292252
13578252266270255564
47930913998059950
180808631395468384
13187130202368656814
2438090883124
5891517076672251200
4147324330132
154679959674185050
3817179966536658890
5215478472854459392
5555963983697928990
45258308474596254
18427856455523927692
11805321014137593800
1437693591601391280
754199638022350
5460453270619828362
5245795471599819600
5917264837361847750
18664461129386122120
34138130373572652
3811565091339725484
81381528210233850
4185728730183000
70646137006154600
180858237375645610
3811321106931415350
2105873412612970
1660887237806177880
5094309380125992334
10027235506460912350
12922131741403822
8568072878286350
17350519474721011852
19278551905626860
497839313888620
179029601891745460
75923242062895150
536043264316007000
4108764399829466300
13320889155583332
14279795002451391340
109166474170573600
136101089396588562
181354858770525440
1843302110377740390
8578410712581731100
13108082523076232430
749657813404933862
68393893201956630
81832192567787480
2750386185465053724
21049056315170
3331431982490780
222337200960766290
19370611235697817550
449594794732499130
17018364795487482392
6831959076288346154
22306391288410972110
8973769768042019122
969393263199927500
13135984596189910
19437591966916496954
7547493367130427750
3587104615896128800
81586144263470750
340423813118657240
29112909540
40434529240
15764783881596453484
124731491991750
76872040922865202
8564073071013279820
8262753002174279114
685826553492234
16097138761793343072
676610809782890840
6384175656883825784
87574473983749572
716266040316750
8499330732431951140
2489707978023959000
14553755441294585650
616470209282555754
528962405128075010
420261127017622
20019467608365294314
3652355924910884800
1119185560717429002
210562795863434
2383145145596563110
23366774829443122050
10272379655897298912
5665521069048012550
32533405340429032
312317364248180
73666425128632
875654769736446350
7281065552239558534
54340659244595724
720477174668750604
17034858333409760820
5983640499484662
5396200401292933600
4523737396433402
4196864618100
2445158580440354702
8184136858081404500
4026785326236025500
9269038199441846344
359341600976476000
4680228621180911372
8374029633561842250
7248215716525236070
824124717834622540
101753019662574592
12517565000285516780
854554495949194502
19261006191466528412
40758670352084930
5373416329372
23847286542601550
23765973648488940
9786010532014272152
55140306562641300
6460311505160992452
2279542417433508500
20262670904001194342
4658635961513387854
17327719388691684282
3996361702590857600
23647504799535978530
551161422100302442
259830628336260020
18714307410137839500
16388779114680000
5953317014060567600
5294951985272274560
634651509913646250
169284830021750
59828673712542
27521565792660
7206031297770939964
14607145804081985770
1838637195182022250
2682821732553429790
198724191977036390
1288944331854995750
48464543714806492
5797715512071531230
4384949302313342
2145224769800499002
1176003134275005050
780235646977980600
31158153180
3865033963697731720
15618812466262751020
364265136289449532
13010386007829018340
9258114825122658740
3672466057498240
14076440274612170
94372955378227134
4070655696478800
3033689777753912550
4333358505375900
12961437553862001820
23738915616665020
588941427959587404
670492814776967182
94693177864962292
3159791544202513500
855429296711306240
3531018407443965020
1736065368149173790
2144273664443647674
1011029529503513930
22911514607067100
8184136858081404500
3336395856158002
10314013097943707880
23890137196923506300
486113923144155474
765417501491439470
164296716061412
4354400227864067304
16274366773913402
17340636676651723890
10537676421045144800
1874055678985813050
348182639976381672
288553034610624204
13064389294541174352
12361752118189282600
18417516871602116730
644052252350638912
4177072795485110690
8085477693498157134
1822465105598060
23874437150769370
63631073381874350
9298055703251350182
19565416961064802100
938335887069854
198059489051009040
4235392237407726850
16867483378801844100
2421112379113163740
262871112113516214
333305152152839570
1201253666283709830
9759314405577624230
13423910172895102804
105328165592280554
330606154132451100
4704467132173224612
205654764647497750
560546684286161300
1630145090
8208399882759821864
2792653107384292334
7381486834815538060
16511513142406501850
461597493423839234
2173104811850546952
437972150459420350
8023044478449034500
9219722407737281972
12561670184341186832
11598198749432750
543534613585913600
1177013529374944850
11999618048316378790
1731065578804771664
30558787147097552
5879503356104
6345467050622988470
848149618694
3726163614028253990
23687814604998609850
5429846123996838874
570286050578279112
17451870964829661850
1251701777780271972
14118849900076230960
124075346191288074
3114043031821977192
473124183917117460
546427961727976300
17904503555668338532
16974121829566874
3245006897845261852
98521086334227120
1254350003075969072
2514262719384711960
6375199622309353334
18216368931408264500
7879474415252070904
678280518477228940
888926759053021200
12097951155698755270
2306709952067050160
4013073279383117664
6920833656022921100
384597968404399932
12161364189801750
402691233769440
526857424629849250
121643904401869850
23168733692767307750
51984098825378720
17700630608832441820
21836436001801771700
1343454458577445214
12200974194414764994
15847740700362026470
11604687560
21461212633830681600
445488017133264
18347640210483240294
36708097874838300
386435887260879890
1695438330050033100
5801726778999547344
7472427486238944110
33849458212350
3399946504468663804
2195186091218120
445386276287927590
362819461566914
222800929126036650
3975167974325002714
4322136671096567444
5198521508243358372
114176640034925050
21205513906921200432
12333472512788295792
14627205012808450790
1130223805659691600
19637350285880250
1101385042148408710
17622032467284996522
70438009312047360
2919213314747730
7145011307531504
10633207833440885394
8480646532731971774
2939209627160040850
10414760782682293310
2778767053805090810
3458548245194947234
192100016397383444
5547229803616633092
5445133568286346610
638494308760
88950398981742452
35823591082073600
21502266572041758154
16690263537251302124
932117539751710
64428011598179350
2829404527040
2398967610576674844
479586070052166000
3876140789708307250
561184333308288494
9101979989749879722
143083591983250
23212213234020967884
5441308684792998472
548706200224
19048084800203940222
23392390555790
20318252001102021302
20797670505180492
1115491815312007940
8551989672024331054
16768689905549053252
40362559076669830
18078744575735453500
3193203616681224094
3160215519608565754
43494298774196452
18733629523942924760
17730752214028359380
3324881374794374010
18085018910637386400
11736544886863281100
86285749847764362
1222743220585809454
3380281791682483760
1815165531743654090
194682296873963600
1384239957827500
23557474051134800350
1479118359473138580
1897806000480068560
81640773648653520
15001230056835750
4675676573356017684
1685890168480376040
25804526902362950
5305887661382496500
119266526070623100
2270429837172243800
12042347901409963190
10894709884508450000
7797767882671233194
2137705776169000
1027542767474404500
61086508364611492
383202055724497100
4497405780701728750
823206460040300
9459112935684682270
3651410792499762930
442613237323311054
20168870459974439602
373622253267839310
23067832801111288740
103896810300238410
408779930952037240
22468407754346617750
891755750207672
7187167394470872900
8785597441715055780
9526833960264095580
8678826638557353740
1161592520701600
1290243202523664312
30473891096584590
1970348880217914
2633664567825535050
152158533233640850
5090974002513976500
5476765850310832610
4275939347300464690
18842595352635892700
10998056698706118000
58768353384356630
13040435318623818140
1746640940065505134
3596205433498320440
22675885083764180710
9223035548849962840
16620209803907146164
53747349564370
1254884364311824
10550236978425589900
9240088667358747550
46392193607240670
7106630029126336632
13656873604236447550
27977613027533260
325874165694404110
3058644000066833374
20938095624600
4242526566413007292
2246700841437155504
570931989750793000
95504982206060350
29437079882202850
213466424272269602
2595778779569748910
4823871664260840954
11999041397735441140
1076122599012760950
5910141903590864720
31118060001210
2488821703381685050
2244567832846094910
9891846357213574600
1338600036111520
6263264745958348002
641548068430745100
17483968752274181052
3732834
7724984037710541294
1909111672318600332
66499946133681190
9736852929755952
387269487245182920
4292719554653390014
222279285880444494
1212996198557267042
1591977102968251640
529184348363029632
8568551651843562260
4742869479181603014
3855181283417073260
14753380190577492464
4567979034109671670
2214864896626431294
3357595478999036884
3173592598836103360
293871490659349904
1462337291870
3107839510193440
759914663587200
35471377921717192
3774613671129013440
15485723468948635210
873309158879184944
13127811034450078750
113562992754883100
8456669275350156212
178046943060186200
486634845489106804
152186075492724
5087337276968752610
13950969934742
1073667648244695102
389293261649057550
510350929011623700
138197459315628374
9783041594293486974
168794345101642260
2221042111865295030
13126577350481071750
410889334629424
78101554523370
379382886033366152
15211762224873047680
94143287486770
8432300295245526392
1431830866207321580
36968411155984
975173328009490500
24647050800561237230
546769113462551100
2923580142257626922
184129723362133080
8130603033112479374
18442975985448714154
7314026921368417580
5967988823606995850
5884203492630100
13490028136031500
19343372478599342562
3588736822599606472
1784864885734704250
1129439662613056172
91772447760004
5636999551755189590
8188898558570728454
855190648107342850
1286457571108350522
21667071607928850350
54886305633625050
3748281504867685500
3086250289209755850
3454693615152969280
7376370994725100
30291638954371344
6153159812415751590
2255741934812592044
42097355276540144
5876648937713031170
4260003980726244500
15596473462666770
8986297347937372870
879953780795092460
88122914014770250
278483571835704
1971185487194952
18922805226714170600
1810135359482088752
18317527746859147380
19413591281418371752
52866030647265830
283863228468071382
7446186393576526750
14707648515308324370
866639592690452
15352793100653357850
30052061097482130
18569867576596339350
3928415570380050
18868493830340163244
437587047725648002
22045895269521563020
802902913854442142
3882816365112889204
16130228920777883500
23571671151273102
8754601345802925250
1769583144338825970
5071172689272690
6639375926326920634
17317846333056503570
1996573690377750740
267398615293453840
1835840875050
21661682636293558320
215128528940996244
7258889583402306850
10942427451658560
21022268646675425640
120762003317135362
92867555536910
10690203006865564560
42330590678442990
4880306290979630030
24739193220314135112
6583689816820506350
1491513306418037914
391767680759772850
17953635796714380
1409443540212260
19629565360109273842
8013242174716060282
8155101401392960
1321075278250
112083005204388750
482272084677842382
18585074400695013820
24934678144725050
15280081772383724230
6008047086536792000
34123925511810050
197584781487654
964509148728656080
2966206483036981860
780458429997663340
3691182344773352
7608771615854253350
553396167170831114
761035368898284480
3685313403815882762
2831889098554097010
2613034117201600
1225449545505057222
8811642813848085250
3367367680305309850
2352244764570825740
6735338236377307830
8651271483586164552
3210115921839522850
1752355452141482370
2232613567041300
7413582752372426980
15263498368943554730
25891014394799710
2730953335296176060
1145299269756251260
6346786600
603506042912642324
20846321136161995940
2038981977304272
342621528020413460
1294796981694709220
45170607806390924
5451193757360109290
2298851590254064274
24799770864543346700
6042444461016797750
5797277730919710
76234201143350250
3662290896582864000
168982855453181952
2790335158990113700
18104636733804406500
10162482363851777652
11860101883859562424
486791203800680570
165985572345750080
20851605496765780
314191349613896944
3859366367999077544
1359832874204
1990871037900893764
2096029338569471340
6460673951923588950
1769407049778414
4095358384848851030
228008976267869372
8250554513489769980
122808719299498400
11281097170925521940
62382542597990650
21882551312324975650
3382575098896240
7680321007953547800
787537936000267320
5016210160079520472
4206156709299055830
10085827508870203864
997570011451843830
121404580846423602
182001994771218440
5662565559131431234
210406495387600
3987268326014210930
11092348248078527560
29647404603033294
1784312479484892084
13249755681235077802
176361370841708850
16267446508801274710
8473092645060731450
1564646937960796624
4983612067061639830
26250804567015000
3996361702590857600
256236278249334832
23012337025708808050
297169642498768130
1614636274680
8462880712934095954
20041486060162164752
179917467482698750
77684829883554040
5589703163245035010
5734812006480627350
3301817431119535090
190960619645828162
10124354350698767102
8377112138949052142
5538828848408722944
1634352684287205610
19629565360109273842
4895890169902511602
6352979900573071500
68131106149797152
11549379920377731082
2554608332766270
827611622954853520
9573480943130217260
12103754214463541260
2446907991039150542
14222718974244933152
1888567117608534000
5475354697900010
366282338069112500
315281290272450100
8733711729600
8890126473682692814
3661817343620744660
1062204312781734500
16470870786250050
696783772420807890
23059354480354654
206831821802640840
16865025681242750
2272415702085635442
20678418142991902750
7695600361816745350
292090573375699254
3083189765253312
617965015269455750
22864214310003501824
296917725044951934
338276359585172600
443147374025044612
13388010641720
2773188714885040600
3651410792499762930
6254062803651534564
4219570390290978800
3219994488319395094
129876414710350
38510593684913350
1107841982110634100
5908107961329828402
6725994329533709230
10808612186644140512
1572544958476648720
12870787852726412
17166484279158193270
16079176347636408472
22013778184398000
12561073392611711024
1928033832500050
293429353331422
3970134298158305004
43622218915816662
6851634575974215220
13211905760974497434
15435257407570462
34767547417424600
234631734274893250
6976338875013307100
1126698374779538050
912911805738993060
2118870226637437350
9008135900193606554
817137693017100
16401163538474535002
1745607148843250
7573593302969024710
6166799170575924400
538370255256834
1362980535692848800
1797350133140892
25267461814603470
15325755811833867290
1716399225047889662
1106297452785312060
12857880790297643590
351110821041407700
41741050621970310
1843859807499374
705900523045561424
617591059202347230
48621793389746500
168093309489974
10978785613584250
10532969104731731750
718381098484034414
17991856544011715820
2278902200625050
4206944862874080952
6974419362892797750
404498615730892760
194053913424796044
26483028501892
3467403407795484500
3560354760797450
700344604497850
2316267319111022550
16115116221415366422
54724206226559170
9427794055639369410
12714286969504124
222366162744573190
19445873222974263884
16018932731221412430
1214821651457150
1820626707872501802
275708816029359350
4367896549461272954
24229241431884046030
3308173310
3176571041191986620
2471674750536686800
10383165871106485622
1143221211033991782
12496744945384489790
20461576966101892810
18865255061490153822
191944344658638000
413740744611686674
1701692998379377822
875492851949023490
211758122686894784
1402670453859735230
141511085228295770
17316327775982877922
71668920763677510
19173985412225819994
23582350408607761500
13054558033716343144
9675136902820949252
418095121121158100
2548727429902396600
236628191963775500
4654627026759600
17527563214471464
5993644069136016150
14215514668439338034
691342721296096170
2537739546042676430
195338484516941350
17251881362573184132
13154974089271041580
1220456756647420670
733646310516095510
1297730769504709694
8530539651329559270
5881714456106792230
2481563173562648420
15139552715947924460
4339321505687741300
6827046829737249360
2756504082660555500
2677762958322252892
22649284318680650
1829052568418739092
20152701608392392820
944103466684560
184582684218270912
8962615860332640
22154384755466185600
181603552652448080
23446726925177181340
1319067529815857404
22998243909453692840
12185216444825964870
173242218712265054
1796911486708710372
2225764988540806000
164617518899980350
808531671732173844
361254970280003800
413833035225220030
19493956702023558780
989026738865612902
185668140063043850
3075226987338273814
5592955393511766350
10036627747874
1731200566080762452
165609975454
409924277561138340
22034977312658258382
2448133136879007110
22211067087913146850
17058401440656884
26384108804970
2559931967563106332
91497602972897550
10436037188476069170
614543433817335050
21840050252359638222
13739665295942689250
10945453844416960
2178232119511145720
47065431942620
353401033372882600
6690204044500653950
7014041363946864170
314423991468470
4993464394100484054
381809946384867420
39737979326100224
4657785155434856550
9875393327121114122
32423918152552304
15236579132507771350
4354939479430047970
20355940973831848424
13070536651710229692
9048665459929228210
3182960476813338390
341821131549222430
11633009935753584
7858260715289110
60771480354
22356926990551041630
89549200950923560
2226417010418476022
45757847688722
162982448837733760
4106811227661300
1844292777917612750
839942225219143662
646241362182102064
2036073642709222550
3505743266389136080
162089511424807500
18927674647306593520
23826410996169228370
5675710015119220454
319137415627801862
1240204480840335080
20383384050816652600
33022603635690460
518445615003390802
979481277828296560
2108512443282392
13647344851516557350
7955040502744070100
2568268853224464910
359217080598764514
3607664328128600740
9487003577317994
28719104102054240
61427916505215260
2490239856414048270
21218774858039043992
3500017891388441480
14632785266042020
46177985177838850
19348058882744020
58056329227819104
7115198665743994760
21687738647860078990
11782632133420890
16547441329231057302
32158200923941912
207607938069532
8476202457987635294
911325682025746680
14154714869066824780
18483605991816410172
6074912465235539940
24451734161598574364
2700954842266430
6045547452764261750
37061914357832014
2348509505066208484
88545177696012
4778614976199056300
603996135812115200
15942746365190750
20647212038594907220
16787968698783390850
3149250506868180
560083280966120912
5578006876944894172
110428936772242270
2574625763987949100
8378236033764520
121037080533784272
9618185126221170
50243142359410
17199698460756139300
127284778472758284
20674949052363628484
4918258705360182
3955061949823188274
2535222757458144600
85689237265692550
4809621947591715422
20713133065340851850
9106667915927864412
6666423336662205790
209976849673360352
179054220359659750
2739306585115100
109796344594661032
2579355674262602950
7365078126797449452
621506747590850
19753306413945853100
31961677591114590
34280423033376282
340065196165584500
4153341956834538182
582533712181986930
2509179249316740
15199365145659954154
9527852734836814
3339661380478446100
26910238086046112
3276912660951504080
6352979900573071500
41182214601856300
7988138207356824440
4095100898808622532
651090009812463914
868471134597675414
14382285144881984
3455826995228201400
22566410721472836064
65151635123326180
1262654831419370
10557569153790202362
2853035597496621264
3998384563357382660
23180070287877211272
1907223895094643370
10980781384163395840
21443381443976327850
24757057035360947850
16224020434898085320
750137257169500
18047397386566289000
647789972673381300
219082697736172550
7129627026011774354
7978367911474476100
155941261802419172
6450531205777581300
21774160760938535070
3253882248553826960
9457665733738689000
4781795675267790894
8353494425041480
3415310981490850
2684884768231800050
2352414654892519140
18866064714610521870
24950203901795691050
6174460760771100
6719272738992636004
7643317375653652
3392562210500187830
486021988507160
6459949073648681664
7544381023248370
10825150193837727280
24220451545226331850
2290014139091342510
1977860970130366490
17623571086692664170
1771505142954849680
4405309209861795510
12942507207122364300
3883311194953499170
394253877063393334
5854062891002488162
10017662927197817584
1136019477466063080
68981923293990980
18645192553110783620
3780381662617560
12704914451500281544
32581393076413500
6366950033178919360
14219443950412347682
985394821609376294
2095717737604100792
888026386722778562
14103872050008650000
480772727384693660
2102424819299859250
19552107177667621260
5790033064789742514
4112637628599668350
3092294436649592020
403592053874421230
121284107130082
6961760515459131382
7717934374194
13676582171257093004
173167300771920
3604153599193658030
22064100879776813950
29418015102531300
433033340257139622
2721086116200102162
16515909365842799770
169691175868117072
10418909719521155314
11657344688327766890
3764209237895526574
8566312141916448990
8635040244717592134
524703588972381834
3558978649754728200
17142358742500946502
3850408060603910
1473368538030806300
433811140464870
328814588333214
22472100173285915880
9378804363283648934
34650317802100
6744691875419926430
173050155295569930
16382218908235994814
864454826721938764
1253502114242831180
2070747608314695464
17433549226298357894
1440272611369284
19770911543965307154
1513117143107618400
1200913558387050
431450243800
6257954694755076742
37754226954032512
7757777364565913850
3205827990041556000
2428933953483260470
428420530674410850
1379186528761159560
146388222153980
414387103189159100
1538905628490225340
20582312774569077420
384860126012345900
9236297043523346762
5841281864032646850
395590625482790474
23132861906402038322
344065782901846250
55394151290492
213045395314937592
4054570367006459190
265144139547907250
333462120899036640
10309380921370363140
5328750858840941114
70609375118941222
6134311914029935350
7897156455146838180
3977182784443684270
639243002200664862
203072104859175050
5535600253934911314
17527600829621774920
63721775814521930
34123925511810050
503312760998112982
577243884031683850
8286965770183282
1181415277063750
104306616044644260
3205185170971961762
9082310461422821350
964509148728656080
63336959090799590
12136871523816649064
32260205816410572
14528446353978394600
137146270215837960
10258017207211301990
23207484234942471094
1303890072310252
5864505043267536680
13894143471403014974
1584763815995067904
4334751794975884920
6665310173774443944
1989658337095930
7938832284914650
2935597274324845312
2655738148040547460
628223130859220
41951529719400
1680339065370158074
16243551394605076850
3087916754445702942
1367273013850169140
7279083491930532744
8035843603866878800
2145719937938500
805561488581700032
20705318399788610714
20738951737035050
553970271721267494
23942371825974096950
5949908846058622550
16037561443325494380
6352347549130
3583841872839930594
266103856493932380
33251846009946564
768960963288364
1800384404780668722
16374208814907043100
51847907701338210
2069975728545460624
7118670617131810
1123245084872834
5310892465400839660
473379356597993780
15801613267144235610
7457078133629986954
5105844204997288900
91066846190466524
19252784054860623722
9790465205572780694
24218498561909686540
26779736882252250
21607681544443800
4696206762064994
4116977795495072
691953243298918062
19752468367797570020
11351734735035357012
887149087671182
21816565641515688954
17837645135765171094
2211294508711508740
24054213062190234
4070951371409195350
8621081655444529100
13460328804739999490
12418875469714520
2534144707039020700
1202896575774410190
9925814392078655070
2084988762893068410
958689930936062754
9477458539811781974
16234868792321216380
81204505834566752
9351787795092094
122715969311007930
1607371114271825070
8269782662067850
1439220844758188492
5035424685000514424
284509173388792
18754578694262138000
9106667915927864412
6126993882091838540
1541626226534876244
180362636639186380
920246102765110
2613034117201600
787716094867174
2677575733811865244
5751403100018324100
819338599943708702
176434406724254140
13735980965916090
45502459622
2088094360736554240
1525724939458143572
10303207113260448002
605529600176417800
15434816129816753124
17022112274665298262
19577068594792719430
3670822706650080954
158154469495660
17096429485185050
3103781854724190640
9655035191069310744
17719162435391308320
268364443222726162
3376715574688423752
3140334746676563942
114669345707014100
5337225799630133150
4487745617117629750
21331767621669750
4994554770660
6144777614641779850
17363449506976002760
72004015008461250
287427838663772380
391122150050360
15634981250414543472
93825892915755000
3357817337989828312
96043933554368800
146106047952345600
1809018964691141060
2125790243270991000
23950117568204705042
175389724193411750
590385900758486000
41067860281887894
401332316026171530
20910968856942833592
1119408525615870
22790607468590000
12327587040890823702
52580636906858260
157769277646606340
2281534256538617262
10105151655715270
821574665530134104
3187438813438874170
200165659148955812
243313196561820840
1170356938035012910
50462563683505050
15898241375024195950
3171253863880013520
8118551187869254160
12854844428061955620
60266407849844442
16044730657148671920
1975177212976693124
6720392654073708170
86914002562066344
13390069650083328202
11446062480942720092
7916134504431372510
4673686096933933170
12102013077677041134
1439926141080426910
19355750168141121722
17145373043064220504
21163120629825177080
1086650734834539490
9121681449464468780
5790700800423621250
8402685647308845750
225364414020645662
33752568850
2503386521280975022
16302975755991620612
13576986968574482530
73950497231911300
2998888476763071750
9269988514672797340
9446285911512774
1972347322175809502
18513922946075103250
23635038387889323850
262444502125809740
23227350887883707972
10042364071206862850
23218547078624744
734497507667464500
14538935529271420
14113638860716572100
11672022896125369850
290777915127935460
6932020848458420
14810019404110546350
212905190830070272
22808152934973734694
84856509752544684
5253240146673739220
24681789629704
670227759661747560
1832853732171479990
4809537213288704
9350554491867456322
26262472779537022
6567692638858850
23576607962887955080
15992450627170684044
17944863572811032
417165793181064250
199898131059372872
8445312930755794
19910903251677200
35056035133000
22259607509202538510
4912396674739307870
9963882111375028720
4085089138849600
3059264648968923980
16166254320552081200
22891347657791567550
3637726974964675684
61350699571851144
75678088235050
90077466495766750
13117327492073679890
1892316335830396854
1136807043882789972
10606596789404
5613467974959000
2181922972251811672
29437079882202850
10367137017434660764
7759579672514852
3988782810019306000
7848392611286564922
7536203870932
2500895331403447160
1591089937010771054
242745500535994
12938845665495914332
24449767207899430930
24061317869394
2519445781822901932
18607501478351281342
693057067929100
20237056586456994922
3572102224733042
4686208227053885700
248907332926486262
23507169195610100
3760584849769538954
94723717688687840
1623133724745454922
16718996960408600
12035988956833130452
7514557421114891730
22083228903609536300
5423485865371414764
83597956486928664
2234252451933132750
60135962107631300
9306145392178660
738693338757256190
17253435399136392
9272364622448254860
10547619270147873180
24271270583497935712
3868733583283121280
26732399784375142
3621732898053459330
10968377328353877600
7920778781038212600
6108901221273595542
2561923721438942870
10038328114591401422
4518435829345762604
4130748916197137850
580865593550544324
996231490565966020
9521499899972921042
6905199320667533880
1742839037799599740
96244695292803590
20674081847912561600
3553840925432980
11365569763903102112
6818362421743262000
286270930225221284
2934995539399054740
1314340055175714490
3419103430106210
18534687602934799324
17821347726328303850
6474947000
237022930668258870
8888284632431562932
13779282868501212062
1072064760768024100
436193178876481180
32362453184109932
18205330161647204004
1097673523664410
6462486414505830020
1191431522219138902
685057623437935850
1353685950901572
192827736894182390
180295752573794
38038472334772750
23069941777680770
5834227649904624320
41502032500114340
10795288892860715412
75781037519247060
24545301248470719574
231803103297882
971929814765620670
9238192709547949224
5265354640458491280
13116094547079063694
3984745144436258840
1812928607101440882
13321956885940900960
1326746729729740
15226235067027157250
23165391592993364
11006701995805376744
133870229718460250
7733276298038150104
3315201826026441780
101077914579176000
13190225240033538554
933805359060073784
3004191534670762254
17249177832164744
45796051241123912
11396051339229704732
4977648059720002200
442478743875350
303227348289042100
13362543230432408320
5856756303901442550
10126892875035112372
19619557846112706300
2966408648575981750
16156161132166545490
3435694480381051350
4403133821301501594
211600051040
2018597912452644600
17071070399186010
10604270252861520354
5022964241674
5784693258437943850
968257801486167984
5551361405242744
15077179360988071250
15220958747020642
275708816029359350
10079248420268041190
4147324330132
611445253136803800
13851655290
3465358401226417124
4063453334911250
9357252068219443724
11119555313002181760
92139121859929760
19545454833056734344
44343794071430464
12835424442264352852
7464563093274980
20529640962117367080
129896828765743152
7379884779444867690
16765725411783358530
16827384439059194
5485737302829170024
4586171812389659930
528637140134350
10924239676717695020
1396455575570843060
22598840487452661894
12552124068182234904
9730208895879270540
142255466170396460
7031404833934766300
15178368224091864
217369235256416100
898876107632472580
7381887389410437710
9893039232842220
10152304382065667822
1022713248125146902
131491043764784620
39586942450533802
12868208445534022354
1363883374194688620
21051261643444864232
7614919897043537260
294433273353492
50349981064124
478426371500
10101022313197273304
55804835140154100
14442112196189733350
472767115493398642
16708735479606782824
1071122724546306300
1229456043160
85491088764228294
1405670190138029180
2080491800887637690
12823904241544693570
890729557542192550
5143009496929838814
6594357220311466760
623218252521228540
1835250095101076654
420523721833670
4544270212322767080
4994554770660
70474704268696324
11114109900457437020
19493126921840146680
5425393355942833022
170188323432101150
1931874479235697150
136522459860512440
14335724676410306730
6342249298424284280
849240644530978350
3540012326896284432
3245223153546075100
7344705491820689014
3006437252044774212
324900927419070
13352480876987604
189517817781587894
14542680827467520
20471904883423921004
10885045141253430
2638660744932455502
10371271717893929920
9288058392006478364
494499032930018754
3693861928356600
21068847745684593162
812964048149218960
1445459934645849850
105593004909401282
613116812040404802
3742742825985912322
12632241051640337100
8425396461032950
20885616049478529470
5443858383142697100
1628800437425295464
579988788428610
2903235737776082500
1443338728354700632
472461217741256354
705751030651860
928464093704566850
7240711536466448040
1841463358143428800
4101283915792615624
202099796677357040
738123361646141354
575350757395737050
892535096782246682
258368932414810490
193975472589418520
15404192942517518902
9796407135880034280
37540183567396090
22054700334562140
122771612997280564
6484629178080772810
905665958915757754
222568974463144974
6938469406161594
18885504209100670922
13441482342245855170
5624902405874669764
205654764647497750
1034406196410721750
3299408171504705352
18329409814271691590
1620434376038106244
7306828927843550
49752123500868800
901769527674213970
370880272234850
6796499400645100392
35281683705161894
102999489073262940
5589052887431274184
28081774557966294
15027283071205852750
10833693361171199640
13168571413080351524
25534935385566754
10957565693549930
1707831330261910750
6008047086536792000
5756719844988257964
46553338336288602
5101592256162251850
17028109528623460050
13582314837542374
2417815614625825750
3854557331064132
233127697573540550
4612295909868535812
828232673708081812
8235325402244297240
8364347297476825270
58310634616215500
30709422236578800
294800779650011572
69804237315648234
724121235224365070
7097680186341374630
68214637921158820
13547909520661215700
19635404844324763410
15452933097475264482
72490112832834970
1618609376131280
16986162011491154510
945671547902954250
2263654618053206820
22710293674104984754
23382939081907000974
1940242220385819350
2074138754864
1081329634346704470
17100952400841868832
2468318319521432
3231188998617084540
1838637195182022250
21934178348143277594
24527491252536052
18099142135316808924
2902440087765267014
11278344598459282470
95182702095563460
984687322784769450
22186369493564193190
13952573331532880
950865868374422
460202951064950
44995588907127314
204509937920307800
17614340881388464532
15892545132978770074
3157884182775294000
23929789002158566384
49799251383358750
2097743765040317550
831031728656627050
6083569556082154290
10737343201775184120
17648972856421790312
22714015865822751600
3632075970370258112
118923998943330
9225402624856930110
582891633101369750
8500265306623370
4673970411791682850
6996710072064147890
9590042755834421050
9596227636037014
4702753097008910944
10537676421045144800
9994515593230613250
226419462766078400
22061369319673886664
18034869932104074240
1885255148010856622
78612842
48059315657279210
5907430097252291300
463956183858181590
3012159304918513750
9532655490818064850
23984027290378229932
3116140271687636232
4591499950291160060
24660905218189330090
8433185516094208940
19845654416678029500
6553230493386321472
73887098415236750
50367401450312100
15866930983878774100
9717895710195812440
69852836578349000
139132384166687912
5070391646816454742
12654430315573404402
102658413527965460
2519088072196517250
3110270667997969410
897555722929193420
7898420595727937314
2528938976030825050
66722768890074220
7510904537161482990
22142513522431846350
3831089074183750
2999092310609280054
19601220675981925150
926435365319031750
449892510064712
1591216652297371422
1700627153856964930
490659983828910770
7185204536685297430
7859302746958528320
3040892185509764600
1202588401957934744
1275902114374715520
871210206655092350
11139175367971292250
2326191281370449570
189594902806179390
1382148528838182560
2125283950164804
12770044402240317010
801235181365032100
474416305108900
48270821080507284
14677443420689034090
56260646336752
53191760020
110189256983100750
8731862478054556250
1095517568360100
23072540442014157010
13441482342245855170
424691017564153054
1485486652769332514
686001016134704050
7407556810504450670
33594435489218800
76898159927720450
2981803492472291624
120395963370106932
4130230622232186320
4090725493510733000
2764165800236163360
27394834560211580
9961875821762387250
23421372619426380
834540517193578780
2844676952898572
5242385974573927830
11484515688682794604
947645869071745250
8472648455935421450
10643218202407114500
54370865746580530
927533846710026712
4962761460529160750
5629804305051792684
5487661190038141552
26175055929301862
261691002880889100
18025478622103439102
11102681044407230740
24503901692295754250
4003191935413171592
697466155025077530
23730099176085985720
187212230752600
3517444809396507630
10240597344533400000
15457813466423130950
4808225897930
812351605031262244
93039894796730050
1246734468708829100
18043481856196535050
1384658560844277184
24261491486606049522
226918965884781500
612632943750
778306858124663170
77461330157855932
10862028724525384662
6032109781535204350
5948545988674221724
2476251706505500
7371869490705720
177385938988330352
4618075661026192
2476251706505500
22892283720995880114
5166877000897077200
113948424340588992
144506236921666802
14132535744044817190
908658988732198312
19306275027070063032
2216651711061853332
41362396546461732
6853154620312
89125346275672590
9492444444416115252
887149087671182
1897806000480068560
2751106217937924
365146634080234010
55681862701612
1245370011487000
15880445701136250850
4195396372143136070
979833576218169530
5913157124
1125818307237935500
300102915038850
3111372930218084
661886747372202
22423212540966797274
717265063052509350
8559148660107827782
2296681550176783770
11332386919068559722
5651738581580246120
12627447212353742472
1528796929747360672
48631055271767500
316902625837649020
6607986169988140854
7820330380190986100
1229621891485753682
236688888879607332
7229663367435730494
12298778670625116250
8190197564698078020
11593711710714751464
1394503320983058902
45663377517089952
187929014700350
701886116760920
8016224533157263500
7536095882980949064
67871510088690
7316414000442949000
6154783049398250
9178174326953724
22527541088585402870
12207398397970945932
1101096587215078350
11452743048441347730
10022734517900350
14199805683370969662
9294246252592347690
1652267440110740072
24313354390682229600
17167992970235692844
21242660242276306640
167034721155347210
586899630809806132
4829114197907423580
546316936498034
2108365396008301760
2167201211298600
469664067179993714
1876635730975195932
6131871842077912750
4407485404393105202
7914868238072691350
17445843088115022
10424915173750
2328382197466530282
2948456342034414304
24837563952604299534
210699130941062450
13271857945401770
3460136382995511780
429416039423123104
43273237241448214
416701710614220850
1450654948459572220
9841554842901793440
138339425631331600
68837566702966594
119157648995861350
31591436523787470
13526447531652122410
14277167056126168350
5366357300069220
9054266457990018500
6191687998405073080
5204066501520853800
10430844818128330380
1055678319318350
3337673147153974864
491762069229034800
94314372814844
4668002523211677540
14707648515308324370
2275894100022174520
5139955551600958284
20878626230381235050
12812997522168875350
129819434846576930
1041396153526440404
20169721721587445350
982037594789715380
45957218953044
2629414164223434302
6600616549539927044
232637780694
1320278929521645412
880360163384259580
6772811253307683480
106674053814051542
309674131057856600
16018216566546365682
4139307811252449110
11198840967886702
9101511296699081654
4789965002531410
18855541256604090500
2745804449972982832
976490575818886100
14979553727951811350
13172281602831999802
73951320943214
16533503038946889270
158779261145659070
9425388136661364140
5339424655691861350
3894209422339944052
17800585458634440
4966628759687603184
1610181975442833004
1905047430650029010
239065190807081300
387651131531350
2497695105557047550
4485264092418250744
15448053884247834850
18013744642946110842
20252422260932056300
5117398607143807712
21923301915004766980
339866086996281300
302912701700
17130305514618275694
9401354265341805690
3180190539096416300
50725258818850
8053360500277242284
8611635456627613540
129626101354064540
21975001019321864354
3586410473800
8706447565592860430
22694479462736005040
3164245414276850050
134619098176024
4560717099267884720
21814759917817011600
10754330530652986600
7294157304032590380
7506847339342871100
11269932786000
6592885084164767350
11263642358719580
13679762969007623644
363175970451806974
646692753104891220
3946790473738574840
3429604291419937890
9639367827492960200
1156629636735214272
1010837243643150
74650580255845000
1650573564266009860
311684018616216260
48040956786991084
6031892826603512
719288835831405840
5697118547008081974
4734825748633744680
11614518528442661440
15035476682750630912
291593370337680112
871452200152722540
56911811012125182
343824757265357130
1163428004821755050
652777225927982302
2280768591462102
254405089435092600
801917121225548680
322798920432960790
22409390912450233654
13114245292558533720
13938610538009019850
21676055461682043800
19152685802728828350
337879800667103800
4208521502310087270
8225720226951682
5511450361622340
15042307251522575052
2610967286317390
22905391620413851850
15983153903680770730
404907066453540200
968432422944968410
46930975123700360
13432066536047913560
12488424199816904430
421406780265765344
2677014119187207870
6934169868037020
318037487753674040
1587084202135250
2028917734158957250
3372929561752418850
11924253613312760720
1873053044239928082
9275216554704996830
2433287452769083320
30363140234909482
2935797873193275610
23622576905892968432
3655150464487550
20116994434698672284
22179969777121849154
10219620558679548940
60943761559045530
5981716447776834
226472763847850
5585477384573625000
1431947944693991300
940735824195244
9414807563248598784
3034306625151058600
4406397206368633480
3336568956757046024
4825618700954248442
1617166309844932
110789189328891500
6377353006834878082
78772483551762
21577452500982910
1136708575693165904
4300460354639267000
182326211463437652
4550397739838301274
190883118521589340
41666762396980470
3809099351847790
48739782
6605406101233528680
4542043555563514884
121957399653824722
12835424442264352852
1923095601243780860
10474231379480
10372822549377057092
23798473811946110
171376404606106350
118072973516041460
13101313971286920
811969003845391854
10551807837252475304
7072432851617753620
5906752291507247180
17219396922387300
9142825629607950410
155566917212
145438262828600
5265985752082664
12427334956816692224
10669595053058291000
200943009275760774
12581376244364570500
1431479673823427074
2941418816676743524
966164185421356012
22374404717658452760
2558846045980451084
41084182014630990
1319287722277244020
14310042467735563850
1770950838452950
15158096267783546924
7837074881737086000
16701344863704837844
16301524444437847850
76611216668512372
47875963550897980
5689616599940
85816800203786470
7460307609317629990
10963625386191300
22029117311198470
23955928108120246210
15836376897798829262
868873533683489404
3814982103190156250
16844106092616600
1056693617545479474
1707697711949139502
13211285946871901350
16071277649647064574
138847341236462950
5802729920874890740
9276167344970735664
19972949901140142074
5940033433705433524
703464751080
18346847301904505850
2393455236307347500
151744935961970884
7470406481985216840
12665235656236220250
14282423311547328210
1787260760390
12462188370528274
11132087355544530412
3776551756779460932
143552221974480
17186860000558869544
1507997235024
12106656526599783330
273266691308775290
4274077921298542154
21360612329419566632
10773465360197995714
32005706902
8264496746990203500
1337974205266972
20876879049777195680
86985611370734384
27385873458790
4213780167853418800
2466389553309554730
752761185474783100
23540263490287692394
17292802909631989614
4713616567565220980
12575733421812
18715917015149366632
6196160700555414
1813907007078088850
56537549211935544
155387113211533322
7972425164630048714
8289812074931296490
23531661747064345252
3470131491012011562
35779421612587800
1020259482651786300
123832442906847920
18463680943058293072
11307569350
468852687865957850
4074541322508552812
16222574398127673004
2600171488326488610
159365012911151600
1336098029347950
865577985737697600
1868331755422810990
9458148115934735154
534196561613115492
1923387747539795000
23198028404548470214
8677922148545263394
14365400932215577860
2714270644958803704
1804976361953236850
11625777110731891870
132686468592279000
2723740040454149354
9031878056520823372
9060337139719479810
794891362527567054
4111166019764050
218053409566025840
29227876215865250
693311406517866292
2974706337257145194
24585765679257867392
21636547392402418854
37001510418359410
7232155503080
1923100787039810
786875322601060
9606137997164755194
53569657081350410
113300759682973800
15148478967652438422
16231975365222208410
1169049126908098254
4150740352656481892
16565657037694730
4868276382643944270
7909382839218362502
20799240461521980920
800408711338964
1513849426964196350
636051832815313412
1024260480576219810
5439715578206707952
54886305633625050
12530665200586905750
847343217346576594
19287334726760572780
18439792153629917952
4080701047723649584
698490668545568990
14410332438529453342
6736834164444848200
3255399369930161300
115181327312955722
1568404180454761664
90853407620250
85392143481754200
311050224241404102
2188879974780
1684964030902833604
8598339441047532
3540243165901393680
1834686033721442952
23802305607378276770
9588003277601280
7919934215150309352
717753168427219562
2385032830532683500
2118870226637437350
8940426921947552350
1862233025139760
1007157295203024000
7432085234296591960
469359676628419500
7048413600683045782
5852379979760037542
23893036876418283000
293443329850180510
12782154414009134
317810271918939072
1769836591600
13489894767095621994
3723765407459242250
11394941845299503750
351764028146415500
18436608734050281230
65475194683018514
6095011079657216882
6201172507913887114
292446107498214684
52669083406958200
466700830625302
14912923770842748842
7250191469838342740
274655347773929500
2150143855586635920
761399826159404600
8572583876235876602
47773014850
291229767629724
18595484449762575782
6605013365874
1952770886570146500
2586462755456412560
24950203901795691050
3643856335171614562
2952684914237850752
6975571022625188020
3749727388052414444
223149201002788984
4399328830090133632
18541080240705691200
171853374568459480
11046210858017666520
172379190718553000
20436633965788391850
18007488863679174750
2249821049724937550
10114205025573717772
1858773570599025432
356073344639116300
49289227655014
10992116011922978870
3953306308900524590
17937223563936939990
534308346960986290
311572102234016134
637709746027471810
6534567022862485754
9483740789471281320
4328306584316134420
124942759518172
22000430534419519820
10657455620054517222
3466948883692591600
8740498023237642480
328311344643017554
17417529542460451600
972805640852396610
407774889338716484
275879013655584850
908992004930492574
33140549648201100
11930463922250770
566421918050765414
1816284770018773574
4108764399829466300
8822168730947858300
4246493974949458302
9486641342463855350
137489266029096944
99769540091788490
2854213864959351272
103390329609169640
6005987925014807640
10769742700686629660
3812785189097844674
965379955391042620
267498407444424884
11249198288696590954
633634546493490850
771068933206146094
19404081285932
12580778750607894400
260808531924102540
239309921754836920
18555429725340
997480734787190082
11276017295117302
13007935297723023350
6617206871728069304
3106501732604537514
9787495254257316750
30402194244434700
177288169217982130
881742917126528100
267531677700921062
85944505513176310
18117200513836949660
3889996027998083350
44024863114885290
24945211747685409180
839706824567294840
22170829726888243324
7519023866328275620
244866213288486790
7981737815212924
4197516222264092
8169432003129386444
6702490803416436994
15680743514295034032
2666445325544
29296217710760
1181264300332412752
10116611111464
7839169833488558600
15562670870322865300
19684312251415000
2435727967149650030
40588553073393052
4324550198852560250
959903704695052000
524593314170862090
7321189911454154162
5129277452568468654
3716338323406526182
851379057183219642
21948686553649473202
11990970471671942030
62929443645992
14670737500465591350
21637942338936704
58704324435720462
16987658801191818324
2056657750
9788485162940140672
24119052920750390694
1301868246820673480
11833828981649911300
232258676294047550
4686208227053885700
1179137072966384
3498350
6449807181183331130
1335103072317363364
1361514379217352542
1495259029190228822
6579646947840011500
483326290770
365987642270481840
160995554283135572
7935992520758060850
3804981622679472690
143315028147723250
1705560885076126694
141139992177072350
1851380592324778750
11979447641064092800
64165339573084842
1163929064852884750
5136071033595814
10125877408022922000
9133893608199856300
14659144418837100
5858173456300
14862081800645521792
4881481133067158400
6633458740286400050
2557579574163749370
11824270608130514
3645852085169910
7884944251284190610
2303254817595914
13987712190667177484
1827505642437566014
8034413814053510
1256153194998982280
268698093203490302
925930150476500
195207114486179250
4871501733533657860
100119313121749350
15908213482996861460
4668854728627824112
535427165615016920
8405776060226055102
2416775230931965640
1165834569142000030
17457981418985917110
13835661288409056250
23202755958476177204
14968660147093459710
5360190145600030664
9500605339008784
39112809300430712
23944308085368482904
4650133143853324164
28439339328283310
2567905957092299734
3174294915676060
48974295482750
12724186180096513560
3673432619436683812
55856200308917750
5754177802979774
55948746959855750
816185057915984394
3791597237409373770
2084057759425541242
105478385392094
15715234080768040
220173117332474240
2222995493131895944
859573814134780850
13803606915986008500
317810271918939072
5640599760375451580
22477449769641750
1242729167445017932
2090965667498162
5881376653036707130
8270602027388684960
7937261320909974460
3763000817558933384
1184409151665987170
441660685599742
9900330179599057072
1833699239185907500
804117444448468150
20588363556980352434
23454352096519706824
3741058360126567550
13228648987189068860
22859538585634293634
480773392690514
6406837302943615850
14495195232074256350
20452973353850720320
58811068438974852
6505735679506157952
6235336402892008230
16751649433819950650
5235020521010
3723765407459242250
39523476953133110
12433848338402862672
1442257444915210
2460409914687846640
12832392058280449382
373195002134255120
7777336787642163042
1609031632479512032
128251851285740
11512999835633788272
17852949177443314
1777136097395794
20426319397612505300
14615887587910
3607196082812466144
318113253432613100
10639002449130557632
1668883970501002970
2064851132488942
4153441122387172
5957067689758663674
267093552757474
571284551402431920
978248981555359250
347291582332984850
4075310906546531250
320087917067204462
207738565802624024
10834227476973192600
543534613585913600
1524037305129350
328621802992818790
1838778426019388854
686068438590724750
115925855052672280
17893606840450604970
14314141660
1530519269308087674
1996423463809240340
882312759503607432
39199413156170850
9292341966282953600
353483033331981742
1166436793130144250
13613082623353892954
22886667772362395500
147399686444238690
319441345449150050
1430379155673364
146953369900342460
10823015191720541810
1796772674576308704
16375664976979944762
139949211142731172
4811365112469555640
14564421785772316810
15886138690488397942
24777910378323932704
10408021403278794750
3386976061332793230
6063844875078905972
3404651872732983002
5644856775419260042
1301436894195530
4317044763534861512
213747456724038692
6752931133616953474
3833081633644947800
3291095418186789290
18110917806727736144
21547255186336490
1235320399670240
554774768389872550
1161525451963519154
7224538160368654580
4905022550431178520
738550813543434892
20807953082267691410
4030346030027000810
1345017712976383600
58576423513685000
322148244976678274
98536815941799600
207435987225225850
728483242608814
5956044602496956660
831187439445959750
907494152574609600
3626901668961124750
7460307609317629990
5585152423948556250
1390375892455367084
12736242138760152390
4924803917550237550
21803025445885305934
1476361140783653800
2414868732903954250
18041535033794910
1090749890142757572
6644556710692396500
2171184407097709850
205654764647497750
1691256719163830
13089607246418239460
4026154999708160
19585789232329320
63937582711313612
52688753328291500
18364297228304507572
509703158602663634
13769050787557424214
16838468752381890224
11339570361249005500
7688164317819968182
10372305586225870144
12570027501657838744
265971327092962750
8063255835574500
220575875122681852
5205055953531434
776233702507638804
357849491283765310
19887737652574865500
10107105039659257410
738048536275050
30729111268936150
1811391921174278144
273841835086358000
2481916879379985894
1213658052479314
256236278249334832
3930536124456380180
10361453823069887850
96090235282503350
6931143926136987662
2540078241453157392
3772434216524679750
881580155729321790
928633304669820750
24481252710983167554
305352733392474530
154393369091984192
12458148046682539630
44721769788844
13381306635266471090
837120681761379204
635606024428510850
5560462244493534
636426153592672
8593289454099000
2970049395726248290
4808750542798047400
219025419654298180
25301489833651850
7411975475194439010
24199951110440215110
6640855841175815000
7357882951947625020
18652353330881704
562984271269003612
8803868844100015840
2459355814089244070
8348521588797541132
185390010847615280
7863921996137990160
4996751747049741112
1018807484551511620
2301023167754531220
18284922499416430
86828130362800750
12056809418788581790
185086953661432642
2666445325544
5160749225441131270
11053257824628289732
707141207010924140
21659886535823443922
4456663289976454172
194080065655870542
1086936346888931312
17505391861264056750
7676195361388559460
14031106665737408520
436241187811285780
20700109851363162000
2397071659114300050
7696426921771171612
1744331901273114230
4110571565972978722
976051345033899750
1217151359322672
17678851442805294
3871448325182483850
1065108385674142044
14718399331069509530
11594835688299258850
821960656173689494
293942896321321520
351274037457976270
843557903293720890
1481035680750602
14950970751870154710
1096584852977625510
14030458245722643972
429273717776157300
487734940
11416591594943473470
2846561646020788060
16264548728122685340
16951015919058133532
1526584629632191690
835634402931813342
20440073023104064460
20996814684749526350
13473533115617874600
16019648919910654530
5873948666140107014
694331340253841052
2624615557486066664
1621498405834650
97674480260437500
2680385132547782814
16376491882584002
2000181672158681440
6514119749876442550
730178264757268210
441660685599742
2839511725902443722
7483347996038787224
384816423773356652
554544822846784224
5488944062614404854
13996197337539894
24790826190766798010
2786733920397350
31927885511977420
13034912159184997400
4026785326236025500
203776506223351664
259440237911463574
16924132417049274494
822337430436802
12077077420306678780
827146064149468100
7603446117717306934
649276667825847880
1335880883151570120
942501941212602960
8702821397928491834
1976966080729390170
7924157720078914692
2540978169963129512
8377112138949052142
38246905357892704
2741800129308727914
520470541368649040
2510628806270
335823311763031730
301222164592737850
4135934539151842000
1928856928512514
10865240000254566080
420005096748318004
5332742109488690
232475950747964
23665733809869651962
276132441600
80675171170620040
32137829008709340
10159937151285362182
5122574025845704520
1062297899751897704
23198028404548470214
165683407169724094
8975161074141496850
5245035606019990
187088925696574134
4077107026588325202
24473378486012627430
4193299203751200050
281436184263224302
18023131367802313480
13919908498462580394
6492265246959602600
24591691497102112810
97877792206297510
458051434199677500
2086596139147542
95691464012452
14270598777215916300
5962867674098957490
239830598859728800
10902220871841738712
1591850342265493492
18621127817382215350
13593442737871043800
20347370697964297694
4581408463047638222
5634382300896508250
16375664976979944762
5269086388840227850
23911407643495061382
1145398295545460660
3625986734717650
293429353331422
18262944626678317300
19689013076236504
12706118292774118940
2672711341648808350
242539464303469740
58384964140962992
276697059395164590
48660874914540
3767110634168401520
20142494712297285174
4696757662133771850
206283726625063010
3078759541203276660
24271270583497935712
3517674543832750050
183627411833260850
18432131981723922
6074595753593290
2445615995574180
2064886732729050140
17584367752396470370
3225372827580121794
19083176285306478800
465768944917774680
799494422149280312
31698809451230630
1529564075639930
8739588716980228382
63246016070862
22256857815898032600
2700678119396750220
15023870054956435050
7812386148297739624
18522705862765154204
44672875728100
412082151703131100
47821060365782312
998220332400550
4735112848419876780
23816766644617822330
143711276246323240
35529898962167500
307304653378800
18594683521532045174
23002940895426860110
14012322756600
76689394143018090
834852946321326002
10543955296968413034
2873708019557975054
5793038329971287850
632111393570483750
238942895746990374
1662589044635224594
8104794061878243744
183076056948544522
129819434846576930
11725205938337183670
120871977877553280
2917186111355005050
131042413519688594
12505664643228760150
1732550873089272042
2268775944252986350
6965594708539207622
4590377851438932190
410199277882222010
5849015245849144202
7957159059787114100
158329782800856940
669102152034564864
18619524330355800852
15106628417250382324
208924550200694290
10048258092136840
13132514440665510
746779579726527802
23225458276364344000
1210000935122399420
19186281726747298814
24895331398990841980
9161180301232729770
11633099577203566224
1479358299996786300
10014237475148214
43938961666795650
18154133060980
505078831584122250
85646747906096832
12214993908888111350
683644359222500260
8949679487269020500
14386000137698112
753628959828418982
13856205363629378442
178194083375089600
10527217860090385370
577895724033180424
774903148465167540
355249486519383250
26134336166986350
128182974742028740
7070568585550932
20539994633432162350
19567081161656421792
1528872408580682
4504315439760552000
1162326242217275590
9343382507687885162
15663834996592039180
8392096414900088674
2960751918433945812
3880913973229384
1988323810115157320
206420648171382880
4080701047723649584
1311886858637600
15423510388505640
2351225615875607772
473563803202
16308781971296493800
406088772921871550
5904380430719659784
256526314463081854
12210903578095039400
1278588637922010870
470120930577118100
194918333669391710
48869654243410
6658958440626100
2173745229776287154
1365690396714863780
1613380609018525204
11811588342833796594
1388095255099644
8570343575921054382
120030756178074302
2269587422687600
3443149055552757980
8750050023518098750
23372478902459224850
67880971085827354
11469457261292830450
10457866315696598414
260188873107091110
2899046435813004
48452765256350
24898322108598031352
18603495155201726522
2767426862035344600
115730511853812790
63858011235912600
431128817568330
9914315428906668850
12189300320806359584
3180190539096416300
15510874770294475000
74829574081195410
322957250339130
23411484689666087014
2297015302456474600
7836237018617699300
23749736055318350
376365354058784622
6443371614022
10747054235517600
471951214414
4985111782112
9051527642136980
123469507734560
18986994570203650172
255110697000836692
1720829621746610050
6689831982378538702
12161899693202933410
6131523319804139002
4938419753456774074
53103095832363682
1073071280626930
3099600915217336810
818547933280
16237718923235810
1675460175683549920
8220985845260984250
23309121282524900
5413321075766994460
2160804324802372550
18094429260958204
7756114438060112644
156652733217865140
436097172894739974
817260851771831300
2257718157722881830
21402411876130600610
8720519544
9004374704717000
3126719245489800
8534558453174140662
3917319779602643750
151223703188962712
15141612269958879432
362114577758980
21623987976514970662
15723175496146850
23018916029442179994
18183267673770543150
17373342053886317972
801765541429913082
1030558454590855190
1624420313560775612
10873806883321016440
12599909109270492144
929056433271468100
272557470941895412
426104408654375894
1603416603696457550
60856041811098534
7407958425635114270
23919145871756033250
19493126921840146680
11040250672437985880
1894337456322783500
19821276762557942984
52394282374137550
15668765234341513000
908242847169234192
2908212257189862000
968519742531042310
1541358361620350
11620709736269969680
2188192091954044124
6116203042343741620
3425431195435830
35588492384225200
2264645165129385350
11106753087161382
200379874888278800
395278413941837190
136482287242094794
331855816959908332
290035218621850
4555415778892722940
11439941195274201764
7668361212339124830
16636966110100
19972104875741663750
2188513949003569880
1222990288838362
13471646190961251722
3112575593922679500
7617790369736018164
21399741988587796834
1232548866537543800
1024169418336820910
24322169550738988110
3677806288113962
248812789214975440
167315332176149304
12960393054
24254647877254775050
2142055648530228172
13211905760974497434
565721463791218240
19312042234130843750
13400089793553840210
13667922081041250
87004122796080
8387687189941889194
7834680349337620
1606094667405126780
46284996452278532
2189801732274827204
1510285904903000
338593857967618660
827378818992861954
18049747010655762270
594129754213945712
917263363950735750
273841835086358000
22555434719202350
43733311098079750
240290725008654600
911742882456403550
12617264834275034850
1154934710282964100
17839974249262336990
22552522940227064744
1894626319931085182
2615589885827896252
4386572965130603800
4255232068017730100
2309557293772732850
11393244
9269038199441846344
18043481856196535050
7295348338097807752
1953805356232250252
6819494700483402630
3183599950089168484
1920613701240274964
5785694190676255640
109779285318515674
11501264660054814194
1641345365347346530
26685125470676050
20907470546442420070
19284865280619321474
3319379034773392410
482065068560862760
4356287827470946640
5095522650954345500
670227759661747560
108370280782749090
6396066533454964
9104136733960710
2192540158676643230
19599554298140859064
239585468615498812
11094522974015588030
21256824056246597000
267332102706308094
8411075894129890240
10179802493700632144
1611588787691396462
492602998665921000
4707610746832913500
84800274208568842
11447175705843945390
1164129534175314322
8231412755081096750
21484409803190062344
334995473380012852
1221807461017397632
7553604477556833410
580992277242832
253413309877351820
16444214220988664044
46026703644558560
62803148021350
902266243043888100
60342599136115010
277520739118714
429131431509442550
8369627530232160500
644373830940456582
13028164013801664310
23521151706926903484
7294157304032590380
3520662115686040490
11941481214527315490
4509572103140411580
23472469332343433350
3615631475459948982
803510007045112250
15891833210365446250
1694989489636300
1551052419005602942
492971244237123152
161815501100544410
20326579021241350
5657970397857822902
1073101718158514374
1214133786388564080
547916770295224
2042637103372042060
4080444253157757100
1998097872173720
3334802822010962940
5547229803616633092
80175378117832914
4005217388434944500
23732022546157118494
7607952126418666352
8480251691942550
3445636607585935620
5714950105658593800
2591393488236960
4069926106955366480
12470608023198156260
1787490567240914690
959123289344272144
72277922436227662
3255832930605853052
246645707784253250
265408629330302150
815841620784542
13103769876990572784
1840332502281362012
838765716722352202
15071021058068467310
8026029572501627852
352295429672986870
21996796395992986750
1407980951596775210
497512274448618940
682770577892460954
5689206818338125082
4041297243568003192
6397117794239869502
6174152825645920880
4395526305489047820
1390032354144440440
804117444448468150
644576775374
199524042370265760
11189433470969543232
6594559263183780
136422044938639770
15648347537959321614
11742217444155724240
15359731497402565590
18821572478150176350
11187244806435276110
407364270566309672
10439153541033700100
140051566815468242
121662328550242634
2312742735402151850
13358792918660745752
6332603384189338832
3182107995640393820
32049662534637664
223842334608530
1568404180454761664
2966610824448940774
24323023691582350
36980465130
2336992278346441730
23047127738913935734
7322488809764744
7853846258269511500
842942364110630
122827275604494650
4750060038001063214
42631887243598800
4694475195513316822
15309135239848789350
1672564255616020992
24631224329313866070
2185940086519786272
723840433168352500
297601873899428100
13240440793423193042
739406274276342530
6584057442726918434
4451727071171001440
10841250246750
22083228903609536300
22799752629108450402
16049750536787657684
1195005507936139342
385341096354626790
3399946504468663804
1351162820778050
18707617916750
236476500747587100
9784069682708360
6749934166826211790
4836694289019223800
9722998230938482
11959877890817911250
756526960491289642
7461518933092581812
8012816191452195424
11256342148520059010
21356472739760
10634054842084100
24688631575045396084
19662951392066372702
14444100174770902440
2719960875500
1626995785643866842
4012566099261954080
516045292094370920
16629046505468383690
163519313696544
49460676794373460
7245450340321824514
232797782255608460
2413317080981884
7717632230
107612056798768410
18057580747952651710
33335502065300890
5235571966786632352
5652066443509537970
24009240669881428780
9080434343850870
1701410807560
30447804858142100
50376911612009334
6983636634800832050
20779211817392737944
507924969380287320
13067462702008609622
4535090527012787434
6071798175500128500
85222722847989062
474554480625745282
3444505735083719950
40459297771779044
9349597988831068500
2350885973249205000
2963269029387940
22934436286392997674
68286297696505350
326762351206040334
7130017285990250822
539807355342516142
1383517213773949254
24173612534212976562
10945753563696323680
836885874450087350
11355053989395617930
3676993833960537972
21741722258581982580
7267199626777982654
126599997316542750
44575207892670
24649676064078780
19370611235697817550
7407155211703883372
581997067661300
4967521534224963910
16890573022006389134
244839563760680
279884181878480872
13793490582407250
1791112160171800
566129983108312324
448270317866775432
20477931307109493490
2602553198780288404
190238192858096240
131706012791296750
666723193043204850
100087477627752420
64473775883140740
646176897059878800
1478398713024100912
5139039633276877790
786035223566112
9911816976958305500
400521138036755604
1282788083351363680
786491626535028310
10399731273158663590
431602739314526252
1907659411675202042
6088768249849556000
5189474124358022
744769753207409580
1353303304766351290
3300527473100
1103020690780356100
1950998465778678470
9170132325443991552
8522822943589262
20812310418958774480
391280705840162880
24787845170599014634
418700016352005150
1116657271938692814
43081738343252
5397150483035979110
21334851682601011660
516372117062215990
1824555145095490500
1748136245058427952
6118638436687845600
27048837832900
300495478392209100
14883080693740804560
229725537894270600
1859058357366740530
183803103811093844
1367626390841900
12857122028160190
333854785327031280
2636809480883695362
6652704068345872552
567766273278513430
3877129220276824820
2479618467297814780
422765073068688350
29438944523730
9384388860
37441116249081164
396304946351388242
265111092230009960
807240497028812
4087639083781258810
205627451141870310
2506235873862258630
13163625712686889440
3219994488319395094
278201533415420720
4689627716202128350
3644525194936362
7390302802295084100
21317986655813127280
110789189328891500
2633479660590443280
1555407936033932332
31005753038048250
1348819867648613430
16418665468654155214
3585239918626569812
99734677334930
461891466270850
100821617409235800
893274517061739554
17355853664411444
10633734518849910342
44248796364267600
2571929952036300
7528369230852722322
4076593788863703800
110885639720310
16447866475298427834
1806090885265239430
5229364066927000
1571495436112420
20064370594406828600
139071266626654090
901438498051773500
26726487062792244
120048406877100
15730844702463545460
3247602679708571990
9458630516583242722
137731767783895530
6999788840604844174
10496410459420243800
2467445914019506700
6593367737000
860932013333605822
12253024644402716300
240319436404832
12486641723642888774
410612037767890700
23482963054477853864
17600924273565360
6483175452839901600
18016090980337770100
352499975107806290
696374583277833922
5334399696985029710
5096736138486036930
13802325900699482300
3891730540789973662
106257288242592942
4632879980788727850
15551460738221998940
11986360342366639034
1247684509043482160
816273473423940
10618994721440425320
22242197087115104880
109166474170573600
17147634029348686670
141531722942297870
10052459287148346600
17356603295892460600
17692141714781670180
2929584086963518842
10107612057507213810
1653180066931803190
17083746413155732
225154668237422
44283165096352
1492237735170894222
6096182730
6142683404014185770
15779649528697616342
9236662779472660
7523347112974
10882378831417518000
1227951676672511354
10008097203474636732
92243873578287550
2753255694505030
304508575933535050
2917984791101806300
854952049440699522
5453746928692035974
1433587797524304340
24151192932235495910
17427445187164534250
1639011983466005500
109442983412050
10669642115095002
19859955215828454692
232318530671076452
71693702369448250
3419471973590181210
1223263319212750844
2557579574163749370
17944863572811032
49498210684456430
201561136508012710
6471191543836285072
160745637671227774
1552295917821284482
6257954694755076742
16311076624113194
541668580012775250
3746406009078460
22228459232974223320
3825980917933166300
3372550030963204
6008695434139750
1413306514203110100
65625926466100
13231751330154086730
5056202126646240850
6743568924651202774
14092809126774694100
21377502638819496884
375684228705500
25769992646836482
3089167046188929860
227566607968912212
19849018615536693730
634206437908276090
1733226322733683912
1928033832500050
3051630689030
22969509514292740
4873555063822797864
172627856678750
84155572436282284
4320528213933209250
2534504018969524154
2014208807778859454
1891162136214807330
3889996027998083350
1144507294579556600
124099296744280
58215172395681224
94388185625054062
185238435772041810
4219684853251102
5634709407402109454
18602745036015750
360255739869205964
278544313198989660
6393520784119045612
38115570158851640
9197500142931354100
12629244742164267100
322377782705520052
280435267602774480
4910331082405005114
115001002909100
814880165060353560
1285575507319182
14163202017889318394
5707019808675221764
21585446813490406730
3864540881642898072
888763004090364914
726581739613602860
1904757376197896312
7483752689098817432
1533475236685280750
1134937241897144840
17064126338342367130
5555364410050
21368611754177276204
12425559024229237810
890401572222532524
2047684929859471764
9148940786073369372
21025781353321450510
7119096061025412200
340992308615854
3809125774321974054
13575199098794160
818414667816846100
16831563684723242
460778113510
3945037587453017454
153426324419245410
14316624357121229000
3184452731003502750
5152485376446465772
775863932422210814
60702760152875302
217939268512010850
4792795763186693080
10102542737345423820
16663690852506516350
1527198916435321710
18064633291457180302
1158326428047581730
9063607232494410050
15840637607333241430
7754451778912406022
273943425213755220
5135682313334220802
22085051268580894302
1379414205743953500
18024696178529947214
1278481095596010020
6878187898638899700
1805394247729450560
6888830808850406854
509109910947337000
544720608714744
2368596246582621820
5298699453767354250
814650052373515484
4175243744797465404
28408381016940540
341781148572555580
5997413782213817040
23303150246196024092
811051312407741860
2070438830507088230
10017069222192102
60965706305440314
5379752239299044390
4855976136389703934
1882666211921134640
24218524993702624
571284551402431920
11746756970296744732
265408629330302150
10482334731962568930
833447705768868320
10040345940803908444
190908949608022100
9109012557975989582
24446816999859400524
843384930975050
16559185670683075310
5849015245849144202
117605357594344
303373569299196110
6523242058214303800
12124662513504357250
154019197916727000
1593494736844340
9979943339916753984
391868962058574
6955246020224547500
1504228952118498204
5868550914794146350
1411220802468620532
24216545696702546244
26279982391155350
10635841456147300184
3824023837132811312
215552640956762564
7594849295958624000
5931190071700250000
46490621140563250
46356440555585000
5157147540350
348344834494550194
11485073692821846572
481354460814000
1411452434142676380
2119027311861537994
15877599780321306300
135181496359629174
73318341764981300
252551867055906572
3430731492842968160
855986337693714500
22586685449183284
83825622751420
17159950807924600
159207151353750500
2206432756595619420
36672468043820
4977648059720002200
53819076943687510
4380611675145390050
1613562865658262
88673925998890670
364894614499161342
1119769621156879070
1664161103704232480
23877574968865532992
64611215028760414
1438868293774737070
221440788011819222
833249884987402
248497838017636300
16180834224605050
39049914870078420
5675571462
1018535407541555904
7030632440318492614
14072002457649213924
3896193380059888600
13340053199683659682
1770681237650816262
1599087793525821260
3396140970450418190
5768695998326289042
17899054576142539100
2966004327831588960
1024351548887964000
1061175264180668410
12568236296997443370
202909810379408160
8696931291463667200
3638198189479649510
8621091931742754
3312866771936220
8407984019883820372
2473967638641418284
16770172299848255750
21453187222782988764
2840272647797550
18295363345233070250
2973693493133362804
165846060183980610
240597843381411300
14318599366609770780
72235371742
29171014708814444
14871562418212425114
10750081810132798172
2076156812791728044
5782259087169994
4227093873250122
9998538332017459350
2104924582559615674
432317595967496212
3306639908453527100
11575739180439213560
22942873780109448750
4227093873250122
418653462661143402
1820626707872501802
276560592266404600
7626817138758051080
15213140146089535364
343664143874324000
14112987582236008620
6293063509455466744
3992570907559311000
13041049111333739540
9819209594459190510
5103717898486047932
111563738647550
4641888990736452
20353793590
3314401290942
85434538080016972
1052504980384598664
24781883936803051850
55804835140154100
17213299962857972974
5724543571417496700
343343085912989492
24797782950117690914
7903057076361757492
634715110746387574
2388801221842
470120930577118100
7458289064116228520
10036627747874
3915576719657500590
141738224257794360
175923631609988262
16912194463725821750
9824171913460161700
14864790085842107334
8697259805343844
20676683543111819910
2290347164442304500
4938419753456774074
3903888377226662234
24587962441350
535091335706665500
4123497238110411672
24073333145042238590
805105264705296984
520470541368649040
24688648609942304
4137367546852474
229903664767045724
4505421723624637270
5178227769663845534
13728179438462617142
13753713352201667002
20052502094606963850
84449435061975242
482738114717651454
3992823543291961224
8420422852625914
12795760440580000
79812132543117480
19787925032442602
88906702431299830
5919640578762674894
644
11942630384609797600
32403420110249650
1198997414310329414
2221204844449272550
1378389881265395244
7171867764049373840
19119951830191468250
5381332157226769660
1907659411675202042
2932990424401140350
14816097549047985810
302023040851095872
659755309194178120
755366759129802274
8437169872452536930
1346127143591750
18330994526576971100
7186382203103710814
18703847508075524522
11409926850635683832
13826680442828896734
66137591915863020
11862388549664587550
471951214414
272422538024256690
2795359205419588500
9366826275039412734
1900121007991806600
1052040346146188074
3996108898974461570
527355403834958290
12030788057445365860
12297016534712781300
3228172225212149180
4998246534840186782
43630756945928460
3863801347022667050
112013717031788264
87920558356900304
10507205916300
188210965214298600
15924606415159739284
115783762769103284
312543046179106162
24943215095815257332
385186014600660
76257748532
1236319794762140594
33210077076334750
15595635684560079764
6378070922888594930
8286753694865245754
2649231570943075120
1256790079609745500
315959229937078420
8319566128140346104
2670354412163750
7371478266727111460
15613191482007002464
7507813816021610
4195658573491296170
6584792740727125260
118361493187075100
3581978447860162350
1456875644207984
2851857694878007750
14924466061999882850
3035334913182159170
289787496909029834
11662424038812011630
170520361475088612
740856072175772
126126083120703250
1498284908739183422
4430384157559549644
57623816248021100
5847669758611744980
16883122161602485954
11620342268773042
2160022949909500
3222411459605520
18730408133073759850
1014899800069194
4752074858803639670
16264548728122685340
21214353850138120672
542491630162300
6811194597016496764
341022138249419200
109060664112680
14041484442909295680
3715351152950000
4003445075020153490
507387043903096280
146677587119885250
21709320014174429442
6650622478412550
97909099115829500
24722090415407242
860692214247338550
782316811023835690
23121542632789925500
1939654125262134204
7444141258622600
10740212803840
12542448188439750
22706780838404040
3132113933510242030
2141264849223630
7105527616950140
11457755392854498420
7314424727311578800
10398695355219160542
479902777100530
274960881839026240
10494324272503773674
12819661912506039514
2200447641676438182
5007222305717301852
2496984361555302724
210254430035014442
1262852569335899192
99896624070006374
14501840885653781300
2548186209441539772
2602003428126337200
19016132009936944
1355773954284894144
1163027273289829024
40896775546226600
8061059884574987570
57608966106300
15041624089936183364
811280662302671082
1247743509892770
12755549489695025750
10525127082458596500
778921512703800
2115416560786295690
24352551228647266300
8415494336472008080
190091720113750
107999094650985434
17437365064932466434
15092240935612206300
2650160349173905590
1075744640535535580
1182582345500443850
7604087427167350
20325100645629559850
21981395139334
627054043148047550
481645192314000
23691656319991647260
19595156408164194
20035556229630931500
13101313971286920
57992883064223800
7331545739564273810
2358196403522689730
1628737900124140
2979204882324552
393720127396549200
3979450361214846610
10304235888664676750
4345240611148118332
323105461479391474
8671592697852962532
2652762227446028300
3429153488633883444
4968712087495321880
5700043507340
91940292167570
4571613251907298632
11041334163099193800
22094164785341220642
4253112505259215152
21989529469844112682
292651846760
321116841710749760
254821862190780850
1110161807768386520
23801341772431613170
13482970712389848800
758124418994866820
425020493840436390
469917839048804454
4070655696478800
1135527456303831010
11642517480635860
6465387147807996584
1620053407984314
454179357659338012
2580111712683120
22036796690459772480
10975752311096650
221960955157661300
5876311352863021070
1382315323525752
1248423804604506964
145346595913952862
1752900421745749892
6764928981773407250
1003385861283545740
5022060310435520
52237736825905670
20172937539264470
3979954398814761250
87344319378253084
4158027926030632850
167971466118419670
528637140134350
12160152286850394684
243158302223996170
83639681286978700
89681048917923652
13045346267019943424
2554608332766270
530795526239822914
1855358680895442580
1960317151250889074
1410094277865000
415265515082624850
170591575648170250
7673419015920350
8893350384646888470
1216100595248885262
49385673056608744
4421923064684426750
32822128557725490
13472334751225350
6331889309991826750
1782892710740
2342745583574741072
46151261377862172
5555316653928771692
21322423850996348150
21182387522365850
1795939970666150050
8040967539502628042
8909483094025922760
11511322832407254500
5215478472854459392
11961028388410781232
80364215086323350
610271021493993204
223120162762026600
3284762050527499850
10388857994216061360
79543858582938750
3588503616117218904
199871393007664954
5290894471263263500
274825057467597170
2558484148905874840
12339209921740020
180412150823093800
1067548647830360892
906496613266524434
714619690654151282
24711424281250266690
12510423767360933194
8975649862574410
17223884484884030100
39475927932324690
7194629921980107282
1201151040349357332
1307327359571371930
8519383759640388670
19694707551598819350
8297680368115637954
7918667492958028730
3681508422060618114
5550140051922443124
663955764962154280
16425682299386640
8010686529886106234
338593857967618660
40065373244131092
36252778845530
997041635562
11759247454110983360
168488352224054954
141104702882000
320278271847597882
2063346467008044400
20571079145768505424
5964915738235382660
3159791544202513500
9963368619145320
332286205662093620
1648490582292162700
10597964456192154860
14328477479368292240
22766174607429375084
42197194968684630
2032569454220634102
3065061927930970202
1845708709891051250
7489825054912100992
586839658437523374
15844188855311936900
844503040379206300
319407395412
579498035464947130
12339360091828412832
21575595727234642240
13107466365613210682
9032344057624384420
4149700053279254370
1546333935855107130
764978438741554800
10795288892860715412
3157582115305500
149711108890328832
18261364328650617552
173867529101150522
1085603972179392600
23046186931021704100
6375558481854050412
1958391520291918420
18621127817382215350
21413984275811193322
4891416610172
9994432053043410
1669934860151638262
865497723817912640
21142829725528320964
2799228470734572550
6031421274587498790
2015116310583163942
397064971789098250
4239883172273527702
487104033457966600
900859415523343080
17963744019325698330
5731786519936120
7029860110339034430
17920857959142148010
14799218430919588710
9833108827123679332
19089710279320747220
2014662520857533520
8990940519320119360
252711227552724642
17874160792426960620
212989305214035350
12651430059452843932
1203801178376720
830409104265061750
4597675171660497850
2939008853475302370
7480920182345003100
45163624577500
396081617248882422
839079331394631404
4115479736284675864
494568305032230
4532867244793041070
21513879439394248610
8008557292867360944
4697811525594642
570931989750793000
7184659320925730
4067876159036184684
1328892806794377000
15827858057326861000
5991341348302024
788557540724030
17787236987939362724
5596859942903021100
31491022360126060
8430372272399000
2437995802452900144
1427737640193831890
15103887151815445062
354016380948568800
692496268907710050
1210000935122399420
271311252180340750
36633145810189110
13948936968087539154
2405180407003956582
770186138742664980
68131106149797152
16362563014142094180
104158946580026850
196655834767226850
420798954025107630
955833447364648930
8155610249658562300
14521126203889162950
919301311848634
3193630949986894340
9740067866257068670
10295493753006739242
982567112055359350
1411396429144482
4487960406306300
969655434584071272
5071172689272690
1470499921817025264
738265824989867370
9708053578860176610
3064440397122222580
1894915216574289030
13628635349926520
22601621807131561390
154085178651535630
23857292605176764034
12301715984654416320
21384617343892638080
10666955164149880050
1555321169426600
434887566582392
13816421973757172550
2494497952027333322
4799462924279659832
3565240304696151354
4283391132065101784
276117422698695732
2106800867374561820
16535703236003791294
7936838370622716412
31171305048592500
1811810920415466390
3791111198810821622
1016360752784320372
473992192156799694
2504992222670
2886165272970393260
72477618127966870
5303699172289782674
2747884363228160
2201902358365770054
20320820039943208500
168088835657595890
97433970364082
160564801747840
242601294882502600
14399089694729500250
2246208473810662750
16124470449174769000
13285819498529647850
4322793637818474
839863752836634834
1332549799433052200
19130585765139768420
38549486069160500
1693313020372234660
1597180813369057350
14224029142169004900
1192553909816028890
2656482519248830430
717474220576362340
81346186102764
116317283221813674
27855441338531730
1648100242762603800
7478897455566887350
18820764257526525602
7086796138245246724
8714610585936517262
471900790768918000
1407492678578134
13507183653100
905216560533894
468650007407743504
54774823667490390
864615211050578750
602367949032850
1220652201909140
14400412028905820282
11745054493776582510
114604205788254
929987825167849574
8532772143757066940
18785228311601625720
7797767882671233194
3281925923903150832
2876761538418194
3796771810126750
20400550058910368230
4843932835995702
14785725523644832680
9210734095627973090
73129487932289100
2367869212338060
2061499285771329534
4041042311002964344
783061091924623330
20815796781009723350
1485607006554497502
1506295297770814980
17226909530404767790
3156189475437468492
10571720569598348160
14508488824110270600
40839866267161220
96472673841544
1492962427783266440
2852446600586507780
11724639206669054820
23396257115041496350
1687743588945315902
576415067197369724
272085424918295450
8254909564988856770
24536425502211823942
18742804349837414
2169105405254436352
5588077580094901740
23816766644617822330
6117942535531072290
1820346348169848800
19930731467367940674
1710906716203956714
7352689716389770624
16454442066117036300
7482751083665872
326144291103572550
4936642175668129850
23353469386010772100
3562456327756175360
16165533221733633452
24263447069536783420
136783798089877614
363385235475696564
161655822266517194
5976209589350
716289599197454374
1710237801007109374
689175247833663514
1958539595362097020
24575891696154094802
862531954698258152
6560193762099857614
90136306603981820
64062773817183750
15579497430627185400
1698763130819184600
428231106383410904
2478381522204956984
2949660685413414
10450066271545532844
2792563140822
1369762762208190350
2270760724234763852
31184577787848732
2163515513447009362
17086665839330117450
3880590216021080632
15070336918659799660
716657727902274
21624884896274742460
3144134421376154000
18222679053283304600
475936764210830980
1161425382283729000
2620191906720186852
22628521135173609110
19473220143325420180
1191708075100690
117138926344222062
7008645960114092910
23558430470027703250
12230296377062764
12404853871848458020
943272192168869052
1474924123100563590
22468407754346617750
5620003708475927444
15204185331265620690
53899074938592202
46930975123700360
11828123262097907100
42513789124
3510099246969267262
7255330318807609714
210718996642
973682058724637700
399621272043276794
193062085548847130
1067736533824202190
2208376494403953874
4009027257757522
4751786988024926122
24058755419230158330
5538505925424398850
7243475556126642924
20070306819592589344
16298622112027042944
646241362182102064
57120535411498612
13244787129655037110
17722252487308556842
13344424036158118150
23251965365086954370
9813257293397184872
6396758024945012764
1839089236411350
22460101475446146694
10022700272033621614
9208369843037830920
38293339892758692
1443456511861912130
1150357778069423610
7014812390141769350
823660631033044970
12836643699569222
7264428819963218330
1267454559318662
6559460525245573180
4905907006708897294
140358970726944502
1862050594579259000
202094667056494
2056579532417669870
44655765429394042
11309753801860766434
76114464194904
165985572345750080
3174230660085962582
3077836513752
834774830816704514
5443634289240
1709569081974353184
1104850923834603400
1318957443921867750
8558253540885350250
4366275336583787550
343062344776195500
98065746333054500
207271083748353200
14386000137698112
4743156944690659002
18201388959983964014
16710681206402120
232737835293933334
1290026655938907350
292659583704562382
101142065150065030
3188292365439393240
22023154102814168920
125050534576812180
16201133002233470
13578756618584500
2532348720416235760
5155238889209414434
4684783991963054980
7585678619571802
2318451222146694440
392920519284910344
1164931670434934350
1052538822526620
39167904222321980
1401402781046141692
6247698170586888120
1605456729137186710
549841206013152
61704286419674360
39341438679077574
875492851949023490
12626848078393052154
246188362550
13092685102088797830
24518681231353277410
5398734231394391980
18263734814153539750
175656525763322604
23019856002260952142
3568183178360620
42380695517453750
16431801105805835260
2744659911091836584
5428573624977624212
7757300356540
32650039051271140
389954899781489210
4508188324830689510
3309930988611098800
733717215340582410
33650618845483420
197741024610386114
51113247846838760
2242436343417866750
22712154712775143070
368096518575916540
5320286015031795080
325550765183644
45636877403447330
117049407095370442
9918314774480112
33587417519663980
3837003498217736000
10753799371726093540
2366909265366660
9818713465974470610
11462769382343940312
546200615946255050
1242939731846708030
1206187449806782174
2871210446793304
13312603951302414200
12825116528924709100
18330994526576971100
11729740531353025962
2021174168517109802
642446164490190062
2650903547573097460
24396704300438692000
820032062247965294
16217385770398540
8054643347813349210
7834980349907255050
1193472816626167532
62875236553281880
43784655917441244
18346054419025703370
201426639880223940
19539635424154701100
2463750135474024670
18203935766300
13484229433123718052
57089190210380790
24308458115047440250
1375661138286226792
107578450566674234
16108642602184966680
392476819175880714
6182345042169010
17233717339716192280
8889665986536385050
104520193515778222
13681671713954191640
985837201936825084
16615056688028681260
107164070781950
19367308036953805524
909491700847104452
37046806444788630
5359875065795685050
2435553583838195282
331777609409949250
12492584053031404854
157277265318455062
32601975491983522
20276341811488658350
61118415072
8391214430871309310
575323017700250
41255854094444770
916341547444050170
22688899948761802470
718226084911300
413879186321566130
6667165522711581734
10221665654454531810
8892477374281242
14490544633789994070
4629491575280842400
16828062381467564572
1143517903292937550
12079974933720202250
98599753207937590
11759247454110983360
3914033806410
22601621807131561390
3829711934063250
23869846829846902900
15257973568621834934
812823448344000
15380495342294250
383507086390613332
18529095401030839240
21147239549942147954
1753258135772000
464157340005646312
23874676696858772820
14578430259118442600
11579668884659191264
1062297899751897704
2198993645914936290
12937625324284773000
1462218805416380
782763315865110360
3679607036464165710
18072471873567230392
776455627991851570
9628607581239490872
2454480780217620
20553184911350
9687409438967839852
20835851863742906914
1447347413405025154
437316848865974
910324985165661542
1193430058085084
1525111097390504052
4746607550159961640
11463326593850764360
3101063763263766300
60418862642694914
910830894353380
3937031827415809630
24367262254540671600
20546036083279878262
1740804859395590780
308524707745914220
263364000448012634
8692855277249653510
806322292550928272
383027834203738794
13345673043833810554
3012772866095664980
288130699713232910
115181327312955722
1715996886354520840
710873073103873460
964596202873961680
252488143965417250
7404344477305425050
87229412344314520
977633269642194930
350499265998238240
3453107351424916262
11821063736393800
4503489442745440
22315573219046023800
6502821379054183260
6603932115493354250
589783714565235500
168794345101642260
7209572409473605600
225812994742944
327574887694536892
6831203173562665450
1074045059306696204
22489645378648179510
15443872621202272520
614916005113429804
910324985165661542
1167901082530
5188982186347008764
473379356597993780
12332588471925372
47021226249843300
17491617604055009892
11168081629219312
2141263917155234652
1080097178926083500
5104932849440237814
4240147456085485450
14902066555008592674
75936179665366750
960077194985027882
528130739717246250
31377509230835614
949967493240009500
4273280353370023450
14945531016647990850
6787055416139350
2655179972303078784
1452212402317320
191167404688942550
173650884268419530
14985900357216464
19027705035337963122
8091235559640
12883407474304275804
882394188098956680
667845798433975722
530573076367338732
2851268880361706112
13345048529036701750
18399234421063203514
8974233518767475170
1503257290135697880
15704015073313374500
7448675818341212
21700325821752606602
3380281791682483760
395813746934865064
20279760618971645372
78384728454868312
9306154674021418290
9724789653486739650
2322318833304404244
5697778230002288430
3560369415268507100
1068018409314748012
29398959584767382
5519478448406503414
189492127997664100
146190614844990122
16151836927097581670
52237736825905670
656001029920594
650895541711589980
6949118908081967540
3348065938141713530
223410672736193800
5175653002678130
6833093047999026120
6853154620312
14211586200861228600
2064851132488942
208965144850
1640178363197914540
3424647904663915034
22461947116140037640
143083591983250
19534648393754504630
1237893565906957414
24776917063371772000
14909530253811369022
11315822770824164852
299407915381066100
1050647366416255454
15260735781270734500
193244504352530750
1401057201273212520
816569148008014184
6129006591400
26198345718429924
1050554550311593250
201534231795706810
14992497576730652000
20403125894969184164
693107554686941370
6991324671083186280
14978239914791230
4691338162373371524
51576328432471584
19328527088414322480
259310205581938812
3460590237095112550
52954836876026822
9601713480331000
1121718140402344100
4809537213288704
513827633060742
17961402796957080500
7398725408360296894
8932105748856262912
2317392883788334
297025670047597660
21352615150834424990
14219536504755582
2795165847508678800
4214306305319932250
5223817965363660040
750137257169500
1012112143001255100
129452285913992300
5397467204827904010
18598688421425161764
1385572146827518980
5844307056101967090
445581363558032312
8874020064678597334
4034672915845003894
2279708354193835604
425868598843191504
1964172673011061832
11948377479194018800
19788528439289756302
645468098987610690
6232160629869201990
1499351959305200
926942235418339100
21115504205930519000
5305262309687149264
9053332777793091550
312468277724270850
264470261510
21640136801598456100
16246446369143554740
18369058458712707540
10469156558239120
546086969662256330
4119099094412055600
60233776538397770
712536412985480512
3664896258936288754
121905522400050
18182480098831296402
4073515380014278090
241151398226394810
1158725944228045600
220563347180
56382152842223824
84547560078291310
23811945566933726510
42715865426369850
252679349421674994
3126432063823762474
440094761051190700
1701692998379377822
1127578958190942790
859254471537005544
406999536513195780
8705540917461902332
1054107694312792
153292059543000
7053831946536793644
459641142794702
1186238073497734664
11073875983537107350
5358614885482643824
5491189630836927290
2921980650108578030
14742610215352526600
89611316368000
24262469263294332070
626096316453300
355122092027010
4124791479813356242
139421378160
254276954578265894
796096794302085782
20853302842619942024
443571255379560
184633064739233110
268364443222726162
526194001069758060
295051348963433440
1232130407650939174
24218524993702624
8793816049727213934
17308855523547550
10701841167964318684
381245486784538250
646613888382
10375924734107552260
247146953709515594
1628413600009394380
22734496099598495122
6984020885954484750
12283012503848212
18070903953106619850
468738395580
16996641616839154270
21270994951963877824
3241332204313850350
9795204418021330
11285305186991000
691410537115639770
10942427451658560
19615389178166377750
8355992039006755990
42422483516691300
16733881922212554750
1627382370433342600
139720249903234
5841281864032646850
1060520804484285092
6068685083318244024
170117235557453800
1687081477725757932
160065525685176384
89139936856348350
124656019131855302
4784977961903771632
13395705289053551794
198404926117507564
210977426995493690
18328890830250
1893326693807223290
8395183906541073250
452597936069197100
6311919739087984890
2303530745457110780
16097138761793343072
18954473261452926912
5477086069715593760
50386423120394662
13388817527391028800
3593403339677757802
491552005207567550
5815112702949459364
23198973857534458102
64405138594001920
5793372320525436894
7656827082425854124
414618128970363850
7510506812250
21838178785544
24547273963498139980
15921754560770322642
1401863653517998134
2762137817552
10293437588580351220
2985458399131448240
1976816962024721622
834618616253087380
27503405462456534
20771378460725590152
86029721533558530
3945538352514005170
5758382083496067454
6878187898638899700
281989559732162310
408642770543507850
1187458530895326690
1252972402053170110
5790033064789742514
9758326710275164324
668183625037110
5265976460824981300
918605429284336094
565371480381423170
1034222726674666650
22575672804990248944
21123434691012689750
18312776537800533712
7663416419328324692
9953352470877211440
18573068237450725460
2174866301736649690
852719156547624
25239131361018800
1486570100133337850
2092715398974110
1343900963567779500
19389612829029092430
51210836654692
7899263440426973650
973156136972113732
13967668245921231100
47292760765905820
646757256820637820
6320828880426095490
11128189270114350
4214569392528894854
7972000809786918800
2640
16393146498485451734
487364839995167750
7637906407751328800
19304627490902657750
378173704247660930
479328392019676850
4258147760239974924
144338603383161110
16152305820
19829680311784005014
10801682535739365550
5963550303534398850
4854220862976345350
2784161017539698132
2846757664336468960
2112035008267534
12662233478874009100
5433664963356287420
8931392174017502
50456990067380
16198669356034
7192665535795447862
149603502409771162
7922890491276569270
12406627584538053794
1147876027951535260
7863012640032
852489452316081314
9991499335829254390
476143765553850
138917371881820
158105401829185300
1624291620271999484
2804846038561862750
27837150154813874
2543319103214069250
143993981300
1082847950119257630
105725611700458750
456410238910324342
55069097628009360
892124506145815012
773869456278182180
22548820614736860822
25341232615419182
2679073804827232960
14109731527928097950
3675331611777478800
1325906324867275410
845600379910000
7498692822290740
16074149566676178800
1975372519034222
8389891585181166984
13531495115702536102
55107556288422
97893444722425660
24622325289409308630
8463324517941999622
18191703986375700
3821578542085875872
366956596735982044
11148995126294205180
2626875680
91037194997046610
612621178482619110
9119803743294444750
513522449359194
5049112463103800
1859485598875377152
107595252698669862
2336654178958593074
384860126012345900
17177801886339906330
1579464468762768140
68374259902
670890544845179400
6941083217904222310
4551885648134000
17835481785841932
71852
23330673275352911384
379815438603446742
1245468592355825530
12408401487432081840
16198728744272177180
3272122742380671102
2975784658927430
286656177581827902
5247035700938348090
2600537798875327500
26916181269194660
1742025152629321772
8064131155592
8101832573639324
10972719637200400
69198883738262084
382636052992694202
7131188162054966100
1188679929798661300
17202396583192550
54754572479302592
194525058149972550
24150218520820291510
2001385418699855524
20854175679217789832
309896970519022924
11520828273566578124
88644861117562204
181603552652448080
5997756571556934100
2266233341540
267598227524330010
2155707824334994710
1107414727503442
20839341182962484000
420285153295435092
7770455754100
6133266079752930272
1241887177362225440
2815717678865815850
11255792500073390360
2375776763165522964
513382025096806320
35056505369755500
100885645954039870
2002589708487097800
3729523049078344102
548990495108112880
24877392798899457754
1043610850284691000
20091518377165653544
159500416229373934
7975820613299402270
15070336918659799660
3817912798644788712
6153159812415751590
342181136220618370
387093880544559850
8551989672024331054
642189469461600340
19690526913476814850
2261344605236768500
2541518241837613500
336218059338242270
2257718157722881830
23555561300713279602
3023422827356960050
125804582334748240
4438583867450809384
683644359222500260
1514581976584126234
4028819725087016640
17735292894179680
146719989953804722
15603358410445455342
4918892779174285500
6076643143774087460
58680962973360
14557754633669505570
140358970726944502
345272812463003100
28819071700639000
1129145714190523150
8030722117460632590
1099367047297289232
3516236760614160
2003192057149061870
24524594918581168800
2001836963699645930
2126105191683477004
331663032200990
18907391593062224420
339905901833558214
1032297767618048822
14520219888403350
20295150603098216300
35332680194062510
2268114640152994644
348003418158242
4166107499863591374
13493042946134227784
610456313955903520
10278539605713299050
17973111197666818600
20812310418958774480
340623167275973010
2903518906085350
275947114764872062
10082790606348814250
13206947858760271070
2508909350318909090
17121269765816914280
14454706193640358800
2430326437134595762
395769115095653800
1548195207041543390
19177263851350263100
11860101883859562424
2794855050
1507755175929638350
396886044012681300
5268464293068632320
10537676421045144800
171150883207810
20965794569500
12075918560903547924
13627150510974
2553060297902629020
7300113933012485390
329515597304097842
664021555811070380
48733023329425934
4612014413416464384
211228129071895082
7729958593215009580
475180520950
2505167081758826212
1260616474580204434
470730600155447982
23807125221211908240
5058615258281410830
1254562042477235220
288201056646938624
2010581861404260522
565116118000
28588291585311010
52335536620152410
16648941967407895600
1485005310754035532
19518031853293651000
10226779736755431150
3497958474112842740
25609290887264660
702394116820101750
91929886098561000
110497488472073340
2692487214393834
2028613646421414514
3005524640341300
81531542299044964
21013488805681926750
11109210739411875050
3004191534670762254
13523293508814560640
10790642832662
18156286095570000
20024929549365052
385691176017000282
5840273727713659964
832122163747887012
740454506036504
12696489957630173732
10441231497115170910
716916568805932000
2969037741101450120
21580968628915514910
4498787076105457850
156652733217865140
225364414020645662
498148391763442550
2229858860274182
2182514409022500
520576155769670
23179125412751322504
219139987051551902
1867266831122
689852035004665394
27196623126558600
532912290431971940
152572975407903050
1490789141460642500
130206750541067160
14799063459879402
66133179974
18436606705236720
593816175763850
13331938780686987720
16096419976410032604
8247071713179563600
1829896760042088010
19421037390092809144
11319409887820034
4893389059105822
5035725349253301032
1964024278636617274
1937449959153906184
199980553107582
717404496319842942
1121620654089050852
829242626590022750
40072378058542
10012627481403527904
2442186735458038100
15794525686665288420
221585187077677042
1636729313758630
16990652677353335050
1812928607101440882
84183526261037060
16379305807073641432
12632840377508883084
13532563363043522
747138904922711072
8715971647192333500
5190519897942783754
190831464212777542
240936013520549494
16080612787293623870
6420535369416219662
3661107100288077850
85760087994223500
95674121854767764
12227855924459424522
6818739832322200874
5389869728174785750
46157241018350
197584781487654
3724724551127137272
6916255007829093850
5664207366288895424
407287414779672
17416766975859605040
10604466847793000
22427821170969644864
9515198898697325080
23189520628040868712
312842254187817550
112499409520459850
16648204780248635440
3380727767340042000
457119368497610
1548071070047827490
124168865618042414
126961064340486180
23586179288486362370
6745814966429591052
195259654544430672
12919330562884261100
666855190754804062
1893759828200813034
579141678668475962
83723177742227100
1828784760540752
5787028969045094862
15385424015734130050
30584944658739354
334287116622251170
17619724727075841500
1360387371696477952
2684134435824516424
13366294331788023390
175438210948025832
105278563736056900
9604673956830718220
4798302918643412710
15536056696521299134
10329980321936678200
16221128458022677750
5102199514774316262
20980150488923332784
1691322357849741500
6104384323941049580
719847870842122332
1864047425125987920
137166428656341000
213494515039781600
21608744608973585050
15738617586129897550
173482522754355234
427350
3148061624436432
7757241510709964
304728621966712554
4161154107611026752
2339360001511498042
15599847725030440522
3800110480432671860
791433370809595850
13139455439388250
83250856629152214
2482447509000287140
984333716274254080
4507358210721946384
93205750229404190
12401898106672051950
1175397209550719610
659951759136900542
47793626488020490
