378103632602850
27940919409962090
7154635981757323250
2488644476851378080
8075296234456850
-8438646870234914884
6064536156072758870
1075933607326881914
6399777196564195934
4589255958268308600
-8524430424384604102
1898963239654416252
2276557104498719042
2430134976067644064
32131040521693190
-3836256501779288176
52965616759860
174494530737842420
3226664630921143412
59843233508033780
7131968826210232642
358838690773770
4978840432721366222
8558701091720011674
657074886462492260
1185424958052421860
842298954838581682
4432296406172818260
3922303157655857100
6060389356537786732
121202352271283934
8855180402577693800
2387363294752558964
730248918053404750
60212029693759372
-8652317881697202806
3921220289542712028
-8594748406668734016
12572645339342400
3086458560468288250
10756013431807204
52846311108191524
-2586211786381706352
575987826730472
31618254143012992
245271212505383064
4135934539151842000
5490787617543094964
8938114902032692250
-8087872748225861516
683509876768348812
999535614703722250
44716617168560610
40742445708847474
2290180647226820660
3499476946338254
25064013922822980
3636549138935430894
4094071076062025410
5769361887612237090
203310232594210
809384371128732
65151635123326180
-971186160716570282
4228211591145958194
4174460049839721950
118163079186071530
904089288534964492
-120503375800268596
89300551507036864
68381931871090530
197581936485985500
77199007119420802
479019315460655970
8668881136313821984
1186746483025341154
2520877001301778000
-3367511525743734112
416887297151129840
7451025692879095184
4533105599063470
1890873668828922024
244213043551023162
9072020107157646410
-5193882337949415544
-6882227108443817586
-8381149629291544772
510566989624517722
3652592236679444800
1701692998379377822
401421449473720
248875815362798534
142276185248846000
255496191949086830
3291313973396837850
5496967112956127054
-6425775338336906652
64784073631639346
1724864692747568750
72228063058486440
5205556812440580384
969830245047715170
3215481883842623850
1619535341776274300
2947047827786321030
167736911448047130
683176994377570
111855302535900
451275587949382
221267602304606664
1451946174493125254
341890961933600
4883831453577078444
1191227536897028800
227796638281030
6910153677995909842
5388920607860123712
20979505190351730
6135706567781941640
7063515333436991594
55845924439616810
470342747550
-6109739266386485906
312767432054023830
1220768358206456592
1702626023245337190
6004958542767135644
21642988893151872
102350551926507080
34854046513268802
2570628615715414254
680757356325637514
1082753008568114030
434898434821351774
6434255389404843000
374820508210418424
153448252124204310
321236870369734
579498035464947130
1762594801030885420
1762164820386525814
12359090269853600
4560996244241222570
519047001830741540
3555503698777529828
6553230493386321472
24184465597600
2502167341755004
4390361016731971846
1819311427310350
1587671484104648300
3495213998299757602
890811568028226364
9552425462996350
486061853921574750
108759361192974044
4498787076105457850
8404892998135556300
8365858369522850
1899252632123428750
1580472842031347632
3559138512644488734
-4104428651029764346
393009304431946840
-9025204449572638616
130090464959264992
7715870255669238740
2075847430228384120
36282407432918882
20316950800212990
4619901186177778110
9977479371541990
39018496114633750
991957274163809100
3213549363162437754
2452856878987531014
2210807972294417094
506634666193860820
16019129900462990
203559572477382860
-1005562543771908992
144257324188250
4218204218788714
471391744489669600
80051577623070
6423675221679630514
3847643741958212
5635690812375721020
-8743608756082888996
-7744902905745232932
861011957496387620
1140257462777894762
6897704421715212
5534923072980
2012394721761111160
1997252712699370
6366945538599207546
1888278947151569700
6684996586847106990
2000634960026892
2218764794439724850
23407894972
495871791110963372
79182762233949402
-3990048601464976794
150552432953201944
8109091284104410474
2817662363907329250
7175788415278775930
-7490221658103602706
2408291326564035600
3421721656963168300
3878013910333248824
5673282315207911126
-1075685290352322666
334562455070662434
-6739097266004359466
2345287180676725432
2048144286638595250
479307328991263506
56974368166604900
358056450355784180
518227058505995580
3949510204111850
7755698748209484100
4984805511358690052
947480142697550
3228603063455177114
233319068676204
110995443266688162
8992798291593469830
-6805191199138001672
173650884268419530
3023936619579484
277996017462815652
25563514466991144
5020956547745137984
3709400469298479960
2428936942119972
-7580433489997296566
11500514771559730
7777336787642163042
341261689004015850
940255468901100
3068004064748350
-6586642189849989192
1829597737779106734
4132563329222762462
3747076921665072550
7992814128365688930
1090749890142757572
8969596820275964380
-9174379451261296756
75729376336999190
191107345944592
-9170101306195059664
684182487497319952
338792407918191780
1562338040513250
62929443645992
8150247956912334
89373629874382854
13529014924098254
54260170104396040
7232818696110756210
1396340680357252910
2202872570125111742
19618589047691984
3058201973417110504
-8497901750181776416
-5806110519093610566
9241993737704000
6089681428502272326
868900685374722
267298851066206850
-4184680670607708174
-5436358065880533276
-5417966700439606406
6993632319253181750
2054583400019906574
111961771988005030
1188476297911886830
2442367543390550876
-863912373003768012
52257285809972894
158419602028382310
2914192522441789600
4340935207069520404
-5308443214198526484
-5483473449389459624
4492987772843568790
-2916985731186345744
81517896091356300
2439745826542231954
1843868157231357112
282751782980945350
1276224273459985942
396349623502533890
10702342178509240
116834770241181300
16417476211305092
3632075970370258112
3124354586871302
1625965229591595750
7955040502744070100
37266141838030
14753575054318100
5760044681953313844
4455480182796020
39174327570
3143078610502553800
5619677242456195100
6308714754893801250
7367077722652193722
6791606290139569430
110772014485585700
-7204686243898207856
2968026344940091050
610518087485361850
898050696604507240
186250694116830070
16869211936158674
1583753389963304980
268497865905405024
-6738531150462956966
1558660000970
104158946580026850
72777937187915922
2450935197787382350
2395865729813101260
4372492437738479230
188313218468418190
132195558965929750
2277036955496380
7030246267374380050
2114318553028960404
13320889155583332
4435461928341250
4366005178320634730
5836840876029100
-1996685953826609256
17993150611005570
7587977890677800
-5762883000433191402
3092711601384329600
203695135759845730
-4124194075101816116
853839249074017910
7359881082572361490
282749831895700
-4259365433817145136
8198428192773200200
-8197951912772289992
433558783970595360
1145816222012
1912858805312
1618508332181891024
194577460470869854
1066194053628600
51954892453040500
2057064691304350
10939401686536512
49592138869797720
26350108406754132
13768119872150
4620746797073994832
299444119846874744
5565680720555696860
6176955947250790772
3618211904947386520
6161200796317398392
2093761892250
1971751943379739780
92243873578287550
403199990042784
5390502544698824632
162226647012061394
35749997999692550
4887358525562042530
-3458334934052059336
341181824734445270
982125832801092980
-5043521832326805536
1517270266649422740
74280829020536814
166241573227865850
319289353415742424
104060587416039100
1607371114271825070
-4405259630800255936
81204505834566752
54552369302103862
4353861026379365900
206283726625063010
3078343788747138234
2687268072079174568
3216126251052810760
-9031936510460952832
280469737459876080
-8404884563622953576
8121993204122172764
2982818407510155214
2611728875371479054
27418933598629302
1889864292853894590
109779285318515674
207106278609874980
2037903712624634292
5670778165375529934
1322483611911877142
-3747154804368733592
128777998158578510
8116830590057517790
-4052281831442708726
1361176203463390120
434469567602
379512612990546750
-5957725672761890316
4518713031163451822
-8317820035522217522
855747572542241962
-201966683140409462
23858144005468500
196691940503800
34812179756090
4372612879654334664
1221820825919100
262542904462741434
223730561270610394
610313007437961344
138704984125859074
1986527239187562682
3331713773450933830
8523398619353498062
-8779945832352131516
6658263379156059762
2938005139336422950
5591329101033464880
1805951541632420182
8055070997714959750
111426063799350762
-8908749836491147392
587379575284047000
68047651118128500
-6815334603387314306
390794185051234640
5974822153383926480
617341849465134500
70372298780289364
1524497440565947582
1426336270788604252
3101690856622223650
-7834587618363131642
257980190587411264
17458727228881600
78067209937053260
22410026543876972
830714291256276026
1805953933521430
-5253423251235885672
7759856398714147000
2037214987510436634
2221855864210700900
219914493031310000
60877962864573310
1062153202153004246
16590451023846700
-5654329149177646512
-7627464375760905874
1578834480549339420
5816787570628155354
49799251383358750
3688466446242758906
6342606765999510050
-4045009619552511736
7863501980275333260
993024536329389382
6491479916823251796
703905078200586262
1255410468922380512
1177518971010520600
3596672608412613534
84786219691009894
2835209892928740600
1274399511690373250
-6916404473380874276
11604522237075222
4072474344985320934
3761577819285237026
5571841242356063290
389999038956659750
6207501564962050210
58561119318884
29183643423023390
4738051023120048226
-8738198565913264866
4783454226542600
4082498949078773080
60179420468632350
2116985885092339580
352991247555441300
1352966659828587444
-1375858227946892244
1880743212440912
2850876388008521600
5171783148982813000
2950066690769206540
5698322203408384
3883558627609122770
1099943334046555700
-6525359913997857966
198458110360136900
93716592492600
8210568844574642854
13825918993397940
-7070097184609255774
8092511700
81367900838544390
-3994689932181421566
271445772091527020
1209761067242
4906201852046743042
517026232693602164
822771859186550
1936862498927628342
440723369892480662
2306207753429064100
3295878764663059064
889991717958477334
1549026218439764
2586260831765690
15159038471149274
-8342680740579691374
523491521914617260
-4571257868931915204
6044168197813006300
5192673268312565490
6996325297419639742
32547110709323630
1213099582586375190
4164021322320618490
112635600370944
6117942535531072290
-5126034530376883282
207463480701461294
8277147152281613320
-2720137912266537324
-1177442052738380366
2904031551360186170
130245529720351500
11434693234146000
6231982548578491038
37984573492302032
540878382713007304
6452703645303718454
257103434365972906
6258732763333895004
26874599652820194
6605013365874
977432886850
3275388025914183062
84828388485519140
96337460636608510
431698002275645000
-7392401801180882036
2317611076762861770
158419602028382310
-8857676136552193252
7397120547676288772
668242350368332940
1483738556812204
315904958724784
122678884029675974
-1535295522308681756
97377901993912694
4092012013278161350
710005187452
2841088018147786734
72627661236011000
180189417252972184
3625986734717650
131666907922738210
65463618275787550
19338780443576154
2628490844633567832
2337295400980892
5215151174256264624
4066333131649982
3954811108182913000
43896058114081030
-7956591242095225226
445213814418800
64459896122644
167221755915828902
4564626295101659532
15870635303274752
-3311309835462661576
374478890172550
1908675907092448610
1469544647923011660
357187825116347302
3595684340838500
3111737290868972714
4030600456340462750
1660102229294897962
5180377314408739430
169856770534850190
681830519622044962
7124165068299383412
1143320102037979030
1434989737125120
1284190194575732444
376709300632514850
2576262303823193692
6122237604102022634
853612153524130
308265604008379802
1335436378215171050
1308202408270579822
37152658896477740
4645603069812923100
1304377310847192232
7029860110339034430
191400238554142970
1773153816104191350
99151741201915780
6045892303382566250
3322899744962539170
467269097223800
-4427953545641674876
1774102677090254924
105609573932711030
1839484702253879244
74944811390666100
262608521392058010
4337439422757134610
-6811390734160329066
64817785603803610
489245740027293704
878897844499260250
-3491012335534952816
923988423006847550
8485092354769291604
5141220980492900
1346127143591750
2810083784488778954
3398728395698600074
291718315630820934
-4060872712543685316
243995610968832100
464811549254225250
2911201238114435000
3612804346805281964
361380020076298700
3102318045083417804
-5124787187768650656
1206501720944
381295106567641978
1718546226438988870
3286071651836197534
-2073263303420137676
-3966161239323532956
2491658615417376834
6619790396574316390
64290864912892380
7816148450654459500
244306273415743000
286481016976458682
7846295811213095152
63190284880759414
2306877369838032810
-5274462470877551814
-4435727980190310014
146063778267262464
2874892683993745492
603056058196592
2257882901557817430
2319459698094869110
-5938700038174928444
-8023165318656760266
12165309607000
5849351653934556950
897390777181795204
1854789990399254610
7521510904773580
7962669288471906750
446215839823526500
462048459769031300
3997120185408811140
6437146614267463140
836324739651570
93100180230731072
1238103515524629950
6029700265079873120
498793156587780038
2518193964776810600
436337217569853314
2591208962159244310
36260105721557410
-4000655715128349282
180214155237405212
39309844154040812
1009947784757473744
739976994151011422
95751077736295254
3124354586871302
2715973311110647350
3368015844107459984
2058753544342249634
-3944903188055770316
1275572388077059414
-8035612594187707622
-5278790949378921116
19039043469879734
254405089435092600
-3150065388469561534
-8535426730469545466
4080957854409989162
3984240651857950792
697807534219376000
2440090594137364630
-3520240441493881744
5522313778058000
5263489509773607112
36193262271189100
23362523858316890
5306315555036430
4034418296752902850
3085904548747358984
1613892832293714350
4229058168862229894
10147980117125580
64439450384641094
13550316029259592
-5724365548924272266
717962432688296250
-6612915092059640316
17287524315183500
1779484392637916454
4116772090263136854
4260534440885621250
1348148314161785710
31643063171720
260319235735116580
2018597912452644600
-501723426176613786
2940816186980524710
3158943721373325050
1744196146796105380
5774691077463752250
4639945132664191350
6429198089566713034
4571054000381687000
2177430380227696050
4618773885530212100
-201966683140409462
-5606466699255851016
1806369596721547550
3503910382739412100
995696459549365952
3946990051968776874
146084911963172352
984224792993030014
-5115429325730578246
-4560323131063957896
6959844012612172962
875250017372739100
-2599713790126466694
438760135391119306
-1452348494684022616
1402274541827142114
21440894846982
22386149639750
1854932150765358000
1668227416390588300
2437756365250584
837903729665716134
104076975770384500
2832279628758202000
1800662455531107870
8795186378124043660
375463614864818144
235862186362574
-5640408343142855716
1087602993966734830
1888855321047533722
-1973294780952674552
5542271742111104
-6393406606321108544
7808207405518452394
-1566601565941679764
-4085302635262923426
-2682667817978802516
4549561803226025460
2223646906459300350
835009193777477250
4419468889943394224
338871852343456300
-3055760683581440746
324372251668353750
5699097767858157152
-7715235615668947784
-7722128155710585996
1105140116074191422
3896937559608398540
2259366001820550870
1870333635020625450
599037386530
207600989079603834
339627271420973410
160291989405025164
2455467241774470
2538385697945062
95797273543460920
2258447415045250
4704181427113468734
114088824238546500
864053963520677174
2864637751412755850
1549026218439764
1170312491910729166
1737147826153472474
1569281843155226270
5346888072889935934
52974586778091720
3148571732019211614
-4473258838684786656
9220668928384761120
256236278249334832
179497787101115890
2837164665159352500
259928294743867794
2633479660590443280
-8186163248793181356
72265455172530334
480055518404
944299927721056690
-3608343985463092514
-3098112882611679234
-8699770471756744486
-6848535962303783596
25278800671500244
7717934374194
474605622554481280
6612042090738790512
15866636319083264
76520085175718800
42105668477167092
1539729880986273426
3998384563357382660
4567472523429305488
2709545217114811504
97331135659709470
292374974722447890
1346470527545621450
4817760771230006600
2559569955306351750
349969898149085214
969480647753487500
709973314192755250
26018255753863100
618694968197222
-5413059044989944714
2752488062762678422
10193813713295940
-4426657492064391732
324833824913281684
3425773884161732224
-753830767483991836
178488637583065082
-6989545689243822994
729825075177046940
79369843559490484
197979836904796100
5100985051758278540
334444432059672740
3033278598408877130
3233776486862922550
7642838851427948742
205764045881319380
-5996304665262161266
77290744272683970
6602842475231002
-8062543445151152596
5162586985455172350
21978018041493430
1088269947651865654
1154735429710756140
-3316113664034902512
6375917356548668460
35603152056356500
-8197951912772289992
3085904548747358984
6307521266085922
819723802457097972
-1429878096625433016
95982223948561874
10082365317360050
564672000750481624
3928289485748028440
3025268952293502070
1868045903862657442
154812366734664654
2139890552181518274
211897760301746974
1288403425277200050
1220560617204932850
6477756566600
-8278660558934690226
65974434374213260
798662888553028954
244489615947724
1002310256893745514
1249797653665253490
6087709367386160234
10011406328531300
1135920388626940
12637519400
1242718965282
157054004177988372
189903478081839964
1655000963499730
1457002744145489074
177385938988330352
6168552500383442
127177308587750
93039894796730050
7756530144620622092
4144241689382165792
7389100160151171242
200272745537732574
1065666408935720
-4965031993927576286
570814505471554764
3373374809714624992
2098679349922092854
-9075607009433014066
12217143901408782
7142514066916860790
-7571330335993454354
4789124997463766218
1470738813043122000
1200740602367360210
703043919872844
140317954328525050
842849571267378900
-335041017968516524
3445763246442039984
-1214539754849730442
3259302975248891060
5285245128038792
5196366319112768800
7594030931404924160
-2781500556501216566
3240468024300530004
1205536248071142
3591769541345389250
33043394725006274
-5877313661543711766
6151412814448312370
4250464165434041762
157022253237850
-7904358758708122076
6004006596205140934
58853806774546954
6684252912564245942
7224932310291200180
1268055486010460
71297967061626890
228570234926983664
147569978923701182
158154469495660
4271951321546985230
1303613299082393600
90180455598935394
3090217531751480
378103632602850
158028366267510
7151607886169670
-2588344255099673086
2129256600950517214
21592563055223132
57676431925061250
3443827345212848664
8692855277249653510
1908339750727537384
408688486843887894
7776087209961690620
2065649468514670334
-9174379451261296756
380031853540951612
158659637266130
2472097586985960008
653232036151010470
41092344705173140
-5295476517251222006
-1079490241098215536
461046628923972
1398910342968477884
888844878743335952
2626644934979082042
37651576625272
1404631275953755850
282944910255700
92768972575827100
-4352633764467298366
-2848300456955485366
32766986084195454
2832279628758202000
98993794465938190
2209348844756473602
2285521850469584234
-6295325994308214852
8593289454099000
1025900639518043592
-1498716790955502706
187929014700350
-1368345309064364304
-5014049971196712616
4363650563610030
56803089076845656
-5644040952560192436
38394093089797550
218596191959993870
215213301231904690
152922635515137250
2187065871842557640
2144432160036220782
968781736719153032
-7579898168601017002
7510506812250
1921197461459708250
857419978017944840
-2994508077449486542
191107345944592
36505728032
-2692572078989920052
3542321225010962172
-2618176244310777012
5722888664542537580
628694340763841114
3310291846632343984
34330330396939500
704661472387962650
122289995853005050
15735093262096560
1516067292254434404
74408173922739694
96771252549519832
3395137844050330
-4029795181802473484
70340226150203100
78922164018460
50691503201039030
293300713604498600
15232589883935600
3206042284550066724
698080727791008522
1191533524703798150
131960406798963120
237411317234
112760250725055010
2652390413303347864
-1231932335031590186
1529657917719093540
-1313425848206290016
-3814855607708255616
28020467913070164
8630535623361678954
-82446845405044044
6755179513555241652
159229695821313000
-6968365088668047366
5315900809188608100
8502893125007964424
250668751332953014
2474673463507887250
-5786911952414726422
55018276346123090
2878053579862495500
485801570550513100
7455867350605061850
14087409166300344
3849550363994643154
2479088291290542750
-2351761595850058316
3126642365481070682
-879267355626766822
75458588344657960
-3032812337207315882
3041922146838420850
5853881538563830366
7810296567306287184
905499896573849500
434323919167572120
48921953879810
36505990792319202
4956816180104580220
3526873152889002350
519106889760248488
34316065593405752
401828642096231350
5311592990901052
760598192912119510
25781500211470080
22141849317623750
346442623793834590
-4568685570624924842
6031421274587498790
8525332116183810
8985368929511196222
-3733048949498941354
3837003498217736000
653557046072194940
15878635539369750
2674394419006112110
629073327541807822
7433293119681303182
807007476766651934
568000318242905300
66412020418634
186860037066187122
87243769519754120
199684301743386980
350059000503674
23362319996890
164432673321981922
471748033617389412
432794660155629352
1620948277926444350
-6334281357016769746
28794055372977414
-8069267986328626742
29730568472753680
1150755231221949080
608681447918200718
3918066983415850980
7039905364743385050
2828376143830525050
9116518455076146790
6195550743534910850
596372456048370950
78548362180940
25954576593488050
47428968187593630
2314420606554523740
-8051673821835493866
3943535578272462550
19075744861369130
4600484148663556300
880197593461460274
781424374434197664
343327083050539174
3900163569599984064
2137150451363186364
3047488459870877512
5851370407198093870
11869235358575100
20704756593662310
-5356521299574716756
315883849367290204
3963620413110050
24416808844589722
2570908601873430
69585854381520180
24616307764654060
6304087488250807112
3889996027998083350
489821543862329562
-8847924604806462642
6462123891485387972
3076473423746189922
664087351549237550
202720589791196092
-5594328348213643866
1053021831382413188
-3029333077647706692
8285006429107964752
1573550016988429012
1719889124756566810
3825491577324169480
2048438940461760
-6977286812416721166
1243676917978319554
-4227955060186016392
1014082678730
455616097318486174
1013918430653196250
818722558323064010
-8064612882719970866
5722226802270210232
51265004130340
-1575538161062797766
4146580328408340524
6519227062964351190
-7215664926861142586
7521460948211833350
-6496642061735790266
-585020431195080204
654793189959962970
6539425460193207484
8869189618603650
402822675153992522
1822870751503589810
1355998726410555990
9424623491035690
87215056940952472
-1926437606611413016
1191635533737900650
-7326644109419189116
4230137150122
6359731550665570
186926092060470
668555423395500
2868184425800420300
-5982070537728818846
-3743125595514194814
5639945048756362982
8581101023284563074
63947648100
71693702369448250
831810501430544290
-2874960509410936354
7259285138067269344
3732164198375648840
390998284020377864
-4334407747413752596
2437124356483306188
262805445979449230
-7559005201759261266
844660640408135252
8506058124760
13139455439388250
4991406756253791984
24108030170299668
18770003690638972
-259538141455106396
3932284176243808000
418327695514797250
213719340999007844
124037953215920010
94296831789281594
134028660891238190
3586413973806621634
4888426469869800
5529792341017380870
496053122536700
15910666733880842
-4455796969525134942
7147209659804522
5952976131388854320
6103342318833450574
-780050721790513266
1967588065132824750
532800724218479392
1484414853485872
26993532267282504
-6125628618756304982
79116027692495182
2002788595052045134
4615440509285705406
6346069613205931208
395635242224834682
3997639162432630
2015721482794188884
-3840266554400390394
1102868275764562018
1179706314819312
6239572654757412100
-6348212706054269766
4692722661290026074
7667124789812934824
4248665408060056234
12122105432420060
4360475379334719734
49432540388300784
724542591484898890
3500475663137497550
5019808687628218610
3724484747841504504
2942021538986013680
17445843088115022
1400366233472817100
-3768629934580038376
4544053550492850
2317392883788334
37737633242920
2587557454739082280
630337854392317652
2008468406017117660
7624837363186960
576888567448138400
4742294587363729130
258174506625365022
1777910392399792
824589000723841500
89681048917923652
6471191543836285072
-1262148937470553846
726792931359226074
347898935867828800
5680974199853895982
-7764470732506495716
2970251757670695190
35121768354977040
904669927390360560
522737287473184
962682372450431952
154195193649547100
226968538649160
-6227074242849496206
7125725307299593274
222511014107438210
-6840101685998100536
-2601844897155449716
461891466270850
1850670893087693600
13941683282593924
37220826578726882
13934426792368810
8075618227278146510
267964473515739000
827844476042352692
4514383721690724
-3490332101824200502
5281228271664720830
-7130921302885386764
4603575509779685894
-7254027003817801916
5890164263133490830
7734520712641335470
194970815424729474
790233239862545010
222539992870067250
2399829778395646634
1213701889790023464
27053146387531684
-6244018075302778176
-1752048667809592014
8023602302170
-6390513365569117974
6370923399571346908
36558308584268870
4316241189592945690
327652351075585690
660541372200413774
7004023806254967272
252297047045268680
20168150321317922
572755316170176020
4548751595147410
-2445708256501323786
796584940506212
115697876150962
-4860898163946951226
20063046925653600
3197051160704646700
454129875596863284
-6037159878672274032
5619785308457423606
176337030587207070
3490871881503635820
4006177955868750
3338777611590400854
4439130919165164860
1639919113920559992
1834122102374368730
1121815633070309100
2284856888773627492
-687379430478490766
3107129650506175000
5513058315017329216
884594891490325050
8861150702922996340
184507132769777090
6225050855177384214
2854606701869751420
9555158697102194
159794086071294350
-2010562671180041566
505346822928743600
6624959715708134502
752761185474783100
-4681528846968130866
6651222173599872330
5051378453557150330
4550318419272560
-9131531348891270296
654923412298790100
2362284049919815582
-8961069656159138226
1501436692784894320
633063041940370750
344950627890206352
-6701689579932969106
8788336337351070500
79597459187726320
1146978738687091344
230022473551010050
-5104817789890772816
7855105195708608530
1028821340409492760
16890154902010264
332952175095397550
8445142820527041734
723735613505940
7293760325087343030
5026711276813215262
1820766899867426550
4640793493589366260
11381616406675944
13101313971286920
479534526136302960
16936869348741456
16136244060646710
109455536611422402
722297481388052922
7389100160151171242
3073980929714981000
1531627255810567500
3177614233712
5013512534360036980
70380193228800
2571536649528563644
3368034742629299540
2458477655685324000
2331418328116576350
17709226226651960
-2545654003514364596
4412112494756546360
2176949442904288364
391619905998750
107376978438822400
292228040615564
7838750809541838970
1564447724004130
1708766878017642850
505333752447720
3927660643948901144
-6517898257225961132
4694610014925107668
2725203242342936504
299588970544986850
-3753197064914247074
3527349156554619384
3812297114849783560
4151000458059880040
-8865472010804559516
-4953071425650480104
1070840234781431282
96476734367428450
-9221341448852621506
42419712475140
-2533542777885265316
1334880903049970430
93768010
655221966712221414
957217610730205290
14282252027107190
166427941598229710
152554069605280
6802148582275107152
707210181816906350
7834142654740811830
-2064525165473556802
552478528188590850
183702692965039122
256962996371634
102329289448318224
2049804182274
465920247744704302
40807373357494150
-2090001629853461032
1576956442592780688
-7657845984953096366
387763474920139894
3913585363502603250
-8053227147372705664
6938788587013741892
-8307151415670580894
2213384113642550
305830641546311644
7420014475245701340
277516923060093290
23512963172160
5972429820827611884
2976732801678927174
4311973790676548904
-3719605365900701124
6691320323984269404
769010258880723820
10791906244351610
-171943942276757656
689852035004665394
5768695998326289042
1664685371052444202
2801939345461694790
-1257618984962805026
-3898985875962644406
504757382684507680
1084557965960502462
7198166831051527254
2044318674026390150
7685686834446094034
-3704133858357025016
148295368682542004
-7351133616817001566
2439392180311581660
116566889442080350
156395877087500
183702692965039122
82394713220304940
1617887722319180
-8137363152339188476
3197478880121464904
853045057015166470
6062116931148096702
4763600419409139330
-9161064805165505842
6772811253307683480
3328847293276922844
310752302756410410
942159758914481090
7156201222947164980
153207176601868970
34861262049496050
383637869549880050
2319291595927446210
54380937378510050
-2515006346464061802
610316852161170
4983910408043295430
119411811547080360
6684013349901134
503303300500
1394618102791461900
40556210256150330
4140865401826094830
5805740127024840730
258266957592
-2480028289252564066
3544169156554626600
738194590740456822
2506057718100345882
8650820307102167364
30952915937857342
2148536296659305614
2286852209279357630
7003638729991064504
2998277037565311152
2784739407625225050
1968665445450
3004803878230961920
254212905303932170
-2562028774035186016
8001746586708301000
3190213484213751132
3394574914759205072
2829937053293717070
3865527092935820494
79812132543117480
9706392115273634
2636439345000326600
232797782255608460
-6915285106706341766
3570580821007322150
-4670019759896146776
-6895682993696046566
6582954611192915740
4967819152482408250
-2145219629271703766
5269708539702600842
8341056148774730000
5801726778999547344
1046014089357518554
4727652496084097580
147314595495268600
1806648340434155652
95259361359461030
1693711363650003632
-536011589564141616
1285485470975307030
105858343350942490
3860597923440257584
284664101471645000
1916094068978666500
-8774060278161646834
3410933292388264500
1071782084683378272
-4083322990706030282
1176003134275005050
776973639178547734
1516536742013743522
957304170826397850
4510197369200504134
2501429001213450924
5505320412066897772
5299707475045856948
3102896770368592454
-8372048521204819166
2237032457332205082
203966465443996270
43973307146782720
-7166747992224303474
7189523354634476570
2658902806394409694
128182974742028740
95182702095563460
2527504324809295462
135002122470194742
2378859119968368510
353073176194038652
698037098755130
1320813205241455336
158509459465789432
58672329588655640
165103480038057394
7194806904250
-8890289638826056946
148663023860912
-4969436514122302532
1058092604189860694
4148139970880380552
2302193115773257784
5876648937713031170
2051055341239483880
3548551780
1438466699020336046
1232080593846064408
20010649545470430
797433480799410
243790845857262
2446208114191736020
2529656530628750600
3158731792327048630
8815029411669572
12918704044495354
642574540858510260
402687016711517500
1451103506564394706
7671246779782333154
-6026511705200116146
8896114434724159790
449804582942
3322007751109102284
832044239959326284
9201752357153554660
33706872643113384
3834797079275799494
2047531828105206300
45425291505737550
6380870144413564238
2049063232049204100
934060278510913710
807388323302958124
8080116167678192
18965799591197550
759224056703848434
1421206740665581870
777687850
470689602536034
1099751213295633914
7010187186327750880
719218979356603440
-2353198998116071814
-3902983008483043826
-6552880326377911366
-3988059117542169266
819569705156581500
1864618243006781990
167572869400844362
2308384539903576750
5887459334995443634
144653036008989970
5142398599021612280
1477440384940
393320170942687500
589422624040782840
4417015736897463392
27385873458790
48816570940687550
2460404010493940
4752618635598674
5449917507915466720
4848817900002166384
8178512071521852522
13739570039014600
-9075607009433014066
2986067876749015062
998284440529002354
660737997655135680
2784546600917988480
-5095449410283503766
70279163395919500
55912837590674
8659113056840624
3815226263346906254
39579139420914
3157248587566480862
143231712018606684
4055337120345145012
3629958541990772720
8041394644718911190
552415000600100
-5370057895638431634
506849545812545390
1415162420299832204
-5780307397061338584
949897593804250
3263861617356511290
1497490003196401226
-3724983904332006216
3647420711631669026
-8507918812083202346
560720534645761050
-8326450369227558206
3085010499748002824
23603698057174
2286020666983434810
4579728167161165914
162890696125774850
3446767758524542340
125370589479030350
9208369843037830920
9140944659887757600
-8814224718523255516
622089750066384474
81463328389971374
7366277835457140250
-5358983280196715766
-5465743742582390932
304361944799496224
-6418266985988884126
375334927379527570
5258518250415298064
19590472400348850
-4535857407205885584
416840894706428690
822964868374217030
2354114064304540230
988760648927730030
1575184264502059250
7412779081111729824
502626076161300
7277101836318157354
-5406922526128729124
4027293853700505172
-9034820574729776766
-4769525787282652594
-2121260594284255986
4770198882075735708
5998442194326159862
343945254248953252
1392183228210601976
4309177984341808634
37243569971350050
2770882895161124550
7518211637325187722
30562834929550
3495213998299757602
6488264560770173000
607312074871876220
523436477899194860
448564392824663900
461046760729436750
5099467277887572870
-6699419570111831136
146804823201885044
3253232216032148350
-6054300866106227674
580449124270455490
38957983199942
8393419521305418380
435617380686701994
6353690804497500
3542321225010962172
-7202489541791065734
4545940742077045250
1196949035599681204
27679003648604000
2679073804827232960
40904910295778984
960101440919264
731663061034076600
-6881666191555910316
5125782747817250
228599803530692202
-7049583159530354536
4011878079251420
-2857424850492947504
7384291059332641300
1150457131703934250
5385441572444807504
27190633560473240
-7484834253335432366
380248360948542282
2252892815037032
2318929145880
596676010118276620
-6845162803584605516
-7033485215781935316
20139444903941064
6506455480188800456
-8239898411770215776
327613617667935040
8648113618776766750
6833849107559313294
7215610561999840
5013812216807638580
3876634981365559504
643666516940889044
3894840059419414
5347851673677423598
4778614976199056300
100023829416906850
11962784470720510
5614781958750673500
2792376321320608734
479482986375345810
2573353438817857124
6238160331038753154
694671568104654322
2582451829570659774
310863998222450632
488252365674633092
5842509240120410
281920343208709034
530239532666837884
227095458269390764
154503549067292062
2744087775848748940
1846983745603941140
4967819152482408250
4907675512629478468
7765263843166909170
722718041542518140
4030091615758971910
108505494493163574
2113691311969081702
7229269023953662350
4152301168450568560
1012866994228672
7025613432803894940
2308384539903576750
5517546200908568750
819734469578024
12372357174643510
1101673553753061524
-1694354019992137366
216771904580668910
9064074460855370814
-7622127660011340334
4099479813090623390
2618350370246641212
2739331682966547184
615723824056974560
2296014154729365200
1348931817617192550
1001414580683885984
2209132781819727594
-7899648286756510184
3033073024411215632
1195728937499250
1916531103769539530
-2988930607286420666
529676484537134594
86171889037653070
62785439521905100
-4964402688639131936
552478528188590850
7120862888524000
-2871454561726850934
1581481698052664500
3076473423746189922
388632465827146090
117336049430308450
6540908190428682
5489906364644687220
-143467181131870366
1001593667883329910
6072836139001932370
275985402565510
13703710941170250
-424395073062485736
4406249702644998654
8175916994301980014
6243868849619298844
-7607708665744534636
9133423683171939880
161086505262857994
496241867685188240
2546923696907543800
3192670600
3620999280775705904
-2086363955437860842
72565114991141850
4620147285675686476
3690550068690525040
1679353274040222
19590472400348850
-7146364785392918486
-2991719531069772816
1851831376537454
4723065893896723972
-4925973386002418766
6100564290726100090
2181120214271309402
-2982654148715451926
26064641415912680
2366889001578683530
905748998651564522
9172489211318474822
255496191949086830
696306402613071054
1484163243714296600
4787582832173761204
-2599713790126466694
2719759881593217100
456360574669043394
5395883735254798240
48068497065379610
1712512913255427340
3076265658037125554
-6252191546940734066
2358196403522689730
13779350
6005301655479456092
182026919153656850
1124352673831967750
9125437731655462672
14116690885179260
3159791544202513500
2065348980556368234
6396066533454964
40953744280769782
414109999707699750
2095717737604100792
-1235711587882814056
2069960304270770154
4235997571190840
218510422182871000
1511849898832
940791961375996730
1491190543190062
1317526954253802812
6492478077951521094
1185831463505051482
-2289141346924397982
7135873108463592682
827534016176141170
6230044121909063170
271985450131032
1171979985663383764
8512791791544040
7518211637325187722
610394545114347420
-6453468038758013716
691207104623228204
7628048683076198364
616719155087446600
5297762400217939652
75962059830624422
2637734991099786032
8308180136995957750
-6272024312185848232
-8065130193778999266
927618385720786760
407911831220967810
5264732875163266674
505614920904990600
1969223087138919304
3955277916745593114
-5358983280196715766
14021691868056510
-4585399118440952866
1063234109622342134
1860382571611331724
52192442606500
-7864531805413984626
236931793319546000
7420818734756460334
6466279662920
217540127676750074
1581607839006553204
5554669380726940600
2597059410903314214
1129293878014302
3790625206942132000
290530072938055392
4866810843629700700
820340408972229600
730468299591804
4772835952582339250
1314559655514493850
-8851338486531626426
143565194633498372
383332760863416210
2456454000647350
4168094063137862
122113190494750
616283549394558500
41741050621970310
5704708360841383810
4034589138005768054
140113007162691600
2326374941509731534
-4904518151461254606
20970338312
2445858232074661404
2157617954310248500
-8066682010964168152
537333188673298360
4223521689151936600
4293339947036465474
39223057329409954
3142234153276099574
6740575074801530690
142774122462031060
5283492096135044
249380455700369422
11969256452540324
1995048640808583358
929225725193063942
88036147437659540
-5463908597553846456
788734996190738480
1158825839419085600
-7607708665744534636
3233804362357799634
346927552132378364
-8405389105729882476
97144238751302724
77094264680675110
6079412998564134152
1921197461459708250
6397837378356553250
370163672508322
4175766269402228020
2821593295768780244
-2050682628096125116
3437500537482722130
4113412602842596460
2112242461226912306
780606978513432350
5808881373370998648
20384420231726852
1359832874204
5000935896193422624
8862988325627413562
5969696606257138920
19590472400348850
-2674882623106419852
5410464804876279850
2309389730153346920
7371078135823198412
6680535471822109352
-8767190401992824972
8568072878286350
6511931820298640360
88761163528123240
243065401126789500
47229297798824152
7037911800581572
4007243609957425600
3936843257485604
192281753082374410
5336597679800343814
104388722451706330
89169123391982662
2203843102473322660
8603391653449630
3763725834840679260
193322723399891670
204482738531508052
4497682014332406004
352663675575866512
6545174688162881850
-3320916349002678186
8457556414168605660
4602170152563932754
-5729185021477820294
608975155074139100
-6220057842932911616
4083269660070093614
311348359890406850
-3568407009306916372
1492358498947648770
67122901374035962
7849231448975736820
341022138249419200
825817681892350
17159950807924600
251724407090708654
297349681657129600
7811153091629080
7444170714747463130
3832118423135205124
9034674333636219090
1703426064174974750
30952915937857342
7585033285601781724
2240633961470554210
-6664192323013641516
40201713551930100
1007067375796899200
6157004517752255050
2620191906720186852
4510197369200504134
6046237168753908504
3560601249143430044
2017610678323422
5513683227940730920
1306889999878270500
1251701777780271972
11945722050570
309594595774794
7949957691860017430
2846169639758239284
1187697361914154
-7061784028564477514
-6681815835264835316
3615986424050
67738346366193360
1488206222406385648
547276415726460
-6879983318463329216
12582723162879172
180090490782726342
24147220146223070
23287785907186530
301877308341686350
-1091661883079524696
383594271447428930
3818401412001356910
392255110092574624
137671112295321500
802599496298219620
1635387224509331302
719847870842122332
1415510606079451770
415728397675692990
8910621754844810
3136911382326693516
93583519005681040
45074284352518850
1176983104759034634
67714597448313662
4839903935521116994
1025809467935123144
3229680347736338104
-8481357046263319724
-3235670774342449536
-9114828158168807506
-5437583464215387574
25678070755758954
34448784876500
8978872014680496110
332247062127233072
22591897059635512
122586207600390034
1134813950284392
8520154615000
10933352038854350
213466424272269602
916471303681850
31344181496393024
2278049394201148274
7322782401261351024
3966331981394782984
9324919041089964
1011660948436576750
5093399569200772440
6713333364064000
78996011828145790
1039184983575553872
1552420308812996480
7244265421356963780
654272494791647550
-6491467343309685674
8225763615176136484
-2550638968864350952
198298589701537182
1033855860422045780
8397831005943678420
220633457024972600
1692749086723800
-5980290414010203424
7403943009129692480
86115000908520500
2587739938397903800
80310227665596544
4410924422990095124
1748528028913348654
1348643219438680
586120348416522920
794665496559061400
283921816638870
-7279729196426282612
1048884911779204592
119230225425654420
319973744935528390
3723765407459242250
420845686530875230
832433913637130974
8475758146596687100
3445763246442039984
1799411480734997550
858536276029714452
636752862615328550
44707920257617710
-8151764390686140422
92243873578287550
3758677650
3815470435223218772
3117399123978885200
101529860926973324
61881651891451120
2317443075090083472
588761055410697950
-2224169675581878612
2980991746937429962
7661768686540715670
272364512871880
527385401970
486061853921574750
227330941575019920
6707708477427472550
4885006932050525350
-5727377879761765516
5234584005718670
37213247763133624
2451811334903708100
14670452093485210
59627087507137150
9099636705503495452
3734231016856120
-3707498266036241616
2846561646020788060
16995162387989214
769072937721618976
45636877403447330
9085697537291544
3318499294543973540
6677934186056610750
3251783244979204684
610641648608933942
278676438621372
50243142359410
-8175903972551356526
6383937619682000
-5608893337334268662
2133516559105001200
18774539790603520
392255110092574624
1021440373456737040
6308002701968121000
7284634280807228800
-4071440825112572396
5311205383166080750
1067360786633858600
5364918009843946834
1744843429810910
697875825093532250
1466102158350
2504169242365070
-5427164818739233066
-6681247643649525616
-8947525979193959432
6751057912447986284
-1366842427757974106
5608125070387258384
54876163883680230
15166768155470330
7192272706834735234
4199855466760850050
1971305497747824000
620712551386920680
5350414566581280
1806927116405552400
398890892114680
-6015264533864354466
-6679542945318478746
26134336166986350
7897999198672360050
1381033349462550
1546582008330280264
14668533674
1314669466002622184
94530660840
8573111747769492
687485458556669564
10595602501849402
72828080956574944
297277656179811714
25540649283864022
7980915819763255824
4544053550492850
-8076506146856860594
7748634576926691910
2620928793232203454
6960227281522001760
320087917067204462
-8149193848245142632
2231964981946911134
5525922938895648524
7926692633723825360
20744970731632
-6396299326304346814
327941846936132
4445151826077062100
905832044097622070
356155809190616702
3616335092029141300
-2206087266731373912
19508891261314
3928539064698350600
459697051667972300
4535535463713404866
-8268980390588754594
-4502325624538548786
1173177488625612232
4811946272711752850
7262450157394076260
140174467723017910
725245260521856230
-7408660143364411206
242168728987963514
753701308208534730
1915074611806968640
4620746797073994832
2533270317340
45223212896963752
550303709552797382
4335020501533441020
-4784786428205765646
6708081284960825814
-1563621912107065662
3995603327723775922
4879718949466556182
11769842447826320
2584307164962233864
-117334259437860026
-8574340000059588652
1666914889351095360
1389231012327912404
462048459769031300
1786899106156782784
-3089094342213987266
434994242815484080
-6143265448110199722
5772887265259604
-4151831338843145974
5985083148650573550
1299580525199622250
-2654344196178379616
5841617938474245750
-1223615787951837296
-3336003058685747914
-4032442036505778106
2458126458180148014
-2995902209123619356
-76891986594524676
191252766876490
-4859632247106813766
996644494658925474
4853560353091055304
3792083322740783844
8124145019998187754
2723437684253567356
52247386836904
153075800650251402
2671215939910447202
143200641751874
4432569635070275160
20254450711781300
3755756404418071144
-7350046053995861364
2379030449909271250
7109355573547029600
50863718378089862
2373635027493800
4643691975396637576
6514205750156720
5947996594044630894
-7375039779942523012
1608648321831371310
6824402871364730344
636370410927667332
6731225718758608340
3367590023402588494
8988154400628948440
9173432092866693470
1273755945558486390
590506393311942822
208814012377565100
5152791267825817070
793236129675413470
6802525319556056400
208206838185463040
28284800455698710
2735706731175624410
261135112364113680
1422468717978951614
3172954633784976084
2032980983256300
2524099474561698280
1381464567311718390
17117583630259000
4922882661717838956
671155796510239922
1435649300350720
21083237585395000
8023470869467972374
962074024070233750
436241187811285780
-2251626012701189556
2110273174522440
2539544701309104564
169620243802906050
5176791232734008564
22100805921423282
6982099788741286300
50605559791636850
1450891417684562744
-2487885514715841476
-41152083955835946
5911159071633080694
9149411309749796670
4392540337296244532
6548469346603512510
867104023124154270
4836986009079434364
253892840412090880
590807705386335892
2646632290621695000
407911831220967810
104520193515778222
1003116879067210350
3841910060180520350
2551615395234068464
31988730561799312
197158170776651700
2872320021865672
8516707974594498602
-4968178189923022156
30071433206390752
37129957156996600
226067369155350034
6894918014494615182
8093200092721569870
4032127267196619514
-3329146863125188324
6317620503789143250
363762140400053850
1668250965453562
8495769459354628000
21497315134330
6104384323941049580
11953081419622134
423562838717305322
23311131384326484
-6877178121849805896
-2512153151094821116
1567902824229692482
1174481425612407386
1629500288185742244
93121658307132
-8765226908268305266
328699451971532734
151940745211703800
-1262148937470553846
1500223880278027030
6898724566046927922
6092235896263907390
5539222002048414664
89242121087894082
128509021969219500
961292285583176344
984230015953800
74459157702581600
-7030707985615181246
4919080178413297934
529906146252241850
-3029333077647706692
3636313606056592850
5315113467777050
-609875258427803516
10378702407992100
2819802680728837104
7912336161103862670
33300626216024720
1951293785422235100
5629804305051792684
563856761732536272
41296807572246240
1896950891802642
4595990403018886820
-6007564700818462882
1956167264244270
2231475038416037590
20413387084804420
6855044260337894362
12990829031136152
6497723709389489500
-8949945555957469222
5201719884792450514
43975310
49011933111465324
12508959631759850
-3002174634284161016
2593092508536045654
1652788894870054494
5059822147961783552
1935687979267892250
5295859097861806066
7208969750978100
1393893293652000
-697436389190493384
154085178651535630
453585839722254750
2001987495677505050
5071600643038622484
-5507898408213637284
13101313971286920
2079031552052
-8093552543621629086
133376037484189500
3427663940119460634
240782255659269104
4865894119887407266
3743283022417827796
79785274654797132
-1660258948912436152
-6863144484380352796
3828335165250750
1014008808454805254
16019129900462990
22853629591201962
1693047497225773962
6346786600
43409175119974062
67072475518664
4244113196077009710
7183242080978199810
3115091519382642562
1334223827273414
41642021705115104
6867177889993850730
351664071918250
1988922937799071890
535931206843239260
730885028475829150
2677575733811865244
-3749169098234558406
8776016348184714902
753792659177740
1402439903950445074
3366700717073419572
2000031242029885792
5234643298833829230
3798201348189266886
-2223446669280118844
131764686425634080
-5505457466798913002
3874905517281717380
3490477285778630
6251233477797133560
33752568850
1151649877371372572
175850754371487440
3793541859162117062
466071587431143500
-5463908597553846456
355353529871410
255849945959210850
975348884005424082
-9068898380010952226
3531940071129837042
603744756733140
5347851673677423598
235235382078441980
4557136305240077634
-4761254270630639616
4411023440004525850
1877639803625235650
32711913121017130
12515651971737642
5890190122322
7310845057946348384
1318737292805857950
3642205361432746850
271008765188580874
1120061737086403644
790908145442172450
5816787570628155354
527134036182162600
622716506491253304
-7687632227223724986
117407792199359972
2083747494233881350
5144656429373804
7496306317440321000
-7147467286069728084
620712551386920680
6814966431504626144
899260983504
120487395236687402
1864639615246982
-3094644683419637014
270473154487540
2803882442677346014
4108555909816948574
3303132128726536260
15302516753243720
143252537644336212
45583911780532860
373579511654287262
-2807542815821153426
102869455476766104
4665446606940809250
4999982851467629724
4514002334536322100
272743971696014
4744594468252969022
3176571041191986620
667713653684924000
979833576218169530
-7230473391264343892
30077892656812000
-6336604083607275116
6048651639473705990
7594849295958624000
3708554051199673984
1392094539272387104
12898152181098800
3835532446496681940
3279527559277626294
7574873028800
5881038864517551882
-3529068405853281956
-679640400667251116
584010557811604
-8549907893367140316
421266454264794670
26274144881427170
1680095392954770
-6752677881180554566
8641349676771167750
3456507157117368172
33749109253885232
533526217828972550
2088843110550
-8045458778521664204
-7216762352723601942
1408793027814860
605898065696523600
3213978736902480820
2237032457332205082
9078099713518974754
6204065751306500
5747352160691428824
5665495394905396034
5845988226018267110
9060337139719479810
1000698472034327220
289328520913541200
147612575089143780
3913336497400720350
1088937208038320190
9220668928384761120
-1746877038923335846
87975058809850
1862193172104188924
527798348298596782
4188583449617432672
113790629392590150
5926772095406397372
1214444176436060614
-2949147416065991422
10358358665451874
6592149108528948090
1457002744145489074
26827136819871150
4317044763534861512
16336131521682
8472755705416832
-9153926063285429372
-1153182671770182814
4979975622581036846
8068336593228865514
673945690286666980
-4490058518473074156
110018296160782850
-8549408807246625752
-7262234646406714276
309414303603516720
374178228060960304
584145655319856564
4438583867450809384
200996702956823580
-4114313918494042956
-6103850422819403816
8566312141916448990
3325234931928910
-3137608833860762266
321040540118533312
4263549600395433138
1480078296722778104
256107452240587710
79637677415021894
-8444181788679372022
3219779494752228100
4068363194
-7170601170521245616
4366005178320634730
1753036684005616790
56516811159062870
4386844077340561564
659951759136900542
2189318746966177600
52015737233177898
1239153664230642440
5135072068306161300
4416198246209823970
-2872857011834728116
4254702103074238970
7972425164630048714
-4323333330588390316
7401534542908167510
-2630239123503193776
142234749354953060
2465974103103839774
29906410508794
1329446412166650050
2754330905001130
34067150389924262
8422567464791574600
-4859632247106813766
-7401075150442321196
541856037500052
2844406112593178322
9158354708405254702
-5839057027559240886
4503485860571103602
-7833009850182313336
8560491470594793800
-7475671105889744616
52188888361848000
-4153803897403636646
427095879408960372
1739991686823797862
897771204912750
8432300295245526392
209007482363613362
1257958330358724484
444655269514143380
8179809841770256600
-1718041678998677286
4163760605227792842
385297353159529140
11472270842763850
4901668436443892
8837287602032019694
3211188576556649000
232647936560264190
780235646977980600
3935282192893794362
-514976956277716494
719047079727156998
-6565477912176316446
4115738182734865052
6027979623903967800
787388399340494504
234692046716689004
36663112848827080
6487585150477774
3885786053637097610
1987425372397198650
166987986990586762
2433984555363905390
1357685408335303100
2543930015960005034
538231899421875120
1154293697884782
1757947418555847380
55928171106309502
41526710791728162
4435575986753238250
5878504813220592
1711308159496785850
75317037178185222
1294832120583140258
6035897623476967064
5938332019669418334
969568038214780004
95259514053732
180115218580514490
-482219596067995186
772247172739443702
2216066598725204286
6700628086315344104
-8467805129053387826
554544822846784224
312580435437922960
-3179101120012664616
438598484461282880
10182340789014850
-7865056575739445026
409328917897950050
221383048150912750
5340367230532057640
3888262095064536200
125031726921260432
101447197462375660
41633777256753500
7444141258622600
3519742660200576420
973419071209635050
-9211394753788038516
1918177213865640
5663878976299544000
3642441180468835094
419445403561976310
3459345095265263384
925169099523183790
1185018557121925990
5096432746285765080
383943160335556822
21187354181536334
3629252938310739250
2704260065976340650
1064358378147754200
231467227808250
338976816655582
1026476069615868564
1571038273549221582
2379715862220850580
-8049602450289313496
2196410543889189082
106557236098509000
-1054366010926336544
52567968154
29481600403489350
60779364741383470
209838162606156882
562461263250258220
1374298287107785050
-5459625835797731152
544554479932776824
6076296978487045310
1645889627979833170
3808280754851304874
112440144397070
-5694212803629924016
8015228833027850
809752581396699452
309377198747360172
1288131484006603374
2980585936327385100
5167028832660310
186640281498554
1899686782843753772
235393033318531384
10601511448058650
156030062931625194
3719516687531268518
-8283243490944237216
4109538826625302200
4586467222491462
2321174002335500
2782041024705808894
7808207405518452394
-7509599874374801544
4461329042644922630
53859728011100
-8758352327729367266
114141507635259280
3392115064461221774
-7642396682071531396
1559522962032205500
-4272437718407238266
-7531101065700727804
11741103726228800
-2633076445718423266
513273539754019422
6195199510222620370
2492227074095631144
1964500085500260
27485287940685040
94815381483823000
53299593442550
253605040504179100
6486083147785020780
-2477884906135296516
557135835487346934
1804140808038454470
-2689742766492059866
-3461060094182057306
4196628344126284254
1552420308812996480
47711395673268250
4192914838329617384
3312866771936220
3575500748541679704
7110913379448620170
7155809888574832380
6089808388299476022
877660812114742794
578131699992
37784879133074474
-792379434872867786
7163052
24807309954350
-3218440615068252436
18378498809313500
8960328813699953250
8618561649915000
4511135443349616758
3991307908721241850
317242764977494162
6609060003245000
4443667549584645314
1275572388077059414
1624677723080125560
-4116290358627732682
55221772739926520
2622034414414148442
343182641316393970
5221868964064775384
4753226472717981192
31692090636204530
476859962742753562
8983976436760992200
2495030597677109850
3001131220619920234
99104337350299974
-216175062895559276
2996350244670512
11369154641878922
171284760435250
3972650538296379184
-5336196703545610464
6157354125738679864
32849725879141360
2356852356103086774
6156802272642811384
499050601924785262
3255832930605853052
4003698226632301890
-8415475955803468806
198670954261712944
111952617375900
1452310840199858430
-6722671578163869344
6393161166555864484
-7168949929291705996
2512120344772738154
12966753901004750
71248615592612320
1333659467671374690
8126297263417490894
482841722799355920
276015228481519760
591591656438560050
1331219111775780634
670294016071875960
-6971711344800765026
44647077396444294
5320599347803203800
4215358728063219720
-6426930157398472386
-6167925191011148906
1402094132376874860
297601873899428100
-8983288535652327954
1325243346395531992
153470182179511500
966948893158817314
-8933483315314407866
1842268587165160
4597561327938701024
86143441451062422
1598197657070144442
109523634647146304
643730794140120792
39809673762930500
133218185334367632
65683832678851160
2712630422624850
152180324905545794
3479008880244268354
2230168916676093250
-1172895364184492202
-8234278933652452816
1672432712146328444
562170860745266150
486009788882082210
-2195230568013973792
60669951791744430
-3100193520045885706
-642457843308011956
2619639343815512480
-2601844897155449716
-657182910392780086
8003448855837890030
1945541096370920024
866541564259700602
1335214167350115052
-2638040841011778666
7763183722497996100
10942998893114
4924784077399460104
81054943374677734
6910153677995909842
1512629101484460050
11085347888452600
1164477100849459984
2843230883197068364
-5422872969825993122
183803103811093844
6290931507259616000
669342241920
23609358539170520
1046291653020434570
260123710156981412
730178264757268210
19602348920
-6831100055168222016
1229204178148471560
4540652310687091844
2054736897055147732
32932622269720250
-8003434310309122736
47030258516241000
113790629392590150
135420939524844820
8626482971234237382
6644186554149844700
1074989022271754384
-443164244567229236
-9040106304878568936
35201657923625050
93613790035175984
-2891080245903089256
5474204600532069350
767762362381016734
6136403983829545934
-807011399430085866
3252798915128452690
22502813553220
-3819539060901100826
262378915936976644
-7512289258896219814
2508552763267842344
-7961803794256712216
82229773796279802
189235373780506300
-3446067113653022182
5886202816542725634
2164153810791819924
291309539467423820
403501481575150882
8612085099511655350
127532741953070650
1603798979026778604
383114937536564440
-7267703899786695766
6435339484570319470
502031258054419130
3306695646404150
50424482623359524
-4759981396690495484
3671129055504744524
3644328145028581010
1059866647553780000
2556641615712100
7096775733183070
73861750306062460
17670180114542120
382489129484
1282033576117366534
790458160376644732
1392015352
236385521032142792
3850507864880512550
9555158697102194
1305141658387448700
-1254598519114353156
1558774168881772780
2210647223518864
545008214258973700
8106083049171297190
750450784177891500
6881607488196582792
1649018631747041968
538370255256834
482893533093909520
-6970596007394689532
1067079041329342822
-14114034476710756
45707570017604222
450971424148200852
2922580382732714652
311050224241404102
-6686360627348166592
531741718659770710
1019896337718493274
157881259432338610
82325958334845470
8144824214071078450
4224575837362151310
11728347868496974
-6181999818729007366
1083892719319581600
6814589177578141600
4307409278346328154
476801374700
69515921750
14449265197860920
334051247533661000
8733679955565638920
9985953014189684
1357347946140293800
10753026410892000
1434994506330501614
-5229879014750509386
3683410544447752470
4154382940864104564
42732675939849142
10857942957823350
2188031176742729500
2522010313606799934
3066927087632670794
-5952971300333667496
2076930420498913084
-7945638556504593196
6442720877195330
1306562052130601162
2616509804652152522
1007696938099287044
383289188769225662
4545864402108267404
14621499375084000
7085847250609400
1976138002312999314
50767989200122922
-5318316164666135612
638859429240245194
138583050896367350
3298532404081544630
936867838529106002
444432816687192174
3750932610212444734
248497838017636300
412864753482371652
2083437263686680720
144024683648286450
647972368798640
86521679733412
-1245534733136571866
8794272808066252962
13440530525503554
4681651817516057692
201658872250372574
1259978136146542850
710734593022788334
4654666530149866412
-7443825022300090816
18191703986375700
18756400322479950
569640659661270054
3738652966728389600
161587877617324
20592698790721750
766073882864360
22080305634163660
617715692361308464
59486906941084350
329398912164049420
6028323722675134050
9476132687803072
229488196434068572
1412495129559263820
1609798459277082750
659951759136900542
14753575054318100
185997241560217780
7787338831505586494
1983685158817662300
96260151529066490
7224538160368654580
-1927170517785250376
2411796199506297186
3509199281071246734
2296848421770022120
2014511274648739920
-1264413577937171366
206420648171382880
5254792117478698690
591777372410400
2563735415147398310
4912986963656894850
610456313955903520
964989205436144
4224129095439500
-2980561571174021032
2376119099249063350
1265305037349992100
3601881318854856826
924578619917148422
1349715662534561322
1859526964295135574
5745758094633541660
3756721721301068850
8637293216539179074
11830686309002750
40033343634730070
11030448014534782
37565667273750
7706764540201086712
10756013431807204
98709965964849274
6723379778707795462
3943535578272462550
71656532370256212
-7116014387271865916
1399790622231330630
84057788870159720
-2447854877984973616
8899339974080826424
27208605227290062
80283244157865870
2022539066706120494
3860351588775440850
3907615852218464254
1737553878379508280
87992788184495194
285082620364662222
-4708355339942158466
38046176849292500
1767388490012239210
3541628437020659150
3301598353012709442
2246044369253764002
959383374900158390
-7486989453598539736
42325763990444
317696709667769300
3029707672938674
1044811951585757810
11266735137427680
8680635830696126962
-1597120283136957672
10457773246232
4197494327069477434
5744762348736460350
3860597923440257584
201211585293823104
2356359229004
1106200973356320660
28433145642779410
-3752525794635607676
-270563653394911906
2959742640012456692
48612532830746500
664104069909770
-118918868992275522
-427524286972581206
2206432756595619420
2668253666342110
157232594059833600
-7594344905488636036
-7912729035007409284
158659637266130
2368829451274000
-2111814939014741522
3449384455093552694
-6939892354234444192
1770950838452950
9684283727641670
214451251864459792
288201056646938624
165337560473800
1200432842916180850
225891476420768600
6720019333493028070
3373152180223678944
18897325577019850
8604892925991938030
42968544504249100
7698080241429130674
3879601123748776010
414433300619790144
10699366343633592
5249827021004588330
349237917494262570
5479648330496748452
-8626542165876333792
-7143056799275816616
2026138935099112
323105461479391474
5074624079499430764
1262426417357380170
1559772619688631672
5690524867178993864
8818048771391862860
342340954097142
-160082666402499296
4542043555563514884
383463499435826524
3597139828842655810
1164726720430
1477199885873364972
4545662288471799950
1163845260044390
-5039762170040324316
2245554797620428278
7955464180305258694
4432437374544035176
505239613596683620
27316622384855850
2509265975384864850
796172179281593030
249254223735581400
864695411583391250
-8703717055926650266
2629044807202036300
58083579429920
-7575614885348029646
28470322935577380
7365121098161750
-2815981976681228952
254597382513598124
313029368254732250
-3250132805192613664
2376521880589500
2209835140325733250
6536426839981118376
5055297424905521292
-2568432849047883652
4068644798735003410
345050242542280
7078641320613036300
6895298598745596930
-1184260402573969022
825595619936510570
419492023283371500
356279532873841500
195391051090785242
4342429509055820
2582550426455153516
5595497927741009006
3854443092554795134
5037173129949184936
5145453632871975570
1741889532819758504
147187028155339550
-8456250005284196274
1290134925823762634
25798768784167702
77055013758229584
2972680907675588564
118686709501167500
2670842187545847550
-7444365363314613316
353524038662327390
10689959745294
14580173620508510
5996728247608474992
-1261394007570575496
-2754720611742396376
8226198061136739112
432031546831028144
153777449834442170
2210970142178406442
106225104597010
126961064340486180
1398409879256319644
4845067436652
145010013718095814
1540141817184284930
2797099878081261690
52374694963960380
1322814552262688100
7738555233826760
309191724522092902
3644328145028581010
28192379967802050
2255741934812592044
32953370858569770
-6943803509506275076
1425869376982849530
5632746981991918800
8957549812798377532
-4853301335838507816
297710005382629840
265045006862032012
364232315929972
2339867604743114600
-7532175292428999266
2975784658927430
79503675898065014
77408812149198810
4417015736897463392
72028883461191232
231660768428459500
2784413282576416398
3587104615896128800
4852466065460590500
648500681887497894
1043426157425605800
16282519157958900
1458236314068116380
-8835236496644136084
2988303426433070200
3327965671614828622
2667106820685012000
1381329436942
2835209892928740600
-2813872506741869666
297746055757636490
-6251024159596440814
-7199743211465327264
488931879262337550
2211943348847369610
4072474344985320934
5995700055896393570
1524006648456275460
729189656836462250
6564227663682885392
1276116880320403594
107528055977768140
237722524123911554
5133851741403832274
10580840942988932
1337348593892404
1686154849326820600
2923980117878751320
6290220960257833300
2929784377580181990
67170093821033624
4398771641572253098
86361312137100
1779346591431765750
4786285342755672324
349522440059035100
278483571835704
21988230776135050
688751157189280624
27776244595229144
-5039135482769593116
7620251420743277472
530350696421684110
1820198246039616596
4824168812869233784
5843114938025427228
4351142135921189684
7187560014282237900
-1673606690408460796
6607617542470117250
2388801221842
8053360500277242284
11137385698043872
1537546680600021700
805789673216462550
1832571961487140192
467738758421906140
994003616318064170
387404088860100
1677700506483773464
511540111465317550
-9146306869203640964
46490621140563250
5024309569344384970
2303865243935784564
-4782879546820053422
6972937732235202
41699767133148040
3808881907032424250
221383048150912750
3126719245489800
134962285860190100
-3353133344703458514
420845686530875230
4354546324632112
7191094316497126140
5966964329912431300
1144479928905465668
2998277037565311152
7131188162054966100
6948736098033598640
5696654392771245778
192307725988509560
951834883011320
5890122736963161604
1668250965453562
4912426949220261158
9141414875106043684
-7680191456101848376
2657227046924819152
43256267483312730
2474496993134125960
1693445793656774500
467738758421906140
3920001421523110
551126976454054
1984133705479264354
9142825629607950410
8503783898101128280
166964623586067034
1622362138394172564
-7688694879605329584
3487434274433725978
41658514275107370
4991756735044184
3312346008302233994
1995563198125354
271513050802510344
3217630151164806300
1125036457891709792
225013551857479000
217369235256416100
1987125960829793564
-8949461677586902774
7128456342199492300
-6526507550419893052
114686971778479100
14764450607214
1563041031113874
-5689987146169285234
658904532871235574
-4048976622085653456
248718272439278994
692293281074070
29063836049102960
5086774
395010951170898370
-8420012558176583646
691342721296096170
-5479195528868101056
721316888168551810
2464277849484375344
8505120188967636014
-1585215467702532864
175171658159876294
43320043704522
75949118921229554
93598653602611600
-863144359738265544
-6315687513697138082
726440970688862884
-6734001486997096874
8254038416793072904
2745232135796806110
5587102400409750350
2760524495639014230
219197287601904900
5294639785982693762
30913332451337504
6440038813396933424
-5540208294351200706
4382778713495781494
8692402475238518610
4246493974949458302
1135330692596552062
-4039057578758016796
2860307395220022840
2374236708533698212
914416358245187694
3397483735125042250
6410238767296170
-612980286964705662
223526956122979250
5550463483516025382
6723379778707795462
7298127984811847920
1550306678414174954
630337854392317652
36828260335938500
2558484148905874840
2803042222961260
981508291575341712
4030854894699737924
2076930420498913084
317816739447550
1236005220691405420
52062042686401484
-7524654040037487666
6547423100437598664
1290243202523664312
5172957805500300594
-554693500738137812
4283721749593000
191374357627207370
192411643926570030
1086079679591275670
4318652248024624930
-1575538161062797766
39586942450533802
957737059370399000
5060123904121943300
1822465105598060
292028181022550
2864144510328286668
141222394150537260
1532366247614564894
7841265205217794350
17733561861639504
6315276848946610984
-145050095938212866
2057064691304350
1479598269711363802
159794086071294350
299190757524173550
188360071845660
2967815590401662
8621981698551285092
7419612370006276440
-2181470936714963266
3297656811012261660
77513874885113814
6938843692
18022540382
2149401020858329684
55897317967775880
328466546308157600
238881765815138160
4259827866168722636
37479195830002654
3126432063823762474
5068676368159170984
1533721760423486132
7085630733131546310
2540258208028649290
465668096841037832
320011798918511350
1835250095101076654
40750557424863182
78822896703973800
207607938069532
199871393007664954
1045274189575395430
2333444064147397852
175341247489891210
36156166977953750
5406341075921162832
50025931451540850
3513264354600
2492013399871397710
1788320331357799750
4637683405504887522
451552585748380
25261793816825370
-1917640770176224914
1810659914781900
-5859989427777886326
5560173006253641952
-2944256472068055706
36588240194422
3332672431279380
-6153251242747951806
-7229925190906836434
-335826266981815472
8992333821537098582
100007922108554350
2463926030725890770
88673925998890670
334523110596788850
7308061779174854520
25570515483370
215920711671500290
143773916766858812
826913358417762550
4098191532760222170
32674299052850
3136191305138892
-8484366707951391262
-5021579317557387146
1417252498834997330
2274071584408541982
99325700831695100
10399076102053100
10170877551862104
5292454777502251100
3837739182738186180
-3048114083928914406
507817350083047004
-9199068656646825882
-7312476151654129342
6377353006834878082
1834404051795085050
3866760122477536284
2318619278629766840
46876886847056940
-5666424969931955322
84884638010804010
96244695292803590
4351514746512850
1566399476721360600
3491557209780138394
5850944838067023144
7320393763960032100
34316065593405752
4329686547127904436
3957320061589189750
14640312822173350
4874728686812734750
-1480031328716233606
93070033852844750
2385032830532683500
222163489663810072
4439404463984468510
1448055694285754292
-988762654723634506
7481324776931138784
592678414792746660
-253235597282479632
295015543571459040
1968033879212665180
312879670288521364
27788417703860990
5621636251941775234
5178841857032013060
3610983560368453366
5235020521010
-9062665713802039264
41741050621970310
33840758072303350
6053827940293671850
6202930093618648104
2279542417433508500
2124373408406056500
6154208189792891662
8083333563722130344
511973056280055370
7667124789812934824
264516768597835364
5461411824118500250
7619841204170797154
308932200725744750
8555568604467929290
946031888654182
-3197745106597891866
597769764361998802
807540699654711880
1894522993090
-1666933815065400904
2460761356841793434
148061839644042
451858068013275000
-2756130937907086472
184082710925540
114387604778370092
2908013073664683600
-2689742766492059866
9118395653922339512
7255551829407154
-3968816851475026826
8419472422752778270
3855427370598870000
3512622985092074900
742061750642850
7726641956019509600
2774534440802746182
629895053347406000
5029414226818973314
7295348338097807752
6673105242318225022
688751157189280624
-3357927213679615866
557265208156300
-1480779043721993654
512514623694479560
5752067491655160592
915169331509782750
8812100266459839154
87632083634935994
121312627420640132
159726280144517464
6447997386353163760
7825769397102934200
20105993991191460
6450893240932598964
4391295415903651894
6467200601936894274
-8240409158394336926
5277490075093070692
-3537892453799199862
1756718768917612850
1041580576833496770
1054644280477418180
-6318012914052393724
907355392705129884
25007719308821340
3382464772748173384
2920781461770424560
40872378577349242
143878363137658732
119575416324224952
5139650231890588100
1637136206815389336
5903846188215209064
804801223130940742
43878905493437182
1002131073604950380
854952963852464
3427663940119460634
1396570477874736500
2669160787244062384
-6624894719769718666
1698496966956537770
1345352873476449110
1283650785075633804
6081144638595301422
-7844576065646141064
-5654934144050585616
4420832194201725064
491289519828588000
1251905293753634
42917919245530070
-5583396475916847786
4044612464674597550
2021629057797872250
3534245019721191582
215769748576330
2136433016680357484
4472871902313284134
2391724738364356834
5220672845700050
1716801634487425500
351314850451858370
128643457339554192
3116140271687636232
-8698783638402889066
3974160856382442132
5267972350260097344
-3843607634309209664
1129635660110146820
80607495392794370
3222124081521482996
4213254079652891364
469968605760777622
704730265710871400
4513171417617563792
-3032116532410217254
-9195747984961774336
47556360364438990
1790396005527136350
1323328863985551134
120048996779261550
223876078655525184
3815960943786810
51945159730999150
1667833576921891614
350254867807255670
2941017053256177610
1210172270557250
-4260019262709000884
477527552038701500
7370345667720
3638905097086313124
2700489694515642120
1163428004821755050
425868598843191504
-2319394581495807986
7172259756858142100
23027614451872550
60439451113332
8115110265750280100
2785649236426100
3995856107352227470
1293156801496941044
2051515264948931964
-7179954779388573926
2493102598602515884
5139039633276877790
-2153925463837924716
1920321871022856730
1558275123273202250
9462557216914802
5535008052260302
870242509075761234
81982829129580120
400341043382158802
141800774930920
-6701689579932969106
2544807161355932534
260547488201181000
-5543253270103827476
1369309827979482004
5847669758611744980
279815353315748250
3928539064698350600
8187166790775324352
4161675309207361750
812275073979441100
6129780931284042032
2812219782708717812
19181556967647382
-3223266534395597832
2793812622987873832
2642915843722
-6197233674095226856
153645707254662000
-8525430466494402736
2346817718007182
21117900381665452
4259738769222548252
6475910492627129750
487312670311241810
-9041067107477584534
6661971521543885652
1464775257975471800
3835787455678495994
10830891416303154
783358952935246052
-2195230568013973792
29095328473318030
7109906593116600
8842790188328341280
2442361474840673094
998195115915194750
222945992827850320
1021531253651271440
3679369415060726412
3701756184322958344
2999500009474247470
20362731959570
46097848576759564
6711810215064421194
2975111547343006890
1021501758229062094
-7222248275712552672
2085920078253583880
8121172767936200
6038653537888182820
1548691829675295760
8640898888422932950
5993301456090434402
341381511696807940
2883987284180422420
115979173362112652
32629433880330144
1889959711192
3663711831055526264
7331545739564273810
-5137879916978176384
233969064357108672
2504632813916196390
740833693360632060
235719138348066100
29833164046950600
-5680324557152112026
6373907109147558314
1647709972557357482
201911142963201672
3486990260067759484
5661252370406318492
427899765030748080
4095358384848851030
8278893174813035390
286276712441524
-7056793948587968522
-4224025099464618464
359258583794974752
144275778422771584
-6038933908376810926
1655398020332158804
2871537085712648500
4385488641951771974
2492723082442144832
783937919006242
14788113782
654272494791647550
52649418993563914
5960820137412582022
676944504630990610
-8829376206093073946
1779346591431765750
83948970149189518
791733617015967340
87258128467417100
180016322666007920
1924995147199694154
1565022358117866230
607435149045370100
5716144095611326088
707693146753488632
1134445572340943920
1300824140925782
2549530431375200
-8555895454657114426
11522518301247954
10320656792354570
1259127395380174502
1878321048547090
4220360428172430150
-2351042858610623116
5975505808959778800
116477698294196250
5824496622356254150
-6685224552793567786
1045760605713824
861491739398445190
6855044260337894362
-7659443242519150164
3421046635431130050
154966949056244690
7375080177977980052
23738915616665020
524097292651227750
92613973152934
-4059551288886387464
312948237422802
1291658781551922
2531989637678668062
1677568660161193800
2811831328853311100
3841910060180520350
1073071280626930
-8909720684408129406
2815912102057960794
807693097573650050
2240224806820
1103699858632679446
7477279569500845104
1683112900533269912
-4074742165874287066
256784331072112690
1633189413323460850
3258078494840705256
3412746564164
3564591577844255558
347696396249452250
87387438770500610
191167404688942550
184356099453997020
2002439142549337800
412312213101196850
576060133339290600
23202590837991370
1810659914781900
6032539902920197534
811969003845391854
3568227517631229684
-6010526598237064422
170591575648170250
1002668695556605000
164247983457133030
8359949012345484730
-8229679453182422146
1391521480068036114
3593636784931627550
2674207371166849210
94907111789908614
-7925275102704545136
-2071807189905844832
537950931306104450
3719930685066922242
218338958350731680
5504677512815661250
2143322875382911600
3342608496534272
5163812431448397260
722552341017494
8508684401229363170
-6447126025393172826
2900540872400766656
-5140995810507630054
1313120390447712
8720055787549089900
2985864707175484134
199844657638375750
-3501213057061560766
8893811014924482570
2902638984934201002
433811140464870
3156613088308368040
6076643143774087460
829746156245710
10381611101263350
1577575069517449380
185668140063043850
5819860529094304
-1013957939979518766
1367612324969909984
745917728064752100
12898152181098800
29834132822620
4354939479430047970
-5682136710572677266
1541131304247772822
-3181173517881515014
-4286153892621583344
4036710302482055410
1798847918699651496
1178732695105335902
143753034318515384
4055848349650570460
2112916338723262
-4949292751238360436
171877249171867330
7129236782054114750
343623999320510560
671885644160201660
5291049284183459396
1620819790996634690
-7640797531872466974
119539045187666300
65186244735618314
7722912015038025404
1731335561251258950
3103154444319218850
426387509677995712
-3777347481494572652
-6395720823966199566
7356684268879327454
33706872643113384
5065859836021783682
13966210350
4634271937659997236
-5490804564812116566
170567835112542310
6532008484871977380
2498356322240887548
118505951147652160
1544143371616560
-2566298372573300766
161815501100544410
33559356636418250
4514002334536322100
1722576771630
2373039406004499100
-31612641905936492
7120543866590
1690791811068987550
3226879969198012710
3736123242250
257871848353574
1040575128552297168
1772466729171523000
5855072811949849250
4571333619730289624
-1591912702328435706
-1370599445058226126
103995053352187550
2458428410580142
-8953332186854293866
1739178799174893694
634993803639650
80377716193435334
7681559026149407854
4253699100
6963677414083314852
2291846228036382600
7750230195684130
8652625118926954750
61593626789308420
1482840719117761150
88543190296738730
38285597869004094
2417034616599064754
1922657444203044850
96013075033148130
-4742788906542302786
765783531469477690
46813842963170404
261560125344201194
-9155354140839386496
1140948488001201530
2364500409276083600
2609891802116070224
1113066710987994840
733652825539040
6875529099091703824
6236748247092664952
-7178854656956997016
585355783979850
4182705052543069894
1459542347881013270
3240595440632330
2913793551403452270
-5601612391066522756
450823777127152730
36096873828792282
4446475739198169936
5258518250415298064
2511185355528850
1563145932715075170
251565513577927164
4518990245735499870
2395004630362011740
7375080177977980052
2673833304923387334
5598487441712717500
4218517178996629474
16536765856244634
1027674248244644
-3394186605617395604
460484048251500
1198894932979185050
26384108804970
5053789858473487222
267613487124
-4050959815995607516
1217151359322672
1363657622532277604
1849677656966212920
1784450569024535412
5180377314408739430
654077314188407432
4815725097692827500
849003292034404472
33203119415030460
3536320437861784104
-5644040952560192436
373836016351978180
153843352885783092
197422944373995340
835651997907016444
5349170614827319434
4201942943952600
2117142865532160180
221845283347006774
459641142794702
2436600024174998500
-4548738130278674214
10717230665305010
7125248950320032
102463893945997654
952034737967084200
-95138934814222532
5714950105658593800
282543750858439070
181578671761104332
1306780677103605860
4060195750536561944
3846797272429699884
87502501869201302
369747758432843252
1512751100820496814
1134838895203000442
798134068642087730
1422254835344955262
143481769444601350
-349171593933944056
3666080973975833144
4035436845434211140
172930196784391060
817963160
-4775250025046002336
-5969605667310068866
654467719073928400
1745282404512350704
3420596676565260830
-2643713004277695366
535259230907259754
83458986560128634
1013105302278901174
154944858782942792
8284509402510174
16923704200588420
5076136304560507004
1722711772843210790
-4970694750214096526
63055119548100240
3209125257863630
11209809690
3948794487553316324
2581723071809117912
4619901186177778110
492708190627187682
-3416047404778684516
43230822204967124
2921980650108578030
1212066039628991450
67678985781064840
1843868157231357112
-5800713130813738326
-9067460348071262404
162546968442475050
1152545045071462784
71248615592612320
1262426417357380170
1547629939415630
-4295292476774608706
5988848823019683940
348628811247203410
19456433342280
4054059258522527892
8112530292046953150
108979739108029680
4224494201214782824
6944908867373057900
89941287506070
1615814755917860050
187785493531790
349319191923625350
6173196025970
145793954074860
2527595641692
51645380605000
1361932373455290698
1723922542142211530
5931853766534850
-8498903796960301664
2345795748153416300
6244859568481411744
186149282031180000
-8274076077195920334
-6745323182098004604
1676269812140
68933779228215510
1279745542320
60779364741383470
-4996469180205700486
9167775893802903832
35238016383675000
227389841005262644
1694906815178611454
4219833723925994064
-156918684585747226
111357080458083040
2443060526142906100
279024736934823772
3523191547131486230
1886919812115488134
5203322908633850
2853500927695600
373997567781930
677879506870358870
5564105711558310
1063515093213574260
3298751329590754730
47538145788707644
2977949177201910002
5579305557035950194
-5443709157515488414
99864841700154910
81068531418031612
5219183680274379530
261887411270096924
674151039582350
3844962019702153334
885084495182354504
9006740762024014900
256056548899844
711704378598354750
-2338101471524584936
2680010418374273030
1609926290385926500
37907674532970242
2328213610535885424
693311406517866292
843872860795345112
4518158640282041000
-4668740527094723016
4776821706798144834
4013326887472900452
3862815465975661300
285361889226115850
282543750858439070
-7007359237178064066
3751514281672616248
894754735813395380
5646558124521990
148663023860912
2043707073707978800
-6445972661877961382
2327802091309552
1014008808454805254
4593464118279528800
3378944129449981092
26779736882252250
-2614627025874310372
11785831182816040
6766429836111602272
-1163041125762570776
90726294438402480
260979988060190
3632546635783476810
1606094667405126780
176215367104473400
3124354586871302
35878147951850
754199638022350
256075253329937162
-4083982894963760766
613674759204122994
4828907502055578354
4383320598686137290
26914898410050
-6354593889849029386
4104853242405876984
3302474730856712384
2768386546756803350
1015917349667640
1464589405513718314
-640907304653462616
-8768662826279077296
2784932224344984714
2700495476232596338
1121051559843292
1336749766069199158
3513081992742168000
2389062017623184
4439951591549275074
-9192426419062486616
5487981887097998800
-1182745388237864276
2629044807202036300
93768010
814650052373515484
-208282543528641386
559539536077522
-2949147416065991422
7450943874912510
6984789435831363072
377440969787999222
742817668854206384
1665299669873840
4670275330283721032
337638128045834
1238418490023391404
6612410903368435060
98442466542620200
644
1797994256627046618
3397931411820900682
40433982054250
7473652938856350
7453446226891273882
-6042481397158990644
-241413912062347612
719708081550600500
4708468369645990754
92618716133378800
-5059804565699955884
2907415584478177214
394115815962750
58501911225373280
2031960492166248380
271143172608093800
910491710716872090
105278563736056900
1943505079827863228
8645407565657151590
2265869518344894
145704856145368170
8195395134730188574
-3982752823194130806
5659611205707540172
1425835911509245836
1595589212537914384
-8305118342457447072
4130781490065285274
5005208009469980
792352392411272
2130202706516968122
451829711045980
-8302068159401622454
5532373071132487034
1961997449364134
2667480180948011872
1458236314068116380
385186014600660
4403677592892676840
169077169818282154
6847090308978697974
1990721133260468800
4789965002531410
26916181269194660
355578858018364590
128202136797707140
9132953776276956280
476141803494252350
363510837891002650
843164330406063470
8300304376785271942
-1376609383480281162
244368441486779582
424785134089345220
9079503133435443170
4703104535083152184
189749143398988250
873890661312460
5759379599373157520
-6572917234760537116
-6142090248918802376
1395766310633642640
418095121121158100
2285854385740835910
242745500535994
5038127308206192184
193505326852512350
390617380939927570
15431340989242684
3842155511738662734
3434114764295717320
461297032644275100
16290213978500
2285521850469584234
4928944883226382890
688228582546631742
35339969917109410
13359508883674870
464912258178125472
3766143315782500450
274994845796904640
5018686450935872
7398725408360296894
3786738953908249640
1766427733673462684
15667648743549114
2900164068640272
-4998981777741720956
60604374968546710
352663675575866512
-6712467634190264066
835651997907016444
1628026831502520750
-4114972754586161106
7685020211816500
120432529869970780
1229830788073058780
5488851769147856366
847501214721870590
437827707159499272
2158499830060
86314232672045560
2318619278629766840
2807423728058824236
2586260831765690
-5231738915078174242
-4064175873444606866
9698097038781340
3075850158189356900
251756194823490722
1479478281205060864
3720170268408555390
133218185334367632
-5025969974260216802
-87207150175813502
3908610296200391600
78942715295873220
-395430519540080766
300822324279488880
1863476738314111250
-6833350953573366322
92139121859929760
748112231962550
809599892121560050
21891353367738604
476090537463681602
-3111979803444321364
5335655604009487680
104339452793025324
108556232241104830
407227466580994150
-1679536464180682816
108774582656524
-5296094196561206054
5692172750273272354
6098557174761167958
209450204294138570
3338998537366415322
-5333115155867531944
108319608236023100
-5665215774018877176
5513361405113354872
4898174814062657538
46714902507157500
-8622075824923465116
6788596458733544834
66640611251750564
2516585171234281604
3404876059642911750
-7808268505666268992
170781589161583750
553625755416811000
81735220350
162226647012061394
4201692597311933122
-1248556393236206752
604179997582929222
119284679501177344
135540780320528640
-7163444482070666806
762931976310872550
52082684162700
1338550243515349172
-6897924499095164592
311385641910049344
747138904922711072
6465749808119513912
44621020903849520
3174656087701050680
22477449769641750
369662944580306300
-7546669594412381126
6810063352039488030
186225337211748772
466929875511786932
4246847409770
2501606910128756782
-8249599320294605366
172618596527181000
1940683379481798840
48372222264470902
84645770581174264
1536805815755095232
-4531991444958974866
-8368001603825856074
1718270768091320
87407697498550
5382560799002091676
6524702516188487150
218224705203856750
378259978386996864
50414965726950500
2662593521152613774
379988563156686484
6113420624827973800
9095419934080693360
2623509120077448750
3170191229957336200
-6396299326304346814
120231517155886290
1095818281276232850
444850116602416602
103782281400155092
676944504630990610
8845083690861739750
15962820753256300
49226573375058860
190526491351070
3330390552662020610
-8043904582336912366
-1355567656079070996
1611844670744525910
2068278352651761600
83443140
8548859027323445030
5912671471180727556
2273409122921649860
2920336773250050
-3411267390958920704
201399748633889540
14460451244139342
105758782904448272
843243033963688820
3828183531652408370
37342245136810090
2448833426742632580
953932674505001114
1692649271058039140
463101999564647874
-7596483937094955366
746091309502000
223759659070835342
235446933734243704
201791629272220
181628436100689930
-7899648286756510184
-7935721595516325766
622563631772460
-5895812887371807416
724893862147853160
3129377252610320100
1241466342803482350
269500122472895314
870403925644380050
1899252632123428750
3891234906529820850
589181989156253350
2152860189957998234
57392734816253760
1970115346703814492
25683808658414872
6419813871436687100
221475079280
2498761506040174054
210254430035014442
155874685834426150
6833849107559313294
294979741438404642
474416305108900
2372013507167428250
348231367991390
5289958453137126552
-6566622650812524162
9051932392895942550
61626809036955344
2972582892183190424
373276454358500
1478878448138053274
1678887473144050600
739192339459033474
704203154793490
1161225262322370700
-5200714937185940342
25943011134660802
306267980541250
2941431288607661834
290955042322513030
258266957592
112291062599829712
1414003437055664
4304201037183807760
4511509927925950404
227154311936461000
2117424355709867524
1903017744982098250
76481053720524882
2211618910933623884
-8680019563248975426
2958128331281534600
1088532641820002
7404745961807712714
3138225304984406102
7919089716804112550
481237670486562752
-1621654054933770566
-419700488037014266
288764376081593192
-4200428224570383626
2131149127340041340
-4422768792130879384
177068335008386140
1041605700592340
-7561685469469489016
378950703027681512
788782062980232228
1218173500882375492
491132079069272162
4402046429198289872
88253184116597500
4803006491385102
606389614606071060
2015908262871750
5534375258978294594
6229011644007444584
38916516082965612
309785535760676910
413833035225220030
2864243879620921270
408048807591926032
7251772363288925962
856743167295750
5900993297375889854
147102029302223800
122253007165498330
53539785063343684
56943083146422550
743050276043693800
1835955354714355044
1231244918779471384
3002355065528374782
-3841603055153405116
2421117564218080
3394351236739010354
640843082357667462
189081446544974060
8177214455703177500
4894124086385539874
4071976829558372372
3940532846649936240
8860691341899576942
74522924266162750
112534162174362954
1164229778546924870
67537716397270
47949241321143904
177166013846303510
2270098986272793130
10897106828057800
6700628086315344104
6968279585878474990
230557683023199910
29225049236812
-6689200453662496782
-6333700623165949516
4418651058753745060
1994621406155797714
1491581767605964634
2533406415213781168
5175771966296066370
35172591419355924
129838780083224030
-4839365543529459734
4113154265926533412
8298117659682711872
160496012135207100
9131150834
5516880064396162
6305866904844092782
5549816634464102000
6485356132373261924
202666551081925350
8492654263566341180
189030158340429112
168605992514926344
4438583867450809384
89198317094304860
186212180350900
5570543865607440720
462737464167440
420845686530875230
46204720581909890
2013301611527856300
957823654693664924
-6999568367865606226
4618773885530212100
248844300792358100
81245331493803750
158621835011701152
5785694190676255640
8699649430497395370
43324176474968622
6511448833139363526
954796310388618744
648684826654716234
474298832976734612
4542488344616040
-7356026660259489382
17062623643057062
967930807632712
385778733190788630
772026150041226080
336494589632733350
1255622642755047210
2909806093775921340
1701293247989870550
13101313971286920
-6316850255668362426
3031839799850924934
752327579433229100
1131891465287993272
3042540249208750460
-6344730996032510482
-549246120392537976
-6228827870880078766
496576799334
1757674329624040282
6245577706155295552
3568722570089843474
368917010554
12220676291630
4436999394555574
6235336402892008230
-5488361205260529716
-3994689932181421566
231374663703633434
-6889517171404069372
60255729189110
35985895768538422
1828349298552218022
-6266193659064490702
-6217718371643299446
3960332381236743512
877275183162180600
-7926842572815092866
7356284740405000750
650053349955586850
513816138447762612
6282528983170134056
1631122909468636010
-8637949229873040236
806093994800594500
306788140578033942
-5296711854112895232
-2036831320140513976
2557217811437498972
2961226252320
1061452298543364
-5469413448980915016
228866050079037294
-7390774979712769414
3132535120601381300
6778599454097744
-5439421399411979996
388984785488152582
20812369659226600
273875695322104304
26886475194969390
136381894483881404
2121699097256952150
-8811779254614009116
463704830626534420
180783832232411100
6301241205047230820
62014926715634774
2010430845015517254
1120646140402316462
1549031650990887964
329010185500203130
-12522633833456616
3170191229957336200
1974419504210362466
2280768591462102
1257533417711098242
-3461060094182057306
1174589674184787294
10920331244
-4292029204642726836
212457001474070984
684114352350
6092639743082086984
83834603576072960
6010793458828740100
1442749918937890962
82192199863092
1979203873830915230
312131985673962654
7827024957649847404
-1806646736564434066
572107830243649130
4079311163840654
2053662598403323600
834828980934251896
6119334397210735012
120450816243128800
2160804324802372550
236112739392765950
1620177470921810220
285711263778786300
813193803574320182
327723933314624
4066339206365679100
49030569565427230
15062666495758574
72028883461191232
818414667816846100
461458528389312484
30932151559940
-1933032929304978412
2857357695781884880
1191998203642407264
6524702516188487150
-1471056820768012116
318681927607708000
5790700800423621250
950307965533671806
519703656730247550
1311268538432872600
610950633472756812
1390146859840382840
7684861139730310690
384991255063513554
-8483865145017677794
-6233503289542564194
4309177984341808634
3608835140860860260
-8086323307611354976
7779836394798812960
65024851108416892
8886903439318162960
462499756468578920
1636001608993780
8436727096484261432
3579882963457210410
195075810728791300
1033397414870489460
-5570633812540102406
-4428601538732549026
164686876154383660
1725672557727110644
8493989242554673314
3132433476492403846
4896773390881543250
4773413618945986172
7442961503898425674
84603669894726780
699105918175774382
323172782675050
8405515238656250
255875547573100
455165173753094
6824025225725808100
12200718227883112
900557809737014
758633231377329484
2503564534603537570
162707306926940622
1475283279129746884
444118269176674
1868474693504554850
-4677053948095131514
744052942126734240
5085873306171286134
3596906212937981262
511702433579688800
-6925356473280427484
10866971388969460
730955733055890500
1524129335372388360
2305136145361700
4895890169902511602
81599799038711954
8570343575921054382
24122832795490
-893078239196801506
41329592301107110
2221610033404790
1227847344773309750
2420070931597393670
6735338236377307830
533302910162823724
14014404165468434
423844672447377790
4701896255087327970
7064678009477618490
-8327972796602836932
357270483167085800
37152658896477740
4196707501787617740
-735305000234744336
573226560111629312
598438909555395790
-5131646488195983394
202396519573375050
78490782882966300
1750721305738656524
490555120012364654
1329557153994244214
-5384198563402957886
3493156701508984510
3232266929941001810
4681651817516057692
-2471453461987379424
301695216876972380
114036159081433862
4080187470711930340
-913779294061472932
701433863298153904
3567097195611986190
679016168488297550
1468589839532142600
205450657194720
17270473549135534
3165094304029876100
234164477822594
-3736408406792962224
-1410385733513003172
9104136733960710
1995071806150468850
16802654990
2513369896837412690
12458852592606750
1171979985663383764
336218059338242270
65394192065834060
765856753215711850
426576322048876874
3724484747841504504
2797486804601308534
32925708251271200
-1026164014434348806
3035952011437916844
295015543571459040
2669347570285083562
-5498743097097458224
4171029297482810
8676375097154
98756385119392
4252357540515330
8385042489087514250
5103544492860072
5686571407569143590
154327289399048770
348791161611888032
896072029500475100
-583844167294516
398902471696121250
739250787048250
8162385632067524
5132734980929801086
46930975123700360
-9195747984961774336
7221779562445017584
416887297151129840
16437997199071462
-7668491019021843516
8407871856692
3287600014916592930
201991978374956350
4738846333896848992
2081576607792701474
69271317487266832
1294688418504548620
41691514111562392
145083222810442
-1508427129687054866
-1868460516161637056
456658620923466962
2307018625411500
6969046836229650134
4059532553540049728
190386826190
3509199281071246734
1730390760831631074
-5828281632336878304
2263324507916134922
406262658574150
447829476574743540
1597307892288805750
8236195068781902600
5531378885942550
874602705468281752
12034120801340834
-2896684176053722572
214817911454755050
364936608700480740
15724373808000
-8994383326399492856
66840268693246910
132725800339241032
942501941212602960
615972543782535030
-4299207658493970874
6350117076311276424
177899893887799230
260123710156981412
389910764353100810
908825485391464760
245115384168628474
-2875661627915642582
4030895581282438384
5927791409259126850
5480289036135718700
1768074100073515080
390794185051234640
41964511407819000
5471964243988908600
1693047497225773962
57005666076211554
117371916703684000
7937684288101119860
10457451957702750
348507085672634100
17931284313490
-7558469088825332382
3618915898095372044
4725072121511724840
6171700876956105612
1180663460900
218253264285809524
1160725075562271230
4606668428597387882
-1316438559091275922
82656433938260
-8352814804170029104
8480202046636909250
-7833009850182313336
2099292009570326646
4573111928551400526
256043057455519334
7635441081392302710
654337564698859314
6049277930361841558
806093994800594500
43896058114081030
1443220952055831124
3578486484727476490
-2443561419010682252
-4575758530518389516
178392914346605404
1116462965777246780
2013356660001152
980802886825104420
293229424979055590
81082121169737660
91103367180280
14278557146782790
17759380967372
1817824567685072972
-5901179803539732866
-7802998814063303412
8475758146596687100
349563100326967934
3592469672396230080
1527690479342317180
5442902141278482542
496576799334
-8888831114429603524
35288965535916092
4691338162373371524
4766485082420727120
99072744227059460
5464927600042992004
4421642705905594
200272745537732574
11744294315786564
2543930015960005034
5762705588309429760
125790514561600
3469676698723279850
186783787547905100
6488991820693268504
1263598594899467260
3800840853440201082
564089597029854394
8352036470535247000
-870055573445176536
48390675993541400
216459508851900820
1545465917200960612
-4071440825112572396
-9016062307338084236
2678699228155901262
-5387885546383164106
399801123813387100
2269437392952560160
21932104753880440
3829711934063250
49441917856150512
-5386042152469962492
2921580879641144182
2377146329481527520
2064116492115796470
5843970865635378942
202153722011821734
4062014010282760
163602793908550024
1360387371696477952
39428421827584972
-8607673917673432646
6623851749689350880
17931284313490
-3861639562396589066
7498692822290740
32376104507446280
1876319317020
-7358744318347382172
3488816501992070880
2316803245324403444
16446210978357160
300096361866258650
3649993437831632710
129201527840466834
6757803333036685820
4339013202313702026
6082779734674219134
1799701607769317544
293907191863939472
-2429243647824574142
18302718945240800
12154814451014400
1503445207418350
959613687768800
7255551829407154
8869422255957656404
2676078291147203800
348223183294778220
6588837980670974100
402009238390492040
2727344899335828800
333736949606406500
1878644279134649194
2157335704608462
-4495870261390815246
355537674060776442
12197435081758234
516668379665965434
5581903597516402310
60342599136115010
1238418490023391404
2112123819892751812
3179764555349782180
16331497800974734
7218627846536203020
394610011542214930
8699649430497395370
983450116657643740
10185208111703744
1016360752784320372
4022464786958951790
1543446765590160
120762003317135362
3824023837132811312
5744840144127084
176995102390635144
217198443541490020
2469559653397320834
13607100757250
241183790313802
-7394570617190185366
931163621267334
105510189035363112
3337010600033979330
7643661157576984540
-6362132034106437722
-722173782248809016
2305538282807648694
3398913481984202
7905586925998865910
165080314664266600
6266806656994095342
105063824773256850
2130045000364962954
548878355594030
877437348105598942
229310311064532614
-3919628861918062426
280538686706965414
7315618242505522950
1262000373242302100
2272415702085635442
-8289351656870759854
1159225484775293670
3288692029195258400
4611732929849753600
3310291846632343984
771289750349261990
1081614196855471444
3139279892945386372
154922770871423044
676410652100554294
1069993100737098890
1995522282418525872
-7471896375933995514
562228932247968650
676544085620388440
-7564365242292033616
266933287718423480
-5484695517963396516
2181922972251811672
114109654399514
-6018225056078119936
32953370858569770
30873786942343800
4023481071491844512
-4757435382437578402
148637652388903132
2857161130303559632
57729083625978800
9474660962600
-2498595239235087736
-8680513701480852324
3353603896828859380
248182835839862
-6957205615717676016
1448528025937872334
3697938475481732000
28217003252343620
350377050920729844
45734100910037100
8463768340404979420
1415394537014788170
759224056703848434
4069214458816080
-8810311752782517136
207381008470699270
89052420237843370
238240609450281530
524648449398643350
5351058469464329132
704661472387962650
613550738049907970
55774033048533242
5071298373715894100
1338550243515349172
6937641484941182470
135960849574094350
707486131500769660
3659450267642281970
5089458463329972550
3812863435492986894
1779897844280642020
-1305138844243061102
493023867596354900
2650531928836956334
-5538990153165906992
-7593275271092697202
299806345118623974
1779071013029741600
820417509238554084
-8140450403111047296
109540664119844672
1194501557599236598
1341105555216042
-6149727538996770316
470689602536034
1192281862235590
-8687429668131927386
2528042247466494500
3794536958405719664
-486901964521276656
626634365755038174
5748746109007730752
3927291288862439850
4495719895765970
136663133867045500
3001539127341915160
496453432995019110
3845101847890138000
1173479992560566300
255785599741650770
781008747086750
428136417796952200
115517691854012364
5916594589081606078
3212690744749380752
732583354712459250
-6991216592557566266
-7264969523890408946
-7495068624318305046
-5861782419862266172
-1494233688283752236
4259473570102332764
5426665295828004144
5412686251193407762
8674304895459575750
2976327425990437310
243809355772983200
2539397342852860
108049654709040660
-1029214531249100016
2255248081865440270
3932783726687911172
226977785245032782
104585975597532044
47611035498329160
-4256095950352219416
428446684380
2811850957170269506
212961264317244170
38208242182005714
1545465917200960612
34559172650538844
1967736661409436724
1952770886570146500
4705841513300512
2871242582103575664
3423071999703017970
45831479675601774
-272925610751455832
2013301611527856300
31968439224497490
771142533651550942
-1194862711136367484
3458548245194947234
4954142547369147280
4870262596557710
3511013762485478676
1451837583695175460
5732719618530406864
2960118170152973814
661984311795233310
487104033457966600
42272191199195622
2795939339343285370
1521279543175744
1535502876706464356
137368135307073000
1294037182721881052
1427153610841696920
489664456074522740
5901331945115073572
201776471195974402
184104583338482730
151940745211703800
3143309460529310
1126991845254520322
4437489915708200442
1590643217513350
266369063873742272
-6791656341835887516
2544940696564699290
154129177583900050
1580472842031347632
-7681786231854103766
261347489973350
4786285342755672324
677211549366778580
-5349749061835526866
583190026505151100
1780311367966286192
3061955219090709942
-5571849713285821604
1403938986507001620
329360024004831820
204373968106365330
7579311675489070322
256655298450241100
-4006619650885980144
405452148504298350
329671225710675184
3900420974796500
-6973941775718179516
4556531462068395810
2453213642845029680
230676745186647032
5238668419064390192
2080309082297903884
3103154444319218850
4249379481964232
35551863010015730
1158219545483000
-4304426637001990966
3548235421915165784
2489353439767553450
303300452185392662
1032755847264250642
4594586782885788150
4857439227829130124
1273219826671508920
1180555040223771500
-2534967986930553036
2503030523115281250
225481459206579024
244741699111356720
-2820200276095062866
774533853881385620
71060305320
-5760478225328934616
16847656787560
728836825983286300
12266520444674342
248623782594280370
87588873732812620
174687795040831384
39602820760371050
-7750723173477825366
6899486065454522320
347696396249452250
-7097221770599774826
2532707841345855824
75793956943710460
905416873967224500
305462970140697264
2112593975942101250
1055854891733136642
4337170603753794312
4087381961829414262
2445508387491762450
1108228367007697390
1233281426056689772
371319448796681490
1766291928680783350
7705935508190500
175559471817212302
1534708152624647000
3676518855815912750
5587427446122019394
18324982767079870
13177680127035704
708314465101606454
4804638547950850
438791337696038602
1145299269756251260
7504008279027238132
1058559241616853484
79900293132422
817876068398231920
5215463315845132
1154476602272373534
102107992827191520
800175250641762164
7185597076074377030
-7457867421830603416
926942235418339100
1666774827749850
118036945681064762
928633304669820750
3042952369783683000
829864594976300690
5326241704698624710
614593891254
69355895381945550
-5524975331041326106
7895049891394899310
-5866562795576697216
4586467222491462
434467494684674542
162386748490326010
2733234191588528754
423375027664856800
718101967615068232
-4702610109558873374
1059306182519477880
-5363290910615922846
827125619905040
7970303559818281374
1612539375850818014
4813746243624101146
686540534949683142
4331848054224152
115908086368813930
2936983834943642364
45548626987376990
-7885507399404566486
248812789214975440
-7535397496893676096
3869967379821764650
1278303970876100
351029234165607452
1397949858671297022
124618494978755050
45451699425855100
5792266704646963954
3507118400951629800
4977118492618312024
-7861907661004191356
5487981887097998800
454872531209051804
2552702707034720774
6975096258030450
169171523657617100
675010791488441100
1381674224981514
33573384879276132
1722804378549100
4964740615956535398
3986763593863655332
1274506796417445374
144506236921666802
23491064412052342
191814690500210050
553683163638632104
37175371044472434
470781432706171230
4857354836878829374
6577442531529623030
6010891661066752206
3417673025755688350
1589190115739592534
4409989421551789724
1184815395846878692
993113513700544630
1028701387453740
-7999796597789204616
-3172882660356692376
357053562730268388
4006736982519234964
1687247853989291578
3966362179417380484
2125199034056038666
-2060883242604688812
1297152163958484
8953382523545907640
89710368227261650
6089461660676875754
418420752435610432
3545786689666753532
164764374837483596
36341928958370750
6800265130590055432
16974121829566874
3420371713777878332
2674768544121417524
4825116492816223784
6100564290726100090
8375759402848420
12754974915853170
297241648348337550
494393554335931250
2232781733779888074
1253608076832411300
55907600928556300
32753211329088600
-9058348971477488272
390617380939927570
5724337301267750
26235918580
1341781055721741894
146864943143202
82325958334845470
1926603554142451912
5903229018275050
2023449382800929512
569113020123875682
2489176184839435702
369747758432843252
219369256677493850
1955727604531631350
2931186699475580750
1489823998421912192
5504341844402661574
3039038914250646164
1192860153105756984
246990232366389204
4530367029521233630
29297486456184254
6761177938265375660
701886116760920
-8481357046263319724
4407757485389269200
25086558359564702
6285958942175928834
1382034517617413660
515664192408181964
6452896805876950
8444699730783277850
3296562564825542390
-657182910392780086
4938716063086581482
1010759011889693500
1402324639654165000
-4760617844758996992
237235686729161850
-8170771450336973186
3225717511289270058
297055522043800
955232267709734
279333908760909184
4236960
4434209273744868800
831654703106210494
1726833550050
739548923284088064
5500178794522588484
495766092976085750
5826287490114
3847804144331036890
28850365028889600
-6192547846361987164
3467630686605616454
604057418405706500
867666755756765384
480192850804130
126505107814703800
3881688610083884194
242446740596182850
2747331058595168500
59605505157183064
248592291962996072
6631610431029945750
2325685905001523554
5403426031850
90504710647424920
-393863874057962324
-263476399939008466
-1974026132476547816
468295474735340630
4754237834490032
7907695597954112780
1878321048547090
163971240430675392
207607938069532
2336654178958593074
2599243886534021018
40710010954434012
40001333233330000
1281935872251034
2476085566317898150
8959865601985019502
359715356354200240
1042595342908654110
2629968272725993500
3268626880139082
651136057518429544
-8991972245671800786
-3926948508948375164
721764299175220
1786522874092836572
1641215667698303032
-8920880109244998092
740548044349837850
3252582280908750792
51547294065310190
13269627967050
314212850571620
-7032374384529013116
3232007088795453134
1414002264936386624
5524125907595024
6530912198619059174
420892422929000050
248340474592313180
427660417019600
2884779137428196442
2746758505783511802
1503864523691964350
574990829078950
3720409863322834290
1307983604925913500
28625339731300
4196445251277217092
1466443221865169262
237235686729161850
36535879792497904
95136728751637034
1031382065501089082
8255780782139900850
6073182156407055470
6444600131588769134
29296217710760
5655673866276144750
900694014629636024
1339997816280682750
-9149164615820355142
1332217034034935050
448270317866775432
6494084352165982000
-4528769194266991046
986219572970450
-7073421171967037112
8457778641874584
2571173407140861670
22064939780530350
-1978413730247594656
-1262148937470553846
1995522282418525872
156452386333031250
15104012
3122018179157192550
4291919379105470280
1075461237020982574
-8565370203194406856
213045395314937592
509972987954071824
2767810705977452542
196761509852864740
-6482263694484227666
64485220762796100
-1988648049761814366
3825491577324169480
1269566438750
440843762173320
123766850
9541498389924804
-2112541673365898516
91989631343003570
2879091967724
2088715896389597462
247476161138140
3220639533621968990
8469983687925997482
39737979326100224
102739545041622580
34451760860904374
3063197619084940610
95167375796685060
3727843047731240750
-8097165742566045854
161063763906149850
2576018396144050
-3243936055300950322
9093596617011340
1414466241448862550
38791276773802564
2198816685086190
726300222219684490
6588102343904978352
7045318804908492290
333972652248947014
1495947308737330
3909604929976292890
58024599642181550
6903294508169498560
-7388605605115322712
4656083892893971582
647867802138873174
-5891637428902993322
2593584513525823272
-4381888584664197766
7528775748563019120
836475041226816094
8104248206867232
-8640923350612571404
-7181054821261658822
6256185428235187172
572813636351989016
1333659467671374690
3972782074672541296
1679597649744939286
458001636076793510
175365484585351610
55231962355536120
3645852085169910
1968665445450
292980017124391454
2146652021044424894
968912834549660
4043337138344597500
-6666467436434659562
1919009046577758850
-6022368898788057832
1189414997330120
42901054104580672
7951651691437826152
1096201516871100640
4065058745202323750
-8283752609964839716
8641354248798390
244140043402710
634715110746387574
1081256431210387234
-4312252397195638604
1337103843904753960
4649000314882254982
30663517956455560
3069000485533198524
12707515120960660
26052022332
3340943437436337514
95135362971912384
3217200411610650630
546541661229389854
9909884219082290
-6974499332639010496
7725812963510609440
6873630428548825634
5481109549695865874
121092152320445350
409342741864100
2018294985502473020
-4072761429660199794
6294485145278784350
-3956863719739360094
2264645165129385350
-8827910714826804274
394431914156973000
796624601595394000
-5640408343142855716
66722768890074220
2157140302858843302
159952383854288344
86015514464718930
32499160855068362
-3564341110740027854
1786899106156782784
668044052332984600
2385618909018309116
645468098987610690
38767828097351430
209173420756435030
69840684384346810
569695349736590
-4551313201095745436
11506798275795964
180016322666007920
7918667492958028730
3595684340838500
449349300096685060
2323160258244145034
101894348519782
86542349201061600
16495558315343954
1266372441196663000
2773799380953964424
2851072629119577984
219225942090655500
2730383344341922984
4664027107067941300
5278235616889270
3551869335213486306
101441552516612
1618893403522187430
-6948830672566068616
957044508148304492
19320233577043952
282231917938597550
-6532244489684799832
1733091217007786584
7482943319392182250
2164792249362837550
20984436130137550
725174970628686130
-7617322928040337612
8410634145609339840
423948665080824
-6111505508482078266
5680645081069009324
170544097054905910
6812470774932152
259879807531722
4872537406741897734
7388699312056602694
4957113317194904320
-3344912626127023376
238271111406062630
10894090467070552
1179706314819312
3795403932695650
39929380019651500
361505102334635154
1073478980017243800
2012243603258886760
1150310856889524314
17791869383923142
2426150781405423710
3751896997105334000
769787340167300
288553034610624204
4712758241544272374
1150457131703934250
7833723832348399332
755511711273029330
6019038225263399952
-2000338573131991526
2827790969287387532
2491658615417376834
-7747019641499748274
308728462770
25472145760134000
49764470787850
849794660558937912
-4802574364744275616
5963891640230253184
1412369704757008228
-2699643693265336832
-246931415202043236
507387043903096280
3074811592713786030
-2620305488915419816
60899889839678500
294443100378531832
550875406595959872
3174017962313331274
3928539064698350600
-8079607056274890852
9059404433377914
3006641470583309260
3011793172964283406
-7863482206208017482
-8460772769906877366
65047888972221940
502725101318675844
7548961298217794
-6184344413120323532
1496627774510050
2341221617216017580
75781037519247060
139490502010290
8590900060050
8335789441702517410
-7295020084933425966
-7571330335993454354
-3974126979975212062
907078411196598130
-5316465410444659696
363343375237978800
257559548816949390
153053912875523814
2059807126084198500
2069960304270770154
2946769148708396254
2332093426849654160
1876348927054687250
615661655896389410
67655252474349292
-2623144147551471686
-265839048003647816
615537333698521234
-3378459433523955016
-987998735146438356
318643992293754400
-9067939710425902682
447193279951880050
4078022535298843038
38580621180589930
8198861555494666450
361092193503562778
33989200312489604
-4077382829047952816
1974534579550654
-7511213564612185066
567719005953372
3697699966768096160
1720157798834321000
5116485705207647890
164317223914369652
37001510418359410
943357804741588800
464999140437524
4559600647505625150
736415409264522222
-4714736816549321556
9046799038170541340
3441340772970168600
41898207499548492
18920129611695600
3827204474843431500
255142804907512340
374178228060960304
540709167264702150
1628413600009394380
85476948462040850
2268657517986640
3574764538855055282
1245455015138891776
-5665820382700541574
1713316435744188510
11712417665832284
76507073031106480
2461601009204318554
1016089165995823350
2820707490282162446
8227067004684827810
689310565412081750
166567820676068680
2015057459264150
452943518595787912
7769425338540763860
-7594344905488636036
18112086488599350
3698654070852216630
88742518531708116
1023896268049996600
6242751259933439860
752979195639192
18571227685558990
67240929145211602
922556264036024370
931598242242659600
-6347632473227977272
1796495074439069600
585940624281093004
202094667056494
54290343046193534
72178229481013370
16524395496844340
3079646790400889004
1197153755276115170
21440894846982
4294320241405501272
-6572917234760537116
2064578610620515444
30952915937857342
2207001985887582
3042746304263175860
447193279951880050
-560139637493255836
5595497927741009006
3781157701344006984
142961185463016250
-4176801999713783036
2503920589729781600
271782290718534260
-562473315458535392
697653069547382
7418004112477940870
110137947830735462
1589190115739592534
6329390525863531190
-7484834253335432366
1604308919180544850
163234968665314000
283133473544473514
5450555604622077994
2971228943035500
7528775748563019120
8559148660107827782
22240958348800
4437489915708200442
2668974014005581100
18770003690638972
173674945913045630
1097047938467196154
63812575180954054
2151891369482403010
3211537869362550
209007482363613362
977721210687237030
3536089790718812250
4218204218788714
376838341354765360
-3435838178607771662
1253608076832411300
5412614260382420
2616141808008706250
2204189746402
168088835657595890
9090736351526043670
3287163285360964724
2782619084458138640
967297805542068000
2874102867014669970
36394070341303942
-4320074909106421866
679751191655138734
16221450872412940
948591201667249140
153426324419245410
73356156381765600
8502893125007964424
2078584014145954594
3077096784018367600
286080063563350744
-3206715748441432516
1058839298149013810
377268716537412700
-8340653012521673132
407364270566309672
308895139238896210
4029972263218950384
1557526779549953940
1045760605713824
-5054169914771920712
1205981572587533560
247931679460454794
5128058158640946452
638476028925780500
1289052533605114454
3307736662349877100
461347099251751444
4079417196091030794
-8005512576594380706
4297997334815671744
128106347999299670
3805468994338668034
3418797284949115850
709558329050831330
5559201481168959330
2312742735402151850
1287105944090559740
274757164155213272
2520698065528201650
854588661200423868
507817350083047004
2822723259362139224
2617429966110847342
1594208215322100
699858441806880420
205604188632570
126846959849140960
96942070980140120
6776191477440442920
1996723925424271100
27727592150835500
4722206277663177450
-5848629361761892046
142400547251901064
17796227021071290
3811321106931415350
5419757169178990
164063449217961034
7621892452666474294
1722804378549100
3425548666053013500
2681097407486940804
1743788930908332000
60626227999883000
-3210854709490419546
632174803393927754
6148269155588610050
459641142794702
764599290
379209968495157430
-8827422180521584876
259513854850250
1358473064828668100
71483263442248750
-8649346353220407816
1632155916104800702
1146884453106698020
2133263176187850
6975571022625188020
8919173249023098490
159049407104616924
6128387287861157410
457752706366195240
995518163776628800
1266372441196663000
98489632768784222
559865007446320
49988097807993800
3772434216524679750
4671980480169369250
3993581522426812030
6075950827990090762
204319599169301774
-8018494714046535306
30794809759746890
503633519712523200
2048297422738148750
576986120368350
3479008880244268354
1565648208504675100
768202622884524282
961379121880605442
8301616614476956100
7702214705944012254
3161104117633016214
301513207802442510
3920060049509864904
2106800867374561820
8115110265750280100
2953289367066202500
-3188079987082128154
1789012022103716300
68381931871090530
257915442956840130
2016932236127889080
85961368467100
912995343246542710
30052061097482130
4785338849027876676
-364078230014354066
-2513579796679082966
71917026132045340
2713892383446967100
1132971522127087010
-1881683888523417302
7007104988049370100
5496324945464387650
-6501240401024653366
198670825080
949795374943992850
4275407449270669294
7649830568949922500
3531479216736224600
6031892826603512
17966800162418002
461948216482191530
7319199664470763542
2240142591382252284
-6768506995631278952
-6351693664764455516
3515550458051833046
8339300302533058014
2144590664415121780
6724126715434561160
42030893979418500
8014946277622058264
3507118400951629800
-4022514451769686196
350906880512864830
334529942663952
4538983238745443250
411346602168647860
1544803171311727094
620504986420
4009777467860754590
3892051848710580
372384234619693340
2698731463696063234
85448673120080270
-1311166054272261706
1840678396950712
953673698025270580
2516227766267579050
2503742557419693920
244368441486779582
2717298160728733232
3300284113304887954
8526968574682835050
888540030
5875298685579295000
-1106867437381816126
3247890539062750
234842878691723394
879872521163351912
3116769650166447550
1738304965302228708
58651006957544092
5455981689227947150
1960761729216947580
4440859618328315908
1513727361200714570
964422100475916082
745687616851410
129664750765674350
83825622751420
4579448162789672550
893767719088640242
1077933123154316028
117910913184184850
1846248570448230
68190763867446922
-420482982558766766
1141837410457531970
-8791708882640240872
190341270979207110
1013195625715703782
604670500860385850
3792704933294662558
679869051590
78305258190898844
388888117638020
1449418250998973134
4861537642778474350
6009076865833788630
4026276846931989650
378475728317005354
-1875073191554636516
7223355807361861750
-7801417524894851846
653072935007350
112221677978471490
345756512426534482
2317107099145866500
-1855229228524179524
-2327311022286567476
75587444277631300
3015842078116953190
6149886423159130064
54471645044672570
3251499272117286722
-393080513077366676
4875902521759034220
-5802512452252941766
6791982589424692550
2457950873538300050
4162717859284426820
7432813917287850
124693551758553800
24811434663377250
136222547890
4510197369200504134
18045938451194500
-3946897124017884234
3375054206001170
-9080875549827105326
10951508513189974
3104409360263950484
-6296490199703896236
23255810310688060
8500221225613789100
6640485839271796010
-7145813504800326566
-6976729357103058866
613576440793570966
12609626979171600
388148417145394950
261429296904744672
465214483142560190
29826744055775940
2973490955349936750
4246402987907500
9187112045790948390
-6136212990073764236
149538966371372340
1220352902718365570
1912018680991782762
3625256460324442790
27751910376758022
2465099429449720124
3807662746224391300
6079066714941224314
6279541546132310
12135181107639682
1376213184974241794
1533845033438356380
862002455338104684
-8798076050693153786
-332685117718157766
4433389397557410382
392210779550212000
3085000882999473130
189572918042
139560771177617790
-4012581739835651136
35259844974465070
95498751100
-53071174069462556
2832670199352814132
2565866899156062634
650154653328250
72340282953595332
706760616477644178
2288016749585902504
-6997341674456746356
6494448219075832624
6802902072485996400
779122447224082000
4633941006123982
2956557820449836384
2451110406422748994
1586271202840631746
4618210312576800940
2918184486660794750
860612292351747300
175947929055780310
2767618779015550044
3184665952998742674
597567659084424
295266249763674750
-7267703899786695766
-6080273964048223956
6385844637911849628
15774868084455900
-1878746045206376116
28290969890132250
681562109931789240
8102216548476417250
3277566238880481702
222626946141383680
237740310002472
4733677480043186710
21502018657312250
118451763925652850
-3990048601464976794
341941101527613302
900557809737014
47030258516241000
604057418405706500
3762685613579750
4365169323587380
-7158487856386779214
227596079146267260
4578752370020157194
3544601958845377414
3520087856577380716
8773931278493084
4096523907521081748
8430972594644264470
514087599062618282
-427524286972581206
270337477485676764
4325024293376467966
927702930510323660
1500866727305408568
15345368189037810
850903505768829604
9212702001770320
-2031725995080134992
668927376892524
32760098163649500
2709317194507933268
3407567166234240100
1629187343758408350
2322655375847500540
-4432489025541759744
7311300614244354
17518947603568730
4689057671429224440
-9113395411644074292
768276018039549030
66873824136730
-739165734246976206
1574178423158908182
-8435123453621907166
13847569677509750
8283259439674080030
298467751054439120
552192000187211500
9147999793165037000
942868755319540814
8660750267106722680
329204505799866750
-5118549160672247316
-4147885609208534306
156897862868956300
4771103268072932280
414941727335016882
3826715016868116450
36685600190391614
5715611336594449602
8262426658945242
8480202046636909250
3708205270058965690
216034058973686660
-5740023828217689026
38689742613694040
3450615755035338604
4269559845509948990
7740745038590425030
4929896925892400
-2855319576607535116
1748000268581928914
22590610277642
24817026707689750
4148399954060817800
-2025889879301216516
6610935745418144690
25529222446048750
3684489763943632
8517806260063100
4925691047600804000
2345619025750
97846492805267934
166078629340905450
42850488503925314
-6180241152304619286
7571387824
9260670265451752
1927210999943880
8814387796694492544
-1785266178425965944
-8663702479416064642
1379300363729247960
223351691575474
5339110491807640570
14764450607214
13737806390
151180327820943850
9143295917392490750
319289353415742424
2785649236426100
556155943748612130
3906007885695370
436625401972924672
9013252793537221112
355331807932973872
3083222485272891526
821420307343617800
2990133445999383292
25620744591928374
-8195390024305851402
-8166664047762500294
2522487851990827540
1349043774554383114
-6351113557149252116
146148326811145750
-2714486333866643616
4071549746257422714
144296717796995162
123907144357724442
275334658459590730
7458289064116228520
1798300050445449562
3796771810126750
3591536187071292110
6232513433618439850
885655956329147740
78716505839873412
4856406172486472476
113738067513697550
6171700876956105612
21752585585770
-5244752721655101566
1281494846192966994
2600720968663141324
550511648932
199497341856095712
2957724857301103852
5780543843306144316
1549064375050824374
854554495949194502
555292407320448070
-3715570495017890206
252297047045268680
6538954836566054760
-8636461915825820902
25977719111509620
-3696730134055763992
643923654622598350
6284183740681880044
4479477870353285850
2710111942428259670
3771465873045052364
-7009584469220897692
-8977013248248906866
73671847317996950
2715784086434752740
4255762082468934492
-6460383731342912582
3497407892815514116
4236184495962461840
63438652247912330
8310368842477120850
-1762388321991748376
-4625834722379906194
6829691556291141300
1510312515835012604
-975008266146206572
20503280
139931588436507828
260612730752290072
1198485073348236324
1613380609018525204
6714048319225192862
645854643790567250
1244618914140592128
1003206533796287394
927364786023783850
2369621036802722850
3397040765214234
-8112640170083640324
6631610431029945750
641996998677135600
901604001468654072
6138845408204713880
5928810854585959340
3222145016213697574
5850024513639579000
2923980117878751320
-1961589844263317504
764320198825126860
34216336402225140
1547202320103182754
-48304232912139066
4449534512866340604
-5455954053875371244
748505523394532814
27029288903079842
5257401047296929606
32981050892809292
987608212920900494
1575938961776996194
510999316652258350
-6595214242387367312
67524830843637414
82603390342
1005809136211161100
1058092604189860694
557340926831065634
266468567730715350
55313530054540412
-8680513701480852324
1479478281205060864
5771692954103363274
184809477783150864
23725086093800
719149127970207792
72790470701767470
6632719370226929380
3991954221601500
4224048738594055112
3756239039602346990
9593485595575050
54159684457967550
8945052307359874750
3417223399726059270
-6149727538996770316
150336371660766564
1363813825125180
2186422512711575350
3786496162353221240
1237263877260241250
71991583197186510
11725160528747250
860354760988948664
3208400233277492422
40986324553592264
5333598049850
7210359500388293942
-1241757098104330516
8852425897114772910
-8179495593953834894
938060834720267434
4566581835147174000
3989792705680894970
1283107126073640406
380075147624020160
216942444705181300
1093999284273071484
161109249027701142
5026711276813215262
3643384571127978600
-9045389808367745926
4487745617117629750
502831910236627090
107628862867123560
6733468676648798260
-8063578202603065994
-877732310103581676
319821562941311600
5538639004121300
87805083137523180
9451707346479580
5920319493397458240
795267912799804444
2474496993134125960
-1653582091553642266
10073830383502732
1909692808684918114
4253315931997077384
193635837067172500
271039524334112
2256729884025641662
777947030072
538623437865748884
604089327121350
2334444364991470
6981715616862985180
52836453407668000
131159336645731312
8311244445742780542
724331890375555644
5761707640411956884
-4572543883984009516
664153152176898014
-9211394753788038516
47410790220267782
95504982206060350
219397928024763944
-5597970756768088286
3253665560223968912
3306420590407208120
8201317310952892
27250573761181080
-7889698773435799882
6776486698763600
32643169576950240
67276367809449500
222536532373071824
-3765946830940707506
182151579467506000
-298891951360555096
233586676492
4579728167161165914
3466494404277085714
1639400707566136970
6213171349567046576
6046582048878709272
132922590253555522
348142100198405304
105070881370
3776794069951890180
5241766244630407982
1236424666128131942
2511406524244569952
3188932641930004684
5192933725618170
1156729396353100570
-8584797043275792866
4235656311244084094
557308891881195160
33531313339617184
-5196367225251766566
8464656037697998100
941697086916040
727638158770235020
8508684401229363170
268264408847852340
1377832315436500
-8206658741976231616
1625115129525470
387752713755998760
8125005866057543320
-4072101138760557996
83029280693540350
3286944936900813500
5850073479905032
5890190122322
7648185027556062550
1822449835395198100
794213909028510432
7260867518389887350
-9010766448124436266
874926316522512254
1603416603696457550
3627308559876400
5731829425982388614
27220591286829010
250166416500
-773112983681892936
572048995120971382
3683152340642124
773271762250
-6324987109249859066
8518491761245488204
71069992747600
1391342459132272778
5278112969999301740
74983253388236704
6440038813396933424
9306145392178660
937208578401722004
7244660378195559880
377699460253290190
2076002117187554600
50205934621581480
7897577818478810280
284002389186864964
1814466270551581920
-2384079866161073096
631287499878295612
2219577920955540600
2770496883717390
1141047231523672550
409970101342933740
-6050755912718458256
358885184470631910
3452880786921927284
1932607406630419220
4486754857059182384
4067773603895730
-2729318479397208286
8294338150706300
1373360220382640
6536794789082250
3227095318252993110
759914663587200
8438055476673797550
6401076258161137490
4999143568479906300
4929536662857740934
2531092097907207692
112204336848445842
21921911577992892
1455508348604518800
-5225538483840276162
4232752178122906300
116638279232692140
1075194028105652
-2668510773697553766
724782785039991754
1762868463119431850
1446993370416293700
910992024783244250
2315933255178521396
3803763398341728220
4757258769807889664
8632337260358320600
3225372827580121794
8392096414900088674
1080571075495610050
894978494932906984
-7712583754295641314
-2967303647870835516
3282097319698120
4875022125677403854
360130981978579630
-3179101120012664616
1963727515113267610
77172811510067550
2253365777653610384
675543815263146480
1594894689176205144
-1909573917676379676
18888209737482870
2820191960207969620
157232594059833600
2756886789813285000
658054579641865420
184381265231761620
8780121571048198694
992206344979584
774829278985988142
8967827756571684
4151260575687680690
5351687865374283230
6508286495843963870
-4998353661363072116
1273473446951552
-6315687513697138082
1861480366350589734
6639375926326920634
-6062569467155184986
5489819678667973364
3006641470583309260
-5763484140786376566
6153509256657563350
-5767691524979141606
-5543862200593745876
2286353256684228424
390308118110565902
5543674387903711514
513816138447762612
438068465846176592
2902317496415156804
4750338906751529684
1620775786132902
70376882897314840
-1822852738935146462
6790101249359008000
107025083311061370
9105261347978963090
120597182206686220
152093283342
9192777189108143800
1556404769388546000
416330723437624702
6609060003245000
2798067269647847960
2614118520282248560
-3605638937438524912
6680907146103028850
6045547452764261750
5792370392186290070
119320992579214090
236749597471602930
7539350988903188820
47885118675939580
7439737661841122390
1103887359597289960
215769748576330
792774886461320
-9183406231351703386
7131831841712550
467991749721608910
-6896803787177849286
1183698475737251964
105664694919590
2207242491348966890
1717870482376377016
1134445572340943920
4714475010824840352
2262047237725557884
38431407968800
348791161611888032
26714664562200720
1054681842135326354
30735676383138650
328194979492902900
1399062337157100
404135807915564844
-1889760943089742266
37953420180390
370341864116635684
4665730545793166304
330255323256966954
2815047058832750
4856853951584869910
3946990051968776874
96585162738673350
-2176399397033629784
87172001361873450
3319046531094890
-6917523758560157772
659362540887227450
137570064337055350
-5156567072100827654
4117289117069132620
952293380583446972
16311076624113194
4822998323822350100
6000977859390864
687620527225899150
699129634982
409695216270663670
152289318377689584
12758369980479270
-7127609926866527946
21491975775898502
-6255693206131586506
15624123859503350
-4432489025541759744
142421282176008152
152485654153348800
121092152320445350
-4724942554656599564
-6238177366223068086
-6685792600359140284
54683737539255000
-9040586715378914536
1882637853856878984
3574591496135460906
2856161298481043706
-8027834354188396302
7766096008469475600
158554402516584530
1341112132491381250
4765583814440750
9876215730774652
137731767783895530
302205280680790942
8250177560409422
31211135981855414
3977768396487600
1493083235542835090
1675723627488372644
1615814755917860050
858456504329518164
782168018534800044
5976873296117743450
2874892683993745492
8555121176492500390
-4004631877519818266
7773619745279920
-99103863226311322
9893853954842
5037173129949184936
257494880384223944
16347848543721500
588100043845986562
97159803204668932
-1992302007592515316
-6640853405504322152
147484814250169060
4533978783695834592
1034880401150050
6168552500383442
2841077241868193350
587439589033847704
181056763376188414
5628533268522595718
-4587326632830145304
256848865624885534
28687917630907770
2865228635264963940
5655764396119198844
8941790989835004
2986848254390
1660144327190454
1835109067564522750
-3321602353510335036
3950297998667444452
-794690350015515042
3332596139674501700
3457414195808110694
618694968197222
3559210415706991500
-8163582687868487826
2739323459980589090
98945721732
-8873749917745881756
407774889338716484
518336328115223800
3148148928773595180
5914632970902471954
22415272989354
143732154145058600
5776690475177808494
2796326145455026100
1967439477272457210
-145050095938212866
9806348654524052
1481035680750602
5385891217133310
381419099955367980
5436211975109596384
143065188746191320
7811132349395294010
8848754222848626394
5330633306155264072
4151000458059880040
1148868245630236450
6612779731426844710
-9141065956139692226
41964511407819000
1409600178920373220
6087034981865891130
-1607531824480995184
7172651765735555334
-6439627676289809864
85152205373607442
80000327672260340
4125050364709664390
-7798781651414850376
82518580529141680
7451025692879095184
2113064210479182480
2966408648575981750
2385891239758572350
3904385219750021160
1283219379839447402
673679612051195750
1375206741987837270
-8118309776704267702
1827888496145223848
1804609479574074
936419245936552
198777440391197850
-8826445056083616516
-2034643469529809154
4172498720369062804
-3869648390104917876
-1787478915229138966
152289318377689584
84267429520659280
4565743669633660514
80256267450366722
1588683784199757392
-1044461106283271866
6145126701800104634
38084716979147850
-950535954119302556
298612247403777190
1310830190194624554
4035436845434211140
1853538470099529288
120908652750662550
8147843224951496794
-2928178076271567432
4253112505259215152
151440720050803352
351664071918250
-1181987843675113876
26696938166121854
4583315327356350
1986227929107639750
-6954414476526139366
397781287956783250
143065188746191320
345877516784966300
268831640269621104
129742075516656460
-2491456022027643946
-3788741490715982696
4790500
4585891512594711830
-2142316909259493556
110583222973592110
619397016750120
-8306643176026948846
2042025880414094190
4964740615956535398
5548846466896406962
39373052245403800
994708860919774
2828766310645367002
32098329012750
2835580017690
4155684446065032554
866461235336592714
3142234153276099574
-4936061140783758806
-7768698083279509392
4806271020409600
18280475416533330
720407231653221000
-8524930454889176566
49179852596191590
1675646366573452
1153142113388636932
118517088235000
5695799352870542512
-6827723094079436092
3892474080954758000
6294485145278784350
125896786465984
157321946095044010
136281557120547414
1734898140093657446
3523651590150893964
352459058897064392
4760428802600339792
-6970596007394689532
5985425409282446050
7022710741786300
359071942721850
17304587703506530
-8174877621954978782
72803005834401570
2300020710128845300
1101385042148408710
-5282500224670439776
6734590365774375482
8537238443160323330
7025227466639674292
2529022749630875378
1187826478827607394
3445739079896190
71792893065271350
1759040092518057272
2214053065451015404
1829615330371951434
-7637598698928329056
5785427851982941036
1250472180284729694
991706408969600
2760788782826250
-827788542998335116
687890724270792172
1816161843747944
7429669905157195040
8659395678522362250
90254073295225184
1833871314680999804
-2865142364053256562
-4846334778381986472
38339816695983110
407136283068787402
11516228359508600
1500102639451837282
1322152733660681470
4988548580730445598
19879072841600
2060522608061372
3272122742380671102
15070359297575730
1226283163946690850
4193823422122336002
-2517145991527255936
5750441374542610
8770089123506839440
1809298014962734674
8055070997714959750
26969714227185002
2054653875582
2206756623757350394
3202828994763095854
-7540766252168435386
20398899801998250
15329775449739100
121514993948563670
7976961965925810
14382285144881984
-5786911952414726422
4594025424862245152
1217447682713528000
-6661347967836396266
23080532720317100
787014650858293264
5876405087202555134
8490254076439300
7457751152420374
76845928572203800
3195126954332425000
149840313280023800
-4763799752158943182
2542238471585815030
4073398972185870298
566538723635740200
4091897496353817908
5207148969433943350
741405239284639752
2233598709750298664
2260025391965148392
-3448112273167577876
-5159057205089530876
7288962691163274
5576708423584761150
79409975505809810
47781016465182
20787875395738850
1786661091909694620
5541089704705282910
116210431931641600
-8927668005992279644
-8008109973230494976
1240414724335630050
950828435641073600
5228455335968845500
562635558749535194
7510092966063033192
187955514264067550
5159544484101809384
5184678411508396242
4492379421825712648
3087692730272562396
-4901992328543066636
251629061953574200
361296649938888664
-72923458831228406
319669435237752754
131237328853386074
4315437727839083244
1784113864760500
7378683409063855994
500965209617225500
-9132485139179239112
159522991834964212
375764014351312510
4346476588561543134
117551376430199600
1615045780599556760
-8569357533845682772
6294129713744086190
4301261724132350670
4192914838329617384
38689742613694040
1858631189485640724
485729277652760
7501980871892678462
4264480105433623906
2538638853073423300
287568307887749750
156395877087500
369281462795468234
-7389147978691862616
2125947713103045000
-1439618003229128284
686540534949683142
90504710647424920
-7819328488573982816
6114116140187280302
1390948597807838524
2806979050386268850
2877872721932742
1307218009358356330
4897656731355307920
200281549158180
553855415092581470
-1979876068042462604
-1236467363775746104
1345241146350785062
412312213101196850
-2915586262491039846
8727774190804997174
3420146762087044024
3194485745270381562
1766154894401116870
453585839722254750
5281228271664720830
2045848275381964790
4858303530235777774
2693148811476571760
1371462266382725050
4620147285675686476
3156622447824544144
5675229339944508174
8204063248337144084
966861679813703800
2823112841190772680
-3354503138097345316
-4296597627626374632
4549004576140933584
131061895276453442
-1904438928959258616
4809009869695317776
1641734504417092514
3776067165414262250
5596977545889444
31981965709726384
-6930389681930200376
-5815701609831456926
155024447359810
-4852668123051533352
92799045789338042
2623877893669944982
2325180610983675900
8650820307102167364
-6493192436146337346
-7509599874374801544
33615495996705350
921125770568645334
226155354032842460
159162069600594764
857659093039603134
1630145090
-2266784291363544034
7229269023953662350
2103236859992604
4198018938720106010
792774886461320
7969879289674838250
306235463342736382
494568305032230
5863493902340063500
-8757861146209868366
2582998499131681180
865285057037830
38378579672165980
-6341248534591079384
3838965558692392900
4758411325763817750
1249525858895692
-999454896740723516
12223718812504630
31799719929986890
16871189771500
658054579641865420
15612269191453792
-7985236243463746346
7353089098418657882
5754177802979774
62037160098433080
1131989620350713320
5264111164936055810
6008695434139750
6089681428502272326
6275552055499034
5399367828322635050
1950260313326291400
-7084495869424379422
198378338005122550
6637896258841096692
1729788710901114978
-65778488525163716
-8546413894110494544
-1579260694907707516
42631887243598800
174446239729089454
71137668464266300
4666866430808351350
5511430763989614464
-1744660258765122924
2094160253882978702
34933947861162
1960613528160385980
51469929015475250
166241573227865850
-7710992401581738116
1624391301250172
8565864292615735842
617279558817091660
-7761299395809886516
-3769971348474305674
4976166174042703624
183903555814522350
2376461472327800750
14146018228513952
-6386461953505830406
10062458902248110
393497891728271330
122549151734958690
2050997708123252978
14640312822173350
4538568889960
-5578535628175529262
3250884035371079364
159094464923242030
4785338849027876676
84365395907847054
-5167147720686501566
3309163061096750
7936453727362902
2644982074786664944
3436843301759322
299842585711532682
-6891759574132263294
3052236156348674100
44205666083086600
3899170737892111682
101238348254538000
2325349033173390900
2863062507940958702
1154835066772962540
2188031176742729500
4494190250
51711984354112250
1220352902718365570
709243080256452
5797047169861904632
24455504985273090
4854805901232371592
269734385513870970
173290259536402470
7644894741213927362
3054508753736266764
517189858657215450
-8819603100490136516
-2803321954144410006
-3928944296169841536
6967512398881297692
26648512460262
168394284323508852
199251038750051734
584444530031979554
9040268835708728800
6879707558843463722
8201462092623399600
5074624079499430764
12331976410600
1394962490731659304
-3798119807506393866
-4574472738947052074
1606548785724
5349799844194112010
120725361812414100
8759154443378292100
-7479983890577832524
662969488773847220
1828743103453672236
6092639743082086984
44734014796904524
2406217045107691550
229960302855894
4607793512658477964
7475926696808850
135291049127052
-5097323480775338374
1081898815524607040
1644590305605723630
813883362051464054
3426900141292243064
2441683808569250
603056058196592
1187458530895326690
283585060460941890
302059482221444420
128048900491741504
8513141241745084910
59767851613794
2155866953373497610
2020857035804953148
912238548959714
248497838017636300
177728451663806134
2266388991631300234
1383174947285012750
-2080542414368275566
420261127017622
5343510047988062280
4945238249135953860
282578414904488850
235961296088296480
3311248108309283604
2414175740634446880
6838765024141743680
2153725050311666634
331464917434157542
1360725400459097750
1894337456322783500
5406975342277743430
6245850317157912634
439080736786928670
91670513872
42673860841744750
202693569085915644
5787887654688440
40378670132646664
1728097855420023850
1002220662246018800
5955703602696290612
1775353836730488014
4139307811252449110
88775709371964850
329033045590852
7614509895747952360
174277300128530480
1298709805779212750
1341000669607348750
-6841226521870185384
2770114608218637680
8973769768042019122
5055307489523040358
4207733127207632750
887453778743381850
173819368296516250
395278413941837190
-1380364789313958152
2839315217086135074
-7665830499337221766
973594390299472452
5767364392681457020
-306755043072764386
1847045340306300
408414246569972500
3180616565642463402
44040894302882
112829884919880480
1510312515835012604
3887201510274981414
-8389739457066599956
5929490557850598600
5450236549265049850
1545465917200960612
1895493108975477400
87906117729218000
973243775798678230
199844657638375750
179878616036770
217682614983324414
-7725838147922034414
528352421200421272
2704825962032116804
-9130100526114394722
8250177560409422
954260659869790
310603422293357600
7509687205178124344
1496952956503357474
193975472589418520
104767036433520582
43707655629189552
1605201607048905012
8070906019187037772
6478089339250320814
2316939124873765700
-289452867313722366
187063483247977350
1701559740423013354
1048606832297752420
356238288065026950
1040935202405316414
15545220111995000
5578331525710603220
779344991818286630
3190213484213751132
3439759110068610420
1972049615926212550
-5652514035797451146
-3031420704056238706
-7478905813633533476
1099463079359624980
-7378296715672359066
1984732119818039604
-3078683396194910316
59995173154199778
4165325091445816760
660780170584580
-8928637409308640116
182775841757536500
324295370644747502
32974129250073544
29398959584767382
549161650519655252
5967638255908411224
1790949823672666540
4126344971990833410
423420393910760
6904056385872249674
1775216275495425050
-3226712917307863622
3351609440882735890
1106490430576091674
-1421633370120354392
450917445740085666
998284440529002354
-2727906346141790452
345595222673892360
8982120031534122550
1688008487994536400
196154459289939684
-6720971383158986266
-694342395415424702
1463703747109140110
-2708126487579654066
1221495660549648660
29076429949351974
2135039384405862
4096388450435533252
36327041716469350
1323807745990509780
2485633073746390372
-2517145991527255936
3329949566666499634
1872766651078529250
-8201537749892628976
1323145554720883810
943100984505161300
2576626085268290990
725596786637858850
42044854683000
3952554070316115544
144988996758785050
3520528166584
83974042229758800
1052969768510507654
-9138206342867049306
25649395662271964
4504569527994143774
1293994447710875384
148445044981585240
963520921182820
72340282953595332
33727985989900510
3752861569948439130
26892414441728290
34893323057334
1481879438350141474
63212833545574700
-5910120838671842116
6178547294360295636
1454829316472
-8784848408772141566
5980977165883380584
-987998735146438356
386146226607725946
728061048826515090
-3415364615450798572
249791040737784000
8783315517757668910
4829988368784684952
8878159620705005050
2756482270725764
153475679890
-7835639366087288406
676610809782890840
3911594767006607382
-2062340084611471716
-3062014873863592936
6257246943121463850
-8444181788679372022
91795565707156500
-5834268815366579994
-2116174981392125866
2134937964599161792
-1466568231922107022
577066205229395172
-3442658049686565992
4586171812389659930
5227836841564679252
234842457603600
906496613266524434
1038908835123736850
22906247794020102
7385380187170790
52296400238227600
2083977711503870
8947828399936043814
174832848588302982
-3869648390104917876
-2133606423269348862
3548560891632965670
4120133635072472710
1574416617288969284
4591780507144913460
3198777679035823418
1793027786096100750
1910419415703889104
-1125100911004880826
3091877314118664654
3505915922152644
1075461237020982574
52110802088736924
3023422827356960050
199898131059372872
756644972946324
660803549227348800
298323307152015250
94464364512557732
1205261209859894992
2453731168566323434
-646333746905212226
1147578488013165384
-491583417586992824
600144723235240484
6043369411445381234
35764707536753052
255528336236747550
2230821905853571520
4691908415058493330
190263958462463600
5656658008474609180
19241558182970600
384685339387630030
594674693103142964
-3735064692916332176
8247507002906362634
-5172124662808192754
105278563736056900
5946502141602781850
4464742196232340
1011227449232
529128856007807874
31158036546631610
2554505814137862312
-7354395825631024056
5144231456032595500
5080977696056548132
717683423840294384
-2969397570640644544
8762798199957959080
1121815633070309100
-6294743860237628864
342301200946313744
3087500074882940600
1934513993863534174
-6947155134670221396
3531760723230454
2364031175647850
1329114228191299132
1714086829532
1036150376627166880
1857350127522970392
2135927904344410
1512141177930729724
2866806079491434344
2971692374418104776
1547698703857224100
631414200301483060
498466679074506604
991157392280219514
30919927061106272
20655979764848120
4366005178320634730
220662252203473250
8348082306598399624
3387884971041708048
180156626538350
6226165257508578382
513924709789540060
5252597078119435336
-4710908197426489336
8680635830696126962
6319759285799630594
3353160607491746874
8675209102693965000
-2096547915083711644
496982642230828950
29051246240402512
6683509300330798100
2162375151738085734
3694838762034183022
-6474206143528333954
89886435080926484
8880459999752451000
101622489436560
1068958397370015152
618089705022448122
214817911454755050
85675072389657430
224138188816637550
9154588268113725010
1734046501178910518
1257108612717677720
3974664391429849980
-3759908502825950414
3512164022422764814
198990541064891030
1358473064828668100
41133176404422410
3120967943460353000
91497602972897550
140133491770014484
4782663414156152140
16323327030596040
127590015706741172
2685259993422292752
252173425504
252169709376054250
-1093943353507103366
4011878079251420
-4151173773953341576
360588586049041520
1642902336800944100
2009223020144404530
6695042264497651584
1181669735282409254
2479971965209181300
876869869145208250
575705363422242970
312505660274622334
80932727836718422
5519478448406503414
3805531486132626234
4187012415815861814
1959280096672388490
103064552081335810
9127316307736124694
3535859154858536550
191348479325053072
3430055138652050350
3711791734515235800
893521092553103820
615226610578688444
-7895459875555521116
1912891430609471180
5631438983191543874
-3992700927313352816
2806203269013211144
1168445891588918800
2340713793693076750
3897629767935950
-18887618185623924
7176964924043261802
47422211905600
51007565905972522
-7741197862470399486
1590709836559593400
140441030499546504
619025479734265982
433415433743314850
800780796484481120
207298719727750
-5986816602287669402
895495534665975320
2118399023366663072
3498190216251250
5732823490184161800
215151926262
302460554980401510
5745094249653993234
4872837219250
4556196821717308494
-4353934946934857516
-1746138136723937266
667251637122
77948389548162170
64416574334678020
3755756404418071144
-7794563235727709884
1538164272564507770
6496995715603458100
3977938535662235942
45212920872574
6211371706241355500
22670179495016172
7198952987907933070
59767851613794
-5081074980317719126
168771992149100766
10750040012157600
645468098987610690
5271575322866908510
3478097595763914552
3216985557976652882
-8065647485505720516
4046143254476977654
901935076670544994
2297182192236471544
-6969480588685100656
6925032746919785414
136442123490119370
322224743928857330
3517444809396507630
249956143916252
3536089790718812250
-2591187212216233556
-8511422996034918514
4893425551939158548
203857901063327700
5061031856300
8476202457987635294
-3937590330065238772
516317635456713090
98269668637500360
2116560638611109376
1145101237440912934
1681659511311658904
4126603930009669810
965968993454490
69380074713819604
-6913605903882298006
558348077029826692
42506152215627100
7951651691437826152
249949092980675050
4467372512555279124
2269602777723608250
146021517754569230
8054643347813349210
3155977684991298444
4446247194109225610
1596672573514818800
7137044705662391300
145052054491315400
575646251037901120
214479439772017940
-1305892332436064066
119411811547080360
33777289037983414
20163363955459054
1281063984514540072
2294192385428127546
1024624790259967780
176069454039749180
4406941280189610050
9193249402619854264
36178420730299320
-8013303312663630116
3660471803081500
7919934215150309352
2750195165421073500
238667903418563592
5102503164409390810
6643076177315216914
1855027230565600
4475508830602144354
198777440391197850
3133588274174653750
1088555878828172120
-3333946444938632616
3650938295086879832
-3269399468507314886
34745947823464042
3424950012425276396
5574140243020051234
327923581105263724
221065680726785260
4085421717070235474
166776786920744
1031382065501089082
525637163870
-2512153151094821116
113125355153734
573816023895784202
4212465039719096330
-9066022150753244616
3699369770074881214
-4402664287263136566
1489944615666387840
-6901846348542562026
5111314901120248282
27256573227010050
3244790652952790214
159099714382
-3280400761702446046
1861337829759617850
3705814027593172098
197847136719298500
155024447359810
-3579922531076085756
45240758133395000
573226560111629312
101142065150065030
4337977098251938750
832823724171660564
6020756951961501722
-4087282075178757016
1533968313884136480
1775216275495425050
7187167394470872900
2139890552181518274
7229269023953662350
8891047501645138900
-7655716032285840496
925675449970929000
24884204995913684
-7313566474949275256
2903434675836237004
25718256271083090
487469191929317532
1192962247308135612
122321123801072
34437458229880160
4981822302440139662
-623068830040692856
38752201553446724
4989282836613102262
-2510726409706987444
-8145594280151420836
368773279799446900
738622073572051790
2372697402757813320
-8412450699094094086
-1990109705913753816
101720795333334100
2768493922735599354
157524707310140
-7145262204037620602
1710734641811780
91185523401420800
15494093187336372
24097947569675630
1997252712699370
73424951600
1580472842031347632
6266806656994095342
48040956786991084
109659926040217540
109984127882949320
2393971617437922522
1602652058161925082
-8917484799849868566
21093136883917982
970983670358746406
251560230758144
-340537224863740366
-7625863568282022516
33147497473897744
-8634974432643203766
-4339616983545097816
6211371706241355500
685057623437935850
7596076966804681030
3654719558658417040
1106104500237894612
399648799344302
53043754942712534
530573076367338732
1167139682631859742
122289995853005050
2634810004082894
744698048802442980
-7382095565780017406
-7631732327373700966
5533341077772207210
40057364040610644
5434619987856508344
401929002286994
-5290534299411415202
2031268849167030
462399439755722522
4964248615907270820
-9100971363210873784
544724597091490830
339945720168922102
2103608146777938316
2442361474840673094
-6316268895131399766
4467372512555279124
1294098126259444
866639592690452
9117926327034943784
-418135422568077412
4284456467288177250
-6229996851370556476
372469516299888084
5646822364092951210
5063444112763121190
988317285018091210
2663188903801449920
20082126007315190
97830845920066350
1132382304441361842
29910284807213902
2220553967763432224
327265171516082800
2777034945409371350
172882230846779034
966600075175783932
2289181734602484240
633126523347419374
4540923543127140
-8323912608513470136
62404874750599304
-7356026660259489382
-5948215570598639332
5903364137652294790
4391997597479040250
2130360421426101670
876383677731819230
-2178573059240592756
-3009838337969360886
-7136438648297341154
2275172855607124
4038283149908147124
4883831453577078444
510781909678902
16623552953764792
7293363362346273282
1579338456040075990
2706670389278488474
1146471951594970
4505421723624637270
3588037237250097450
128374691992461880
18472433830442484
5419354694684218640
5671764278094871660
-7590065893487009144
4088196880152210546
-1527835288634022566
3297875692935172000
5317993655863643634
6657892650076305534
-1014721007496290946
-1914707710815463712
718171742705011480
-4912093500681210244
4929538124226975824
2123743931409273734
-2422797517335279866
2320228289238860
428991931003350
3046250841788117744
5019508736405798210
3700324197270302000
5156769095311470624
56911811012125182
2298517637883689860
29978819443190
7023297874356145222
1624677723080125560
106273935379581090
3760343316991115750
6327606132915158520
1998978468700181500
9163064392987456792
6350044964013245934
236506833154614334
87978338659931350
7149941798768973820
-7572401592042764766
150720246600
4282858538961986440
4057126634381735530
-3989385462971248746
-5468190299977922274
-7102198559994619566
327941846936132
-8787789059386477156
6156654924653817430
165219343480067184
4835726722938232
1812649136963960750
3651410792499762930
194839630903239784
1979353127554209330
914750955643009100
221642966473322590
115100362977644
-7629598509436563896
3833035638789129484
-5496911451999232266
43938961666795650
182026919153656850
7076700735141941750
80040698461616634
804368362
46499576857852624
1603926452666758572
75033840310
2375605608996118800
37479195830002654
1254774108760237494
4410751207821147840
-8715056809623493254
308302608832527050
580508606166324850
596008344067697730
1277943485723243950
3311687235549626620
1953953171156874000
917598742327747480
-150589489238491942
304610528225282718
84211487049247250
9085697537291544
5142307180646999426
3261296867711584
4296989047391827462
-6574061435774167106
-2270391836395689204
16062076538600
117820951783958500
-6827160195652156284
2229516070862615964
5063444112763121190
132456973922
7960549631182648280
1077540830390780210
3472933262620581634
7004794006420418670
3424950012425276396
6485719632439018532
657466632371124730
-6757202126269238842
1860482782105695070
363804036816013194
9448996337378332
21754236589638700
2363136311349467052
596797464187406794
6780324580577190010
-8313756792599183606
2064116492115796470
19963104686195840
127437328548887280
365230669610168250
1309406317403744560
180907853562406250
9214990897528926482
194656083802582220
3037186490227528562
8458443622783562874
1400251097025238852
7125248950320032
-8669143777290500516
7320250144116100
1580220703462150750
-8930575993814843202
-4030456929649684242
139519929850627494
307028558496255244
240905256058817350
1670197660093772460
165010833169037772
7315774352792620
274791109238789570
176293680693872
28656756566023600
-1553935312758476356
6242878160570975796
7095735687470421810
-2914886492675022266
2228537070903997000
1662981954939356240
6189425208861446124
296650963575030
2595595870906517010
88456113510320010
-8630014933669751876
2043095610629519474
479173835050122892
261429296904744672
7735350405809065494
115659539208812720
1286182865820930
616024290854515934
2732283661243053764
8117690854773511984
4118581897147405790
1145398295545460660
-1450102456870397346
2447783048275977412
-2608947034912830656
31832164626640
12332588471925372
1356054282608681094
2984849014817668594
458998370332425840
-3331203966721815746
-6949389144507070966
45698728952478154
215807408977892600
72078639691265414
8546623378838049960
4119099094412055600
258855477322368850
1604691454091442290
15259755126083182
504168458236268190
2383488277664322024
4569097024103890740
23133542142438000
8550200626927721652
277961775877503564
4555973594866887284
7334335723233560050
-5639197301569974312
56227077029043704
147941821944294
-9138682990841266956
6874769583679379760
1104176362664361182
4158027926030632850
687552990403719902
1949227251806408224
1253608076832411300
-2716605854239504204
7729224765476890
3861480232932602
1784588666579178460
14282252027107190
-4659783402874274416
397333476881549100
-5250327123956590382
151462434576302850
113562992754883100
1186949892588339020
1772329335750351400
413556209695229612
630337854392317652
97721370262162570
132725800339241032
7323180564303006832
113597991526088762
42833643241181780
9223345473732390
47473345566784
5338796341787328970
328596239875050
2144590664415121780
4221706458738690378
1922279534040910
11875669347503962
-8808844083320966202
-8084257116413863254
2851293012182290
4415599860480603394
-6447126025393172826
-5256518833676013062
1318187035588903480
5622645054862550
518729096670750
-2179297564908276906
9089331629545770750
63212833545574700
202045882132214992
732795853408003504
8365667121373287044
65579451452314100
10978785613584250
-8556394295432697574
98667807753244
-7871876814035564066
150422768251654250
3869473825798922902
2490594489348360850
5446408977444172080
-3834251165864112282
8858394804675441872
23239088404
7472084513012
762566969112340000
3365589331864946302
1581986307143739770
349929202397550050
45056787562041970
62304427262400932
-7428687391737680194
-3245313274580101496
6066814773437600
360671833619259344
6588102343904978352
45920140693990354
38378579672165980
2188513949003569880
-487682270264254704
29398959584767382
342859498744
91750824970278362
6455963333409777350
1281432553309844634
815570795625513750
132529229014245492
1261345993602841438
-9004986603689033484
877761745438083884
-8511923518089668902
19025294111034640
22927320495783704
1990421349376025280
1190303668554
1437341321250274724
2572951606484364
6903294508169498560
1758766876287313750
1547946940519401842
294729217740173500
1478518635858801460
39230941096907872
7211540257595932350
4907675512629478468
4988685685715774350
36821290
-6796733295607803102
836964138064621100
4559015358618452716
501444721092606592
10598556666106150
275844967828215240
-1910307389890575324
-3372301969194455236
5644856775419260042
3934032811032879492
2753826248139545040
1024078362169497362
18400831720116300
2142155311450050
44594975818046500
9519672370426680
3903639973747605350
-3862307090721603386
1292193348820869600
-1393879119919239296
-1363084790540157036
18952089925745432
122326992933308552
7831211250636970834
246708321791736882
127037176757163050
-3599551227134058016
6455238851570006590
8031148814466575490
-6621472897535673266
29596313633490450
2487849863381812874
1999128839438244404
1372709574187756844
891467855805274720
2524457717759037550
22796468286460
566075984611852
1230409270328805994
3786253382473545592
204183724285297834
6940619924862442
3488359874276181282
2985255260660237840
3152167279310052810
523161322931537340
3745150192471358762
52013317509728694
35137604237582
3290658340420808492
914117959062000
-4593107969858707196
8206231350699579274
1056227597096177284
-4896307935134801894
789933420514418600
71069992747600
-7744902905745232932
-5980883809767122272
11444078968793254
471833933116000
474861394205079750
2713892383446967100
57897811340876584
1202691119983296392
-7494530151947137766
2056425932153879020
1914081463240720
9620932459565350
5036326718152035630
421219686720031122
706589590180445504
3018503958212706614
7083688710695719040
49039889785201330
922135357831487800
5068880705522382672
1089223270686829084
1448646126903387412
53709225144540420
100720219920320
-5298564696223303276
4343087508979366840
1786108268758935550
6341037733030
2191251167690539850
65313264631177992
6132220379209256500
108928852967554274
224196466760903602
3391490764480
-4625834722379906194
369917429920550254
-4540366678285487516
5626319035650252
482220324399033374
89139936856348350
1405543842838590
3481743808140192560
1434877241072536300
1632801794366469972
1285917447438949252
8549753409515805564
74459157702581600
-4312252397195638604
105311629693151750
1405092944468266860
4295202816308230734
13721631704639600
-6753243483624264566
8017929111701656070
4207771602565171408
37502057516483120
2286020666983434810
2834883698858503654
182600886830540140
45109293220569540
2959862538309600
12047125241998000
1293386192651645274
92949521547160082
91289461078790494
1398639932119241240
1463584726645237210
23528655119764410
9127316307736124694
1471336168451257070
380334989809101880
6571933914147253470
1075272332456403510
8058443448001100
-371920128147237266
7916556626979750660
170616158939100
3278419442199750
8244895522995911850
7693121081408775320
74932000676789102
6215243656903146734
8769177509341590642
6301517756307900
2524457717759037550
4122203301003409402
571049492164441250
23048770827502200
2540258208028649290
1478082158420284674
4355209123994487070
1555407936033932332
4451178855645812642
249423156997630
3261296867711584
542809636096000
304508575933535050
11400328258863362
386611270050609760
63903471550208290
41749310996762460
-6924797126051979736
6065039207664933726
170378000020730194
50949990331451264
50367401450312100
7372678757182298274
26373514902879214
82037657589850690
-6757202126269238842
-233529588619874682
228777275402698520
8227936017071790674
-5144734160503116272
181454305651726662
2589382725702389320
1585648335312911940
1434642732117857080
530851149635728702
139683348959117210
-5689987146169285234
6203281655588134572
-916078280516630126
5551826972293961876
403964028140710
5712966757083600910
8827206197446736190
-1377360514224058366
73305740142189230
3293149520959012
1306961420107772
26797504491841930
366956596735982044
2172144450301602574
2410396764831090
158028366267510
1180656343536593924
143335862858135374
1321711659245061000
109525309060397214
5871507332236072984
-3971472098347754016
440046434393705700
280504210494541300
82078796979147584
59886533127331002
8741407400449456464
-3218440615068252436
11519373008393250
2890921530305614960
304948787236707992
1326680114109400050
310491797057807092
33996281150012822
7905581091424940
615040233182885470
5435893549681794850
137347954637628900
40774899840628800
3179338614399694474
4170282206498193942
-7931543932324441522
6441846932694976264
4669422930393862810
7310447398027373600
808506345675902984
57372753161374
948247362565985350
384335944750935034
237996699217665350
-5955348656194986566
4238297728834610324
2468150342985595270
-9073211483686835366
2220553967763432224
16180834224605050
-418917968040302116
-46715046643959864
8705008008270
6470828654629289104
7839588874234388744
699379492880818464
41823709552598400
851379057183219642
20597561389059274
7175396277836394080
3707966264874613792
18915567154552940
1963579145963727210
1209588231093256350
585102458090517612
-7436258158123567556
1148768994926926450
3531479216736224600
37289088023500454
-7457867421830603416
-2562740433571864096
1298709805779212750
3965859433420245790
287657148760800
603506042912642324
8327894058074322550
3184239519715283810
2076137213178800
40017336033510004
-3923621739647419644
68897687720168384
305389475659425630
321040540118533312
619649919578862722
2504988982981767934
1417484872610220414
2338175915149870250
3215481883842623850
1437458737506904932
-459575240290259466
6593367737000
-3714897935939945056
3568722570089843474
36401523687892090
-8537425076454035316
3668925461956293630
56010508585692850
5122356756529810
4157246655943180492
11291500301730572
-8916999681567539816
1922279534040910
1190309927070968284
456758002109318910
1551176735256091090
108204108584600
26318316468822
226713188146242890
5410782112478150744
7927537740075030000
1865442330052730
-4690475372538835112
8113820201989742422
8370067662445764774
3752620409303523030
-2170601899558203116
907244690602650050
1477080043271409654
-4589896339300947526
74344481021999804
4571613251907298632
155542125699272690
2776983159797000
-5136010118199129066
65788338461638100
351559803104873350
4693334274216750800
6557627702022507110
3421496638687571052
8134910513660211204
3705812582784
-5980290414010203424
4013073279383117664
-3784720833887766516
76468046554273374
669896551286945290
660344790633487960
2571134308629676554
-4980757467572470886
6355485665755916144
501125008546954754
6298402677096027664
235265595011868800
4803234395208084850
4014280207865621626
-1739486913472134856
8574376432697911704
3577319337824854984
448711484550353304
316449532542596574
545008214258973700
1002697928260
1004282859371748880
1014870825552874234
3993062859982739324
93522998971328850
-5288062668198410116
5061029253585021354
6896059814514016300
-7559005201759261266
1017357226772004074
6870213812560786622
2974503747736993850
2574443974369930852
1048042434988595934
-997164115596581494
7590349109312728070
159927851238170
-8291387100221967576
945071280343000930
8466875586426414850
40081395254232640
2690131568350
-8012784065940534116
1067548647830360892
5838222211571280838
79758423545585750
206219175039640
67938417021090
2959742640012456692
279378903622
372426873628987100
-3183936386844550736
73099103789140
2447958087883706710
437442699695344380
966948893158817314
4283721749593000
6294840591866770034
8932567883803443460
125050534576812180
37357443316737350
3240595440632330
274838087547842
676343942742735850
6453790070818610520
3551237895538074
-1989378890008087566
2547645075181094750
8992333821537098582
-6059026287824534766
274859008841830350
188466676464261000
2545473563854830
373664998548870210
12683834951848592
2068895459422258390
1001504121281352612
803392259579420
2160644913564210974
335902233455410050
-3750511845798650032
-2479313852189213902
6929872328432372
-1895633309074937294
6996709089404190
84983141987406300
2847933986834203800
101190198113491652
10495527831748960
2913600883665910
2018446444715397620
19764340840861632
4939888972462600
2642922351555637550
640138677467020004
-7834061715182620934
3063404722502760510
36215533143853490
3986006585487841110
3514945411237260
4999442606523128764
21673286758606340
446362353596833520
3197906642453872770
3106501732604537514
6032454057113165284
1316757172717658100
9061271361632723500
3842155511738662734
2471371770102
1040658705193697480
4157246655943180492
5757110877736901464
621839180015862512
2386406396505017040
3747760621343860
62315582102030180
5615434478389170682
816031459825001420
158082976856425300
5027124288855942
2074919490000387200
4843407189668876180
3653537598427931370
208841642720238444
392565529119864100
3947910812252240734
83292451438296100
-2201021484475462276
-8511422996034918514
44179803053465772
4117030597578994572
4075248312007260584
645416885899675328
20254497749500
243716268173018914
-4848235014095421796
531463295564833940
85324349971952
701845279880178042
273841835086358000
2016478139728112074
1372722239486992
2163994223216474000
1173177488625612232
6259723929474635604
26904295887157984
705487324751886600
767689004032527850
3826470305486438702
187355423225944
657009612501762212
5137520716561150356
1543957555859599046
868594287380979704
42548032945777100
3510099246969267262
1009587396151040322
5612172448856389392
2923580142257626922
43571017047129544
-6495492269510034616
96693682479690912
263166762013755600
1972701114563201384
2068278352651761600
4769659724725840960
-3204645951712417206
1952327668203010112
6992093823676525564
53112990819150430
1924556665596145700
791883772150729834
3453560513879829210
-3734392801458053516
4472321734978004490
2000634960026892
750522903611266500
-3562307848984185616
192419124137374
3345631410424050742
-6432703004680519726
200379874888278800
504995549524
5011714721785391312
392831749181883270
-1167589759558975846
3050171259386966750
205136273117147064
3064854740490803414
26567214002791620
184330936252434972
-906880977971482816
3467403407795484500
5015910370141266904
145241351104460492
12009907182
809218263405915000
3729569344263033836
3249085699999532766
997659294109203180
466778326841713210
2280768591462102
335428911889411340
2176789148168973800
6197307134122599600
38176600
-6632876083669928016
1138186270376872024
-6810263730191201714
708465951828800
828077378262269850
6538425890131610424
468143593754799424
614791795863953400
1440984571571163502
-3956199439919557546
5301511360272059790
1249586218502624942
2999721427850
132077943632514440
8276274244589836422
1005449855845391594
2696077704334
-5807309704044160314
2769922561449373330
82656374615322970
288834849030149240
182301256350908814
8983048198181476952
7618200503500776952
292410539488081350
8980263914021031324
-8204610575570631546
8679731199273080100
1257745860576999040
-507181651538803554
1153739413656234150
6790853738478168832
6720392654073708170
13289353526434440
-6044254856263827166
1770543948046008534
513544785354361492
2346399181465309136
-4514584642277799616
242694062916080510
3090626199720278800
-9118648009130409766
2515870399371169302
1081614196855471444
3039862485753420250
6123859587891773000
-3493733038347391842
7302359292962552
4975213884505427976
72928446224449060
-5214992743555464886
1362754896121242080
643859362980735090
7937261320909974460
3075850158189356900
68657439714880874
1140948488001201530
-18092085295567026
778751645485208850
1313737482460260
2629229480848265614
1080286718844988932
8223277487899474
1185018557121925990
43999079467325444
953775133993390
-8841582122029629296
2287309988618270
15509811095782094
410889334629424
2778574557314174410
1495138089418145354
350906880512864830
34616561530854760
149541330157043914
18530764244434750
-5202577914734496156
52799218225334
33960888022940802
-1808120498927825252
-2335224548258921214
21610489684700
568527183969444392
-7933632919555238744
144548168111370300
1071311082104285752
5863156884422378710
1563744258926382
266346851751512
678013157643359850
-9028090060450742836
541668580012775250
-5076072458912417242
4581408463047638222
3109223397687365140
4988984254463628034
316789306929249000
583787156992984750
486113923144155474
35712580647744
14625260613095904
5513361405113354872
52747796150210044
891878219771729190
91452971206157432
-2914886492675022266
3807175163859381930
49733281716937280
215609236568264400
593135990252470
5869548437370515574
897143401188865350
2019052366813518190
10543125322
1613252572253322000
643795076153322690
581520498021685222
60495198415207270
124056648646953750
123260111727284
166777804595920870
718171742705011480
2281156061749882336
232797782255608460
98584016065725190
78040793674814434
501924576718012624
11800991037550
850824266572598500
904835875563897424
50886732684704
27077019661910750
-8447199867282130866
32267014759671120
5741108264481590
3071603105401148064
2932188666138031300
135965512475870
225539998893365830
5480609410024014000
3306687904552834878
43887481175278930
2327539354360900862
-2613917110567890724
1818945035319479600
790383181537819324
907552702558684
3874411490989791532
417605104
8143099441723153800
5427619397500234390
8840788956483512
380248360948542282
66640611251750564
2300856068731825620
-4198460493839969932
6770933897549040410
4197516222264092
3356486348951500094
792068390619920734
268297750531564600
3295468590985399920
2703128540258578432
2510514462521967482
1877209437451781314
4020439666766350
1528305099837997650
537052572513092090
2261013611390
606505451337632
452844760544025850
949881431168145350
-3781369654733878366
5527212513897880050
23212401840720
-6946596581345678546
3589669762196619794
341062054614424000
112708046234749884
329033045590852
7565837830858945080
-4307687765230274336
10259971292359492
532243155889859302
412082151703131100
27800594813258850
367674016099039300
61009613576985500
1732343304210310624
-5700247635943210366
1597779202261750
4737106003551215278
1920613701240274964
7093402816249340140
-389946814211835454
4278599581931586080
250012334874365252
3763484150773734360
352704609600188560
3779945202424704194
5834563419907641920
2736087270722100374
3242844935236497462
74179070844982810
6374901738789890934
300715196229760
4858902649862541214
-7823013232458267706
25146999662
7296539518016498750
44855940381409850
1468470521206440570
3894457375610101300
179300544706441750
62953887939432000
-3587370188167456846
66675812372104650
627369235429436500
325411483989949704
5672093010912659500
890832985794250
-3662367333153547034
2337837687337724950
6492478077951521094
136642494477190
1760953497537307374
2532348720416235760
4109714037776802
1587165515510817550
3089167046188929860
14833248731556444
509649205584118600
186326780369216894
9795204418021330
27473214566625744
-4466146718143707366
-2853915942226881834
1180757653368897032
3906169037862
4355748450688200944
2809113278554091964
1417949705884894000
865979379074598250
10039744824101850
61295589206451754
2722211291297460
-1701759113954883116
2900650473189663362
-37177766958419726
3473809696108444
11966020133462500
7510498743390671340
761691486205682670
7162612333002140
32069992522776950
2811831328853311100
2237746028342374886
2515875874532837658
1897661382782019660
3026064795425567014
26582226091850
-4993327938174499016
2557760469919895850
138725314150873982
1207114223510781250
155830313700335652
866300594245219980
4692763891560824114
4210887292334634912
5779567130171367608
151592770772059520
4388471014518308172
42548032945777100
1032817645745624
607889343628714
6200306726851685614
6671619940499662500
3445184225175241472
85392143481754200
192565292994382
4363574318070388850
6171000454345635350
62718154895832170
105742196326912754
1709982394998430
643666516940889044
46053373336489974
5757717144901920850
1854789990399254610
866380911998518800
-5993340227885137766
-341322295149582616
6122118833030978800
181255452771672370
286621139036705564
-8148679681997232504
-242990469525632116
3840682978789413850
5573787732372705210
5963891640230253184
4431476795269761350
538370255256834
190083654182232420
3230887767549134
38231436568141600
1142687002534
1573173063606225690
5790700800423621250
462299139362856250
5354835677803108770
1375372923554705746
689624997664264
37182944074023462
18792692412668042
-5298564696223303276
-3010534896850360986
5012613567622773750
442370607600985564
-1275733422987696766
3892474080954758000
206996463130687010
2215210118359854
3354934028556823350
-8707169333831618046
240664898694180
7621892452666474294
832278027744996210
1801218653650383440
176841690309594
75716465169634790
19343419245918222
5799157116387250
1543111967234048468
5183756522460139820
9405699454940404
-6313943244005551156
1011300101414315064
-5200714937185940342
538906671943882774
4849250172408051410
3558978649754728200
903817041942320
-8153820478109514444
27053146387531684
99833066914639212
3475089694760992
19736067645828184
1201869559997822300
1697964733063799200
-8752456916763195232
-3205335907379393254
1793027786096100750
6084609028409273362
2657768523329920
172020549035544000
1771367805441297932
656001029920594
3131537978943967318
1756582292057641790
-1119784300676308192
-8416988327607073516
-5678512210788862732
6371970568083173222
-2164802852884652576
6673847986222256420
5459175395574299140
-8631998958820487266
22869405523327000
89096170487870792
-1258374039233897426
4862098593321277644
596251066856624452
1422720841232746224
4305804933660385050
35786780352837250
277448531587707244
2441837284821927920
121533403451719770
230498169228132234
-3298265106057113194
8770089123506839440
6246841095649399658
3653773967535469470
8802170769290052
3409137714910027632
209754983349116660
5099163763762644822
-6260944280866448266
459079849066300
6807801284830556362
-2636622561645040116
1706975888315460
-9221341448852621506
309340097228504804
118704796702730000
5621636251941775234
316713777875862950
483100815968685590
30571863804741050
1524129335372388360
95828080033329644
4253847156647550
-557027711612822466
320593503254640
11434693234146000
300096361866258650
-1558406568717880026
1752355452141482370
5023747877948100
-3423556552231739786
3062178373471980
175365484585351610
4469846610015754500
-5726173011625912224
-1084816121972062804
74932000676789102
2051023811756374
6521437787233354816
565419775643800
2163515513447009362
2216326755325236750
33611930635270
2110870454079198520
7637084565974848180
2838142430240310050
-3465828230197759624
27352699472477834
761764414307866270
1453731303937635100
6304087488250807112
7355885228204157100
1431245581461324510
103720707681712
158756764526824970
5907769021999289064
15298625623379672
380508291935246750
8824458221091128620
3323996560041612
327497438049686100
849082404004436520
240260029350900090
852410102377560050
520799465894336500
297421720221594500
27837150154813874
871129553356864970
4793664998727050702
25210824737676930
3065890782739097404
65756454937954
208482662071697930
524538183288809690
452992903678655960
1300342763784777850
1336723201936500
463805359660385600
-2937966414551546614
-1236467363775746104
2685447620765454000
873436141209412
-4061533390236232836
1599596609843084230
5112227111039175050
4731436492802704634
503686994400039450
-1553190017123271616
7211540257595932350
22373784618453800
1282680276219091932
98159824842279844
3850
2054583400019906574
72991227172610630
7853846258269511500
1242729167445017932
-8354840701762441826
301759481452
-2757541169004467946
11131254113033250
-5066063203444068674
481547819846919070
67938417021090
146864943143202
149323997032118700
8332718347944443194
-5288680608647790916
6589941551330336122
77605892476701470
3730179288206154
122345494621155800
7745727203594505944
59670269789540172
6028667836177887250
4016878662999912584
18271583684364024
2058730839726058080
202207658137048410
1331662563540277500
2412443912493812540
1880069003540706026
7696013633471451484
205272623093000054
807684197839892504
2973473437716887324
-9162016326563067256
250835572071911600
-4154461371555898496
465282431781332
716011078077703212
-6047210198839252536
3518363814662620000
5991341348302024
49855849028918394
8226198061136739112
-3947561723643493242
7716698447908333884
23630914469329090
283898013852186630
603322334990639110
6875529099091703824
1697698663028806452
4088924875509307680
752110846672649464
6705844672845267250
-5693005580066549904
-7355483068698957754
739905636104688554
114739862185066122
5776637167957487194
5984398671422382114
1318957443921867750
2836656223107895484
477322065338752414
1351732832382347550
609969620882622
917766466000097714
5931869979524125232
3524341739152188850
6346897555660131492
511998569536804
53629438615943800
22572975702
26679220593209800
33735025975831250
11629842048520850
-7377211150280563814
202234630246647310
15186105299031550
6432087609988864030
1433001974202117620
12398923024508202
1770269392787205440
8084938258246740
3526441395622845684
3177848158055806690
9122620411275253064
5809086173958878770
105292322351020
2068586888777910592
345514598961839384
-6262694262085172144
6785211594312248972
-6747586535819747326
32060203710810
5453427733238007250
-1415635323906580716
4114117742
-3979435647628303186
4010537859500293884
900942124512291180
206914130184953884
715483146838460
-4277664102011993366
3564312131148586052
8159957013208000
-3583308176729489276
-3375723015641084306
323872769273845484
2386749880679418100
2037266053778750
1462870756284659792
3919561711717002950
296019327141253234
4878838036601334960
1625578897318535264
7946147182434013190
-5729185021477820294
191892475110448400
109694018754361484
900115290858200340
2099292009570326646
-7659975622294354452
-7679128173830545266
5980977165883380584
426862997894722
20772477873130
6140031635500
110206364017055124
5698767861909721564
46963865606854
40693800841329350
4178065382558826624
7737424930767450034
512568804056917960
1968182500739917280
48233987478626642
7823244739310
-6295325994308214852
11384733447925992
112986679774863972
1814745950779848100
3443047634728844126
-8161528063137127604
180659874680439350
15695393703502370
1913327917442983314
193114192022725050
-3223955857796661016
3149417466271653500
45100539092360640
1214340706475161300
2910005369402514240
8954771458366789484
869418385043323554
5229364066927000
113668013336843224
8085048833422792350
1147479320889089850
1477199885873364972
-4754889012993629616
1457287021971512600
400971640507440534
687344043171500
437346487517341032
4389426646233202068
8715971647192333500
1113399514101980
-5236697689618155126
6824402871364730344
-610651553570996096
7166381551688447550
307673979742923794
180585530753609872
4161675309207361750
2145942287435230758
423140351688494330
1414052606219503724
10557254537661440
1712914639162649384
-2805432491765346532
1489462190628304270
4330991214658149910
6957842076018750
5797381333743392380
5114555827732524304
6884648193648100500
2277717710884260610
3606961977247941600
268064423999572270
2003041457246293822
-621517025160290866
489402727063086270
3146458141595107584
2164951881074627764
5663878976299544000
5202217677796726510
12881044368153000
9112047832565524
4201692597311933122
89754360669895922
-3676523984919676452
2520698065528201650
153733526231502022
8637293216539179074
3805001827900
428991931003350
17037302181420094
2129414263321742852
1251807626209354020
2631446323558015040
88921266158885050
10147980117125580
3585939094886216250
2135039384405862
6794240713524641104
2188835841557800050
4718710900216300
-5441259139853975712
1139961405220863940
4801433175974288684
439466824893847634
116068078080126172
137307599969464652
1587795526937904
7698959005287264
545008214258973700
5813773069246086582
837198961844116872
3264296023008198984
633982396331520066
-5804911248814256012
-8189752179058729424
468122469958572
262247780438288022
64680016943667972
278483571835704
2492175836905924
-8576830526178217242
986191213429661750
789034474343709850
8774648260523073280
4726712694889104684
-679640400667251116
6330104388704677100
11859589277531342
-6254526070204295592
-4210919346529834834
5942106407202884476
332028567282089684
268064423999572270
9114172364128143620
-5405081147998455016
530517474825857324
-4217473354648396624
966512885428063974
4703610056033986790
2176199180245090
680158335507814
1492425720882970638
4214832492055507322
7395515948089701250
4585330951550873524
-3908311237150684366
7224932310291200180
4119666647763284448
3467017932
2510336078699083574
659493444165357750
5685254045587989600
1561521062684525924
3322007751109102284
3287163285360964724
3053062408620418810
250740479555000050
5315105662272941996
5596416891200
1704493223957565650
2451523178846000
-6178482296752965752
-5066688946497289022
3019118488389839550
85100
795870671483282560
3630842809104
304408581648094
4615393221387590950
2676452592915101000
2537919388331130050
8492756054498500
534531970287970160
202504499774995000
1358573304187557316
68374259902
1705160453396392720
11652030852145082
1365803395210053800
5477155258478750
1510799996797987350
-2783613301805586684
8696025386678694414
568527183969444392
1525724939458143572
9159296500045443700
139765112327012680
-6308709306314387716
9054159568322
9828665652713600
1251701777780271972
2839511725902443722
126535832654532
3291751116472858362
10589982881500
26297500756768740
3940783008768577140
1543957555859599046
503666963614093426
9198917383887409490
-1489749696265991616
2844210215731141854
-3676523984919676452
2683741812540849226
6069722647669656430
253221687985300650
618963061717530574
2386921636670650534
5944458821257081470
-3880988582757241692
255560483557396914
259331023511450
117892916784189470
-2063068469184705466
179046514849202
874845405341228750
-7266610209614744616
71137668464266300
-7197545785012960662
-7111594696286307824
5168103210530755770
139458684668297120
3972782074672541296
1774666110494421424
3350501794273928420
128816457768426324
5542058854965534924
-7531101065700727804
4213476252000
3592781894699095236
126145014101653954
-195649182538197026
1208247672081161684
108184568320999352
348425953000278140
2584274398962508354
32558489889772
789858479009749240
3970889044653758920
1415510606079451770
3116140271687636232
93765255353335514
7560534888147139094
-8122946810283038554
-1631311514342402016
21577452500982910
-5653119095051586746
289399097093414000
3216734774755191828
27965377808484312
289646215407414292
5321852817291460450
2156662730718352430
3858873828335372620
152485654153348800
-5773099480714776446
6146872360704472824
37266323785213600
11747485555570902
8726865877521678560
1497558279199052064
2003643907810943244
2274734190663675664
-8902923192321592646
-8259293312137958652
231869904707128692
7614509895747952360
3540704877779941300
45628046595933230
25489258706233030
100789614568309802
2907017309507859730
-5163414095791826112
58917957948195192
219778244769930
24278983108775122
30428251172761222
17155512791522
3836513100636207310
3304666438771281164
2620344566098151734
-7148569706071985116
2826035990459992640
1024806981541312550
2845581706281220790
141696905928857162
1075440920490679454
-6315687513697138082
1276976215242796510
8864826234131236824
412864753482371652
2205181058539250
613797324423360
227066035724856300
6088768249849556000
1672106891492
3637726974964675684
611197905778789574
182800845577682424
10428233394258750
459447431119744830
7028701734681230024
3446668506492980368
163234968665314000
-2519998516354051406
2829937053293717070
6305349820703140884
3005551575695260934
3046044608762101100
-7291198835911240266
1349827668260129370
2004999918453486000
1792872851097828484
1925433703725107620
44838507199628870
895989656058640390
3575229623238912380
511864794322084854
2307379677830572282
2946645487850908432
42844417532532
41904925541402
8073047676235480092
175389724193411750
-837016935103884382
1694989489636300
1153241647323946180
39388866171440702
5653050114885738642
277619533975103034
45575088661018812
4160257140
177557133383900270
-8241430594137819822
8424336443318170610
1677128392356200
-7096115595065817266
33847815704450794
3188008781551531684
-8871315796262171386
549104594269789264
2217139211665505050
1230144182858704152
8581101023284563074
-1068073513254961526
906413522129036350
89118063077780
40105437278837462
801386685954810412
-2741317770878955994
33196162847029560
4969605142877519214
1593752547837537252
190091720113750
1690791811068987550
648655826130
283376568657895570
196395000366730
-7916389463139677016
2213466212847742664
4892946962851554712
215610557864730
126239700974815344
-7637598698928329056
-6489742063760455516
3520112943729382
1838145567092956974
3462305613959152
1541502484789246100
1036977336685851820
3031017859094934592
2015693402881808634
6894156893256933500
110394672886051372
-2802618394142689866
237398001659000
43545433022115270
3291920122190284
1379983521526916300
789708611997474442
161450694592160402
475168456630419920
254533272712961410
1013883015050570
311058479881710
2794392516174067550
2035159070105146260
849873827827962210
3676756339135764404
674344955414288250
94205544282334500
7528369230852722322
479122324367255244
784327588108634350
1229099766445279512
3553651156193105704
15862638090668800
8094916932386685440
-2965209512643858326
190934783316042584
1374184761903055830
127208554814692142
345353393858040442
1924556665596145700
1670467010135000
2282862874268110050
38678586254
3666791940855081390
110377543933345704
24119837173895500
-5935725320338186374
1582743447185038600
8234455804580107894
4899129231051372590
3730003153742292350
40701905292640284
1096872421028865124
600525221720441038
4418378473582419262
4587853881006492250
-8575336267060398386
33671705761586594
6292449146604583496
3962843961020488152
