433176595696098100
3913585363502603250
10113706482173294
22082868080
776677601059092992
1397145095758962550
2291584628898362474
348709979343345250
2001928491612930034
33889168201134
-1244023753781313794
97873290205552
2592487902329991514
-8784848408772141566
4175281923044876978
-6882788004927739686
17800585458634440
-2591897891765479956
2343931405012857940
-3969480697436784476
670789472967614
4054823121839490
66939992165830
-4177458680268584636
969305884553833750
129355797345035430
-5794714005717238436
182650861130360350
83001614833676070
-1313425848206290016
5610068149096639366
1416577158959205018
1975925952
585042623505928484
72853162555551140
146190614844990122
14901796915687500
4026154999708160
6245931079404689050
-7662637225591156292
739976994151011422
28198534277509750
2931186699475580750
255399777282128824
931937543749049110
-8945105940118425742
565488123469654350
1411684094329827514
-2941461127211871084
395042381333187334
-2689035378826297062
298070656484985230
466424856742330642
2322655375847500540
1115588901837433100
9865011989355930
-1058174463556854814
1714499599462650
40017336033510004
622591117335960150
-6355753833829525984
3221929914964296250
324035990999000
-5986223418350213764
2702562910578012210
36156166977953750
-5433294191300396006
858855418427422154
7586668626179122550
3761067950232768420
-3248755913402622166
74810968071840
331035326928820164
-9071294732437474696
202693569085915644
979393218076807660
8435837870240
4376280009371598042
2252944506883580510
4417288259012861540
-7805106925575573014
2347491570449728850
46267148337310250
11263642358719580
3780187678876570742
458001636076793510
5913193801597390112
-6571772951046699984
7525524067812036300
-8842070116878833396
7523898622481483774
210226659621399344
5211158224661859080
598256359726597350
108387175581809490
4330185694463645184
4789124997463766218
99111291109034
108590067290504164
2982628053154750
4599922250321571030
-3272838015337687956
6940700739906112762
1896215660343150720
829398085898877222
3513654417582212
-3296204641396881516
379901993483723790
-210650568364511616
690386575879000
121367793205450050
-7103304290881845564
21412726386324
654535754436872
72184203264264
141800774930920
8951067991238022720
7360624744538650
6949118908081967540
15703327598681100
5400001481018573702
-8444684849217289766
1734046501178910518
1640048734717305640
2724119330904451370
4920981362057358134
7158549566260092000
4103604351298075750
1716935786690074524
-6720971383158986266
1473864936731753704
132293631734160050
122796785034
3429829709480054290
3150897911173607392
-2839874385332782404
67394597867956100
517135312354692950
6889971852769993220
4185489197035962116
32670653979645962
597648161914911300
3086250289209755850
-6193719429306835316
19906162748553202
365819324531780770
6555795262917422340
3637255806224484640
29114236208254652
5096716533766550
1027907952353524270
8016650652310588750
3132745730075844764
97222079721912314
1031839840374930552
55395188065848800
-2496453725688594114
11344261815035030
991068546386012550
149603502409771162
5380068195049803290
484917388949380580
988849339607147550
474554480625745282
1304048281789635006
-3603609908719766346
319523372865970
722928390476799234
8228370549080986032
5635511864829022
312257874544
667053224070350000
3045699898554372134
5208382339938676340
5777690368710668940
409970101342933740
56154817893654480
6730478190667263344
-7890746421984292076
125672378466399254
262936790552613100
3617742633247473654
-4014568692483010366
97502694611789810
3221499744774657360
222372825706850
1642902336800944100
-4655943298725265766
1073573311022567964
1566798591054614594
248340474592313180
-7691882364453394382
4475566121140024
1020168687328426680
7522273440476299912
58035174725254050
540991215074824220
216886553148654
-8213824905387342516
23912486942573100
8320880649016823470
185769355507842040
420940025325415734
406361841334048600
175947929055780310
194001616891748120
647467116214822750
4441319631715630664
668183625037110
277136305950480
23032902179781914
1419112289238885850
1761226968484590880
-8057368497731585356
24032368145395492
375442928557400
283168191838401752
179670507650015250
542809636096000
6530181417784777060
-3493733038347391842
372000648273790250
5250267271428062
5980411695005761298
2868184425800420300
5204374686711932914
976929954830179350
28555397469130
-2762476229251928114
-4740240494108822416
2846365637828161012
6683881098691561094
5990240827564437428
66312739187370830
2657971731090438554
17244921053209850
1522167233392421200
3245223153546075100
260841176176196940
3951300577909432154
2634959191130282172
-4066157496925612104
8403032562115510
6545023532796280
2102268658058535400
-7534860512367566016
321384004395068164
2203361258215460
757074106580
42113982908973990
509487372227875692
-2358229147868552366
228793346603250
2179034080177121440
3132636764439470
6293063509455466744
266170139764338264
400791393939051392
602898500050
775494294461491224
2294012841092562562
2753252680387037444
9607201676345000
1699561810101643334
262821380255330
-175105974421252266
141779551622284524
8559596246049257530
1398415421778852
2684509582366790530
3993336333000
6288480723147046774
-3356557653370196984
413325627864298492
-4602097565433230956
1884967356666457000
11557159049819812
710803830534055412
2042331474743848534
-4651462163398334454
44621020903849520
1522167233392421200
203640902324254824
1234852296006018132
1247051088515249490
178120501822470222
36550831173288020
60746525330866104
5072809855454850250
2101019681283573724
151701448509600990
36918575597611422
872178483132811932
-3246001849129301096
736048044442750
780606978513432350
-1374355842509097596
131706012791296750
146150297345074
-1139525543031930616
549332845948136250
788435603296090750
22855542408974
355002608100027980
8576169270267494350
750018176720889532
8788792882209147500
768863368627778754
5067721259154259704
55099607292201574
585162297264626160
1955431781742246990
1738501610402213804
7984126543881532
370002287559068320
4370058868869382990
1032114578434324750
1592068498370042
73722452267155972
5419990105738057850
576651780872710050
1237683642991844580
492445242307016012
2681509510834396922
79156351588167734
3518593594114182500
30304629784403590
1941124613804321134
287217231326011910
36133923493586752
1912455018461911000
40185655481801852
10693416535675350
7491444976380483734
216942444705181300
5870913014059570
1026630230983479500
-8420516530105519246
3699846960590608100
4736261378130250150
6356917864338481350
78623016094350
7539757951275072600
-4230574581499619354
95704898638712000
1558524631096581432
287708828592107272
-3735064692916332176
1923772582090192624
4946658698284206056
3905130572453830174
123291867053599750
136582735415572334
2058884569090606180
140051566815468242
1094094964459994112
8151726043510194250
5535344548825318134
-5286826722004323144
3336127357319178860
200165659148955812
574523980402439340
-2845492145610794696
3706054639299855700
2123457259994
1769720378064182350
1378162331098157220
2614118520282248560
5056262220338652566
-1453845729552753416
9538768087075500
-2994508077449486542
868712557272567700
1733091217007786584
6007703856185268160
118127030731686432
5115877171776497592
-6603210631628872354
-4401366480585100616
8347203794207147160
1699029325962617292
2787825676879873634
8000044589137355034
313441042292
-5245991630314059086
-7375582652472563116
8490429648285587310
2656668636498123780
2369789982233674
28470322935577380
6320472333799752590
1271505383455012160
198059489051009040
-2914186699212718022
63359546996631834
2130045000364962954
1865189191976560212
10693416535675350
762784325583044
8929795343090741042
-870823360298267784
5465567014355303570
-3598874699288862982
256945690260638960
3172759722509387176
-4443499180675319016
4528423132822315862
5873273743672613630
-6157361273270565374
69852836578349000
592014106938259922
-7317926967375069572
-1870664961141912882
1476001787963306982
-7124297824138976626
395724487031053530
-3495773321839396906
55640704640104780
57623816248021100
-2136510306292825864
3631840654816039484
-2204640021279716946
-3812848069228382186
-8657268926998855296
3515836983403749862
-1763126684892224024
-5181452658537160714
410107595739585562
4380340851866426552
-3077989144976638202
3176996704034388600
4512894470804903794
162043818889169750
-6265027277171613666
1830600476260251630
8904871510701379070
2979368753092947670
14932338916313592
3225372827580121794
29367516087074
314078758647557220
591410675452605932
1092564834395397064
28619396804995880
4750060038001063214
-8921365079366934866
4410924422990095124
76937350914089472
5127949973679038616
-8582308024936002516
264417811894408330
1606605596222583318
4875022125677403854
13324396575647080
6044857795785083002
7657650517064999880
4542878455933143760
-3465147137583363976
696170056303395900
-6695446261167762616
1848639653668852
334129856689695000
561938619718965280
70462471023840000
-461918752047622816
7769841580053931260
20331394414846684
771952486352624480
-9183406231351703386
-3683261673186368982
1893701007890120
126012541977337730
2130675877517050600
840413175000123830
916509098743131894
3268859900863502842
23392390555790
7763183722497996100
428752174390392162
257947815248468800
422811969239610834
2844014328987977250
1092060112409584484
43741865430380854
53490026131343894
-7542913199444472116
8148705953621865940
58480635063191924
1187560278170306590
18134176192344850
6353026790833795084
-7775564852126801746
806322292550928272
3281053639162203710
143993981300
292428002776652
3968876626429848764
9014648688155832750
1452877893368850
-7103857126013191252
3751655882950212560
1606988100352813304
12030871336900850
256977971221746000
5245485448621755120
703424053604044850
4877957243011810034
1609031632479512032
2902638984934201002
-7687632227223724986
5722476131675450
1349491671995043500
-4607874280429095016
1285593454886370630
4631446488465426614
44205666083086600
1426453012153708000
-5254661549589057046
1371235574502140880
1310172873916197550
524262594056488270
1175902130556035680
61042559591255970
-3988059117542169266
4370058868869382990
772099819001728800
1306562340236301484
-122087779866280744
728880505530512424
5548846466896406962
4078390332920949472
-1363084790540157036
157776386057934
3723046171281106300
2693901032958284730
366956596735982044
466122042185326604
6638266152523772340
9381410444030482
312206693770664770
4545105419637923452
5146374799314672
191840616075586814
196946543726147824
600510728671770532
661196961094273604
3454817110361817184
48556736466242
305426221242100050
9033742169130818594
-4248901097636550776
53490026131343894
154547637565152260
204809310318995690
4099737505600086350
186250694116830070
3115720738993467500
35926812208949530
520086993037373672
7794715567901812
3096083175558450
1753036684005616790
-2514293083546214714
5386419711109671218
-4577044232704674096
3938782045291306504
8398713511505595894
3732834
122425189979120
10245577648020
5428695744286010
3774129266294072142
6765930329301000
-1245534733136571866
-4442851704136275432
268064423999572270
15898649362372420
-6512730443344457816
4233544066276822850
2435727967149650030
-386812707410716592
674411516845693704
3616804226791311452
7146422677691748880
15590794834840
-1181230274181835516
-3842271271134644416
19707824795580350
268331095323124834
4146840238273382832
336020642075171200
5401913138417250
-7974826675846454816
135440907469904920
2831889098554097010
2897892436530
1202588401957934744
100092215693652
-4678332601945120316
2740275826454549110
3521405716647130
98238275293864134
59707075900850
3280871016880072
-354664584327735124
672416816209580264
14583926882971250
6274249559736191170
2903235737776082500
97081999637122262
1576819784650042660
16516152447155344
2486518496681815442
204129393311370090
137095218155060
1101096587215078350
33414947776100
627868286073620
554084717614638264
-3929609512853621886
730672945511705814
7236369675311404650
3659140924081500
5746421997141836500
502244671744037352
656856513950154684
-2549926902727352164
27388812283587832
61152476015546160
645403691726803790
2588835043052061804
141511085228295770
14352591098600220
20856513874210630
1931141760328806680
978430968853753568
553568351659351800
2074610245736478164
-8851826109573673326
4279397894315243364
-708262182612043946
2920581632939062512
6033828969805560
144914770
1490065240234660740
-6395720823966199566
1958835770693381594
-7964409341746982686
3743697886223334
-9211868588237975676
1147876027951535260
1985479801882536850
19740777737136962
6092582742350488850
5789031569619077780
4733677480043186710
188057663419502800
4305804933660385050
6946439569869875922
-2761066330856483116
31330857839207360
7907273829820113032
4376348469577531886
3452654233568095600
5185418150069633306
211702286969445440
3731203618197457770
3199404148619013350
92723876461290222
4832698974445453876
113122166430
1292518588003833190
10285946499199924
5035572762108812
5384490196475187224
74510167678140810
96996131152662
3976351896383570
254052835055270750
2196136578835995934
1700853601865672386
361171621780834230
-5095449410283503766
2594210080
2604517569735312616
-7461645770242058292
8936265608987734864
2440614502916500964
5687888998477015460
898235189336674
251152742482688090
372725449230784832
1968676465202330
1230024705933500
438887788159420600
3632840438300747658
-7938332002791762236
260384435416098800
263745721866550
5067721259154259704
36401523687892090
-5749050873538861786
4140086551601824824
7390703715631265484
4020686752307285104
124468483076828662
296044900844000
79838997211687714
26679220593209800
7428462461378586100
3999518721704533858
4676684816145741966
2102580989241027554
222482038175073560
5022863944898250176
394366061463154
3219564511951307520
609530273429487410
47310904783663444
991706408969600
58561119318884
453536406165438050
4294320241405501272
5770027834544975584
93886559883946670
180214155237405212
-8684466132354790416
3963620413110050
6484265723853183910
36141336847684250
5759047079682123920
2786089334945939372
-3563663379968747056
2502167341755004
1169049126908098254
949881431168145350
131842948430339302
-4116949126578230266
995874779270404950
-2409182630384057236
6884268050370136860
17931284313490
-2928877396909341516
77094264680675110
8819421930873137082
2107739480027389390
602465585842570100
114757496385179670
535259230907259754
571813700008279260
-7605571293953073266
1457524301531235212
-5676699671469234606
2772035625209224220
-7808268505666268992
33685769210419340
46124549178621650
722087270154509900
-7709400871934367496
11229663801305042
-8742625253370650322
-7775036756752503646
34976863064745210
4131526448604619240
86928320785475442
705363822702812
-5481640184506841266
351764028146415500
-6768506995631278952
6882731118016600
-3061320057975421566
6677743005538840
-8191802573592450946
-7119328307236287886
5030315452344400400
425397272857468674
3846262140933184
1485245967137203880
-2549926902727352164
-1219834543304783826
64863757360891580
944985551168099182
1404400484363839690
178493386837480
7399929225235522640
-1693613375536863562
24499785445899582
1902003510561287380
6516256876306100
2980585936327385100
5087784659123634634
-1611249062511541854
-5835465996255200866
38957983199942
2326865244646159140
6938788587013741892
125201072217598304
11325619037735310
1057159792188187814
51809045150473100
-4939842593141094226
1313681419238509022
8354673360102985344
64428011598179350
855827155375324510
7038745747843876682
871166199627542
-1516640310534323406
1977413487462333844
-2599713790126466694
1602652058161925082
7993686820594514
207545977528229340
2445615995574180
8534111849528448834
7368277675586504600
16364211560904130
2244567832846094910
5965257133544345750
4719914541366890574
4444604217963242190
92333731833252954
9912693806811600
7703455369986649420
6854665343688361984
2171696700661670
303592999961255050
6184318682753060850
21098087840241230
34774749519450584
3503339266489920
65951150820751812
9607201676345000
-3491012335534952816
26029846360356762
-8901466114254523672
133237909186589130
1699295552389286590
1490185872127027350
53192200504178554
1332771677662152750
-2881269723657509746
-3567051802364115576
11030448014534782
12425531632948350
2744278477656811340
1900121007991806600
1946277908851582614
469765563590195600
232558063872734600
1146978738687091344
2956111374104125160
136703346400601332
9039336238316116980
2574080424014687550
129529515626028870
218748330724
34358873345412070
4143981901678816544
2601681716329150
47428968187593630
465970690211054050
6160681416886920
32519955334504
1363657622532277604
3904633658795077560
252042419914682084
906829034945164500
1393700046697581000
6791230006490872580
9797989586199430
5529147299589897104
3360794070216925508
4675960979023395462
348142100198405304
5594256682905775872
6262291314734
244430621421888930
5901331945115073572
5847333423076371732
8353494425041480
9906630050
2249328169324868632
5826287490114
45030551927980500
824946585404370
404135807915564844
443876521172609772
778504568371530
5487883888982150458
-6387040789163978806
1437928474472804314
60081672260940750
5468764927610386010
15910666733880842
2765841566720208884
7766512116201479344
1977860970130366490
4190146126461772
3480182869464176734
4674539080422437842
18539750400333254
-4778429380638019206
22539821520574072
29474707564080
1626107245578926374
-3915635160916521506
4350626869004380762
82115018052144
6341101096889463018
279196467357649842
-5861782419862266172
1430379155673364
5289125563346341484
765197946498086854
26744228170657690
364936608700480740
7650241995784762500
3614927961570751760
94433887426287500
-6634015948516421026
8669784919492177910
2212916876764569080
2744087775848748940
1325503608857442
120707044187232540
5243005759468465164
678414228541993034
-8051673821835493866
5284656696090320850
33349460072574100
40507732277308912
394075900247867292
238332124104156264
307097108592080
-9092841243253119676
4256557196979447850
2800970949989336320
1127481090108357142
8412843062227791110
7956735314530183790
24108890508541014
28106325362572100
1180757653368897032
1976966080729390170
-5694212803629924016
1780173518732452844
2580994468297891690
114282085896563004
1430379155673364
7225720658519352864
1583753389963304980
877923977831305860
-195649182538197026
176131628750
47547252422413342
6245691436098114
3562456327756175360
336494589632733350
2970764720
-6954414476526139366
8046521234567661300
11070077414201600
634587913860806010
17193901135668580
4320362755421642796
7007490207240616184
610271021493993204
4711601393595673204
2865425616860951340
929225725193063942
-3072434288400954246
1328560726573199462
34423160052615712
259115248744341094
1061642920810975230
7497116770916395000
6500756200092
1121718140402344100
7351491667918378260
1644774303456101928
3275172506585925798
1356893929767350634
761399826159404600
716359242171859132
393942457185509870
6994786357540649220
-3021676633330394594
618526267759720490
2798067269647847960
-8088389189807814546
5911159071633080694
770627441166185750
281581479229232
206941571770688062
-3392819514377937656
6044857795785083002
4272855937567589818
3589853800
37853914776004250
6436062290783837600
-5901776021292503606
-525107054092060456
-7373411042563430646
2704135346137302
-4095857283750278634
5511109039771906300
6938788587013741892
122289995853005050
147187028155339550
5826287490114
68322148748961160
20495627500791300
839393034004133350
3075434700433032652
4459132938215189234
2992574779407643430
1391958599916962
136542549495044840
186707561367607714
8504674741181287550
235840193907758510
7498692822290740
3046592723079151958
5136563511160885788
62425401560900
1135035594983295240
3120127945700645334
6592517088644088490
662509602776335314
4390891377664
3559673981570452222
98662720618649460
1554785158393228412
410841483371396770
3212046893861922130
8315185516718973774
1776729888832161144
159342454075751920
3651883335773442114
-1336011496431881766
-2170601899558203116
153404399064466862
876621508312680
1857492435028556040
11985447896073414
1683847494013151556
1194187888979643250
1245963068354204
394743624155737052
366492944002235050
2881208203974100
3688407122621915500
2693131364
5420943327083765160
3644800000701843824
6287734519747199024
-5477361810274787834
582332287240614
820019180126520064
6043516678306930
882719958844457902
2035306603460
-912246510808466856
3336433820637923444
201791629272220
7266675993340544
1028963582742283186
660410312946444610
124337333797720850
2162079860671623970
8682897718622451632
-838554647932015576
-2382644532972567022
4308211618793903370
70218140406962550
1733901969856176582
9988778760782712
59443824228214244
445678931222885010
317658862348065550
2354794085815194100
3580814176319055880
5124096954620483490
274892963361683394
-3826227757842064316
1177316774825808540
6565694998129218534
504436087244857460
1084557965960502462
5418401682860220100
2727534727818016064
2803489300492148282
98599753207937590
10747054235517600
2779105834192769884
7232818696110756210
5318093073113632812
-283158099329001066
62803148021350
625354056592641380
3004803878230961920
19510972674352560
330294290670358872
3600411646542264422
-6082633128564907826
867184396736854350
2684509582366790530
240905256058817350
8913173650129621964
2986848254390
313553734195425460
-6062569467155184986
3407791497100590184
55507615416869994
940194018499838634
5104021615891318430
88108448466612310
339150017864635272
4673686096933933170
7405950513278332600
822269546602010600
474759073142565764
244026663873515044
101656369637103254
5801036958767974
3751173689504141362
907355392705129884
2667480180948011872
61317628895246570
279255640086850
-3649550167365502832
5044807370186349484
2168431843385024366
445825312762347232
1616584005803921154
-5063560011748377232
4502656395977312980
6076989323851638500
762373877092100
325141813960432480
41811833685050
1677897900463677184
-8614131901688543092
1194579083039960
14538935529271420
-7875547884174537856
575823601848705494
227007199212862530
-4877347034366976724
5245035606019990
4882120286054
8176349464278971252
802599496298219620
1847125457005670100
-4099154418001261054
-1436621554333840002
-3140377614329936372
171519391209921770
-89586955484655036
9026287449629348250
878547015780
22565848023654642
4934272818478478622
29689970560250
1145893520818013730
334972649931700
65220868134972900
24940291008164714
1532859057359787600
1815305408231876990
1753036684005616790
3104200181179571600
-9182931302043776566
-5190154351705006826
872259209255402430
3542552176925838720
1254456019416527120
42976986399715984
-9218500356246827816
441191128059980984
128144091716342
6245224347900594364
-7593810098173804066
5630785069223361160
119702780666057120
-6376618558886481922
392920519284910344
3307078577278030542
1318407117807453800
5189474124358022
8498440309218781194
627936880957110340
2584274398962508354
5479007681038535050
675649117765440
407800519259070
5711270564082589098
8155101401392960
5650427276499254550
3816530089547791516
579022929600801350
69537394509812210
3280572712674807356
2543319103214069250
2624742537345478884
8184569654111201624
17717911920959250
3096885570567577250
25148633982912440
29449794882303250
31705529334506300
234059345679180100
147783051973137672
161405137188303800
8400920079713990684
2490062554149504972
4899124753454841856
3274272570115389684
6334745969166665050
26856793716388220
65243958062496304
4090047131285497744
1806737625961030
-6270275336093681106
472665133076456100
323565682346450720
808379155157343770
2094004553271197914
-7069543115887667626
9011857061037840790
19473644877696100
385953892260041000
-5819296861355809144
10767967739004350
2363306791304559300
-6133273571239412766
104727730061667046
2403108135684449600
749225548856949444
147975014923232484
568117367855856000
205791372993506300
4333945750253908250
7706764540201086712
-3955535137259886196
-5052917528601704596
45275863921557570
1894513087078220
6732232812949840
534556248793189684
1369876013320171394
9041667867100488950
-4686641681464929774
5334363925754825726
855111109670214670
13257873923105700
738693338757256190
-559361694087829066
-8894664210468464066
224342211341658872
1271291199858817984
1021894835074604310
175826466991033040
2053202313677274942
64622678200978702
5771754488200134924
854952049440699522
3823534684270896100
87430574125886082
-7961282626475765966
1919154882709543934
2364990247080734
-8758352327729367266
2260684926430202034
20345845729243160
9008600982265785422
1917405397630723000
-7049028341672141566
-4459678798423476266
161248068800
886554525746262230
-2439267095950462794
26056376820930
-3136224302771494104
2330647041948500
142628755982136242
5368094051994417116
92528649925356260
6983252399503122050
-6745889051313805332
50529257435205822
159166014254352
215451455255232
634524322587627360
102091837564317920
289240896734244
612621178482619110
810058024739117154
997391464114973774
-5220576568080361126
5271817336946719466
1721501641429493000
6251795435352562248
993469482980892852
8374910262566165322
1323366257534287250
381115315806554212
918941175601083600
18342808443897392
1341669551143075350
4980033019930558044
878167368585707074
328272552822009250
100533866036683794
8087622249798800324
6658634123717980560
1373844228488931824
33375655336100
430080675086833500
16253999207080432
-6896243400632756186
27800594813258850
77763827493924000
3001335168783609112
8202329075791469542
2098428863721013418
332991380917246814
194620413761844
1476720559217025950
143231712018606684
116210431931641600
2650447331466214
2025878394713746720
542691280521332234
290388519982997870
647983744496079250
1173177488625612232
450626970831862000
2403798743943610090
503526583111350164
228128511806300
32009031557213750
1789555207325802
329470286649100
3766385127912142750
2646075550921045562
5335027622780044224
133949653375850
1480558440526322350
1103618810079500
606635501187540682
540427229753974180
2431893696809140564
451217583104833622
552020136891162702
743637738515755188
1242110770893256754
5848181731772424
3398826897936579564
66032670230010330
13527122906284
148209890204528502
505346822928743600
-2465734992017609116
27794505758409390
2453915022348373402
2626875680
-1130416297726673694
35647158247549044
34244808245806862
1919884188054995124
1666521282310718834
3359592605752591300
14494048354549374
-3828233919530109066
5219949449605739144
-33202806365445456
389249182396960050
12569287410483650
542173763977300
3359592605752591300
3350501794273928420
-5339893843836821642
-3241181336004804516
1120061737086403644
-1375107047623346196
-8903408847938296694
298503870224379600
-3444021744992646456
321384004395068164
3386529467615331074
-5282500224670439776
69627226596690
10466229487449520
855111109670214670
671023160847789250
1935981559090054504
53122887188712530
63088890532457062
1045921580409888000
1276868774649784110
7605903692438322882
-4136701605973987766
5620656683187589890
10607422865395304
1423653196547327900
4941087020180242750
71347344164253612
3272557972397609350
1620170455938329006
158127829187693500
337562804652965012
251900972
51886792111533680
-8457757764156394696
658839122638103750
421312244675844
-760774181985426016
2453739663374897814
335350073620904344
697807534219376000
-6251607863745048002
1703559431736352974
3878612220564821140
291229767629724
1699828099102138460
4548168831490096190
4225893800103740380
80418229721689860
1285593454886370630
-7409201779050981856
94083930729073632
265607126486625820
8126013221952654
1855927502154720302
697653069547382
8003874465554710050
1181568366762192500
2330726806318130204
5935950654098334870
7792760631677199280
3104618549919929862
-3236359676447569534
5768825234679000734
35179856357240532
811051312407741860
1091513801369010600
698572923448714298
141104702882000
-4277010883114725992
2702751443940724750
1452192515228356682
97951507500
9164006547836947340
4394101160964760
229102908860344610
19674913127085750
51489262108062972
3505514116617152332
3098138584778003494
4046143254476977654
4093556237531973234
-3439930380177401566
-1674347998129830844
20374771468268800
7455867350605061850
-8380644174005583424
1265945398650019334
2023577624858790
1272224308451748944
1239889165710695500
2008015739582020350
2275074547540085884
305830641546311644
446557761416298042
-4661703154182344702
3169978735223288452
1018263385029758450
1252866479764898460
5948205310913631000
427332198674185442
272355090356093294
793236129675413470
5266909294640452250
1929530512415961142
1047680300017603630
8593289454099000
8690138730519554840
1948194600753829190
-8453736694531257404
2233435296623253800
75781037519247060
4668570647191781484
1347477011472103292
1740127195797653910
106774259709250210
4607911165351985514
1827224488624938130
660541372200413774
252583733123964620
542572722491116394
4696206762064994
722998516990919862
3428568638807516358
2325517464512563000
3049345594029766564
284469368129326518
261625557974623640
6069966166252572596
2748165548416730734
78982685165872642
50940642878372
20125103691611930
1474086347389557454
93160494956561494
2763590618054682350
24533035232464550
991409307350
126694940189722100
1649401644168462100
-8238366056882578204
1013213357087021404
8520314324909534
278715821827511530
1051390116678730490
3548792148588107850
4972357190117694554
50367401450312100
897453399450942494
4605824750770796410
42278848311350
369408590567875560
-3249444370992732166
4253315931997077384
966600075175783932
231451773655375130
610676692500
82656374615322970
239457407832162
3365367087846682114
637860925384694
785371737992057150
-8821069540960986402
-6833913627055770766
197435763995250
74077417255037350
5449917507915466720
2984911805340322
237874814357618944
10560200679705600
1050554550311593250
3198285323538890
498413620600318500
6859213380390995750
9893853954842
418002118522528540
555062300872795500
859433742010844
2004095834909894440
2641254152068003934
109826307015572
1779208798229144100
5329064565431485802
7867282728798993852
543987710498451844
3324000541034826640
3197692755923040722
1334880903049970430
4820981999382340
246645707784253250
40588553073393052
5115877171776497592
-1073402019823233644
-1799276456138849326
6506464407648643200
-2724375596700506462
632111393570483750
-3510729021729620042
-3844943905770054066
4963262813210130
4230641019495357712
1703292704444518460
4780060551730896250
7251377115691177434
47556360364438990
17613021589464
335744403978716824
49770970638044502
4762735275884085500
40653296737798600
202585513275895022
381549348741008602
27551762644019530
8377552566321637790
124337333797720850
1452429172402071780
97113115454655210
-8429584776540154516
1204335503465142400
103978674673845230
67999996965066034
5186215166499556112
2125632782186991000
115695021449636244
3340545324803999690
794816068522335500
3115301248662669110
3256700181876392854
10185208111703744
2614188562988035154
4138788712056036634
1556155516143743550
24070606520351560
9354477860368942
156430137436518750
6401076258161137490
7369877840848717090
1964914771023688302
-2507159137068630374
17215145656827300
-5236077919131846726
609777114481232880
4316241189592945690
-8618600951030696824
7305676744244360350
9169189698282817550
26215823257017130
350214147204919622
4032636300529372250
107427319917990422
4579168171257966330
1959131979614685590
350417785728064692
52091294219697810
2635514175775638850
316110031549644942
9101979989749879722
3383181422326470954
-1529327532788026064
431745639669431250
7057316818112993250
785297121303467150
2901246919399925250
-1624626023848929936
55569011509215512
99294054795343720
1529165880074391350
-8417492413537224176
329204505799866750
4258678047038716030
-1624626023848929936
2455142798353122570
2875682663745702734
288623468873404170
305440532539884
211659338816380
2416601866298167240
-6398613127379432036
4835235886642584250
4096903556089679500
6677934186056610750
1645109942204411852
-1266677994565285164
7682698920984060
1528741064516277464
190160911746154594
2548316017844612104
1364334961607331142
9109950541552767680
243654224583645330
11045462072572
2921580879641144182
4602251089788352
4220097069886349652
2122799978222896350
21076865261270
24432178577380
1521922103916196164
4590976882385515188
923041322692819314
159071934817414782
-450980404331872326
590566646504550870
-583844167294516
663166656048583194
105874943590333390
166645561336100
121643904401869850
1677048066197777664
5767364392681457020
267365357448659442
688228582546631742
2837946857009366830
-1107627452721098024
-1533803672984114842
-5836663091914154516
4258897504090629398
22239556486300230
-4983272266125083856
-6811390734160329066
122842118849142
4158586559009042144
1514215668549724140
-2172776142643322064
3784796948356939004
7476470724910212050
-8599224062296367802
336929481833776364
-7649324282016834342
5853726279721462584
340065196165584500
-8168204467996252566
2110273174522440
32794548628513100
6575973228420062560
119939584349889082
56005132582522888
39594881008498550
340463676947798600
4693619485042210800
315657788584593800
978336964135515054
770480319292533850
6437623695091100874
21638853007200
166008832927391300
-5484695517963396516
197237574874145722
501924576718012624
1199817501500350370
-1351808158699414276
46338571781251750
3387869381277549952
3614927961570751760
5051077088630066230
1611972623697199500
9054266457990018500
361879844890732
-7058457490806993696
5370280036147300120
27485287940685040
4454194667723123180
3795403932695650
-7633865829603460316
40027348700794
1495379976299159370
-7485373083197886114
345748856737106996
4993165624286211750
877518439007624590
-4088601588106799846
3881688610083884194
608235686427352
600754825284127514
-7240337562029336816
3010932463714957490
-8886886155538784682
-9062665713802039264
1457405658129682184
2251300176941310770
8257087737165539440
-4160377618250201936
6190236871844480
10422397036862360
809141953855984760
17360130963422492
2583362993720257364
1555158802530869250
254918113194798704
4881481133067158400
688483811965530
-6676132992928627426
285012835189097750
-1932300213208530244
4392574857272212
133395778861799454
7273932028969883830
102334367888796730
8613502757229500
518554919172318050
1694109777204812550
8940889379749652494
-6483989783276979066
8135772215111961420
7594440105414370560
-6365609988651156616
2437472315344534820
4478927093715985190
176156877530704
8535451713051122860
-7466502214983431424
-9143924910499807444
3892721951351075024
64531015519134010
5367129836458190708
7937684288101119860
37659255341327604
8180242466172893144
1621866547153079904
290600868819099190
789858479009749240
7268902360220292
3350867059055427484
2291179886731362550
3997674047660320594
992224009013515240
167128218912555180
658316016077579442
3891978375674584210
6770151395952322
-900747432730206196
-7342974946748520266
5883065813904788600
-4351983139445867662
-5874925175938450676
54411160669916400
3394351236739010354
429605856665159850
13230342100364
6798005504894123534
-7824065840409987632
1346246941043027914
218328808400850
3027321193652320810
3123909271338498720
198325169797316430
120048996779261550
1508729017399086210
17975580427265500
2003041457246293822
-8082190616184528692
26868663357212600
4037603944091852
6146523199173825000
1019079616066904042
6660488078775169430
64967283221502572
2476262121651688150
1216722188938436180
7171083826636015792
342221154285801470
982920242511654920
3052874529278184
-9049230958153928866
315017941921110320
2317673262810506844
3648104273520135850
1558399873439815224
1319974705680376548
6043369411445381234
55222060505320
-2277605116634613894
345433989357103990
409085401502540
3794514450495548824
312692623342377524
2392938938719070014
5819803244145866850
1232235012381760282
-8949461677586902774
-1342782834481789002
1186992213626551096
591556397353520884
2608055698170239744
-5588255946422605766
-2182919730261171176
296448839370282
-7497760688344062466
9101979989749879722
-8996793945956807376
718241522879655580
-4682807189147404606
-2417065990358366726
1330000190491357000
-9114350594323432606
318871654988236350
86145413250
8318251763019622550
4156205133761804970
4961590507904030
-6917523758560157772
1291976556801775520
2525174318553925500
2635850334427842
644631180505599364
380248360948542282
-939055712231577396
1238838549501833350
5025810535631974440
3441237367280597234
-5538381050238887984
413648469435597060
492790926887812
3726827371581043714
871066659478855278
-1058174463556854814
1327786114763080350
1937928388851092
8392537432986453782
151696452792262
46231467593433984
-6640853405504322152
28002095509596230
699129634982
-903047700676320866
261494704988086570
2714757315497392
132215169155883724
644052252350638912
3403306983752058174
393142510363737134
3255197947391544
132254396081006180
8306636381448750
4156368614891570
-3606315234115089616
-5082325391304255722
11907622974
562287008249586750
6067009901978932774
356568346824935042
18311622038109750
1790672898541978242
652754206300
118018934855740534
2827794708983183434
592497184506885350
654923412298790100
21924024334590
174518680001661020
46571269184358100
609715397190948882
465768944917774680
2183689819792733410
2849895334407112600
322301256504598800
1184104537094553250
3659923591003587600
1008326795530957210
2528400910270185132
2752296933243388804
8086335464832293110
5214243842227594370
401422522912059814
140276946920274780
-201177085270157894
3024448347977238000
95029522381763970
227861448573687852
414063829309168500
583966385523643430
264615753074107050
953414774279898000
301386851605188676
66609642436260
1583248358177117010
1204438333389344900
1821047308146031000
6515444055044510168
82367206100321142
11888545172309624
2093537503528996980
410015928966463600
2859913970070251094
116799355591100
6055554111966019920
-896146218238492376
503580049283035452
417605104
1606605596222583318
4188673272738504
181653322106005050
2342237512147887550
250265422467266600
5861135081997508040
1882091255089780350
4984738086673996516
6052792414446231300
251900972
12746592632664
1924848978340947750
172403120086548024
9132953776276956280
4543047073698191134
7427657580625869370
336970272601690
380941806358603490
2737609825922548850
345031152885593350
173699010058131300
5340053025053661992
286305936656972012
8294338150706300
7876109777120408980
681666411723000
-311471671441946304
1073478980017243800
5140260884914210512
-3082154299477832866
1412958735135302342
46912940500230662
674611230705005020
931937543749049110
2319123502897555662
6343321746482545902
-3781369654733878366
1110935891996819812
903817041942320
6263594988629850
-9032897938852754176
5704708360841383810
-8371542723192856366
509541312396951340
-4705163767700881396
8857935550805966704
7803612724905643800
6434978104294947922
1014370380082736600
4371951556842293074
906164282989595592
5176078893937110720
-7580433489997296566
42640279485041364
-9203336777981317944
251501977239793830
-4195836535789703366
738550813543434892
765490696987466100
512948186884471564
18970371132145314
1560022307318863570
715036893762745750
645274891665613244
35013047271300280
1776316989240514070
7908117382960487630
3544736576842384
36685600190391614
-2276162653616213496
-9077523099414159692
20039324322424
7474044584865269580
67524830843637414
486634845489106804
933890326411985762
10280169973580560
354016380948568800
172187845440188292
169478446387499830
4986596079692488870
4588155409138826534
-6650534721308353696
4877283480846924404
8272783304230667530
3016456201815140084
1440631696596018630
7248883464599700
267298851066206850
2905757080807592
246583105695994760
20748729553024902
652754206300
134088108820391334
-5487750311377274866
11251277610831610
4606949680294841880
4895301422297131300
30161960245636934
-6951064438264155302
-148215617535887736
898215733314283384
15304294727414
32056438123054202
6085054822550
372316592530534
644695529939623052
2773380931466733784
669962783139269690
-4093219167220931452
7320393763960032100
3177884844243032
481651236273604100
-7777149020651260616
21542225383748342
1618636681661683082
18860740358614
2010883919705164420
363762140400053850
32423918152552304
2407479099853100
1960675423403096538
46115647689569150
1239678989029834210
903011700816223530
1099542209576111576
411922828412550
5333400734654632778
5555364410050
3736248733466014000
124625958757650
1070369542680693112
4699897412612845564
718381098484034414
6506006087434750
3829897333051264084
319517361811938252
2636624408070705234
59951526608037320
293372015227680312
3171903320297362
186212180350900
2392422724664079030
182026919153656850
1465013451372161000
22906247794020102
61737295117810
1760953497537307374
5458861130868556068
223207285987458910
5191442688932538920
919773616323562
585222141028488810
1714499599462650
-8539922583970761866
-6620902521618328322
91022372115923710
-8390749663469038154
129259362725179360
1596672573514818800
322148244976678274
1692349201641375996
-8720476669580469312
7187952650179378000
1216568618492304
756019208066592250
93768010
6307198884000
2808337054820849882
661721783474310440
5769361887612237090
29717762657299332
3223220684020903164
5981394474807428336
3075226987338273814
966861679813703800
954709920421939850
918829189293600
3097303199732127072
15302516753243720
499741353812778000
7509687205178124344
1180757653368897032
12594632455860
5280293536403786824
8238804481671580124
693379367119686940
4771594864960
9487003577317994
137045511339995440
2589747895743384194
5356725031681197350
321995287936538412
138339425631331600
5389314202749375744
571343327548851600
5032192095996100
2676265437123363800
1672958932584275350
235521908543510
325681321731325340
3161157860676970
1644750098827850
130421349982170
2707999542710
120469104698648314
1442678299214697466
894837024091581300
7184659320925730
2334626352958986520
1477440384940
1368899020639304
509002103400629850
1019896337718493274
5620757186273938154
-6312198786220244934
395947665102293150
111598662372506652
95720289814868250
27630479032485492
656487595876869920
116513368609063272
-8053744883864360452
104158946580026850
426293127000830100
5997121861090430
1905482574439571232
-4050298774124719132
2573171716582012000
21436802798097484
710457693558302292
3413192577154876434
108235193483760750
6751432525500692012
-5761079451159739016
-2295627763056028494
-7950855190175565736
2882206210417791730
1721904947705089470
45807629569520
-8002395060830426566
5250267271428062
5154626902133057140
1844717471938428780
572402073935734350
1039829544050658740
2980180167151836740
1839089236411350
299084524734100
15360972820473280
2870353458544201940
6732347127647432634
1054551199674552580
148904009435610
965479006228842
1267974813054303600
5073452349629853734
191503788513248040
31752598437935522
723341027987790
9915503991915984
98159824842279844
663429614154799100
1015998649162833350
203451170579476990
-3120988261875684326
4953548553673709682
659427990090137450
16999372845865102
-6576349589716744476
541528777262
4848373388153514100
-7593810098173804066
1147479320889089850
224283904984989500
44089268738130
54663511614561500
66781499410072890
1243782839767263234
625291160583221132
95106089109207190
8256216416574782544
4460779940506598032
2960550042102853134
4439404463984468510
22154183276082
318340631694081724
2153162957575912702
-4051620835101429826
5108920176250
5489771619929702
-1399132524763930852
3421331835007993674
16266217451572550
7055380618975181350
-5727377879761765516
-2404164433035406862
1225331733010424
707301456843982
550303709552797382
687958285972281220
21384585690000
745128352907267450
2663188903801449920
1217042514423178834
508786539673358480
187878929711026582
16107916526579794
5291206504907099854
-2477170397143656516
3255182605830948430
-2827931607446800596
6086723381407441904
2903832582627938570
-6879983318463329216
-3491012335534952816
7799020072370006040
9085118440366632624
1255622642755047210
26615353799034
6841791521528381572
1290893005855063730
5961502591041403420
3606025668938166754
309043405196491680
17411520242090130
149628724286300
-6186688671341630074
1554411581588740840
233548096803647560
421593936130717350
354920343895191382
4511509927925950404
-2987536003857739462
10358358665451874
60070818704215410
4640298576517164
-166409398499818052
43154553722872592
188799490528011220
1023441138993668850
-8649841654914963736
84197505784637960
8458443622783562874
-7224990483359310062
778899950294550462
30408706906975950
1497316128095394530
4978244219446309000
141532953356994274
3951594137329880144
172493192814250
381983752293553942
2220879388223214180
43853185988445960
9834250848949142
75175685254794324
1493227765767500
46062265808840682
2395004630362011740
6682393998315725872
139130944777583484
572637550597841372
20230450654276500
379599116109694672
97258657190500
226155354032842460
177019510738739592
-7481600856973055946
1045274189575395430
3007254188623138874
-6458078832888590616
4070951371409195350
-1850817039815734356
487886767249440000
6172051110619746660
24811434663377250
4467097676251129500
1280956286073261604
1132971522127087010
2709545217114811504
7668782217236140
-8960102731245696266
5934254484063283384
17831116941429974
5729841685415710500
21642988893151872
139662913723688810
530823308957062
5159218133601632100
3576410029104617304
2244075815859686600
4967596613516366884
304728621966712554
-4830491734913463522
7943003090750
3740991231826590
6221231140914632570
-3008445149485138652
1816144836936036250
4163499900378144144
-1638737499752530116
1547698703857224100
5982345591992019250
1848968447405124850
306751272173315844
-3289334907758422616
6452341533948598250
-4721753872806171294
320926113226901490
729542615778542350
-7894936236457076312
611878291652833472
704248818211492932
171352582199980602
3431858972099507530
112022788332
741476705770847250
402913133155780170
135920800967175420
43315683481260204
1087317250537973574
485801570550513100
6165696221955276424
-4735779917115329516
4969605142877519214
5068276423567106750
23885303882867350
303081180142327794
620274831730537412
421547141321295990
701776697884842294
7925425100890614850
2909606828384220692
191892475110448400
111476114024
125144604683998900
4623848363552521370
12011388367502370
1220652201909140
121938942001509154
3520662115686040490
1140158770518950534
25314184855414
5776023951594168220
1214340706475161300
7818205697325452
-6909127133092062202
-5670656479987449666
6395678808109262280
4169238235834619920
-2085636347750559284
3132636764439470
71966724404122562
41675011743599850
383289188769225662
-6196648019132374116
3440436898822825594
-5669447584353021212
1494896231883332800
1784312479484892084
81818508636045482
7877163299649802
6498451764353040122
2347152332457769720
-1366090949909997866
1391979913274236000
3391490764480
-939055712231577396
1071876303832948320
37969184349202750
-5664611143886454776
7406753629232969704
4692478719729567550
107242820991757724
6005973609242121436
727356334431403950
2023752889774826210
3842209353072795934
1286241501226610000
-6592928816203977766
3431767739843300
1190513794535897560
5676038919440665622
6090155130728598570
9080906716065866592
47174951825112224
-1586703914513614066
-7908544520139555616
5914666456656204
3648506952559000
-1803698918128933044
1649792214838352690
1674165323222550
2361432019036019162
3712030924608602050
3820197196568748098
8338675787467760
19186167457042630
414156173967313750
-6418844676395667026
818868190731110
2013755171338510600
-1248556393236206752
-349171593933944056
36208108377965342
11620342268773042
5342070507949096634
995963948112207750
21266939573846822
-8174364417812252704
56103246882746410
-6703391871389415482
579795125065728600
3553840925432980
251565513577927164
2404564084442872
2221268106888678104
290912773135917714
155785951040328800
87704135663681784
-7101645664237754366
1793166381186652500
-4093219167220931452
7389887876855484
2022235696274944220
2735025234751054
3320698973069700380
-6385883097010931866
36468655335046732
2145224769800499002
-963540068618741252
5767848875890597354
536183045996731286
-4896939622741723712
761963594267870
563740371117350000
1038908835123736850
7172259756858142100
6810063352039488030
1987275662384373152
-5479806725185947456
1516903471077671600
2087783644932186894
3995603327723775922
6692808913918830850
1172270327725742590
48224782372806494
2706524183098516600
-2124166125438738956
436769547694401350
2277717710884260610
4175505000969630972
99734677334930
56062015655817600
6927323965352242972
16384682602664000
157791669236654600
-2060154785170059944
651953186913598444
-5432681351452919866
677345101359130050
1738637032333247172
47111607482261190
7362679149112707574
1857065537042719850
1454560388829432612
2473438369084507790
1059960080010705504
98662720618649460
-8961553090896683874
7633387098696851440
-3217061570255997816
4881774876729154650
2333494599533370
102463893945997654
136884412631493604
122737786951494
65365452600050
96368397314655074
4583089221265370440
159975007420501442
272895022532693302
49988097807993800
447780514287907892
3535628530280589050
-412656890901707776
25667139560792
2692487214393834
1999580002554308370
582831968164072550
1007337152079843222
11855110148000
520306137545234194
29916718279466900
8189136234254822
1273648708238935490
318302726855093500
5090651906859431204
-8708155530415437112
530183957343108600
1072011086361474
777936347558993000
270538732701259022
68873634589543490
379209968495157430
3042952369783683000
2157458728346914300
38518797562102
2177911397234144572
4010537859500293884
7437320467662793422
-3823552554399905794
-3799459199588479456
1824976425825144970
186069643761652
2668787250569296740
6974803233624204154
6874185897189254
8995585489796694800
-5306591416228757816
-8555895454657114426
1258836252568967784
1640826620869536060
2374597019460264
-2984746513905084516
-3032116532410217254
1312913323542268800
1037257014369474526
5100377901559170244
16132194984317412
132706133372894424
81122900676400674
1163728621422985800
43137618885060350
520251344926936350
-8759825760235504152
2410713016275824150
4314184013062
243003481852798100
1640371479748500
12966753901004750
193740292762230830
109694018754361484
203640902324254824
-128424368799346636
2367059684534903800
152202118918068542
-7284099625263209336
6380870144413564238
796322965301987550
105974586030458250
5484775548945600460
77434920527430
-2286257868267929116
3152141475207399624
331855816959908332
109634519566000
249064965650267932
82918658735876002
2250971418994574872
-3223955857796661016
190599149544896950
334719867673022000
8982120031534122550
-8085290250639663766
6366945538599207546
71470899126117502
-3109900364565540366
1824833053611282
16176776759132550
89373629874382854
3462633133084641670
102983228135654790
2114679827088710
-7798254417984600516
-5577320201016652496
4699328904130454858
3915825692600003490
-6037751243042792016
97097556611074310
-5524365732176314116
2318337730024162
34529292255222
1235481063980667350
307120105793302074
7186774790744843652
30506522462121860
-6146790540601539116
219684796099545924
3946289589491638844
17336915712
1538905628490225340
634079317485785094
1888023761240864
-4182711308817118016
714689211823867280
-4078703024167710786
15810729853668492
8860691341899576942
7147204592308803764
387664820772964812
5299324225189664422
-3623215140359369116
3514000142996458570
-7085049391904499016
3561864918578370544
7718769220192832074
175365484585351610
105526748311679160
-2832850051654596764
-3777347481494572652
20063046925653600
1526108085861060
718869773303750770
-3812848069228382186
1468805154422968784
-3091175896501266744
5102503164409390810
3474745495773430016
42180542700494874
-4372791970174227486
-3407852397423023034
143606920867685520
-6736832680654606444
10598556666106150
1180319049066053804
21624
163212000200058700
4438051945413335094
-5834268815366579994
2348848890160759910
218811154780960
482518177044022
258563467997065660
7900527833951980304
917347199924684124
814573358975865350
-1655807931942773744
30447804858142100
631540919795448674
83043116216732644
-2447139361490306092
-164827869406414216
181777790494811000
136361822580276500
312617828051273360
1237095203211751686
651414220145312904
2159210698728719350
168723694398288134
3360050051947624
6691320323984269404
5833064258735140
8926561528051655250
4501827045968626374
50538790507893870
3796771810126750
2657413203294464650
1496645889159018778
-5678512210788862732
234571433458409502
1911768510732066014
672948303142898420
9884624797429250
836416408020550632
1468231906367224922
134266571267848800
6155955783119213082
421079407449394100
8667525594038473890
1743788930908332000
1264771588537446500
6748810561499868600
-4724304862740119816
-8200001077794224154
4696206762064994
2692396747538692350
-9016543638521480336
-3143838061755136762
7265616211559930952
-2025160255423359616
1652137095702755354
1029278262639957330
-5952971300333667496
6400113342723100
4810784004870936444
1381122681756347600
7138997688249211750
-7946160307358325796
-2390537675247257816
229666185278246040
-2081270191952148066
-1529327532788026064
107226060154433500
61892749914522100
198458110360136900
667317337097803830
961987140701392260
645146110883383720
8723233333341971444
314266427073620890
15397018252
1201972231970796000
1409845553097894054
5733154873649511000
110306876499892
-4297902688198107576
15806742196135944
1059306182519477880
-2452147472989256526
1406594153135047072
160820113939850
1068582327722066430
42305554925844344
4502103483240495132
5581905026721856894
919277013944794010
-7890746421984292076
356362033235725972
217654111923966300
4794534352497384000
1114230267049090114
46849860247788350
-1336011496431881766
2369279403121663890
4525092193965238000
71569858580012850
8553331640081028320
-8316804339374527276
1336436670357655790
2748858303700230040
15663688182692550
502031258054419130
753339618392539360
2706712923678079484
286867718198930
2973473437716887324
33272745245627650
621338267007097220
2110515380713711384
120853643570076032
4502103483240495132
2194958549455173940
3036569203783185490
4026279275416848434
2804652188694581500
6475910492627129750
9720229066406824
2112123819892751812
5948886681068597182
-6595785547292893616
77508779442550
-5056674423626223414
63341250
684990275498937590
1570410807812303912
793160953292910370
1334223827273414
5524125907595024
7495901115343951002
-6523638303990450062
92613973152934
-1585215467702532864
490922216923688440
2104768282082004000
1344794307435957840
211479054511768604
1514826218860404410
3377384025332537500
5243625599317268200
-5814503022069214516
-1816224442131599516
5337253674614933484
6039640196108974
163856034111327322
1947457244105405970
1022550085164014
1901713803776022874
154283248056059122
438164797117750640
5859755738163299334
-6580924905374735112
7076312665933197610
259928294743867794
-9023280340659184546
4164021322320618490
102257675342264
3112785196148954704
4377333680197272
4985690666621164264
-7439501577656856724
808607938112116692
-4946773194103939214
8838204521361027890
-9100015153692243186
5000937997982166254
8649918007075811180
1735698334722772
63246667857107154
29360876322962184
-5040388835341728066
3296562564825542390
120816981212485250
2950268030731910350
40734335203917250
810972947157080574
-88000444320171566
185668140063043850
5929490557850598600
36282407432918882
2391962929092660
1043149164103005050
1570530430392
3928039918689654040
68274350481667290
4351514746512850
1901483530040335876
1977049198070870
5620983191880346290
1074610239290919406
769745025881283760
927618385720786760
1456208780171600
64459896122644
800834422908102
252137882491701360
16079626306102450
7976245120630374350
609838836456810480
172427051945830332
-8601709878626942392
4929240766381493850
113027276675350
-8218429738127443812
-3023765037256334616
2641810130791113660
-7697193265110918312
187212230752600
271417598072810
4996153925820715350
4560437967108048172
298792941613261460
1848406529388664684
750948417264122
283932802433226730
-7662104944340737634
651025182271085050
72377718628130050
1115977311314756710
6013197306859810600
360172564341189730
4653033340271120
-5877910729763675146
-821634266856170472
3192135471040912704
4111862763866791542
1130910265703408782
-5190154351705006826
1894522993090
1540141817184284930
564380742546209184
-1948414335866031266
908409286638266490
542491630162300
21481936412918800
331503991838665690
3475089694760992
3087873609440074
172318018600
-4538434267795970206
4284027317300198984
-2495739839915100366
4802944203172249470
-3934265389566605732
12135181107639682
8450297560462940
8380195495267555960
-6735134026059617766
-5638591748574917694
44577618762973450
4700753981334433400
-8924759351744916176
117623217912095610
423750712248191244
8204930437722014460
-5579750969240921566
-4166292027995234516
1076271628200789554
8003874465554710050
1027999263780498100
-2005451218209619894
7542607149207970112
-7382095565780017406
300967674671413750
5748414049872435264
48677384531597850
-8408415959118150194
9199410618875400
859782924
2671029058825162414
218007687480440
3759860286338784100
-4690475372538835112
8853689879480182
6598038639276600450
-4389032830540048586
51673198246386864
7905581091424940
130536649739081600
1988773143186263742
2500983554755444834
1155333348806485310
8707453523272350
8154315360078739614
9503327445490762
29679370031302084
1111746121354
1085128421055991130
3514945411237260
6453571990986929234
4724823377910816164
1929823391559526190
60790314169794850
292228040615564
3043591902170820
136944807993640970
1128655927662802280
3811565091339725484
-6426930157398472386
351764028146415500
2786733920397350
6304443341438233160
444665788752530
2770114608218637680
4744594468252969022
918912522304393244
22932590942229122
180016322666007920
1942889924047510
1365577405231439180
2403940423510053594
662049956079221710
42422483516691300
-7076744430878695316
175680795536125572
5529792341017380870
-2492170051588531546
91408355769661210
3675569037578294164
4934568941475217170
3488816501992070880
1057719405342618172
4217200942152702284
526415072599290182
-4090580686985541366
5963208981490773390
9223035548849962840
797858005073250
-8681501921693337016
20525895887140
2201094093409654564
170805352006896250
-7242528716110658686
4261330224010429570
-5639197301569974312
-4426657492064391732
6199766708295877332
1138974963054382300
714133184471429100
2806009348798404100
491904036465990
1228160360417533620
2460937092036731462
1287970822605167624
8562282130349424750
1254562042477235220
3157036743819731234
6077681728379952432
514141904090663030
2495740924561978940
150477564809572
367631785864722052
520086993037373672
2304625870981590184
7244440442403164
-2868649377354934552
-3640775727137999466
7706764540201086712
417072945672176710
7455867350605061850
164571292902588390
4995117008738760
39706146234789762
10892035461580
29095328473318030
78583668756118722
1000698472034327220
10858158875524
3511934557954985050
115358269580307912
311945274090909914
943015389413644430
3789896306751037602
119536328507750
98175511172339692
739477596200428800
1750960204259602
823042153560722550
4114110765808819384
8805240347191110134
16567177016922
14580173620508510
127119350
5945247549665732
-377407939039816246
2135885962755867960
397915705061446880
-9043468791962247204
7700147265568027264
1473653695542
1036885427798796772
8017929111701656070
-4295292476774608706
1125991516033024
-3918297719731157016
-1049795042021117826
377799114
1390375892455367084
1201253666283709830
22911514607067100
6584057442726918434
85816800203786470
136643030927467110
164548183555042742
-6012303482776038646
3550411263777127962
74357216329645172
12008143507980270
105394328662905100
3062576371837236100
2347270128859786634
3654955985114207690
7567878166820079200
1698896224480649544
6150714119432870722
-8838165637389858632
386170646183630
4360334750242471000
-38767570984962524
272743971696014
1387629368169930312
2300688978810263822
-8686935792365023286
6989017594041236560
2779922242800106300
3623846727036301572
27232581306047324
528241571737206250
63767163376700652
4193295066020968
-2878465865178532224
-1087098267326792126
720190149467250
6275552055499034
5036026026970340780
2311568768530230132
7955887874789706742
709627480604422550
80000327672260340
2901429170546736704
491814595752702250
-6063750358009150242
-5913100121418895316
7103338887554492
10147980117125580
857639322560122
-5948215570598639332
6382859852119516754
-720628453179927154
164409578575107054
1594921933365084
-1999608097938078266
686135866016500354
1527050879643732616
18993241234843304
1889720129281910940
551848313716065080
731663061034076600
3970889044653758920
287743966813479820
3082919382357927490
41133176404422410
4646735277887269490
1086242188734727008
521545635023452604
644566835888911300
388148417145394950
183978921833384860
-8207170735576231616
78956036899878600
28420761306844984
7485371625482066814
42414123445724580
5528502314596346800
-4527480137305256266
2433833661801542
-7827223194949362766
1170658896364009382
1679353274040222
4261301108616500
8321318857256832350
-4050298774124719132
435329695459624750
382103561484129326
16253999207080432
1783760201470113542
5962501441102154
161968998464
1134445572340943920
5109490847524622234
3934282663602275140
4865345635528201230
2495918529979224350
-1396881214195194366
2371500682504262764
818491632300797884
3190426995434071380
4545864402108267404
7403541557280072380
5981319250399058412
-7261687610714088876
409466250991346850
1006707758381360050
4905907006708897294
1358109929660940
544384402622787610
-7828275490036810396
-2235011870447318132
8223277487899474
1347588877839898940
2749049254099874440
-4265249080317781376
-5897005684190793914
4713330445865579630
-7753896864161067986
12721061524231130
2906759541614195524
1750312947783799960
91840322804837530
4778904065071785264
15750994154066182
101080403632390
137509462268518992
-3854963018775079766
-2980561571174021032
266767246573180410
14208490536836360
4327501438644757254
9086054578022279130
970179936882704240
-1329238148037077406
9745172853007750
4066595334894124894
894153579536049124
90681945165638750
2335640100904537350
760671042493176410
2283859718306470304
1514704094030065862
-163246237695352366
10472084242942100
178881944391132290
7085630733131546310
88267667482637500
61350699571851144
1108324979022138850
4704048514991289448
1324261361764350
199283834204343420
427568615995387062
5212700862209676550
12273115274140890
77081964380
70621627486815770
751760235041270
8710074866314128322
-6073784520813859866
1308191477250420
-4786693109996216116
28750315993268760
-6087350444946509062
8172105529067550
3265816784281200780
6732347127647432634
3615535737816149586
-6634585850006734174
19660820752368800
199283834204343420
336415563577783690
121846685164541414
1300124947126402320
898876107632472580
3101107642029663056
180610309512598420
1519717270699121670
768716499419198750
-2537105620996769866
4635987652835525014
2294346302473957760
-6574061435774167106
5548846466896406962
7221385541526959600
1189698481773121100
37593608867711274
724261666885694100
14087409166300344
3856893188124255718
1173379151416317080
1689798406656184424
578251505724548502
151452084955600
4859195373944883602
81653068071250
6312275923807826350
7619020820712698450
58950053194382350
34489020947654
63710432710790182
2849306823796814172
5654791458261597944
2740214945225563498
1693495640763864
-7495068624318305046
7023683761009297270
86513809935969570
555292407320448070
6844819023336850600
6238160331038753154
-8372048521204819166
7516181352712945952
2472282626354814
-5314614460550261274
2873429918502220
568410071034548600
4555021320344532
1032755847264250642
1028455912172039850
88499643871329124
448760523163601922
3903213680537472
-6904086956852022016
-605216955404508732
2680876754204000
50548324929431970
455021171567359320
4813399403653764000
44734014796904524
3345453754393997384
552306598010411972
3175491220401500
515120130495517184
45135563251712362
134862732906406750
1293603162044158330
559783358381577888
3917319779602643750
5368094051994417116
-6560325564520227054
5218935902319230
5496324945464387650
202058990302
-6883348881008171434
618463887499940090
-6619191270064906276
5770360829629930912
997302199434926750
5704048076157262612
409374691756733714
429226285089736302
66125927780447222
8793816049727213934
547793527177796400
1462903293366878358
50044856324738704
162089511424807500
1425986089686675630
4331848054224152
60702760152875302
726229855655311590
1647970144991892330
1285377493866998532
1555321169426600
310008435338299880
760598192912119510
181628436100689930
-7125953966347983272
134329865100
77172811510067550
5467485593956518640
-8619097418012770822
2891516475539192774
1172322226964350
2103205756010607600
-2696815333299941866
39286160751508990
299775169174177984
612435393392397584
533330082685050
3506659977822523802
765124771997708500
20423049559435600
1360252785415361164
7315220387879690202
1364786661152533784
527189371560430194
42749764274000
90608065845201100
5063142208115679290
-7606105666533064014
-7464343993938231482
371106765948770020
6213171349567046576
5393007664568780
952638319378338294
6007940740958356184
763954693587733340
-2473597492517187346
240260029350900090
857340284122706692
4509018553594904232
4648150828993037760
196543428377080
-7558469088825332382
-2006181498758655962
165859833311550
2098367453529912800
247648963239957202
5384809201578178750
1764781739256250
868954030278025472
3014204873363010250
258236063360730
8273219611369647550
1632366724366910
312094636653901500
4766773620761872720
990847893206945338
2679448420781468224
6942613287976629432
77212107424650550
895577874035302920
6565694998129218534
-5651908955081901766
1084177787537696740
1343677697162558850
3311906815547854720
-6472478996112286116
-2414199650353132504
2090270342567768102
4394098785462019508
2462343312471750050
-8619593866185398266
905499896573849500
4409386084337350
69889302675594780
3081670987673189522
4768306906642997394
2677950192650963540
-5234838312735054182
7221385541526959600
1487413191073329962
350703028840412760
3140494208739354598
253828863719020032
2866016622589555162
3073150435030787034
258206903300858820
2663002444063189820
396617765741803060
3627842039560364780
696851988139324290
556962819399926240
5659939410097715470
78106846903995624
479534526136302960
1533845033438356380
6479178968718074150
1049163046564801350
438261144275888934
11079237804195990
572402073935734350
3950047383670928164
434469567602
3584594821319314644
14746003860757040
5854860497883436114
17958023114537550
23117629738442162
228866050079037294
6497469333057526964
976139179334392854
2632730267279420
31368444030
5521777164541305988
679216904122929900
1005180458743442170
5992958857733584814
-4883669544136068064
162043818889169750
220262990142052
-8050638174753995144
11406570667062060
21187354181536334
4385217592570372250
1724730076166267500
1713718303008333232
451365326841420600
1595148581705668990
-5886267451562353616
2403453421210339542
-7936765816780391152
5358299875128427500
1192553909816028890
362548717652747354
2622103671975041546
206373136966040
-8230701694190629544
1270969975202011890
1658140925457618002
5677176482555006868
2263159466387678054
-8471821951986894062
33503287621911342
426670751746061880
21053560595452490
3782630818167963484
321842385371242190
143317763320382
1329446412166650050
6554329588162233350
889418159716721870
2751699868001781324
8284569655845313264
1455389828300392880
223352548059420780
857818530836577360
8303366506759880010
1361932373455290698
8971362117710466
-5094199920338198504
37327051594676844
358056450355784180
2557760469919895850
239646733551712760
120414245579016180
2269862886278638124
913245990168525182
185921256260307750
1969966615724066694
4636552852045887500
86956962539488990
311721330776122500
-8854263946012371496
3655901805648715560
1312803623087744130
2224727534304
374863356266053032
3403755235799815780
-3729016841243327936
790233239862545010
81818508636045482
-8322389723010784514
683308190290106990
1923387747539795000
2007412303365489944
6032454057113165284
12586083783344470
1136807043882789972
2061339312117720864
1722308324840228944
84043826748694120
14069131239632704
786118197369604290
4085421717070235474
4955330695020128150
877989329421052
113685523846345432
38363070956242824
5941054457603414930
3076265658037125554
656096287595248500
7586668626179122550
2720896624423874334
1357477269761540
1746505050831932350
522226607412210624
276390079349184000
153535986449202280
222372825706850
1219484416407194
16923704200588420
-3587370188167456846
4655233436410332360
4380084518126525388
5270856046445009158
828698691104206230
2655738148040547460
-2355354920991011436
-680414417447099756
342061103082898500
-3116831005167411366
826603160492840124
113825680764785500
131393417611908950
348101563960643000
-4976984609204720166
6185469186697524554
4281261057649272620
-2462875181391829286
770406766255764352
-1498716790955502706
1056726377310912
-2169152283137918794
63926210807305484
7631763436266932
5456620318365488000
358668936981652204
1990121599351332174
9972983298712
1959816648767198634
1541626226534876244
2655366021104944512
58597725806323022
2688450995696197160
4488848847442175780
7140951071619575100
5400635189485480200
29704960979166750
957131056504262640
1062153202153004246
4477275068545644222
115199012373750270
7060028166371570852
437298387380344424
2958531846540069954
1309422402447394
42089043306971600
50149039124889562
377656369291713292
437683299590595500
373365858591367642
3466137128231750
7217840078772821654
-5669447584353021212
182875872430699630
709420041105753982
2367401078141130152
63563781406532
665733834718625050
24722090415407242
4837277742335534302
17531872211399352
-6458655088663109656
5225054295773631410
14708191593918550
192801711330792740
-5290534299411415202
-5923225710932601296
1126209384692807430
670890544845179400
5813769665761788638
146465710798357500
2680572504369059652
2359466265471806596
1337348593892404
227743477973077130
410474416544397550
20900728276270570
3608252592057204894
2840294402990088044
-8648355693489390114
-5323250552738438336
1159125563746877622
1278373560054205472
1724326273699566264
1249586218502624942
3066719805640203350
-4309644171429138642
753846020595891300
1099751213295633914
1421788943945157540
7379884779444867690
892288725397140460
275913062634405634
7252562906957270410
-6133861497112938514
249068306235532
-7232117871772306056
2323833562806651000
1019624042643115210
299299321681390822
2517121350072048720
-4668740527094723016
4250868315643730
5656329946805434932
-4631604007102049686
456261258346064670
-8795627512707986316
25893660551110
-2108907759105760516
821806243598887470
2516406463991974750
326375960801101904
4981880521092006294
1259127395380174502
99801299712252600
819492664654158950
465970690211054050
253860850554017280
1040658705193697480
-2938665404338904102
6204065751306500
-8093552543621629086
8404010005623921880
-3024461124771084616
7961397443309193800
928633304669820750
-853926237939899906
8507347690380396004
2020113058733211750
1277191116769713574
2346813131234815804
1428204992720794260
707141207010924140
1225241207320310250
5109186886063155350
150055839751546040
8482424651846098800
646883288991394
43596612343926590
1406016622901442552
56413206457521830
808836769625109850
513707584309417850
3150897911173607392
1515192637660790424
1296507546304924014
68369972109220782
1695750638587733558
1338550243515349172
-7664766153562710054
6624959715708134502
114505167157500
972455239418353240
-8273057092983999486
-7002907798982615046
4057382327582603800
-8868394237781585666
-4273091095414804014
2690373421999340
1405901138199493364
-3558918616419854066
4237482887223740
202018928905190194
6038446462230668484
279062472712270
2110243980397995750
770406766255764352
6154557678687253460
857191157094454
14215853800098524
170022486369813974
57508188481593850
53311181109073160
6663084266226924250
11378500005533850
859782924
161558746914955374
5945480415594870892
934910386976220900
20846697985726032
3696746047286258850
853203851085673850
3958041049489213048
868594287380979704
4759275880156210270
2554325091048094884
29749784955363302
5121964949397656122
2266627234511073252
-2200297704565996876
6876668490206811830
1497679365764461152
952724568716877292
-8441666201338790232
5893885061074714600
993647503502253600
112049995700500
40937461430172750
786790465644963780
136401968603281472
701708120915833350
-342892359130981364
-3526352526313898986
-5121044634338261686
5366179301685700500
73880019656300
-4519099084319693736
497035586414701450
157120957545516850
-8285788894775358086
243158302223996170
3368015844107459984
30926522725918820
4865345635528201230
-8347242013037058966
2971692374418104776
21271921093938620
1221287826728007962
4389555890682428194
-5855207178901452834
-3802807277949279726
-4934170116881300584
530072819801892840
-4977613473981436416
3862076179012217082
-5593114039952971394
773099510069744
795267912799804444
5519478448406503414
177899893887799230
179103464912326682
1862335757816850782
1861622911127726362
-5477361810274787834
3497407892815514116
8195828377203019982
4884878706248252696
-8130671729642150514
8517806260063100
5186016252010000
6346182272911603850
1543854852150569400
2994203165330391322
70157157166064500
82987784496716022
4100225549232700634
3925046041423588614
7738254857575825310
5547947990897258854
4863567397150
2643141275457410
116352916687419780
1134838895203000442
181031938692297550
7060028166371570852
258693219401648630
459946773917643870
6782203888723882080
3984856574615350
4953548553673709682
366661494129234200
183401707258689500
3545093393408557810
1576109807310223884
4354130620861750500
1219210946896271032
1457761610065670910
7950804657812316300
2418780974872920734
2067507163336615000
211188868737000
48114423840470680
6355843692711412592
214282182761911154
40843705774300
323027848000
2918783634836862870
1268936965783826460
1891883449080534800
4662956774322
-2218384948464644976
243685244897397550
599352285433393650
1564772070507602132
-6575205554091574682
199577451439045750
2648358343330480
2214053065451015404
499422456206684530
301258533466284394
274807376659307984
-3228780466158402996
5058171769234286414
6517767524311643600
1644330533474564124
100100
83890358182432582
3815470435223218772
-6859774512543662726
1308202408270579822
2240348705821353384
4359525140210762550
48243193902181040
369790170831627000
4005053426091677286
4078647030536994020
458499800066767200
213747456724038692
4045888092672926500
1167943373848375250
417630263278151000
81327028991924144
2930385311051382184
-8699770471756744486
65560735151100
257753627201711060
34202107140052944
240075917158370020
-3949555385442363856
1615082827339884348
36260105721557410
462361996250
3978946371491475384
2506592213882393800
1597053742032086100
-4208297109441012852
5452092953578470304
-8397818977508333116
39215174750200750
2541298744706014684
62204101083960290
1142687002534
814573358975865350
1445224129671133840
7696634557350050
-7019593996187830216
7750711773209662530
7657199414152470
976402717804851220
100230797161355562
482553922617094228
1434759983001752680
968912834549660
1058372568128426040
-5315231465590681222
1947899632972685392
994627044062424850
-9152497821117203926
1319974705680376548
4980009126666420
-8327972796602836932
-8259293312137958652
103308812927424720
7560534888147139094
1422138351762489034
-5540817332610492606
8664363280295071804
114916295669809062
4479257046416699876
4470946538685554270
-8548909702250092814
8341934175864934022
6155256701131485500
5522055567803067370
212281278190928
83932192383911300
-9209973141033372806
6464540890376264484
5249516819345974582
2947450208922456314
1247578922202127760
2813579688167730080
64267078946070
69102393788206520
18974943499490902
3999396281670342282
3744427860622647940
2358026200127830232
-1049795042021117826
491184555117228960
1800801492983160850
15572802347041702
45212920872574
34328287875952
5274286075632
27479250756349392
2947397193108830
1694989489636300
24196568244140462
2776265379435962304
-7523579258174925962
4056359627289924474
3001131220619920234
8135341355829330372
-4571900887632647532
-3904981265832274266
14445537958353320
4935457390437035344
2424412513880126770
2000933950094043210
4119666647763284448
2417815614625825750
1109871630500872954
2412097658707104242
2445158580440354702
7174219961940440500
4721633265366719702
5185600423514052850
159342454075751920
526768661827100
4616491370232844
3597139828842655810
2720707142544730850
8590970910057901710
2620376113779031350
23101725544867090
-5504847177485504564
-3493052897447812284
1524515803447730394
49161173599672292
6959997096269074
155273124703424
7313231358161677732
3088333476182391490
8555568604467929290
477887313400981792
13585873755759382
546905196000
8003874465554710050
8522060175146721240
142849707728260
59908191746269750
8730499556086126252
8781626209014360
34569598819770
2624984447715156450
-2226338549491186366
3377948711750903234
968421727732760
10310521356590
20331394414846684
22327988087300
3340943437436337514
4906496710674557440
-8206146729176151616
4111166019764050
5893208421276878520
37800212219922180
473838927515981720
1848401226613053480
2798571344364839846
530406284853259010
6196955826133485840
-3107127450428181196
1723249813767064660
4119874981640023060
-4697501725537033866
1124743369401533620
7284237690640550530
2612280186414459820
3066512534154967370
3425098263150039060
7469106978977714
4901668436443892
8283696161128826130
1136807043882789972
1353527769623847734
73311463867712
656683315643797092
5177749662447029414
900280612040939584
-3569762123675843146
1285377493866998532
608235587195812030
577066205229395172
3052855829827656160
116459866208435750
925253476835082850
5876405087202555134
5589660140304422
680087272891331734
4279372075196657514
407501109017176350
64852262129805332
21252000263109550
3619383027062180
4813399403653764000
1143221211033991782
8505565654252108002
-1591168663686155556
4282858538961986440
2888939042579655520
6491675307155830
2309222175651966820
193766413287941300
390308118110565902
20895812096590522
2186129276600830
7373479165609717330
10557254537661440
7008260693272541010
7520648521768043690
8984904747276384654
3762685613579750
1698230834372226154
-4664262510718540884
8752325462778041300
3607664328128600740
477116644963762232
8459330901198688630
6547737092816484812
271417598072810
-8098197911392267266
-4689197564534378296
-2977771137435594866
563274849900
5585477384573625000
139130944777583484
4860201003845807318
543504927488573078
260514871519669050
3230757901587170994
3749727388052414444
-7268250714780861514
1514704094030065862
116281657941484310
61229505787237550
1042226251311772100
31530007475500
2038123880104754
-8230190583275528996
452301879902272950
1018898189000123350
578652826117100
303373569299196110
-8621083097851352144
5556820567072940
1481759311125064750
1501800679887197894
3803763398341728220
281159802150018610
53450243964662272
245364745163827150
3762492855981822674
2692208756167868490
43656378556426024
4267700502880541622
199229547274912
-8372554300172385416
2536363314952350
7198166831051527254
210587889644789580
1685890168480376040
18324982767079870
4019924917929022050
1127843990
5136292612751185550
51770204450744494
99389015597108790
-5818697706074047096
3734139863841580606
318795753873066470
4485815453391966290
377016125742
28606951672786124
536379542171222464
1741211552548373514
175607993761594550
5326868910142904250
582354813547816274
7259999961200770
548387358391939246
1393248171800160
1446875370522033452
6444378939320210070
875187807073860068
1287646442100089260
2910477133564
2878251222360058000
489350393854015170
645017349378191322
13804293707359120
66018095925600
731097157605532172
676143844274754972
9212152865692495884
4224312281812163660
1443621607450
10457451957702750
145083222810442
-6365030381700177112
514685191030777820
57581749632536094
-2294907146611969946
21708674460516250
105527261951077594
698832423738782260
-7284099625263209336
19719784418070
1435111778775942302
22906247794020102
1018807484551511620
23069941777680770
239738652985679982
10866971388969460
-8963969987411494694
2398967610576674844
6041065737061303984
2083105450173020
1323366257534287250
3700562832922566954
2548727429902396600
149992072126050
8298554968533657920
608358801704131300
4820960990635157874
2889533681801186294
1134813950284392
6750308733111178690
2444989507043751234
-2869350708968766566
450086085764831670
777862261322993000
8741407400449456464
3256279712266516634
165565846528308644
-8030427584949529642
-8408415959118150194
3712270126261947250
-7559005201759261266
388104435152578452
2431545351393037530
6131231923466260
-6933185196283937046
-102275343343878644
3983736207184993350
1813347872898706300
-6273190191569584376
2910802574264817610
7601398593763937144
642446164490190062
-2289141346924397982
1351162820778050
723138785324686060
2693336852076406250
773271762250
4812236872575186734
75848128174
224633913667753062
7813640098133673980
101222296298645900
1092373681048260780
3105873909879362780
7446992779713394754
2635329171153749070
-8357878976341013044
348459429790290
127132365396282120
-4232538984945681426
327768571906082762
518227058505995580
19539003718822280
1447350289000
-7400533215691885096
24202056031294260
1690791811068987550
-7811956125344173476
5100211291500543644
20965794569500
1080665873519514814
2518193964776810600
7291775673414951160
4468950558867149948
150342310135110014
4081721898356565484
73963181889577864
2997869463380660050
1788873667905299780
6098557174761167958
4427759354722756106
1319177622600886972
6047395026266300
-4289418180614619614
338435080852312290
42455936159807450
1846248570448230
5584176796506400
-6273190191569584376
8600400105721242940
5907039652962602
1010668851416493460
13789890950227550
2870355226177767314
1169451413530921600
120908652750662550
2616509804652152522
6512278956990
72340282953595332
1468918409122670
4948227274202850
7091459196354261470
4359255295256081130
7120862888524000
6580381876396171754
5044807370186349484
648888587858761712
1208763139763052874
-2667802671271559222
4776013766518061984
446508903447732294
-2198126219730675054
-4923450564894990976
-1256108801792488282
1049927928714700
-7697193265110918312
281021687454954600
112482036212269850
773057995345717690
-1611249062511541854
381245486784538250
5260071390517467304
2036353798318358294
15850647939135282
2475258988759900
300749668829339282
4282224293850360
353155119093426650
171805632823407324
2271919113775800020
8141374943321947574
6834605229859516690
1690526584490796780
-5112933063449930724
315808482286352850
240075917158370020
-8681007820962148072
160065525685176384
531449172148510
1354317285190870
291345006989785100
1096680702711262410
1923772582090192624
4427780589818600
8317375606130705114
4079417196091030794
3789653363382359214
4823221161866204536
-2742729000396177116
7940958414
97690108385637504
1496483414210
-1188804847306494616
510945260764487340
3316573590881194
2744002372930
919444967632014824
6158778497479779806
1502893038281638250
12935849350475744
1579275393464510
-2079086786380698512
1718270768091320
983626788971268884
-3706152572073341094
6666052266875209390
491576343440
23128237095329360
1500033586194000
287287420907600250
47120652766159350
1030757975539462
3469221951139511840
3780430166994060140
3188078961369948842
-2005451218209619894
-2871454561726850934
2917585430731276552
-1691391294818752296
581877951970316190
1642559695018522
1316620974189072866
1122595803215351192
679751191655138734
954278058521573500
2686573591316870420
456956813143176880
504757382684507680
3542783140133716570
3506889183769069800
1416614054877750
157009380488929500
119139510066690100
417119572369500
-5172124662808192754
4979138559440678270
7000558691473973780
6029700265079873120
434754752505681960
1224095822106385760
396617765741803060
1219578737850
803358201482586310
2644101791838704146
7422829669573495524
8033282554558858760
76950417904534020
3554577246880736850
138684656335431250
-313829640676280626
28582073585268462
248907332926486262
598256359726597350
34530504983824122
-1657291702604388366
-4723029412227784366
100693651756921524
15201588322362572
152202118918068542
2320636669145551614
1272267958130050
462750619662293890
3240994574150527374
439177234954549350
30181385458265160
-8560883013349030666
4596551941110072944
-8599721263217491566
155033234048526834
5707372269691844516
4993312351840597588
3399632196688829974
8468207525164655360
13721631704639600
-6964460198255033314
5824161286946482900
154966949056244690
3778732995136619304
2403798743943610090
528906930229378712
5799052369858925100
3412746564164
3505055850774250500
383594271447428930
3286874225643783224
24867397653520240
2856964574967117874
1296860979830364650
351434438747002
347615405169174310
430128178566992724
-1995224735761819842
910992024783244250
6075258571364759350
6962910607136887550
5242991330379054196
55784298995241390
9115579964351777994
2117770874597109550
-8568859183518718674
997659294109203180
6333153024118648054
-8927183276566635096
8819879686336625830
3266686029259718002
80887486099000
1489221022046117122
4141746614248280
99341526686233694
5948978395569277794
3491060651308639484
55804835140154100
-5864770314306163562
24884204995913684
25064013922822980
7394312669727906300
6736086169266312664
6332159649432990756
722297481388052922
2881208203974100
40669494749088142
6420174612825034334
4502656395977312980
-8983771120851331782
105385323074350
4491055918299089672
294443100378531832
2259442513036465486
7785671154623056072
47283690714310470
3989374421447450734
68358013916210174
3088125110042128590
9262620703974
2868184425800420300
8473536851651187750
4712545633347460984
55191212352330250
73104335014858070
842770895254376400
32567676881318502
1299798273448482500
-6937098061315792602
142670277929765790
360338929802336100
4262391441579753092
-3964169290475570192
1997324950396831510
-8984253687593168266
232307601743800
-8867420236404994462
322957250339130
2026334077797904694
99931081405599428
1608903854653011424
161496261639439650
5953317014060567600
113703036378884680
270136334577109000
4408845935345773222
3443827345212848664
-8073921524332494524
23330471314495422
3792704933294662558
-4411746415893081776
2524254382750100
565138248340755100
7348297587762211600
2343727100
442031093591189960
221209896316262330
452919652740
536491669941388100
428041744914205702
2506235873862258630
555695265749210734
2569902361825277752
6019746023787429918
-4560323131063957896
8426105700481958580
29704960979166750
1528872408580682
6832337051175184472
737897802819496914
440046434393705700
121331013925567880
293336362791273384
-3287273532180519586
5233714754429477624
-1501705032046961576
79171734250
1252125211776050794
-7112699740226619516
592255608782662944
6269995661137377624
151375590483173980
2282032420206739750
316449532542596574
1922914972418816976
91363756659425034
509703158602663634
1799550445736306914
1989222552410259100
7226688774782360
711843000367162822
269724480130
46329639331523002
-9034820574729776766
16091746119398972
262772617526321630
950225714544520920
906081214699917144
5015235053852912084
297854226527249562
2308974318190701104
1421439600516773600
4084811409418084072
73026805040
-2599713790126466694
588881299172386500
403818551331680100
627306187469316700
-6387040789163978806
2056168021094958946
2638290414162662550
2529656530628750600
4648254736198654
436481291933371650
258660776973410882
-8706676207452482946
5284968453788138544
7925425100890614850
767248964331312320
1711062437162037524
-4657863451059901644
533358730506304432
5083006495038217184
1196335034104837550
80391219001605162
190547552881753914
11444917165500
580992277242832
990357994243108362
6155814204866391784
181831463068332
143044383551341272
997302199434926750
-5436358065880533276
574346929895681294
-5514609216657044572
8292434217287011660
318606060366714400
1711308159496785850
1947162360059812322
1142133833338326444
4267169373690500750
899784716800203350
-4094538270946771286
777936347558993000
5102123517791329134
222887958849327172
-7511213564612185066
441115943952600
49997554206341714
2197217518674530552
606266699349851534
-3114752059677636086
2628860143284404680
3196623484200547702
426332005029000
2528400910270185132
-1938893780361378736
3377829714227655022
3359370658794758080
-6775850762347132026
4735399961262197550
-7883411244432416616
3385636412675678812
501391425047734144
60823171331611040
5002134552664981600
266667659075228684
5272983060822750
147038304325914582
-3356557653370196984
71446175305843800
9048903186841232
467138151480
133949427737280120
1260510068001342600
-7102751435542485816
7639961302386343000
2633849484797768314
50701059221485050
1127827304444742158
387708765396493860
9079035308717913070
1791503770291515410
1379755774070680930
1513483251819506422
541668580012775250
231374663703633434
109200451765585642
-5871939090261813156
382288055411044510
322952163678313512
3363145252986993084
312019948669356200
2754399905503197862
7099236073163404500
2743592959964290
1029735337050450200
639051194136472040
418746573925288900
1464589405513718314
4114117742
2803683090075093030
62976373310961622
27873741534822352
1578566933480860
-4798129010018377474
314867531240265250
7823244739310
2921181150196028500
7948351861930172
1489944615666387840
5877661779535214592
7086796138245246724
63880738360103742
9020071830171094
6623113182888080032
17861687682989150
292628067540900
1742703370470524092
3983988423533492794
509972987954071824
97502694611789810
23636305757458240
1063421425829248110
3716098925176548474
4084297444466623500
5974822153383926480
8795186378124043660
19839884545164840
21321784441926560
-5173368679722265016
1756852311522
167198367985091314
5579630262488513742
2451986590510499784
3464676933430351510
8292434217287011660
17635526696679164
3977390136431693966
5376773309503707788
49711496990170
-6260944280866448266
1040658705193697480
1146471951594970
1364786661152533784
119939584349889082
1312255223929255060
3954058654852718412
2436948912543163750
-8710127698898543114
563042405777670910
2533270317340
7440946479858952734
4699040960959190430
4359541926059399204
575823601848705494
7025227466639674292
-7542376492345536242
293550326161108982
3905876031869216630
2487849863381812874
23544779226115882
6607248930375265550
112083005204388750
156541405653206420
1964172673011061832
3622672263400242052
11519373008393250
1643551401724653850
3728802978985368480
300314012469675100
-2320834151203790084
3781642782578945410
576296737692556210
2403453421210339542
1385800613943704464
397960518332384480
3004803878230961920
74395432069808850
1007966840854917840
1688935880238055694
5808082208054731500
1544226524542277422
457403744096302134
31297567279818840
4972582863624112594
1898818555822326264
136241437681214580
-8673099658926030064
106190719251386420
140461551063605772
5322793064741816972
4330454188709171712
3842646450137873910
34825195568743580
1148074420051678574
21083237585395000
1406016622901442552
1182582345500443850
148894753751195270
-3519561205060855696
-4600171591935910734
6811194597016496764
1009767578395793970
144275778422771584
3528715037399970730
643795076153322690
-7700378861222916566
128643457339554192
2456354201886330884
137590269477202234
49451296658132560
1237095203211751686
205297211758172
104735609971850
2557967641407206194
-3429698307089304266
6418371057903136794
144375093277454
606389614606071060
5422850146969528130
1677436821609873480
377785653238960850
16748126542568012
833369688900304220
-5606466699255851016
45502459622
2592122442554128380
-6101494295195497794
-8985218765707221676
197422944373995340
57382791774
211033119271802100
-7329367165789009266
977985069420153652
5850073479905032
-8012264799836453612
1547202320103182754
2637179655738877810
6394800609920304384
32790416887740
-7762356586489551146
5382280275003564674
3183173623866958540
2443614214132
-9215658607475704512
5243005759468465164
6135071655335210754
1211446230942929982
-1571070307166367492
5889826096154336730
41411639524859450
24174626427614740
124299881618718520
1176983104759034634
109864601582106014
88456113510320010
6258308593085984890
1021076913315701970
5619024353086862470
241921808342123910
6042099757905730310
1518860482858013464
40531965830940500
189929209679311102
160541376956222542
-5819296861355809144
7949534234260195682
-7875547884174537856
2417815614625825750
5451126188440652704
3267074084987970696
817337734862931464
3211346473340217634
43630756945928460
261625557974623640
1952841569304500
11462867770732092
93569949594
4578752370020157194
244150905133565850
655705154273132782
217113085436188704
282474432334015922
1324028531637933814
379858714194604890
6015945444546442860
393365793994952
369493360649496174
1070457230927629386
4737984564436887570
3173167278113867412
60931430391000
-1400633274609252986
12922131741403822
100730458246252676
1762164820386525814
69694981697051172
547451896137614182
4105778866517513128
3904665762526732044
5413321075766994460
3285973925595200824
-8949461677586902774
1809716650900470130
1188578110584616180
-7579898168601017002
-5327567001162340132
411116945009864340
8323948470181209784
344789620185185630
18041535033794910
30781661641925194
-8070302241171859956
3484480348211001750
-3011231432157996234
44612337941324972
129143712365845940
20646234750316604
775346476265070710
213017348879872394
-1542753288571436996
-3437202338777399516
10845913802146544
-8531928897738503922
7855944571414806300
4063266607645128030
418374222034748224
112899551361259702
588039979497823384
5231239239949189740
1948690415987550
7369477775101502190
1581190021747564328
2087938998499459842
7929228155503402330
2152845007733860050
4458565917883350
-6985089053437671766
443681994020014750
98678467182544860
9079035308717913070
6197307134122599600
7200918661780718490
74102820851543642
-3813517271673538934
26848115542430
7401133189005927462
67276367809449500
7405548979793723850
310603422293357600
1388773258307527702
4301528872183576770
-9103839551561443782
1049348500483344712
105775371433218320
20636493184296550
298973717815679830
-239048883861364446
-8754422352613760174
4509295321997127480
92258845397500964
1176293953178344
251724407090708654
3840682978789413850
76741545688892812
454329582617920
1241466342803482350
46589205211718204
30761947360028220
5974515638915215884
-6830537279445577532
451710203322882812
2390530654323842492
2746758505783511802
3435573883821354
28173923082850364
-8334060788492288866
167760355854212550
1378276102659776100
1321160471427098800
1907949797497128840
21517089578294772
2548366606683549820
5090974002513976500
-8039759207651599066
2024300000639702134
666666000401194726
2188879974780
644
-5761680655620379016
1209761067242
5733154873649511000
-8082707270215282616
-1614965685075892724
-7913252011729217092
393320170942687500
38246905357892704
12977067712727430
2952108007876572984
4273014522200661952
4331142543260
1567644931038824384
283202913325143000
14875111119750532
2821554755798963100
20920401670261592
158374687639061534
-7509061937944033496
21132565808844
3561064950858844440
-7453548115969511572
2648303036859148200
744913177551599914
8174953172166158
2416601866298167240
5733817683679837822
20273666127536250
7280041869393412
2128941302473292230
3717535488064126652
2520519139280649150
747933331110
3576024498527100
1262106874159869500
594371903017714374
69634339577193902
368971647891302
5826482683862048544
6562760575195740370
12836643699569222
797379067230485390
2598523569731263770
6624590378259049014
3836704784619425894
1252500683076062
86285749847764362
2496984361555302724
5927791409259126850
1083322751534432500
18888209737482870
5332707394
-6909127133092062202
537052572513092090
362819461566914
1434994506330501614
70486939106376982
7095917753542
8906715929149812592
5433028350287491954
6287379374144218000
220000675801760022
50139561245584384
-5746644131890253916
91586915513047304
-678866358596777092
7955040502744070100
6102300447132546360
3062990526168316562
995607308669593664
2563372999560561034
384117693999794244
1762594801030885420
3974664391429849980
1327564859331352070
1628737900124140
-5834268815366579994
-8792688652008906646
-3848284183202174116
1863619397730466754
7844199431308229682
1080425564426332024
8775560301190178314
748073757299753500
5004011168310
4072097316951664
297865880204750
2673459277924389840
370511740020958250
-8474833773279547816
3555735114766457350
124056648646953750
3418122696153996292
5530114882894876470
2735706731175624410
585521428702327880
371830260609765664
34817985632128582
2778189594336297484
508247929906408640
920563963244253908
317816739447550
3279527559277626294
6365516139714823490
238790092910880434
3463087232775611144
5827850772944548790
-1445609713351304776
-6175550450513904762
1568780276521157700
-6936539141667474614
4414018825803728614
21028853712682270
1187255055959789544
18504907281042
1940977527337781100
-5305974106740297902
34846832097195864
78836203140855864
119921356218696774
4805266107674724762
1579842552175676712
2179996725258602250
3964100198793796672
-2880568794546891646
6662342420951179900
16241787847111710
166345474372
-7716296222627149866
1418647170142609044
191400238554142970
30304629784403590
1754493275695549234
129954896910511750
12017880059372044
1608392819449531362
6909391295704756600
5044807370186349484
389205106888252802
-7754954604090693834
5448226069012439634
4955330695020128150
34437458229880160
2820516531152100
-3818870065005416426
-8992454498713792386
1582821271061580
2490771820018804294
2453739663374897814
-4435080234180226766
263331119678907350
2898066935576684650
53859728011100
1197768071871310240
1823291740519396224
7362872663928650
-8193852660702131516
521073688738275050
5491755585773814684
46967059969400830
-5141618923552789482
2248999627385318250
66593698108443682
728880505530512424
1303276452924264
1180275762753360
7114287592969362
37180893105174
279093419594486420
2008921148981254424
1734046501178910518
-7012921708555358766
3378851867887750518
8324390901204
-8220987306899761802
169478446387499830
361838813769568590
44603656246098404
651025182271085050
6020285750597244
21838178785544
8048230642446717550
896154408621974684
3099318625097926384
1163929064852884750
365987642270481840
6707042399507202
-5400783840625923584
2289348197342885140
4865931679062460050
4462393694520156344
6824402871364730344
-2773047437855103124
-7097774828046360474
1234223768059011184
52124380
45284643560007670
804673473183594
7996668068272
4210098584863211090
3449556837978262
951172976404188010
-6607778179739942646
1195728937499250
3115091519382642562
160836482749098800
56330425308895634
2721654650914738000
7963517269900903750
3368924313221514762
-3974126979975212062
-8584797043275792866
-891544098848610366
143941058269353800
-7466502214983431424
330784624770600
-592013475114601596
1643291752681104240
5969696606257138920
5042042409423360510
6190985875213448232
1902003510561287380
-5413672577730409302
249096501177419680
1211033157234837860
1935965358982
137267254194510050
4100510656022113260
7064678009477618490
3625491455854529690
3255399369930161300
63483888492562552
8049085448514291104
11381616406675944
12118838165344262
1793304984311754004
5616087054900247030
-349956383417150456
264912873191951790
4244015598718524734
3654483143673018892
458200852933831480
490083440829703232
18989058809604
506849545812545390
8705540917461902332
3656611291506897724
-7273717761473092154
345837178470415580
19799308489492
4845743748763221304
5884079485058525454
6164616016454350
2061339312117720864
6114463920120787550
8203196127694840090
55058930556135312
-4191243737148019764
-6754940167852640316
921882883250942550
-1153941164077562002
-1110667264242111546
440336454048661370
-7101645664237754366
6680907146103028850
113703036378884680
6366591537104426562
52023059807779242
2047991159125845250
5629477412134471350
1158026858717320124
128144657074988394
4597394344725902790
3298580671901608686
507171993393160810
469562587217481730
-1749093598408006412
-6775285980214711626
622403069109424064
197343484310579544
1381920513450242612
9062031172518702
73419213246144920
-719855750753607106
1565397845829396852
171162092349146910
3775306338979727536
1530431356654284798
896628404889790946
157411336207531980
8361708118194718952
2218764794439724850
10369979995368800
-3678545533497627886
-4493933215464927824
-1225128111503652944
-5931559824005470306
-802391762014878772
95135362971912384
470781432706171230
3102002192272939604
1066140293141050582
-2472168162811394272
129413684011230052
242879678795984230
1229413021511644750
-8451222909602542734
44283165096352
1074989022271754384
233728441848954780
7938832284914650
7125335223525988000
4424105411291763890
4263983639561528260
8646760512822447912
2055965182986099000
28862889493281792
3238308330271430924
2102737167882363422
-979593965043535116
223352548059420780
460396530342857262
76041604149000
1553042375914090950
1940407967097600
1198177747595473610
3034095710774878006
1031451334177664384
1667701665586030674
155210097988340430
896401580067073410
122211109350
-5891040849800414324
2975516798825296600
178145026474184770
-379759475410338116
-9118170591903190522
4532033724747663750
10897106828057800
5573463281959030560
3439383192942970
614171031849733710
-6304055495807879672
3324661149944561462
-3322288334683358784
9022561820519442342
4095100898808622532
4288453244334831350
4206682132709748664
9247327003182282
1042226251311772100
2013111952834889996
41906491188306640
2874540136765070
537164805784469850
30489370284802
5825838108803471220
570990738690699250
92784008268768544
23836432785950614
152093172259956972
5682290818006351164
586899630809806132
17041520466555442
137166428656341000
4510125703651726414
3876176730556961276
17475917182736390
3259519945096811960
1006527985795203480
7292966415808940174
-8596240461355431694
848449663027266300
940535665230647500
-6969480588685100656
150595673143123390
-5935725320338186374
413971500094493264
18865434567510050
444898838378499850
-8119340363577417536
231451773655375130
40937461430172750
5248586296851075360
1965334829342500
1230144182858704152
6291286803333851354
6086341778297427782
2163036883105570290
3281925923903150832
2640580935589736424
52551179509690134
5929347994974227264
-5512169224787975766
654597892864800500
769598030376359184
2137466661222503800
58331864377029672
138542424357120590
1016632394012765600
4719628132992491250
1363883374194688620
2963377250359502750
-5632535037520783254
5985767684593396000
1642559695018522
122049719348733792
6957544731545051644
547916770295224
248938853483610810
66511659713703100
8262426658945242
6501728768852715134
80445247247720524
53539785063343684
1207021917482474268
3286289956786675762
-4098495036607008256
27443048533364104
-8064095552328153662
44664454730258440
46939994385093000
140295861281174
2249656747259043980
724130360438100
1481035680750602
903508929225383000
5715280713954525714
306222522423299844
4919080178413297934
7411975475194439010
55354347766992274
288412204759826602
2175507108944308412
3470358903921654360
-5959508212544529034
2693901032958284730
225862170946972970
2071674148965149122
24878601602107600
16694059005043050
1387858089645243010
51113247846838760
489978669443252500
418886269941830672
-6519620488823034726
3909263320201098914
7075536575397682912
14606461677266914
682434731280228964
176704568299350
8909483094025922760
437731431477147500
900753641593409616
62049361711680
3880590216021080632
-8684466132354790416
3782630818167963484
4456937644665169470
184809477783150864
14886543496875050
584564112023754720
114307282481000
2325180610983675900
1586027528344813834
6982099788741286300
7824513987618735050
1797140621550933734
-8783377831694281216
-7600761051674448674
3139912773288811850
10598556666106150
1369989271454654592
7503602764729968624
2626498443584250
-5591899645647595996
237844350458937600
4876861774304832
1119380222137659000
299462922550
206527185086600
332599478469718784
3652119624609007552
1543607107832182652
3719451553100102600
8728682574991051530
597283465889198110
226830758280147112
487734940
2272250163604742594
1163528203883387864
2057808644315824162
4275673392082256542
-4601455596593184616
-3019588017320752516
1898239903169391782
46705915703649510
1486449687834847670
-5247230451774201192
496356605646600334
1324470185782920500
17164191846956834
4165325091445816760
-2022971237902835946
7299319505101616342
8506011137035161750
223062094782724890
3010523599940661442
5072872618653840
980755536379360
85349764663335914
2284192072188804470
1405901138199493364
8191929813265574090
5206224085317635472
124099296744280
267731364418217980
304142097398666850
363054651360702
-5324483932388123442
4738064450718242
324949295153004410
-3898985875962644406
5458855961861259742
314679593640330380
1164229778546924870
5443539621855925590
-2159727416001770616
3439759110068610420
7340316940977947850
-5563336599405275812
7369077725642356542
-5812704980486197656
1656660117228109684
6486810224319475050
-8348255419380307552
-1266677994565285164
4571232011700675734
441643316923129244
-4497161513287936894
-4235812538275294646
-8441666201338790232
-7613584808591599126
2051975266003182850
122957228626858444
1753036684005616790
233097690790649300
2168785691385868800
393897983696787770
98301069504655000
2669303884257010
113674880050
1263065685779637740
1389231012327912404
158038134067473114
1680339065370158074
103015751936483100
2561787156110
4302063205618644844
-3621187914098689296
3108804563624176092
32751676612092
-5812704980486197656
291528064360
2510182152117640
277893302196659030
6751057912447986284
202936852701492000
11975731060058480
4321332386387788720
693787235658630360
4849542460250915310
1334848342067702
1084557965960502462
3702472333687844990
831265303045751354
47167162928600
2114833286037225984
679752416741068944
10564257337563564
-8089422015040285194
3019118488389839550
12555862420920280
-4564826452595287314
228068007399364020
60888925611855460
5751735288641909644
-8378622162494252982
3801798000
-3918297719731157016
6008733591360632132
4017048796870064984
1855826839983844
6355127653926472850
5410147511230652470
127399178181649682
95001047017760
3552262359474637550
504128993729750
2496096144875555534
-1721000869097977756
1880510802830248380
1471933705807362490
8235325402244297240
8294182657743794630
59767515678399984
5514995631533776064
827999738729379990
6792735234905950302
415913659022221360
9495162880439940
1323145554720883810
209938116025092
2030413187777282
52003576580063850
21356472739760
362707827954578874
-4738328951545057962
8677017729233124670
706796408658611670
189363718252128750
-5753863330614399982
6693553302018054542
1148074420051678574
1771093154370578500
2388235528699352184
-2345292094069913576
21207229552768000
59486906941084350
-8827910714826804274
9107136808122917460
1135319671160155634
30181385458265160
3238524251081090532
57099637176977850
3429232068071614
-3614428991495113106
1011480512856759400
152676882485050
1248635092239161600
681830519622044962
1828068047398710000
74957623747106100
2749049254099874440
12905000075585552
13657199105634812
850044369146350
225319114735220
8969133249267116632
1030009654757214222
4724212231430604794
55231962355536120
4111346248212029600
1026476069615868564
317204958224584584
152988263634627680
1119769621156879070
5228146081907220500
189030158340429112
908956556445410
2439566769710490750
687688069023451650
-787756923895746366
-2877063793897208426
-4136043519181297922
808506345675902984
2872721078906278314
7132359182322818290
-724491586400994774
4770525811419732182
843060336345952786
6727488700903273100
4805221291377402754
6803655625294582054
25250404458580
2018900873501385042
635615580298628914
2568450315713615060
381295106567641978
7467173727915970404
17336915712
646883288991394
676811011883659662
6411300
101334700085835944
512622988714991000
301658808471647132
-4821613586833172816
359507678501618570
3097257305630950
5780690828147365680
-3880321695818909084
603383566303895260
165660180795214350
-7700378861222916566
1451103506564394706
274456445332850
-4138017711468379146
1262639479862571850
447780514287907892
82257246488137050
7464345928886234080
3706727340554660736
1200740602367360210
383158494773536840
1450418508140934822
2216123544283572
71063775731716460
3340943437436337514
27340669808491340
2129571934448476100
4450356627297231970
138258288636115230
4978840432721366222
63665075439070560
19450342219904750
848765989294172950
27630479032485492
530197998716100
729966335630035284
2398795204893698100
120505687857404150
27017366079900350
1005180458743442170
2553782979313557590
1404400484363839690
7237158959332450500
462269563516090028
214197685708506700
2404662213576617360
158015716250942550
49021250674223982
458749034401335370
-5552384964687341236
237053315626446970
90180455598935394
373323138978283494
3849550363994643154
4996170963089476154
5936217287078630888
72394567522750
544838030671887414
65313264631177992
128144657074988394
250708788058495230
8396507378005211504
2730748904944152
1013883015050570
76754587730348110
113597991526088762
917179533723219410
101077914579176000
-288666110805331842
10028402216335204
353015582407162148
2200467964885355604
3642677010956031692
4613422024538292574
770200778289800
2089026716243434410
-8955266997789032816
131315355838666300
1434877241072536300
1293494673935944582
745661129460
476872657849565234
63187670218368484
2112280529855548360
8630986006169693622
268197734803199292
2812025550750285884
4861830485910505844
1429721409286300
4230137150122
2267784042321255920
65823201418851954
-8519429079770059722
8354233835154345600
961900263217407360
2812608276811343010
274045043604539194
101142065150065030
1040382263068926250
-6294161705251211366
2546563065224827530
1597283745292680884
6977255284927950
314153815928885100
1194187888979643250
362757711566366494
4396802410
3833571702227644104
790908145442172450
4949392093267742120
3040892185509764600
290912773135917714
-7516053563944229866
3734806750218567080
-9063624787681382816
-1238734542109754426
5440671400173447750
5416813609144290500
5189474124358022
129008885051023404
850489729446434
20505319154781202
543194976694458132
7079805863453348050
-5047907105537921032
3840374383621063864
2053582742360432124
1322042454708854620
280987166733398840
145241351104460492
129047396363218270
215609236568264400
661459333245819850
127284778472758284
220058145053022670
-3941579504469873366
-5188290063671954332
4837861248436994050
-6500665681199546242
2322023760364391914
2289514669161641350
779641792100704852
649470773074081214
-8837677493764888004
46062340520
71026850960121784
7558088316563284500
2733234191588528754
7915070753217810
214366704812252370
6198136254613702
134226897560550830
35802211060
2338683325678846020
173939789072376600
1463941809814293524
51122863432423160
-7684443797727734116
238608195813751454
-8353321307160786832
3290691067673100
2590544078980
8823084473538084750
42347287352292384
582533712181986930
420285153295435092
3659450267642281970
-1776413026869320306
146656389149874450
3820436618804
4133560842064791368
6787844157220312340
-5984443739457764616
124881342040667940
-7900695194689330616
2210483659289926020
37996688375100
89857072623531290
2229842475850166100
321116841710749760
5232428380818538338
-7164545732734128832
33897250044192210
-7558469088825332382
1996273245718420942
4377633309678449912
18963342898500
334287116622251170
5855746165172500832
395635242224834682
227920451057792350
124468483076828662
285957621840
748516908606714
1209794569908948454
185074177526000
-3514805900920165516
288306616205950980
237022930668258870
8161655106938876810
-4243012365269981786
138583050896367350
2984036647522060872
8323896154
1205364099057546890
43844615333217560
221884601100892
-8470817859962215396
2176949442904288364
8376231336301258600
4884878706248252696
202018928905190194
-1669158328027970726
260979988060190
332717012861698710
185895933001469810
-6528228849688562186
-5860587113092028976
-5483473449389459624
8656235589767915290
740357617568524786
2940414485296722084
986191213429661750
3327416687228983454
-5886864200762409006
-7339710219230056992
-1224371962177698896
355331807932973872
119212078210924622
1988623357034887694
-8420516530105519246
402822675153992522
501284845703383170
5097039544231880050
3772192113175228050
2970656512581894284
-6452891595992398716
10159423996383302
-3066183274996731906
2623386683756300
-1150907045137955616
-4199772336974182726
489048362929594144
2572990003970832160
5447046766036598800
42255516738030750
4297997334815671744
-4139333726178265312
185718742614031242
351893817605750
8602646295879579210
1036885427798796772
-2150298456647947646
43887481175278930
2276557104498719042
7865182144681425382
3003171170056964764
-5707486607146683956
1587118160345170294
178392914346605404
583249718931007744
-8126552312347064766
806812233805384
3033278598408877130
24621866793833710
899041258092240914
2498039250
187038043394430740
11936922786226594
-6631736136332296304
147314595495268600
3159367611458387252
-2353198998116071814
2390014829971723570
1599342186508640574
-6224735778503899084
1207011222290031250
467233083556196650
3560137592714948870
992757640089074160
6755929098285552150
759797192826000772
2092715398974110
320468711517691352
3316520518400348000
192567599793768500
8271474486356714724
8157337008987886370
5238978139816322090
1821608221866987470
22493030556450580
4753226472717981192
-6291832876137206344
682770577892460954
1871873382389654
86756618817993800
-8301559728675291906
43120689031951570
2298350675343444460
2678137436798340440
6026634412303075814
77948389548162170
1684434980780815302
2415908501032168170
358387771575802304
51032491664
322913847752881784
119945859835620
-9218500356246827816
695897423756585050
6623113182888080032
1865903062563239882
-7086156376192427396
736984397027090850
10498461045535610
397064971789098250
21809619704600
11998412873999000
1167230510782000
39579139420914
-5464520334181703356
855111109670214670
825905534258014092
1842170407663094250
335665510100831260
159139532314662550
204183724285297834
2902440087765267014
43990487435417600
7722083322690686950
2262829410409276900
1976966080729390170
280780109187587520
166544501375520580
8118981380060663060
7145104850
110651846488259232
6400716321912149342
6648259126831243350
781275709268862830
100119313121749350
1042643264047350
95689509318728252
2170224682168510020
1034406196410721750
77553300970089400
6048651639473705990
40913046258829112
393320170942687500
1708509864707010778
3550179927693651434
641819057700282
7537514519224404
1518004057348556660
588220186346330510
54714086949669070
408871390404802600
6097983606506264
2907614737309191602
2394488082119806600
5048064180954700840
1202896575774410190
10303290683223252
2523763257751385634
29019789613360392
-187749999801941186
375684228705500
1289593644544230844
1049812242844054382
86770917591835464
7374279639207098800
6767180356923472420
9997259598880750
3363589531920677710
2273409122921649860
82849576168436532
47238360024163400
8791532524912099144
2540421709264034164
17566372795148100
104088905678874
1516536742013743522
415913659022221360
5899924610058913594
722577834423923944
39420508314043404
983096843429974350
10523722350414
1876635730975195932
107460890736678570
7302497605828818250
9977479371541990
3795244016715246830
7562574151487315884
306475104960574
3736248733466014000
2127791083332273434
134284062897210
-7491298900717020132
72677727336552030
604977217034203000
688837041050748174
82752933104669100
1145497327756067000
49836977789595920
5075362945904015996
204591552367627854
758124418994866820
5889826096154336730
4761581934501175834
4593744765140980064
77094264680675110
6460311505160992452
2859913970070251094
237844350458937600
109525309060397214
3241548276321830644
-7927887455584793006
-7728487552978770634
-6906327239006414462
6755929098285552150
366747369475480894
176970696566777850
472665133076456100
452894137550984584
158329782800856940
-1677312983296045866
-3545355897791892616
2614302407018576500
1807205924638226554
2243819324520415054
7503197266868322000
157098637378256770
-674221575039949064
372000648273790250
7542200071500545984
1915948407326229060
3552493797321063714
11469135842884890
1176407214219883800
8494434270523512402
4285788415755453800
5095431235277890374
3358039207975228610
-7030707985615181246
146868472275888090
1182555616295482
-2868649377354934552
-8285788894775358086
5932549945801033830
305536477886458000
2111836472
6585160412821779660
-6371404911231938866
44821079099873104
3001539127341915160
3187111554843009184
5158415444950040
80797094947478182
4461603612723562550
3909604929976292890
5978446224364735714
-4335710191675190462
-9051631078975435316
7780253054562925860
78697723209534
5010467941501329214
8172025536480744862
1290784688258877982
1040658705193697480
1996423463809240340
53899074938592202
343543720764179362
3651174538060907330
3719451553100102600
319175394989980410
1825819206141410040
143794801490254110
5581254002350748612
514467824613532750
2005369068167847104
176970696566777850
397199207318913272
1182821286399722226
1723828936437327484
246020223017231300
1460017486707614340
2128655154187916648
3059471552924718800
-2967303647870835516
2151255786684348600
-8683972144114281366
502926390482364
-3301012065336431216
2329225269457719752
57760691944828950
8079046583517700714
44951913766555224
82463511162483710
1586280361480188710
11112685290
234903231833877490
429416039423123104
8910405625587049500
2472282626354814
6009076865833788630
47626994682710
-8644392303270278766
6821004624831243352
49912494903873212
3676602920318186194
472308324544198300
2932990424401140350
-8704210294665590476
1157128499358241592
-525107054092060456
2063500454791084400
4304468322141130000
374301755100
135860744646737000
190588750
95627970597533530
-4259365433817145136
-2133606423269348862
54784951367881350
2981397598984791910
3982979629991455472
83167713749197000
1871478288257703294
88702998026979350
1689731091975596362
25687131750
7780253054562925860
1769407049778414
3549143858029368284
1244836015795768862
6495767397536300
151050257701490420
147102029302223800
25632202138147630
-773883944360447286
5096432746285765080
2624742537345478884
1993720834952173250
-3651574484218589826
185061715678588494
300715196229760
4433116130762181874
8393419521305418380
2969240051347925720
5112227111039175050
2753255694505030
1568780276521157700
13230342100364
244430621421888930
476757318859031100
2254640542
3841419192345283640
878897844499260250
283168191838401752
207958830773318300
342519877172780274
15874635043338500
107645670903889000
-8724909416329851684
4595990403018886820
-1250067073989326686
7952498792740151650
640017629989612
11360743612984684
1793443595471715772
401783502531693570
165859833311550
31772786945901600
-8869368164880794664
9994432053043410
2124373408406056500
-4173518256949152666
1158526173221631214
4736261378130250150
-8054262601013110316
419958434268030000
1593245126418365030
461697679626332160
191063991186169024
-3800798499818313632
5877661779535214592
8243154880962120704
468738395580
163303888606607270
40491582613048350
-8184112008684880886
35882547307541060
7178533827432766604
827844476042352692
341701193142186024
208382497391502
2395521262173550434
3379835860150227934
-5773099480714776446
240813001342425072
2554867289086815010
359798452683813850
83542347706703482
-5443096685555133166
6214891586605740350
1695039682178728622
6342249298424284280
-8512924505464455386
851294326967249626
39104943344728184
3430499728246052
2235887435227620850
1354762825505964252
97237653527916902
230587444242118810
1679151329022609442
7059640783082274464
4232488240093831480
11817857517005380
117067306839014840
1175315292083018634
1561021357625829862
7547900659090236250
3230111336925792620
390352287267627650
1489155405873240
594250819365310160
104727730061667046
4619619341672310210
2484747887299325102
483100825786670
160110799219783360
-2608947034912830656
-3702114937301731876
77730673229300
11024360640935250
-5601005505779905356
-2594740371058953826
-655633333609073052
110772014485585700
1343231247810127480
5285245128038792
5210232806497734250
5793038329971287850
5989257780847210484
7865985050
817260851771831300
2479097500827618484
935940544785114
1972049615926212550
1047124675452905660
33147497473897744
5550140051922443124
-5763484140786376566
800175250641762164
440771752295152460
308006663504561750
181230607658512770
1896071133546497922
106590602793432472
38200513065750050
4936049756391915590
4305723447634
586029267885642
36813223917992810
4248665408060056234
116620428711719990
-3069656295504851176
3599242884114508402
4490779989942642554
120469104698648314
2189207778681714658
7442558466354154000
-5101695544672849866
102329289448318224
2148396325883522
2959742640012456692
-1401383612373399086
226595663722170820
-4715374841914328604
20437549702551590
-8882022459646843652
5504341844402661574
2499828247964682492
476346909020581872
4218780463334129182
1665209762262435404
44291958198545750
1840049869717409350
-739165734246976206
301386851605188676
-1543498929511006596
1577150728621384
-6266776818600097816
33904316510495110
173987974898065342
-6115626002509202846
1811950602981203850
4730491675449872134
1618251656121713860
4710657182717756604
-8306134917277201746
53789100666102384
6571199693346245804
534923480007037550
-5134140122407137416
1217447682713528000
681666411723000
349359834457494394
38007665977581300
4381695093844591072
-3929609512853621886
-1526342945761776262
1976816962024721622
8304241556635545574
834774830816704514
3193476400044100
-476755675765142762
4508741797933350824
231392086844952124
4668988634271360
25879470186334584
1095435146175451004
-8119855628091101636
1387979650053094656
3818645736266110750
3373152180223678944
6022476046718065792
148686850
161018288416458620
229933362647227932
3102108971695455500
233586676492
293028505019250
66711027436155172
7259285138067269344
19934618468853270
-6913046128855706856
141531722942297870
4908266141553149610
80472271580840330
5478956263104324
17657179103718154
-5452893640906221174
130603735900
4604981188834605684
64588681727740
1389917855522476042
1957503246187340852
3788924603356141880
-4247592648713454782
654402639459539152
71297967061626890
2115696948720419328
8578152839439040
776603604749256194
-5367597477606072452
1629574319016917872
610332780960456372
195364766477860694
2248506881960163962
-8332539048135833844
4736261378130250150
456261258346064670
6712929197189640040
644631180505599364
6054173145101024350
18792692412668042
16823205971717600
25284471530832892
76669025780
73874423545254110
12727838785862550
702805955716737614
1240633174913132
4041492603170
382103561484129326
-5472470943244655366
2964589530705255544
535819166940228934
209614080
-5014677537661638056
224050793204232632
5575046856480530
-7361461476955550812
-7851406202608154026
2393971617437922522
-7173352836284077816
4430930451154924990
-1261394007570575496
14342962529504
4057382327582603800
4122462064059428650
12559217659610050
42419712475140
900032638805657940
-3750511845798650032
1742160780358033070
31237711135869000
9604457284331000
6042099757905730310
-1879480542667708216
2138731851567590244
-6365609988651156616
-4303774343667124866
3208400233277492422
1384617268521357134
2183689819792733410
216567024804200
2157184764058494904
368020102953580
405495361378800
114334836207839170
2783004507669333684
2559693815627690
89285941213130050
2562285983340919850
4205164283100
2340544537545142110
878902099009550
-1769770848230808866
10142261804376024
32251170354880
9505246973742
7349894497708988390
-7156284387530892812
-7319561821758435096
1699428677334600850
18467952586650350
7386695316214370304
9214986662
190857290056566940
-1234955787098173156
5318093073113632812
811280662302671082
4331551649067942934
6213957698705850
1409845553097894054
27703289910453130
856543650683541352
3159791544202513500
2384689531707578550
1230024705933500
7309254515604904942
5863830934786539724
45559125812200
-5636774960749192766
-6087940014567917366
4908561093221926750
72427655460102800
-1792641110664148684
-8509921316395522116
1329557153994244214
940108621362337350
4806427375574457724
587379575284047000
73305740142189230
158353533110911304
3326473649805310
1165433216055538500
263232495844510192
357394497141160572
153799415165130350
5091883488476099770
194656083802582220
6692064587908720020
1700227591273502274
6090848660008096600
1522534983126767654
38580621180589930
2694277202784953800
7519226756209480
2608033909108357298
4293519842083257500
2142689191694518194
741257801627070
3238956125093390130
56703659161547552
2009109372245682
12082941801823354
7019825609966005480
588160112795410610
636944153091328104
173458481107170350
6315532617414944
666921196959990610
848823853050393204
52787185590040850
265149123579765346
72765405292707554
-9100015153692243186
971317088474540214
740333861807327242
76221225477232752
16839924511405290
89945181583260250
9138455402072854
7752373830906434752
43947546149939250
136542549495044840
4630338502349592804
-8246026106249920914
1315548197595303980
-246143277262464066
51074799068168890
-8603698192819137354
296414370672579502
1540575362311187824
18503825375967530
7212327509629891812
8512791791544040
53132408292832
4614907487108100
957823654693664924
8067052110334906780
424738073871591172
7729224765476890
241705907714783694
3333920017614297370
40742445708847474
239218125640898250
90416190876378602
5998785027753108410
-389946814211835454
3422846914829519870
487104033457966600
764905279985277552
8704181078037504360
1654353999736313680
3005824658848446890
1492358498947648770
68909716647765312
8663911591837251750
757869867889330
36394070341303942
280469737459876080
992757640089074160
4002685692213189100
3296779372431078434
2155230490074569600
1273755945558486390
-837785804106858766
3386976061332793230
3707966264874613792
25925670194226180
2450059295503001000
2768493922735599354
2853231950068645002
-3781369654733878366
799418801366723384
648823924781912684
2361432019036019162
944128580169644142
1060333871613747850
5472401798046481634
142607998407363944
5343824406009842130
-955126469654541724
4892652715149066184
267931162899886200
563100544788507310
-8381655065541713516
1886919812115488134
22534618922762104
1802039294903810
586360044907329490
7547493367130427750
45354926643214962
1094190650922856410
341301626396283294
333187461965434804
4325623202249081880
5869562709686354140
56392502622453232
6467533037239165744
-6934862260584449116
19040569087120
2503386521280975022
3035486982715264
-1336763966595330646
6354053709190201522
7863921996137990160
-2182919730261171176
44429006525750
2116358050629014110
-8606183162018955724
8625132404413762160
3419853983702
60451569122221200
253828863719020032
4155684446065032554
-1242512674883266396
5368387097536345052
134028204
853442083758145140
79637677415021894
970156324952353138
280331877094898750
466576319337035600
18050342674605124
939169636750126100
1741889532819758504
-4826053203394755256
-5465132049191048404
2321814088065134870
-4109042411976204264
59973202852990350
4068901036172493250
1240519856106787614
-7876596585777613682
-3201885894792432584
3569651604859678800
2151096912986387240
5520502094394610
34559172650538844
6181162419176528910
2146969284678801990
6255831619955168804
3049139203884916300
3952804804581795292
2564460361607805432
1793998120466375894
5274376427517229102
1028455912172039850
-91966529429129866
900280612040939584
47501732334578522
-5635563661493170624
-2820903242980367106
1231084726600604694
138501806750982844
1689598537189342234
-8542419619360933516
6146925149066464
1431037128982552
30577820
6438954124537594660
-1443363007616415954
3314982082202397180
703217975693783572
914918288772211112
1385115297344255750
-7225538864588702366
4412794511924742018
210250281944140
1028134385222122498
66593698108443682
626486996347384634
3084414257500
4096645997190554500
1384316082603366990
35559186621767330
47447151381685764
-4785422010979145944
6332246339541396274
5126993059628052458
1279341624185481584
239340526329550520
136985082669950244
3038627191258898330
2645147846616547692
62315582102030180
959036605911511600
4725645446776838584
636880384811121000
9775724863129834
11291500301730572
3780915178227404100
6711810215064421194
26748174361000
5669388619337393104
568527183969444392
751027885201856144
-4258711582325607286
34609940661870
788978516361380
-7690288710581357806
6665310173774443944
159419656807600
-4462266235557363172
2844210215731141854
14625260613095904
27971494916268360
787612712316927420
502042256800992984
75793956943710460
-3923621739647419644
1181973879977846670
253351591116624
-4773978127517876566
2929183536538691600
2512298823678440472
102302005571378074
5603372067849268350
45118048623115350
2719002250944374654
4285219598036524
-2981259120616695766
194446474515428864
146762401980695120
154702021617210664
3328626871441689350
-4613649187474267852
619748264994600
20288086659292522
430223197332676930
7328358161556327350
7406352063091267000
250043960321226500
4318384302773203182
6416319786038344
3937531830134416514
-7735903274779211196
6899486065454522320
1093807942725947540
125238727854860970
3534245019721191582
223515149539682
4919385252600
3820082346106282
-265051524232950302
4292452817039937550
7859722594589785920
71026850960121784
94530660840
165985572345750080
321022307174100
2743325068004775870
-2328750061974338172
281090738440327662
875735737051906434
161929629814496280
1202280287359258870
160700229566486610
-6729470509334076366
69416355565018970
10285946499199924
7257703016398033122
-1440367053592042592
1163428004821755050
471697122809246334
11276017295117302
9551264765350
-7724248269143756366
7325171623072495802
4643622203557222600
-4257403811541402202
4268497289629428100
153538650164172
34088432751681000
-8683478137126511462
2511228092884499164
29411662234323980
150964235118494
216516282944561600
-1366842427757974106
-6094423888372494656
3032661907763834500
1196028121956656632
578844840240804592
4656884872052594048
399901674931550
2875287653521716290
156897862868956300
39905417200334862
20144227010878152
-6018817097061469184
2927201878387523826
270203369737320782
2045389304879006944
5578697487985314
-8126037298452579522
6568263425332279680
-4493933215464927824
705941729019276734
1421905406062883190
3298094585754114874
311199265288991704
3020757694270923642
3828673130492075294
1734442629764251864
67359112501528192
8580674218797850
5044031879627482
28606951672786124
602404424410930100
7237553625554524804
5319659391006911482
453981453668655290
244710577988252370
6973743948952
1884679598272644600
339348812344383842
23314457416196150
221296459532204952
3551799517706820380
467233083556196650
2125283950164804
-8627534479250361106
5064953838527262460
-435345538965049196
-7974305993627532316
3303132128726536260
132489940965713850
1284361435653500
-8213313161344704882
1972645062131074500
-5449832687232313304
6167849290342178054
-3586693244085989746
-1976220040938583434
-4748521535206209266
5779690545184214750
5884755338598351670
-8455244737880297226
6508286495843963870
1101673553753061524
1475522752920414860
3403247681096194344
449296131990864884
-9136299567906113836
8477091133175042690
-3200505725773769236
-5673074013906060316
1440933994776012
7409163369012109692
2638105263396470630
7132359182322818290
8506902155098847500
5008561299981943116
388544423320368042
168065356830611240
-6024144514133911076
3281925923903150832
3944286529240124600
1404894680881692
4078022535298843038
16319242795319640
4325354932682599530
119739189158610294
3258856272092590
1334848342067702
1912858805312
3271252412584777880
1332106126086551830
12724449816638730
-3529068405853281956
46133451956271750
546030153171165082
1415974953726172840
738479558671156744
320354437527458230
473430403517741300
-2290582941543006126
1661803432903839500
481909850215381350
315269619333540
4063229638879195734
258053907664982
4096645997190554500
-4666821510856995506
-1426130864975717266
957217610730205290
3405959588886728158
1828911898217586644
132234781527521932
1823853172633222550
161496261639439650
3031428808579731140
1341000669607348750
8012816191452195424
7627227636960156680
2299686630386406864
-2785725833395920406
5643118501367485738
12532394569957262
59627087507137150
3337010600033979330
544667886943899230
-4724942554656599564
388412387609670620
23272282250100
10747054235517600
45681050670008950
211973421937550
1410178812722191890
5446408977444172080
-901514213844277244
1913910016080540500
5070996117904891790
2128437029642
334326440277515350
220424749984300
1009070149103665334
2133200787629043664
8437169872452536930
205955392831888504
2678324690764726850
667185270782307732
282821152543410362
360949091300
7484562124460928780
6163999506760518500
5720043451712962734
2718434131842152200
-4925342713820388722
16382146068030
1535078172336374670
479019315460655970
3609162886649197134
498252064662
2690373421999340
6323220621207379764
31379738126814
621087924018357250
4793375240410796914
55855026629000
1079718173914045534
3048932824217136780
589405408991932
445488017133264
7563389972320838110
607619795378359890
8974233518767475170
4690767961671042860
-4196492559276303456
916928077516636684
195210600662350
245333564639205900
460096656095629744
8173754901749993424
1550423442048000
4886773112559800
11067025213559420
2251135793466807170
1063552990850
447095463745692580
75639032831469822
194237034557245460
5769361887612237090
7659514924386570
8404010005623921880
-9035781782222517996
3023833004304207902
-4044348372772507816
478504520052341930
-6544285321490488616
372725449230784832
-7172252230418954814
4587293140065474300
135700691755488132
1351162820778050
-3210164941201780266
6320472333799752590
41395220316053914
-417352851619787244
3340324322274075290
98065746333054500
24791674600
161701432726039140
9454418938900180
336889928769536300
16343759707546310
1424469383290817444
406369317920831046
101531990747660
-4794953091660472854
595644398842430812
311385641910049344
893603295726360100
3521811688351898760
18530155589190
4869449052145993792
8372708820274837052
46598175167943872
3859120092273832100
407592353801474242
8838210464671784
7178926093468223822
11706050130789190
418979420035592570
-3586016276875280766
-8525430466494402736
6570465534067681400
3666080973975833144
-5700851001348794866
120798653162055310
1066421852535067550
2408637170481326512
31948157542244594
5648788466048382680
3523881628554666852
3897681845756486034
224867480268585050
47802769802068600
5067068021745730564
4221413984581693172
1414002264936386624
3071503467057872
3977380291014
1186339742332388952
-6086760854231543194
2062884555369310050
-8444181788679372022
-1178957416113363006
3939532317276244670
257915442956840130
1318682051884464
1955523182138895934
112571470830
-7273171147062372106
3196982583666962074
823737965218454070
-1317944765532001546
2596144625897110624
52570816398812110
403199990042784
118795263721898920
164432673321981922
-3507330984731174452
176702399054888630
567181477306048840
5802729920874890740
1108614852966289760
3412729579065050840
-4133410945028400016
-4973839955000319496
268331095323124834
656813819798812390
1857777074572214350
7964365319057191772
891631984394867744
225862170946972970
4863670118388340
6174592582358773414
6062083388984635304
-395430519540080766
-8978461668414545064
72665208385472430
-7575079385923754266
283140089541500
431364650889226782
-2258123721429879396
-2475741307228331912
1199202396682672200
-5915483165262330742
3599626016379120
982655385747558250
5772026021257203582
-718310270114455866
5522055567803067370
-6403239729901567016
1076271628200789554
1284513921865430040
3524625958134733436
95518508135050
3164172328850
538007116126922750
4705610082554901674
80566910369093500
1576064771017044242
70830161809598800
1953805985200816614
1354317285190870
2015908262871750
-6035385658740642506
-6307545979120634866
2482801309347280684
307969685325219110
1755490763429943554
271176782273199464
1335473076075450
1122010637471358954
3378052575216017570
-4331151242303964926
294586133006973614
6048306670819317842
5087784659123634634
23816433918750
1007427089551075270
-3729688916828399684
31948157542244594
7660533061334942000
89037840402361270
2271091647462988350
5255102552900065600
72016448429749824
36926109360155470
1114490257885050
-9030494229796062906
5630131212205439212
216407393094200
40880509687132390
14482842819970760
5615434478389170682
7919511957534722714
-4502325624538548786
330723159848518360
8218393641995460
-8064612882719970866
5675381125092024500
7684035511546324392
-7688163563254609836
12481557092692
816876517673460750
-1512160764070672816
5703889387104260
6014571257984936990
5642891699937967904
7889995857888845604
98667807753244
2175827565645395610
7369619511471672
-4095857283750278634
8336667052962671500
2284631813682642038
1621462302038590960
-7619458561899317114
5335655604009487680
-3758566399212775166
188791870110424
528740531713730140
4400143977665062550
19665517369171514
1991770643538368772
5768030166683804600
-7205784474244772432
-1459085272517733292
56103246882746410
56726912439100
856543650683541352
79691325423672600
9926750707777750
8089338201975047550
8307742447784592450
78225848370375750
25426553363731492
-5164658724889047616
-7454088098824594516
1157096854504252
28420761306844984
4480304130551709460
101366832641214140
-2230675644876394584
296162933618174000
1291658781551922
9133893608199856300
-8084257116413863254
74595357376850
-7475131918377813992
-5637380578165034546
255206551670
4712272911750474
130032351385664820
-6937656960608589066
-7561149455520407672
6158778497479779806
906150475455240
127475487483732564
-6000453988417565616
503633519712523200
-5599791670692448542
123422188511496394
-8040795667448780252
5270330745659003640
-5247230451774201192
42466745324040
43358160939702844
1828208668919126004
77961585111086600
585102458090517612
3050164299349489684
110754841639225700
3165306553153305750
1312145564718373660
2737990563990102204
31732419552369250
463905905039018442
-3743797187838166002
751388742324353434
-8547911435627068066
904835875563897424
157031691144642204
2977340942851991380
3726403498379806140
4043337564188454
3404876059642911750
4107473931739027500
1141145981455332314
9130527112492800
5416184831643894
43129320564500
-5637986174106773646
1304049836124080010
3743729871224
8977016400594982740
680355246874876500
3051616577211202742
714828269380618800
5035264860662953434
4883243793899763320
1089509389692902360
-3129992750687300052
2105393536223833130
-7081727953642521632
75239911441454914
-1875073191554636516
-4963144011968774752
551562030898278010
264516768597835364
-7959197761059578896
443244541704524560
147103739795950
8185002467306210882
-2173500841928435502
76114464194904
1860767765251109444
-2706006110379756794
85845166854008744
2635514175775638850
2098835311156158822
3696269156763754740
34159445980933000
24516406111598800
1831726844360561954
5473244363506800622
545178437711382722
-1557661421037619626
40233844129410670
140067844560
279677734274976464
62886467951025730
2763782335473617634
1888834013903802
1087449335830
440481517623048792
141820888023644830
8043530426025540460
4689791818976572
660410312946444610
73861750306062460
6384849679415819484
-3177719404212820994
-183799447031234316
72675768030320
5292454777502251100
468244843636195780
812504683358658290
91670513872
2799615618068074652
784625810341724960
15353169017860674
918018094619337600
6214539531266144540
5542271742111104
8598154355459488470
3767594363232422100
160947884154134
3117213808293985934
-5438196130921167322
1843302110377740390
3756480374637215390
3622820687242341734
-3585339286534803072
-2657886734533207816
22944368772780
5167490078435379654
615785996925644000
4031876424041130
6538223380873868684
1879074891989681540
-3399654039474495896
993707287175110
850982750499726572
740053103165000
206037439508309420
4650133143853324164
-1916174289285208416
237205284240441440
7350293765860611350
1740127195797653910
5767697272477821620
253062086106880180
6895679198751919030
715315130637010772
4532719084589651394
4895007068407435980
3821334077098604704
-8716042407144620016
307083207471626250
1148669750654454952
-6214208535238415266
-8029908977528413684
655634480644350
333187461965434804
762421002911216110
44274689677478260
355208331176944350
1409137400105383650
1918571588051329092
181777790494811000
3738893453855939834
81886945459986702
453042292799808860
1745961573187798344
500539265977679000
779493381364825050
6763428377126192380
58672329588655640
3368034742629299540
838967095882850
104323033449862500
93477628212448172
3925794350239605550
-4025824216283224266
12092723799748970
367209683574811662
182975944157292000
-6018225056078119936
290034863896158830
5896003505589116484
34430308584585760
3540968945966931884
1868655781279452
6803278841065360500
-4703248557458857422
4637400747759368754
4832320071352212100
243933514050541770
5009318390536018020
7574190101080332
763516260361015770
396126275516330220
656871976852
937464194295266170
4897224903660421134
-2549214812667865666
221234886053370
11462867770732092
2460240525050
-5546906529768273796
1681923693858928520
177591028425826804
36678103260817550
1895059677284766300
1544350430251143970
-1942556019971898606
7325968160250429300
4215095603900154120
247680364207379950
202720589791196092
3549485987272664740
-6417111542747047732
-712127336990280766
263002481298277000
755421563391110
-8979427189545796566
-8369519340691478496
7822840343271970324
-4373441874644731086
25250404458580
558521415743959850
-6694878563335900212
5867119873164004
473022143735614512
1859058357366740530
8777384595817803000
2486341393173640094
718450893914263202
2041557894714100
1369989271454654592
28069505188845120
68202700110833470
2702562910578012210
2083127067781360304
412634460877596182
1169478784896716058
145912662678510
1108501071608240
95259361359461030
4850714794355738138
-4896939622741723712
545132299863660024
1928856928512514
1440631696596018630
-4271784318810404516
4288839654990
1154436557208126350
88819357630366610
-6995114656213016734
1924556665596145700
1501436692784894320
1542368833463546762
4778904065071785264
947001385654841284
1856104805399535004
1984582328204878220
726089137865759844
8578859053762804884
133731717698206230
317696709667769300
917766466000097714
1379869644274763030
1319177622600886972
8894271663095572600
5607933935397208430
1768635534047550
92064353844885240
59422291649506720
3384520342399719692
82918658735876002
71248615592612320
2392930486395750
799872606540146482
6460551780477063478
3610983560368453366
1280740909562700300
42858912998268402
5500602980842270
17661511976580472
373664998548870210
6699883108197329050
325951327254080000
3610240492282940230
1663767984465632500
6728609642834571954
-7571330335993454354
1249586218502624942
5953887847732674614
2106644462415438022
5653378033875293040
7101150663846694
385337641508988768
-5898198395988316566
110086656599370640
39046269047240
972980877075480000
9099636705503495452
4016125905431772424
33918452757578524
21371735401804650
1124352673831967750
109932890389547500
129240082273330210
181056763376188414
254853942829739600
3402692268129000
6360499419797562550
2358536837954297550
-5162791748441798844
1183126095381230
241798418852415040
1597562072877840622
8731862478054556250
5808881373370998648
825285792842808000
-7776092927901037294
43010766421340250
4797143123295443340
158280648179500
46589205211718204
3809369653321712922
-160873597710940896
111944460988900282
6508452731449107854
248309010878085080
2696158642886434600
880197593461460274
2383002535806676894
-6174377564894688996
3209901423147767790
-1117505378772598986
220345660216023160
16919507807368320
-3230158715027254012
4145280962343855334
988602108740
822578524082248210
6194848291844424520
-2899485573268662394
-8751965511098262304
37570705332730460
3967367814807920250
196391833280875050
8038405265482272654
232637780694
5759062975348328434
11728347868496974
547281140552532960
980259934142812
5869016213783272
-6352853817395072514
2655366021104944512
8486426442171078720
5839601709335005480
8818048771391862860
7920778781038212600
1485674844794692914
-2552775023745778886
7434501152291972550
7136222969349502
62226385311725600
4638531456270031600
-7327188760707369856
50777556032244470
151766683193972812
6404316367562654132
481599525978340420
387884581252485982
165892554462268750
5785026888085992694
554889767974443902
-7747019641499748274
256107452240587710
3740096063527120024
1231502919117844100
-9101449440456183592
93462508295245804
1453543613120194
150599121910120
1040290127934259510
2512120344772738154
1833535276797070
1111032680980736360
5958798040851008484
386910357766464
544720608714744
-1571070307166367492
-2486457144011006182
452647292890234544
1694508261044926600
5029714621871099902
-4389682172450449436
1019811272550
24713124950872
6692808913918830850
1135035594983295240
4122462064059428650
-5063560011748377232
423468925382142250
7181280027294667540
9489944726444
3211537869362550
-5504236866587187316
9448996337378332
36211008963430
1447560364151902
1112679061554945850
1607626494918638194
1481234367340
587979919750686100
1845708709891051250
134266571267848800
-7775036756752503646
5564384419823305850
3753826328765661500
263495554317757500
6404162072008250
14267476807183600
303996534326520
22712013217416600
4473972389260955000
8168567629211753570
4655942334852258434
-1415635323906580716
62326738439444780
6662342420951179900
65707045418530124
-6032428202757446436
74573966998984880
139622049979538284
5284316772797639484
2634959191130282172
2088073234659339184
592796116707172
7184659320925730
335389491017773192
146148326811145750
4143981901678816544
583309415939111642
655379343450028362
1131008356944349780
4584209983636434162
46562303112974350
3291095418186789290
4399872249221358980
724782785039991754
958256719396922764
124337333797720850
801083698258071690
6088695383084237978
6806670462575227290
1617096991631209600
5879503356104
222337200960766290
109830469111501880
3204756678635256850
152532094
88224222731710002
338514462428125984
139315857657959864
4169561486593910
1847975896672324874
327420002139409370
-5498743097097458224
1833840185456795824
14193772591925850
2782619084458138640
17253435399136392
781127065317080482
7436514867177709250
1211033157234837860
5513058315017329216
-2457869589241960962
700269165213250490
1569532671568612100
3578253778000138342
1803862354542965822
3061127162413943420
265574035897799220
46750862690615330
7107019344626628130
3449710054375180302
5106451843156329554
62003812265554250
908825485391464760
8082904788944901850
4641807737216088984
8197561518869029164
9258000458542264
-7226635566751456716
81928028156647750
87963890915036070
858217222582950230
17291788978682724
3161911847909277390
3604621548277800050
265953835240847894
6902532693524638612
3603217837711597560
1510434375014483072
-8587285590559526566
618694968197222
3605521877344793768
39356451631574
789483851467927770
340065196165584500
2071828602630967670
61119485515042850
174325556059272464
4309238636489892
477322065338752414
1217344020887070400
2211781125428879312
1790949823672666540
49563946390301750
5015314291660750
201488932416072
7334734357322388814
75832725128716682
146269223466982
60637156731500024
1969669179028243070
91870169961262550
3746354311119540432
349563100326967934
4858317241374711730
34969629590276810
105212455182238530
3505915922152644
177337049049787550
3494985364903161714
2181280748143766150
-533675322421793546
5511752502293184602
53859064801512980
740619448856954984
578844840240804592
66336118413161300
7022422561154
546541661229389854
190934783316042584
-5891637428902993322
1756309362193892242
138688615059922
5558641182114350
1948194600753829190
8295494169522410964
574990829078950
56247735298952670
2683741812540849226
9072020107157646410
2581905246787685960
3881826847303671602
-1763865023285349222
62389507232864524
6474947000
13642911621242590
18770003690638972
47620152602103250
360838372001649850
5636345153576269594
397333476881549100
3572773075790854634
1242202873487486262
12273115274140890
-249295675442539192
1063140460799217350
60440665487342450
246947146306350
3229675843789850
8394742784156302002
-3219130102353001684
4361954308595273670
-6191962023384419416
1563145932715075170
-1499463888278190004
298163590656569154
306051403646546712
77287361066832
4203419295626434
4459132938215189234
5571228934358151906
285274702862187946
4001363509454716064
1169250257243684820
312318781060176044
130594932255777990
1096968289613380132
1795246271864795750
1433704983739422100
-3942909046454730016
7466769707442522750
2626460397502130294
27088962222499632
7382688547506011474
191374357627207370
3024448347977238000
2657308929640714806
2437472315344534820
4381695093844591072
304875385562182600
5489264815900187322
6463936659120402042
3696507596257115640
419398787726457410
1045736580923010900
-7092796583302193142
-4810192446383549906
5901324392460730
23684868873326980
2975111547343006890
27843246214838882
2741037898412453732
5957749821153751030
3613052426448007844
1824976425825144970
-955126469654541724
-3431062885726439276
3773644908084214850
3316080910572415150
251501977239793830
3780915178227404100
6284183740681880044
844975906639954254
4551512501175786300
2053816043841638384
10639979862937362
-2575546216654712182
1184409151665987170
7968182378482405184
2341052333528182582
174977992451894450
147463528842764512
15818707432161790
1486208885183178772
-8207682709976631614
10320656792354570
377527118529492120
8738224890625533160
40807373357494150
1294905551712218600
102820724634795050
5928810854585959340
-9047790664946166096
3299846120606222350
2620344566098151734
-7509061937944033496
1121230772377072630
5494077802317909182
1878500757964361350
8685612567580898350
716219961301083250
-7415699852602810862
4832320071352212100
7952498792740151650
5670547389789464
5151532492001350
3134852408965002894
6460551780477063478
-2874960509410936354
42682259279263604
-2047038397539426566
2716919582818902500
11904654673653214
113773106742528402
-2823012001332090232
500417654460381404
6921596985017726312
390624868745384
4389523442795100
2936983834943642364
425798804108692418
518227058505995580
28207606763490
222047253217790
1759859932205661490
992706469985412
1255304392090248284
3729523049078344102
81576266317000
-1465820047249581424
201345974219005994
4757546889165853952
-5562728358338313444
5492152228109381034
1524727331069034
5103544492860072
870806996161956000
2735798910094732158
5467805406324570100
530906777403206450
461046760729436750
37570705332730460
900092925731300
-1361581562060837952
510729080099395850
1686949078862855724
27106883470081300
4078022535298843038
-7370696080939001176
1167340566538084290
156630462956082990
75458588344657960
13568086156349712
392876132353001850
-278435949363248896
15675572118425800
148659064775783380
515042836911711248
138420598332796122
5617310934
8971914944873057100
8861437207391300
-8283752609964839716
91825401954164032
2193507275049237700
549960904987172184
1498670564745200
58491272418733532
5997121861090430
772356739661247818
5260283779344390484
454129875596863284
213549084076850
5395103976964203434
-8402866205057102206
5700087571647141750
12210571643061500
12273115274140890
72315333906315500
6491675307155830
1546932153989530
2682634242827822140
498793156587780038
3142445251628106732
-6583783805932225102
2722791987611813364
4619337510062822162
-4055586471699244896
1391865294355016800
859573814134780850
3453107351424916262
4914937287596000
3780187678876570742
-66572477002586714
5417766411477284970
-5197609537857052752
3221201921373170
39073491385706842
-2802618394142689866
17283260440576460
231660768428459500
-3735736561361126576
-7027930248634050576
1342561782391840010
35544540529576232
-7284099625263209336
862531954698258152
2032112719849827230
1528919905770634720
46580236550564500
5732719618530406864
-2423513850120967466
4954270860188842484
1174023161737622
6691692448186002972
10361263081732882
3459753036460050
-5214372209488654536
79476895900638880
508678783489168132
4162717859284426820
340144864324217372
192831289353603586
3957069112543668550
-275287337901886326
-6887835155185348926
866621898768101350
709904137364884200
-5270751497183321746
16124099117789600
186212180350900
1857919406610913534
-9107184936854580746
8331841048470652570
-6789963655222639376
-126048340564291014
10358358665451874
1616445138654724
42044854683000
402732232384600000
4564653209458583934
1987874553188336554
844109136794071500
8243154880962120704
1256365462967428814
2875090163670903640
2668413753101946942
5929830431398199634
9211207000772675990
-6396299326304346814
1781414450068137500
106824389122607024
1445577847953516134
1178568037144850
8130603033112479374
2369962707428358112
4360874552907207500
870259462969600
6489248741144
4938097532242
3718972467419394220
-8578822607772945904
5616087054900247030
8839121512039919100
-7524654040037487666
-5390343101385321476
778455099402281644
232258676294047550
330021591178981300
-837785804106858766
5567750968853500
1627803713116779518
21668234906686942
-4399419601919513746
426954134905413350
3797676663945100370
-8481858703893885872
298395522548156222
-5166525504535481102
544318600602495626
1023987312073979234
854952963852464
393542331333547550
1160825099984742830
12819597120892452
1020672798992502796
1687346298831654280
582414441846830082
205982739000849272
5695469590136004784
106958153855237300
397288716578890920
21567383205107212
2929984678466812890
8391214430871309310
89800144350
5986308818651167606
-3321602353510335036
2391046562167202850
594917008454438250
-6632876083669928016
1898095260673439674
-4332453911971542072
198670954261712944
1077162498372573340
1853510914781570850
14186417908795440
-5326333838852956456
176215367104473400
427237659202896850
4167672647368417352
8621091931742754
9066410873628898804
660410312946444610
-8906322392412185302
1467277737796221030
7729129333834991524
4932496360370661964
4928233059689900
186758376228265100
908908742300877500
972848416573352
3734139863841580606
6274604148964934770
5102123517791329134
5707680351338407750
5702727678744375890
379469366975491650
429795736829748940
5466206484776140350
1713048563503384562
7536909560625595150
414202352088225754
6824025225725808100
1901483530040335876
-3964169290475570192
3137376823974540
224342211341658872
-7468120672005999346
20836885562454000
373793256398933932
2246208473810662750
86228805347632640
-6496067175993837766
587402530
3181894902105749720
3913834241474156454
1355661578701601600
669168324972919552
1997628381387819164
2328985978350620806
2802133054684967850
1646942692635240
395021118800
928802538762823872
13313876392855500
3265599500144829782
7290188243715194790
2883789346342812622
10387430321914954
2442361474840673094
-7640264442359881326
1086460358071497192
-8662218095012284836
9013252793537221112
2061191542853428440
-4858366241800997004
32629433880330144
2445863549776357618
7237948307918220172
54805210981906462
318455923760150
2857048211239770504
8849237051460
3062369310422069740
950139634927932372
75613235254807250
1097047938467196154
750948417264122
3098424158408310034
624851021350512600
-8001355733789207014
-7762885152410857694
42850488503925314
4891526050002879964
422892616593062
236597847883953110
10025568066734500
1172673445372947312
16906923310021250
761254027550230102
-7203038747495831242
507709747888519750
475180520950
3004395638790795522
6180524829004621884
1241466342803482350
3053736320721509834
2435379209890496674
319745492304007070
7246635404640506000
4920665561641461944
-660281760285355616
17515952517382
15108274491062
-1385621316447217456
-4609157749335169046
10216788645068432
-7531638188976268732
6084751498605694756
3738412491202197340
-8791708882640240872
138786317635078800
6656409888570333892
11711204541500
1439338376148384140
31012362428671624
116698897432852
4287120674754918000
-3128607703047180216
7661768686540715670
1529288878355470694
4578888192565654730
16031215502074812
155771376812550
7418406152346505850
271782290718534260
3852475101865371170
-2606106466376310186
367885221847320870
39046269047240
-5622233699218247946
732457410651694
-8186676010770843756
2203067123672660026
2208538530503221382
-8219964336954120466
237053315626446970
1213409774325514084
563623998521998750
20471399370592
-2667094545011935274
2261014747789480060
210875658041510
389383740067344
57581749632536094
52826597086315360
1675855365041108342
424267686725687182
6354411675644041570
2449183628008598800
-6405552531412602822
947130531015205782
730743634703984902
4027802429328469570
189492127997664100
1776867538024247592
133060473340963140
2565004172339697550
1041857257720793794
2842056018017625500
533358730506304432
3154707166141663000
-7940941923816983356
5305480917979737556
-8557890704545214996
-4950552397543554142
1730795627935076080
249664652922037234
7461115142112053884
-3685282530090099526
265739519766110390
1431830866207321580
-7029041404248173872
9687045208627770
-3058540559071874816
2627536311771750
40370614001885050
1872363913293309434
3495213998299757602
2474496993134125960
-9118170591903190522
23609358539170520
259830628336260020
1093616626279289242
1233752023829293964
53959131935911020
4652172474436557208
76715466592248600
-1122822513561556754
155121647113400500
38697545849274690
-2097275158795973212
98426748232497700
2518730400662057310
2094466228359024
499032785066690
1719486172654211850
-2657178274546615902
420130320082388354
1267440520242627250
169100754576976222
-7607174352428307816
2681322089892324554
3553686460709968204
158406902349124
12458852592606750
3477414249897779930
5812433667015676960
3241332204313850350
-1467316391870427266
-183799447031234316
1962393053989692154
1866331483263343800
2406389850698201550
2624742537345478884
-2863739392947459146
-3402387197801799366
-8410433481170778216
10501394874094250
-6056663745923201696
2025878394713746720
4432569635070275160
1724680251943757884
189440756265164320
984224792993030014
15411770075777894
1391958599916962
3432761155575542252
399901674931550
628252405981633860
-3519561205060855696
24427860195430120
2213384113642550
2417121988182662684
2918090180423880
8758699053719526340
61042559591255970
7361080156273193312
1798131023851540
3491557209780138394
-346817072333640834
1594260090450865754
3861483374107485908
829068599794651984
5585802359378862504
788782062980232228
-9162967774830585704
1612539375850818014
1151495637500362
1136152289098108238
4607512222324993800
720127510514714614
2815134469696351972
-5872536349948285306
546371118630253800
3631515314
422296325891042750
1528796929747360672
3259086016233094012
3493613800066233250
233969064357108672
14591435581740732
588520623131592580
467136322200985096
6529431109104778884
6321234498984200508
396121118337690
8878296575500
392698622231142704
93036899519124
211395387872127550
2117456852602854114
3226018680755605840
8604443564770387180
329982647897812980
4106699796809528312
163786939466061300
-7830905885610992466
27250683507600
4090972299577486384
2741228441235186980
3414077259596509510
13001157200196750
-7526803365816697816
7123055666227424
127570922312546804
5276244450681431670
4350357437245845034
4277269309504323960
20690038414500
4055337120345145012
-4011919376696447036
1363996260536436720
6436062290783837600
8565864292615735842
519375251447384710
444411800673502260
3626901668961124750
4841655324954369012
5993190145680108474
-1355567656079070996
1720964009940309814
1197665669357359840
1460017486707614340
3056415628870748856
2087783644932186894
2511763415490401450
2198816685086190
1826935345130
2583428781951093764
120743681522328984
-3657646188585222066
-8446696901617538412
43913215763057564
-4820344925640101914
1179947357240268540
-6268526171569608884
5132021658886344600
4247552420345637104
766809113830434900
-3127915144002833966
4124532607102797694
6534738816101210
-6517324138581808004
12279712762425684
7594440105414370560
2220065904129795310
3474226633817409600
767248964331312320
5209307511593655162
1124743369401533620
1500033586194000
-5126658168832950766
5666851767642730
5045761781073618628
7110523903974651622
8560043849544759880
14776306128852724
2191412260474336634
11995170643904200
3409575858617234684
101849738589344760
109634519566000
1623667714797304
-6151489485546753584
-3931605025742170366
3423972450209935540
1266158906420493960
4176209714344509326
122697425619496182
31680815879570
44085069027343674
1778244469883574882
658054579641865420
1982153599824983738
992579739153810962
97284386172393000
-7373411042563430646
991409307350
1551674074988785812
972455239418353240
-8061508610360377272
12636573915822780
5454993424985468726
7220040317559850
3537473842829964494
-3789411519784170296
5201601512706518812
108014450154440
2355984477948951850
-1717301820124104186
89886435080926484
24494247102430274
-3698076473117427956
961552812124718990
673029116854822
2180549231502363178
84141598134839350
17347301437641070
538737919366584960
102415307274229950
3096676771823653550
5394138941356351814
57382247655563712
460746568872039030
503527422833050
583003160809050
1416091058486333240
61416881054565212
1484831105833103166
3067341683140720440
1852374514150389702
2289348197342885140
96616159053274042
71039157618083512
2645333367959385840
52737952235607100
3281925923903150832
-574138280109197512
457702932603294840
-8261333271484868734
3236952503306074
-6318594211900463872
4362764256937307092
33223995679311682
5467805406324570100
4909446027988837580
370979200103042454
2647189118172101230
333148238829925500
658642921158547312
6047616777778070350
2588287447286963150
6366591537104426562
785446359997919250
10070986610085324
678681707976921000
1586271202840631746
-4274397781664214066
87100277491350580
1811391921174278144
-5976136050511395356
3793784989465223610
5996728247608474992
6215150969188358874
2369450215344287790
5667163518831807500
358015051361672432
4894375346387501336
-5942863751919322816
2179996725258602250
2482270623007164990
5686571407569143590
16944697876827140
2494497952027333322
176264024940307304
20268860992380000
989209562190850
986722409427154114
10199553809814534
646047981284514930
1630348616045809644
108505494493163574
2662256703018972250
8493099239076545780
434377370
79812132543117480
13757525955776750
449594794732499130
2108365396008301760
64439450384641094
-7804579927058087266
10726171210424124
558694794814609860
3027398261265560
2436076761865168800
1410757624650435910
219570015133127362
6179409461532350890
1238208500347633700
579379231598676124
2663375373331277850
2319282865154710
6850877041108124304
3928415570380050
167434077732784
1419112289238885850
5576059281920543564
1030558454590855190
-469728804057042266
-6466720488432895616
791283279733937270
-5897005684190793914
82422227229363784
2649383902869533814
175292780836075084
637901252051910224
1444399039455210454
24627426764494750
230527924685266362
500827013663860
1897764015950790
7659514924386570
5267842252384562004
2548005821777353254
2451108382118318916
-6334281357016769746
529128856007807874
27867640467812464
-5575496898844160122
811795200310395474
-1103827126172147904
735917815292772550
-3577890866074132784
5122269480831950920
59046417613232830
135420939524844820
-4632244927224775184
56943083146422550
473481454565865564
272392462952990098
-3340115656459169292
-5055422213112058166
40847992525607820
1049997782819782230
12738009755332600
7252167627044143510
337325204060480244
242257941424
8946902963957927280
27563861896458314
800705084464671520
3970134298158305004
7598123415619159500
205381752004182600
32870435304
8251860847958998914
126637968060133222
64393704376015872
-9189578650734171972
-8614131901688543092
3067548996657012840
21779579852354370
77803348884991030
-8880562989056187016
-6267943074852155636
951172976404188010
-1313425848206290016
2325906905067550
5924054567808766480
-937524586563311516
395233827383912790
4554579150975886494
20592698790721750
2589382725702389320
-6477659877831948822
-4976984609204720166
2504810893701003850
680020291766165350
233097690790649300
-3851623887515329266
6419453145250750840
7587895305137189400
3109016982295840
1023159756123847634
195180848433545150
2537379890139942082
2748667363248394392
792860301196116300
1139564196850
13667316481680
369959856915079522
16545016620211860
2063962469855092422
5363656940360202792
128355510596126632
-4400717543516895512
705941729019276734
468244843636195780
17437257623581250
1004282859371748880
810243115338580
2964387458156042100
766735823804290652
7334335723233560050
-2032455400155109616
2047531828105206300
2852250288550626782
487781032812550
187114370740397562
64898252223303114
3407791497100590184
-1402884213587387442
324767926884305168
3396920877848012928
3729283014127332214
4206842840639907634
1756991746495292112
110411803832298670
1693180254895336510
868632077455663950
-7307568705738259366
2673272279140707440
1081437881524
48974295482750
3140967786503538600
1427387201077061644
7863012640032
618214413643924020
278544313198989660
210562795863434
2128437029642
-5591899645647595996
-4370842121705678864
100533866036683794
-8184624847542564134
-4973839955000319496
3292406912732119000
3527349156554619384
2837946857009366830
6731225718758608340
-5429616827530265316
646950796920479242
-4517164457806100402
2403593001154954
-3478764578081607806
456608936412538184
5533663774879231000
981772916429725750
1198674346022823588
1468709165128967944
7249796286866067092
4089182070251353530
925337859918387734
-8763263115838475456
15643896640430500
-6854718176149869236
831058757031932
-7942507643057134016
-597451089490392452
5637696477270
745128352907267450
6013842848230321984
189286703737701752
1420624716207570300
-7173903108998109436
3252311873850
6021788364645062100
3506430783111624614
5788030204374607750
4250993734426808460
1034956752083843694
2363477280483481800
-6145615593947547844
304361944799496224
775494294461491224
4096388450435533252
749585756327642234
1539400014633214710
20077354961749540
-5528023001854804376
2609157244239687262
2579355674262602950
54967490248199670
9856615440922250
-5758073108293944846
1148173625744952482
1366354648598902
-232741015450862154
1119672261879039022
4041977617026970346
5205299324413946450
2083437263686680720
2987287111933604480
1257108612717677720
12388955822500580
911242259124072330
172498862473130050
10821885478642700
5345924501369678364
7545457154576805380
6107163656525091472
630021544118302182
-4975726813588665962
4204985402461206594
499635037646980400
3280399539723934600
5079767023656243510
340909024
3653301240788930822
3827693979770527972
-4001318465869224516
193766413287941300
4188273598424927184
1651746108750359050
1757050214531480594
8017502941582333522
117820951783958500
1536929274632310980
15415682768362842
3026910661875728362
2511049671032541300
4389284652786228850
948333313576619894
37502057516483120
8555568604467929290
4138269661685255740
-6462112187067569076
1078392441812773802
6698765757497823114
1579496509534980454
5169124844827598984
12207286508445560
-4176145296493635316
7622713068014279690
1963134088959832100
2786733920397350
5267531252699332500
519652010731504
-7442203879840234794
8353794327547920770
815409939522794
3776067165414262250
5738571838685940084
6556528192468733584
3503756511553205584
2098848108186614
7229269023953662350
2070902010169421352
53839068088210574
8958939232434150050
-6587213804642252616
1592484221486443362
933550491791380540
9059404433377914
7872325847367141490
130575502582152342
1066140293141050582
22932590942229122
413187325056553320
221903113599542830
5083006495038217184
3448479110818156294
145199269188251350
-3366142617930155296
84547560078291310
424988942484265234
3292844164672662782
3124750032460468790
1796287013470743674
-699756619101325606
4593744765140980064
3577555725915229920
2985661547969746100
16706524492875322
315996925280794520
1876205537422779710
1043056845251993930
-6452315132447498616
1300342763784777850
21993338477962814
-5552993571945419836
833135671157656750
2881414886936157000
319951103016350
91096504626434580
50130084709791100
-3076600571974156166
-7353308502630665192
437394591622268280
-7287376604931463504
-8849387808500006056
179184997486950
209938116025092
-2877063793897208426
3540012326896284432
863932109834574
327303874022768500
1506660167878163914
6534427909790229734
3423747320930537392
7396318215247587500
68441754218129000
76728505309573384
729401416829058120
242137853574975050
4882030279376288374
116263848370406660
-5349749061835526866
3637962576500129462
319403342354579630
-6879983318463329216
-360940756393725216
4711900032751319760
-4378640300141371266
1186992213626551096
-3411950319867894782
2147921286588903410
692843100428283894
900115290858200340
5523988999515144600
3418618496555944484
28081774557966294
7093791588166801540
4617646791199441794
1992469144377391944
626675969197508010
-7947203750737986362
6006765342997300
-4031780357000813706
5135682313334220802
13153345690737980
379469366975491650
4517499999989680
-6743059499985800642
-6973384198474433322
68273693993360
2479441732514423782
5677683655476125692
542346580838642272
121957399653824722
2780307385825623502
360949091300
2083105450173020
34962397237818512
-5282500224670439776
4593798614819383954
12138451678618930
6001056299162829966
3308394845632517960
1914637826144438850
40888642010051290
4497958260687726772
8131033704171402882
6241718086764680
49711496990170
28485583456374
589663332628222210
5187744972106004
144003773888413950
2044777464341269422
42430844823461164
-8217918166807774944
-2538530590712690156
3441924491636744
-4686002655056941626
18809595503680
835651997907016444
61593626789308420
7310845057946348384
187012606135757840
219656096640051500
4546497687666108972
134061053735834
2941820621258665580
7184812013379356932
2715784086434752740
718226084911300
3126852677747767430
3871584277200988206
-6440781497130576566
1204335503465142400
1132578684794422140
228871078172
504918087948766052
40913046258829112
-5305356775501718014
-8182060461037286664
61394814613968850
2275894100022174520
5165292350678045878
8348552686509882
-1244023753781313794
7307266702655837372
1843443609871219290
6504278406863433730
129645424979680190
350254867807255670
1359832874204
319745492304007070
-2880568794546891646
3708205270058965690
5688877341907031274
4152096413743110278
7273932028969883830
1436871728154318262
643345203145870654
392521172268327102
6666052266875209390
22659730100470500
3431407947053949174
-6899605414046380156
-5748449220198416566
78543850435808450
946958798379752750
100517897930488350
1303276452924264
-1266677994565285164
3300527473100
9104323726538582542
100677664619680500
1196232723493191980
-71335867698080392
763735453378545544
521501532879342
51863686704830
8916865352662969520
4585334195063445934
1819505463337021110
16372397674328014
780173350609900
74217217900838474
-3491692546042120436
1964172673011061832
2115416560786295690
2458302052229044002
7853540389606912
17202173184
6869075223660214600
2763974062867329312
-5557253219528245632
56682875426317550
2501073211851133560
-4712184492743789434
108014450154440
437731431477147500
6221090543186145884
74778400179082600
143377539093874880
4960085422895209310
3686027166120692250
237479011861444430
4366545507384320964
8377112138949052142
4843932835995702
829087189136230700
788978516361380
-8756387489592384196
6604669077523980582
1087996726846264
-6089708596875827964
-4402015395167007816
656871976852
-5537162779713562636
121514993948563670
5359417166186946224
1960020807944110510
417537338245962550
2336316116257428760
3072496736840297184
-935227709761453726
210615695838316300
1978606943345064760
2612096406369724470
281712770090579850
304408581648094
172163938485999044
5409045454812272
3437500537482722130
129548828452166970
33419315869893800
496612151366058574
6769432293971720100
-6430394115356869856
-4582828786513998036
581937543646048590
6395678808109262280
-2325152282083005382
98034401862997600
-5591899645647595996
7008260693272541010
1791365271591343112
12395599955855664
335547195354983634
198272012277601724
1418647170142609044
-8737706618282031342
4717100785039780
53093202228223474
1984582328204878220
1814885803017951094
7589531108470887422
74369953273401720
-4048976622085653456
174598668860
-1145596376283677724
-5860587113092028976
-8848900092523881406
4491883779661595100
134902547476522672
1392172793600
3000202718995441944
-4750432011688940424
299480327595972642
2328382197466530282
192711545112130
5879503356104
199097155632035752
17155512791522
-6572917234760537116
5364237365525199994
4178065382558826624
1179542365605453850
6217004232772165924
17717911920959250
2060268520828083370
14557669256766090
384379606059388262
2686386465821462234
3033484182856324730
3645744925620
483100825786670
2584092098624604750
5050474399229778324
206776963191697094
107914867321368144
6358991251240828254
3696269156763754740
6792358904346675114
1406480391859925984
8150247956912334
17395181050212
32711913121017130
1269257980420500
-1150907045137955616
1457998947577178374
3340324322274075290
4923030016947080060
2035551213519250
795355139335488144
2387363294752558964
-6063750358009150242
6520360581701142
8120272059214476282
2818635084088973800
85152205373607442
499156824808890710
86072353299755152
-9092362835770772266
1703426064174974750
4699611915721272550
50338879044077792
2997495893952560
6137798994284849500
-8480353674179308426
4324281979197726560
466576319337035600
-6132097656328859616
-3974126979975212062
315168406483356342
4189631051072377194
-59425654601696672
2676664092848914
1250326358960856760
668242350368332940
122604738684134512
489612101876009840
3853173868489374
904421047930763234
524262594056488270
3153933780595926018
17236409858961370
-7203038747495831242
22010122728412
416655323663398120
7833305026749261024
76872040922865202
-8356359924818213016
5854860497883436114
435233832056426550
636784619386720
4917120475764373030
5905396855001251710
157769277646606340
229808433470
3794028131454914760
41898207499548492
469207536848592962
5444495947714389412
-3517523356671102522
2767609776428569056
31078514467567204
61737295117810
378303120991815552
810058024739117154
491446998437609830
439563386691584610
595462488747161490
2412669200511686934
-7591135765095780116
-2237902204321876374
2732473747475223752
-8193852660702131516
5509500629956905750
-7567580316513122586
51576328432471584
119648183495973154
5378781815006600
5264111164936055810
7328358161556327350
7567061982921142702
760865273899576636
305229055250
2278902200625050
1590329804215022550
2810277915848274872
-216964173922109924
7388699312056602694
6694297752209843840
990207734438542
1059773221273844000
1680207063558253750
34237688619718234
33454284893523750
96414816301565580
5606134403169734
113597991526088762
1105786708726770
-8994383326399492856
1049626727458809500
7393911609572213880
1527444683058039474
1725403237876311420
-6005787308432943306
2738561745553230520
9186168109865976944
2372539507344708756
38409611210087702
-5585826383307910756
-2507872639503448922
251216212641667350
3223022397067134044
-927569821648221586
883935059915600
251597286260966452
-7075636758840030614
4760740161232919478
8081618566961026122
1976210725188770
3516296306001616060
1839343430732918600
-8401856911684607616
211730203447745600
58981376857480
147038304325914582
2029221856082120000
16714838695547720
13703710941170250
221989880176774364
105742196326912754
661853037872249784
31718972306259252
36483586079716580
4646735277887269490
3723765407459242250
2497339714592606930
-2119807683251870316
3175507071220557550
3863061918547830364
294872354590783970
5098299181670250568
1568028152015775730
4724212231430604794
675649117765440
713299751849400650
-4429897457521358522
1488136125831962380
922556264036024370
5880701090548908624
212905190830070272
1935247672141909514
2178392493932434850
226331400833210050
8160359497591968100
8197994847231472452
2571899930402693240
360089403216624382
3006919850
8370507812018010582
3699225472007170
60168553670879850
14576421082536110
772356739661247818
894065797592242
-9134869294455020352
4056760038414653554
4465723684942166350
4712545633347460984
1462157047174342404
5620808739364130
5991246086265625224
-5981477184339826016
896483981909843250
148231256358792250
10818884747877452
5331474440230456054
77264525319224072
7811550265593135910
705900523045561424
2067815613178529522
4445151826077062100
5767269643230550
5343195703835902532
1074328182893012520
10915218150056220
-6542565761667796786
392299444392753632
2947651414941673902
117820951783958500
1258836252568967784
-26046255215508516
122197539867955500
368350194781028460
277756392788633500
-6557462425168584634
589783714565235500
401557861752487400
1560028837441623878
7986438381215391370
1059662510322141424
8016224533157263500
929479706454476100
3598311764638572
916257780409956320
644599966254183484
1442043585461245144
-3188079987082128154
420518640717901462
6810350106459064
-6767376877833660916
-8776512918920612504
295051348963433440
-4747247773185252554
17109119617893450
-8149193848245142632
6025571344954921774
4269028542775735442
557340926831065634
8683802597550136980
954260659869790
63495201332789800
3008888561235854350
2302314585672550
4443153256753800
46822845336727222
-4014568692483010366
6289472784248866924
123123502886787734
-7229925190906836434
-5147225956163560494
913831033682926150
2178552877209350994
357559899324845494
6723828138208350
-8158445548760176686
1163828839901508300
43699106315154864
-7772395985863100426
3399722561036971750
6959460759531253934
5868888165222603444
3068378355812252210
1795662467025499380
6797628955367264350
566480318585306202
26029846360356762
90741081143624080
66382895410007050
935761075586118040
-9170576728738815952
3451521634023494850
183702692965039122
16894345834112002
108945813033911582
-8687429668131927386
75729376336999190
2875880184119575362
474703888235500
2330574660829009100
10975752311096650
10794901361482760
2135569928298549834
-6928712128984479682
-3411950319867894782
3208400233277492422
527702280742872
-2585500915686090864
8056781767614664280
-3869648390104917876
78120062579832882
116763290264221874
3911843550031365130
3334140702279434600
396875076064084
683308190290106990
65495592417852
56818071889157040
9535906978290
7120543866590
146148326811145750
1090654429440877854
50111135668232340
44145336669350750
651414220145312904
1885974770547181692
3360924518460118404
-5738217841735078954
-8993901147149466616
406006771957402
-5409991056357667444
4993436659898712
-1584471207340751616
-7516591242456500506
66816756327304984
8291880144200380
300531781443065484
-9156782053791724366
5072497095140930674
-8200001077794224154
-5251565640253099826
701982458950812340
8020021853677092
-5249088520475585956
74535682492117924
153316721143797640
498252064662
34516177840588250
2161815840961882
1717740865016908802
6236934652337129428
3466948883692591600
-8170771450336973186
-1567346417770797652
1991170872579743750
1958983870955122442
-574915741473820616
239524215426677350
2240306372430985012
571346240777860
12670441685482
104750566650253524
237398001659000
8052077805984729790
1762164820386525814
-7990958196589183884
2129571934448476100
36193262271189100
1600105547576500952
8155610249658562300
13184639020637420
1098790987025547634
3094172010352015912
154156428302492
57750154396713702
6440038813396933424
3224831557927344
-7635465749111546934
423750712248191244
2618166270003266684
5089155396102474580
8432861004394904
834005990307960168
5304637013271374130
-7590065893487009144
6048651639473705990
109353449106067474
344910370678540464
-4568042440169572534
1036429494217100
989736574600458850
327884823652161000
53809083459395110
101441552516612
98442466542620200
-4218783884659151516
619337640633058452
12650063568672502
18356186233609350
915587850873281300
1281935872251034
118560156958985924
1315658070009656300
11444078968793254
4459956382340649810
5665849530440289514
4911476603906872634
-6425197897602231764
2188879974780
315695456953021964
6731599506154209990
91497602972897550
58246980102090780
721370520067120
45337348208078850
20636493184296550
2289681150059082934
3286289956786675762
802296164746398050
1490547811751654110
137772215909675050
3582444235963705750
564846809775339980
91870169961262550
5558877667768165230
5945480415594870892
550132287243840910
-2997296246459610804
1306562340236301484
2022724394664890
753411945939321760
1374752458267888700
630844198551892600
3135695377953315100
20394072421761350
1340554887549281300
651090009812463914
1682997471321229188
1032297767618048822
64670044012
-8754913664876477022
6205743007825573940
3629252938310739250
279815353315748250
1475043834489776490
1146190733052744352
3113730216852710
27931669528750
3951300577909432154
-8311216645056952786
2259036360861843354
47374449961908160
4054911837312272088
1640956295459701500
8596807116428901104
4674539080422437842
214141368224323414
-733760529876870316
418560366925822550
6183266460620681300
402370613596780532
2223809782158178734
355826036905492010
2871931709437334432
1161558833682
72957786938842
57982313761552180
1470499921817025264
132397326618414
194918333669391710
-7975347338649172064
1399062337157100
375657101694
3049964827330287650
1836943059635214960
776603604749256194
310491797057807092
-866216261847679066
524262594056488270
2272378852071510
3701909433133100
952788177905955984
34408584021200
-7419489070254509236
4077097765726269884
146974600056215360
3117608969769945200
7347148035502682
4770525811419732182
6179760023229392600
1427519668755346084
449340170032600
956698373419008970
4203005202376718192
-6142677859037646774
863031026890760
17544803969260750
107914867321368144
151028587510912820
251168417500
-3228091306615054896
44516908968095074
20115547139450224
39626647180632072
580389646945818840
-525107054092060456
757761138310443150
1588051039930754322
-6088529563096271216
-4888093986181346116
810974873250111460
6803278841065360500
19408450145039774
63631073381874350
909658311926138450
2972478421620078800
303446699632045524
1814588586380570
102804484868887802
8246636440683393740
-8563874643010199634
550761031568653250
545008214258973700
5088246275631331824
-2570567110345433486
2153003978252950914
49385673056608744
4017971716745947868
-3716243031067108754
2111967118649843884
12531247652
829242626590022750
1204517366775105224
103513660404
-1473300781450958014
6449584198545754684
1260510068001342600
-6085581609518926296
6052232590709007764
2023577624858790
1381255314500819764
1306889999878270500
32485470633281600
1798022273339703600
-569472979224488474
49366935458430220
-6763986032303648996
281970527017830
8118408231934
6071452217235978300
31377509230835614
413879186321566130
156496891245956272
167362135031133970
1333104546957103270
3637726974964675684
8863907244152547510
172954183495749460
1197256124961498770
-5216233746213743542
190160911746154594
3205185170971961762
-5129776032653304516
1125916067051549774
68238518243174444
377096522252142330
29032369197066690
8580674218797850
201453533819393100
8873100359960619840
37861591238243304
2895683663777637012
12519163919990
3286289956786675762
31111630145448594
-6982302995901082866
3541397530274106650
754352678062705722
1443338728354700632
-2079814612511305616
148616242315236124
67996849564
150941930064367750
-8955750654309178736
-1536041409959514656
6474515761478852184
3019325716225742
140215452661592750
2951476286942379924
8515298748968440
946174806744037036
6727488700903273100
1933633855317881600
965989870804780600
3606025668938166754
1508485512818752584
16290674604475804
5217022069446280262
2434856144226585660
-1304385331208605114
474128852668900
-4455796969525134942
3485392886605169320
-7436798777816009604
-2139413801611370586
1556021790841644
-2640877113476384036
498678955334817350
-5145980102097593346
-897680056940779674
1941860171535179324
4931312321481472382
3890475064100
7532841831213612060
5727192168930789792
5605652653582222662
309562756405157242
4031109345105206532
117928911644469744
334798594801178132
-4600813605427583742
51536486359110
5459814305057569100
8642702147643934020
-6845725047793220876
-6622043252820282996
43801780899815290
2585235216108790
21496996776749750
12352460819988590
-7988357599862165164
950381638604554
309006333704342432
844345462405520530
8364787221422328620
6415707298699224118
2251464569418414350
-5190154351705006826
1962244201924723620
7735350405809065494
16360119655544280
4506251570244998942
6163649615822020960
2794585833962060114
6604914496919750
535832460
2972478421620078800
4444604217963242190
2388467857772735050
6709199800802482900
1130910265703408782
651349368394479000
27898155821216954
142276185248846000
627747622998884544
5289958453137126552
2982615403778987550
1595635891026912
-4887461989315870092
1728097855420023850
4070438714971886964
730743634703984902
3412505004439775192
-911480081495446206
100693651756921524
3251066144337262750
6112377463051955082
3454693615152969280
-1645418783430871542
148487830441382600
9332973579861850
1469589633400350
52846311108191524
7866442444667493800
2571929952036300
6238160331038753154
670691657699216300
-7458947049389257702
21469091090230
2293679416061564850
163879070517017870
2403067696505765546
244306273415743000
147911006506730390
324372251668353750
611011759443100
-88000444320171566
2193668492211469000
-8103873459982908316
2384174652960067550
11869235358575100
-3495093250542656506
26320872199954462
13170723988491850
-1843461436481805516
238545760825750070
4587853881006492250
29126846483562650
2153639948371274000
865337216723867342
569757962699017470
13373573219779892
1977264343447878100
1959816648767198634
779048276285166160
5646036342991345604
5082794110403497350
2834819059727947670
64588681727740
3335154368048514
787687493958440350
102140309104871844
1448646126903387412
262083930197168002
3321579150602497750
5212700862209676550
4800486219449528684
19849342711991100
-3743797187838166002
89490648543485690
94800099566686360
3016456201815140084
317696709667769300
1250432120146081250
-7994078272425841982
-3091869700906233912
-2331627852294185194
664482228666078004
1041027380385309202
4390369679797141040
6630871215488414510
24180110482144390
826060524134306890
98709965964849274
2020870951647536300
760044652154047398
681666411723000
-6347632473227977272
19939364053305370
1596418499078329630
191322603647502604
31078514467567204
-610651553570996096
-6628885907063367634
1275283286169750
117820951783958500
731521554388473640
4645032397250
6947074480448600
-4289418180614619614
46062265808840682
3479276570279810986
12942712249141290
357105181409255050
4940950795713772698
9039802527992543580
13045983780990160
2899060399562837070
5381648182566537310
5342881373552954924
-5217474661574977856
1234142103951394
60397065697307080
2366377008093600474
5433561258840
6048651639473705990
3098556340665025790
3921402840125500
4210806890402624
-8131186570078650402
20505319154781202
217625611663813080
1533228742667131510
5426347289892051600
7314424727311578800
2991770931250290
1996573690377750740
1101096587215078350
8552436977163013922
-2930975217010989274
3066927087632670794
-5760478225328934616
25701905102714944
5502106478867015782
4299860490227330884
140749075147850624
2248999627385318250
3883526130067564384
4253642321698064400
18276029144882082
716777206670818350
8264932726315103854
-6305219073871387796
101529860926973324
822655782056086000
4184918391595707810
1697980152074822
238881765815138160
1923441300
3950673263467735244
22727715780252910
78623016094350
1954248826167536250
578073594350453630
4207850684937410
272018039859807164
543421383597267214
3404427696894073514
-162455383356812562
4041903587048250
1441102210967408500
280366337420481074
3885290987292926134
402867902250730070
33517298283836640
-5717736537698782052
6430525654720860
6033486972268526960
7538130200634122054
440868529051030500
-198018437494626072
7412457285073764
7640783376327241672
394788169232729300
139683348959117210
1056693617545479474
1995563198125354
3868412455922872
26748174361000
-74510947089108854
4059532553540049728
-814708779196027116
201803400158356150
2973490955349936750
7889574797988358500
5116181431706379490
64840768426685524
5977463533524184114
-8956717911896520834
8763709316705786300
6206446385836808034
1189189123998429750
342519877172780274
684690086247140
738337064394621720
1938754650726740
759096249421952
-7848779617517396756
1758083974954481300
1233553272290350
4909958315569762
50127503230
7980491126008651250
-5221196883917354026
65691166387000
224791702
908020473038462
-6042481397158990644
4872837219250
2509800984267625360
4687062923968317904
-294172869480150026
286340946299176560
3284550956611100
123664488143175980
3255182605830948430
522428143155100
505293216130194220
1071481283927250
5793243801753715984
4961571976823443380
-5693609202561696432
-4407854614606474866
1167842889754239560
3571045497105198554
87114618723341300
-2584079102607207116
5585477384573625000
154305267549102670
60593450668561162
355331807932973872
4203005202376718192
1740262712686342810
-6333119868432850572
1658010233688868514
698421286485230
4647018362239302350
5318093073113632812
2894691067822146142
48026987036602558
163487781813944834
7329951820605658440
258012568973858752
-192489817068115156
482479167462801964
1167842889754239560
2863062507940958702
57392734816253760
2231674069282351134
6123224660353952408
3286726599318622460
5571516876925665142
85007171695230
7790023901282350
-8333553560787709116
533693744594795400
5232786333562619260
870242509075761234
160768345331892082
113524002324544684
-7557932956092971754
3348160280675177406
39809673762930500
1266253346708350
69030092573600202
-5888654320780880782
1431947944693991300
6713333364064000
128662670999229840
71792893065271350
1613764765042155770
3961839185798559430
205764045881319380
1706629047687646810
3752138122882343924
6462546275535614474
94057832160670
6464661872953360090
6130826319827612550
1258702186589704780
81381528210233850
143134421751378734
112186997728235144
1552521049487254
5573169777393547054
-8354334255956514926
7860982238412064342
12744793787379500
243093574692040
3973657369179748250
-7628531482067996516
165312078131605750
319441345449150050
997480734787190082
102348658664252
10606596789404
56382152842223824
6260078309898518910
5710484739600
561242328364970142
8301179184626152990
94342500414057240
135954
-3584662273064029824
65521515666172500
4813108751139598560
-1388624500998175266
126904002476444774
1511043781527542392
428467896564694294
7067779180649168982
3473999030843181120
292659583704562382
20063046925653600
19135497761395092
1227676537637550
2922780314121626400
-8779945832352131516
7499953875604282092
58800990476250
443438925000397530
878902099009550
-5393414557337673946
295015543571459040
1636034061508704572
480411337955401944
384204983142870540
188791870110424
-446291013942638866
6051247674229550414
1547822818455967144
278293586454
78080420582747660
1385001102627805910
4269133059542944976
-3136224302771494104
2632185582556050262
1515192637660790424
6411724055244762876
5374067415123877250
695011920975907392
5656329946805434932
363762140400053850
132529229014245492
6357997099801781154
8525629710042561732
-5700247635943210366
-7677533102759170106
3746354311119540432
-6988988680855053196
3048932824217136780
2653691933825398620
1326683449140807504
1382604644263055530
8407871856692
176156877530704
5450874673986961142
12724449816638730
28638072116357214
15380495342294250
5045052621353190600
4672264717205681750
-1584471207340751616
-686605641289481072
774903148465167540
369875006575271250
7925847594943139134
8729136793673757630
438984254522468204
588460526569668480
1125329603658463350
137974590188379100
26121677585614
1628413600009394380
119903130165284250
3350075113124740
3085833778314243852
