4684499183906319232
4853793952920770
1000787964605371320
37631804694473864
380378309789693800
19868371060169688732
988602108740
785195797402850
47766204415605594
5428573624977624212
12629843961412279294
3198285323538890
1450773179458626100
5718755154063952
23847286542601550
149366972346248904
2934594434177932442
3695792312382891644
10563856916770885000
1436050217123824850
3207328277222047652
4060707439137315890
12532452387887493880
5003032109578037990
10764978228501770
6833093047999026120
1598197657070144442
1570530430392
11675412142396622074
28149328001877082
23424814913942395100
112031036062389752
18027826105669249500
8729591030083531300
98332477896529982
996320683360895620
957650469918975560
14066154735345193992
5823630733525220
423609801242132120
1424586010038957992
843479177695768992
191711014474919724
11242606975160640660
2259860530899778744
879358750597250
24533467455116993520
1405092944468266860
977545334529673182
8887824216839778224
19292274330519299250
11109813501320380
14655992564701293754
88921266158885050
5117220990098100
5886107220342653192
12750117080065765394
13278974158736737880
20233643179866334400
13874200189725542100
117049407095370442
18191144830435255140
63257948978638722
181230607658512770
15413931736502235734
15079916990222746272
21381059769405708750
16019129900462990
246145224689432250
341593946100
11461097869705655990
2986880658728122324
152922730686902
36211008963430
234752370785290820
1388315617419518480
9986473757357424250
1855358680895442580
7500972291171100
1671945599305982
22362445166181023750
292161654252095320
2726016377387748060
10934454814813331802
3261039037362012064
5953998823323369492
18965799591197550
6402516154963448212
1926164797783675590
2115730355823684600
652192818948173710
8427884091305450
216970877839385464
15590794834840
10560712684310241530
24216545696702546244
1761226968484590880
371149295207290600
6431003925715285224
649211975746082632
9900330179599057072
2813579688167730080
17887382379621722550
5792704353858377670
8034563002680545982
6450860656485700
973682058724637700
1750040748837561334
7604265243107793260
23973366071625035494
2556675239308139950
6827329324893820
23668613037774327000
6905961356030236264
3178061048300045600
75510110931767582
5545613493625227022
608728557552869754
338236687993128820
80932727836718422
8485251778805802
72565114991141850
19546286283285663192
17978577076520022012
5155850930778134510
4645032397250
16213177515147022410
2303530745457110780
13718613392846775582
1467277737796221030
64459896122644
2013150441951634230
5591003885102239632
10130832429229162
16856319473299001500
2397772676681300
15524860946869362550
1810135359482088752
9740561011361652850
6118638436687845600
15834246865377908440
1072724555746783212
31887370395149852
1245046847868765060
13175374026465381822
24184340468605187950
602098687101247380
7846295811213095152
9386956022682152420
20252422260932056300
20108499725160277354
657401329225114630
3977768396487600
1873483740267020
17253435399136392
268597965561309430
2610626515081985050
4708468369645990754
3655901805648715560
713646926737527720
11463326593850764360
2804264519104444264
990357994243108362
5143925945845108150
3204756678635256850
130749133171594
6251940719243367250
3728802978985368480
376752310523719134
6996325297419639742
1573614385439594
12051601772910249550
183126128746928420
68465694143761250
10994140957800
30768517734832320
41815438139809152
226968538649160
3507576869026260604
2388639706476969814
13999837283090092
542685819833865240
61892749914522100
20685235507649440
407957486178922750
123422188511496394
9705864968800
26315027879294434
17842303590841428812
7207998420965369454
144275778422771584
381288884519661374
14043572030280230
15388203514637676800
105742196326912754
18280475416533330
10786768451415197164
16192951940805120600
2271422606859552454
5909463864495768304
4947473665390
1023350131393231070
1434759983001752680
1689731091975596362
11970235357608876440
25282279572550
1317966980925311574
402115008750
50443520458276080
664021555811070380
112429928360881300
1467635496493167652
1534214897069620714
8406217617364520850
18453326286316612860
164178764884756974
18218735035033286880
9127885496055552
1311270418737890
1007247220630582404
71582235733479394
150012715868805244
20503773908718094610
562926141262272984
2217951243552220
6332603384189338832
138440897088490920
15977434858085127350
10791028041423711120
19201865547572699000
1185933106201892230
3101899908875176150
6739078523752222620
111477822334501000
1175725946768100
7061190411895778250
351437310772185792
21696728927420933380
25120403526539770
7022422561154
222453065072789012
48817396551112
51954892453040500
742120136671008342
3861829773607502774
14662912917145584
54653400756500252
458549638807284000
14673419592748288372
7578494566937598500
4233280091214017102
50300868015020770
14367380986096902082
4172892990904105482
23325926187033173344
7098069134068462550
476552080804085594
7684035511546324392
433033340257139622
24873407760205840752
7280041869393412
18394467325497966500
2784353804222928380
620962780896227550
22905391620413851850
268064423999572270
81982829129580120
2093761892250
195325449610
5985083148650573550
4443782900661573350
10673819894464565540
3941033182798061350
20066914529647880622
16445675049716147690
4718482629839169884
10824886833577700
9990494068425355342
2667666875778520420
1550555228725408920
10656400506955854000
2623877893669944982
77804743589300
4252847615600751314
1560230491449212
37662382306007250
30683184913158974
803819160655520
11737112050085999500
1322483611911877142
928338137962
11948377479194018800
21996796395992986750
91676293421990992
16977183350333948872
1556155516143743550
22280792941581122
6103689639045788482
20028780891840445992
20414290670018492590
8727774190804997174
391236457916046780
1530255977357030
2087783644932186894
23268070020399222550
60214
7335531674249374400
748145705340405724
3562456327756175360
6913585179085332874
32712970673894
378475728317005354
5090367746229459950
716428890224544380
33050327269300082
5191442688932538920
230855424887411500
845600379910000
20965248828722484680
538119498971603472
3836267919473947762
102950712036666494
134882639089673554
5104325346851838030
23776803335292100
392343782450961380
1115297661271914142
3402858775979630310
205791372993506300
288060355662200962
1321050254554171180
4126862900216932750
73836408719492584
10994140957800
2456546535016928862
13437000201863000
2805233768442586754
3265164964399472750
417026527730147412
2598889706151057594
24500946586471664764
2719014853172534
16998139099061613350
166521184523564332
10243157696551800350
1913618950161727900
494340821367181250
7394713746199090014
589964322030163080
17910732484145410000
3444467198360540
752761185474783100
128758771583443610
21683393112481100
7620661653878639520
2870550704323729350
266160421387784
3985754273321058210
18187273918650452
4911617552390560
43921796473477652
28381102561760
1168144361489782782
9945335490966666232
11091804616553252410
1840897865086143474
3499789022351598232
16860840205519310
20940722224274998574
20062674771960217852
17919299914390371434
2660393035650225810
12204002036749160
2627383182131869084
376838341354765360
1624935163190558674
13736474057297153800
2160644922511253530
89528965643650
11334044333482932100
5348541440968384640
84281419492478800
936697503438950050
240413537053226110
3376269996053812550
132843848046745500
91378621215720762
24874403974991824500
20726162423395797550
4463800629631622570
6702850880160050
70572627580837200
22926001120126251492
80391219001605162
6482085319321854242
22156211522593914500
88267667482637500
2191412260474336634
1268656626360860
8591419743479364610
1381122681756347600
12987730147506108852
30895070061790
542798934856745100
18824491172074610
21577386582976540100
57813401318145020
18209432350859722
14735209278608630630
2065811305988825560
1320829841496679332
10120801218448005750
23506825508195956564
919301311848634
5678999701643226134
591591656438560050
21161355623822553482
1460730412449545510
8201895575615749044
7045318804908492290
967821351154605194
10983479309594902110
8859313365988355270
789184245397124500
20091670649353034
250518702162065260
1855216496013138832
16789806240997652
22750331218157372830
24847516677323442564
54511995966442140
15628076915351334
9030547976258600
19278281250211850790
21880741493980963902
4371951556842293074
13069921818388109844
8934416602921215582
175147441158963350
6738330341684344722
23153624701642581150
1043333820189539802
931174245658800850
12874286442344567284
3710595957435053330
12046974170752080274
727294152082680
14658219223624
4636552852045887500
412496331566824960
6640042827730
78703214558598084
4971689406932845170
24416347147949652350
1068206357311483460
1344012607203652204
176702399054888630
9096825361681669574
256977971221746000
24382961360788182504
2252286666854436100
18478822510096435564
6711810215064421194
998820514113109142
198617727243794320
283828446280685124
24421259712624767500
6763428377126192380
3150686387096232994
384204983142870540
3497500949277472942
22843646486807248480
9111357652741226052
15651866405988352604
64222373737128712
11158821375654749484
341301626396283294
3099606567593404
16086359508380818162
14972063752635769780
11615644018541329600
3707488289166482100
11179587008978064600
832355967954057250
6482085319321854242
1191533524703798150
11702552691616856210
4983015425281137024
805100884725942
35963730900429150
172930196784391060
1161425382283729000
147250801464520572
1002847950934965272
1244836015795768862
9050532170465512832
7613690808150
21390844167491940904
24471410226605382474
58262313287094
186504405614077510
10105584100563499100
22480409779862912070
262452324744274
132372129229740400
8186733891747446464
6249465636700026290
3215052359498392490
40298094999162
26169235909095734
7592394400706300290
3540474016195823280
689513579141448504
73419213246144920
205900708662601750
1035048532725011742
31091757564693170
246770996648570
131784248659459680
14882402962969523762
1691853029479311570
409054355351047410
519922680091021900
14537101008178218050
362298044173911300
3713944861546061142
11966020133462500
1176407214219883800
6637156517850721850
11552742423178279800
919360987911905000
13705866443173583952
19260183859319333084
1703159352544677560
24163862964104614872
107561650402627850
128758771583443610
17375625549494649600
24306499811872850950
1723787980712624282
6714794478315950310
67418262566821062
8418146237320809000
8159295493910
16676973225478742750
11698591750766656142
2674768544121417524
1905482574439571232
131373898906661450
2183794485180
9717895710195812440
1132051390701322
10372886855130464
655705154273132782
20427178795801796550
48224782372806494
12439179372891088734
236901420044634800
72677727336552030
14360781602404151292
318302726855093500
71495629362561250
742692426720578250
4221677404502167220
364852623922232394
24602558278575943400
21856319932326786300
19464930153828946840
17070885845762659372
790533144549932980
10355772965641928400
144841942004404810
1965063215856518050
7013655874685261872
20709639023283210
6199063898126156750
7742820648498030900
8447801725168286782
15263498368943554730
259928294743867794
92064353844885240
2808337054820849882
2272084634168240600
5180377314408739430
1144012518717356250
9387435697481946020
3796946747021127154
1259659057855035772
4010284383605157350
56672485701502930
40791134175443652
10569623166391228850
16320399054434463184
1908262429634
604778910347962
116442036170248250
98097098318819622
1424352763703745100
7527556244819857250
7718355032398513750
1732685947221755190
6776942810153106850
19923139263111371742
11821063736393800
5198126370479092
6766054599117009504
4193299203751200050
6578177275410175050
965205746905275604
575350757395737050
83015446899236170
4877370113544418690
15293911594632130460
23394609417316060
22924126954763997600
4762469904060
70311490529280
1229830788073058780
13340677539146926430
146719989953804722
703217975693783572
2559693815627690
13858404550054680
39388866171440702
2523920367261871032
18608302820624506990
300931332136482502
15173404072500
337443988672441690
11795640048726420320
20840213581241135904
4019670997196474802
11176306299552644380
417862643717932350
21912429527315214342
17265513799527716100
18601091671865190250
13298272351004434500
1212789450323268350
4988398157006390
6988248695261641284
18003579829142322380
16690263537251302124
6415846719430029700
1394503320983058902
13947645850645765700
1911727830828285600
5689206818338125082
3095006761945708274
11772884794067422060
23720484079323354180
21626678819499480500
7475661945943104802
3943876682262244
5049112463103800
6855802140765244310
3730179288206154
671354786870367600
88463562971784
96662667512962100
1770178817895202
12589743391812835560
415635790215011942
421172923069353954
691410537115639770
1258277085503456810
3765901515296790450
7463134260913814574
19865846026077202760
58736332366432000
8056038062174102
10800616731420144552
20965794569500
229517854054609120
776973639178547734
15220958747020642
166614466623626114
417605104
19240455786050523312
3327965671614828622
7185989631547035050
247429240061491250
3627136744470025474
10752737112899196492
491079607226164334
146984305098450
284803556532825330
3048313748072676974
24674765475803748452
6063499256744577904
23797486725358745100
1475522752920414860
49893607585042600
1283219379839447402
928548696296356850
7555642338806146480
3664185567751747500
4084554420879269604
9640346478703749404
33946738512880050
476398195754290420
4349818611271904940
507871157593714772
2377146329481527520
14207004017841297300
18458104817322536300
11164829502478499502
227465126986174
10085211500130914
8751415233825501980
1166838405387233320
11390969451100540
3865638447657000
18246356611938543270
264470261510
467384742942511304
24782877401093444094
1189290982466253354
8590522094222653662
481754669356552592
14086954920560227160
2080027013464245994
1652919277843248142
8121993204122172764
5876986537108121600
5484454992421808662
3197692755923040722
2142055648530228172
17210276709933805512
10984018954333648260
207298560831054000
5655673866276144750
87761809269877250
823815304849463850
138574342653054
5833064258735140
24257580675382697000
8551542384431919250
6341622223143130
4735399961262197550
1203223238228620
7788172770405952290
12357035476833723652
579676275521084714
2237210415829250
23082899788293067100
4375738777113727100
3485392886605169320
27124813608313850
7018372108583080
10863634273397900500
10624257174561560310
14837047702910600050
11114654351691683100
65170606633132
74663354868844504
564963371671745214
6284893776153631940
542572722491116394
16539370719075233834
11732575319821610632
10671179221582749870
148103094078114032
1419461203609763210
2252451113354042134
2177270058933323550
29968223427197944
27316622384855850
136683239024702524
1036058522717253280
5865179209868710050
4034927546989002092
1252019343206959600
711496483907684552
20683622597469275514
7929629157002
42850488503925314
754280282792963654
2025684367084
3187438813438874170
194473076375600
2657971731090438554
16883867136693394622
3613521241792383090
17927870417880029852
3343861678911455650
144275778422771584
21075005483809283930
4365194778751581124
10493802774368280250
13627033511888284950
193505326852512350
5935950654098334870
20807953082267691410
69877145723835032
8973769768042019122
24592679237545023710
5009018909564129420
377799114
5449598480572918620
4104893907521078100
18633959442318618750
28235481298052994
154812366734664654
800932236631898294
2460234207728165740
16620209803907146164
6296262528760088500
48316892744140724
406635047438702784
2181922972251811672
309006333704342432
16522505346944462110
378130572712722830
91604833267500
229725537894270600
58162188503292784
81960817515920
13530864090452758714
55170845808659200
22955065380855367760
61861980157250
3400842388832738850
9664346719990921750
10969455524523457962
145536180694996014
568058840788290300
25683808658414872
6990555581948518682
445630145387792610
3767594363232422100
1411220802468620532
17041609144078763160
1504811484058292
146984305098450
120560578217201304
7764847785595450622
5700417534892744554
1258489622584689924
2584821357850022720
7026771426719449834
9487608341298237612
2387780555680472724
28433145642779410
181411663794110
1817964597822490020
22616459848225135750
421006394510
11809309025560687372
426765197120056300
439177234954549350
1427504006947195342
1163281768295990
967210568595303650
1085320119634674
4834652618049226960
17989512574197581054
7696013633471451484
2621481560107503020
6388846938999685650
3631515314
1847834136338665750
2299495617035232
12635237894244369250
17605883045363474444
183752893244097520
16389503361165520194
16191507981391924790
3898426238514330460
896154408621974684
9007670836129561750
13496821488297188182
1606860444258923000
6643076177315216914
516426602979261100
64817785603803610
23878541118171284890
111598662372506652
12222008295205652532
318669199293900
2812802538956231250
938913672160062214
8655784219132517142
9387915390665093100
23075236793282870
151723191067236100
27322632752995294
13539069140393508740
1215686331791950040
14571758297826565000
44966842400634
14260750608537760600
211562745984309720
2431719519422897550
108962775080685330
179892760049810250
15656089830965368642
6562393841501856072
6115855188223688572
1402439903950445074
2377831334648026090
18557868782533130050
17966085470566065364
1094956368592516014
834566639753000
2113523940220
47940077002745250
13508161876477914100
211786044687075012
11101049070518391600
20217435395055868970
125766799162648644
1618123329540723460
9108074646833949250
904255156821784040
6217708567839276530
17688284136109465060
9030480161399378850
909408403890773164
17310254546353994030
23526884019555060782
537445465923038750
34602207615100812
52747796150210044
5879687855941872260
13188368152065670900
990207734438542
9760796089112056164
267797951491785050
665338399854310910
134822927149969650
24207544751868660
113195993719112110
19206788725863599014
4186750619821772550
65753489355012550
560842273530644
566421918050765414
1394732891685501900
7695187106806606290
6645297070176598722
2054122960514643110
11572932861279898290
47556360364438990
171376404606106350
7855900286547460
9714692511901260
24807723717478714544
19059504616873307524
2192862495260010050
188159854205929370
1383403117887311250
5530114882894876470
5719579927255934740
1359486269559678260
1203718662185287682
182326211463437652
432556078734815882
2943830261687015870
10011117217906971950
665272511174344010
769965558620100374
3919810874673880250
2150181974941170
2762632180569543100
336099598544857750
4054825939370601850
3100854753276560280
18575469004597406682
464861901670751904
5381332157226769660
7466834776893800
134385645160001354
2095250401299910870
311273805894669170
5513039596374307704
152616650096322104
17631265695114709660
838295459560274324
3820600752508928850
15625840830729184510
18588277027066545890
1239153664230642440
30532646417284830
2552518387508901704
9730701666564931600
4494753575690
127227607518840290
5365233311957300912
1151495637500362
711150093973583082
13648615063691174142
131626242505510
3908361667412667920
789558766312931850
13887707807160726994
2047378734936460380
46777846449599202
12458741167083987230
5181913113192099900
4911617552390560
32185378541590274
126003125692612
1744467663674512550
7077113556185050
2587922431708597564
8362147938030814200
190444390983311732
177190439869011660
1068394330113195474
363929747778546040
787612712316927420
1029278262639957330
251438452937653982
1136473911104350
1566775212201915340
183095233232604
9954354934054485850
11188886274731653824
3922801756834767912
18984554021476387150
178857343690546642
24106400515830933430
107242820991757724
98584016065725190
1067360786633858600
12410175580544139412
3789896306751037602
26691031328277250
4891734443071854
4555021320344532
510080949686252980
21764245147897817180
1772741539978299422
720190149467250
90755869656241300
1939213141661502350
13195178433456451790
3172742000143758350
14061607767069635500
159794086071294350
12901575787586864
11231079146848409030
19228954744494184600
3882321582563951100
3675331611777478800
25193852196627524
248088848583313584
92363699168834170
22443495826986043810
2487227005330076884
33050327269300082
1757128247213618160
6846711722123837250
291628769400430
3381842899551237550
197900208785842822
82904838767492014
375249154102392504
9424425898016792194
224661868798150
8181973135394716350
15654681927682724850
8442041558457731070
2303530745457110780
1183696780846580
150185267186452960
17113742706127650440
14654652667356756250
6986711088033091142
292019505470200250
141614296372373440
7581763397597649040
1079528708816536440
347534428239036784
312948237422802
673776909610970
64473775883140740
1051204392205111942
1485245967137203880
35691205220525162
7162856363383830384
148039044112195810
107982245242091350
15336150539354422750
9733658683740800424
18095218187898009734
2134622035351902100
16839955770696588180
4404221414847711100
1506538537144678800
23103628945762145664
18406386801668889100
380985178165220640
12662833871643587984
307097108592080
17111485072260191494
44721769788844
4292186091857426380
9972412223275167064
336747874449792
133613078683800562
10855608308613771500
37815549972916300
163326866769449370
16895790091460438230
1812649136963960750
9313305217488593750
2211456705361276100
11448845695448555212
10709781724316015454
7231123629765000
328466546308157600
7282271306731460
9273790506353798824
9879380054318397350
11441610393267054000
8073047676235480092
271847937550
60735581818488500
1296426248989273780
6870593373647042670
21922395728197466880
6551398975945417202
1131008356944349780
14252219652844243382
15078055045666300
22550229418690220
343302969490760444
378216839472348800
18467664663450221142
16070559730524626250
5524955905741289710
2376461472327800750
12971216176498431300
3171041315727292722
3324220733065150100
1373844228488931824
41798898994897550
889827815877216090
54421237899356400
1295665733024594512
3191708287826801600
783582404452097250
29794659641051470
11407705917790636710
6627914971299317850
1778684940395440
3336395856158002
10309380921370363140
10105151655715270
609345191827132684
106573918466600904
9503574497755781300
12483077343731608350
8517599832898080600
59778328109612112
13218105101574985964
4063266607645128030
590506393311942822
21684143318445782420
3939282214706149570
43298701239956600
5940373760380891832
1261148608529660624
65300455467230
1365916400717299314
15974874482104850
5891855316464567450
15992450627170684044
3673195297146727884
5473564428477696670
11226689925943627850
6267515219429513140
2846757664336468960
1194290068397690000
33154446391981642
121865132342515452
10693376108942981300
8926196168656300
5150344518113025050
10567526075289295644
33419315869893800
1188374491780193082
9950345535634789222
12935184900834575834
87459339899831680
10766021006003477592
1100913421206300
2952080554199742130
831732599532396142
20414290670018492590
897390777181795204
142296906590466474
33230956621213430
5382912423119972780
3315201826026441780
4322136671096567444
40386727469074952
783358952935246052
11938608652155088820
3758977968680
20618637483069373664
3115091519382642562
208382497391502
218168203629090
5107667282179347600
1961997449364134
388852637555212110
17467914329121791654
150833660704114130
15994596600720295090
24843535228568892182
2484924905671690850
138278569538031300
6077681728379952432
25885241807900412
133573549892894850
19891107200307773430
258823019633649352
3392115064461221774
57172806094994282
2161442022168149400
15173218419124564260
1009947784757473744
3540243165901393680
3395469737389859494
417816159873763470
8017929111701656070
4522040447927604960
391944875198289140
11464441077808468750
11192684023366300
5250447465564723800
4588975517110457720
19562088878353297654
9863440384907102070
2941418816676743524
9938324607176148170
8101357513976389300
36178420730299320
13605477564199726660
12771252868991487074
290407521562
6484265723853183910
16153278232327063100
635351664229650
4829114197907423580
189946961858500
20964372507757190330
16356028517624532
7390302802295084100
4061219176100942850
7632565621661850142
1183870332150
2673272279140707440
22370724344867742890
15743042202426000
19300509111813134100
293629931637970
9250521652334417532
53629438615943800
190986458597556210
37061914357832014
12297603892309295014
17510750713240152242
2137624779310070050
103292515377188172
3756963079594280934
17019114241816880540
372554812627350210
293443329850180510
280056308838013442
646305832127673652
7846715137612504400
29609080180361500
1235166649986068800
271546694847527442
148937636383448094
2029982310468927850
8900250140934100
6751807154143509060
8921481593358001760
206770
53639407067475964
5117094292925958434
4492159758881453694
15601954065181226600
7409163369012109692
433893406119291300
153909277117473850
1470977733374983750
20760937430614681850
297926356746134760
1065858789504231360
284803556532825330
52120558077693532
26082052019318814
51634433961131582
1542245047015024534
6107163656525091472
455417723954220612
11526422458716941204
1892749296863463220
23703184268749067154
74382691853409570
7593621773929839362
1129733668424142600
7106630029126336632
5584177627150237514
4395526305489047820
59164356733582100
13874843186076904084
5084913875960994350
85944505513176310
22106016573514035050
29152079323009720
921041675733373350
934400252296571680
978600947484980320
1096105698550102240
7898469446900494
464962618776567520
9150822989673723094
12055652018325535494
1849260166600
99275750
8076475214025512000
22808152934973734694
14133187698977863100
820648842646233610
8553778997861277600
468122469958572
6440762015434141530
6725620775594181630
31792985079325990
179462203741500
7833305026749261024
225862170946972970
6199063898126156750
379074658808560
5537537241192289922
163418107350
1610949213349067592
3476047860250403460
11522506315252415730
17524536267964013750
2495563328623482040
380898438255215342
632301637352750820
1516047873371223500
136502372442916792
10565953461763247570
6629023447007071240
12204002036749160
13582314837542374
23907048475414440
3076173992475094
1724864692747568750
214705043081581024
282821152543410362
19315338361090531320
16001751405703615930
5379436297464861242
12015195472095326434
2827090414106084
50779040677600
19602887160078829250
19319459113108814240
9336214650046188702
5412614260382420
4429316058747384
148103094078114032
7443767628094637030
183627411833260850
10036814944538613400
118885782441101390
17901050662621742
194787175634961690
226889560491989560
21242660242276306640
330684154492921812
9800369925063113004
1184713825005925344
152049609977517750
2238014254833225050
3979185275008944
75949118921229554
1962244201924723620
2701243453202914642
95864654662700
23901737498695020342
139356654175228050
5720940309834
21810020989402100
51731385593960072
182126642283930960
19335948714971180670
7587486395624080152
12593928530207742764
12299366091345428750
3293937485065402252
5774357894978068550
17312531820224600652
22486874400272717600
5318635694368854
343919425550960
2573353438817857124
4429316058747384
3356486348951500094
342501379033024534
3594371168647550
46436914000188140
17441549959648754
477373430795217202
19769234358103028450
7096775733183070
139720249903234
410336829917774232
83747293251622
1574304126975729930
726792931359226074
15831407156402577350
43673465898119330
1311270418737890
342791390319690
263396884296258062
5950590362561912652
14616504198955863582
1249903381307917350
256300709476067930
9112295817421164550
2683009232106630350
888681135093847550
26355958569570630
1004766292795784
3702711073232482350
286079913605500
1140356161443809310
1462887732468800
750018176720889532
1284837710356782862
77448198151176724
1992370549981894394
78080420582747660
81303710670
571676849071510
59497681277461284
2454616552235495804
19717235708694342
66664077116202150
9211679924127361100
35339969917109410
12846345474720835000
28124749027554960
435233832056426550
2149667445664434500
6820627120240019464
93947256267415740
7723740774081670520
11255792500073390360
14771567903137098200
1508242037715319340
2241780806035606564
4594306097443716900
89666391958539564
1134261034320744
8092770925479247770
19887737652574865500
48013428344456190
1174690593343113042
249885863085763030
834566639753000
11676542055161066230
6945291519278297900
456161958234393272
8588278278823558042
30071433206390752
15572802347041702
74688909013411070
5913532974321492410
2761290786934090600
2009373968483055630
5545290274017020254
2934995539399054740
4227093873250122
78399213858392
23855361625624708190
234300223607414160
4814271440179909030
2073528163022179760
285326969402445590
1938772233258912550
19363179632631670334
39666381770395142
883779336763131600
898380792769878110
2615038050980127630
28002095509596230
79825564029800050
337087728920157250
8781626209014360
947963263356564
744841462790378800
212917768877704
4963653713653761504
2098211518371152800
4774858014267548242
2949261433969423850
2755738787891935630
11146812396924809710
16468330343461956960
47093520821277392
24312007933497090
14011016093519241602
9625185756489237550
162730222104236670
565546451781558594
26999489241491272
12188133394365660340
23071598856195274462
21186075756676098800
374477855988493140
8267985064594658040
799494422149280312
319951103016350
323412220800511150
17422105467937071924
1976966080729390170
2340036824175828584
630711257553784
978774254370990
11963329632610495414
171955325068800
20034453797077300
24649029645591538464
14738435581590994
1011344395026900
2304199778842831650
18855541256604090500
453773161376704
5130924956683680
4253699100
18556269382769948830
240720773125291550
8382398413702997280
18564267415522687870
4383591560123864190
30306288104582
13524555051752727684
4041492603170
9707561668618716210
10132987281110368010
34947935898468100
20828002497628280812
12984670815755440382
10128924038187334094
271039524334112
1345911613500961980
425067577524635290
14498517773287124500
13561810292798317550
19428485640535525750
8013668174964527530
1219937553281075500
5924054567808766480
66769750205564742
801462446306390960
299335516298522620
376365354058784622
541894509614207380
206373136966040
426481908026766410
9772944443183350
18585074400695013820
6472643253299769494
906829034945164500
12687215805224240
925930150476500
22691689577132257444
20635951852391266274
76963486559374870
95920544084513212
828931773535452664
6506006087434750
6726741484095336214
1693445793656774500
2848326175333680652
8842790188328341280
21067968178976191334
3180403547019334064
279255640086850
61020594099557054
188492261912547474
70655507630150
285957621840
11872110568439901962
172888884
12515651971737642
3047694766209089560
546825987611840244
1992275006120
3122228258099754364
4085839484842654994
180791118664
563798564172347504
233150261925750
1859485598875377152
40540046097896774
12693482225407430062
16210286988010553540
405043285409610654
2579012413824
104684706934774162
257010255224432724
17815917739030048820
12408401487432081840
8542153397367299220
2337161341798702080
373622253267839310
2723360789612864800
211981576012496780
5776023951594168220
62174519022550
9980445565978754112
4594867481188851750
23816766644617822330
6040031848941207390
1129733668424142600
23351569072339435690
4839320244646563720
47039292083826354
18078744575735453500
2194474711328499600
5421544000481140
129490896451829354
8619731722910799022
37784879133074474
1655398020332158804
249412021181793470
2308217040103285502
12616666062695178990
930210435142340
10118771277106714684
18404797203579585570
19502255960965429570
16763502299420605250
122808719299498400
15818633192416716662
545008214258973700
88463562971784
22024003378536922
9372095219469559252
890975605989461300
1414050900574
24587962441350
20092367189033293042
23076307073498874132
12794230037912100470
5735513854483294
3047694766209089560
2885175125195379990
24494247102430274
19081543048919898430
3652119624609007552
16022513914820312900
213466424272269602
1986290019978000
120562128745850
3816447239931594394
14047973476320253470
4388742214704557220
12597516622099977022
6526893662941290100
404979150772
19965345637813666442
339507910840899684
8997908649840375720
176921892491108570
3415310981490850
3199190186973340340
6861488247254657170
24974176672444261150
109694018754361484
29076429949351974
3314401290942
4317044763534861512
2152527093105990980
1204957683247994
3118448458878263770
1019484799861500
304408581648094
1784890438673524
7519836161141376044
494271741991482
604731834762935334
2013452789617529964
350540011461489850
4930424432217297160
758051752410542720
11304790097848113022
739691592931120900
1304814039748524914
2169744939034934954
1383174947285012750
4765331060045868050
20726162423395797550
936389207000
5612172448856389392
992224009013515240
10202424766966762
10577890483098974
933549791472524
1220249055417485522
1151053388667524364
403818551331680100
4744528844264484
11536497125648376830
10919940707892853800
171447886728322204
2557658712224044
3082087077099723420
16644519211661399720
13863915287195553580
19422406643421180
10038328114591401422
8798384433861813714
81900637975061950
27733670208398000
6157004517752255050
9373324570697010
55164786114970
5937651556406455340
235012182334384
4080187470711930340
5485416704148870500
310752302756410410
22948500069159431144
229126308402754
13933449473566737622
435185906292439302
15251989923829750
297998500064851324
3004395638790795522
3509640531641736850
7207998420965369454
57708018621694480
164432673321981922
1565523023413410100
10658510811503001370
22990730228108382404
509264135619682
12536027336001805350
693923231816734024
106824389122607024
9457665733738689000
65059410199460600
5331574716821052350
5727192168930789792
7551252217625792
23572780248418293750
9545277959455027944
67359112501528192
442710317152966720
1376456602756220860
108218316455765100
1019896337718493274
196989217233452
1937102391106894
66382895410007050
1782932024845218654
21829208846457725000
7568286283528124000
6154783049398250
392876132353001850
592014106938259922
4906791582592739840
2936399731482984074
8923790385725645080
1575028208299590
4472471565217110
2673507856444980
4512617536738388350
16652628270443072250
248560804323253604
5683278431795846200
266302743452701250
16503793655564670
6724500207135557000
21625781843936052860
1162726792583417460
24365300399432450640
5746706766065412
1342359632922840
9841554842901793440
12458148046682539630
11832117049084856832
2332599847106819382
240075917158370020
4392811726067201780
7207604964110983250
224633913667753062
12629833136608424
12801492423097147224
6501909160132050
565079951607521350
133791066824390164
2351735148817722850
18643326269797350
7891259138712996970
6005644782895206740
1071216900220307764
6818739832322200874
1445224129671133840
362089248925601750
3695792312382891644
492340092453786850
124520492505150
4693334274216750800
27624417944672444
17757817140707840770
16216791217657114280
19902061187570954392
13775445170092805094
212933226189316570
16633466177421269610
16312411643335108750
10407816861336090
4225611289330704
6479410635791912
9299484549113453800
12601703698273618390
1016632394012765600
279746537448433850
24580828315863058072
17653594308579609730
2272250163604742594
10231895737816535640
1043610850284691000
5909802876750290672
15442479055493151622
1571495436112420
2228863368392154382
23003730018564
10120801218448005750
13197036240595145862
1089604775220109250
508409467912533462
28613173731428132
16127349492213743630
8938577270137792104
11447175705843945390
3403952563415404
22319246784888667870
381549348741008602
7466769707442522750
1401633203075198990
22303637261833807334
255046490278821850
379209968495157430
2523204033380286410
18479619692566017902
10876005449333024
789783542837518840
1487051822485250140
29846007138421762
9322836641300
282786466166847734
1515070490675469000
677753825942
5070996117904891790
475629329459948510
90770202182310
1074663046246064
25075284240972550
13355668261925491282
764832126476532114
9589555337205787552
8197994847231472452
5421544000481140
140526603103530
2214296974832250
73305740142189230
4044771922852122
835165463164549504
85250942097758010
7973273925140629350
2659275304999397890
6496995715603458100
115730511853812790
18711088511582581934
24485190535940220100
13262804780127309680
1257533417711098242
2382802050578657162
498254470592281802
3140123754666569594
1156529883570131004
1773291257458254444
2181922972251811672
5825502715469613422
1048236145671813750
16824148431160
1423811894690584
69331722370593302
12636436780575976082
1949817522406635050
950828435641073600
1683641639206086274
15304294727414
6497359704849498100
15688497824805298570
2500006071486240640
47656634111678480
33475279475952820
5724543571417496700
1736335935210548100
1765195877692687202
8489095088916860600
215439483160202182
7602627058505253390
1561521062684525924
1784036324449364090
3800840853440201082
8225720226951682
154768221606544700
2083747494233881350
12213857440686174
15397934726645046310
5378804455544587600
8592766349265636332
4139826959277555000
531136171413610
85519374631742940
11648882791437098130
2581723071809117912
1558898949010797550
9506963847185819872
3058023445605231510
253189761571841402
112831311056640
8104794061878243744
91270293187550
24186291385692936500
9174375047105330244
5241550001880192
1168043864426796674
128989632627609000
22157255319689070
12223177653232404630
10972151362717722632
9572507387361275812
6861867446737730350
4560717099267884720
3218704688402900750
1898095260673439674
1939213141661502350
3304008811887299230
16410136600
7512527876685348860
1960020807944110510
84800274208568842
2366377008093600474
22020426345594931254
14621185082313609800
12078236363114825050
109309400662
890975605989461300
404997875272625250
13858774980757585384
470273292418755840
11935162261438307502
2819608056102486000
10820880505427529100
20652410601556658100
1703559431736352974
108387175581809490
3011545837461459312
3349615874676321250
163648688768292
2625371189700
9783865106250
17658216668286930450
952638319378338294
658839122638103750
481341036955186500
5801726778999547344
1480558440526322350
1190411857530253012
553568351659351800
11929419935127743612
20216582623567010870
1166336406266824650
2335133185672676942
8586034903010928972
6361746089595670
4820669995736217000
17384000292642204274
66593698108443682
10583792020058180
2503168141965022
1513714994380050
9132953776276956280
136190892983600
22026791506644732990
21274538782692735050
36304719430168800
9597449444660
6305866904844092782
2308887094001901004
10776656979258623622
17131811820392057140
336889928769536300
822655782056086000
10343386476198803500
46311778306318800
148402268768643894
3456960654151255070
1634869893024493580
10732038791002545080
21130485886250400842
3909604929976292890
10471917397863096800
458998370332425840
802978781683590290
1425635973068663174
8846918814085084772
8303366506759880010
7390302802295084100
2639771971165730570
21819274437252084520
330372235842168520
7215610561999840
46813842963170404
186926092060470
8661653414449653800
977897110575949564
24772944102215645714
20556395954973050900
5536823304961300
13211905760974497434
26708754782975120
7226114856825839802
1862763564084362550
541856037500052
7936453727362902
19183002131431460932
2066427860632886030
19459957430796573020
2232128314384479812
2229884328672
201488932416072
71384393818620250
12724449816638730
6292352781855032970
6685740323182832884
581327062704080
5819132993164033790
15008177667743683852
36002700717060
180016322666007920
12952885795377993500
3321799222322591500
15241408166330158362
6960610566261176160
8905793684114504100
7851328837379565290
22565848023654642
20278905876572572454
12876718243837022250
1292518588003833190
3362701018066620840
14597123940011511110
8737315761737971212
655118782224936640
1900555307576092990
167034721155347210
20337089939431440280
6600984884091243542
593645678581193420
22059548420514833580
7687338423487348500
70071847372676240
6694670000591529600
12416090598222469802
4132044864520772600
1032847481484836290
612187745674592542
5373120382632826012
5931869979524125232
102723314893137582
2008317508702617862
4159069790768799060
849319773088003294
1083607707320957522
17009373370034255050
7329207887600190
19602053904748115150
5585477384573625000
2572808300983977760
738550813543434892
5083399690064437000
27208605227290062
1466920044510144224
21259480559692484670
2356359229004
12544371855915603110
2865622608613479600
9371137064276537550
12666940819197522
408551349449064320
24650484117000
366113918686832134
2567905957092299734
101865865111509160
6607986169988140854
2898861686335054220
12846952403017103074
17463329382519647550
4353052318047929314
7930073464587774164
14578430259118442600
112343122176515750
846711448747800350
680958477879225000
8463324517941999622
6390284772164122720
10761768821859736500
5231103612541954
1375093160504347722
17117583630259000
12316998499869879270
562345088750352804
5355780292257244192
11807030038188460350
11665811194503730600
24996487345384
13046574220818827780
18933356825718608884
96908740692834
21605159105790475824
254853942829739600
5427937459347133850
12076497980179736532
3331052113778317824
163390015349600
7806954109640162820
4872088333110139024
70205940579490730
1295774357671199060
77829704846775050
1002489464210247750
2200286050994809974
49479441070137974
3831089074183750
3034330459868800
6432810142255219814
1355661578701601600
4097418710321767754
7891259138712996970
16409183518643836740
1187051607174948620
22438884781426322790
1318957443921867750
2343957973615960
7234396747706351680
20110198451805764120
196246656440982
61240438812350
97518302118314000
10297550225464408984
15490611602460453564
275981170047178610
11753000967743662270
14109080384681856700
16001035817208227830
8662085159000
9712481612349397050
1014641622253794990
18320695733145260602
12861525134972226750
2574995828477800
2802326773951984734
11310857069142133010
539920020097337440
16699867034786215770
1798577859735366010
6660488078775169430
12817238197115254032
10292409621869275054
10026227543604032370
25873699529994600
913647834543600
55609970523405474
270371012221380252
1386257632936828250
938815506719822
62111916723780
218196148924775610
19915549228132520400
136824037248208800
13612448746680155750
6915873556388530602
5438441344830671230
13687399147284932630
16521039402659083884
11352287893554024060
20946851856833030200
403546765819026130
2280870165192802040
3387646034726721664
29322830072791600
32906843942434
6501364596050982350
1196763189220
20639416034401411300
49516985638341300
253541118211056390
40433982054250
65834825483132622
117318118876590702
8093200092721569870
16557717286226012534
9468282405295006552
395189244598045892
7613304385434440
1937743739375011010
64565377589776232
213803696496192240
8587829568495952294
17422868209833548532
2836969142463547260
63167742248986830
4725072121511724840
17149141477766526144
18466071097944106100
1011751175278673054
48939640260
41757572597513500
472693549382180
6167149195597620650
14449402454368132524
24667834616895697500
2109617646172909964
177116173728340
3685827551445130
1041488362118368472
16151116310653523122
10423059895848120070
681964754192488160
3984856574615350
126955667930
6902913592965049660
70144965286132660
1760680058438245410
73849078697521912
280297419946099010
6462848952779124620
58045751253756000
12117690073154247960
41084182014630990
6947205015998499070
2816300978647821690
21168416310300307750
2819421999633120
2236050982896173584
19854906992717847204
928971795985683520
6393880416853474160
6634198172159075102
2360069249053539870
18918748093981404130
625165382797705750
487734940
3836267919473947762
188594629756878800
14356823063615844154
146211762302968670
4274609695271774520
2663188903801449920
37175371044472434
13950969934742
1106876461896543800
31631669353521290
104536636126172770
15629355902343581580
2703128540258578432
4979436699548380370
15244168129548250424
317621018410035802
5441627348096520520
189389394978614754
24787845170599014634
2005301347598326932
2921460555993214
2646261121060748360
314423991468470
174566986049049594
1752491907442850
20063522669745826100
491027139587680850
107919714490042
3181468747144263304
3960795351514430
17220859837779305554
282994632292976032
1301105337625698462
17637423195776708352
18333893980656100
2211559238044052
78146498962643230
110480347555797692
8392537432986453782
18059153539852880
3427125426038284152
7906852078558038424
11103693305333874
1849437197284600
85845166854008744
19265118247200013582
2300688978810263822
14300173889213379750
9027219037160205882
11276017295117302
7531621833528714350
263190824848800
850665804783103050
1271933831837634282
20093216027795638690
25097836279453700
329689070522000
6846333150968709710
22518293819966974330
5142704041172466300
1119282888253659000
4324818430984725674
2409328970061032474
23485697990221894
99378097701960
5285903809643832340
83486766674023860
233728441848954780
4912986963656894850
15415682768362842
325295890588063850
3109013975366051740
9682989981758339260
20636493184296550
4048695536376187334
14479109086038212
3050551884660890
644888607148112250
19358226418710455850
138197459315628374
9628607581239490872
13462843162986505360
9612484106120621380
1524374731426926274
20437549702551590
606512548551336000
7866022327844429480
46849860247788350
13028777373269945210
4367896549461272954
7558128104492100
267698075538379732
48983988392594360
1959576355983483384
3635136113277077500
2740656842567586250
15517674533008340
121627531190
505561292777853690
7642838851427948742
18517291136088264
158824261555977444
134226897560550830
2375776763165522964
1575687365893152820
24188242420811629472
22028610377515441350
107164070781950
34316065593405752
5798049704846737550
3190854050026250050
7145104850
191452008283067994
8147822047220850
836572874878265980
8057637254746802814
8007279954415365470
9917814055120259862
21688447614642384
16543772504005695832
636426153592672
947205289230
18705456438310289670
768055848350714000
18476431117438666680
775642133792828680
12181029289130444
5678012645571763840
1662458090007224350
21038957924050853670
3960332381236743512
8702821397928491834
4459956382340649810
748516908606714
916928077516636684
69646464834015650
209810433438899874
4247552420345637104
12550334777300315450
7432813917287850
8571687703411006300
6227575544025343964
105957974074936410
17133318225503261600
473277275142738682
18699021340123781514
6470102922002951550
11028337537440545764
120665070648584
304614762316942
1950850818528091922
16447135975771473350
7619020820712698450
1218173500882375492
19300509111813134100
1015455675159380382
1769308700832426072
252201539273397274
9512291799282805610
41889925038933444
11577984603213586530
1111764899848750
11332386919068559722
7312833600897216574
9249098452585279310
2001778042044
8090196280451703952
6605013365874
708383525718763622
96996131152662
535147296384228000
8862528893158772384
825750566192764100
23148904657753140280
2406044248824373052
10222538440993530
19960277335385020704
9880875388175959860
7441752440371062660
5563088345544810544
74595357376850
81982829129580120
1113163639170864600
50025931451540850
9916314530522167040
27183276537470
37585973192864250
1904032384975643442
23186685222638920140
12260055402367921542
919025126558826634
6578177275410175050
874764499771935500
8949216688512523150
11836682615402298500
23535484452970224254
1960909938675141300
6495539911550244230
1331551690214082260
3342092649590052974
89461383109749392
1978308528742079562
5127496387776224
2771267098556472250
13160
4931608311216867630
450998717609874
14584436982987948230
13065618592464127600
146974600056215360
6553596842951486020
185946582106260924
1930262772788802012
1602397270419664250
451649850
26467296859877062
1193574950152964780
23053714200717207280
8711435396249003600
12218500724533183234
305022202164553790
7781919860982488830
19801119142100931012
10260580824916370260
14049920624843232892
4877076568687214290
2406044248824373052
1454180750
1992520547764682342
762785957710938980
462700438861342990
263166762013755600
4005217388434944500
9079503133435443170
1188269700208472
27935129572
31571334507371750
10167064951524487944
22357846615561300050
1260297275052373740
2951677699053115032
54592765059956424
1751725930290350
173362339505707444
2250314011121785350
5129210457374432
42531276941678690
482427390515656300
10144167502692023334
134068290647140850
12717559052231731322
10971072967819807000
6735338236377307830
74237042309500
18911989443050
2750959305301814530
1813347872898706300
188415513381806060
10715607606755272312
5566328955850345774
262452324744274
3881332159329037550
21487087609230316990
3175719843829467550
22722480688236862
467269097223800
3419247066281890662
388888117638020
1080286718844988932
16379305807073641432
24740185400784787410
20919716553871740882
9728238000291583850
11427150077521721400
14407686494951534820
4519267473062297970
2062253200358520
732370902236100050
9571533905847059850
19031779679408198192
24775923778285461600
9402998349472750
3065476334324831700
9103854942974660044
12890099310637012612
49997554206341714
1084938244359736624
77172811510067550
5444814751000129960
993113513700544630
679484620865187922
14146018228513952
11226578658211294
6188528914284516100
16279041503821111470
2418856334185143714
72640175335341224
4879718949466556182
129684078712208034
8382398413702997280
24272248655754705760
4900007750
21445164062769952362
1124343053725710
7332342796518393500
1681263295845457450
2603103056549365370
3852967028870405600
3555142976874580
170829117331925000
437875850955735570
418327695514797250
3284762050527499850
85349764663335914
8537238443160323330
1349939680956622470
1899542057667651254
10541338757764698494
22559928958942401460
4423559748926905444
1591355738266294
3770013707382854250
19426002652388351712
1196539675016287602
23251965365086954370
8369187415376741360
378821120159553190
7965637519788182850
15322292077192546320
249348893215225804
714341656693929160
12952885795377993500
1249269116061174520
1519213679121870
1427749531136082
3654010348111916100
3088958637869760812
4230113353257300100
16654102963045402932
6392021643596730
2723277396688500
17416766975859605040
1088841866344774542
1037069251682831920
10374890595227819934
1162226120798121940
2894889566595294290
21542225383748342
1613764765042155770
1235320399670240
16744244585405450960
6793402577567060
17561337541871869950
15459208069851812154
85086383220580
2114679827088710
5931853766534850
2735326231325081212
131647358754273912
3576392532741927250
6692064587908720020
15679333948549194000
21614123700493544154
42514525887127294
15688497824805298570
49394541796250
7765263843166909170
3654483143673018892
24267358590060187490
23715677626811841860
9591505123206269354
17639855584109952
2509622638468411312
22449030019680557280
13216865058959042230
905001846566921030
4100510656022113260
6571566796056229422
834931067308164750
757074106580
288448207526822
54109494005370080
1299145110778994880
1756991746495292112
132431025272137172
10202249632344827750
15388203514637676800
780458429997663340
241551781479203804
20138242983430660984
616532438666778522
717683423840294384
817107101861822380
871532875853779440
1659709829407783140
2469031091285426690
7551159588232431990
12747099824593267254
1486208885183178772
12822085971620557500
1598197657070144442
1883528894152964500
12932134857052507044
577985711115190
3145401745516208794
151405597644
13648615063691174142
9949343375304406500
186497499188000
5123792341703380590
2269437392952560160
1917463479360
7780253054562925860
22480409779862912070
7516943127926232
2652762227446028300
903591820586531804
5212392307304126802
390873450086312
254611223732600
3025090170115612
4083644070034620
4677383201983910132
136040973337701740
1242718965282
30317624792409850
14929900046200349942
63201558458969452
33608474727624602
13497110367470282
19479024711325855104
7645717213252687310
12161317203495072760
3692693948404233280
7923312883988173100
6518308486795494
6283473765373986370
979151000
5825516522518070
1761500471282568800
365314719644338632
21517453575504274080
48863032672784500
572107830243649130
38987096322165264
17851623238274856450
47921752306962450
10728326873015121084
2148079984349180750
21494229649130027482
2357005173230947134
264714765328419322
4231960401066718632
15922467488454470790
989736574600458850
702325494605309610
264384832497444582
119702780666057120
10616294626271070
11764360067409431300
9615902543814367504
10661149132930131840
12073021777266402484
822578524082248210
3482427791991757974
1697964733063799200
396573065923194160
291841892443771630
3317180012094077220
192359679694480424
4087980427012042
217198443541490020
10179474071771470
413510085612903734
6467163351302544
596129696197028800
15511573854599872504
14912245021097876144
26268308344257070
16937570167760526650
13557421984149890
3690073777777222992
18169882378925609994
1518371052492021882
19963104686195840
1596350088361210
12885840567793678850
212989305214035350
5248586296851075360
989708553935794
2055043916927787580
104470877322634200
2343761974395099790
3236149715960355194
34609940661870
6402156157991063184
371659931484511982
137495400350
2273409122921649860
368971647891302
4181778828113340104
2199316693793954350
4566008932521500
9327618665677081770
10863961286567662
11652030852145082
355585080820750
12303478625599351894
20240048116361782
24083055308636876930
4629177117176760
11219011885186773564
70120586293411962
19385206030774584
56361457555721010
17019114241816880540
17685969891724125600
17734616736719270850
35493314833452350
6278505622521282500
703973816133898310
1575938961776996194
928782028308544
428515266382425292
144257324188250
97873290205552
1343231247810127480
1951884525287762290
3464676933430351510
1639082026400
20336210663981212
6561504324690172
41543169099366610
90844638695500404
4265310811924830630
2460937092036731462
1857919406610913534
1686022505008190440
3489193038432530
3471723616116461330
13604210364203819712
9893343105987346460
43044566352440380
21998613408923037922
2074301036040986830
13604843953136349760
24408488586120942122
835947139135551184
2124373408406056500
10771338008039548632
11188886274731653824
1775216275495425050
12727838785862550
1623390981345739320
3106711027996112502
2066427860632886030
40185655481801852
15244227685551060
4609200157525706204
29341848572921990
5334085754874413810
902266243043888100
13192701662400552600
982037594789715380
7216264736678015452
4288186705570096070
3427125426038284152
1565272675752335214
469461123700882632
7667536914040658732
16714838695547720
6487173785508783514
18905769653257120522
346725436832820774
2928182340176486250
6979414813005250
179596469301602612
8630986006169693622
1009823513113814
1798022273339703600
4913282128064221494
1076784265989348350
872743683677492900
1966993764185643284
9752608853750
2609524503793051460
6057626005216571240
5358299875128427500
19002456843622234514
364468192223270
4009270600174980844
5946502141602781850
3290002805401707070
71879769323404350
25966145918817104
10066099899703968192
4752074858803639670
15756293943368782650
43992559685624
3118238570708859222
85887730014410940
12264744254980544250
2541158184356571560
206475435870731300
5395567083154087840
12150835966246081300
13055786637775429240
2377660069479037942
17328479029326071530
1345688096610762324
2937804427363150450
2835796218502167340
689784333866120350
2276391339800969294
3250416533804534952
15275934655302396062
10863961286567662
41873363801647070
408057253226350
13220585448579293250
1327454241985432022
84884638010804010
13315721048799862770
14546426849221850
10373339531852363990
85696544910
11662988513532301730
1173278316771425480
491608672525590
6620897853060394484
5956044602496956660
7858260715289110
22918505148118161400
3576024498527100
6400113342723100
5693161651906102220
3508493998873990
101029821680973262
2219579689250
5322793064741816972
12965103889202710350
467182538630254902
10592648955202314
54149643575297802
126163947213618622
1026539010775355660
2794005910687321330
86200343669455444
13225547189792197590
8754146133693983950
9853487891222115140
300858656940718800
6585895803202339624
2840685802203939690
12628645544238844120
113126190118814600
318947569655899492
2223321181902631640
3317839604138693194
565371480381423170
865899089241291910
340942316030682702
2264940756422850
1891883449080534800
10082284522613533360
355661236667226100
18801773658414840
875088155722088070
2508731052041683442
8987690110474990292
2449884143222265050
3593787388114
411760227507755800
11736544886863281100
1953805356232250252
3430499728246052
11454413647148358352
6696567285139732
16039276368090010
11540416834703137154
11627466603777909494
3668464702622850
11760383446361385024
19668798323283394870
977017848422529034
4614266745856165580
2799034912125800530
1778106740698029624
15198676641287797750
95581836039136500
48713006909100
6389999918256630
47202118945935030
1065014613063347100
2114679827088710
1032114578434324750
8392537432986453782
470781432706171230
5255102552900065600
251168417500
712744535521649750
22388210160214545920
21168416310300307750
9095888391851895760
966949527393850
22933498930768734000
20021160690998520900
58278800841082402
3349277193812
3146246841094847100
19185461788497810050
24546287591121166732
16159765299598753760
1066797351806566800
92949521547160082
6747312639281898854
2938356248474634
12451625119881347092
2717487464519282730
1022531336090985050
11612267793617938370
420705500689779624
17163467195312509500
5540455149813500
4628927021784424814
7294554299182456300
2767810705977452542
13329442781296342250
10136543621378780914
166908089990642
17662069328062391120
2099927283200315690
194839630903239784
4453937916031472
4192775034526176280
6266452398306830394
676610809782890840
1216929439778410050
2102580989241027554
10975752311096650
9230138143729978050
5381016145805621112
1353685950901572
174385671900510
16494669082480916250
20191863983385224200
371958045869040950
2842474160569750
343583858283864160
3429604291419937890
16889827825009989850
3321579150602497750
13123493520971113280
383463499435826524
8080116167678192
1909111672318600332
2081421609410464750
72128421694906500
364894614499161342
18045938451194500
1572544958476648720
2498583748917080500
927618385720786760
5576708423584761150
153997209048115160
108844082336619084
1588683784199757392
43112225974355272
617404144827443624
5924394207641375050
23149462759679830
12051023249743352050
920201044041306500
1188272692189254774
6963677414083314852
4013834139712766950
176873098510339504
3085833778314243852
15860532287327845264
2239051141500672
18106206848845811250
253988828126674502
3353382246666630382
24976175182814330500
253349423833723672
17206645487327114
151071930223979100
8560518739232422
16762761311098985560
151028587510912820
353565047560146290
2752488062762678422
6966361737166648520
12081134085058395000
11569004871722142922
8015228833027850
19949299323853089260
9246252545754122640
8870801410928944370
17229178576026875612
894919318045516764
22869826126020484702
507440817214679880
4001926417442475522
17505391861264056750
349644431505335010
1596926678277590352
18541080240705691200
493655676580727850
3187438813438874170
9846525628398916030
612403354087490
598499768781073940
67809630602505050
12312294671776917714
831498926668701720
7068942383020891300
25796397320334
1818523647677790
8983048198181476952
2066427860632886030
835868946856545100
1495259029190228822
2405871461847911864
1938331400045815632
46741870699087480
7184419506156116224
221234886053370
389734260103127940
1538164272564507770
199470644021833184
4731381569438803994
5616739688287207064
11042630324297264
922893092731851892
69054186671342950
10842776016031768704
1963282432887327084
13113628917842019672
26187101012800
341141897856731972
21810020989402100
5089155396102474580
509217735618509372
374221021038309172
2664307867865932600
717265063052509350
1218900837971350
99041158658016512
315733128692657102
10330495702148179000
392616843033580
8463768340404979420
7042998376973908470
15866930983878774100
9971833273204894
9395112994734116300
156096688663343290
518773579359739620
3426674867653335050
197555431134168860
178316769954095850
253253617418028150
19635404844324763410
14784376740556004582
33203119415030460
13472904118709232120
23875642758209870100
21739020687068651750
18403207708452232254
3217415276006581980
16722784407124613350
5774024726910321050
23777255410614838820
12394806425368158884
3259302975248891060
8389891585181166984
1149861106420572590
22466561715522372910
2027397637276206910
7976245120630374350
5021608677278911300
1330110966913759954
128010612888813250
4840779570832959440
4831154114564993154
18106206848845811250
459079849066300
9007205790073186150
853283256434011694
1324691054285088672
1202067982257604
795946040403184000
500827013663860
371659931484511982
1975028195482539500
2727344899335828800
373921547263860050
136904542198784822
2475258988759900
7922890491276569270
23139466734999577690
22786690099055776790
56547920378292792
4104378048565582670
13048416314058617514
39539336168105774
2110870454079198520
2512655810020602120
540539991524178800
2275065548085923450
13475420238488580190
9286155056667763582
9209315489449083100
3410259292050044
198298589701537182
7694360646718241742
1927042385454386750
10327403710132134080
7093402816249340140
14993563737647600
9505995369141353250
2168306186852792882
3053475597657725174
305058914598970350
3553188178714833100
651025182271085050
34273297854527424
5931530018305767824
7322488809764744
6607248930375265550
1948194600753829190
7061849020956310
1010330283021402
13771903356223180
32691278668534500
450086085764831670
5985767684593396000
649276667825847880
176978892108942
16635676343741985082
212512986410097410
13231130817912560982
3589203269663881870
7184027015015136000
9745986843527296124
16557717286226012534
2736467849967269880
15113483213336136904
630527697718364250
8985368929511196222
120798653162055310
10661149132930131840
191944344658638000
4373574350089595952
12240142775810269600
29089027942035930
9557892517710992
962856239252203450
10147726785339044330
6477362995962138280
1399062337157100
6354411675644041570
5154626902133057140
4496577156153650502
1766566021162770542
14985900357216464
24955196805158659470
250846353097522
6583322206309315390
18030956440416752770
15275243551202593634
13966375828353384870
11270640075300709250
558579204283143134
883942402575665862
892042405020993534
222742923471354902
139499512548927350
9157945282690
3297219079853092212
11313615590486146630
1261148608529660624
4284722832141373974
16971947442067387550
1060240414446141670
189723430100522410
43870331068432974
9497883817353100
15321983537752390
2287683978410407500
4666014497605704672
16839955770696588180
3999396281670342282
137226917311458430
13428301599027658140
13218725155603742852
17155710554868340
5857093045851416614
10499540322971565254
9466834151290469430
109251433028960600
8034136169633403074
1519962133790163100
2257882901557817430
17270817484081393232
145320852252
21393513222417947870
20799240461521980920
14754053509898362352
72128421694906500
13151267556458329610
2014965038824425844
6282763850226552222
22216558241249215974
486613748350
4645037043370505670
5358299875128427500
21874408013829012250
3226233986700299600
2587192516375694682
1012744068920878112
11905324788763348800
16929357258508163560
13226450279201250
11529220315149393844
14330350756670152
3780381662617560
5005426185209862874
2582160199323600
60746525330866104
4612858941430333510
6285603871792640850
953414774279898000
311833287356166730
5434
22839908373977640750
14126669164603129750
5499215142320848390
7980066449203904510
20111047855488179720
3091460233788700950
3742261491993188500
414202352088225754
4780349706189706504
22876374550267576870
733717215340582410
15103887151815445062
13634012975835454840
74855170879488624
2081361748992904
118253236418387400
98395317259249164
7244637288680
7673419015920350
1183292518825942382
866862935807649704
1220872238651032240
9627629823942229500
1001235517501411040
53043754942712534
3914083131315757372
151918979275535080
18836124901099084824
5030615887766378000
63145205649180732
4708468369645990754
6537491986549562390
425208852049093112
462455335853042
53523120337800
2937804427363150450
19744927152376368800
341621251741067610
3630429001600861350
199737742981817964
393586774702800914
1442514445621326350
20254497749500
973682058724637700
139356654175228050
320164048794212660
15348112546200
3043591902170820
41997692856816130
6171700876956105612
146656389149874450
901190285650650802
9129195173846694100
15545857943783594000
570873245344489252
2982412410409969980
100485967424766770
2280768591462102
59282942731950
223556034061010000
107343427283494402
3949796780599247550
931016035510
8992798291593469830
19205968130413400050
1316208025752382
21136657130062441660
150356081310604
95382112485489922
2202064038065540922
8926099626183997950
444752685055506300
6977255284927950
983733097405080
10453185765424464062
3824207085993800
1547326404846152022
12560476622147198000
17128799308177550070
19422406643421180
7857203761103287000
4439951591549275074
447780514287907892
32712970673894
185845294244434862
88325618774185170
6619432306490350
11765496430060026000
4124532607102797694
5089724252250
18806315515314600
5607933935397208430
157321946095044010
4740282877562093862
1794830149056964462
281470746348974050
8563625309510469772
2861291135681214110
6739078523752222620
621506747590850
4875022125677403854
108965241004580
1392897119494021540
2778767053805090810
4793222881788124
35449451180259270
13390069650083328202
15436905735740190730
86656576876468260
993206784034710
1767251391930991162
2102893355224189970
2605303358960982024
41765835424344724
4852758498668422500
1152545045071462784
16466758893745230
7441752440371062660
5048365411052277490
2992981813604655614
16799840831116496010
8394742784156302002
12631042463878094690
4592061076855731000
59573142618327930
4717623639324595090
345050242542280
7720840409217426414
7664147520269944
7762767748518487852
12985282638862438130
42702496500560
1691256719163830
2110870454079198520
6699138192201231802
3175932627130707250
5222272860899741570
22389311485297950
1881947536461127170
152878895167353810
749009486698158470
20782979138689070
10546572323243985224
15439692207008477100
1000161642642665902
254918113194798704
28519459850
240628571402341864
15719543829877493452
1398179854774449670
21406862243862525430
15786815221808554
18489187894195163040
6408212721917622
1010308269840219350
2748094601576284970
1314889107617792760
1586462983534
111857936102564612
6728609642834571954
21478162562446016350
169856770534850190
8260137902351380500
133929624939061770
4035691512736182600
107813859567925000
4714188850044455964
14225994563772822922
214974675714260
1026174190731116350
13596554706881300
5400952064634069000
287673693589044504
22631305194037988574
196814363363779634
944985551168099182
129379094152
1083797709073795170
11981751542520156870
1372709574187756844
8815302933479063190
19385480859198363560
7993239313862380050
695761137515527930
234149653126278890
8786966809497453514
49884165936009640
1193983549813472002
2839120448023077750
711188698411972
15962820753256300
2820970640081692142
1494412604842817550
5027612139064229750
21520134469822299364
17112237592062331642
978776966061457444
5383544626919031300
380811713157282850
4907086467801689600
5090974002513976500
85025384211162850
756164254099371572
80161902509447550
2986054173110870
6741323443789878350
2152050287185093750
2265305710427305560
35092751344318850
8878296575500
4494753575690
18164372935443473050
3621028493939029250
144317659450403210
405588504963954460
22253191954444236394
21411759319189694
36462170565150
50940642878372
23630244926878845500
2139681112852295012
3115720738993467500
4188059722569200500
8465099912528952344
96988697047228494
229695860148460440
8251860847958998914
235779660301054562
5176385835228753600
563042405777670910
35671278513600
62774221659789640
3505915922152644
5418084040185719070
9372095219469559252
7995365495805716000
15488516546419680680
6371970568083173222
1763241986115610
914249093972369820
5514326915862114350
48381448469132650
608725130000
16158323560271057312
5910852132224600
14126669164603129750
2135727941142969912
25787255438828800
303885759318331870
464559848526541300
9249572834253636500
70242838140930
18712697908950399510
16225466568338222850
932871100800091000
3144134421376154000
1623667714797304
118111222636134
476193073665004850
10179292762341649100
10120801218448005750
3937531830134416514
2980345611691800
16672544885888572032
6908414586532382
396841321518943380
21659886535823443922
21754236589638700
11060308162427958350
14172346292045337550
11956315113889062
2332262224438884500
4780060551730896250
316600509620078800
1067642587727477790
7527556244819857250
2290347164442304500
178120501822470222
650506736201853062
382201093117520562
458749034401335370
11064105894893486162
13645439699493751072
3476503278716298000
25660862816137850
329360024004831820
4732529420319983100
12106656526599783330
5696788726992959750
240837769442550
1088269947651865654
1123278785838189260
233037685915114864
550532334945749464
15310519770938057512
3173098948995910
722017209940744900
94049385192
11085825988520194422
408057253226350
8323948470181209784
16447135975771473350
258693219401648630
2980585936327385100
325026292413779124
15834671645525660
921630460518352832
7506441709983806100
14947627510130434
30452687667864
473532509742589152
185592255626274172
105593838350
769818531529780660
19757497044700809850
18498759810942729514
19679612268398250
37502057516483120
871371530052761892
20615175917094575982
2201740687569284250
10113706482173294
23600541740699273680
9750427846527699500
2750959305301814530
5106755682573361922
3399050797118449902
86585171337199990
7703609480628000
877356262823870844
23047127738913935734
21784651160908350
111650481022869250
4745169569159899170
24775923778285461600
223323489974543532
667069160362334
9922813698729342502
21300330004562
642831351312810730
17982482038910571182
823426885814
72190685457093350
364600756561180000
1028638614120147562
6644926882701170904
4535090527012787434
715483146838460
2019052366813518190
6770558473236876010
1713316435744188510
8427875236312196302
3847643741958212
11159913581944810410
5470684349036424730
4513171417617563792
2306207753429064100
21906994850200276504
957823654693664924
1877496340012883150
18956658988097180
22847385058469119850
11881266161533235170
8874020064678597334
22670308998864490040
12440956765276608310
4174721269232894450
50681948531479430
17261726201361134350
664548058635785272
157344290052998750
1789842315835059304
53182294451581750
116121445439192600
56755643505070822
3763000817558933384
483308165568697812
2700678119396750220
10448506786457734670
496576799334
17000385507926261940
5671106855326720962
21876217439267754682
20617772050710128800
244990774970217012
348709979343345250
1779346591431765750
584010557811604
141104702882000
2719949313992108044
22767106829131194412
9406637768830982680
647015319938762390
8250119103135834232
28731585807358634
1692118412118522850
9834250848949142
12639945317097630
21709320014174429442
17355082190630026920
1527076044246302060
156608195068894842
11873191148000
10749019826736373000
1614277079783669340
9358687731129409530
5833220426848828750
19478195407887216000
1598579098605399850
8169432003129386444
4762469904060
119302835003988442
24579840932428787604
21855415822819941180
18411156213752963934
24856476686719242600
599291361201511902
269199151391113762
3900908317797208900
253700946605985410
4193561306793312014
3694838762034183022
9991499335829254390
528186153546933750
5776634625874620
648565320801872842
2880821501266959212
15158783392976004782
18642785030510379904
2229026530572509630
14845839860242276340
3773402746462757720
147378410252071790
15352099390289914602
5180684446851261530
260677985555457470
1594474565810
128029755616840000
2531312644460600
4082199384640020
2971228943035500
23370577428765263620
12176468737615870510
85859352815988392
20142494712297285174
8067052110334906780
633952216174277520
8543494207657787392
109881670800455502
2730953335296176060
4060575068057860
912327203689440994
1066721894237244
11795432239607612
8473536851651187750
1170155664937724712
19519693030129745000
18650008297843932100
3149206016737498300
9056778265322550
37494435792553520
22870761529113613700
1995071806150468850
2279874300013384572
8294182657743794630
1325685304410910734
675274364388540
1046754381874991790
16405537708581285070
120176739205204850
10895246254860012500
199390566596697490
11725772690550565350
1895325427422350
2534324358228404000
10821885478642700
1675855365041108342
6150853158103850
389028842283087580
780829841046100860
1498890635320579242
13298895223334917704
5368130911595820
4934865077800289520
538850416680474250
7117536910829622550
37961491531423810
24148269786446457184
12577791601038948530
203939320284641722
7693947441639122444
1200432842916180850
11686149625224990850
4340397256609271950
9725767987101730
10088358784977144854
24664864695804722312
683846120111592482
14090207032126227730
8313433756621807412
2333494599533370
582951302619507354
19135497761395092
207188668889258914
2482214285080194
138847341236462950
66090944631041950
505132421323873854
2441313179185630750
826370569328206760
298612247403777190
2836382635010635634
16660740291858833304
499630324700850
19930731467367940674
2863456257887815200
1362867712404787680
378001200244303000
16578050554364664
2972073480542285680
21324198923005683054
275844967828215240
7641005538980814
414664345716096184
474043288631759742
828077378262269850
6149316907963166700
1618691450530
7509281460735500600
12755549489695025750
1907659411675202042
57057857911668944
9003021185834221000
1243466259917458900
12632840377508883084
472767115493398642
11856672505035041600
3724724551127137272
1807903086379333944
4846620176341849070
3693647083592013002
8605101849414
6053482750249036102
1333437478600533044
120322855351762310
3862569025195920180
1004193132509603632
1126111605778709330
1278696187032493350
8458887253265875882
20907470546442420070
136361822580276500
525807293449902244
649859114132446372
13811935688995869310
22707502330547215500
481354460814000
89800144350
5865516314965406814
21498694328105029952
16007476977759088822
41485586417521292
954969107910704040
292766365624468800
18269266844477491392
5803064330406077350
1164029296277393854
21965924394341602024
16912194463725821750
2626875680
256945690260638960
1364786661152533784
14618510154179442550
2447958087883706710
258012568973858752
98962227777120642
4543991835465656730
198484706490739400
374719725512314
15707295674039244
119175789996185750
587979919750686100
12069908370992052
6159452086328630322
1230875670286648320
297926356746134760
2168591174750
12809969112960358850
6106121295610632450
15178032384690793800
1133337791790
23246283365563549302
1504811484058292
2554867289086815010
2711245659755617600
12107817597588184914
13703955167167248830
767615650941110790
27654733358282734
11029420151127507250
1328892806794377000
216516282944561600
391868962058574
2116201113835553710
20397974466753180000
115641801149267120
22240365005411835282
13009773297840872190
365777254170077170
21221427794434649100
35963730900429150
20590092596968199760
3452654233568095600
631921192721150752
17424385368796252
3752861569948439130
37494435792553520
634587913860806010
10905977821541116230
5623595773563139782
6126645567779712140
14211586200861228600
14104523012971584074
8263188912506618552
9886359731329030950
1176508250474751000
6432087609988864030
17113351231622200
8348960888332967630
19508891261314
85590120008949710
963899934688463084
1269578705071203800
27612298760644070
14504499786821817850
5264111164936055810
6682393998315725872
3877376357453653670
2266233341540
28975793261094750
2462167501968005230
3247819065137577350
3189999983710132124
6228633416128632600
1146388906660191350
5406975342277743430
18156286095570000
1975922426940721714
52610106686479232
9047265616538942100
102257675342264
18103066720881906764
523106304958299192
4171029297482810
2440090594137364630
17315568534897941554
846553561813409464
2388467857772735050
65986078462570000
8915480829850671454
3506201599636005050
18421493119594645600
54987800466333100
247680364207379950
7846295811213095152
245551890731390100
11390969451100540
772468242891562750
3246304594187870670
5437804312097969574
7313231358161677732
222209994742190
83181566569193624
13366539664362350
13083453163093628770
21941431551536083510
978774254370990
4766196557178950322
2756121415354361014
3623611811466885854
4416198246209823970
56258066568336270
6485540797086750
4443782900661573350
328117419912989564
293228877803554
4661005866904090
528629621184709842
346927552132378364
1606732795770752650
35713244008053000
39865503138149992
9422501641758327672
1537176214702172550
4738559064349388194
583070655399241620
1457880275199143250
205955392831888504
5111923027500596630
5997860868762
16115116221415366422
1846683482
9063140022196944530
5192365602959877342
137549065874682
2383316706999044250
20727031265769530914
7726641956019509600
39650484350372350
2409674925728796180
6961377183229305124
28389818166462194
31846893849518874
21428233670912466930
85392143481754200
8551542384431919250
2343957973615960
5062679450030020
650118104904752094
183928675247536884
745917728064752100
1235376252647046602
9570560498583793590
428991931003350
126182882456757170
3993581522426812030
13506271315690549242
1205569897215165350
865979379074598250
4971391614793032872
1592781497878190
18833182
113720550934616780
12765162142974844
21650907708826851182
1257958330358724484
8654036321282660
6996709089404190
13742857090594042600
6446549824734993890
15023870054956435050
56309744264772740
19381349549801825040
1112679061554945850
660410312946444610
3325101610584740910
5812433667015676960
2713892383446967100
10432921533703327750
8661201831949212280
4641641970844046624
175680795536125572
3111372930218084
2877065520051137030
20643746875231807250
41477365209406294
742763986242652374
85249433010
11487305912720804994
16573874887441511640
8697837267025984000
5794531867580
20674081847912561600
15711778012732936134
16370568834598447350
303812549637746604
11595397707737336350
7234002210601402432
7829955186460157940
16904736450746362100
192125970890273492
2694089112947515080
8931181532757369600
24783488616166280
1550430949834302872
6622005448494441810
516263158162524942
6289510473448801614
316753571072250
4604700027274130100
93719796473341780
55835649988220410
79865868661648850
17301906464227834540
21441598936319500640
8551542384431919250
208179270857627392
696033730018554152
9840063974317936244
587619657876248270
12904099755648500100
6659004883762498960
5548199759186598850
45425291505737550
4564626295101659532
3468994594111073692
20600469124021218250
18756190896327161082
129413684011230052
4693619485042210800
590867981635796540
15969573676565895100
27292590827851904
2783197234288863462
12358804059141634250
1856354203924513500
66899076756648780
126355168682
7039132270891415930
27461145170577470
19107902083394254
25500672126393800
19688018850101000322
5074624079499430764
11799056179895522890
6680535471822109352
5377225094255374250
9202224916397405750
780829841046100860
31138141736646100
21695663402154
232827760078773860
4494644144164385250
10007090683853051250
2518372767216817784
5285903809643832340
12448661000078506022
396751887870416282
40185655481801852
11144084435931759690
2315595659453445824
35042014844563650
23647091101160384
21982264344386235190
38254641512822372
20315684205670001680
2374001084
5921677497858661462
7303292293140599882
1544970070646166390
477167993840325480
16490277100189709380
9808794843836511380
3581047007918153480
10982939684740955562
12659832121294825194
16079894555435093020
11431597944705024444
1064733332381708222
1429373876010899350
38023066816236502
531964535888617832
2395834919575630
19708090067312393054
8499775970276557540
7644247732
16739802854879770290
1021713032233359284
965989870804780600
836729363687427214
23637914814525217640
23280390988624163640
395870037979542
11601360170125154
51469929015475250
2635884214241440492
5786011009145290
2434507480596613734
1713316435744188510
1173681694348254702
1554909698957247710
22913821099161060530
2218927401866955494
7650256033328000
8473536851651187750
17761686086655643440
12733830261950040320
36670607480335180
39373052245403800
442322093629366300
849599183779390
5397783940559298750
12788785277174880050
16493937024515091750
5052282629250990452
10680159508950085050
4254437139166922422
19217458859795718390
1827993906205264
298576118398850292
15982914092930750
13828604541566528560
3019938007916131120
15566876231945673600
748001814448576710
9885362408257084452
5289958453137126552
15782482272083102184
4135908629679750
23128145037440690052
647467116214822750
8433185516094208940
18847449285155918350
7747894147206382
12013463898691283490
19375566826042112854
16973443292258593602
16278316635092453370
1310830190194624554
5830870746892457030
1224304014207468324
125048493867220
554602302529878432
21623091084656158834
10626362703376745780
318719866308776804
8882121606220720
48224782372806494
153909093768850
10171139663720343060
1365125509409593710
24313354390682229600
19592889849244642060
21193142628072606620
9137183591156574772
1665472004321694270
24305520704657314452
40653296737798600
1988024297037331672
201211585293823104
472716122222296744
168747242167950812
41584336271831430
4041297243568003192
756091728474375854
18232936497606035634
2358196403522689730
56662097405047330
8871774885681150
3608366781576063434
2681134678775098000
2130360421426101670
943700313311077322
3513264354600
152660334160624620
2552157161843457350
5471754908591062
18099927001375910782
500527640110960
1157927015187669500
4377362624511278584
6723006333681161434
78239079144302454
2294513046796880000
21544273793278309150
15066916570990674390
579022929600801350
9361559552551965500
4804105050215797040
371702508278548980
73305740142189230
1994718842912250
196708666987823692
11983479686682858244
381288884519661374
2489184229018410
13025280210316742
493971808693082174
592456389246304
128791668939010
311124738071771100
1381920513450242612
15580689722920700
4998844543851942630
14569757156086634502
15737204120346636552
4109022529932183164
962508529196591300
3143309460529310
16550376828736400104
115801517157233012
7672071377180436270
1918134204321655670
2540258208028649290
3360924518460118404
5836840876029100
52345324146857000
12206814274658606724
897143401188865350
725526471193812600
10387822888708922384
22053176161115136312
7347100076082459522
3092711601384329600
2034854281050193562
3327304570298616600
5490227160104226100
21762442673072633224
7319597681400852940
788884724608922214
14233858287066393560
398319160779470372
828232673708081812
6416928487580827472
6915873556388530602
17928649706978603100
24685659776213171190
4909151036439371332
37228406551882130
4228003181888030272
684047925655978800
2873510611086615500
201104122599898802
1377934809105757322
12996911386477238312
4977051953539239414
10384520405875750
10310924806826421712
5690195333500473800
869678751347740334
3723525650488791002
4117030597578994572
8579755788846852610
94891818785380050
18463680943058293072
1248529445069705852
2123429245375233040
285641363217585830
1236005220691405420
5532695725899246762
8079475204786787102
7189916070967082600
74791191193152434
4014595108229015972
3211403139754258674
584346646752572
12992626202734665600
2990743639262410850
26064641415912680
714828269380618800
7780253054562925860
43724758020529300
3981971028040493950
78473761444040
78612842
1619331271335050
4441319631715630664
5617028243904
3032250832911348510
414941727335016882
17057368838527214890
1199759966217302
12826413713705200
1671380643699908400
50376911612009334
16669593149486687410
4264779905807476874
39515549134952710
877194109120268520
307673979742923794
434563231469957590
12849380331263128800
6689459935775249164
23054062198421500
64074163935933750
21255938610424884100
18246356611938543270
14589777851216984122
39065631361302144
4458858482180546600
5675052249358663600
12541987282412982240
966600075175783932
1291217999547055164
7484562124460928780
4995855035323273290
509649205584118600
2957593176500270
876165923298330
1462632824223228350
85972903815843500
3676470684820934
3873964951142594
343664143874324000
651612568885980
15677924477836486910
36438807594442110
14770893984433610452
2626829482180190190
1192962247308135612
871210206655092350
18650811012652747084
5243005759468465164
64519564544121610
232019374434766562
28081774557966294
22587717775643946380
39745940588786432
70242544831811352
282439777855251304
4113670951927589360
3269849749112830
71991583197186510
1498890635320579242
24005082926818422
14405040915765217250
56454631229759700
36693098269174802
335113642198412000
4445296310
4784688597502841874
797228131249460092
264858147746220
4569097024103890740
11571810476499493742
439563386691584610
41165863666917880
2099615247719166892
164132631325817960
9620299017625935100
8284509402510174
50035393217082000
505346822928743600
24498976664418559380
4434482591075910464
2708223203708655880
34724358295246620
14479918897101428862
699574801245852
30246203937874600
19232240230090009122
13423910172895102804
35985895768538422
808760487058330240
213157608751125934
6572668196474141350
450577779327902160
50994595895670
13400716239190208110
76182308417265380
48993301970776760
3078343788747138234
45822620640546750
7744161670140
2711567444965470
42055807736850754
1914346677214409970
21698527318688756300
2890723235631474412
579319836516184500
10481292648950862974
391236457916046780
2942624353917823302
7439334755233495492
3381173787125813382
3793298740545220634
227095458269390764
2024511806586771280
20862032441659285604
8274965012509348400
200594262520637020
4188673272738504
5051494737380
4219684853251102
4893389059105822
935505808072267194
836729363687427214
2307018625411500
8312557980373939600
852013435773249750
631984588234334500
299154576035832300
2448568251168802
4642773454825675050
5686571407569143590
1108686972250
23480332487894100
123739113598334850
906164282989595592
3842155511738662734
614791795863953400
16831778388633658892
2079562303921267620
6402876167117749510
17394663434627167350
39757968974000
4622720340597897300
2812996811163966574
349034793468418750
18549073363157869840
20849811770215317162
679016168488297550
5646494730338516912
442176575656261182
162066663949263500
2136676202358881330
7536095882980949064
157321946095044010
10301149793558130780
18860740358614
526457730993350
964683262912098800
2239978819313783100
3189573014851563410
223788759709254740
288377005353222214
149689582951782524
18121128035766162730
29348190128352890
355537674060776442
14773589797611336654
12354677662369127430
17864055113576284250
1588051039930754322
135420939524844820
4269825515473484850
7271159297110042334
14103872050008650000
7865345193119582
2370817045642446282
473634632482724650
22910074376977441000
13521920139773500
225774271633831354
2500895331403447160
10019677637220424250
7620222600875262
41666762396980470
2924180121078822600
432174553649466390
8568551651843562260
7069717931030425202
8370067662445764774
3806931390237850182
95443532516685444
7997917474009014244
15963143958754867000
22318328350910539822
4156368614891570
5146981660152729040
19402839571425008790
335981169057485952
194656083802582220
14340337960233829454
4644754049546607122
55018276346123090
6292352781855032970
2443759727495950010
9281873621719069690
10966656174834564
16408454308023586092
21754332921804297892
11621931370350
466021136773126550
21333963800222583112
26111089073026804
6031421274587498790
22080305634163660
17390854606667337250
62677042592970
7037586274209795460
152676882485050
263989320316807100
25632202138147630
219483958929684540
107645670903889000
3405548686802458504
16051373366433482
4589255958268308600
9541498389924804
11536497125648376830
8667977423798579040
7633387098696851440
70572627580837200
21949593555400997200
2326022813430135470
200138894263191884
2516205883842000
35671278513600
10799018172829409930
9315689647430781420
7829955186460157940
6128038914139861362
136783798089877614
2575898560899870600
33001822359320850
48974676142351562
892217401151720
10169611503145065734
517189858657215450
9681517165441246350
831810501430544290
2501073211851133560
5429527978271232000
3431407947053949174
21204630064572178224
84687886978352750
6414765088058649414
52511922235730192
3855181283417073260
1152047665281506994
6502821379054183260
18549073363157869840
4807588853940422550
78464259192947730
16785634774210064
7157603150412
15026600421440034700
6375199622309353334
315093167466254100
214394884384759600
8132756559501432964
20166316836808303980
2974016558944
13142004651197044350
97643229635412500
10259555320179850062
2175346893868568084
21236465799938864022
24265764042
487487527707730
7224932310291200180
2692960780723226860
8717786643527299030
13851067201388851350
844345462405520530
3673195297146727884
17733070851844281714
97924755386659124
279849766010089704
553912841174164850
4827366212141140360
11598770253438529350
628126181706269162
1393470603512986310
642381983519896634
12491989724669782250
11807030038188460350
10672235431931893600
794889891675490
251738937998592
16971947442067387550
4142163729727712700
153272896280179194
17857838364561684542
7072432851617753620
1531640484977064
153294807537401992
589405408991932
14081752713044478644
7369077725642356542
8670236837581174310
4640227906714405434
9458630516583242722
13149872095935380
4689791818976572
248309010878085080
215156783588138392
102439702686750
768569651252973752
2611361383159259900
1994321181862534980
9508901025278749094
20048746538338322
11141356975680060220
744880723036962
1468828497997211992
1236664
7479706497049396142
17169501760755456840
9009996336535775100
2243747849476680890
16079176347636408472
4921581806251530
73798408567073190
249222673233663402
659297096556385952
2331080833719701490
15127885878242934302
1566399476721360600
343664143874324000
121957399653824722
2341898843776982802
6073874235576611744
7591576234554249492
402732232384600000
61792921427852164
48956055625179850
8382839049502528800
8355552462028734340
284509173388792
1233386104067074820
262871112113516214
1185729827341964074
5178841857032013060
337443988672441690
18670417287144350
23248177249683840300
1116074429529372250
4730807722306058470
500273189170457850
109523634647146304
1459067325033472000
44882099685039540
180090490782726342
1707296904054005880
774533853881385620
2987693606620135050
4351974215528217432
55797260509060
106357200407301110
588821174989501700
605161302738402830
23826410996169228370
2579537723939317750
21363278554743306300
48909527562358100
3074811592713786030
11222850413107511970
1388430017036380080
1618636681661683082
9094014669336232350
44085069027343674
5450555604622077994
11503656201912550
122842118849142
591893383716283000
72452633563991604
19555433986690821730
2467445914019506700
18389701156330197540
1669015304575218600
18962599668934569802
78080420582747660
583309415939111642
9749440825836388600
7557272924668237850
2504169242365070
4652116092700132520
1518004057348556660
14778982530969578090
1790257571062381820
538850416680474250
880116316943886750
516099752145574520
5058011894411750274
6894537445998538974
21164003174229253800
225977801693242
4262391441579753092
4941555789113944
1265091637579525770
1753172954209621190
8401802828728382010
36678103260817550
2228700215169426124
1209278772360591464
16752390053717414250
131940824956182572
27485287940685040
31631669353521290
1284082299078201350
1099175002045470000
2662629553960002004
3687693014695542402
17518947603568730
43019214537296424
13282085348820504000
1130125765456250290
246426652612031490
218681986984423494
12602896984363140
899536846017519472
21803025445885305934
5311205383166080750
7371078135823198412
2033483153931399170
18807836267213114394
1011660948436576750
506527252009602672
36491053171053800
2043859960920534064
14552562131184
6985558049137246720
4941976349142069020
1853795096619329292
14105825006498752230
96385637374600
18503547162786397272
5148815742095892750
1705628309000
20376520681777604500
63336959090799590
1952841569304500
998641798935426100
16615056688028681260
26850860370954172
987696826060759892
2642180832033555124
539582078730573620
57644858197023812
77697991970322850
11799056179895522890
10614786166716489564
19816253916020170
7199346090483694420
19033409720259166740
71310308933785790
17474028995578168090
50681948531479430
7824513987618735050
3040274334270115222
254725638445900050
764247087287602710
5240217160160994312
3764209237895526574
1842594735095529220
8969133249267116632
13719250973639569330
983236367043480
23426719696290588462
7690229344798498652
35735293000472830
407031044191304
3628077160779591300
10806888064783230
2844406112593178322
23996631496521533850
23724329767328751050
5209307511593655162
1992220560668187850
8494879315979479150
5686571407569143590
22742878367573037634
8190630601082148100
23399111719285494140
28260132807715600
1500033586194000
117874922444326370
8701915033024885840
3343198210637877564
850111362823962274
17114495300391920600
363525373957200
7727056477290890084
545575780833783590
936389207000
2570810203236869022
701845279880178042
3299189213301973464
33433300187971502
12198054940246779604
1658794500199394272
3004376690266030
92663773886383700
13527709295252485124
20949937798285510
16662953175606885070
4782374154738979990
1913473429652504902
4334869351497150
1657356890726403174
24739193220314135112
70523653177747550
325334418299672600
1102731914611386822
21446946792704993560
274859008841830350
7700560720342469252
12809377326512330
7606723016385495730
10245206323816922640
417955623042099142
2733424327414736272
3578021082622563894
1690924436060670514
193668694912
100597757487222100
3867993446980440974
4763961718128250
787612712316927420
11858958674937636810
14001950007313263990
62360216439741402
91885096267309514
27190633560473240
12379451549850883850
612559245423321210
89067001863824600
1121133317832996132
762858964390651830
13236716213839527654
21562349878946184
1229308596503832460
13484858826539186550
72465125038398822
5070089431538214694
10197655155081007574
15017045766620247350
7640783376327241672
6448359314845998160
2889137245454905120
3141600922033502110
5407926846451704302
130983981280669420
13702044091062722824
69900330007060
18660445611650178050
11938608652155088820
17386284838815917180
13370046222838408250
11727473070467192740
2296347834268628154
5580604463884321600
8700102515606848350
9894341032863456750
9005345785915078800
17700543726169084
2080027013464245994
72215602245690792
35129025418471600
81804826420539574
14005834933910872910
7973698330808981850
19858804260122062
14685493559246603800
407637981939382390
2798686362299850
893274517061739554
7988905609669880
16673282881235729280
132391759060678000
16573140194586753492
239922571178928950
18818339751831794980
15770887212641652
8360911145927102
4357366731315938362
225276660039556840
3323780359943608240
525972999177887690
125445985713220060
576296737692556210
5600440908779130414
146269223466982
21001201648881939100
1802053192412591860
7649830568949922500
2894492579257272994
2852250288550626782
209470519081670
2619639343815512480
3545555579616356924
15576745660560700
606819965191503800
10410613085084719850
6526163219380244220
22927875400403154790
588941427959587404
3378721224348685644
222713924891714564
61339674527016600
558926029696439482
11402710004354076870
1865617489743112000
5588727770801660100
1448055694285754292
105576437835796174
14639919859416000422
2919782420148362290
3278873688033794270
459347611370672024
947205289230
3619150585305678542
651479076738760972
10827888812769000
6851255800688698672
235358200
835884954517470
24103418573350050
291429217301182
30233231897643852
74637807282181000
1530150074095962410
228460747825752
20478792333380410640
3945284497353892
73823740371834600
15960286929698545434
3461029148718064
2336992278346441730
1272870595508864
244057719742141292
5731166788338949930
5273131354338643380
50671519693102
1173076666978598074
3005524640341300
24258558333860259500
622967341620666350
4305804933660385050
543477996379961602
4060575068057860
3271034857266612632
6361215912459963352
923735567991008182
308968801161020
220262990142052
1609246685540494
33946738512880050
9432125870477431002
2314084959311183942
10597964456192154860
2393455236307347500
19798600521016581440
36630335962220
37304269975276670
27077019661910750
8968669696227375624
1089127910209073350
30226747442477964
1916239738936486924
2103830662003548790
1239048619309046792
6341622223143130
7258494044902740270
21444272739480751734
11252545388210
16185733109424232250
328272552822009250
4989581432164598060
15912488679334504180
17670180114542120
45434092866818964
21811148806700187550
2149826240174355204
95014214585705870
271378505884653622
546316936498034
4007750285439058250
1185526574615929260
12345249778514053822
2523741269494154424
22628521135173609110
1561396125174126500
286025975079186720
13992888321602824880
2084988762893068410
528186153546933750
1026971022
13219965329105384850
35405628195600100
985748713957684600
10863961286567662
5233405267081344500
2503742557419693920
324641442904076894
15188351882363344850
167039470576290
8348960888332967630
204428347893286300
20797498265755703272
17049862859514357250
4966331194918805100
209505593947196600
9874396833882138250
206393258410817632
639243002200664862
358760782736250350
22494264245027394380
5895576915488533350
14737227439490409252
10893100892277500050
1422487823976679460
1527690479342317180
7047639806172296500
1348013870090580
11812728125193130590
12901664076792507394
2163515513447009362
187445392556031500
2268657517986640
3656374784747971000
10691789469618857782
1737220014977920
32410251710808400
304408581648094
330918238388252480
14388514299513549650
300510998499712
1488256640574401230
71088400243218974
22030429361029301212
2311401095468971374
24458619434157234370
10350094444510060310
978776966061457444
12764607363136874350
26058839818933432
1638882424129234900
58682993084158850
1931327391574
7381486834815538060
96492410
1029369665346572550
40161577397171230
9381410444030482
2155707824334994710
507655953204207250
16126629695312360030
629288567703642
20514117794999566500
1879218446057129100
2769416943408990
22083228903609536300
6285529348231224
10673247980850
7496413872980340
1011227449232
298395522548156222
67892866636917322
326418731318850
1373617241376663760
4777747788275438782
56828481624747690
11718973019867438780
1078676424430258500
3978190476668305340
401106865326047710
254052835055270750
9363953241911445100
8103075651290987822
23403869973504899410
3038215510103130982
2006959815464612470
2491178334826500
301549603027326910
8367427129527788350
4007602416896254
1852090495660035050
3360702505511746500
486791203800680570
371958045869040950
36798192104872534
45293424475269100
24772944102215645714
15306408625327820
441449524293099322
160156082357713750
5238066135305600
1293277718190974250
20738328702607914090
206119510696057842
4778614976199056300
31732419552369250
18933356825718608884
23493460294751880392
3116979464177492914
5279987340632620
2451285624451729142
47138747241393262
266999725874717214
230796571975684
863412872403256890
21170181757963118972
14174306355302313350
17748534249271558824
108014450154440
30999144703931910
3477113755850
1285053603355746560
22909137768229707960
10633207833440885394
9888853369164336620
15066512528429982
14385871361165866300
434377370
11556666271028341100
25002095067745692
10095448892889109750
133890025929814154
16707996307659475000
21240005315362928644
52915353639448300
16830291911923234850
212009520107478800
89037840402361270
3443601237525441300
119740962860222
4333945750253908250
228294584487764
44542919853498080
8017625074728894
277585327175649350
3208400233277492422
17262483671135582594
1899094533490
1336325499045070142
18548273934636524940
6642336003415346830
12170056746397653420
940108621362337350
5208523342028010
408140144335816880
443536140620293800
10049934769935970000
20368801463536648144
6755386298130050
9157945282690
11028878834321099752
2507483230176960750
1235690706655587000
697466155025077530
9344816574350103000
18690175791355316600
1001683220490086310
326418731318850
22659730100470500
1509581515595192550
9776611213450701620
14882731972562630
1049255770451077434
9533140738765487494
1147586902870100
3177848158055806690
6724500207135557000
5740448945322897652
2155545601251350
3440653666318600
294121467407034190
4931608311216867630
5265985752082664
3893465633569469430
22066832693530915472
14021382725086617610
7186382203103710814
17351577155850100
987431004529040470
380291070275130
7113250568303096490
13182179275077817810
274417886264435032
12633439724703053412
443633372223832252
54663511614561500
1992370549981894394
22503504112124205170
4183871674079764940
18442975985448714154
77582691181114
3722566738381893780
401016711647352262
3465131234125599500
2210647223518864
574464959019323190
3753585121624975252
1044627099322540034
487104033457966600
6521416830541976000
3144556820196263472
15115540106987735870
3209043535874342600
1924264386146157664
990802044541194032
7897999198672360050
1539894519885861832
788660139974740880
3017022242942600
4601327092696843250
6103342318833450574
937208578401722004
3911345995848500874
2216164290855691610
8437169872452536930
9095419934080693360
2174065491814909520
389866632671282512
38107855107133240
1776729888832161144
2587192516375694682
10944138920851704750
1856496454197131104
37685327740526620
3541628437020659150
106257288242592942
14647284874121072160
302642992755403580
568058840788290300
15766907094320564
199310513284274100
3872929695544724984
78159719669900050
2625722344829055472
473563803202
710111683015528222
1737012491227979750
4295387614574659394
422249472621676700
6163299739779542560
59486906941084350
24938223990532803412
8362147938030814200
7131831841712550
329087903293952264
13057629706462897934
16011056240458546892
18323864130337119704
20066914529647880622
17535263992214105410
1693495640763864
14098665157452138692
306272285242114130
11238214375628943144
506527252009602672
495237855744048250
740191099258865100
6111334434781339610
19235526136689783844
191219127179789802
369790170831627000
8435837870240
2056200892581102
1396685387269224924
2508552763267842344
1407492678578134
4797433052419299600
39793733288941150
1569281843155226270
11299276787639823532
1469589633400350
18685352269523303070
7180495318375553244
486999740157647640
16919654944171599750
14728483572661890040
752833471366897844
3015842078116953190
439853167563177830
13610547249479070352
359673813587362092
8328332543297307814
494868340927120490
5646822364092951210
1108711490248866660
13481712079781975330
886799708756019102
843243033963688820
21518347179110699680
15424371282173030254
24225334520278281000
368917010554
10892035461580
14399750850433559174
20490782962313580
236901420044634800
22459178697752373850
3197265015048786500
24605192530313784
15988874484467590654
3917199711229662
12952885795377993500
451463842820563692
12765815443979851442
14359461998530794600
659755309194178120
18790071156760090790
2559027008914323662
191981116814760
22131583113794000
158015716250942550
2045389304879006944
14195880472247168044
18103256260198670
13992558101822850
3037186490227528562
19055425521627752334
2619542429700
2269272017220303260
1958983870955122442
162592767340346602
26648512460262
59540793259582250
614605517273041814
3277566238880481702
250328724377617592
3749486378477485100
838295459560274324
13592176378661295030
146021517754569230
40121471302943160
9279971237034381620
11882105951845910
1389574402097537370
1862050594579259000
3553188178714833100
5456300996789099650
18478822510096435564
3229675843789850
639306947816063410
3909356253737811990
11639347651722960
20215729879055865322
111236436690078854
5592630106638440602
3118028693134575654
107410537458572804
7740329966690644180
3992065672060184810
40483509592005090
18162012128967917364
2176789148168973800
4436943015673715600
18083450173827625314
185011247456108220
24062642165240868700
629644014289290
9830890278820
6580082397949984
5148204326994077910
5163582184202862
3862815465975661300
1130812180843123674
17540492588696350
21286870905186744
30493466772790912
20139093275350927612
934400252296571680
50111135668232340
1599723832892919580
1179542365605453850
24044184315131005270
12218500724533183234
4284190114854337710
12092723799748970
23269965235575756152
7280669107799376850
11943205000753089184
3562456327756175360
21356169175149485712
34168117271730
178169553658333120
18360330243386914302
9308537730842502310
1731335561251258950
7192272706834735234
870000995069965500
4664310981125307064
7536203870932
2506057718100345882
591109132756754262
122105136318053350
27035251794267990
95720289814868250
194495749210
5121355927265828250
22895092082856338800
107561650402627850
2910477133564
5557258812951404860
21585446813490406730
9648668023016397830
6061771386682078914
4881815556942550
14634565229878891530
55497387683183600
10457773246232
805257317793415410
19135497761395092
8163814798679765680
266269587886684750
172068335563099222
6114463920120787550
528685074267897990
19634570552537159010
16907719359877012590
113948424340588992
3450389313152963500
609468574878006760
9857965580861966282
1418995998744163840
13435832264703500050
6770933897549040410
18760933956676500
2320132198146507080
1858247140750
1734577814495236802
14118849900076230960
1154853921312030
17361927951737488812
21229388096245424130
113300759682973800
301804461867387714
189158398419807282
370894174478658350
262444502125809740
13101921925899096290
17596602553751312
16312411643335108750
17832901770600
635988131549315584
1441337511368457500
1655398020332158804
816645982290958712
149356527320
7861822085071830890
401106865326047710
1589823200351809724
323757586072219390
544720608714744
20595280370368857230
24539383816791638600
14954371340363320580
971054580197854880
7255330318807609714
1523025419755764600
7745311931345383850
1120743563184079010
16871950493347792934
3181477816937550
1389574402097537370
489716814471597350
2037446079535736870
5853389682957122100
116352916687419780
48501509272527234
1300451682376753894
426151582365546842
770774584108330872
8573928267229718250
21882551312324975650
8097492704021626360
1569407253603639620
19934950296115937264
235477167043352872
1680339065370158074
3445739079896190
78239079144302454
24990168114072152310
4439404463984468510
190289726683986384
2093381837644901232
6096032043593800
13777363919078755240
5533986486100499224
121994321244646370
5586132512450
1001414580683885984
13111163636247326650
750883578752589170
22537716373287038000
13844004561761311260
24983170913690669992
23966922661660050
12085771524641407740
1630219430970880442
2205623244653261750
2006356617262407900
7597714092780413252
1208763139763052874
4023989285967791210
104828241699350
290211651536106300
14257469018634223250
12404853871848458020
3802789029508764750
15151226300573807444
10589036058857779952
1624162934630085350
9675627580262453000
22658231009562192550
869276072589382794
12671842325581800004
844270587489252
2597608397935152100
21031929649198700050
81845878215909080
23965614690726227050
5413003656500442310
6556161720011577100
18891987377748120350
1817404525809196450
13493568903265424
13343175116154475152
45778344728385850
2511185355528850
11717273564375475250
737055543673706334
410245124717645000
1826412967069630
145010013718095814
288588250130401872
1571540381505304364
185997241560217780
1981443566168907190
23735869637055893100
24214592949600148970
66605424071411680
356744533431300
3653213162470
6397117794239869502
9221615521909570794
201776471195974402
16244998833508213692
1615686574299368830
18515519607646875632
22138861795342709144
274485716691618380
14299516165512788210
577480852922810540
4098191532760222170
17392378062783215072
19703120602534670
656422365677753570
18736851330322775230
79209467868096150
9211207000772675990
2674207371166849210
15023870054956435050
2123271915473166640
862612010259033650
88238702533003750
257559548816949390
934485260241983780
3847643741958212
5317466642815336100
8633558244700
13264669723633007814
11563465749641260
3960795351514430
29189513663884
8172457852068843410
263265367377348340
5306825792581841754
22827762675638004772
14796519110980115600
18009834589930532272
75188527201382232
184834689962633802
6059007562724932110
12765815443979851442
15458510756342277750
260319235735116580
3215911451223090712
14956411971885351114
8478424276976799084
45118048623115350
3207542646940881900
416284367464211164
16965965029987557962
8206231350699579274
6855423192696710410
6416928487580827472
21710219587164817590
4662891740412687474
22551597316115428600
38694023775204
613922857917378100
426340316380570684
131373898906661450
18786035387445217320
13939255771861872634
83070792450357740
167697537308560
2587192516375694682
7245450340321824514
4458309608119688140
1681580368639600
1050925851631721520
21316794166284512
2895683663777637012
10737343201775184120
16195840149367181710
22869405523327000
4095615883031274630
10450066271545532844
2277220253822598084
19337598255522266850
801538212029437610
4983612067061639830
481547819846919070
63619742390012690
13205708601265133254
6675705117244696390
57047416678687600
10554309012108290
1105718670864340390
20867271516485441392
361797087210248690
18453326286316612860
2574807563233351600
15979579320295714110
94723717688687840
336850379187829430
14431513109265762510
1414118248361709632
956611854408992422
3251542703625020
15098405740186846770
2371842556372678250
238423665120437500
2335133185672676942
5471754908591062
5632419960932790480
300822324279488880
127781067550305612
4540374100069225600
346523409858358084
109659926040217540
3230326847695599470
7335931588418512
1469589633400350
16865994537761862570
3568954811779423682
10518856618124758610
14658672635033219100
23325926187033173344
1357572913946167352
5381964221825332750
249475161134241350
922999677600
1257427206370871694
1524620157113201330
1397145095758962550
6160501267645671100
20448672565322481650
875897688527621760
2638105263396470630
12868208445534022354
94296831789281594
1555158802530869250
3482427791991757974
1214754625992541550
50111135668232340
3079680380502740
1831726844360561954
40937461430172750
575055377531392080
12748186819393454
471547655074210
357441564615850
11546578395457389662
4529256154791406500
5767031527294294972
34288192544914
1135527456303831010
4872674985661358330
4049461456348668360
1229413021511644750
152944509208424224
17484516918347934
1348260222324768610
1703292704444518460
12781528299690674440
14837047702910600050
93801815217000
6513755056665148930
6823269981468633420
904089288534964492
1091215187026272
13093916396325473800
1697432624264797550
5419757169178990
751676640
3647396026003633722
131862519377639050
15119654524140304600
652192818948173710
1561646007692575532
166427941598229710
30933119445887670
5452789384364175310
1426569760684864250
1866617138047013352
24908293086743427942
654532803542268400
276833577021846460
19458300068202980404
90903854221575850
17652053723694036574
10517289439916541100
1198792458217684330
1574304126975729930
9752895726133863100
23342069243532984450
4423176578251942
20252422260932056300
5928031131472340
260319235735116580
81736441081528884
2846881025279720
8306429483912031164
52149834263850050
3029374478963073500
1484163243714296600
6674219381424469100
209560994585482092
5730835491063308080
2704071453691768902
9706392115273634
809218263405915000
34394577055667490
467941143253365362
9495346993579252820
7920356489651322600
12843917976581476134
2838072414086364
15458771574925380
2094315963177487700
2586462755456412560
535707144605139390
24070417070046513544
4200905181861956100
38885177867471390
3194058326182323600
196629422648148270
265905080959315660
2063962469855092422
226948374135734174
42155573539962260
112482036212269850
76676360410829942
68202700110833470
3034306625151058600
329710141424361712
676610809782890840
256494076064033500
1036885427798796772
13284574694486074070
23874437150769370
7389887876855484
855847714515600
4196969764589538640
8318948283304100
1908966408953400524
23038190818286952
42715865426369850
472818112889984290
1206115021219290
21863553818246337120
116834770241181300
941646660178857270
24869423200295396030
1189290982466253354
33272745245627650
3962207693474030
8066195873614023924
1547698703857224100
7642838851427948742
4259809535153200
16107923431573254932
1768635534047550
1326458996918632280
616559542522
361838813769568590
1859485598875377152
17608773910
138096121722538434
3061014231534380
5361039102394250
1770681237650816262
14905612101250000
14204809978045960
736628741052057100
9497282396122648842
41683262315086744
10352159091010467432
92154080926144160
1192349780384579194
17244921053209850
1720829621746610050
1771917203411987814
15078055045666300
1874628793822334620
9485674417550413390
8897496701350013862
1292410168121887542
8345886155631003434
186098591521267502
23218547078624744
6045547452764261750
1633835598278049600
11556666271028341100
3741058360126567550
11936885363512243750
16948774404777525310
7684861139730310690
4127380877198268032
1674538338991427252
490240629412622550
1231200052462004
740856072175772
2709734115675750772
15255872154412474
2661883891237358502
1416207170386471100
793197549448920
43981896661944320
12543790
732937544885668070
21125197324353755754
637135486664069470
22555299983526500190
10647962422294701240
343503586761250734
2496096144875555534
3380281791682483760
2239160093663901100
2049369615892486342
14018047661568962
9463938141713865460
18245566988439393722
14306094423601730400
15719543829877493452
255978674814618340
1286889792538039144
13055786637775429240
17931284313490
3287818396012792530
1841746153523011652
6924650932446041300
1273434253913636894
329826909237575750
9019302841240168750
17716845161648352500
2815912102057960794
1631768481134443080
124837092235804
1808182007546079390
16612112588448499850
5199445365922191850
18451733648849111912
2862471959162441080
13610547249479070352
4041042311002964344
10392134591610
797454543257518850
1252548753194294600
103995053352187550
1889864292853894590
4469296721793657600
4547054684429215620
19039043469879734
20406560722476750250
38239170376372000
7842103471515834262
5124069537425710
26785658436766474
17722252487308556842
911158841949938582
2722981578377840052
2930184989623762600
10508934113470926980
933380609265482994
232737835293933334
1041211754711100700
1245363146190718282
12228440802772082070
12622055774205415230
6182214372765645382
1162826946348727860
10001053160342807420
673812641318600382
725807763636497122
932446669780348800
1623390981345739320
2237686953099066364
5840609758652771102
14552562131184
460596527927760224
20888237684061996444
3442696918113813074
1838295042130890
16002467018200317550
2725067730337755790
22704711244312350050
12939455868474776830
3827693979770527972
2507174345305644
546143790587209430
23234511547580190
26632016845325500
11797917387071716342
16376393094436296810
3146246841094847100
9240088667358747550
7665064417871546634
40443162592844620
2360409886237447044
1699476966512220
416597697293010
5962526381358531842
1258914777520775050
2635329171153749070
6526519773678100
4310886896504164860
359538787740442
2357005173230947134
4689057671429224440
59282942731950
211758122686894784
7101570383004259670
17329238694936952630
1001235517501411040
10141117434288690850
28706626463960692
23546955365210095260
5108920176250
4189892982138035992
8673400758910401514
2868973022695526322
1739504411096342
12908363023470663632
924241329929817900
5216095870380989440
1268830032893483060
6596629335142380
156646202232522
1600640308492680
22420389461943620
24021451268276350
1187153328298672100
67655252474349292
207903748117367302
138096121722538434
4149179976927097854
24084027686932348800
59843233508033780
2060422336299978970
5682949212896123700
2606837303092820
282231917938597550
4470396548978679622
1864618243006781990
1064827086417402770
337127299400129854
13417011536669383500
10888274984884219234
120158484048503720
129432983883307300
8434070806638765534
120652103818506194
1225970507206891292
5124069537425710
15938733760721660
440336454048661370
255271266843119562
4093813650727046862
10513136337766680
235598129397252594
4460109386344794
1650834075739816774
12619061276891467360
2739513913412918240
796700024056186250
2376632672741201204
7162612333002140
1945266348830
276560405245124
1025991817178169240
450331882216287890
1268723106761681012
12993238306955157594
15321599400725064720
6082530216945458444
338554158452310112
2041109303189805370
1055482285014704120
929818429121592010
1375914368014362
326936610
17526834651529327320
10648489655724951100
2984442810439216770
22035886987476296130
7318011991818220
423375027664856800
41972804926092924
6217708567839276530
14260094245243048020
9234401669255001540
11189606503309080
2825256262133875570
56859719413984762
388236392345520250
13067462702008609622
6786339741775520850
21789491553905785514
1102828167033347370
451513106857220590
14508999180618800
2614118520282248560
54552369302103862
15597741598161524250
845156941355500
4582809062785812292
807083635292864462
3008888561235854350
527023378494118220
114123944476139532
1799967389034514700
20758327788241935892
325681321731325340
1722980777553654234
3738172027276989940
14684822587917858580
578310818640743500
19765041860294805580
2051055341239483880
14458684956167382350
2795745951336544822
413049056959818554
248183185917647110
27136771974504500
80661632607221892
17504626411400817150
122827275604494650
459297707596013000
830253502848364960
262575711390135462
5953317014060567600
594069228575564434
35867801434141534
4538426983699208600
1321932182655834072
84800274208568842
3906007885695370
5836840876029100
1926018562318865690
581282286901378700
4227093873250122
653438409759850
19361982801124544
4221150576988867054
136261496293472550
399846096239855584
361410721533750
7017511482422646062
1318627227583262702
218168203629090
16308056109582367130
124975316683504210
6714421390996911410
462650262141717342
23849569390273656870
3312565621059109142
13398210588424762100
7988988222173597100
24101535531971149560
9985468869208276752
7151506269696312342
2515691730198479364
315281290272450100
42901054104580672
255978674814618340
3997878776187880234
3095424201074603580
16979427681839124350
7120543866590
235446933734243704
47678293839750
113843209487230804
225154668237422
4860073625550402000
9000697035828886850
1221495660549648660
2324012876289330
4591219406294078012
77264525319224072
22195514347897055830
570462161421641500
3125380714665561534
12894359109022210380
18671690694407844262
330177398774191850
21564852933678046014
3929819244349614
1381674224981514
23150792588700841064
35845691146208790
20482236709990785510
14428202091350891740
2067352951356764500
16276866970258110854
23588093903259473294
343463456274872850
21921286480
7796098530969773172
945242756191728800
67465610660464324
797832003768037000
5701737531132585100
3334140702279434600
7866442444667493800
64846831773462
182351169137946900
242106981114436880
856941897974756622
639179061382426734
14517134560855929730
1146091655884586464
2703882851273633814
2554686546817322610
2686149571275850
6025227364021315500
5264111164936055810
116068078080126172
1263385411019744562
1842311841996561054
5561468571107302154
258920401858010750
1402209382463072260
1586912576568899580
20676683543111819910
8015228833027850
6458137144826441074
160745637671227774
528186153546933750
817107101861822380
842770895254376400
499369321447648680
14953011035362159774
131003456521958020
468122469958572
211659338816380
4138788712056036634
45495738210988170
3203899822852181244
1070951677893960
3673907298516129010
440529880111806940
14719743597332825814
12867600764239894750
8853689879480182
10707663810709262852
123627188075979382
5864167981762224932
45114368604760
15371532168829336500
3434791718754927644
10729387322741869210
1392094539272387104
3514000142996458570
390573189287539720
604057418405706500
42272191199195622
29468875105155920
33414947776100
1163027273289829024
1963968829200
2438090883124
259331023511450
475117269220959820
6718152963887988000
142338356063879430
14007130089074849874
6376635151389373000
6844819023336850600
14018047661568962
824511606622764060
557655125613212550
1026812689638094632
9316166588356250350
1539770882405123524
260808531924102540
9010461490645138944
10405430205394848800
42926353680441350
330840196619194574
79156063353266300
9787990199212999554
4638531456270031600
8791332069590
209921366599568800
462248995285866250
18165159922078204750
11983479686682858244
19217458859795718390
6107001052152
96771252549519832
5250447465564723800
6774313418977954850
594917008454438250
2814940086774362404
13213145454606934760
11086369400263618470
267498407444424884
759433311097039502
89886435080926484
9746973601952807130
607250544798968422
13907665646708125362
99928414025400380
150920271530836500
2379715862220850580
10578539285872179622
3273520414864364
8248812975475082010
166871194483055892
4644754049546607122
683442642982114134
132293631734160050
3274744656605552
11957002009949096100
1349272789130050
11926549549130958742
81449690746250750
339826275656886480
422390044127170722
22026791506644732990
27106883470081300
15439174571330510
918829189293600
5946842746200734534
16348741695462002750
1210000935122399420
13737112260548895064
127513654987468150
538175696995925520
314529304145602750
5788363978353880924
1746369169527683740
5630458133595824260
3668214184835285750
4142163729727712700
5549542578819850
488147888022567850
1102346967927420800
159726280144517464
15847740700362026470
3077928078399502790
13163625712686889440
2440090594137364630
66543719493860
4903548722397082450
1867617188026057020
656487595876869920
2707318658078500
14271255503101931664
710734593022788334
15687087736300869504
7921623414471423454
317280575109862210
633206767755430
345031152885593350
5736801040042392034
2131622455994693634
5609800290281160
20493433934723075704
14832315082214438510
4431749986272950684
2312407270677738602
42608078556862
1310830190194624554
156563666417625350
11356160569257303800
24019913851103098670
2026941774818406600
11065733793876539250
6416928487580827472
16007051133453094
7623123400536294590
1096297341474077600
397512555914948390
830097923300047584
2606837303092820
20264379389271060890
149345483529826500
24931237701562860850
805956218593240
646112436760763280
9246726817945109040
81900637975061950
2809695551943387850
12247167989753697350
2831479382364250
7555835620683840
1892604968264893870
89300551507036864
12900446366674536670
5349170614827319434
535371182989030570
2786668025443556850
158397143639747762
587559630329713420
6578544670433398014
8526968574682835050
10678552872212500
2961226252320
1139961405220863940
21140184161950224630
3100018818979639750
949193145088600874
1949079705099353500
1023896268049996600
13820909351329645422
17930208361392327000
2085764837364640280
1241150787080714822
186098591521267502
15555663827806462360
18070903953106619850
2552518387508901704
18217946308215639132
2087628300034412850
49341863652502
69525283497721310
7510904537161482990
606451079242454460
14837723884022599714
4151520705540266850
14708992045089692350
3341650501955305960
10941448246420623100
24242919344028745140
454822992516551750
16401163538474535002
41460926458933870
49629747549255742
7598123415619159500
316147740385833090
17143112280377401500
1359832874204
272119122142005450
2356324672867951192
2764741072196859574
3570348499964950900
642189469461600340
19445044978314601100
438743118426176214
19656124976868380
2232291655786233860
4999143568479906300
16425682299386640
21755233893331133540
8017076788452128254
12534835601660747102
180791118664
18695804413738440032
109030643075028052
33370405301596160
23810017340813675062
3217200411610650630
1623905586285631390
14239102580140241252
1827505642437566014
3330390552662020610
203966465443996270
1212789450323268350
484190146104973620
284350514837148344
15662426570961894724
5022208781387799302
182700845687221862
6782579797228285050
22671238274924334440
66887312040731532
10801149623720224300
24146321170010756640
105030817190347790
1040382263068926250
91007551044995662
285257139369790042
4424923999491033234
305389475659425630
6945291519278297900
880729773088620
1400356841238250
16942798120181321194
804877225449930140
32232980818907050
1240042021881124
1036058522717253280
25810285984385450
6410800276401166100
2892508254986670364
653687083992987534
233367856144259642
115345178300
451069875641521600
7788172770405952290
114616479682625050
2025270936826727150
3275969241699050
2625168907411153950
22479486376458610772
4694475195513316822
4114187686605893274
7647773683691741380
5912515499919474100
8884141536015593540
16605489794944652954
10979162867496686850
18728302602
4179163874899787774
1904902399283416610
412958270600500
5670778165375529934
193531423616023634
62248675526343012
3526580369457852
28352719758363000
13776724313813404840
1542987877485067182
4416743227392083744
309006333704342432
12408401487432081840
65336379086392540
19106052605202505250
444606567744994382
1809221524660
9010926662764961242
128816457768426324
4524259746452951652
489193419409194500
12093890256314479102
1057253045622930902
8091483526162536500
6187476154928510442
1841473363320760
159884527552827420
14245004141885970644
12078815865797029514
401873785464166444
189852022730745480
509217735618509372
772247172739443702
3184239519715283810
9878383259375258590
27849343276041630
11367784541529481674
573344416519359510
217625611663813080
181902322836727350
18712697908950399510
22471177025888279780
15116911486057380294
966077025164391784
9786852476095500
19716457602202380734
24252692826250843530
59218023791003350
18674904508481056724
896380330117112
272186525979326154
6819872158066532730
7324727988842642
937890336975308640
852719156547624
18996759118263645810
380291673528788280
15824309555014755050
80054158786187562
1126013833231715582
19581106904005220
204401156643503430
235295810855546714
8574376432697911704
19554602244637058482
30084353147812000
8250554513489769980
1723922542142211530
1562145862707275014
4245435727380700580
4294053429198290004
13689945250332510852
40410906713562750
22782026270293873620
10108002661274870
4046143254476977654
10098995347967193402
5593280694574750100
2281866356587300210
17615109926651553030
19681331852456612430
602771462862289270
34803569117506750
8399154790368806842
2591393488236960
1370782275050482910
779567584083971214
1347253299630780850
11049462885308993600
3997373037005648790
17107877911250
1427387201077061644
5267220266784764750
5837250101711379212
12462785483344
4238486103670
28223161592891720
3782370491941297424
389249182396960050
9566641095484
799557797402480
905250845881324014
20268651075123420160
2036226101439819914
20725293608337661330
12788180411050632680
12043873144221360
2883393501234345750
213494515039781600
2996239582158370262
2282198492890017724
3505972427395297930
6583689816820506350
10127908418421973270
2088094360736554240
1474325675450393920
8096634045186849162
149732637150426330
393453455886759730
109898742007709250
17730752214028359380
126145014101653954
5364918009843946834
7196594710506876752
373451308816406440
7523085998564998360
11577984603213586530
11297623187888165310
2207080526571455990
2483155147510852010
532020251135641580
618838239845178760
14993860574939444004
596797464187406794
22997304598583081690
1352423944536000
480462952538833992
644952975853882854
565604784605632192
231242920324030934
7197911920244500
1455626876147311764
6292708138129668600
918857230395025740
17400758860646984810
10711899952090475600
8835632536930600
1696501734814389360
3279527559277626294
264978933849859350
1242413371006767960
1324359761889686900
10561236674304985130
15545857943783594000
4472321734978004490
13390069650083328202
1367499214247019100
4805846715317901460
10914031697650144490
2571536649528563644
3268859900863502842
2250807053524285204
882102398142994
12499123064776290012
2024815433069151814
6968622183641300
2004698523292169810
8939964482085780220
37769550711426710
6529450698280622112
1837648807104838330
6966361737166648520
75252761615605952
17540492588696350
373408581870672040
6002214170341655000
3383404548079749622
11103693305333874
1495863838109286892
5908446915244327650
2359217817394379200
676944504630990610
27600183564683422
3378275447232067670
244337355968346524
14636548681162870
1365012552980645310
1964024278636617274
176131628750
590867981635796540
2700489694515642120
15336843709144011250
7623123400536294590
5635690812375721020
9214517846691276574
9643772344790683940
1494654403692348052
20244848127761530
124431001272589600
2682634242827822140
15151226300573807444
9106199041839165084
5581903597516402310
3417673025755688350
1750176844341853162
1607091845556120
3267404354196774
4538568889960
10445757174288164
7338721592013125444
92024300655170
4532867244793041070
358843713631693362
6596197737171053830
2425107708763713792
22275193917426169350
13174136991679391000
13678651369581730
500911951801084252
8486871172928829850
1210104127628988020
16752390053717414250
102739545041622580
3431633454019327782
178636051551466300
16990952712306300
5501463861127490250
189569205185668490
373323138978283494
21063449441980134
5575085675684750680
461647584486746112
532243155889859302
469867076449864500
16900262827116163950
99658441110386004
11022384586720937850
11313063845856450132
478298718113870500
601304314739362850
976227019562871322
10025568066734500
619087902471691730
6186423529895550020
656879079170163850
17722255966041774
1360274709438935164
1751674418842193300
151462434576302850
3501391341347364700
3067548996657012840
10082284522613533360
174711964361714312
5420943327083765160
3223220684020903164
24542342398872562110
548135318086221320
4736548543201283900
556386390130142000
2112123819892751812
4471221552568948100
238576292077781420
10424097633628803194
14993179064218740000
81354275178358490
720190149467250
13623861914272670480
8215776106668641060
4559600647505625150
1899252632123428750
677900914691000
767689004032527850
1514581976584126234
5952294409962707422
966687270822453180
2940414485296722084
16549642917247478500
3594371168647550
16963722033251243140
24260513739471340254
4429018644573315254
7480515604169629940
1023168134401024172
755014090084562
6510108966709438090
1212066039628991450
21779570704974705350
3488131577227856174
9501638133591125874
2799615618068074652
18433425726674218260
13930799609699910
1642559695018522
14781679451217432460
3089792334421555074
14781679451217432460
627243144261356700
363804036816013194
1604053933905511620
1840756512174557250
6580014404422630000
24722090415407242
5597185414274089134
10063067453515530454
1193574950152964780
283064046534273130
416608940585506020
9226823089145474332
18942954278941000
125747910768404100
172522804299290614
1495267075029480
11096962654850
7441874755317640
4694475195513316822
1146884453106698020
18763447091944284354
5918961722520639170
7908117382960487630
18075608020577333534
12818450011847211130
14426877843723391942
1066327993208029930
344105966158057754
537277056645814312
242014381445641924
1897661382782019660
144485274748155614
309934122118411532
23586179288486362370
4653988113854
50748859591468000
158786118073730
873890661312460
2866410677195983610
406361841334048600
21119028590232456130
1320719645311539774
9351032770906224370
13862630076553012482
13359508883674870
6451255291326781852
632428490395749100
23524973132274465250
6530181417784777060
210875658041510
154679959674185050
611197905778789574
2098991281082639370
4416198246209823970
659166222509941300
555407487369807944
9747467009263454730
1916531103769539530
2221530336444227902
214705043081581024
714967347228774502
21724110511222
2432067883552101652
8823084473538084750
5003032109578037990
6768040615822354
1571791480612137800
3308394845632517960
355826036905492010
376021643063768730
15285612575260740154
14886469694815113430
1055202894700932250
6375861266123934
3637491384872917600
12287621674302429820
2325349033173390900
1131695174312546250
2293012675040194844
10839035407965016980
16258071190169680
6025227364021315500
63882742646002
19987319436020739440
4180994213335524550
465768944917774680
497406314155687794
20037250332633769032
17368687933183290
364600756561180000
31217778180076202
17198943058173259552
20373947365293199962
877989329421052
3124119445710973600
3201758435120751114
832745751114678800
203614978859474
9759314405577624230
267613487124
17914186102139100
10685444677899665100
7837035994744600
3666791940855081390
100837621687341000
16061228970547781372
21146357529878330750
1456101058711048750
16425232302398260600
2071983064933095020
6605774636218973800
31752598437935522
12092150183860522230
16361835357915613580
629515695314004690
5148815742095892750
288844348185470
1126502759640492052
14489880353970191522
19172338481712000
214113213647110050
125238727854860970
8791893988427330
13179052720
830409104265061750
60931430391000
15341696555627213842
32615702518978670
3226449303422025584
8510021269594436592
643473714224611270
48233987478626642
1745146594558139500
11238214375628943144
21013488805681926750
4864759644932010824
3657084339445204430
481289351639624000
36948717566078444
913647834543600
129916182651312400
3899418928046450930
5236500758298845750
7546678832661229002
12944948666574900322
10453185765424464062
63733120432844030
863573111726234100
746899186511632
64990305787357470
3514918473209148140
872662923928877900
919612944332281980
5139039633276877790
4422195813846683054
1512507109527762530
3276476996639521732
382723089498435700
3357373631002491100
16828062381467564572
4898834704552984442
14570424180430368250
20818411839979221204
1478158889240499600
10228314335582107804
14817448501954576674
1074139427616935372
19070113329421599720
7214295921708142982
10885045141253430
23649423146645837550
547508823544465930
16281941220824899040
18483605991816410172
12236046130336925624
4762469904060
1801496801024193350
12499717647654127060
8306867121243084702
14294912734866405642
12088090745027090962
316374064256045510
6108206150888002100
19186281726747298814
3482199786178299750
7818657407054556594
65452043403708130
867104023124154270
3167004930463070090
1961799371876359904
1276116880320403594
13651155754041564784
67382767855034240
3835532446496681940
115004588675856482
966358575704
5114051897173724254
19589558262214131690
28253968417607440
2805815438634285420
11957002009949096100
1617225257162044544
3635607076067430772
54734326907041600
19965345637813666442
108066512006029500
19952676691119281382
2944232313296114850
1135920388626940
279437023109461910
837668757637733840
11396606116576792980
208675901787125500
99928414025400380
9685445049036509130
3343852065026820
866220282076437380
9221142216037265850
5462690091757152380
365062613052867184
28106325362572100
12391261725453368100
26000877102432142
279918600921116920
3849524528967150124
24333926825960303104
5978582985111549120
16514443860501021372
10254205711605100
1565898601210160954
6996325297419639742
2118486233600
6725620775594181630
128797226886852500
367420689258339332
593101447140525050
2682984948615972
15434119641654252000
20481375575108044212
30265669824646622
3363811687893420610
78697723209534
4665794297875412
145010013718095814
3528715037399970730
2006658199364722554
3824513036926994010
6461046223998020
2744659911091836584
1878787808528755742
4370329215233974850
522886276458717670
1715996886354520840
2344910931181000
625742373093552
3210759482416691660
4279664023266661302
9258114825122658740
518718907831119072
3143500902937779202
9720849808345719750
9304725059575650194
52276840280404740
29641014617140850
3586871488968039580
289328520913541200
24251488132307352
2314588443867926100
279437023109461910
231299427006410
746779579726527802
12435625159467821350
238374771362
11558908918524202690
249128039699145530
145873678173555462
621025350093137550
7395114838986207502
20060979057012912550
1588557220222001744
2123743931409273734
23934627962691702074
307932710475577460
2588835043052061804
11045677477779252
12905317724394658962
2774342164263363474
2905424618798019934
2178232119511145720
4482783596991160552
413648469435597060
1904032384975643442
484969366195766180
368519385078548930
19642080135809112102
116852645362194214
30187862613727000
924157021854263652
168886955021152
3347361710
23934250090460710
830331300823037860
354468146301740394
4250728943745236310
5070391646816454742
14503170290538165852
20233643179866334400
417119572369500
1833558301039868260
751244383874220390
9005345785915078800
2062730602058788530
24489128835929393790
1629703326087923920
25176888226766710
9518106664400911500
12697091568210538230
154393369091984192
9365389675847533640
46186895689686194
20178235819864871840
806779033527091240
1074989022271754384
89315163593935552
9518591356803427404
23156457074422674172
1146884453106698020
12519163919990
2321477636952007604
593645678581193420
3546711242853578514
17869496100329961802
67904763751382870
227566607968912212
3021987536656075310
2403798743943610090
4537036569764402130
8438055476673797550
2895485124167888784
11498471893429629304
3968122166834490280
19189561742563758000
3257567606391698600
9165891075498856710
2468678763684177044
1835250095101076654
627810704230809792
15773985185932300250
90048057246894252
2843426729468230052
1137581562917762
20965794569500
4270091197835154384
4382236878549634720
953242187742979710
11642680328871913640
12687468364154744622
4221413984581693172
322875535236980600
8728682574991051530
1692383825977282592
957390736793105734
3247602679708571990
44742715514552332
520086993037373672
702051056026602100
192151928013094140
10661149132930131840
11268989619746556412
168488352224054954
269700910018234422
10682801848290706750
1735389088838173120
50930809309247630
35361845854329632
104503752845158654
17899832925631572734
1811810920415466390
4251788180697643432
209626297847850
10899537930685138592
18002798098612288780
13732007257160230060
9783536370327401682
21316211971663777182
4143981901678816544
4568817507368415092
4060963301573579790
4168194461190686850
2558484148905874840
2322150575748262350
58048897830
502458153468109454
24654966895629738122
688701793197700310
24018943414882663570
1496952956503357474
559330863447305950
21456753794206981250
9734644505881998780
3831089074183750
9526348953104889332
14283080445508148610
8697259805343844
4464899442312173592
22111488237499041304
3050997092405666320
11604522237075222
37039254220605030
79262899401335720
20546036083279878262
4727939269594138180
20645479402388601072
150920271530836500
4872381652763707082
5698108092982201780
3828335165250750
5290270445378683800
18972354806810344940
7771923038498648330
17806612076360354674
34416012633854434
11354500729792556182
1690393982903677032
24780890502381503270
72853162555551140
16980175841787444594
23349668874644406294
215128528940996244
3605557583147096500
15948862648361500050
1353303304766351290
11635916831300348314
302762901939850
90874242841095520
13812576519918831460
6749934166826211790
218939523591096000
639946667866660000
2722791987611813364
669234502819436800
14135143699117957560
136181275131711824
16269620098405743524
21965924394341602024
2290846770572091130
1133155808562470
3022397567556569750
23548867591500880750
15583004680762092470
2641995476536069500
371872852037238202
2423022572522647550
11362248204285172194
11379417435093804712
5584177627150237514
1690510905535082
17223648975283500
8454451733639731092
11804751380685281480
249633063463542850
1527321796039134750
6376635151389373000
16760622294587250
11337912340793631912
2446208114191736020
22815621822028950810
614729698296113400
1527076044246302060
1892172031993839750
2655924226174969750
888681135093847550
2250642697055609500
1216411362315079750
2242928090794442220
147702005451620
4576089111722891840
13628635349926520
15239338439871995540
6715913833561308532
159049407104616924
6122466954309950314
1779346591431765750
640377611778160
86200343669455444
10800083858838639864
1581355564644194350
1144903230807831390
319973744935528390
14441449582266709370
9926750707777750
84239454802069182
1937009351457997740
11452186222816617630
24598606305070085050
6239572654757412100
4462702019777072500
3075642424049941900
9360123559236026152
89710368227261650
6664939150459812600
21517453575504274080
20196976324020403350
925169099523183790
21352615150834424990
13251619248425632250
24593667007742538500
451414582815370344
102658413527965460
366071822917886100
4363844363514569934
9030946108408785750
3414975935005947480
6150015483938949000
13970253350149148690
776603604749256194
3478781042338204750
42623496241005680
154900220760910
18081881539077000530
5928131209759279094
3541166634818714902
237966223612480790
6782203888723882080
17702174372255451694
75600338941353800
5979266963400926794
287252324508928310
926880045622722
2698229364916177274
62070521381232364
5045654825446889500
65916237046649990
12423191410209494940
10014237475148214
20756588163344983600
1897082994640053290
863412872403256890
42455936159807450
340909024
22097810981687205284
864214292067560280
5296513188825183430
1026083000915770140
2347830845213350242
806398402576154570
8052505353722587940
189081446544974060
13971546036817520034
1328450046998109434
1711977388635966270
13912175231066919380
2748667363248394392
18838551125107293580
153448252124204310
18079528778302260724
10624783527428760250
2803683090075093030
105460522899442790
12823086322750
601336889625522
6896059814514016300
413095142468976422
1629574319016917872
4638814165702588144
2155071396271705340
17399234853981810284
13323828064101183524
2695217799707305250
5350743792328675624
4963262813210130
11093435571078886424
2679261107893816000
11488980291168743440
10361970380525783734
11479494566369973082
3509783570294890
7316016113359795450
91353842160014
13989653071453099560
1626222822693800254
483619315109854730
1507546830777834
5039334370613450670
69889302675594780
13179052720
1204379326699850
265210243452481182
603400333772240
5086125468213161740
17829107004069206300
9279375085519420
4797143123295443340
11627466603777909494
13574456638476951000
600876901492376250
14479254982648332234
11648318828822434530
27370751411123610
3596205433498320440
15898241375024195950
8693308096950977500
5487967949489914
13886420942645593720
3871187956906270
16264548728122685340
14164371007813222
21429124494164026530
14147536415215580742
5553051445182788250
7720840409217426414
13302009913206435344
6315532617414944
59271727350555500
245365189694814
13700133214846066860
331347714946095120
6014571257984936990
21954128985823773270
18924428262504833250
7180102988033017350
123720454069051602
500645726413483532
1480318354024350120
3378944129449981092
114933950202476860
3862322596208230830
3195126954332425000
9845034195082609224
1590836529142183400
3275605798340167110
2747140197713365300
2434856144226585660
23820159098284080
1868331755422810990
1926457293695152584
178046943060186200
26648512460262
1161125212040245452
12808757899602777970
179226620733697152
812428141490916392
1829575871462000
8849672034317226490
3625986734717650
35274403001412850
246364092229148894
16341470835165271250
586659768897701510
6738330341684344722
2215839388712490662
6470465780684987250
27376770709153000
7476470724910212050
7766096008469475600
11148449413901982182
12477138406399482750
30788235174438742
2743897083979859542
42531276941678690
38092428517399894
6825158209665413090
17605114302244091350
1309844308495714182
70670652904535292
360505352890590622
474196602843819100
304765307896880922
110001211026873170
8390627427912240
6502092956953540562
9573480943130217260
8316499518457453180
753122666997442350
8739588716980228382
50662843244510224
10372886855130464
611136080666751250
531463295564833940
2467269830340984200
20300282543809080904
5392084829799363102
1096680702711262410
1598706260955607384
1342561782391840010
13535281730712488670
1140354234759432
9379283725638289212
38752201553446724
3944787222798619500
396126275516330220
4542321842898959812
138917371881820
66488234100914290
1006617869078371330
82711540541775992
805713606285933380
315808482286352850
3521811688351898760
138015091783237592
351110821041407700
17545229859865274372
36015464861319944
1536929274632310980
4944051916913350850
1135330692596552062
1310650357212
24297688911776574760
20654143674006772512
8765987419420843500
4865638650677872830
130672672634646212
242694062916080510
365693124332775204
266369063873742272
11037542294658569760
4762735275884085500
22805352575147186720
41732791473015762
20659343545809774680
18071687900583682744
78517313296874452
7502386320450121010
8128880519957528212
8938114902032692250
22137948934149807850
6559093929868945080
74629163910
2417642194021477410
3513770588562704470
9538479688971938432
451316074898494520
254791553935100
1296969679621892150
17601270964262223000
8088480191758619730
465718518832099080
7939376325913582830
111460567486359960
9562289534194598124
453981453668655290
4114071137937250
161747052836469100
356692177970409600
1443456511861912130
5362080916156658722
9002556319828971460
17457981418985917110
771363366602071100
68777485041136454
18962599668934569802
273123826879250
327729828194456534
9764254006802259770
17665151909763119190
316676018414230202
11866019344669140
160473333330360120
433941225090589164
18662051740984723500
1101962122036458930
1288727948790175600
5226909202847500630
6686112214621598812
63336959090799590
3061955219090709942
63055929658040
114299667305109022
8157337008987886370
15216585358682297604
9345772710498677832
525940310
20590092596968199760
6754055253416971280
21572417412418510
1513605302819250470
19472391025238199580
18025478622103439102
3260604956830893280
212540983026941310
8578410712581731100
30124031691912
3767836245233508294
5238049018758768100
747498359774690392
116335098931378782
809370898698210732
12899923782620
240720773125291550
19482971801127142
296486239227744500
896236793423400212
1240519856106787614
4528700794043435660
219742203455416530
611707259972692
33840758072303350
12496744945384489790
871210206655092350
12001348124766862862
1912445000892804
3787204428241430
30533621000
1474206007777469122
17052864953790312320
20831980650017810
14921749626220156300
235840193907758510
10808612186644140512
8922866815010948982
6551032718531214914
14294255192661769494
177019510738739592
9956360087576612360
12456961869412123624
32321525115436284
417537338245962550
6661971521543885652
17791869383923142
29724165047805580
456509579553572140
5393007664568780
1122986040850809634
230468416651611600
16534969812587075850
8619281780631424254
161203652970360
150293187324355530
9405699454940404
173674945913045630
12873070670771094190
7425243330807245552
10809145374781222560
24681697795118603120
735562545446382500
8346082639618374
4642490564438866230
162158068345843570
95566461563160560
4098706808450527144
1437106510316771210
7779419751770114912
19754982586243430442
14104523012971584074
3211403139754258674
3345095980475670
10198165575907329482
3621498085263965582
33089327922
1168360567073882
7877791961462698202
1766154894401116870
6828180189902931574
16593720829554038850
141800218693273582
54855884600279882
3413178761568401100
5403170581128233292
17981700995547763474
53251665884197242
8394301679155740264
1188069112628523860
12230296377062764
7428060012825887470
1303276452924264
564963371671745214
16587103536302885754
24215326249184
412206444342
43103764162568004
1802192310395000500
22341297705490256922
13547909520661215700
7655592054985395010
8445142820527041734
20858540273215848802
10516244751736313590
7749880844587427924
2284524462343643850
3492699647807708184
6011136821556505100
274519636620337550
2938406594136417404
351029234165607452
10516073241473800
4867103924957935700
6495767397536300
1986227929107639750
12859095485791488584
531184981822191270
2863850048446871904
7879053776542490250
2669907978226816250
224984331848168200
3726163614028253990
13716063291902315960
22324757984042800440
2012092493267876712
15830697288843133970
9540421681297366314
1252548753194294600
20430616659743285620
15951004233794451250
16265997570064628334
28210845919670572
4686208227053885700
6018007165890744830
546030153171165082
35948960011116152
1206496315058312630
296044900844000
90711509540429232
3416773818062190404
17919299914390371434
25058380188647232
580984625925764230
241952663091912810
21086444864119889892
24799770864543346700
19446701494092411812
7976669644906694594
20800111600450399100
145556754179384
1599209275495832
6067993447655441610
229577177919319850
471748033617389412
3896937559608398540
2481386334831828320
213045395314937592
12719968617316193244
3602983925815222410
22095679511896424
24932235652963341794
5163582184202862
3427801346922856750
10106091061187878484
3813761478186718800
47976742159875620
883476627008690
1644980021511933964
11193811763447071500
95498751100
16494669082480916250
15228303458641299180
2556856087090376500
8002172128530947224
5034823396886092810
14698917815048884250
8664192025703130
7253748843648510632
3056369095343822850
709973314192755250
16965568326630
1380325195574711400
179103464912326682
203939320284641722
4628927021784424814
565313165604630872
18487592935955269742
32403420110249650
224896688895201414
63529148925381854
59411527554121120
4091754685051735570
2014662520857533520
2853428312775576250
1630477529375962740
6309523388949970
38869847151850
3734326181903174732
464107044837715384
111322600801344244
22217473532450828682
6082530216945458444
541894509614207380
22825991014750
17774070962205189800
7231240902696603100
7092402824336172
18099927001375910782
1728104922903282
16035411147751988174
2083282161403946672
1222847227040742622
13677854423786339070
11477263485024450960
355661236667226100
5359875065795685050
5440352778856599450
18643326269797350
15889697586035755812
10532969104731731750
573816023895784202
1168848022521929750
6776942810153106850
304875385562182600
75407092128486090
248749775038625392
1231398361001661790
4795983538210335850
346927552132378364
8686065104294482100
10797952565688643082
1863191444052746500
11780845384738736922
689242904132253002
1329858357383010
3366295689971214
6212075562672082922
3679369415060726412
67217311148537550
7778586515917170850
3686979010467350780
466929875511786932
589542969120698334
5672093010912659500
12571221744459964040
2530374237913658670
28557211727735240
5720615415965450
89945181583260250
1060894744374283434
2613566918277549234
38658541472006470
141800774930920
7039905364743385050
2435553583838195282
6817284735990
5344138777901650050
56974368166604900
936953014785326000
1234433250708713510
251915178648983542
1096009886510807842
3536089790718812250
10739465516557516642
2975314167909422040
1094190650922856410
21831918819447967230
7494280471225891280
292695174431720130
3882074209022917350
8563036230336470
63077632030800634
1902003510561287380
315318924939869684
103978674673845230
4130908782000
3884548476475863840
6293774297262250540
11475590387449132100
18580228553057600
221556301616501544
390624868745384
20988042818415566300
20374805110371402510
7814476148548883214
2342745583574741072
100390221550079202
734852391664786850
2661697500030475764
34168117271730
1960317151250889074
6436621099787074
922387884267087854
14931938172789386100
1599596609843084230
23601499470677255050
2680947277482373900
8180242466172893144
11182868440618696850
6721886091943069740
1089414010428469460
11089086758656332140
1809874946616900
17754722439065174700
14205695026238329614
1140356161443809310
12085191771693132092
29437079882202850
22095679511896424
103325112406162570
721370520067120
10518334205929658312
2079619142739450
3472633647832191700
1636810519168234540
9855477787144296862
14353524906488620164
18691783839474289362
8096634045186849162
9718388013124390600
15027965744230694654
1197153755276115170
4081214673217157210
1265838654891205850
10318646835327306372
15964572617114934632
12098531367655281850
11465555643028206482
2226906120829034100
149388463481552722
8018781502909459100
1048050839217956000
4986894554640226970
357063864934057680
172307417560562662
20106801106136795050
17496973293349372460
1605656488312604
11459426539880285344
11042417733508809102
6377353006834878082
7620251420743277472
404680111216005730
35449451180259270
4237241013592649062
1495984821906903790
9879878480078061884
2854410278346051320
10005745836238880
52071791828302862
4427380445681181300
17628187549451556350
1229621891485753682
1816948855951992
199390566596697490
96740218923181750
2121227422229647550
12410766987187848710
1786937551603608600
239187532805693850
789558766312931850
10770806219230727124
412699227256750
11762087589058599430
1417949705884894000
5832549017268509250
911075430503083274
4115221302006473800
3314542627326711974
10946830091511691300
8733225559591501320
95136728751637034
6123163241406830150
4153341956834538182
513653313690964790
1036701628353378750
8372708820274837052
468295474735340630
596008344067697730
141428556941417200
131647358754273912
28875418035053590
33946738512880050
590867981635796540
6647888815607078340
2928382558913204254
19809516281240769402
14062906788358426922
12625649874432863450
10433960007769017500
21800318163259953240
112342511857970
16674758945429862550
17678257383822467250
31981965709726384
186640281498554
270236891995628030
18690175791355316600
1628929398545127602
18650811012652747084
10868987388487921000
179670507650015250
20231936638507840064
20661943849869212814
5911159071633080694
158388389874
23911407643495061382
8447804969873542
2672524382103414370
6988057938663620
7403943009129692480
4325810197935430
13729455289099239690
192229815162916234
9217829585059352950
5003525115218630
244839563760680
15139552715947924460
174566986049049594
7639961302386343000
123589896447340750
16691740728746143880
18525900425297719350
4203267760290356340
10547619270147873180
4678805749353306102
3752861569948439130
5257275985995761182
915922769703768750
4110055171971215250
1714522249617595950
96298659813370
698764062669577212
717833754571180
15456418957353871952
395813746934865064
4568817507368415092
102348658664252
7905586925998865910
3226018680755605840
3398155266758778680
18202965363851825750
1722980777553654234
3709161406340301912
1028547260103574134
600266706452335910
18165159922078204750
2920182006037464350
1237998537377832202
353360038743715320
1671775111182076054
92698442837462
902680329245918500
10261784729350
15694844399515550962
20870764781197070534
10053469227193529592
5409830231540859370
655574815369969000
143565194633498372
1792750620017404502
14111685092895423222
87042930269583750
214874362326054552
1430309499112659594
7618200503500776952
7264428819963218330
604670500860385850
2093226180441919824
13494302372024156060
3295609351508210
751894160743205130
523326402890925634
3519512824471595070
18438200392312428800
490712422041312870
4843699213335230780
578319196471340
447410984224820
74165534485350
5841617938474245750
2899060399562837070
83709257326950620
4080755082597972
677745875857383104
4849834761306785250
3056162348767552920
547338054641878500
112635600370944
234300223607414160
3690073777777222992
410199277882222010
35897297727186000
11424370819727515930
1896950891802642
1475882018269150074
5257248912175824
14445537958353320
555695265749210734
596493863774154654
1288614452139652
467637590627978694
24836568844605356850
10286243438390241960
17227151541600
154746152583222200
17592049520551700810
1288614452139652
11059223275604601020
912828273964228512
20559850116000595470
2718623494983162200
147420964939965600
16780551812120083260
8405776060226055102
603077456339545740
13447134201591896260
783358952935246052
238942895746990374
114109654399514
6349401521450978810
6667907770731009660
15839927429380180932
8577962388974011740
8517806260063100
31880621626317464
1589218893845520
14583926882971250
2330068570375903522
230964099123212
21627575822965604024
21486955654655764
9601258513515498564
1850528977728614240
7705935508190500
743694730683606520
16643045155580618572
7785334352929590
21759739170759458310
19192842178916780570
784029450895324244
1955727604531631350
12432071707750880900
8535451713051122860
818435308873210
5343195703835902532
3547867188581513504
6493356664216140510
111512338040831182
11708212923246594650
5281539877661597550
3936781843914454780
471951718062535274
289240896734244
19605387085463762220
688161000937296194
7038745747843876682
2079097672250002250
3209043535874342600
1349603663779629104
5306825792581841754
6789170642211034
2385376166422312072
3388852105434510
4105409815101864192
8121993204122172764
124918925535746034
2277969434876480
378588912217362
36408978179231240
15164281235540641250
46616118966109770
20424600682585226864
2226189884242060
10903294186978713160
728977942955871802
1617225257162044544
304765307896880922
201749544928764814
734051622141600
8288938165686010144
620462397511514250
10958138428480166924
227465126986174
32718793442064730
1522534983126767654
23109284774619303722
5149732966859134780
18043481856196535050
235809925647598610
1746912742321857110
235265595011868800
120816981212485250
733220989483459092
360172564341189730
506742097460904694
18921993747969434852
34523340854792454
7341912550035755560
449340170032600
764027784145668350
312019948669356200
181271892371210
13313876392855500
12291731263095620484
14397106364221309612
5153709023684625894
2432764724097828554
2169265275443652100
8534268618824
13932804441301243204
23947212694659692620
118415649436295640
707555131537949500
10767084248899384140
3875399590817114514
24571869411793600
304508575933535050
1414003437055664
51702285780876550
38262378841279670
188006583638618052
4952954613394037250
3754067547531224000
1005000890753530204
2768202894800
554717275301191030
3246520914746296770
689242904132253002
1635516576562121050
66687549177306750
4765908045036145854
3085417309578431300
12646030942895813290
513599047372688390
13052715290216352570
10001556182929963520
207573481937109600
274417886264435032
6315532617414944
21469240296334035660
348061031262888650
4659486884144836220
582772307807381300
98395317259249164
10314527880569535480
187146845620
2675142708488050080
9737109388847403500
903350896569772
96709192761585210
22862343934190155010
1217966091155663850
622916225857860
81490608815076630
4699326431836852530
150530816350422600
35412929203240100
1342359632922840
9656701378784630
2301524519432815642
7592803508580972850
7613690808150
39849545899981350
4135675142108667600
57718550403096080
1680999191100893664
11591464000698463382
17493119827456260
2334119602754510454
5801726778999547344
59486906941084350
9006740762024014900
740762273362103160
549903786467712600
23437198075741903600
21817468545402123622
130536649739081600
7555835620683840
11491771328666674710
7828280669271592370
2901048093777143310
3745051764060412
16309507857241100264
18823997296205174704
98883344083618822
95001047017760
112342511857970
15573185872338539460
6461036413936898950
1192451841824320742
2748958000194560
645071207477004
1493808236072278000
78772483551762
5230311148462076600
1201490666334750
5823490659566462064
2394143763047960070
3737931574952394292
420378536593616640
4987193042986778600
54250115252560392
12908425045185300
1120503680940294
8639095911397828800
10723555821986171472
512189631715462892
116906283031998350
68513592835607920
7377882576968448220
467182538630254902
25538368163770
1835914002579644
36185840930066920
23365824252122849550
16343759707546310
44526434074122
4472321734978004490
6627914971299317850
15986014002158114952
323388422873014
1603416603696457550
579498035464947130
253172025879500
209145757498367782
3977182784443684270
377958083466259860
2655366021104944512
9084650398666419500
173650884268419530
136281557120547414
120523982560956650
110172151940832410
40418968873860654
1506660167878163914
8665718451637419320
16000320252713616582
4070655696478800
46652022108790840
7653534007936899240
5368702552547784800
16694059005043050
129317217024327332
9367305178162405362
19128949486504320204
2032112719849827230
1106490430576091674
266269587886684750
1931727918776557902
459921982592450
23418149090437398570
117713066065570430
23117770464865511834
188083207212762250
11371107314869521002
23922048191518897420
6209999501357520
687723808741424
5152791267825817070
15743042202426000
12001924858487912660
736131038964288200
1691587678057200504
2491126509767950940
4388742214704557220
886272348514
489559751875834192
16411371296336450434
5794708427162747600
7551252217625792
20636817857008242582
2882601933274632464
7907952706453100
6768681585850068990
5943096900273998500
6285529348231224
11169200572892042850
1666774827749850
1290676377479454574
561126342746341100
12479513726978540620
12125824879364759822
15088816860029935750
710457693558302292
252806880043975600
580330174192180692
1818384736775477794
5028212781164581932
18741684819053242200
6147570728393387230
11008864116234396850
13452787843116189352
4951173113017587190
10233942675601324862
24368243226521370484
10057004616642951660
1233804882746193342
6552864159180723904
58416841395614100
4931904314276597730
15157409165951129000
107825041156294
69627226596690
14295570299756210040
10245206323816922640
9714942285394361120
2676826933946679822
814115923550020
676399092441034
4315705535959009392
540586527849830
636944153091328104
691274910465373872
579676275521084714
443779249602301250
4487745617117629750
27184644983762840
1060614280187760740
90829839335416500
4825327495223397344
9955858770798941960
23610120352247171470
7340316940977947850
97144238751302724
9485190982812867742
2920981300855962960
15409757402384348850
21845575968086332
6698765757497823114
24719355877157409182
141758886810513000
122808719299498400
12167725741203427850
792109044898039610
103602498752840514
9477458539811781974
7540978937243533390
1804419293770337244
12518755502942831300
7019054170534989324
5800389458826047122
4152041001921327762
20895229916236378560
352868381332908182
8320004284459036072
638220524604969814
139540349393469642
517193639104780
775272575091824810
9621764843858800010
23603415018080283302
60757470322052322
125257558858430070
15942439185932015484
11563956068781811930
11563465749641260
219541326920726734
877842858823896812
11669199087948855600
2008166619891025234
2416240049911010
2425629203033603350
14935620532770
28377447987777070
1162126005847363792
142234749354953060
1620053407984314
997480734787190082
2153798962912969904
17368775737892591664
24616393935930479410
758487830284801540
6683509300330798100
3728802978985368480
181305150661505794
5546906513356929644
2293865446569634
187700323436860850
822887588630756180
9885861060360520950
186326780369216894
11494004524776820180
19929044123376871560
569288859223910050
6379898484411760
11788810011822640174
12219085267209876862
6692808913918830850
912327203689440994
929310379829402090
186022575168573880
8000044589137355034
18147439709554610
624034236426966502
448319320315527180
146381024574052634
1095626701165179320
14501840885653781300
17883492916344417250
196022677866454894
14234274479052364
3563384138843125830
1436636974760565600
166055361424797702
1173455977961954
1185323348021547812
312948237422802
1505930493938326250
154305267549102670
629705352905131762
4643905145659425100
2977746422065032514
5541735790754386500
6022819909841017690
2659834126290517484
1611460857590335934
5555640311742228590
2151573560481484062
2622218718613811590
8802040422548772270
1707697711949139502
1597562072877840622
32098329012750
59014283023330824
13341944066610800
144946969693933680
1644850108514862550
1428204992720794260
852251419118950180
19179722956580303810
14224029142169004900
3400170458963722172
2420418043429961850
252169709376054250
50139561245584384
4789320003110630442
759372332180
554674473751112
4096903556089679500
2955506488129056934
1177518971010520600
5057408584518147860
5309015249166844490
7390302802295084100
125578010945600514
121514993948563670
2427020265609528330
19961966662297229920
981949362724206382
10792625712875562292
37737633242920
989209562190850
8034413814053510
50167998914543510
8430530062621151370
9273790506353798824
10410094710006884720
1490668472943360260
11506851719475107424
1620434376038106244
13778003546614828600
2368425480534060220
90489952840508872
6940318277715129034
49950285628144374
19597888026551114280
825518154986118022
5101836860314104
11534817556037858824
9390314132347569850
36274972386411374
8857935550805966704
335194168267750
6751807154143509060
10726736345817346190
6824402871364730344
18521907286690424500
19375914233461590
24053897648883603760
2454967373579690970
255431912471968232
156341165579531300
4244906677773901024
5810443026961314
21604262799718170000
2384346269944329614
2458126458180148014
7215083399346019080
4196707501787617740
19455814222813216950
140295861281174
1513239171963988000
579320518443912
315507148818928374
818547933280
1002041490970271780
5245035606019990
1728232669094748250
4693049076389753552
14107127090164453800
2530553688594764770
1599209275495832
1628671483962931300
12932134857052507044
14197842976073000840
9228717296688146114
206585043987364350
166195005602341520
1697166616769322230
1260858452700154
810898439495729662
1220768358206456592
149861855472933800
19585789232329320
17810488992673641264
9239140651978202680
296737882092757144
1881660123896643272
1193530151422
954746371092850
1898529212961403880
17176292548809578982
1997174681435081610
1389688879499315850
15428548584893263092
6319759285799630594
37999967312912880
24153634452640
4704752850246850660
425458834374
438068465846176592
3653821036871630
12876718243837022250
136743567807776930
176337030587207070
101286515577290470
8462436925380810750
2073373614339257360
14666044723736065374
12996299152483019384
15014998933539874192
9022561820519442342
12549153960403932
5507892572226787600
290530072938055392
98447673324
1061362308288479624
5895576915488533350
2769538497868050274
281505311617952800
476634
1253290209216170582
295804015355698850
2480855875346721250
3425999113375758682
10858818160680191794
1273648708238935490
60869769307050
109659926040217540
1307655451373396552
11708212923246594650
2321141222406230800
968345109263432362
1720536453377742
3610240492282940230
7024880812563614
17149895239245542592
20236203194323698054
5619677242456195100
6971732711421851230
13197036240595145862
15197299702716819450
25948793380815550
3346340242945350
59778328109612112
3209686935205731390
4811946272711752850
8267548964515259892
159162069600594764
1013374909138970
1180149892161694734
6327962981317450620
360380530171338600
535819166940228934
27385873458790
490817311075498044
95864654662700
21269223202635514260
19747440650879312100
1588507090823472
39301948497086884
22255013443360852
23634079637350538070
193400966190231844
14513808820338771860
400026023887894250
1240633174913132
2862275129872676980
5262246364629990390
88021692573213140
131846207635324
2247348467393484
17920078924066625462
212289113034166350
3151629281922550
920453173102888770
2193990953196126722
443024747049612
8327894058074322550
85152205373607442
23464241496876272
254212905303932170
285187322155407100
809141953855984760
1109291446626131300
21176361694422319840
1879074891989681540
71582235733479394
1327564859331352070
8284132899852418800
18350019090424588840
5140566231830748810
1345641889102
653167048715837370
610888827121341384
10637948706526013250
5664535770558004032
7559311528120865920
231064015710572850
1337326290587981474
134107929190724412
16654840346074792180
22622953788054060942
3448578179288073832
4970498318639817100
4205368666472181824
615040233182885470
1984582328204878220
3494332154967252
22684251139730970400
356512416404480
12197471152281473500
7268387358023766870
2386749880679418100
466374377406494494
23748375912774256150
9266187692143382000
49828532482
1060894744374283434
19609213471389040
13603576797401621184
12770044402240317010
40298094999162
195654120948860
1096968289613380132
4742294587363729130
66214838466340
630211315993497550
4509848897025147550
12316998499869879270
505668553298523784
5609800290281160
399648799344302
617643014573200
2051975266003182850
11801334012865345260
3260076398610850
21469091090230
2874892683993745492
9550622006500145032
331855816959908332
4354130620861750500
19173165868128277350
779048276285166160
66324428027660180
1330332540518332670
299695247341490
171019329222641740
19721479401912863782
16431071141480972860
1527690479342317180
1511897260423948710
41584336271831430
1441925888434727850
10941448246420623100
20987165782973585780
2734755555973101390
4158548833928691612
984510507622811414
518664240623827104
4087381961829414262
161177494772740600
2274899864849968202
3050377701922489554
502831910236627090
5562440393317531620
17044610148343622782
21912429527315214342
48594015681305514
7174612051167665524
1011660948436576750
14834343209570666124
22622953788054060942
6081144638595301422
693855231238743000
10678552872212500
7266407886821426200
10262632065024670730
15878311224661667964
366366569547072732
2360197806602944
52879174222
1088651201739974600
7466365703364309450
1485005310754035532
28192379967802050
5973455018221701010
213578803977015204
4113154265926533412
4159590796554020674
27017366079900350
7763183722497996100
7863501980275333260
24281052636342703852
464150042546710
2225764988540806000
5320397463989322
10830891416303154
8359949012345484730
77185908481273614
6097093089329916100
34781952740355912
18962599668934569802
289257957643092414
15668060843416463400
20845448546136756542
3032018405638530
8400550435583110
34523340854792454
7959701886770773174
12043504343807984600
59078565324847952
2413656094320480674
1521968632499392
9369699969241239782
1531504116501017750
13878701633539979082
9568127305248755170
625034936598800
8768804135027090
57392734816253760
4412929418150884332
3737691134228037294
798360673579898352
4006177955868750
3549948602915327600
21453187222782988764
549446998468502772
16515909365842799770
4492711755472049890
979833576218169530
17657446211973064200
4722492803368782750
20580501136934
419911775675994000
1121230772377072630
24991167834098251500
310008435338299880
6402137467325600
360006256493847000
138583050896367350
968912834549660
19419382514199639420
965989870804780600
4427380445681181300
22545025019182120
8968206161156277000
16396790243132145924
1592103871241424290
20565895945243425350
6069722647669656430
40177628250970214
13408235300180530604
109745172730002810
11147358049217774750
42347287352292384
59196552588705690
18246356611938543270
191167404688942550
411162868746553350
1972049615926212550
24488709697999250
83848539621423360
76338066122904894
15283538348260763700
2180959689260022314
50120609517382740
274265773343170
17729979385286599132
3565704459443097370
7529995400474700244
2212105581189422010
6762303087483826674
6893776356269363960
2793248677863100
3091877314118664654
9648178371333405332
1901019126903512
17778801273988720
526138744068831012
3637962576500129462
72265455172530334
173987974898065342
22300883490280967440
2131306894798752990
6477362995962138280
54350726679752932
16718996960408600
10551284198154030500
7871485159280765442
15573887061874823500
375806943273890660
221989880176774364
76585170797640750
14787074399018967864
22739152629028335192
10517289439916541100
124618494978755050
75239911441454914
8265804736713192370
11651138846683468000
4969956262172500
4820981999382340
10420465890377997650
275776885627051692
5432073535573133100
5821745402408672
12285273800569124250
1047309859079256500
180189417252972184
1164229778546924870
64909753567609302
345958204000316952
6519227062964351190
7785334352929590
12550931186337744200
16891318243661673812
341890961933600
6931908107834878610
770406766255764352
4564067684751177750
633380496719556300
7247425528277619504
19022001632867037550
1376797621684930082
2522845923625393984
1387286338965189740
20496018561498932270
12508959631759850
5242385974573927830
8177646977151300000
5426029297932811920
2120755825850287432
111633206134773400
1478878448138053274
2020567768895724580
23682052908559537520
509002103400629850
19799440034679905600
5112835318815157752
1998226742250197550
21774160760938535070
20758327788241935892
75188527201382232
756817219540165784
23961474911554530
44673145299160840
47967573899583520
12569287410483650
1541749975730240892
4373844859546043700
197137981899950
7658885793550905214
19098697260623150060
200808822137960584
1106008033429758734
1267120025615975052
22984157267323990080
13331938780686987720
2122170850940944804
18538682807789822414
10657455620054517222
3289347368329776054
5931869979524125232
12465860263942429344
430059378867860
3097720871134653220
21970462355286784614
2152527093105990980
23293118377328800
53789100666102384
337860966977912
9472628164326060244
1247578922202127760
8249683710015710824
470679771721313324
23572780248418293750
3837980346742850
130381325065551252
64670044012
17175537917344550324
148295368682542004
56394401960
638476028925780500
2545120921457750350
12698294853511135050
541538450689614
11227238508188436734
1381578543267407290
2329562562351433500
13237957653044441020
11998412873999000
1693313020372234660
19571242127609629912
631779856972460
132195558965929750
3061955219090709942
7072044957953781520
80445819272
3901653172648306922
158914291071957850
4869155864911332544
13903157158763026350
1053584542313044
2545841916753954560
1722711772843210790
25080920825159914
16677711367832586500
22310063720578910080
69343808086273050
26578987531868044
6918162501729576920
66230960559837584
8174536859111364
20651544106232317940
8002597687326459932
869806360165120
6133266079752930272
10487025067151099922
662509602776335314
8034989852734871730
9164948775339502334
1672685261869230
27867640467812464
1044165075977099244
3672957986356121100
4641924822448445882
10433440761045921500
4621028693167316080
3016046775596169340
1147029325629070
16143191121113218624
22622953788054060942
3707727271243910044
8503783898101128280
14219443950412347682
12302303510591110170
259180222138024090
10100515543287054250
6923887350864634480
10744772679968552932
222192434475428120
1712512913255427340
2024056430890803474
181354858770525440
1617096991631209600
1006887555047875202
770921748120980520
2852446600586507780
10283675013162070690
349400480537763592
9847022810492060050
4468471984592737550
129703408819442262
3409137714910027632
17484516918347934
667779723607916154
96631660007982190
3493156701508984510
6214187490883935640
8676375097154
4885888680147140660
12783342254442245084
2037903712624634292
132470300217454070
13148179377486248340
833915922018856600
1546932153989530
20111047855488179720
17098696032580134610
15147792192804990054
7829536531980287292
135161557105550250
679016168488297550
2472556441877862120
303154257608551440
2059512169330
3249550537868740730
821343136407389050
1598070525062509344
18818339751831794980
5560820760382800950
835947139135551184
12593928530207742764
4567699568671344070
2340262713250
378044320711254274
12532394569957262
3518823384820493750
499900859873612470
27989852260944574
9294246252592347690
2736087270722100374
574287922154688350
65243958062496304
42648672965455302
1989971737035595250
13211285946871901350
9254317654647065000
5624575726452631300
52541363128357350
20167168017585437550
76533098980066964
560662580033327552
6850119569060065650
24212640320597732822
3658267160094264900
434377370
2859127241529133372
1033764159111372430
1069893054836012
629895053347406000
16768689905549053252
21728915450899580
11248188015158710
14533106072056230582
540539991524178800
1293494673935944582
1285161560057504000
3378813083004594
77790173414562532
3029785261330604504
1578456578092898504
1985180610175688290
513219303530619554
19584561678338749120
19637073507661875874
6982099788741286300
265210243452481182
5707680351338407750
209810433438899874
2387608753336908500
2937403034268298414
3165306553153305750
2445333479274789950
20969645917852632
865577985737697600
3462731915020
2623386683756300
1371802356903578600
360796732000287990
2277054452911037100
13200133021765825282
2685447620765454000
7936415437238895334
74957623747106100
693651259491060662
1010759011889693500
249727840833177410
3257133872477008120
1995822642308919270
18627542801185382442
185500315535430
16137429179086682740
1598451943841287990
13278854103513350
3501162404955010950
1993874755672800
2383831446784601080
1602015145769142412
20164614556085928632
302351131914410384
7186774790744843652
1670066256245774060
15505282946497680532
13604210364203819712
6544808691759151520
13702681094220446482
13706503579600729200
2344778695897419210
4181517277584941000
146847253618703190
11972537930181217662
3345410155577545444
14920880169750170
3706054639299855700
358139259115022550
4716192249102792920
2741609556682978800
17091176417630480620
14259437904605859420
2066736189703900050
9529259273859683050
7359481423894261090
1961947640154869472
4216411347907359790
25176888226766710
5985767684593396000
2703694258721591300
2936099265962240
236203640359783404
3536320437861784104
1746371118558374
3652491971936780
3876140789708307250
13865200587200364164
2419165673224482
430746081977671070
6956395304672355570
1461443599250547550
520580165560305734
1154635799096066742
621588685667849790
12476544629240468700
1783760201470113542
19299685515075699540
9000232259831770190
89200130203800
7467981818050343020
6472280303037717350
13900581372136231304
1424352763703745100
295947543490341540
19458300068202980404
10264170696926876664
2622587356161358600
18517914793639412550
1344682615102763442
1491190543190062
1910564761985647572
2402935506873437120
7672483700807918370
83306319837737000
721947154825275652
22427821170969644864
16553312718790424850
12003078388289341500
106540555689003450
3637491384872917600
430861271117082
7666464606077992
1469186540233410350
7517805547501287654
2755738787891935630
1651615795189065552
73950497231911300
271344877469773954
1344242398331662
7587486395624080152
125691258350974022
23475330907700395460
20793143255174860752
22013778184398000
23154568797030899250
9360123559236026152
24526566385357866102
97171089374860
119175789996185750
1926311041575665850
7271951425310982960
739620255527569152
430059378867860
12053631413309332
116157033901288242
2465685501297654260
2125475329850721002
21909712062376654670
4934891052460422
36948717566078444
1982788293652101082
1471216682814974522
228658949344474950
1474967712445010
7546271590150949264
23571823392630068010
5945820976300269040
125861273054320934
31698809451230630
190386826190
4455291706522376902
154156428302492
117677120629599832
1594767754277646600
22771768367086019582
406407366121596994
226155354032842460
356197046837354450
19506303767508012
10143659110186063350
724331890375555644
1714656268214699700
772541943488754404
13657199105634812
375721089106709962
10830489081065865820
6573402540330346492
11356703113200900
8812100266459839154
3129085246118104
4077620312773380450
4130230622232186320
1548319351500848850
20231936638507840064
6225843644489084
571225779791014320
171281129883024980
2201417372684860400
2717298160728733232
1854647838204591710
13018384499220100
1481999572879166432
205600140357012660
121367793205450050
9559371650622123850
5199445365922191850
58747004584762624
18692587902444092910
373237710749936970
9438158132493710
27782330649504092
143815688488866510
85916114246419534
23912486942573100
11062478175529287340
2339197541909690
5161859506732734
9415769065280940310
1365012552980645310
168018406555709644
7823244739310
16173466635665606190
7346700938049772754
19820978352203770
4969956262172500
245302387086454152
16644519211661399720
14622522684034164354
21167533627877422450
1985779027407078512
4232488240093831480
540934796687467672
408231496412311014
4689791818976572
9589555337205787552
16748126542568012
27340669808491340
357187825116347302
1302049863917880
656096287595248500
15220720386166591142
19849018615536693730
14595788081210483134
27202613682127884
221008014239683812
581163208789236164
12772461421511192480
9810282157883730714
5575410196929160280
102257675342264
11015352388792029152
3118448808287332
465214483142560190
1246840001944488644
1948784636814627060
2235396846051033042
94418651648935510
15118282958440158940
7693534253202782600
21366833910095903350
27824961037858660
239004037410471130
153777449834442170
1264453128966792
55096477590
1074989022271754384
1104561788355435564
1894513087078220
1939507122372724500
989647824244457070
20173127037509434872
5369333504277902250
1137003999454122870
314846592473994
2382115971681735940
10184390937445670750
21400631923345382162
2442012005451901520
3015871000679320
57287927870993820
10733099515894536300
19634570552537159010
278578608590638560
1669146646400856744
1234747524681247374
5883065813904788600
15943152808145424862
11103769126961031350
686964434905060
7094569179943673234
49870545384842
30742242549236750
3081254940377908750
1797327971364771850
178562333157973800
379815438603446742
2403626077925885190
4302330391003259692
126201819831229520
21660784572096156720
155364978032376854
972630428300731634
4197494327069477434
576947775484388000
1391063160106094332
7681559026149407854
1338550243515349172
164247983457133030
60133480819412
1383060872568770252
9753389358266526844
3783583574263349014
2341052333528182582
296881749916486350
135041967898431790
947216406091656780
111546861761592530
54542273866432234
69573737039815932
27733670208398000
12429111079767243780
1005090671740859872
84617701711480380
14373982644049351822
2050288973577527760
166521184523564332
2331080833719701490
8735043249879977342
23679172454528089954
60179420468632350
2518730400662057310
4907676278093488662
150574051884046492
163028339726621824
1270461329870082
115819273587140060
24766985556373155750
5205055953531434
440094761051190700
1302304345537044850
185617547853470720
23239088404
12329940976824876904
6667536638974823612
37205670104984500
17826752898217250
17031858616999631750
2712946902637253230
465542008232
6338318152282506040
9417211456413690974
1868188825542283090
8025603079503280964
1451955886976309750
2270429837172243800
1173455977961954
9925314229265323772
8400550435583110
2772612125088993642
1277699405097220
1087317250537973574
12657431105289956672
18782807240099561750
15177344605202236730
2055811617136965450
34933479045765790
22085051268580894302
2506057718100345882
758269767836426694
1422254835344955262
8798841370152482352
20525328087855506210
15962820753256300
87085938030125230
4416198246209823970
5866190568753108400
108793243713190190
478092982568177334
613736776831477392
1658673573173600
100007922108554350
4788161836635173920
408828182496140
3057196186547296640
5052885480478063200
5025510315474080040
292766365624468800
3561760588351416334
24015994224666570
2146334792573545420
5702397615212767742
992579739153810962
33763196940962580
13581415897429843554
6412962673029293824
12994271070171650
452449889824348222
37930731949349100
8610974146208252
953328478082282610
2403280773796639044
3395469737389859494
2435030490085027060
1274077698148166212
1030924442962721412
8286965770183282
71991583197186510
21342843871197032002
16011772165021163790
57992883064223800
8771912565064252310
547224230901894560
6339612465679530
1568529538295669952
18386524224824338850
6671477073919350
22412154726834063620
9177675959431539560
1627769024110023260
702188265260354912
15850582606338471992
129658919448214
280159623114821100
417862643717932350
6571933914147253470
3193417277973018692
6046926943757389320
292623996223285874
153207176601868970
1290440403229250
10857213145681210770
6289155252615505050
14109080384681856700
21688447614642384
177655014370503840
2260190262050546540
24301604571592987730
15786023737635798374
4285255599107383180
22263274163257343132
263199627390043344
1406247613649236050
965815579776553290
13368225406120
1888567117608534000
9043655988430000
185491112563978650
1823291740519396224
2211559238044052
1708633204811140920
11327415766473263730
13857490127522701990
960684596202758350
1053341709833064600
2371711920461030
686405625422036100
363590575152
7034881392807315392
8152674408276162
554947274470796900
7383890406920442780
12279992314887666474
1188883587851819552
150422768251654250
904504002044216862
23269965235575756152
288412204759826602
5055297424905521292
15962429665533614410
17888160348403235814
148188526360147014
4195134183084576022
270505182364456754
3846821326333214100
17850846461572983950
89067001863824600
12399533874870299080
9935821618641590100
24660806365523064
5019208798625933912
11909415187254
2798841363555218430
7687342028634424
1331440823811459860
13608012229772009630
960337474513243800
5498893953061302742
481806392144684490
2619639343815512480
23057478526951827002
503152439109035760
76676360410829942
1677568660161193800
4059684110295633820
24394740667754182510
17180820859816936700
204455541855894364
4912396674739307870
3624786503536089994
11129907109335554190
15341696555627213842
100230797161355562
10025723590673628072
6726367899033950050
8267112881687869244
204346782281691582
45937888322563120
24678726622288042654
4711613989202489712
19229776076425987100
385603633748181500
8082904788944901850
4791636966360983750
10430325687681014280
321307655195356830
13970253350149148690
2838924824248289700
2646817890043623324
21573804982971635394
5170477206286924
5202525780869161250
21648214605161479960
7872325847367141490
957996862956786030
1328007397849913092
2246864981965680272
43247784476138880
12404853871848458020
243344184307453740
53839068088210574
6616468860687688150
2187033694691300
3908858936850238644
11889854338474810230
229073291463044210
355949674663694232
202246313876642
7759024734916254760
14000655211398326394
794889891675490
865979379074598250
62976373310961622
17222372111531852720
306603831783525122
4541487019253960490
65951150820751812
3422621841056584322
40661223817550
21557317433832600
1826662278323091500
14236480252493266530
32060203710810
1067830486120806850
157344290052998750
1893904222845263512
9865431788018475592
166847843335212494
1228263264242014
5319346099752621574
23609162359908475870
3142867480240976580
10467752639054560500
12350552298983731534
1506416913775661580
15320214118246637054
9198444952038183842
19662116222605770914
1033333045239132
2411751442194626350
16368304233800050
8667525594038473890
2630651761919272
8307742447784592450
40888642010051290
3652592236679444800
13807896158787220
12413132825141233332
2675329805391471930
1890455301578550
14264689264143240384
1586027528344813834
242415838602670670
104088905678874
20440073023104064460
77987981262965592
1111323085879580574
3537012446990556220
2172144450301602574
55181028375775450
4666866430808351350
7495495929674767014
13432066536047913560
2086541128468871250
9590744142791130
2083933000550
993647503502253600
1593494736844340
17492382627239876790
5255502849607500
1182075274588854100
141346064757247550
737269014521245360
21413093924645653104
351151619812119000
20542583663056760540
11413814263418776300
3164736642153944
12238386944668150050
14912245021097876144
6881607488196582792
8674356665961352
20617772050710128800
2087162317354858772
12606490206156087882
3957971800355224
10367073746605730
2869367382118637470
12796650489547855540
227507674200726350
4890299211273414820
2328888013192325050
3512363779583684
3898674393126428500
585820831155225250
166252349188822
22712013217416600
720583445257104
2594315780907153394
1793720841897462170
537106877445292
60877962864573310
1886406642944634850
478518040
6546638827283329240
234661889042533750
879710018783884600
1988623357034887694
5244245494123585250
3263738833916960
409603618639100704
254629441955009132
16594586059192750
1401057201273212520
3597840744836215724
22296271386945600
970442267811572934
4643905145659425100
8053633214879714
14182148641504916100
13602309730186157390
4093556237531973234
4125050364709664390
2364841526012675892
18704651960218244570
21485302377391943442
433510996611081312
1820066020848046580
14807318606730477304
3224511840869444972
5125782747817250
7665476459035015062
15509476672574073750
223149201002788984
4870915186928725662
6810440418040254130
15240718234087329984
633698070876550750
291828423962530
798436219280954100
1528059229389379064
3732884755216489884
22714015865822751600
1128851823149075064
21122553415706658500
14438136854658293700
2974301168564892320
5651082900513342604
1413351346778800
941817669798677100
2364159329444128370
6615361959877280064
16042579640674144754
23135692374069903600
60976680900782152
17740028129736671850
5003331322056138890
502926390482364
300241449118435720
21445164062769952362
13528971147124930380
11953551637563214270
1103309523662713040
119103238421176464
24224016515173882
10233942675601324862
6003243199742285004
4327233081717991250
17322402603546815350
3050551884660890
7319199664470763542
15434119641654252000
12668238367422187550
5221963881142707470
212121324115922650
2386749880679418100
12860310267348327960
10818212591641555100
20773119015219283150
1088841866344774542
621087924018357250
20807081697040090760
1037620869988302600
62729365242855350
359538787740442
9294722369898224350
438164797117750640
223178242077871612
29769010751961000
10086333725979849052
277585327175649350
14120152885356091750
145451897909968532
764839054599334
316185452595642240
3296562564825542390
108979739108029680
6767555640741615350
245189887110050
25314184855414
6468288857511787180
1545094021097402790
3056369095343822850
41043386801814320
2267453480631509522
18840168737988700414
265507863996051054
408048807591926032
5875298685579295000
2859026326472250
360838372001649850
748073757299753500
3962207693474030
6371970568083173222
3893465633569469430
165822816710100312
1543854852150569400
2272250163604742594
23131918474896161854
34969629590276810
3844365105045287550
11822419606068230250
6552864159180723904
1665996581360931292
1018898189000123350
24012151184659654514
9843045880890414262
16700605936985614350
902514677665228810
3084168156300740160
21857224069884077364
1465847357037400892
4048184983425946090
256043057455519334
7889995857888845604
89373629874382854
247711768160852450
7568286283528124000
22634089509793173580
325334044385350
1201356298794165430
9973918105497419150
2070922519329510
23701262651868295950
85801780584520
19306275027070063032
9522469562470977840
384030419731252970
2346473966778210150
12374729844230083022
87560076010265604
11820708911571790202
23510645187788554250
20278905876572572454
67607804587472270
4978244219446309000
27569913016836152
20806210339181358212
1071876303832948320
373451308816406440
30513051878681750
9589067937157358364
7628869795477653550
1312503515857184
6562027123178273604
17886604436216295780
768496235060116264
878902099009550
5164425236249876324
300749668829339282
54129565998442550
734497507667464500
405495361378800
656734589541340
8434956166882854310
9305201579421426242
2781655701576521170
7482751083665872
1081519336446206350
10672763566507771744
606143802780783190
152704027602152350
4833486239171802590
2680197770549635050
4442140607548285950
829553567064842620
129548828452166970
15525540959913600
11304238676054391004
25210824737676930
1803166361822142552
292028181022550
12670318294797570
252169709376054250
4103346476518242100
157724501615973292
2259036360861843354
8157768741660661970
314604442162213282
4033307732411230
148980528277886340
1114490257885050
5481891046045509370
42867338734755150
249854252637374532
1583374604798463750
3066838262070850
1722173857921387600
22003156433736469992
96229240917940442
100661679386224110
14259759866002
80742889553508560
2805427648456724022
15631465229952609202
14247627646978666350
322607443075537620
4643294280
6984020885954484750
15559167053226338430
2282636128476600
58225773516639432
456281087556100
2498167141615002
50691503201039030
142616110320684
218748330724
11186529617937480
155121647113400500
4741144960517846500
2777997127848644100
10379544829012693800
18641982574790405250
193004299256300
74629163910
60604374968546710
18848258365074657794
2083902622498992694
3995856107352227470
5358614885482643824
24128788928520345174
575468941197628500
20612154351144680
6985942379577156100
95336066919531900
15529758342523205872
7829536531980287292
90652388018074610
2341390910084483180
4948227274202850
12893141916050774532
7492255035646714410
818435308873210
4870262596557710
1075725206706150
424408761824028800
944642692792067060
2405871461847911864
1147677661564746312
3240468024300530004
5525922938895648524
2185779295531535004
3386306187319055000
20776600452369520220
1288295264394199230
39491772836199600
13608645951497350980
3608575351550
63846649948197320
