156052269138601242
1329003514034365624
365356750101033880
61861980157250
429792330357460
2112242461226912306
1156031214527021014
1222889631896314234
433367658234626990
338395395300273390
129954896910511750
5221963881142707470
2797099878081261690
-911480081495446206
68298246479242234
8030295437457806942
940450244820296260
-5585826383307910756
44951913766555224
3328318274570777234
58262313287094
4058608353367895234
4535924468662369160
7935569621179762590
-6600355242994145684
23234511547580190
248655276217295970
41840256059450500
921209871162435162
7660121219480147600
1142331480652925640
1175296244865606710
5314961475020739872
15739067355894960
49179852596191590
12861462017222
304398597617296932
4823289424124521350
938743058169727230
40033343634730070
389205106888252802
8638645211231211330
1008596824798796024
5954680691148132790
2219090018231824892
-7984195636083667016
250166416500
522886276458717670
3084376322168914500
2843035047043036300
122253007165498330
102804486321772
4977946132889762200
2027245674580830862
379678274838427654
-9041067107477584534
-4598245417499282816
539635860538000
-1356319481138163096
330255323256966954
46903925137903834
987165236656885104
25284471530832892
25091480756510
1388315617419518480
1279987305651717832
4198991407339740
194620413761844
6586283846998310
3313896236498457594
5180625126566582286
4053987779453692884
-5983257180957688494
-6839539237400635316
-7011253180192415456
-3007051866701074516
4428199488310372000
-8970734840470597056
419119174304653992
3457533817060854134
5581578792845965910
-1412635706546936146
155011136688868350
3144134421376154000
1839060912102716120
44951913766555224
8256652068249843792
1974432209824161934
623268969693000
2680876754204000
4281261057649272620
129008885051023404
7660533061334942000
-4266556308759607424
-8255722645961547696
1138777751470351302
605345430450344364
2506948591899859352
6717406524910476014
10297506853337550
221874197060169082
474861394205079750
24383677289940164
58448731701836410
28555397469130
3460250776490724888
112325766973436660
488956378776600
1953672595179704
156141117670262984
288412204759826602
75214216030393330
2982209427402749880
525836282289214
183501994700078230
1883241300474362010
15480130684370
5881714456106792230
1068864370653570064
-6085581609518926296
6679048929774508630
556905156326688092
-5187668590633694104
3624786503536089994
99944311848052980
-2412766336206287556
-1897101156462073116
1789012022103716300
5080146601002
135860744646737000
9035606570280183600
115783762769103284
59551574914928474
2325906905067550
69731385975723850
-3248755913402622166
167434077732784
1041488362118368472
1158781197241250
528906930229378712
2416948604893352600
7213508508532926250
6839899842970153302
541856037500052
1027816647009698170
887535562924354344
305977803004671350
315921537965977372
3990045209557042350
4983910408043295430
220518304492112550
5353633893047369256
919528953105386232
3119917972757435850
18032730616635462
1672432712146328444
3853221549389820176
1219314727930910780
6036477490375514604
1643076760402669004
252488143965417250
-3177719404212820994
8355966116843800
8941790989835004
756644972946324
1619663752332854750
54623076597901630
956352332588234400
244928488190521850
-333470443337241226
3111527741566612550
2971692374418104776
422390044127170722
195358356884884
407090697055442064
403818551331680100
1960330354200740
-7692413543056565016
8737315761737971212
2945879435981956654
35882547307541060
4291919379105470280
18338350806019244
5251067965118111052
2340036824175828584
332168785432666000
2986067876749015062
1816004911939164010
204047917181334044
7245450340321824514
776462083924529008
8087193304413987500
2405698684177973800
18472433830442484
1925872335180920042
-9072732323430271862
6117302768934395484
3218059933769571352
2846169639758239284
3207757027405484400
4715491081950180
1386166601219570
65892968899722692
-9054990475722193256
563565818981180002
3096885570567577250
49254621816053082
174383743672663734
-3620512125807735446
69380074713819604
193270574730505454
6201875497368951050
8058443448001100
503473121197241300
916435558922118718
846043992939754
28501331852598500
18499338421737782
-6267359957195819036
22853629591201962
5439527294456136558
-7809849031509998606
1007413051170998548
15766907094320564
448319320315527180
1957831703717344
70284932172
447193279951880050
7549077100180
244928488190521850
-9155830130111943294
64142536547381600
6378070922888594930
737197852420534960
1634999214387361680
-5105442173184423086
6843683592438887142
6316551316382147852
5587427446122019394
196893663594293010
4537592696995006300
4691623282217885832
1220041380699122500
525610733100793324
2975314167909422040
24245991940557464
20959790120769500
-7356026660259489382
3547173587243289250
362131000753568774
5040537808709662240
3310369984842915302
7603446117717306934
291429217301182
27679003648604000
1075451385360
1557900917711284762
7342710452108362424
5083096893470249850
2452856878987531014
208072414050050
633634546493490850
1227430083658642864
106874536185324180
-7602899134709955196
410795586559924722
822810314330084432
1397228403915873394
-8786318817998615934
2794855050
3914781325603124884
1927042385454386750
135403285044300
752110846672649464
158150258932119104
52521734491505840
281192834170000
11372269123222970
4865317610093350
204918254457346060
4493316949862466136
3109013975366051740
-1042936899385472184
33533033278122
-1379613757723173764
22049581948203992
5693731954575321204
625818048939921276
169242314948709690
381809946384867420
-8469311579792901672
3815960943786810
142027705629606370
8024323702492617130
268431148346824610
29589931908432702
7776920245016543544
796584940506212
-8353321307160786832
-544575947299171306
-9210920901104270832
6545423510409499308
4290586001790498410
3099318625097926384
3295031077696261022
5099467277887572870
3968625127945343800
-2993113851432956386
4920370064625403850
8010437961046070
638987267708275640
651284521486018200
7313629131651930980
1303210315638403338
994448891934472590
46526451773172980
6951799021312796924
186631358520532380
2742520894991640
-2975678064350761786
-1575538161062797766
1117220623519000
13747914732902
1012384662556474356
-4895044493660792746
4184918391595707810
-4581543486509187452
1027542767474404500
2894323561559129684
715384702541405820
17041520466555442
532075970759048430
224283904984989500
693447332717671840
297673958281391692
81116592926030
7064678009477618490
5375014572797916930
625794461525222000
2244403818195267612
3887766792141457414
116388558339556300
67075733798802740
322148244976678274
3456733900056623470
201184715583696000
5211775238587817550
439032493666912622
-5313380385240005976
7947417200006341512
32974129250073544
3828449843716617734
111236436690078854
209118096984247924
506795819501037242
39793733288941150
4090873249670090
62953887939432000
1134445572340943920
161496261639439650
1077319923439054
2659951101353200984
9073890429927543532
40097422069215434
573816023895784202
132902901420988504
8106942459446129534
1585424272191047118
3091269427445118358
1063557788352250
74765610805751140
-7269891039402007136
8826290134027658642
4913377323532445466
-7432473262790622816
79824731348054
75432836940767334
7630512219151074572
7744896675794502070
814266639534946444
7025613432803894940
4021867929170434
368392486892618500
5911159071633080694
24957135284208600
2303254817595914
4037984060903392230
-6863706074877402844
-3579922531076085756
902846003628885932
8037551310236964950
886064312254098510
-353095286113594326
4878838036601334960
-209071910763765884
69658591674274400
567766273278513430
6585895803202339624
8276710689804942970
953501076336091024
30604573809865720
7206818098726340600
53430361204788750
3095841682428661300
6177306404551360820
4948205013739933050
2326191281370449570
638539916991087804
157366636390952324
1252972402053170110
405815842155900330
6722632904211783850
-4883669544136068064
6019725671778987700
-8970734840470597056
2961559527002850074
863733373352083612
3172742000143758350
6039342663924606194
4471496579139499844
961884324927684058
154393369091984192
281609026526217572
130032351385664820
1380414892790063664
7679083139410005050
1325353825537927640
7748219187777353362
400926573166868100
3886281167291022500
34202107140052944
203045049020736230
1084177787537696740
2411578347915387820
2461392256843100
4865345635528201230
17822389656105710
34695587910040250
613612746277012350
644
2064424562498186350
879385081553728794
4798592900336955610
1462157047174342404
2686010561790719254
5944069684286273524
49245271004287274
3531888383113901984
442478743875350
11945722050570
-930633278225344556
9212702001770320
40783016402192064
-4526190990803050024
2731383565331351968
-5739421854112053266
5205715545100
1098694998994738600
401151947865258500
1137693545499771834
1650313083626118912
5645511914618034340
7562800
89364434484402
8002172128530947224
294514610180448680
2745738032798734
34976863064745210
-6109739266386485906
1694641104612016600
3105455414266975924
134385645160001354
3781642782578945410
274892963361683394
-5287444705984091212
3927041769368078970
7535282271220984280
7156592573370143800
158038134067473114
47220236877423064
3119498058664581440
168112316944498850
23534028901398250
12014633884603350
250518702162065260
-2820903242980367106
1505201085065826240
1193574950152964780
1464894351042831800
691342721296096170
7351491667918378260
161861145344200250
457503878141733770
3469917247120
3079175335770761500
1583730491454468924
769745025881283760
172858251620179350
-1453097124485393416
35669176634740090
2750959305301814530
3329067726059233692
112986679774863972
1615430233941822732
1543607107832182652
-5466967064513105726
4367896549461272954
6353337821655142500
154503549067292062
3549717289441788140
224079922234747880
1154336945934319070
5437645371345880
211702286969445440
110388770360
933125828951208620
9077631943036635000
69464752165394040
5502106478867015782
1106194766416470884
-7532712376059407126
306788140578033942
-8063060833544226196
-6351693664764455516
-8522430113363326616
4470121573154418454
2859323908445481920
58310634616215500
144171115733632794
3305786988995268234
3274517044794835840
422530650728097100
38565051268316832
-831634147057998586
-6697149231256739414
1276409474596695514
5832549017268509250
3594371168647550
1080286718844988932
3127904398234567900
-8577328574850487116
-1475544519660173636
142545739277238220
1588812155921379884
-6615197627534969342
6689087904690353800
5006654774696183384
308339616988174550
6497359704849498100
3182747340464230242
-5404467311953152382
1893182332188231392
62204101083960290
101080403632390
1731065578804771664
4383591560123864190
1570530430392
2219780073103994
1914492247528469070
456281087556100
132411391074756304
-6638004825918885162
8871261164992758350
-8879103351447614994
43426189846161760
382288055411044510
1125231882038354090
2066427860632886030
4311973790676548904
367294074939151360
3762759168410329850
-2209704957223110902
5070582473264
5872936304250430030
4017048796870064984
5216404589698948100
2746811040783362
443438925000397530
58204572722392250
1974419504210362466
8242719763521152000
9098699518503741300
3687217000355347550
-2074719319820451474
2307882067849443800
1854227879567520
5649443947444911614
7083300354117664642
3294593607972451250
9865011989355930
353044235073420
7859302746958528320
589067140073724
-3874318682829475112
-5039762170040324316
35219315606930
68525571434491600
27745829321249754
155771376812550
2870101193223000
-8418500528393814224
11840314755135504
48649583005376522
1257533417711098242
1274184962556018760
1729176585691650942
4182563553317905470
1147029325629070
235393033318531384
101080403632390
-1131175538811610062
201453533819393100
68095330313698030
4559321566595872650
4961869327701743800
738717714788258434
1359035886400244850
1640567294745957362
434618272464244
3003783357629029250
43853408964
3961472113130
1566775212201915340
2692558288889555266
2972680907675588564
-8633982683217683912
3272775603687089500
2149349883035407850
151614501646708100
8194095510369240360
3077928078399502790
12378994631000074
1361627118470360690
-2399145058122993126
261004443405855710
7507252985141112000
58225773516639432
1670591918163993682
8887824216839778224
383943160335556822
3267772829484244272
1142020268847550
-781592163946432426
62875423142
64565377589776232
-6076144613790232816
6850877041108124304
2115730355823684600
-1802961902327579996
3714184155692646790
4078903740270434870
18160710501235824
-8274585540596482942
1453968149159637742
255078592124670094
9711925121758860
684990275498937590
-1537533111241000032
817260851771831300
9050532170465512832
-8216383337709720266
3456507157117368172
2500361746990227850
485385334607504072
-8444181788679372022
39090468198600
1586533224842993000
6370894489311629200
19858804260122062
-4761890674305939456
2204490302178594782
475373247629966490
2208824040725680
76715466592248600
11012193452821484
6773937854136709102
912076745923402620
9056134035037814970
364642725396145504
348669393523827310
6837630346528909774
7297891708973800
763078015873840702
18472433830442484
4554858014142766642
4734538661903405432
6509744441920159440
11737913786809280
70254749429464600
-4875449850470729766
4996452829729404234
19745488671457010
558752596807357260
84800274208568842
14810451977893000
95864654662700
2887750039476592952
625102501021133410
24076072868029000
1590643217513350
2143322875382911600
1851806509831647980
1901483530040335876
9189944290048400060
-7324465304180682786
1112194642164432750
5765398013963302
1501397537169222
9834250848949142
-1441116079211683616
6416207293615346500
1032817645745624
-1470308784432548412
3508035382049353870
523975236958250
17003584086030850
525586413388748322
1192855856547100
8632337260358320600
17147232406295292
3228172225212149180
11731535858031682
4569352209994878004
112117661342436022
52394282374137550
54370865746580530
134286411419232864
154503549067292062
-5807909264522398252
-1623140088611254502
5077951420737823342
1841039226138511182
360380530171338600
2963175239787635950
-1684723726366774956
33078068355468864
72565114991141850
6435630696904190528
460796590665235050
3572207385777050944
1129047744134733150
4380070041145021364
656813819798812390
510296924574794702
991779480810233570
4209309988191821044
6182915749749861980
-4808288225122922842
5601743504134244000
8830412980968405974
9383345698650
35720592538160524
36861918106858556
2543679390302583922
367505116988687430
5853389682957122100
98552547432806544
5634382300896508250
5969355020409232872
94403417715240610
166645561336100
2126169423646422
34623740163171250
-486901964521276656
3115423788531006664
38572835635254330
3634665196245203250
739620255527569152
263006053899680
334995473380012852
406726146746581060
116906283031998350
2402622212025750
309562756405157242
525475999458127250
165207185215930
866621898768101350
8497549955970614070
6360141196164602730
316374064256045510
795117276640680070
-7578827466471151816
1420973909425840354
1530765436563254280
371404547527494384
1447465442170900222
4047520171317842764
119957814559019080
5289334510053442550
33928913118562
8145686702984125904
-709808320170222912
833688629985400
42779223382
8311682273321688690
479689170349502932
-8093036295124404066
-6616338771441389006
7521054726762576090
8330963818272690672
-4883669544136068064
741619654243138750
845843343843710212
205600140357012660
4773983179870458434
-4549381931533673302
114109654399514
4494920250570118174
8120702319793786030
819723802457097972
-8742625253370650322
3635842574622963320
-3486250212254857544
2221855864210700900
8694213789426035732
126322547590250
9137183591156574772
2239978819313783100
7146031744442955280
1750993584069160830
-1112187020108615362
9216883283021422164
38744390053256000
-5286208716258594846
1762868463119431850
-7997717478284350846
5585788124427724016
-984942806130187886
-5919057093846201516
32417084391538000
-7384265898180264276
2158414216332914850
1169954417802132600
445191253085599020
2454689024480
1635645936288149800
32945721770962
288306616205950980
362506929709019750
2435379209890496674
2345864179291724
8296805836831284850
4800043005963830430
608173986960822282
21781088644120
2292012836070079500
897453399450942494
-8386708381179951566
-574915741473820616
5027912453387503724
-1045985213062566806
211897760301746974
-3978772144052583586
1404746682415110584
1234538002032877910
-7842473820848031262
-913779294061472932
8543047253357349244
3938531978445802500
257753627201711060
86601947233960
42884193934648000
4080957854409989162
882560296168642
8106083049171297190
3826715016868116450
669118962181048484
-8956234292344851086
409191619353115132
-3368195944701470366
15620171553634340
3180616565642463402
-3956863719739360094
-8134275208029675866
534272408012200
3863061918547830364
190588750
298215008635849452
1769994869460755392
160859200033805364
668301282022163774
-8038204372785258012
6294485145278784350
7896735108675993932
3029169103444073500
2622103671975041546
102987243044420
40947028850
170330566017347320
1863904741136091570
34251928982216660
4250525531879306246
2155389592685855834
23934250090460710
2525516311800530956
-4630322099952379066
32287448056595494
5586004129310500
3808638051452688650
236196785040387688
736447817069924
228127049992410594
5765367416481969452
19468982671962720
1554952649416839384
3439427212115373604
1316537297105235920
31739144778591250
4209328593032000
228451989195705982
-6428662229978855242
1589190115739592534
7232029767132759512
210875658041510
5709662323368067920
3652828559915058500
-8029908977528413684
3953055550776472190
3176571041191986620
257907886508692954
29510503178800
-386029116966352784
450135237003629100
98128457821494270
24284484908353670
1074233802145616420
7735765277423954892
6125198862080995464
8891508042462203900
5008419987905458454
1563521082735326092
7063515333436991594
1618123329540723460
-1774937158668920192
9637428821452434
639754701464500050
179878616036770
364600756561180000
384860126012345900
-411091366828758016
747929876786625810
1829333933165000640
386698983828734500
471239110945842222
287603433237062250
-3964833296257780116
6980179087883036750
-4470672927071253686
3872188957233332890
58523193192475050
-7817222490334497366
103847714885073434
192697635420971170
290407521562
-5167769914972813736
2223441124920600
16359126660930
1006527985795203480
1200330269580540840
1648100242762603800
846316772814935130
-9111484826317791566
19900384350
3347401844313630250
3752861569948439130
-4913986841293621016
4744882012171609070
5891855316464567450
1655267490741796750
3384073991559560600
2848718404337921150
4308479090516724600
1384772734378107712
117210578705971324
40848862245718126
-7202489541791065734
1227902484666724218
3233804362357799634
647609189521490
7460711367520551100
8276710689804942970
2692584748754630884
1186848184538563222
-7628531482067996516
31177940888502324
8155610249658562300
6864522283222359462
3498873658446893610
3679142255276510
2388124188182335680
93220838983708100
-7831957906993062052
17012905816764
93462508295245804
49552829330004
12306129318039480
113983512159711040
7615609933616850
7549529991774575420
7137825850606603152
1572042609808037250
6180110599841908184
-3124451996517005296
327691087917691850
150574051884046492
6742071875091966912
-8521429844444227844
98930668638286100
450922204445546964
5548917692159010454
4606970127007655664
4342429509055820
-209861252375537792
85689237265692550
6469014437526161864
12259928273311600
1263598594899467260
1703159352544677560
75243591328010
4403949497574517240
1534831485095157704
33805486465536500
4972880709279814192
118505951147652160
55069097628009360
7628459230991026302
3605089542927960252
32753211329088600
1065108385674142044
5620656683187589890
70380193228800
287657148760800
906912154648305624
711188698411972
375249154102392504
1282541940737512
1852516535644587450
214056912821527230
1383745426719657820
5306200357961027750
3897311145268470984
1651408474422
611630812917311950
4019817641812821294
2896477924320380974
-3573149504615127816
-8639932052191985706
4882979726019568234
246551809121102212
1377707315285869750
24356093427239574
772247172739443702
6236934652337129428
1550430949834302872
204645975568413120
132981669876982850
2137150451363186364
4581739989125390
5976189523203265702
3284107396681719322
3317180012094077220
-4018541982358659876
370426794765273260
2158414216332914850
-6471903238782981092
7693121081408775320
15139727186514084
2465861500167537500
2296681550176783770
1214651136194469050
3233992181007379814
153032027448122550
-4708993587670748964
5261624874642319694
103422949785636600
4377333680197272
4814852863687687550
5492723583360726048
4163223232855578264
4002938807810976644
1919300727153342962
735648434596810
418420752435610432
177899893887799230
-6702824461465740554
376150507086849352
7709247117428110380
360942054436110
14293340970753012
2107061546131560198
1359261063989479312
1283944452431722954
525940310
223351691575474
4677098731440675124
188389935747284012
2096218156112080
-7428146473355442396
85053554441159500
-7701971393740998684
2354114064304540230
614233087087588500
11122061483013602
489860285454024634
-1703239838101479056
296845778057232140
2023439218711997634
-4487474938848314534
22927320495783704
419211977385600
7505630500581427214
101894348519782
259148288795200
291345006989785100
4990454002032351984
4627679626403950384
729700128448336824
169643885353314750
2503208517451668754
-6965018100732589252
-5895812887371807416
-339752129047064862
174736136190510860
3677943928316282794
4691908415058493330
1924118258905928800
89637083429607030
7226509071261187050
13808596956750
4457212012020761070
174470383980376372
40935176739604
16290674604475804
1603505255492050
2596324391830
1681659511311658904
5706359323346522880
1357235472722976730
1317197006564830990
124337333797720850
5932209955355740980
-7723188251723380144
3289784315495192970
3914580946610612020
200031861560472942
18138596556637634
5161361757586686344
-8022127542132913874
58651006957544092
4246229394511911114
501178283351385522
2906876653283240
512568804056917960
-3400337363966521496
4606387189777824374
1319948465069367840
202094667056494
64634142898456450
846790400496390350
271849631973311574
213972482402525000
903343163612379400
608605286880764250
2596510510894606880
127361036380737250
230081895208085902
1082753008568114030
204210893838973912
80715797086601534
5672093010912659500
143377539093874880
254611223732600
6370894489311629200
8085477693498157134
3951551252535801222
258044950408002500
2161442022168149400
4120592727844261536
2352754463143888434
-8207682709976631614
2308049549418684764
696501932622160
129780750858605224
8632337260358320600
1921343422304866954
678115175431200348
1843868157231357112
-7365264659997581086
92543656396385000
6318689826924475420
331582151011634600
29846007138421762
2578809583048439664
1703223332154190
4028819725087016640
-8446193916979235244
1556644604749898956
4582528917150752044
9150352411549506850
183800167879244
1363770494860065572
279093419594486420
7070493542853417950
6631610431029945750
368363368252921634
-6572917234760537116
1845425458295077250
7180495318375553244
30071433206390752
99896624070006374
2357856005946490324
39073491385706842
1008241586904990086
3318939142797135984
6088695383084237978
48646002860
5541412740667773060
-121295590675744696
-1588192262778345086
-3617132837798817976
7710074776440231300
64911490016010
3571974985363815100
-657182910392780086
732937544885668070
4605412745484100
184006840858351768
4546803569118239504
8247729375974554
-5272607082030160616
56610177343572710
2377950242850
-3246001849129301096
527466113803367984
-1955735037386795316
960858192331679954
1591216652297371422
-8447199867282130866
1043056845251993930
-7295020084933425966
1205569897215165350
-2684082998243545726
6982868180060918552
345635539820677260
114106300
4445973333124645210
1208453839366291260
260091133272231584
15112722392377120
674810988917065442
3637020239019006240
3920001421523110
1090749890142757572
-8462280016810920316
6878187898638899700
-5839057027559240886
1176149185131706134
-8511923518089668902
2208824040725680
22188091440822890
547110424915816034
8560043849544759880
8858394804675441872
-7982634579455958676
687688069023451650
1664554292604111414
19811530324457872
29910284807213902
4849834761306785250
5204682885590871202
506258791274260402
2505701435071142000
6710318456515604672
696170056303395900
1701410807560
385997691345603500
-8304101691207486176
7858463102157570254
98945721732
-3460378838991090116
-3847616173567365292
3911600796408440
8231412755081096750
94083930729073632
1684618967850
-8579818535480715266
-7952941299341271366
171304944838612550
368917010554
347655898940442710
214657262601562
-9200017255764442576
345748856737106996
-6298818359527323866
26350108406754132
-2892481370416498954
7815730349967549100
-435345538965049196
1657095607613665310
197025883894773830
2008015739582020350
1646409572443404692
-7588460937800003266
74344481021999804
342581474846191310
-6796169271556824864
666393284495739350
-7860332940114899134
116477698294196250
38344167158880
3012419250648054
3964100198793796672
4382886855534029554
-2661428676860108366
396886044012681300
156920161639035214
6936494525101399104
3240994574150527374
750210721750
98694215631228000
-4680250415745249984
96724704909365610
41534939334143710
408314108396194
260796382514542
4492379421825712648
517571803606350794
2999296154846220922
108708552252672520
17940478666534424
3281271694044226610
135520801333151490
-776196675057547366
-8237344391106628506
61141477698481362
1213720025548288610
-3208095495811122476
2418509390342525480
-7075082892471979366
6720019333493028070
4229849538648979140
325565656444416850
96693682479690912
13191600670024350
11642517480635860
2037751159696786044
4196864618100
24174626427614740
7069717931030425202
2052435344410907372
558636997306615812
2922180550726541300
891631984394867744
469867076449864500
268591663749150
2459882822041708644
-3558240700456555052
334877335816162230
1100712068779867544
2083933000550
192957904235626660
287779108253358670
5761707640411956884
12599532997367492
13685807737128800
2066511581314874084
3684815622513848884
1934625982100070
-4886197929303128286
270782650279894114
139950281484160
240567118303527180
1162226120798121940
3908361667412667920
4466273243424954962
287708828592107272
52866030647265830
7855524875153394630
5682949212896123700
32144618571347100
3490186654120058750
295696403519766172
2452508748813104
198378338005122550
4776591721316466660
372384234619693340
2765841566720208884
1768485561845447614
2137782906170007250
4511269055931710
88790257003521634
968912834549660
-4894412739792675766
2594681472581223740
771216139365839090
2044930411605287220
12086201808145322
64784073631639346
105162894202385474
8507347690380396004
-1201675901484784126
-5862380041319371516
6287024243586025360
-541461990846173336
25989296172427350
273334308216750600
2122957281897322194
181577110
78809591951616680
6079759296980923400
-6654519414304956364
8212738236200816994
-8942201282893002014
7234791300949401280
-7601295602072024022
-6733435186664588726
1441102210967408500
8337983599783834280
813439785609781468
2703882851273633814
1962244201924723620
996677514432813690
7121825190230670544
599778885131768850
7961397443309193800
-2991022335506855952
-758459937600086556
3172529377189856090
3840374383621063864
-6506411946329242222
-7842473820848031262
136723455994905080
-94345872024233954
-4577687050279716144
1356274655750
28377447987777070
2515870399371169302
12462188370528274
1454678858471141160
5670449489712376350
2429915694407020
1082114713396600
3680319969732256774
3126011492335884460
640010666266660000
1292518588003833190
428192650103792
1550783851072
3362701018066620840
4929832572655523962
2666445325544
1581190021747564328
1383060872568770252
138136650069597760
330684154492921812
23272282250100
4636155714583515484
5705368702848380174
-7472435682697577902
-4133410945028400016
-8143536960449103614
33008748361307334
905416873967224500
-25250954114906016
1073573311022567964
2804652188694581500
6951033195583159060
789184245397124500
1236259368437724498
852330757978602280
-7036817223073867784
3221499744774657360
-3573149504615127816
1277513519916598580
32164993714126210
3046044608762101100
765789556606145454
4467097676251129500
-5049786178892620676
98945721732
3399498628668281650
8000895553979802810
118777166182692570
1824835990810174672
76277894
5054995884639937544
30565324951431050
244772823202743600
8714156934276483034
455021171567359320
207453285688924
6815343701094405092
341261689004015850
1705827878707908890
1992070579823243920
8133618089829393350
7920356489651322600
2704023832410386484
3864047846768309750
19567064956201750
2044963079250
2699924479030342250
1316537297105235920
83876416924458774
242817795010147632
18253809951650662
2463046648641224100
1735659576848267350
405751006238314
7304484445720093800
163717866674918864
6359424794293033632
1725074545081160
9178619240823291000
2641624794798345510
1985448609357360
1028729974222030360
60623592848800
2253931537110485050
-3977445068434403802
791246769235539874
3680478586374660
228658949344474950
23733506784060472
162180925484891170
1272148096628621380
-4834929181566101766
635542356652004120
106623977323927870
-3794101080104632852
2569176261831925530
367555355851565294
166383342500620
2282862874268110050
4634574880881838424
52357405428770
622841914585519720
490817311075498044
8281076091417115660
4171065313148526100
4021448694964459220
861091907226613220
33883120425488334
2519088072196517250
4208784318628010620
51789622069728790
472002649478077082
616283549394558500
-5216233746213743542
806246187913429004
1175296244865606710
4987193042986778600
61992699309507610
-1296095048137533376
334798594801178132
5038131148022472500
2102358559528500
-3260456511723660174
8840497131847383160
-5176478339473647766
2340713793693076750
137853138887271500
400026023887894250
2833256130983025050
6852392173661811350
32636301186674592
68597476016109684
60877962864573310
4587293140065474300
3626463838423704724
5544967068537877500
3143712065112141950
2540618169868709350
81722769160426100
89023262357231722
-4007944719128725116
-5743635223723500346
-8171284789102111286
1740804859395590780
-2140139614866155334
6402516154963448212
7190701551897967992
107259583793958932
257689885392500
2193829718260323154
48344551567709280
4634292365243189000
8855180402577693800
-3285211946352726852
3662054114360856060
57266983719268754
204618762610976322
42655267935410
8679442338667100
3807728144648890
4206156709299055830
5052501650348702
91542251073865900
-3435156063653702494
7289394626068335242
2660548285850
-3968816851475026826
2267784042321255920
123236046605043264
-6109150476873071756
-1290817848077477116
-8344708163483571896
57905257120750
5848008403750720268
6814211939314517920
2456454000647350
8982584105866511914
3129587702831539944
6904056385872249674
4105360399397180
40750557424863182
134982203062994694
35456758964241850
-715991859681192236
-2185817026993186746
7491039971381044100
8781626209014360
76650297930601850
3383627684869448170
2479265007178778674
579319836516184500
112204336848445842
2079872101630303600
4247023172917579300
2959540815296591344
3832836616974219050
7893786155453880600
63066375036059850
7455867350605061850
203857901063327700
2982006454756974632
1912018680991782762
70597124345412154
6188263206511232
7091070520310626172
7592578000931000
413510085612903734
1454678858471141160
97951507500
89941287506070
61693213751950312
1437928474472804314
3553419661798814500
176702399054888630
1520329483906505090
3250200018595466664
6434978104294947922
4694610014925107668
106323888527044384
-9154878133277760896
-261901173304643616
6889591489048123870
1319301102994602
2494853039650234470
48252401643595440
4280728663200285604
-5238556870234867516
516208685179424094
219133162748000
3225372827580121794
-683510231671258266
678079990440478494
-8326450369227558206
-1892697321378329872
966077025164391784
4549840435965107110
211973421937550
2287517606435407500
55948746959855750
1335658616814886854
7927960318590702324
307969685325219110
-155336539719811266
3119708010412200090
7980066449203904510
4428199488310372000
1117434750219357570
8565864292615735842
371745088730630580
-7105515510164068286
2135727941142969912
654858298701677070
-6634015948516421026
8806612010519780760
-6127393154432901276
-6749849561182789896
5869900003722483040
5710323095402382394
6197338682710822008
305904215638458490
588460526569668480
27077019661910750
610147516622401850
630907513014267944
935250592788052970
1525847730104121620
667251637122
4080755082597972
-8457255196829512516
4548681989451629178
-6830537279445577532
5720903249954705610
815033600599034674
4129194180624598750
28938121935579430
254789784580615102
-3143146019214934294
-2297789467711930516
13309001259750
-1822852738935146462
1523638632148983350
-8180521598460438866
242261372943513000
450725365923177382
2881019286305769260
2161442022168149400
759942782125697170
7753620549588882500
565079951607521350
6136403983829545934
6778821415284243600
3776292430681850
4369788535047602590
6262910637449278514
1751725930290350
-3562985626050308656
1353640012523160362
7031018629171809052
328815951239654060
1522289809234237450
2038937447361738516
94281612599489350
-7458947049389257702
3716338323406526182
1666521282310718834
1207021917482474268
351070025825972700
1459542347881013270
2804131982128750
338435080852312290
555349945109473850
104767036433520582
-5300417342527452266
585521428702327880
5990240827564437428
1996723925424271100
2670094800481426824
3037665729480510728
-1896367244973151512
1835120836974100
2223646906459300350
589663332628222210
133692162585158324
-6259194111143633676
35676518363335850
4228530650699060420
5594582040731518170
5739122233083311430
9072487660741141560
9898651840222600
-1216809099333047456
146000390937454130
28229320941424850
3576625148681488750
10291725458891030
355208331176944350
192281753082374410
5484134449949364834
3433997420271412286
179423802142685100
7136263624834774430
2049522820698024490
2030895137841967434
6231807841098541590
437442699695344380
48556736466242
164686876154383660
76760390953140256
486530627542863150
1155732090516983280
2994610365626614970
8636391974913074260
1111807220551166164
1345688096610762324
1328671413064082010
62371378769638150
3048932824217136780
9284724520369144
199898131059372872
13243900954522550
64737393834757042
1783898258952859190
4280994854217609572
7012884943831574500
1828784760540752
1052226181377226730
528518728105350350
105527261951077594
19487636519025290
232647936560264190
1260829307948104510
55682264
-302037494736556166
70352443474418844
557655125613212550
16462647771177630
5037173129949184936
457503878141733770
28247805036034290
232917710919818082
1922279534040910
15596473462666770
7670010008320632700
9184752342366465970
421049280624350
2243092024557886320
6127342211255624100
5670547389789464
935761075586118040
1564772070507602132
358636413346055992
3782127910485355250
37258738022480352
2223869229205584078
50405450177738110
1074045059306696204
284524697630230134
-6497216926736391014
7401935913133864410
64760355276533840
3056360982738910
13149872095935380
307834620552586384
3260776878351392734
1986976267733141300
3007049938872138250
1671906615858048922
4569935651263493434
2822138962222648810
7265616211559930952
242224090331370
110324996018612814
3811030278316234568
2234089002935569950
1265653060688590
9051932392895942550
41584336271831430
-3571117145475111794
6173452194340218782
-2683375420022106826
3527803236412
156145852082500
1466324034369182034
1287646442100089260
1250855231983450080
160950093238684750
-9135346070580645316
4611740943584670
1335547494048052250
489769177067458134
227004973000
455318561567441600
7280669107799376850
3739638455134190
292873176762635350
1248106923431615130
1292878022426320
208814012377565100
34244808245806862
520634984149631862
3902894834436398992
4280416403340
-8077539860611250366
1935100919793918800
4073539320302452
172355263841672360
190960619645828162
80175378117832914
8470871874076488580
2471851069937703050
3794028131454914760
923061541662950690
666789189449289634
858217222582950230
3306695646404150
1244730609800912234
5425711319949875570
-1803698918128933044
5145453632871975570
159049407104616924
8620631660316891670
4537314626989412230
2237746028342374886
971883901170
30122514310
4930128495775242760
558174778665947520
81381528210233850
4253907248479220500
9198917383887409490
512189631715462892
746995159287288500
1010308269840219350
6558523235212
7988138207356824440
7025999414871639840
5203758330017228580
494271741991482
-7182704733032716596
1324138934817481402
-8316296462656111876
1886982588180449760
-7952941299341271366
2756695431255930500
844818262494365250
3098974138798568100
20607289169169080
4465998457843687934
-8430088387578637276
7698959005287264
353274656630350
-4413043503159178574
150228428264770724
6917017958048448250
-4980757467572470886
1241992402717201850
-4484244959925053064
110018296160782850
6600616549539927044
1055389148746276072
24968369540741704
5750074489412325254
20660341100
1038080719982113250
1328339374338523850
3375156242394526500
217910740251560370
1345464607561474010
195759314232188014
5599138540610423732
1063140460799217350
-7107726406149581256
-5921439288161711722
6465387147807996584
50825410475888140
131706012791296750
7391906553510634810
24350579464282500
4186750619821772550
496982642230828950
-6915285106706341766
2156821912620067550
84747830305424446
8046421903388380
169019502006650
1770681237650816262
-6395720823966199566
68107254026510050
632136358344750
3525952481076869844
63588728190
3008275593458137464
477527552038701500
1538884426485099678
3453377767638500
-9212816202438229474
293407670913916860
5671764278094871660
-1912507660141262746
7743235820564425500
97940413535064632
6200118135789923580
3833571702227644104
1164630820775842392
1387452146999100
-7565972868464815964
2706712923678079484
3411384161782842936
-1217565497682676004
3443375140972199580
-3475361088612633936
3134641693277089100
6760802919729187112
141325447351019330
21098087840241230
1793449494047822
2613015403572111890
694203932989490
-5559078459650425726
4116888578532832814
4304518879547439684
1998226742250197550
431555113746758764
1769994869460755392
-3009141755514464066
7531215200566901690
744482966653066250
4222204281327597600
8596807116428901104
1464775257975471800
-3355872838254271736
23043480367492200
2568500480118424388
427805131399685732
3011545837461459312
2942021538986013680
3558515151807292952
803737755726960180
4786714423943105850
673413612610593184
3291532539492073734
8829496667963977460
485957728025453810
66067630244112952
-9100015153692243186
3648104273520135850
576947775484388000
1948342097206239350
-4502971037615420386
914165470441565720
-5857598473649362456
42892623398298304
161018288416458620
545462232071911792
744698048802442980
742763986242652374
3352717362102563910
23218547078624744
5154014969545828092
363054651360702
386742846314352374
2421577059510
631287499878295612
365524908196749602
20384420231726852
230289961674960070
7931698215741300
8344568673056795740
7697253548307441560
299046051260223800
280021877096446094
156145852082500
4228530650699060420
4928057313683868644
-2556334636815076756
2048438940461760
353278060185110922
105460522899442790
5352184224928800
687012874910403210
-7730606723442762756
6349043766699259910
2001481192643790
366830102386710270
2167507189328693212
25609290887264660
8412966569140980
6536760653589703342
323220470640182780
100533866036683794
757252764709922182
4005053426091677286
4320362755421642796
1196232723493191980
1263918421304218232
426812425686399214
1259552711893056504
46410077886555394
1387286338965189740
-7491837492234375016
197290524262274870
150034276648147892
-1215296227917121366
-3002871452507279096
258563467997065660
4438857386987408312
6721728199699370
8659113056840624
28075639370732100
4450854583714000
6278505622521282500
318113253432613100
-5835465996255200866
14300737186338460
1013828058893198250
-4379939681460311976
204378343367814
992224009013515240
-5498743097097458224
35853060106053190
-622292940266195956
191270860165503300
41811833685050
124393527934297440
362799521189544142
79369843559490484
22291111009379520
1170312491910729166
482634523310992850
6863005139491286240
70059666613500592
322990483013478060
26006669018611540
6109408578973571856
278372883736414390
5801061642114785044
-7303205169885478826
2043859960920534064
541273373213104140
496241867685188240
70499175537020230
36798192104872534
753628959828418982
6367792578069092
-4164320762162223406
3304885669546615952
-7494530151947137766
1340220623949611782
497936284921293024
774386173012829104
740262477951940944
2142530792730122600
653587524368198558
742061750642850
-2709539953362915064
51228724438973250
4547333202002014600
2977035897549332694
20772477873130
527023378494118220
7428286602283820
136743567807776930
144359549595434250
781424374434197664
1236634428875431740
400566171192882072
40362559076669830
302460554980401510
246677013297997374
3105873909879362780
3577323064584732320
3311248108309283604
5421171014535219536
155522101107780
255271266843119562
1299798273448482500
6508055276986354
2812736485982933054
182900886513150050
2916786832970186330
2354624066627557102
4671696256101915502
5626319035650252
2664055893381240
629831815105010960
1174186062575783972
7799437502447736600
591591656438560050
2611361383159259900
4566023045317081502
2247685819520791342
2254096073673893414
8335350662057258862
3086875134608684122
1268723106761681012
29653795622031042
994003616318064170
2782811791059207600
573639137048256580
1179706314819312
3317619729195341350
42138933592689934
1281818063768759440
212205206137295672
5143264560885213824
930411416545775164
5325301000385119600
237266092140293034
5521733378534801520
6436785157883904992
1146091655884586464
49629747549255742
140338461403881514
812887473827600560
9208369843037830920
4922438823252221362
5165292350678045878
1445342028551820490
-7514440409383725036
5071600643038622484
5245485448621755120
1404797971648253986
4238826160567705980
107410537458572804
651612568885980
219799622061687550
740833693360632060
881742917126528100
4784109908073661410
3125536748461050
854077614791942424
886554525746262230
316110031549644942
4257087335213424362
90430939660301850
23422490134100
8341056148774730000
1160467378185570
3543938125581010040
8005577074173220900
477116644963762232
3176687863235924
1100904315406594440
2244567832846094910
23874437150769370
-5529851345551940022
9188528086075694734
7192665535795447862
534272408012200
5617066026310176152
3104200181179571600
1368291136668059032
13063255601858280
9028616553661643800
5876405087202555134
-127632385068345316
743394108912
1217862396224984070
5575046856480530
-4969436514122302532
3861583379993711750
307673979742923794
3508292082535873754
357559899324845494
3027937069614489032
427926471502544
58832434696113100
2377660069479037942
774386173012829104
-3073823143690564644
2307882067849443800
112551541520386872
2857935151692116104
262346127452720350
6262291314734
4453965508034374484
7418406152346505850
4261688676098038884
-2493598038813124112
1688140949212098000
2586280339351168012
51984098825378720
763370157896905904
-1801487797290106766
273807977990405650
163280912868417722
2007089519249468484
233848729891235650
219857051919828752
360713462809300692
7835818112252182052
-107031792583356202
-2511439792376618812
8337544733518714532
-794690350015515042
1760165502744740
7803195127242895380
535483152631376600
5036026026970340780
3177884844243032
2625906843412797520
4827366212141140360
155387113211533322
-18887618185623924
415272635898446184
1168144361489782782
335318654750
-7978470907752195592
1250961026718328800
7521867186116259834
4919920045379430
1031015955285179460
1743653208125797410
3458321413002436600
13596554706881300
5607282069555890332
879628776035638090
5005725505066213382
515936384922268954
422999592939860500
3299408171504705352
-534454103529473594
37095790715060
4318498340646351734
2720517670562327090
545746137215563662
143711276246323240
1594894689176205144
-6951064438264155302
92768972575827100
923567026814236000
-3615104987731193154
31098380700156770
184986017216120120
748649486951246400
9497883817353100
2844797936675260720
-2959624113249807642
1794136771805296842
11711204541500
11586365393640
5175653002678130
803661834120930932
12385634757618980
-5686968176522983014
321957057188703084
2472732808448607720
3196085077853357674
5713297279324293250
-4477137033255207326
-6184930509190333266
2709734115675750772
2083747494233881350
139785558776352280
413648469435597060
405452148504298350
-395430519540080766
216944539210
22964232705379840
6129432498146821424
347412989371738290
-6564905511836170346
2992167786728375332
2513192664422462
1060427334959704894
16844106092616600
7006719784740686140
-1814014569453488656
210060094904955750
6001528224240185014
1570789595446372
3776292430681850
734710422637361170
7503197266868322000
1924264386146157664
3146873078650224
-1074924225183851366
113493019474583994
1566149023948255670
453042292799808860
799645679809249260
137751990733336630
3184420042159078434
371574788869733750
819184556957416300
5509500629956905750
220691050200455954
-507961296362408982
1081581170113290
4117814573108154914
850903505768829604
59681069023934220
584220624536327728
4456774645093199424
-2286257868267929116
6218412962751187550
3433092553198865948
4989501276858099986
2901644601305324032
-6436165714773003546
863332761104698742
-3068961738461708776
8477917627062
85675072389657430
1396685387269224924
8350278890961518214
1192962247308135612
2619823521738768800
374649152719332362
1341105555216042
389822504735822284
60623592848800
-6196648019132374116
-4433784674781658366
4241204714886876972
359715356354200240
94314372814844
-3925617869820388666
6182502482751034138
574442892054535614
2440619704736529734
-6951064438264155302
8643889547461350
2637060520181768854
2025422788489600500
-2871454561726850934
12997713793161650
27023326998326894
1303210315638403338
391192213744864532
1732415806854372794
1408142740620812
2780307385825623502
573580183854734980
2547501391941664
422101875916240
8991404935400888000
649859114132446372
1304486482792967980
3061541169755614350
1791165931872109854
7910226561093737500
25775745947508480
374777663828139000
-7524116659021026366
-1298356332575128766
35794140228130354
2524995154054331750
2687512170554282890
-625396347381247766
-5777304472328151614
19719784418070
5942416027546616800
-5841450622334199616
1639082026400
4605824750770796410
1466443221865169262
114916295669809062
1092891350445149484
19891946317989330
323182130842373180
5286527449186897334
423468925382142250
117067306839014840
2284856888773627492
6954479909711803000
206393258410817632
6791286362661262
229310311064532614
147102029302223800
17686087730350
461647584486746112
18530764244434750
6483902284904127862
-7483756534014241616
1840332502281362012
8551095114385319650
-8543681397122816
84772166920535350
7173435831698073210
-8645383263526908796
554429876884562210
6282763850226552222
18262695196332860
-8343694490173985266
-5009028647780334116
87401815448419250
8104794061878243744
2012848128338266382
86682270570610
8301179184626152990
5104021615891318430
253381365345427720
180362636639186380
364265136289449532
811280662302671082
-649434014121914296
29715573034
5373454384097242
69150626140911042
2430848772830726000
157344290052998750
-6657934061886911442
3925609350561080
1790119144625657720
149840313280023800
85321520882370080
94281612599489350
1025171436993742500
65197784336659902
7746142492542315992
333579883838063734
-8176930246232170824
1616327558663671700
246551809121102212
3560601249143430044
9349098310043100
794289160247655930
13377091038240540
-8616614894998433282
2716541044468466110
303804570099104234
-1762388321991748376
28253968417607440
2237196067812058830
5529529250465990824
7420818734756460334
6743194638890930500
-7584180186001866406
8777840713913531304
279127765678856600
1985330201802060190
6075604692282802534
-989526549231181054
61251527653515252
3697884038868622
1324882376114094
732159154851357646
4677667685503500380
3793541859162117062
2099303247014136100
48335330640777180
647725391724384380
530062
261347489973350
3429829709480054290
3872502711179116254
8737315761737971212
935846176365219100
861091907226613220
7603036579839198850
441158954938682864
4311973790676548904
148766161414214850
-6887274442315027266
-3116831005167411366
5330005768309911000
-2995205155079086616
4107732001035302574
567532300650378000
-7072313257124824296
4710755936696927390
109676971403764100
1184104537094553250
14239015884514
2175346893868568084
9108543593350860274
21326775593687460
601915300585742000
553166650339829332
53073419167367460
7875268785982930074
1138974963054382300
498519741784825072
111758051152902
-4058229774196001966
-2738495026503719772
7562800
246647917645300194
5661580646172514140
1714499599462650
6715431335366404
-1033027113858412766
8443370566165312492
4260269204613807000
5054196883663950
6542613035665327350
821035176357180
54311004978560
4095100898808622532
2277680746884998114
4814439623571270
-3589400881641675116
776973639178547734
5695799352870542512
135560761516857600
41873363801647070
872824449031353000
8422125263693558340
595341238500572942
7673419015920350
96523192484545904
144401448859187832
7813222098083893880
74237042309500
4952601500
493919109466532750
-6248689133462772012
113632998386326710
860692214247338550
7569102566463591972
5848342473210428800
2414348974717131300
4012312527229813730
-5213131075877132952
7151897427540500490
5877324151048710144
557589686898764
270784647730
135291049127052
-1431376816025186746
1832571961487140192
488252365674633092
222742923471354902
8931643631841059584
318681927607708000
1327343631552424004
2863257376004467734
6046237168753908504
166661122367608050
-2988930607286420666
2056200892581102
461948216482191530
77908812909747754
892945829129792152
1047212628314007164
415728397675692990
4902959284190862414
11360743612984684
-218542319122342266
2852396809715440
-2885474801230758564
180684661089641594
1612228552456276132
181600716976393974
414710566325494712
2027093720428337484
-597451089490392452
300102915038850
7273932028969883830
508140259290155842
8390773464927981660
1995071806150468850
-6684656484650952186
2478734887854951660
3725923741258665842
189466440825581920
11506798275795964
1490306511343784134
580657636404274
354468146301740394
5740448945322897652
3936281912625752424
462951383683776260
1327896752849464644
49282682241473800
17398662240830924
1646279574780147344
-3212234175808508944
11958142
56714053172224800
9177204346001108762
-63396368747770312
1514337763844253040
1087888793711127452
8939964482085780220
6190634836011370074
622484794100
-5253423251235885672
74919191605334714
8785141021356816032
4092012013278161350
473736771739928554
5910820001031841350
5494398780573110930
2531810110631057634
128251851285740
5210849738244247832
-8236322648645515842
122234515968647082
11039583801318800
6558523235212
473532509742589152
603056058196592
2109617646172909964
4341811757335588984
318189032647919262
646434786489824150
499605392465859356
6342094740405489946
6060983945637922
-2655761283047941266
271042362357709882
3114528820441379416
262838277508450050
41774099477377432
158060554269244302
868149315977721232
6352032818681456086
5166263977912611952
2448568251168802
122633521526100
-6688064584860937406
1375206741987837270
9059404433377914
-4466793386718066966
1415626682282629350
217483152344706010
127303839738423012
-4517809355703351566
299842585711532682
-8998240096353879772
7723740774081670520
55150484902222164
4901485921165908074
64485220762796100
-9183406231351703386
2010279837134153750
66277681936411750
255914304316357792
1269685685279311064
12522346996676440
-8925244173736630574
7821585286220315610
11566620067310000
6625661545737740
5889142712460373504
729542615778542350
11251277610831610
-689700646337022894
5548917692159010454
1337771267219578800
182575903526581992
5853726279721462584
8286753694865245754
474298832976734612
3707281736633490
-7773452353024384224
5113599321471198256
1729041716796314844
3964602777522672320
8555568604467929290
28069383839420
52169358571975502
3172104163342565542
8562729839179001250
322301256504598800
8044384857661726750
4891526050002879964
78027272315322
820167866657832
-4886829970356635784
817137693017100
165428051336406300
2265801214220468782
840675148720
4221940836750673820
-4530702611830279116
271796067205674
4015356184942119600
511594214545150114
272554192756300
238942895746990374
1042234344561451194
1890873668828922024
1232964651361170
3260387932816944930
1528180976126224
680912060483900
222279285880444494
3501942479939921586
1849535798734904372
7193492351799600
729754452639358790
841670009311464190
-3852959608781966776
1718277741172505604
81422825358252
-443164244567229236
16035245555191360
214733256004153082
433898854049069198
27867640467812464
4817469921218958920
-272138317211803604
-2337382276831529086
54866023539275130
6710318456515604672
-7305932529996261996
1467993320608958000
2512371085150309796
-7933632919555238744
701776697884842294
274647216722894
17857459356594
8227501502273222750
-8380644174005583424
581341832819101200
955228348169629534
54481730674266350
5203758330017228580
103651507200514000
-8735738640796390316
6480632021825953720
1365577405231439180
68745164661364
-937524586563311516
1574321177836442
186640281498554
5804067645723684110
54471645044672570
17172676283337710
3720170268408555390
5185600423514052850
384860126012345900
-9004986603689033484
201695700479142780
6580749363761066522
837298110894213134
19972606872861834
-4380589338364357624
1097447726804076102
5664522162455206034
4324550198852560250
2020886063350
6499543961513711850
48714471766694140
4893425551939158548
1509337907826972080
-5411831914524554216
6964308638525980
-6167338485429111866
1110132086125062
394120388801425440
1117143148302740804
1491190543190062
2168945543901950464
-3436520270315494616
45548626987376990
3114672092591552350
1330332540518332670
8153452186026899180
351641482447397662
-703623163433973876
4474018642514250
801462446306390960
1058745939797994910
775937875868312402
111322600801344244
1510921885475177994
956204617313660
17748337013709302
3905585217326538444
-5092950342694173556
-3337374017898666566
-3357242445178468742
8227501502273222750
1468112609853120554
7585033285601781724
5192673268312565490
1171464404235193250
-8692861064572110924
761675786300
530851149635728702
9497883817353100
2530303416221770
892945829129792152
4411840212164987210
-7010140726502067616
5171169689477023960
2753252680387037444
29013501354730244
77290744272683970
-9081833227535176124
2918783634836862870
7400731851426701684
223339869222623984
3864540881642898072
224661868798150
-6708497635510574744
5721895892663312824
-6009341902750189976
100789614568309802
518114503966514
379772166710038694
217169988043693920
611944671728256384
-8265922059860029126
3245489364619040644
-8750982643722332106
1668490014783841354
7295348338097807752
113161087882232412
203342811982910600
2082041654880312780
4237505173876073110
-2251626012701189556
6855423192696710410
3580814176319055880
2550171105958532260
7717934374194
7891362601536120
51595691490159460
104027816513712102
8696025386678694414
-5178343873036073444
1684553272953590
77987981262965592
264154063090778350
215467768431493930
471849867597002860
2252892815037032
7404344477305425050
-7717886985657536704
6457050170509147860
-6169685181611144832
52777336162613090
308552132136404
10960595225792030
4671980480169369250
745128352907267450
52854640775162
832667783532991280
6094317194940247000
18508313146369880
5574761168607312682
996320683360895620
-4958108423965685396
-6464992531189394746
309822677340355810
8145686702984125904
850982750499726572
439484742164650
7995790783089517604
943140362033534
2095561950150511544
446606623394362440
6092582742350488850
1259233714408708250
1878213740293985220
6875149333519390000
30265669824646622
8951530861795740570
-6110328034825456454
1912445000892804
221733221448297424
5803993819730215808
-7727427849889222036
4088196880152210546
2377317566896121850
9582035983612
-6956089221057718604
203396985869247192
1471575161557874100
348709979343345250
2562104847587958470
2112280529855548360
2289181540949094
361463404641282750
47665757763318800
5164118827031727500
7870644538529190600
4548681989451629178
85774263410617104
3339440421810075220
4122720839297756150
2441683808569250
89519921156819034
4689912758078376334
2675142708488050080
823426885814
2342576217249281104
22487836061125582
118009919324850
7104683691540486962
-8765226908268305266
8142237158281023980
75949118921229554
3833326662062631000
-4877979384794377372
553625755416811000
-9181506404546679516
339110269452090504
152136743902186120
2277386063788435912
-8103873459982908316
2175827565645395610
249569893539757140
398453714172671850
465920247744704302
4597956011460406984
7124555104026321460
1150655858279919082
5157075177405601632
3966613570339913612
-2457869589241960962
6564227663682885392
-2245126348154993214
1356212613102494
2253108989404762500
1425869376982849530
257591887600745790
3401738450233995040
66207609136830590
44248796364267600
6480268735638677172
3388539487193687750
4807903908832000
33967964436476800
1184489577537022524
4321285949526000
-3559596509232306086
2737609825922548850
-3335317544094270166
3183173623866958540
1143688127800400
870259462969600
943700313311077322
1256153194998982280
2658716571767615100
45231984877145000
430365754997877314
677679067760296000
125596880196682752
2424586298586713870
228793346603250
73066617805378750
2934794981649120590
-8861574668108932656
518687639800
-4587326632830145304
31281279709502184
2029221856082120000
144967982084119530
1288614452139652
4878838036601334960
6938023836494479850
6274249559736191170
32289465825050
6831959076288346154
3828428325202330850
-5964854687018942926
20288086659292522
85703403898091114
86281211989590
761181136098256714
2251793381381736192
3736489104596773904
15524325406044
-4991442928871818162
5335027622780044224
5169636279477633440
5105844204997288900
118740977307653754
3768078138881143542
1082278394456798410
1411799935116545002
6915110700843456300
-5592506853556125596
2903434675836237004
3705814027593172098
6035897623476967064
-4621346251818813326
4619337510062822162
3239604017099690002
5025510315474080040
78252311596504122
7238737721072234570
2064886732729050140
935675980611101640
2289181540949094
-8050638174753995144
2226906120829034100
5205055953531434
206989846934910
5301198870961383390
2310562866985695184
1091418290528745690
293193785539992442
864454826721938764
-2965209512643858326
2015872797142561812
450135237003629100
204066938943195468
7841684329965912034
55374765092599330
223643284897256820
594496946115492
-4430545383220332266
2465685501297654260
-3627944526464130336
205272623093000054
-1194862711136367484
22790607468590000
-432217343765852626
1879362008349651984
2726725302
7958430397110080160
1082918244321956846
1238523494876711472
6812325982924139000
-5758073108293944846
16685752556147052
-1889026787483539082
17134521075827870
4986297618143163322
8341056148774730000
5497930469700016320
5648400745390390
1680867150397566300
1493227765767500
-7024596295174906156
592376387408855140
8727774190804997174
5094475311372227226
1778367478836988444
2480855875346721250
2802907992018970060
4231168735097868410
1107414727503442
2645889990541400134
1139270828456368322
257559548816949390
45689889169987750
8388568895903696390
4559954928475233964
-6341828997017827292
6452341533948598250
88209744712570014
400476108677833500
10477941454431542
5379752239299044390
-8274076077195920334
306714407091705600
96848869281466302
5072497095140930674
1491190543190062
247209663125270090
69694981697051172
40661223817550
-4361740149850100682
6043133911485844782
-4182054809566311232
-6753809065550518064
-5409991056357667444
8096204741378813334
14308136271980474
3957971800355224
1109774917387455750
76937350914089472
3676470684820934
1724326273699566264
-3518881945446402096
1641085977735855924
2804767722532713614
1470738813043122000
3419471973590181210
1275365318109133850
3182747340464230242
1136314766901820702
62953887939432000
3266903367614409250
-2760361346014394116
54947185656901454
190032162219488204
30571863804741050
5725205634653852404
321666319412410
3076681199979181470
1233752023829293964
109166474170573600
842377597806520930
1849252106751549500
2421577059510
39873483554145640
6380225034733129750
132456973922
2102893355224189970
203261571445052122
1604436423217428994
1938037553004803250
346321471183254294
3415001104737976738
18222737125244600
5641581934679879202
1479838268619238550
2199478231080384034
724191448502046420
5993190145680108474
48788709810458632
1245363146190718282
34273297854527424
4164803547061990184
5915229056810184280
3376938380543805000
4387928651853041750
9384388860
7246661698119452
1619021775903505050
1401748424744734850
4392811726067201780
-8226101005506199832
5111618957527755530
7363478743214022730
1687213884381922180
75099175659062
3928788655540998284
1069522687950195220
2224357095029784
596433157594390250
335859382520270
289363807389701200
713577481623573672
6162949878632660512
674151039582350
-659507085770188892
-7683380830432385094
8301179184626152990
124056648646953750
72953553741789424
2032124780974380
46177985177838850
2881217081528718660
-5981477184339826016
44672227600
1939654125262134204
396617765741803060
-26841530564506764
3655192423040761850
2551434825533256300
2274237222399478980
2304032506835596152
767248964331312320
5586758972387185514
153010144367879780
421874786806947824
-8938811674479189596
59540793259582250
2495563328623482040
1052191865748923884
9167569979252762
45522176838482344
-1212270186203285736
614146188525760
-2046309478536456602
1040566551698374232
3418618496555944484
-4978242316737964164
3073390396112747748
-1720261108381916116
4244377677614712610
7587895305137189400
199524042370265760
12335898863631420
1695750638587733558
7479706497049396142
173410405309329890
167434077732784
-3057150668402144512
-1027689322925093754
4049461456348668360
938487180783503624
3185317185147361248
790533144549932980
2325685905001523554
6006331081838678850
2542958854400243400
392876132353001850
3401514418285169890
4601889119737158750
59594716179553800
7687751362335619974
3376715574688423752
1307576340197820
2811442915242343090
8886903439318162960
960856843100
1275365318109133850
2781655701576521170
1602779463426535080
836764698301350
611568954965049202
12099248430558744
3397707567943109974
-2278326311953763962
5350429129072027000
148937636383448094
5939352824224028860
2339360001511498042
2876567299438312634
3421721656963168300
5803733192830057562
1212582728519682520
3628547437503936402
4597113530656228890
1813068354288078630
4017048796870064984
4961869327701743800
4394440322790390250
148937636383448094
-4732593124191988266
4520517766112247338
50405450177738110
1411220802468620532
84477462060697290
2108052420594885184
-2258123721429879396
1541997496471369690
220777461104135520
446704359379864600
-7535397496893676096
-5732196496404426064
7375480471804588550
479843851962885050
4158288373862097734
34266173786461500
2084833573991126112
20626755065974302
366661494129234200
5149812830556570
5757052263896358852
-4517809355703351566
473583569048134650
272933849725502
10540258248702
436817604198561194
9247327003182282
-2383362211590564766
248151737150709210
2898861686335054220
159800688889622
15392024389000
946100485482647600
390043181878824474
69804237315648234
7693947441639122444
1560646657545587040
850903505768829604
7719183424656754232
4687062923968317904
5642874235296144
1676269812140
77508779442550
-4937951966199060132
112724211975987436
4595990403018886820
-1605301186210629066
2349697513825476780
2463926030725890770
5525652972487898234
2786668025443556850
-2723669375441791394
-5406922526128729124
5201590296540640
8452790702605340
3695792312382891644
383245620389656334
1517637128737037434
3659140924081500
716707533223027602
5411734119025316940
1108324979022138850
20119812419630
96709192761585210
558521415743959850
568702887302704350
4538568889960
-3876986917622917114
8361708118194718952
44309231770570382
-978829744587759962
1651615795189065552
905167840401525050
2571134308629676554
5430164283703663882
416980113662773584
136078167733970
7319995714563795340
4386623706768488624
30454324847035544
400251018833817550
5889826096154336730
312257874544
285921042439496354
474963731806038750
8877699598530601930
-6944920799287350874
5436628230793423544
616719155087446600
73608627772953730
-6053710093348889526
-1002508920734539066
508355096322210
136763681839380050
6263618869483326750
228422434932848074
40847992525607820
27935129572
5182834756358351554
4413201751156846830
5101895878692071034
4550318419272560
2511185355528850
414774990140394
1243592111116602
1582036818130894376
7071355572100
6250526296356820284
-8741149859119652276
3624081654027559620
1131156979723734684
2888542667423189154
2732283661243053764
147697795084034650
94815381483823000
110583222973592110
72890797100460234
3814587884384160
93462508295245804
1581355564644194350
19587776944400
6025227364021315500
1037463188657000
1117920880267941040
1110742333000881100
2613750775912076112
3267404354196774
13600116423050964
1396685387269224924
5443393123213954684
2188879974780
2568450315713615060
1962837426324664190
4992269395285203152
405134117139537520
1329557153994244214
-7356026660259489382
-641682586639550556
59067847962787664
1508231249732662
107164070781950
52669083406958200
4488848847442175780
-2364694750517177822
2487227005330076884
-4357187508938753986
99912518099435132
7098458097780871514
3956198932594223464
8772824392463804750
1842268587165160
1222054249573843254
4424105411291763890
6937401407580
1333326494457967100
587480706239385734
955718349767612
3290475705559880094
5221963881142707470
2331924638423139760
3648506952559000
-8691873706613636126
-3003568247151181446
14936159964751740
-5044148365823026784
305352733392474530
2256594741778014
207278057303540134
4151260575687680690
3705938112936840
376881362295027760
303995598646333244
289187407280493330
435281761778749050
1372369314990966670
555695265749210734
3747558720100242152
7195808746811600050
1102868275764562018
14138682112797550
129703408819442262
727145019907816664
-6760594448484560766
113283293640878180
223730561270610394
690386575879000
-2486457144011006182
7011728666718286602
5163582184202862
4247735389026453424
18661383669732920
37251153417898464
-6819840654739096766
16532641631667350
-4093878730449404066
431126660981462362
4128619830448100
5936630971163799544
-2829336995774385244
5676202896515222484
4186227064664001680
-8223544396006021392
274519636620337550
621463466877518994
8953382523545907640
413925341277918800
7249796286866067092
317167154850932100
18120919946947692
-5768893442459558682
1437341321250274724
127876673891637532
10288835674743782
66699287531944804
1751084401456260428
405633964759187360
3230829784
272119122142005450
3972650538296379184
1230457637536756750
3107757663593893772
-8178469512545116996
75171357483110
56630941084525500
3263475513455265974
2365566345249222864
255335515998936010
138258288636115230
4924784077399460104
198218865444545960
4885006932050525350
544384402622787610
3870954629510534220
50662843244510224
-5000865994863436182
308895139238896210
719708081550600500
-5691194584014525866
3443047634728844126
3180190539096416300
2625537855967761904
2373894575876105100
360422134142243250
-5906544998309357522
274519636620337550
-461918752047622816
-9021355937048187476
371404547527494384
498519741784825072
149024612031750
5781691240943079814
1626866939354228394
156541405653206420
35515261918609110
1538782050563120440
3797676663945100370
1877065998502403800
582772307807381300
57110085577306734
-4362390437047007766
7661768686540715670
92049405704047092
1460136289538204740
766662539031953564
-4521033509306582116
1179947357240268540
7356284740405000750
1687611151113045314
7695600361816745350
269724480130
298539992672450544
133356298297820600
54310465330595810
932127007433484484
147484814250169060
4680932976720
417165793181064250
53909080954964950
-4034426938344544016
2111183743222312094
7984738826372716500
2778382070824692112
207762676901780
-1191076733169699014
7342710452108362424
3429378884471335992
-5700247635943210366
281775952764980
7146031744442955280
237804366287439854
2072755505999631490
1214133786388564080
9413806263065120
2019506897904807584
9626428891892092
-5205682440611825426
1252548753194294600
2841974460203189218
6361574181490256600
388412387609670620
4799048436182
1157128499358241592
4313563419974955300
451710203322882812
2915645711527687864
-7879742222432932516
852941441366147924
91103367180280
7920356489651322600
259696782845654
2271257122640063250
-5817499331545284516
4833194677431227690
1185410076017952
2424586298586713870
5749742372730833750
-790068292837895164
10909003449680
13198565075923942
60059966618051010
1655789655422880320
1065474495615356308
-2093638697617014822
305867426933226592
260612873864044
5822149578552835682
771442091925822
135965512475870
660125923125703634
77763827493924000
813690694432
326762351206040334
-5778505706287364066
1373503758368802610
25477849117757674
355784831477839610
1517837605820354
8425396461032950
81969126309768020
1227676537637550
4744019419623055000
699391574602868586
714272160882300612
4105360399397180
5850360965260022904
110069563503972240
-113372286007075006
129028139629506222
96523192484545904
2457424176051684532
460496520992121460
3435243077326698990
32835925043951134
367070399665610
121588644512012692
-8461275204501274864
633507512055341352
8274689392165112
2959228041087836964
52925222377970800
-6112094213700735276
2779922242800106300
525637163870
2344778695897419210
8567207893201207600
564147817119487342
991335101989141000
43810345274539690
640843082357667462
46222550633001600
36640635846974250
4952657663284112210
409832641521892094
3318719213205349100
-2644421917347146106
2777336905880995794
5468156894593600
29558038762470232
223381608979909380
3293500124242262550
-7647725900880141686
2287683978410407500
117820951783958500
228954850588947340
87790656737253932
7973273925140629350
8050795264923607350
22738188678017750
2018275097200026664
1417833486849965200
956265837050194400
205982739000849272
2245408511350
5492152228109381034
6060734841916734980
5475354697900010
-8880562989056187016
7125248950320032
1886063366354608594
826758248544151630
9173432092866693470
87387438770500610
1555034247003028110
-8496398538074762394
2474144080701228012
-7611448305884188404
6816713597633900
-887708308029797816
190816752884100
4641924822448445882
4505698326428649350
2543859548200696720
293629931637970
112022788332
176946293266993670
-4746610858863484756
6926178285078403950
84848914577574
455764919865498380
1276546493549108600
2736682061889199716
45955641095086100
4567472523429305488
6405396677327368800
733652825539040
1944951797029558662
-8084773693183767882
720197433161293802
3428477367784770470
7924568955812432
2638845924936740500
231810137041583100
7582989481679444534
1804837082816842690
6816713597633900
-8300034321828963092
2711567444965470
3624665270855902
3276041375770038750
1928212968788792050
8683802597550136980
2760332947738349130
-8997276014533000276
2731523415488649282
1791365271591343112
52394282374137550
-7724248269143756366
486165996550048432
33272745245627650
50886732684704
428041744914205702
2462694961724915852
102836966324642550
7634619438579101012
-4922189021956823932
-2169152283137918794
18697537818674884
6342249298424284280
3321520853976600
24671940435869650
4329686547127904436
-7549888588964289094
3683200907540
1592484221486443362
1581481698052664500
5308389621024766144
4146840238273382832
65033528560
-4620704952504748766
64233785130981260
726652131747427760
-7709931401476908044
200856235174064426
4537314626989412230
-2215492004827360106
3287818396012792530
925253476835082850
525641626878705120
293015637073362372
1476600745781739452
2068124097532207170
181600716976393974
-7327733391987952256
19535159963902
115996950218403150
175292780836075084
996053122941890154
828854073929303800
727241338516268378
1357733603626787358
-450198902902345016
-2109634590459737626
-5767090534192294706
6574136945719306040
-8865959095061754996
45442895506816852
12532394569957262
2570810203236869022
1369083402992593500
295588821047939400
3804615119833958304
5204991098158073950
69937946345964502
-6568339603664097016
486426426337038902
2513191360865804542
-6847411657804080522
2861483190449216174
331582151011634600
3623846727036301572
6222288204643990644
207106278609874980
2524639771037601238
660279273196227412
529295346167812480
4018894665060005246
1877352884621836402
-7627997938782009922
741177608381152784
544214365155299850
9628332145250
302132374855129350
6369809031707240
6315532617414944
146465710798357500
-495483929306776894
90844638695500404
92588686761619230
327574887694536892
4794244554769947200
4025768415785356814
2931589201814350
7768176714344749850
5175832832183416816
-5663401819267306532
398767804658790812
2160644913564210974
7773588506335958700
2223646906459300350
149130722867385000
2385618909018309116
6699510642434256550
894178876765160112
352377237161661100
911742882456403550
4266638294077567100
1912625768412385934
615910356788186532
389116967100161300
432556078734815882
146106047952345600
2308317225032
201588043914052250
20662613202660
130303714729976530
759724406021249004
-8917969899610498314
1798161157869710634
5249206631434455274
1988815856507830
2544400079314523444
1532982278366649684
9155059009606510000
-7104962735653810186
1820066020848046580
2302360287617011512
6824402871364730344
5917575442594184626
1742703370470524092
883860866848982484
419211977385600
6110395248648656404
2531652866537269074
146529249576633730
2430894742459120
2626498443584250
2979708034022371108
1293603162044158330
2672524382103414370
926880045622722
1632893760935171866
474094389237767890
110789021390762
-6279018332506123766
1170623141107464
4757546889165853952
-2627401419496254406
267298851066206850
293329478539487836
4172892990904105482
107159036450835534
22003556551148900
-1152424154511486816
1364673725752790600
447046561660576332
6730478190667263344
10806888064783230
3063818960843407824
3383404548079749622
444509176208665750
-2421364779709508194
18231611024418792
-1453845729552753416
6867557325279025050
444850116602416602
87574473983749572
-8566865593631489732
241282734000
-2090001629853461032
2458828890821380000
76195279114331300
660410312946444610
25443643333867850
6703981256697748100
683308190290106990
791283279733937270
57434697834395882
408797182894538884
5217070396833622234
7825350910490720202
2682860316609568528
-8441163026937134804
4137267043890931134
-6838414278880382914
8960010764294240
1407518571555768100
325719883674910740
679781707760050
3423297095677443600
749153522944216350
384379606059388262
229458541687823604
-6368507710594726566
-7575079385923754266
242817795010147632
447437890687326000
6024152912963290
4406125188350617732
7444573817770693800
1171464404235193250
1579464468762768140
8450297560462940
5638635796504570860
3247287476417064134
1176205161233085302
3917319779602643750
427568615995387062
54594489407430
4246402987907500
-8087356287332788172
4001926417442475522
3231404563309818940
218110496902928084
1479718265515991050
1661616059084170
11266735137427680
3135695377953315100
2497480632989114684
25655128758688352
-7342430875481778182
94743106311634
1586271202840631746
-3381879431840014016
3569136572956692148
4369727982294752
71208558845242
-8037167719421694996
57665905908269010
3163543377543850
4312905783367998504
33685769210419340
1972942835794551504
-860840168981469266
-8777493844613506266
4544053550492850
26140150365124194
981331904727527600
110103751685527600
3419247066281890662
15836343755050
5189904772298426250
2252122229359402240
8093629277033022100
455566497903030250
214535823923463350
-4805748953225327816
-8448708650438415514
-3628620060657847584
-5990968296861232456
-7114357154640991894
-4123535556963729116
1454678858471141160
20312137972587342
5401913138417250
24621866793833710
139765112327012680
141336441496250
320621124391307454
479534526136302960
6257622866787572
885166115552749772
1363612068311874534
18979516693333900
-8128612175179483412
223846969501415100
2835580017690
4044102297945061730
368307906310950060
-4720478244471148896
33089327922
7449009031599699144
7702214705944012254
37138323627750
21815097612967334
80445247247720524
6247831903956470966
1087126786201607760
-4213541221406894456
3821823018802461920
39626647180632072
3227956822261218580
-4820344925640101914
3712509339475643854
-2425662704375679552
10807492240710
9940822553706300
-9019912440926576632
-2795581488799798116
722157335466818000
3201972525575634552
1547450497052615820
414895487404057374
1081898815524607040
865979379074598250
49818111908080772
2006055069155113652
-4123535556963729116
2860132368436974
6210316033746011902
1244309052759148992
-7919526213619166246
9912693806811600
-3370933387551065352
1157328089584865640
-6522490460396790896
694535461963591000
-6553453161145224416
-5652514035797451146
3262517679458912
-8682490066907291846
1247743509892770
3381320744725840
4399328830090133632
2537919388331130050
134544533528661190
3248468286304177860
639882674266460002
-4575758530518389516
5019808687628218610
928125741148877980
1201048420990827024
-9213289982189481622
699190137686964
501071737989935000
4024751697952137432
1479358299996786300
476872657849565234
1581607839006553204
1228264712263919220
73116910662369420
-1713602157625617316
1545094021097402790
374435040985497492
94449125047445324
14829447446281350
170749722371484
2366718327853281430
3188505780222311640
4445699484791350912
489839281188622
144728833225020
11300797755824850
-8559885652546461366
653492034387778040
409924277561138340
2189640728293592000
238759541140316350
1500951479574929250
51949678950
46867876681736292
-3237737410457452366
6974803233624204154
-4234503184802396872
5447684610642407302
822337430436802
12535745104309310
1610181975442833004
3811030278316234568
4714475010824840352
5065255824188294750
7936415437238895334
2643107755820903714
276185567940551830
1312803623087744130
2548186209441539772
-6196062343169439042
6728235979960977000
6652705734812214
126109532269910
19754913069533250
9141885108465193462
946014686295643820
2564279110581013224
295641375260660
1446233265703800
4888828702587509750
-5614352015429102234
48261610702995600
7053057705931932920
5196924381728616444
8917788457453757844
207408496481698870
-8655288734179360726
4325024293376467966
-8822047074864951636
81914332207234450
1664947551173498200
4661756581057241512
-3802137708200095826
749441657756961040
101254402119508554
1589659193994186308
9050532170465512832
2497339714592606930
527134036182162600
8796100019357865124
2068235888440663788
29968223427197944
37095790715060
3275172506585925798
532131694759067550
381998961643754
914499998987726242
-5201335951538499866
6359731550665570
2660393035650225810
973769733070322700
2302193115773257784
480979327150953282
2989508006414058806
163740888510681552
1259978136146542850
1692999273862
35713244008053000
518421732012002
400341043382158802
6187827059788498590
401514291365106178
5122269480831950920
789824
1003565212811400100
4795983538210335850
4917415826401822550
7094957999803959362
1155034360241038984
109347309502302
-6477659877831948822
6705471958542715710
1344347579847786770
232168916414988982
5668477735759053670
6633089047530229480
198086045106639690
1993874755672800
1940977527337781100
2810677211506164
441207373200173552
-4471319438619465434
1754808816412793064
-6114448823856070766
3230829784
15058821199467500
3272993245831058204
-276861694783941622
-745341595787515266
-305182629185160316
474145493975046790
373707747497589750
4056359627289924474
-1584471207340751616
12138451678618930
-4442851704136275432
70724462254250
505454049321863642
20092956164780
14749789093191440
6120263580818359594
-5712913811759511296
719288835831405840
5466526241028281394
-8930575993814843202
-1109907348836180196
6936876829245077572
178537765431171930
737553714445195830
4120909668444555182
123403564837971600
2103361969455844944
-8748525148325035036
333109019157555900
22675405547332720
1089223270686829084
4145280962343855334
-6430394115356869856
83029280693540350
889090536643576500
1717338290470732930
1098213009335750
216942444705181300
5267972350260097344
2765100339074920
4783454226542600
421968434873624730
19221680700600
519101699292115940
4737697334071055970
3687553697968721888
1770406666424908100
122975801758729742
2287683978410407500
2865622608613479600
1572670564453223600
590687166722702350
4663743245968390780
126999116272392364
51954892453040500
2057891676090782894
423985642043208284
3739625419854641574
2849953684542859684
2197540370843040300
1078581757326567300
1536929274632310980
-6056663745923201696
991068546386012550
6384849679415819484
179325191111724554
32718793442064730
3842646450137873910
215307667275171884
42372341623676260
32246591162778500
970005079146549394
35502390
1050647366416255454
3463087232775611144
3136116926194464212
3730963502128327920
5391244010308081408
8822751356403600
3081670987673189522
4966644585297523134
93376282175050
5750441374542610
579331287211422884
2186905018750769240
-7511213564612185066
2753255694505030
3256417046547042
196312684692956132
479998570982478900
662378250733811780
6633974035870962
23994175347428000
-2773751995043286922
-7059566417712582412
4524814698698305900
963604764500
5393034368046629500
1464179901557878080
8266240767787290470
269065467413926040
6710519565750
721947154825275652
-7695600201490766546
1584241292682664
3091877314118664654
8342373215403974070
-7377211150280563814
7652657589304
818260755132616590
731380068269838694
1828771236130670350
5042898635653771254
7180245857246632
-7512827076277434752
245843828734541294
3724999531060486366
1554952649416839384
-1268942187369645286
5257275985995761182
541668580012775250
205545526948883984
3585939094886216250
6644375644755632
1676269812140
8395183906541073250
167128218912555180
1694508261044926600
8299255803117752
-7710992401581738116
4050993622300942550
-2573412457380666456
5236191147398608100
2966610824448940774
14955276208041260
10228290663476314
3008970464434400
586899630809806132
4022210745910803642
724612835402091350
13444061544743922
5481570615969067270
14322943056403800
3293500124242262550
6430648725189906138
1097064164482070380
6495175998767535380
-5075447045014133734
6518862155322746790
-3761921485791693036
3168276239665028106
36685600190391614
58141005076331940
4079417196091030794
4957707631452189194
13042531473121612
2131149127340041340
13132514440665510
5281539877661597550
6810063352039488030
-8173337951835324256
133989039921717544
2404834935414434250
-7524116659021026366
696885486524500
57287927870993820
-8496398538074762394
3532631437291729600
-1377360514224058366
307821805902859600
6549140816795564
51945159730999150
472614148055654220
3206042284550066724
1127481090108357142
-6461536055931312176
1805953933521430
3956818175433577300
1498334144029164374
1100615954908975850
-6151489485546753584
4025260032793086280
1172888999720750
195207114486179250
621651302158576690
112152325516637420
7909804691718737500
1170759562123608380
14186417908795440
2512655810020602120
351893817605750
232109090951100000
-7722128155710585996
7470810650035734600
-5855805034523266692
8696478330224243202
805865745532939014
183401707258689500
345313101397621344
-2839172058638697356
29596313633490450
908159636012008844
1325906324867275410
1156330396597260500
-5497522021956154426
378001200244303000
2563010622399012940
2004095834909894440
910362038373132
39223290818110
953614968216513328
2226580038268848570
1910054076587591416
4694475195513316822
5920391404298770
2698417671501185582
13512215444
6190414288853185774
5397467204827904010
3642863600754635956
4940790603867767950
7504819356930422230
-3784050644008314932
-1510667384394006714
22327988087300
-3780029022235330734
8604443564770387180
-9183881142398190986
-8807865543879151416
2248999627385318250
2432416285109518400
278304334112391444
1485674844794692914
52091294219697810
1637136206815389336
2998073245278502064
-1941823620802374206
7845457208834060050
490188229017584330
172642550815830354
933465547629951142
1402785739473329330
5120138045937916964
1895493108975477400
172738392902323600
327071710464980930
1619331271335050
212009520107478800
59562358034466182
1130223805659691600
2216976702530687680
44742715514552332
533805451021265500
33057260904378830
8848295343886727850
4240454691085134
7594849295958624000
6465749808119513912
887126698539746704
1243782839767263234
1114424281714377550
208317134876430762
435965994680034
2592853400748745750
-3766617641333202804
23117629738442162
3269947243442591712
527078705160134820
3287774553663962984
3334630169946914746
-981886475955663664
1778933235833248352
-9104317518761522016
-6151489485546753584
2547501391941664
150098972931176850
14304436370356000
9469960500
8491764365001359974
6442720877195330
2405535461948920
2300434985450980
4611170001370841090
36260105721557410
1145002230914228850
4565464306770800050
10085459552
32253397950817604
324252063005000
2725257439937040190
11585559527478664
6732347127647432634
-270563653394911906
4395033299331206516
602098687101247380
1516047873371223500
-4163663628201403006
2278546987096741680
2735326231325081212
2323160258244145034
-3401703943129644762
3267973797766830994
1403115658368748434
28800757508250
3504139453882429334
1434056585491421210
-7961803794256712216
-6107383981881138784
3893961480910037614
4950876243018100290
1276439080074053240
70499175537020230
1828630582157678170
-6037159878672274032
2355984477948951850
-2590476508775565116
4224494201214782824
372853465144911300
-6937098061315792602
-6654519414304956364
8391655414195192750
3918600378580210
2760716053508575050
-4122218452564206094
-3143838061755136762
-6913605903882298006
4237507066021418784
3557356605004539232
-5360214140268436426
225657112461976052
878329657201383730
4655942334852258434
1738772462175723720
1772246260
8089762506806134
6627545510290992170
1137595019724749600
-1151665612300926816
641932851364266770
-6118568580436068916
7362679149112707574
27304604623461270
979833576218169530
403709228232310
-713673221865269902
-3073823143690564644
5380700148302682984
4975213884505427976
4184395008290783784
6646037491529137870
392255110092574624
-8607673917673432646
6153858715783135834
52492301848836850
3678656619902978840
2997495893952560
324252063005000
2562467128698166494
1276009493958741850
348750568705963424
181230607658512770
-9131531348891270296
-7867680134610873446
461146857271747922
12425531632948350
4452549489405782262
622967341620666350
-7959197761059578896
5008419987905458454
204972742822242250
3249984853711381764
-7096668692939757926
159039306537714
170093544548900280
2560600479815964416
183204773667096984
4707039063382608264
824124717834622540
6205391341240364540
1883960346430426880
20510166270496450
3706771412250129722
7953769571595554672
50576936288418892
-7436258158123567556
78623502214129600
3673538402
3242412672383153850
2158573495180923744
16918329690782
1610821321327982394
2608901681776194
577717894766411910
4582528917150752044
821883447166554850
570685454400384
27745829321249754
700406113180157384
2324248806300
4370869945593144812
13275355678801370
3783546505360078078
1868045903862657442
22738143450
13285853027238792
4010791347411226812
312991938728268800
523656680008774482
2557579574163749370
1923441300
399126992551653800
1623648268524990444
1277943485723243950
1858631189485640724
345958204000316952
461497323527178290
1131106454566223380
547451896137614182
-2794877667721199012
62650924363920750
1956763248622592382
317010725850
2481563173562648420
1143913582798560000
-870055573445176536
980259934142812
5256654936331119750
1931141760328806680
6793111581102951300
195238501080853634
4107990082492101982
-8874723436386988482
354098487966009252
4573111928551400526
1022531336090985050
1961651112001705250
281192834170000
5418719339501197444
818799544521473750
2073219074295863312
1047212628314007164
8178512071521852522
4133859704435857132
118759070711330022
-903047700676320866
11621931370350
-4925342713820388722
124037953215920010
321804168240096542
4325810197935430
8259266340369453710
-192489817068115156
106257288242592942
77081179374097210
21053560595452490
6576707849200731424
24605192530313784
4645320050125813020
2242600250224760804
19324869042451700
-7372868090172444266
559865007446320
32674299052850
311497508058476740
512460447627448762
6705471958542715710
-4018541982358659876
1739504411096342
69367984257748500
1846700347262850842
506205111935433064
-605216955404508732
2229939469402268294
4845451632653203000
169152126996650
1484831105833103166
-7059566417712582412
69889302675594780
57254919463660
725667107192823250
6636053379951010
9971833273204894
167807252039255752
27048837832900
7651887869083010170
1129243690621989250
13703710941170250
2093250559722610734
-7806160863892289066
14226904060584930
649790557017910
3708625725654850
2202710845904012444
667251301489492230
799248615284
37145090493639592
619397016750120
7158549566260092000
1004766292795784
1410745240825074
4799048436182
76911221925824000
381071932888985184
1712764286823445568
32301075644968040
3675686728142
-4183367785407272126
-3480806393201763516
117910913184184850
6541515414810318800
16466758893745230
2816300978647821690
2250807053524285204
34911802177147350
2488998939377591914
156268722260
-5165281006637266366
49764470787850
-4841266509509824956
346240720431269120
2885348595182
-965834159644530786
4789965002531410
-7753896864161067986
-3305818345100952892
87028597889962260
6002557165441655000
-1392377924121030016
205736721490805780
377527118529492120
824202084697470350
620775101672973800
25873699529994600
-8741149859119652276
542491630162300
2894294100900324850
2019658425321266912
7072820761238153350
126126083120703250
170544097054905910
239340526329550520
2133516559105001200
591470997833416430
1906933592138812972
2735706731175624410
3070709501794722464
33939665416124930
28644299250731602
8928871306295384600
4996153925820715350
5006922918736501464
105377784973826820
1242623895277313224
5295859097861806066
6330104388704677100
162478288237943132
6829225679850
8928871306295384600
1523393324975346190
715454279520625920
6432641424092389204
130749133171594
50564169550050
170900428187033820
5576708423584761150
4834086752318824
336850379187829430
729276779265650
9193249402619854264
23069941777680770
-8313756792599183606
-5822891345321578452
3771223816306473800
581997139898870850
400661021756604
542007500914857014
-7586855804172688176
36008070880420100
22969509514292740
1114036277717508180
-1746877038923335846
240628571402341864
1683245073524574210
358636413346055992
9119803743294444750
6546638827283329240
-7830905885610992466
4263718242259358212
6666794421940852850
-4448678184739616844
2935205047700754708
3232100032353812
2476968437407075220
31379738126814
107864354577115070
19176947309237124
831729560
3906621598006365252
683933226486944
117049407095370442
1789012022103716300
-5114805293022563896
215100277076771100
-4857733205972170956
793988187452785460
-8266431829506454774
2352074883451350092
5592955393511766350
6352979900573071500
41214931083949350
1993270663726001212
1049348500483344712
-8722939493763132302
1885686896815309350
652387577656529024
5000160599885374
-6053710093348889526
53430361204788750
167690030007570032
548420266000792290
4675741673187304158
1537917213456709904
124243719215101500
463503821586091350
23266465181771000
1327233028032040000
10637017043102984
308413643294770104
7903210009876790
3625256460324442790
2533067000470236230
27100908733182480
4226157429653081300
1048514151425811070
-2818091233127491636
-5986223418350213764
87416193900165774
1337348593892404
62614061142672
2771146527475001578
378216839472348800
6155606234682201024
6605774636218973800
-2719431548251410426
5121051436567487850
5808082208054731500
112022788332
3960795351514430
-4446088862311225222
3987520710060630050
8863757881860
2881612702528433874
1641604783706437550
1305117961102750
53331030598812750
3965356735217828742
22394488903007950
393053702647499740
7123775048587124334
-8500406725198394286
369171406680108758
677612264602484800
455814535482118800
308339616988174550
-6014080176897501116
169572968115212552
1905093902106432
9065008971769640400
3372530363542532904
1890873668828922024
86971286070384850
76919385064162
398498572878237594
47265554525061054
9031412073449112204
8136203091508557520
-5366982318851604164
-1616452161786316766
9147999793165037000
7675782888169057662
2512188859610434
62037160098433080
1351060191386064460
6472520547655769864
28130892261521610
139458684668297120
1300778479207273640
43196912631901462
-5308443214198526484
184280617577215250
109098542768367854
1553415705899558404
-1384870458353173366
1257002428288161172
2500183904494643290
2063654451193058000
5932549945801033830
2935797873193275610
-1460582062218397106
-8770625797342192366
404952468954006450
4091240065009057422
898298260198722812
-4915248958007015514
3253979190562100
4114071137937250
6360499419797562550
4147100160356700330
-8096133496529999156
6346182272911603850
199470644021833184
2897929126042500
-8343187624912665922
6619052169437841694
706913611049074
59454592711801142
521732265392848092
3584307842663715090
-4359789153149324456
7149408519324570
170662812124727780
1310650357212
1093138444962774672
2801358278050866944
5390186129471772874
2150461506191001850
201319091050097350
8049512877081671072
4687632786859491770
278612907149120250
-8519429079770059722
16298833114230970
864535016096847502
-1632054223592335776
9051932392895942550
7574410015155373000
181877411251043970
828155023255085134
3757928629068187000
394342888074575960
721807059888235050
5280293536403786824
5792266704646963954
30519582343320774
1716935786690074524
5831206371989364380
588280264498981250
67655252474349292
2289847640035539962
1925579905884357100
8921481593358001760
370979200103042454
1103116962105954244
1195728937499250
346685024372744250
6536760653589703342
92258845397500964
1505930493938326250
1015817633640000464
2896279343868432250
1234119036732907600
12953793497596936
2742864897710373434
2131780249732571062
1431479673823427074
3277784119914519450
830409104265061750
1060988244796063962
160133439588248260
8445312930755794
-2936568364090165366
5378488555457679820
396841321518943380
360713462809300692
790908145442172450
434228221927510472
228245169569093600
5850697431392978472
1692999273862
4418405467235215616
3688883252187889672
27806684868518934
1806532092289151148
721036902156556440
-7618924683050145866
8488650270757824440
3769771720549367610
455268986447119040
126355168682
5597440241421453654
352090973269887800
184744133904
553338781268505050
7180245857246632
1999580002554308370
577985711115190
1284361435653500
1686154849326820600
5703057756604214790
1081993700895677850
7470810650035734600
1300887425169932600
1366354648598902
3744197493716605844
4416743227392083744
149538966371372340
3254532378483516774
-5671865289837109914
6426663686496289136
-6771896856942531616
3542321225010962172
677078017124714524
27563861896458314
12529044707294284
6721139341898196644
7847973217655688054
8612085099511655350
-6474781817811391282
13793490582407250
4080444253157757100
-7140851071752828446
488827292573104380
2024431124957850
96771252549519832
48713006909100
468447392669225502
1646929640086969134
-8787789059386477156
9175789614765991690
69864990358132424
5369333504277902250
-3508010638510597816
76919385064162
3637255806224484640
7517399474128557750
389161035122723864
6381864983318046206
156163335729961112
8104248206867232
185845294244434862
361088287705078074
1487292727560125434
33622518365857850
770774584108330872
5658421695850
379123531895704974
5710653502925986342
5651738581580246120
3104210758754
8449574677037578764
1048328808113113254
38077006611814170
25358279561072550
205654764647497750
-7379924914049532784
40257954698877344
6687971904541717482
4738064450718242
323143794455510182
506473551322952304
-7003464299792217594
-1715082096252307064
2174545951224864294
8522822943589262
-4080683146275258616
8820337459619083930
-7950333614289307816
1767114301826023584
972017370751546770
5287201959435956674
37243569971350050
3160639537679406070
8652625118926954750
-5417353319314086866
5453782580044372
28660359004964
8570343575921054382
9164006547836947340
79463508439245280
929733739777033360
1266186937250
-1509173905949024966
2502140693815312550
1782561477177210
225950095923592392
1579590489026065100
7772339380366503800
20965794569500
6885028352669232024
6808229933135050
3249334065925457482
131882092503711550
5030015030379441650
3088541852866847350
75432836940767334
-1483769656611906876
426104408654375894
562345088750352804
7516943127926232
23437441558763752
5516902231163040610
43332670717544670
41118579502350
465416048297188912
5075833832513563750
808684209887417340
27521565792660
741977115851434100
32635661728670
-7421112721801087442
3634900649041515750
44681837136224600
5080146601002
1126404961623422364
4405314844626975054
-9178656116430427846
-3786731265680544274
8186301009887050050
4494644144164385250
3118868267003862100
2686385904974149070
4215095603900154120
590385900758486000
67833404512484052
5695469590136004784
8260137902351380500
345554909054348312
671023160847789250
4388199826901265804
2070902010169421352
4048695536376187334
6984405152964516354
107209301281832710
1774102677090254924
5611520213531223600
1055575427447332220
2963175239787635950
134068290647140850
212905190830070272
6284183740681880044
16233650763923762
-6175550450513904762
486739080177562720
138481501297420600
-2475741307228331912
1400356841238250
654402639459539152
204129393311370090
238271111406062630
359772380884840
4896773390881543250
1113680922514832084
-9086141868392096216
69828533775987910
-3163897087535073164
-4088601588106799846
-7476210273528109206
3087083437491258920
-8863036310926470766
657101599971740
14431550560
-9015580957729039066
1940389265059835594
43222342940724500
951776148039745914
-4522967732780761154
3408240192062023010
11827478132304002
138562736510023490
3720170268408555390
-6248105324542037544
2354454056646790714
4901974745576980484
783518962253944
5251688519667999550
415311785939280750
-3652923913392968622
7023297874356145222
64668546143799404
1029461074140659164
33928913118562
93220838983708100
5840619326904362
24427860195430120
4752229783824906486
718939604338990370
174383743672663734
7565021812003092732
8778296849785712172
-2696108183780659642
12144994803810050
-6800680890572927556
157277265318455062
1616840483458960270
3752138122882343924
9674795866530
5098253302679028800
1388095255099644
8077705931439344
1700493958505066830
171757901026221510
6550666476474003800
771952486352624480
1297839523968852242
9085118440366632624
1841604751762048064
3878612220564821140
1198031136527680
1961997449364134
6094080949143880
2555409573438877232
2381772987797386794
80175378117832914
3043591902170820
857898258070599760
2094627407815981500
20086897903149350
-1332248773317631016
1587797995152778500
3382065959093638964
1938625280500580980
2864144510328286668
114951606769259260
1121133317832996132
1538658480078874792
8958476074597285880
-31612641905936492
3832591612050069302
-4484891000547343752
713091507727591300
-5120420798776984066
-7494530151947137766
-5264564798631733806
943529047370082250
320316352989633130
2485633073746390372
6185371039174208704
8469095571623273750
3108264823874787484
1670854795652380030
14932338916313592
16120052327399840
589603148570891662
996766737175183590
13836741159452512
506842735897190
3802545466552572300
9047732212954546584
226713188146242890
-3763263359472302884
2000783477533722662
575941858487098040
-5929179073424034836
43264751738375050
827534016176141170
204066938943195468
1021527556452130
3421721656963168300
5525652972487898234
3005524640341300
2116358050629014110
2348725667488530
-8683972144114281366
408597058078638170
5895023303480712324
-7975347338649172064
-4040380413898034612
1628800437425295464
6491537711895729740
6836873973234332610
4483610314454174750
205327182111026220
2089337570785589124
-8784358235063639552
558868214248040074
9139534123073415842
410703804473566500
680757356325637514
3105036960948114810
1043241489082096614
1819785725904601774
1090081796807348800
4884713042541314290
-8762281107599602742
3305324163820467450
251946984447729190
448809565796225970
612868957684257080
-3426286453592974116
9138593855892952850
-3351763458068380266
2814162655749627702
-8147137067725428866
5545906266815370
558969188374268384
-6677838061749318872
853203851085673850
1362867712404787680
3929798966500
629262885172021100
486607807082124
1306015609713261792
29820325100826540
168770792402344860
1751725930290350
1929823391559526190
6315838600176443800
6015945444546442860
5078253987420411490
38154162990703410
264549760337131052
507602162794893502
5827850772944548790
53480078508484100
4495748646113296880
2072292015447563844
223410672736193800
3198762295876939792
512135481416110244
3144556820196263472
374301755100
48473783122602140
5585788124427724016
-8125522265282580174
-3722294819304114146
67572235053739000
1648169712297169234
7932187032990638154
-7296111690032316552
4133560842064791368
9274027962578022
4228794403611435350
2240348705821353384
449742139789547752
297349681657129600
9940822553706300
582951302619507354
8750960145973974982
59810774205637750
122737786951494
252201539273397274
1109001440004031882
1785003007336207274
25346913975358430
5174874460794662608
1723922542142211530
1490185872127027350
7067003792157968750
5112835318815157752
1664816457242138200
-5986223418350213764
222684929143628800
418746573925288900
7215083399346019080
276458275051603722
748558708470737876
3963597667849036750
799872606540146482
-217753259330852772
9012220704260670
157411336207531980
173602768479853174
931852709684788710
40207694107100
2759566855817728660
321727744188604600
180670
380638307390891004
1171755659643100
9095419934080693360
7359481423894261090
57016101577675422
-8439653389856500366
6588102343904978352
-5428390866431895314
193557523019067312
67477451579654732
896483981909843250
-7396197019753151804
-7770283016300982556
3767983669977855844
6539320587426175410
8085048833422792350
6060983945637922
147582206599520
156519147262706320
5798718133740018102
6538425890131610424
1562395835208325000
-4615573754787712586
849599183779390
3329949566666499634
7981340530468169232
-9010766448124436266
718520694430180950
5681303332939659230
-3932270150985834856
1076689723459457870
386655125074224160
1497195063556552430
3123909271338498720
1062578697767898270
324449146360845004
69286973629720
5649443947444911614
4523982289473746814
7849231448975736820
4962464069554202002
3845288304
4339590424669221414
16164608941098800
351817102560
5258995409785482
6512296436948043000
565721463791218240
424988942484265234
426245941538557140
3346295240812860350
-7437339377599709082
1046280841479482
5115268692629279100
-1321709847080355216
6209999501357520
-7879742222432932516
702325494605309610
168276754844965382
902514677665228810
219254599388700304
13952573331532880
578726136825752850
7048413600683045782
4951469996367813100
4385488641951771974
762506596278872884
5890164263133490830
-881569735301835596
6487173785508783514
104421578583345914
122567678617384350
11855110148000
91914954335811000
-5705073959432911834
-8041832049826155936
25991198565332
665746054
1423769773174146750
36640635846974250
1156430136857572500
7395917073510013750
21188376684840
-3548069182547001882
-8170258092338140316
8652625118926954750
1950555549167716750
3744187106560871040
426104408654375894
6792735234905950302
37160228455817390
6065573188382846292
3470215123572905346
6320472333799752590
1143023448271614000
2047378734936460380
4050993622300942550
104602425968552292
214085061846238830
240536396168501580
2388639706476969814
22070060840347234
-8615621754113269406
159039306537714
2118486233600
18423184978369250
2945840931571001310
3199404148619013350
-4879876303469744246
2907216441877850050
1927334981307202082
2657785545376931750
705751030651860
1954396666254209254
6960610566261176160
9597449444660
927787481078900750
8109950933565711430
4316765250887012
716589314327366464
9100105326152183200
3350723301628986600
-4915248958007015514
11344261815035030
1197153755276115170
955055515466640940
69307555678661300
2242736000250694
207917502217880
103259926061610500
817570060061584
526415072599290182
7643249996208538140
-4442851704136275432
9384106897322480
6427392633756092244
-732988256820092602
4229321946451828842
3063818960843407824
264450794376666430
-6727771053842112836
1037528918326085640
5914632970902471954
-1687687335748361326
2619823521738768800
1572042609808037250
1635516576562121050
360838372001649850
-7268250714780861514
3023217754532706280
-7344607040590359024
2857357695781884880
71483263442248750
19707824795580350
-586574618445972016
3213549363162437754
59089284145273200
2508866735266593574
61372754120086990
160201375100325482
1061978377655052
90272169083140
19698417251695820
7542200071500545984
839706824567294840
130594932255777990
805333352413599310
4572296486054070
1030649942546667590
-9181981388641732764
1356844830925892
3962341549522766300
242848735424675380
17037302181420094
133415522430812622
3425098263150039060
27467179371404850
-648658985287289016
2639031114687740500
39452169517060850
105377784973826820
4689912758078376334
183151168497424100
2882008364268901630
90195175533997842
-6317431595308526826
6333317518782045680
822486887604658436
2251300176941310770
1362754896121242080
64359410856846350
874345358785360
-8245005015490393166
18023929422340100
5256344432133658710
-7025707694101362854
5160502388981610488
219943217807512500
-8167177540410648762
1091215187026272
-5561511811594120296
-3821545910906348016
76169339376268030
1544970070646166390
-7415699852602810862
3187111554843009184
6178401958236312
2240224806820
-6855841949444563742
237266092140293034
-6175550450513904762
64653146848640
116763290264221874
439515103803838062
7694773868440587390
-1695094639889600966
5255479371993651134
9144706889604358380
1458711133997719602
68346057291921500
15632030721273162
496823835057228800
393053702647499740
826253488746994
2479265007178778674
1250961026718328800
11362927598375500
2889335458528632100
39046269047240
529683975999147204
13646482440885490
1264453128966792
-162455383356812562
2153321945703070450
1340220623949611782
1078960463131791370
1215403764609650
-7939898013753055866
477835906479149794
20920589740669526
419865120971994000
1337588799266439466
401964083611083140
2025684367084
7304484445720093800
17045739534949840
2250642697055609500
575350757395737050
568937221761214460
250043960321226500
67158293377078250
1544143371616560
523161322931537340
2919782420148362290
7343907427156839630
-1624626023848929936
3785767857738755350
-8071336418705129404
3438629684699097350
1779622201847906122
-1021587487917826566
185794665833746600
-3684608934175279126
2462694961724915852
5147094373261265046
757833784000389250
6355485665755916144
5147592966347434484
4254967079357713070
-3715570495017890206
-8564373181933186542
3693030611057229976
13073626922864764
3867253416880721560
100119313121749350
89300551507036864
39152156880592882
3944286529240124600
269500122472895314
343062344776195500
-7229376970454417186
15458068742270
5513361405113354872
404362534185936634
-7439501577656856724
355816744911874
10323553276780920
19112499289009022
2615038050980127630
5498532185395456856
2816689895514094600
5704048076157262612
535315204753188022
195943640891395320
199657585146005630
1280595306903000384
-1811804476545862842
340862507825610050
3419853983702
1123245084872834
64485220762796100
-6904086956852022016
347775580254194
922051193876650552
29145769576766922
2111183743222312094
867505947063885740
1449827533794176552
224990311770554
332207922050825104
2669907978226816250
19754913069533250
10945453844416960
536435603859052352
75201370793201730
1026174190731116350
-7271531183491428492
4768505125917694350
1652267440110740072
-8981840669307606116
158936804430137734
3130642509266988484
27094934984024880
13625068033452920
238608195813751454
1427504006947195342
237448585988193932
352090973269887800
387181676428000454
4839007915956830
282855842110828910
349601419554310
4526757433611055944
207490976910586292
-8166664047762500294
35772064007265300
1344124257795418372
7385092413070774402
512893976447822550
2908610654936835622
481688822472
146826037260757542
157122
13014937670600320
-2068166481218116392
-1883887014598063686
1058299927250500
6933436660799466580
-907647558043203136
11675433783910
18871905850
321651333750164520
6668650080723939000
10915218150056220
3661107100288077850
4550397739838301274
945328502866084064
-6485140405376337136
992579739153810962
796700024056186250
4304201037183807760
755511711273029330
2704448688127693150
128317154252108250
5251998817567647250
28476522693762550
1840756512174557250
5025810535631974440
72502609153142350
5384113206285660
390219791041666300
114109654399514
5269397457384863894
375935752111579632
1074611362450222942
270807247760743850
5485416704148870500
-673447355919671816
5017409454217935294
3124354586871302
186250694116830070
941219238015086200
1493269700951955156
1494291716420355930
-8558888216279791644
288658690839827770
1376229292000978662
4789609577555274840
77987981262965592
-8079607056274890852
162592767340346602
56995232007299250
919528953105386232
7645629736882900
476808638729352384
-8102325814675902294
7664240385378698240
862612010259033650
396081617248882422
-2688327967342945944
4745612219772959134
166987986990586762
2671963562318146404
-5558470067816680576
3854139416571415824
124468483076828662
144254841327567100
1369083402992593500
1403823629816712020
12633203189023032
37039254220605030
-8013303312663630116
-3450157223550571266
8954771458366789484
462549920945556600
80000327672260340
3772918458184916572
2315763560671639232
4016125905431772424
1488844248584
2340883059020646274
-3544677518700958942
284313286647544
-5421033281218820176
-4712822607048031142
403454548879012
-3993363951746428814
4160893525172067264
3217575349623250
3098765234450803940
4617083321394987870
9156942157126285830
-1249311746053702816
-1918373974031062702
5689835783028163634
3498190216251250
5748746109007730752
6081144638595301422
769787340167300
6197338682710822008
141037040426621850
232288602036672164
729895702840523100
4922438823252221362
1374525358619018452
590506393311942822
3189873267830022
61394814613968850
-8910691458208139854
19329505341942950
7819075625171866192
7001713586842319514
598936232037550
50149039124889562
1342673342579524410
-3988059117542169266
3170069549113199754
777565969294373130
1129537658173210220
-2737789280960795924
302557662150352
3979198360368782562
1316427369625809872
-5087951155048805864
2538667720840651566
1503135865494963882
41394838304534
3676518855815912750
93039894796730050
-6613485756887527936
2440439857283756300
3328186060611004670
-9048270781076088144
7528775748563019120
2324675399307960050
-167990824980002586
1506862644785850
4262793073751654
7711316389911126850
5636999551755189590
3276476996639521732
39286160751508990
1879936339776780250
1021713032233359284
9274027962578022
371617358348310074
1323019988040920
7809878701414225100
72602637888124810
142566490055079820
782168018534800044
3665656206531590556
2632555270460143210
1139073578451308500
993291486381037550
262444502125809740
3428568638807516358
76403035607764684
6491537711895729740
5743449500256475754
164017339964431690
57750154396713702
1921051508930985600
1133659233348931300
3747558720100242152
981747304606250
7386294565968949250
191203352340
6705099259777119810
-8188726866498249626
4594739249897234734
41460926458933870
2076775681664893350
697056665347812112
2206533050438400668
976227019562871322
307600086632367620
20855163446714
17402947449696782
541104065089146350
2975314167909422040
5377856797028279172
54159684457967550
3355599242779382872
2112907456912090482
8254038416793072904
-7928409867779893304
2141580583363455150
7050735366532704000
6119682399735528310
183577237267898852
4981225821373230850
3414047533326840
57708018621694480
9213571799655273010
9823082835829120
22853629591201962
7635851927667752250
6851634575974215220
1464418022342255050
2541298744706014684
1481398973270563512
1695736784577550
896072029500475100
8530986114764721370
385953892260041000
2772915068822288024
771535749722109734
9640180276188462
-4490058518473074156
177116173728340
6515578675862545800
1954100994468530250
675210638425698610
3507607180
182401092173608000
1852374514150389702
138917371881820
4061475062719785984
7545049961512051780
4876196013616781100
-2936568364090165366
1953361961777401630
181404577100132100
2359388085293186500
1989658337095930
8924252197968203800
22291111009379520
193062085548847130
11811447034919532
80593965348263822
624913884153294684
17818027214997310
261233146276005814
7884102552744265912
104126152447977170
-605993402597355516
77579593381021804
21952501769315810
94144722777858214
8589175752229604840
229666185278246040
21192321714059412
66488234100914290
1097351826795938714
2497517405333766530
-7893365202219040546
8509575629303525394
325874165694404110
189749143398988250
682799113583470
5066463901873188780
666063498397647000
11837104620330000
5206840661037540870
12693979539541350
27727592150835500
-817787025630923182
2776983159797000
506258791274260402
2349012105730132134
230052182940635314
3906504700493294884
22612752520845474
1881947536461127170
19006973218415070
742907120800125880
-8881049497809989516
750667158072156754
5297137766902947550
2439741368480867374
1216411362315079750
20398899801998250
8917788457453757844
127208554814692142
362883151278019190
39730019259477250
7256516594870431100
52091294219697810
175753619944374850
5420943327083765160
1037161172790007850
448858612448445070
413736132354272
4573011605232172102
20369948371252480
341501365940645834
6222640589153296092
249068306235532
8522822943589262
3207971418616214250
276151493743120230
-2481457091454729236
3346737849283440612
230617208342209000
5121051436567487850
22096474463000
1511043781527542392
42263853351867954
5931530018305767824
45807629569520
94953001894609300
3439985028524909020
3623731432755798678
1685625518795971494
5021910231788356928
14892689256872
4172631857315159574
339200317849330
1735930096477025642
2538385697945062
33735025975831250
1924264386146157664
-3910308945406600814
-7649857036297103616
2549268736572818990
-3896320663257748936
-346817072333640834
404816272906209164
1277513519916598580
1283152139920
4725072121511724840
-169572148851406434
-3034203876133000076
-8921850030970944006
2526070284075833170
471646216121915850
863412872403256890
7484562124460928780
-5545688862751441266
1899397340760981250
5388604262279306684
1200336658364550
3276476996639521732
12207286508445560
5440352778856599450
241366927307316300
4793222881788124
142421282176008152
753385845064840
8621081655444529100
16392876394808004
135600730537022212
4723925627486395850
15224835052293790
262280559703568070
6377711957285496830
4472046670343637840
379599116109694672
9186168109865976944
12721061524231130
915035199092
-3667761542739973526
26886475194969390
22193233921831350
21957603245372960
2189748632761200
2133840150879211906
-4882405218973510816
18271583684364024
-6351113557149252116
379253192336980780
-5808508803669952816
2013150441951634230
-9218973917245435436
-3852291759609453876
1596350088361210
664104069909770
59454592711801142
729276779265650
2715594871646639840
274146690263951540
-6127393154432901276
-6214208535238415266
6099935637956252
72427655460102800
719708081550600500
2148079984349180750
3565704459443097370
5651082900513342604
1309734800423080724
1400366233472817100
-5218095086520482756
72252989521767100
38170131213410
4841231480912150308
1333599531641300
10216788645068432
9416509696625850
-6181999818729007366
82229773796279802
-4409800616407732954
867104023124154270
5508215537677710296
5098556776158776000
-4480368245356166746
2433461714377852600
-8617111437223044516
3309272576131940082
4816888260704190022
19571744766041804
4523149995105325430
85307401620845980
3478325400098394300
749946093666266424
308709881821154940
3864047846768309750
1148074420051678574
1503621608197749964
1527567577492334182
1040843030546897550
1718143510336896000
38479500972274544
98348184914613230
1627769024110023260
-9130577485353301266
331543069697756840
2810472057266100920
802751194324764850
4760428802600339792
45275863921557570
2024208214252872432
7275584530455850
2997869463380660050
341141897856731972
3101690856622223650
2295013334298508230
1336749766069199158
1906625533147344294
7489420115597432194
9169189698282817550
-5807909264522398252
642966205611195604
8416378233794001914
-8384687283317845516
3238092420258951500
5382335635697112
997748582759536300
2304199778842831650
2183850495488257310
1771367805441297932
6529085361526269984
381028553675277600
47057363123059870
4822707236696974352
440771752295152460
6083765601781471588
1901134489492873712
4547742764899164234
-9049711019102787166
208372299652227460
16282519157958900
2653691933825398620
-5098572751491796516
8057637254746802814
344823856383930
-3738423805015971646
394616426115472
7954616842105690320
7649830568949922500
680891432410475000
-8402866205057102206
5675710015119220454
1078108515271954180
4956576127489000
6573402540330346492
2937873270183086464
8690682708722
455864155149581514
-3741110680497108116
3840374383621063864
-7375039779942523012
63946678666000
8473092645060731450
2440090594137364630
-7392401801180882036
8324825146303825810
926405006738904
815647559444263750
112934396677517450
4837861248436994050
375292038903127522
-6007564700818462882
4550676410973197582
4990077234103850
219254599388700304
103864078089733962
292908786969225350
13600116423050964
4175766269402228020
149366972346248904
1455034310817070174
1462394921187242770
-7838794140199710326
2220879388223214180
1328059691882
15290845589934250
183828212953007942
-6207186595937535264
653427027553692392
963117083611882472
828871953290262
929257981001792
33730537613192
39889447980559100
354659555505684
-8928637409308640116
8334911899734604734
36237814292922684
82491042399262224
47338130598594290
8482869225310389364
5984398671422382114
2658902806394409694
-2760361346014394116
6485540797086750
2474722348843759614
4263718242259358212
286761312492481750
1726480706454743712
10981819544750054
330879215778060482
1872766651078529250
5416496036296030400
848264676819144
3902826938025635618
4510125703651726414
4763600419409139330
67489294057430480
5514326915862114350
8552436977163013922
7844618673678408930
-8484868251947164366
152529310094025802
89200130203800
1728772002674080520
835712578754932740
4855683557768715100
3134641693277089100
904752898623574000
-6054300866106227674
-1370599445058226126
8282386048569306674
4504038900630566850
25326087710
1531011633512206300
1646019602548665520
-1414135564751455562
-3995352888184384686
42514525887127294
-3987395910605771372
256139654187661860
5089724252250
3071697474272088970
4977946132889762200
2384174652960067550
2625168907411153950
2319627809400155500
1664030056218296732
-8169231318637468564
-5621627544784842516
-7604502489525919616
4649849917203791300
897885682638459942
26320872199954462
1398409879256319644
1370172538403970
2311736450713795380
4171571043216201756
5313353010660800
5233095793459193660
1871068592865250
1362078145498559412
5741112387694271900
478916323164749822
8502893125007964424
1735698334722772
2579037279611898894
3826470305486438702
218168203629090
1439900134950
1811531579512314842
-4775885940532322084
-9219920984564077284
255152501693454
5409195714027139104
616407984609270000
6368934409306872244
549520115236064
5735645595834071798
917934212664478850
3742261491993188500
1044534682389696850
2491178334826500
18112086488599350
833183026027578984
3684124030335618142
212401027600378540
-8557890704545214996
8492209305541431932
863031026890760
7165206344377516232
1471097204456315254
7227297548520222250
2331595938070854
102237303964299812
5599382672785585228
13560976009476350
829891432353914378
7906852078558038424
24378158643991300
248403410991037614
-8718013377593341922
3047694766209089560
768716499419198750
8925175876226061452
4388471014518308172
1500951479574929250
7799437502447736600
6591413194513562844
45267085559795022
1007786899661092292
1248635092239161600
960511023597321352
85250942097758010
1710505343544009380
-5697230487585025016
77803348884991030
949365181529633880
556328771822120752
-2186541290687583846
73995350
-8673099658926030064
151180327820943850
-752287508882361552
189569205185668490
-5540208294351200706
-4864695383714500194
5480609410024014000
39977338032910014
463353107697636464
4878544425485836560
-6297072271029993586
52777336162613090
3905585217326538444
140625796542792600
5941418442440000
898710979926882732
-4351332491898642994
235351907771110
56041408566746240
1321270695196531114
89300551507036864
-2853214089497842086
523876951587915664
30545714684911300
121846685164541414
2311065776712049910
8377993011060624690
25991198565332
248120291372661162
12919186982100
703355355935395970
437587047725648002
4875022125677403854
7310049754331102240
318151141348119534
-6941009928927092306
2200286050994809974
4042062113635362350
409832641521892094
6721728199699370
2708380386360104
193975472589418520
6874389849571238610
613488734522572370
588340347253597824
481392726433473750
-2904387107582041566
1523670831676877994
-6982302995901082866
36883673889790
10031236966787372
397378240966270894
3290002805401707070
1321491163426060550
2122607229703845444
6211723626979720304
55753505405961350
3133377622219094250
316374064256045510
21624
82298468432518072
2786458066854
407227466580994150
16611133930738620
2814356998407022950
593280526500
6183967927121857602
6167149195597620650
438936019353377000
4366275336583787550
22234405956970130
45530992274459692
-2673466823382813866
1516292292915945000
6587366768740500050
43103764162568004
44908270428783034
38432487500
8056781767614664280
6107163656525091472
323027848000
-3435838178607771662
212602636709100
2903434675836237004
567766273278513430
757688497843465650
8514032819910035124
9851020720522060
2414695470851550502
263890511647484722
5439527294456136558
3371371540974259900
1156529883570131004
1321270695196531114
1874075966233656884
1146983581671573100
26121677585614
130497805567176320
2149032355591968214
4794534352497384000
8905793684114504100
2053202313677274942
1468828497997211992
395858382548900152
2993592442752120300
-5243513725793236864
-1427629831892671076
4503209359640843714
295051348963433440
9427329254026840
7015197927075945594
10723190407429500
-2374030513656876636
28938121935579430
-5314614460550261274
4705841513300512
221008014239683812
2443614214132
3824207085993800
878086232711951250
8502893125007964424
8388148050203090
580687079283671360
2526428737035415394
30052061097482130
3416099528745803200
-6137388610241247492
116977828646713920
3989374421447450734
2258047654408505050
6122118833030978800
7872746216662003600
-1911774261122475766
126562035112366700
4651440063061520
2907216441877850050
4413474096767382430
1505088235393022258
6339390101757282284
-2698229560903917056
2940213649887869600
34173661930329922
30670072557880210
-7055130224124342376
1686287201436572284
103520856629498924
73054048646105500
365131474796892568
5554669380726940600
205672446297235594
214023491001840
14054521709097102
3672041295759125924
7381486834815538060
5947864647786405960
-4266556308759607424
3047485575420475866
6147910733985703108
3138858025871070750
8651722677717988050
7482538659158558710
255694642223020
-1147113835017779266
313790887811104
1505930493938326250
-6555744293299554066
1663636960198294510
128566624219385170
195654043119567032
14580173620508510
-1294587400940020266
-4666821510856995506
284629245709928260
15525540959913600
615226610578688444
2353367526740847484
660411620180480
1230144182858704152
8166406994507147400
11675433783910
1053899806560723584
415404339252851872
3270382256420282410
3046663339256827290
3565008244316522250
5472924312572884204
845843343843710212
43081738343252
368900276345704922
36805707435888262
3647420711631669026
-8673099658926030064
59875706020383264
4516495773711123930
1580693028807074
-1008615765887928654
5836265327968864234
54310465330595810
2300354826269249750
80648095747883244
1252760564192517912
277756392788633500
-1125100911004880826
338474769894861600
-1905906190601302906
1041303951057441500
2768202894800
1616712240816940722
7325569883541725550
571676849071510
8667525594038473890
3298313489469451882
6042099757905730310
3483339927216841300
6073528188598474850
5795198084589235376
1444045537533393600
6549934038428837980
-6618620811611644516
-7600761051674448674
14032818594984
-3972135852995054046
-7924752573744163536
184104583338482730
23550155769409880
2301147605197390934
1479718265515991050
213075466271122
369925036858104
3510558007261418960
1406193229738990
5986794598604907620
309822677340355810
761685921940997884
58321982803942
130808801807317480
5938180208603833454
1525360802032112134
24169143305976592
-4565469694818207252
6970965239304217074
4701216661872010314
209159222032772
5629994816649000
1384239957827500
45319774883159240
2120441471953032250
534699733842771924
4180849098926712196
3426900141292243064
1811671245925940490
170449169600827040
60771480354
2774277954800
13667922081041250
402325428377373424
2877872721932742
17347301437641070
3781745477658460
46071159568918680
913647834543600
2399577062452444324
22111061416521630
663298125328517140
2498167141615002
3889252842888180222
4873561347700500
3993076191013841932
-7296111690032316552
2241216319559928888
26089011880050
750955729377491600
-5501184988304155746
176799926464078500
-7773980507201779872
3320204996362233698
-6855280073011088234
853600933253941600
18085605490090600
8811185379046978200
6541149571884218480
5059218676130348800
9032344057624384420
10234045313199400
4314769854624218428
34852733695850
6073908267874099758
-2540667865804952016
1017357226772004074
11205000452196950
7342659914339750
-7441123018681869896
407501109017176350
-3815524741298865156
5477155258478750
172187845440188292
-2060154785170059944
88994111637444000
5373120382632826012
5348856020959573850
13426413403626652
21378800
2252286666854436100
-3449475596658866972
545677984950190
1036885427798796772
4287120674754918000
104832934988757364
-5015932604622391754
2154753235089942292
3280399539723934600
1033580774791109974
330684154492921812
4049367917063535934
5615760759535429930
206667278708731372
1541626226534876244
788557540724030
2613034117201600
-4855200841472061334
151723191067236100
9030480161399378850
568702887302704350
401242124344473932
35338882362
311907941828472550
1699476966512220
6408638426675496270
1672564255616020992
62875423142
1692516544614758240
381288884519661374
5516880064396162
-1269696868568369386
135066786630050
3423071999703017970
-296532525448628322
953760017658787430
103978674673845230
2150620344691029094
2539718336989556100
6776942810153106850
3552777883890632854
739976994151011422
248970377034361710
43579547560144792
3779018216485512
55797260509060
7728300141178121610
-790068292837895164
3423071999703017970
4829405575014166300
1796356286433610850
18756400322479950
761108249881025050
7167017665741934
1304595661591590830
730531582513193280
43724758020529300
371837356403940
-546911148077978882
2939485227559062
-1344287303300875936
144611082005110072
1896649290307501444
2222525437731690
805561488581700032
3932533945516674304
3656847809739185182
6029700265079873120
449594794732499130
2239815056225249190
2235370825337650
4332333998053222980
1872193963284547084
174518680001661020
1313681419238509022
114440391612368850
-1672865358114078196
50139561245584384
2315595659453445824
200058615710461090
-743025837053605226
2858340675313973850
247241022307869240
16153042004190
-2573412457380666456
193374882621713100
407501109017176350
495026679090711684
-8870342017706397816
384510612305001000
692156840462807500
7158941012996164704
1550430949834302872
555695265749210734
5352184224928800
29510503178800
4263549600395433138
61505206305468800
1064639584537168654
543987710498451844
201668782296370680
79610863570520170
1748000268581928914
16458537418451132
1750040748837561334
19006973218415070
-6660210081583546504
221585187077677042
7108966162067789600
688296169133539890
2801551957144991492
763662383796185850
-615308792316192766
-5787512238437270266
97175369528263180
-8090971108067623216
132588177469501600
1533598494839227124
3741539578055335302
1052412041227003800
432412977237745660
4835837273064
93992797864512184
237000562696504556
1571289312485133430
35020287480266300
193297386822852
7756530144620622092
237174884673944540
3831201235801574724
33690967134344
1037253100007650394
3070867442335836000
39357243081601480
2627752364060033210
7768592905686621134
2202387424176245320
-5812105590639261006
-7447606991478947034
5430164283703663882
86257274073347850
2828376143830525050
323565682346450720
-4267209889089329022
-8268980390588754594
2191573362140185062
96476734367428450
1082278394456798410
1456931156954356342
2419897389682196372
31470968287654350
-8457255196829512516
134507350173000
2087317636246071320
101529860926973324
5705038524679315250
3422171726810941000
192151928013094140
258044950408002500
-6647687893814028726
1157658097920500
3949546189452024330
284908181449227952
3927660643948901144
356692177970409600
4340128300129599450
2580994468297891690
284977947406206950
949881431168145350
204482738531508052
5756046699868082
7997066746739312970
969480647753487500
2129519252259628136
9728538334980830
-1913241034762662346
-6787706452942963654
1517270266649422740
61770753729537580
14367432368258242
286079913605500
51151718329418382
9136713539185067004
42522900795770542
1870762818433836154
8537685169514306430
-6665898688970814694
41321394289523062
7622529720109810
3900988226985338174
200862488925717710
1063557788352250
4343942726440100
-7072313257124824296
1399215188458965760
7765679917458101520
40025339233930022
415774707208856100
-8444684849217289766
1146471951594970
114159072821469130
7965637519788182850
-6669310864862157552
1154436557208126350
7228874696603974220
2245408511350
-7864531805413984626
131588724310201340
123198843504434880
1420159225368078430
2450584808696146620
4492379421825712648
174857032959269980
198448479401232004
6959997096269074
1969512539572550
225247414408371940
-2637331713256724916
532020251135641580
178808149901676100
7717934374194
7768592905686621134
6064881818733125850
38562548205350
4793085495230810050
-2036102060909822766
411898171915083854
35993286334146220
927702930510323660
640515761258290134
2032569454220634102
1866045861266972630
-8115217553283930644
651136057518429544
-386029116966352784
-7969618979848346326
1345352873476449110
417490881545517802
773514281563892
1425402597810476560
2437124356483306188
3084168156300740160
264470261510
1283327220952645400
33309311970
149732637150426330
5061031856300
542177020995928500
2446558033845670850
2239160093663901100
-5792313758136147214
394565481542816830
1231398361001661790
1052191865748923884
181429440098093334
7351092350964864462
1329235594450610
32307891056622440
9003486069842491474
726159494204085942
92698442837462
231093825934696144
2276104762426132
-4250209456127586324
1251595936063958654
1039645353327368942
2052128616877165750
-6244602030925552576
15070359297575730
1773249797684856776
177532669458314170
5420307832217557734
2982818407510155214
184356099453997020
358760782736250350
267398615293453840
738052137706672250
2867790188322838114
1827888496145223848
1978083943654
1270113673722786750
825518154986118022
1401172387428490600
10730485220
5724212561332942950
25164150
574658784331450
-6513878991508131336
18204999045504154
216944539210
6756678745397071054
152063558864750
-5749050873538861786
1041303951057441500
-8216894966599393046
437250291211060250
4725358777622914600
969830245047715170
198086045106639690
503259316112049574
2040345724570376300
-8802482244951042776
6259613099336870
22172669359823644
1011555994493428788
2156440513617434
169313128454900584
62729365242855350
2734755555973101390
4010791347411226812
-4062194045172076186
1435346345230424550
1226503715066280
75884439174419064
270337477485676764
-3482167487223485076
828435110946534
8729591030083531300
5613477090078199034
132293631734160050
1397030157999177130
1706094903685454100
1764921944668253800
-3068961738461708776
128048900491741504
5638308519061374312
4219307068980919280
3882074209022917350
419165766829449640
6540908190428682
5877384726966776658
60082044050
572696431113707420
722017209940744900
800834422908102
7612460137610726090
181802691846244604
4305723447634
4891475857051170842
-8607177017942949266
7920778781038212600
8229239664733076880
7455060243838819964
-2374030513656876636
8735043249879977342
417490881545517802
-9168199433269861962
-449417376019416632
-536011589564141616
973419071209635050
75458588344657960
16221519246262
91200208204
4399706298826522486
11042630324297264
4985111782112
4349999551181790
1575184264502059250
175389724193411750
1037345033336030342
1797994256627046618
307834620552586384
6706962908978973680
1073950697214625750
-7997197649921912266
-8412450699094094086
351764028146415500
1256896250585611804
251247952231994634
9381410444030482
5141482354204120474
14415745995431300
374221021038309172
1272952700754
329282258016374754
2901644601305324032
1205055451225500100
297460494159752
-145050095938212866
442225077657222930
2207566447646540184
6896059814514016300
3780187678876570742
70376882897314840
608173986960822282
62438384221283070
9006740762024014900
2479088291290542750
1990749615720126168
187547333726100870
294407350361307274
824356834764825362
2628121584893021750
5221037024135803000
6220538214
-5840852255595264742
4562773810723004498
183800167879244
5992616274065047550
-3713552748695772192
9577045691103310
54059338444944210
-7810902617562251432
2239051141500672
74226126612
789727950642
-8478346702706420556
4436999394555574
4382886855534029554
1076595187155387020
2197378940311717800
4182785740360502
1033030768219516850
277209260976827300
20240048116361782
300531781443065484
2690141500768076600
6205743007825573940
2066427860632886030
-6626035162137761414
1099271021525995824
428373168711357870
5835570816875790342
-8453736694531257404
3543707105902603640
33664675688714350
-1785266178425965944
3412055888440199350
-8642410157330524976
-4907043621101713016
2789989872980622
2122799978222896350
4062242795129005060
68143034560546400
1246556337010622
557712846915887964
283585060460941890
194420285262348800
114457991282978434
83361810754642770
2170704504853170442
552421213669772370
122938657598902600
1506538537144678800
2685635257941016500
4941087020180242750
2168306186852792882
-2334505257235113216
-4500389250873846164
1620177470921810220
3050551884660890
2704023832410386484
715245563807194004
6506464407648643200
7493470247721097924
-1042936899385472184
-3903649117147191974
1640307999362690350
482013324946812712
-2893181897177933782
-9182931302043776566
-8879103351447614994
30337125140079860
5930510222326058110
8404892998135556300
5657314174624085050
514956995905149490
334798594801178132
399082080800220580
2698731463696063234
490240629412622550
222192434475428120
2276722878249427190
1584258542562866702
2367401078141130152
42089043306971600
5961161356902345820
1682584286405901190
3449483657071147614
5661602641873864684
-2661428676860108366
-8204610575570631546
289011087835507510
76989628862810794
21760593232
-1834631485261051766
5843970865635378942
115163644288463654
2173745229776287154
44829792514559572
1483682223365882694
20587837053393610
3366923027141088870
413971500094493264
167362135031133970
1225762102597894600
1896793850154798742
18758554736832
5932549945801033830
464358561557041074
4172498720369062804
19731358397430100
69646464834015650
-5922630257909461196
2961008326978640934
6946822285027139970
90268802241511712
77287361066832
7715244886243070
-5721352683060128116
5489585583243477870
1374752458267888700
-8013822540006223866
1329235594450610
-8391759793764625266
-4953701127575323832
121092152320445350
3596205433498320440
1864332817681516144
931428626237480690
1535502876706464356
-3630646524661565806
8036814355980410
5692502369835364822
2254233800808453008
394253877063393334
1143131971971152
684690086247140
-557027711612822466
587019589344293980
1253817489619636816
1815025663339115942
502778503650445192
-3035595320837544624
629262885172021100
-8959619241068858132
7529588833373563600
4853635877597830570
345503349255064
1602269887941409610
3063818960843407824
3309272576131940082
6000977859390864
1180960292593064130
257559548816949390
5416496036296030400
4627233671097733500
558521415743959850
4811851607244277734
287065268490
-1642449569978335316
7938832284914650
1866474306556609464
4649847195060722
3706727340554660736
13249974113552
6901770941934190350
735846751030210330
3983736207184993350
9052399169809180614
34430308584585760
4878512616082330
336020642075171200
1835914002579644
-6910246948061174786
-5249707833114405754
564206041715706740
7371869490705720
-7865581326547201924
3515550458051833046
-7467581206212864766
3345852676245196390
8910621754844810
1201972231970796000
7650653439215045004
3101063763263766300
149861855472933800
-6478235427560608266
708077627190080
5005126878777198250
-8411946423123716566
81082121169737660
-8901951825480177766
1378731259349161690
1440984571571163502
3267772829484244272
2661883891237358502
488984178899971714
-8879589915875471662
2290347164442304500
49552829330004
2544807161355932534
218224705203856750
401106865326047710
4953251576857102974
107931708844628592
492708190627187682
-4841266509509824956
247805997939461472
81303710670
33414947776100
9079035308717913070
617840344383043600
4483059156774760300
4254702103074238970
6046323537279338544
-5176478339473647766
2504276682833101092
11137385698043872
-7801944640859995446
294371603599641750
1225449545505057222
8872180726733241792
-4696863077423807942
-3930274706676587634
4402590100071075770
51760497689092350
1272224308451748944
42138933592689934
7746973120535790540
-7560077368233773476
734051622141600
3776551756779460932
-4003969240795126822
3941033182798061350
5751735288641909644
190392825745176250
1946425296458079052
11773038892603850
4453097831531515210
117533421202983340
-8743608756082888996
90520928747984
10000087744635874
-8514926253288509616
-4623911225985126516
447878442876782940
41149517601428874
90829839335416500
355126031219743602
-7713644557815015316
111426063799350762
207243609397274450
130906102028926350
216629864633890890
6674590792127388144
8418588281722430904
2874540136765070
5965598543507634374
5002433724882860644
199070497974870264
25731707568840
246896235344667350
-1684723726366774956
378303120991815552
3936843257485604
676010469964896500
3940532846649936240
140526603103530
551448771102922
-8921850030970944006
184507132769777090
1782794023450105250
871166199627542
73028419726990
-9114828158168807506
38301083090634340
4682505891101288600
66207609136830590
5267531252699332500
7535282271220984280
68238518243174444
132456973922
3075177798159864934
565721463791218240
8003448855837890030
415496908034871520
3761067950232768420
20101218693273060
-6788835095055217766
1970264086105210140
-7979511942145442756
-8875696880775257626
851537618608298440
546371118630253800
414340909620902420
6318463413924
5070996117904891790
403003606391673144
7525524067812036300
2552879651518192920
7458692740382893100
7935992520758060850
1427270402375326600
-7183804573526777212
2110087383768521850
1223471405114070840
4883537617108802600
2056425932153879020
151245394372762760
93962434960534140
4094673257594716314
123683141341631300
2430134976067644064
6128735676435801310
34882915380263104
469547354712892
2911998688664620830
8702355544871090
61550621078100
1540141817184284930
5029113845222660050
126963212925514
-4403313156874006314
851826860403660
1114133269216723800
434706866313061412
2152686046018315080
2880425961740358850
5486164723535050
923819847229267430
4985999169991849354
319061467071847850
2767609776428569056
2564641622242957180
524979352038425774
4472697970369577634
1457524301531235212
167924535517367022
167362135031133970
5217330829876464810
4190416881114348040
3617273407196435450
2403108135684449600
1231293809543582890
-8587285590559526566
-954361446469674826
2799422039381881564
137166428656341000
6240278906539937042
666855190754804062
3911097236556668250
-6904086956852022016
6180110599841908184
-3290021986231330056
366450815551806330
984510507622811414
7133530346805646784
764685835200632930
3414301911818457500
-8473327947901153716
26367661817525050
219914493031310000
149749766799614
556905156326688092
2004999918453486000
-8288842748228159056
2115102800655638794
7508875732734717770
111512338040831182
416516186047651404
6254768396992575934
3984492892158746440
6951799021312796924
10501394874094250
138075860893606350
602587922677444704
1983535660165422552
130556075076640644
3858135107236949154
92378685571776520
1534461509982327850
9201752357153554660
178734378246504822
48353688812
7649830568949922500
1023988794783201158
62299865575402
1968628415828038902
130711555836958160
799248615284
246145224689432250
-6336604083607275116
3953435970243142458
2247850014016610740
557655125613212550
4597394344725902790
1601505752553123690
-7348414559860246616
6961613942164
50127503230
1621333784551012560
1985629410417436784
142048399824050720
5928471024868083692
8032429007507624812
52678917679068200
183204773667096984
1897372172181620484
-3662367333153547034
409649415534766372
12765162142974844
17765740364261604
207821144651396430
835321754484594820
8461993155281686350
5734284010
5759785859353680
10863961286567662
-9062665713802039264
159116997422268130
7081358810748871572
168347265146837550
4122979626718774250
285641363217585830
5548199759186598850
89081585280451544
24521948212282864
165358460093782382
373664998548870210
2037598615333927100
983096843429974350
860292660428312930
325488563370990670
8470258147921024
5745426164952881862
128297979304103910
6436423716722838944
146063778267262464
111374323289693690
198404926117507564
113878273005595970
5168716397186442100
-9144401338839327562
622152404409319182
1109388128138545964
12276413685886350
7661830959732600
4210806890402624
434611105795417100
-3627268969173296736
824434217969843910
3086042028491859600
1516067292254434404
180288384473993250
-8073921524332494524
4272855937567589818
828465657830720000
1164408956483850
8861610081807026740
8488650270757824440
24867397653520240
177924395755453330
5191203708838070
-803931741959849596
5137787252467402
2880117665113170204
-3739767288776151544
73735107576878020
21815097612967334
1972793944749127500
83044795540630
184607873189771460
1318407117807453800
29481600403489350
20134663648485050
304821047705090
70448946264064
3170069549113199754
3513770588562704470
2029477450
3497272203691417594
4255176341675021916
12194152598285350
48298460122969210
4020432795484047250
132038755967515642
-7724248269143756366
8159495843727147040
215835730469880444
139642480730550512
1773841102776592850
318189032647919262
-2957529198890261336
2273243530167493312
7446551675600
347979976486579402
723735613505940
50643743359558960
5412686251193407762
271311252180340750
4456937644665169470
2389062017623184
4768505125917694350
77028854804470340
-617637069640345316
-7085049391904499016
48594015681305514
1015636642306234480
8074761308733098434
130964508210883372
156585929556131894
18098842356982622
998552450340604720
6825535902328040990
3627371831405952182
2919782420148362290
541104065089146350
6232513433618439850
58236376085398680
82351327321287624
-5092325520983858866
1022986161685243000
1968676465202330
43179965328050100
2595230082579248184
70744238884996460
9074825699753065630
277277608210386854
2971692374418104776
34102626531575932
7366277835457140250
2710199518111843196
1742025152629321772
2179836262266372710
3288255190843769314
1561521062684525924
-2607526798402787392
180263638847740910
968083203643389540
1666774827749850
5373120382632826012
9016975539485906300
-578025333287318502
-6857527456183480356
250740479555000050
1505687328198737110
1117840826869254004
-5868355085317054066
1082373304794053560
174736136190510860
1437341321250274724
311124738071771100
208261981054659350
6249819174919033190
298142826008122550
1665734277353713350
3768898904618718134
-6324987109249859066
172546748617603052
20288086659292522
-2652218387044263196
743265047699832350
2194474711328499600
5674723387918723600
5876986537108121600
30979326039499184
4353030337639984
99594997652190502
1976667851756012454
2394660255582283144
2576989905237882134
2506592213882393800
-2186541290687583846
50300868015020770
20827574212550
1359598882838363750
672416816209580264
6316269715973873068
4915348651325413310
540370855485224932
942159758914481090
166824494638189850
8427875236312196302
13440530525503554
6535370418850
-6376039348090319374
774759597461850
-3626593388784820316
6712556187602883640
4540652310687091844
566347432
151679708288898090
1027086423219987550
318757808397162422
4605088136744118308
606778248752
1154934710282964100
57792313241744404
4029972263218950384
6006331081838678850
3205061392174961314
-7952419801205777942
5702033206159360
138704984125859074
8529646777031534154
134329865100
1377053473107565694
-8484868251947164366
576829363969079650
-5531070133528945846
78186166116826352
6563127324260355970
645071207477004
15343561667283134
-3909643065531333566
3400172727478200
1756852311522
-3691343856029113516
2921381009790971974
3172742000143758350
3535520270676683574
820571726075300710
8234455804580107894
27879843603558100
18742804349837414
4439130919165164860
294657668859688050
5690809781697372134
126581015147107950
1626107245578926374
2318451222146694440
-2777274424692714312
165080314664266600
3179934745789928884
489250546853250
-5150962993231395902
245014678476530
5033620982210601600
178493386837480
49207881070725412
1072467474960
12689447346230
8692855277249653510
3237444755000994862
25369648968614652
8777840713913531304
-3028637155060891584
134048474670810590
-1718781513332808534
940877405063425830
3148148928773595180
9036072715655290384
-7108279079634541656
3144077481187875384
796850885044474022
7226688774782360
386170646183630
58720786300
77605892476701470
84758115897000420
5102806827597697960
250075588768351500
4694760458336577370
2579012413824
1258914777520775050
908242847169234192
27897320275500
7513745554003336824
4481681484888367830
5671106855326720962
-729898912061199116
68107254026510050
17683188303544542
26648512460262
398767804658790812
6329179704575909984
774759597461850
620337348931760460
66873824136730
2408118418572360690
91482723902600030
2603836335769790940
-2330908440844841146
146000390937454130
36993965120820862
31745871073742254
2544400079314523444
1102539428669178500
718660310720071500
15758949117777530
30519582343320774
4637400747759368754
8252296327252731702
174012071564890990
44266057310745712
37769550711426710
338316034666908194
20139444903941064
450823777127152730
6730851946929770192
2684322004180483282
1826179362577007864
19879072841600
173554662691046560
203315729098251770
-6885592181304891056
1224616352151520330
5510143951629842382
11387851129371640
874036602145041500
6578177275410175050
5288086789472402524
272933849725502
26632016845325500
2416161478571620456
-6891199004044812746
209470519081670
1104160485632204
101898123900947374
389734260103127940
327536161155188244
-4646979936096591186
697602691668481300
4225366578007235782
-5341126050152202156
2116985885092339580
1419344891671392662
123574305729210
343784598640821030
6289155252615505050
-2040477251722416446
698354001571817644
7998470177297250
608235587195812030
1150755231221949080
2517657614583183142
42272191199195622
2256838034069248614
5816702995827231804
3070659960638496800
304801997139382470
250740479555000050
4882120286054
104372297293794730
3544169156554626600
6773186771302006300
1810554140715993750
369154367838068890
25523510465202750
-9065542714894307742
1197563273409684192
8102646091344158354
7395515948089701250
6110291540004736084
1146471951594970
203640902324254824
256752068356472040
3695077132320663070
4409386084337350
4574410279326061122
3177243902805419046
2975719440090982984
54947185656901454
-3669109864465404074
10607422865395304
-5313997433766873126
4912396674739307870
4986894554640226970
92558664692673074
2684623336052874874
4588043779535260
-5474916549638553852
1507146764462729000
1715996886354520840
70781053417568274
-7379382201217891536
86999938440683312
18085605490090600
79329726826404390
21673286758606340
3533783939776671750
816108256160331600
-6851908385410292766
-1128897740653048046
15345368189037810
145241351104460492
-7892841485157182766
-6474206143528333954
4581739989125390
1681580368639600
25148633982912440
-1952074991228635366
3835918319970
3566865044589181790
2854605366184784
5100129656331000
169643885353314750
-2168427438617098246
3154829975118776446
8150247956912334
-4472612394425713116
249191125727077814
9789635863053774
4152301168450568560
4456937644665169470
3674856794683554480
4545940742077045250
36888452074783400
7324773378842298614
388324382499713972
288799610943668840
132097540735760600
-3928944296169841536
2314924145879850562
2591939727156429780
469816317963735600
16936869348741456
7496413872980340
276424175623112154
2363136311349467052
1331864730
-4717288784610311926
6424504695428734800
3509640531641736850
772173493234384164
478041559053952100
3309711506869265680
-4826053203394755256
2670094800481426824
463403341575956852
2546563065224827530
8094058478414057044
984156948736959232
1096216567815010054
3129377252610320100
5195965368642776294
4105360399397180
472308324544198300
1693445793656774500
-5879701806796404512
6576707849200731424
-2294186506054302596
257871848353574
4918129630095950686
-9177230725785992424
152835164203505784
2457073091423021500
-2412049643094928866
-5031613521726374354
1198075318813617062
65382626401813910
8706447565592860430
-4877347034366976724
5090651906859431204
471951214414
1503378722132875480
6642706082633247550
164086507490067512
919773616323562
1506173689129841732
6800641789632550930
-7035706635050417186
5178841857032013060
-6606636416590204122
6619052169437841694
974559068648858940
3891482717741844834
102382925760688664
432460673790992000
1527050879643732616
697397894219797782
4390098404187495890
1164931670434934350
4138010154808520340
138928737339341972
134395671756360
7773619745279920
4213780167853418800
-3159057060326012246
47638390737744382
152376555300604250
-4241049047471222002
6906723454463008750
4447411859818127184
-8195902440418501566
398094980856330102
7408375182142
444432816687192174
9021165006988053920
734284638977096102
4398513795777920910
5593555731739497884
4906725312301220484
3203257293782608370
963986947591393412
5985767684593396000
6410238767296170
5148510027737886810
139193521848966750
18289370393630050
1290893005855063730
1106104500237894612
3164245414276850050
6852013366965108070
4897067824428406704
1313461928944823750
-1946217650202215626
21321784441926560
1017266435297578312
5469955679714884
-945944535089134086
3767352492877511120
6286669128072196210
4269825515473484850
101624168267688500
32376104507446280
101833613982014712
-6723804938778331616
125615751574144000
-4248246884479270766
7776087209961690620
14711969544572300
1181771110324904022
58608379131203070
2042025880414094190
6331175296186104210
-5037882042318094544
40615699031180
1346755832218524
3984856574615350
247272384473868600
8257523423322324340
800834422908102
4950282543069742494
198165729296716762
-3023765037256334616
3624551542277083600
1308238512533878826
-7974826675846454816
5590678683358196624
6008390331595106624
22239556486300230
485593419130432494
1825622882158530
9705864968800
43519860265574000
-3489651844909335814
3836267919473947762
14245335475821800
637199274099822350
-3309937102938247266
-7074529005870791866
1345464607561474010
4157659309823189596
507010750377587484
4514833366184461210
48090180438650
-8662218095012284836
4845024458801735934
6005973609242121436
191400238554142970
223846969501415100
424549872101568150
1811531579512314842
396886044012681300
-5153453913709222984
1177999207304990
1730390760831631074
253892840412090880
5121660431542416454
293086886715067020
1824835990810174672
1259021083084291514
-8781416801132900694
249778386795014
22373784618453800
1634999214387361680
422811969239610834
33321548439950694
329593404618159390
2166708412641438092
4529533854319040424
42833643241181780
138319138035475852
8515816186331075050
1140751020182716432
3788681706706094132
-5415513045988998436
2484393878927806300
1069146469413458150
1010668851416493460
1676524850
-5213131075877132952
18010733672046592
3776551756779460932
571402108230506644
2958531846540069954
1281432553309844634
2745738032798734
104142548545868270
8121172767936200
272152822495617750
496347641885870384
1767114301826023584
27183276537470
875187807073860068
2966408648575981750
2151255786684348600
65278604448424070
84225470055009474
1769308700832426072
3580581356073781882
44102282052853530
3307517289747433590
544951481967438700
5595232798958579350
2324001911812637224
124806200492994850
6360141196164602730
33861934280460440
725385855637483964
3964489353259127404
6508055276986354
7405548979793723850
3724244956135226250
132286964860050
42581559806514610
-6318594211900463872
1185221744523027134
4510197369200504134
-4271784318810404516
13880093368550150
462800804544791350
3581279850871443800
7799020072370006040
5666468656818115134
2531652866537269074
-8875210167862491766
776462083924529008
-2226338549491186366
80081084528364010
1722442799633274992
2235370825337650
7104294472003371934
580009258140
510242924424069914
13568086156349712
2475732483974030064
3107548315321162504
-7487528204004815836
2036683529003596200
5833064258735140
319403342354579630
137994839871378644
237569109590904
2419029820103691102
140256446587052532
2198509140826111100
1537299695895415914
8828580426274274512
1520291212717417124
-6404974362266471574
-7542913199444472116
1905192470298048750
259407725245386250
461797882136426500
7053831946536793644
1236214930067544350
2847983541644850
6933054498861130332
33809783131740
104865895921814300
345956902073150
172089673909764
-7405409910610357816
11453470480198670
83306319837737000
822486887604658436
1995071806150468850
2458653268549324000
85675072389657430
1052040346146188074
2711434647219809434
6547737092816484812
139295462758661300
42422483516691300
1898673880258093800
5610215913435850354
6041578204025182
3845101847890138000
3275172506585925798
2082034259186151716
4486028723792
114863344274930990
12891307012292830
2007714004470496140
2769538497868050274
2378642461455053624
257915442956840130
4163788754230
13628635349926520
20281515752500
5067672195642629650
195469920843374100
2885660022511310
601365392383271894
111598662372506652
1889575973957952792
797907511946985874
8352915364359891122
1310939766949234422
-7291744788744624796
18037474
-8467805129053387826
829009478604342952
82780536776400862
-1203946516421008766
1273219826671508920
579201060051318510
25047115569560000
7096513439067657424
1004641826951364602
26089011880050
1511409513938653100
236196785040387688
-1320203888953163312
802599496298219620
1729176585691650942
344226537045310920
-8700263860335305984
1737012491227979750
1746912742321857110
4147360094658675930
241356940503550
611707259972692
1233700178080211394
843400457608284444
135965512475870
-5059178581193062636
1874485502791451572
2263654618053206820
-8027315649937093214
1610693436921985350
3613990102758992350
-66572477002586714
1869189506942493750
1303067781915581850
815647559444263750
3180279821030130
9784069682708360
1294905551712218600
14072785401236122
3774272597550
5967988823606995850
-2652927013933651744
70169350635228124
6725620775594181630
19153911478465934
-9062665713802039264
842063058973400460
1279879675105198024
36230386101215100
241428533571619902
217113085436188704
5163199681184574562
6211019800456564900
51170961712226230
596676010118276620
555954735050
3155977684991298444
2666998105498094044
-2872857011834728116
998373771137661072
22136715769356500
-587351674035977776
653362025569696744
4490504451962267514
685057623437935850
3107129650506175000
725385855637483964
4978840432721366222
-3508690269099626536
2200467964885355604
8644956618553021690
4536231564291350
15739067355894960
211144536901479610
46607146419366170
-2688327967342945944
202018928905190194
5146374799314672
-6257443752903192032
495977506146200520
78384728454868312
2846953692775552250
838765716722352202
496030370002016850
1984432778844252620
6177656876764443420
399486423042272020
-8593256182487436476
417641937610132
2042484284770480012
-1721000869097977756
1497800459672652900
941475673848272654
-3222577187584169604
124075346191288074
1672106891492
36505990792319202
6322227545165259516
-4655943298725265766
3786293736675185174
55231962355536120
1795384995545408124
4292714733170364
410933288532000850
5996042771774856350
1474445350408627520
79812132543117480
5988506415578149540
1065858789504231360
246207743385465754
1083892719319581600
50349981064124
5043547346954449130
163051288804889732
152944509208424224
-1014721007496290946
2823112841190772680
2312742735402151850
583369117529697290
16669148958064330
129550274312550
3739133952585221162
3372261772453117922
-7129265705707899616
-186169855612520752
7169908041019838370
5921677497858661462
1520207026470023192
71842526992380872
216771904580668910
531136171413610
47383533067274560
6747687096457279322
18728302602
1552420308812996480
762348027669284562
212484992559201362
1518371052492021882
2734755555973101390
1134740554900585094
73028419726990
293884340
2226090981575532500
4752938549618680344
4390098404187495890
13320889155583332
5486164723535050
76299104326245320
56843930402842
2027853576622832924
-4517809355703351566
-4098495036607008256
211659338816380
3925820400793971818
5353479424500
662903776120010672
568048038939420
134643910280402460
571460893447630342
-4391630063209835616
-1426130864975717266
46044482151742250
-4428601538732549026
212849128416892500
349197285598356272
497724245821160162
3659272499804483434
-5834867416464851662
-5111684800855889426
-3223955857796661016
5647981717992786128
2217037252661620
2434813893509690
-7766584564759466566
-8423036104781777066
1367159924175629742
-1515147227136476642
8659395678522362250
616656911568986170
301622403361730374
4265410639065591454
-2534255394375047436
1277513519916598580
5743766732267841992
92678796790074950
785744901199140820
-8891261895682359594
-7378839468425663436
-239048883861364446
8241849580317006850
8357310874006884062
4409054448798714076
87632083634935994
188876356328874944
1186339742332388952
59756704714031600
3141389985034176986
427379474293079840
1453968149159637742
-3495093250542656506
5459169622756850
113674880050
4981880521092006294
3568025913027454060
1296860979830364650
28613173731428132
-2205363656095724244
2839120448023077750
2544219892706327600
7757777364565913850
4011805419220517074
-6507560950544762696
-1064266686766535506
13625068033452920
1236259368437724498
4221150576988867054
1862620953806624130
700680069372928750
366998768788027292
6647148239568617792
84800274208568842
336020642075171200
5503713269517000252
275029057842240
153168875677400
3186372114456432750
-1056651157567770066
643624285533502
6684252912564245942
6610198259006984642
59594716179553800
4577488491681278110
5151882294477867716
9210042573729970
1301432257639765750
604425211904159044
2258574326079059098
-7089476843713194964
6380584106415523354
8464212180323493020
-1559896790107184272
7925425100890614850
3070452489455136800
1342673342579524410
103996764425750
-3310623480872004676
50243891839033202
-7014033959354691976
4988398157006390
9306145392178660
869598204406317100
45751794587112042
3170403735374402450
5736620980611878586
124937720464153762
1148471281400916300
1873053044239928082
4926685609106941378
2919982207966526690
886309393581298624
-6122687304737916792
95520349263613234
1934660712827526532
-948240357548493142
943700313311077322
4677667685503500380
41206750136596850
504128993729750
-5334347840118129866
275708816029359350
1072011086361474
560430806507714830
-6201332670875057424
323642433596431350
65428898264461032
342461336393669350
285431738489121912
2216066598725204286
5587102400409750350
8234455804580107894
4639379623336326740
176556183602396910
14583926882971250
4438051945413335094
18833583939342524
818568602212981312
9049132110489236110
4191619368573070
2201334323883505734
479689170349502932
6154557678687253460
-5566985593567197816
110514631382818740
1291651419921735250
-3689997056056417162
2370475282643717750
3267338076858391250
7112081901870943844
1838072353187245364
8317375606130705114
1214030336262302832
6008708543310
506044099531359180
2749240214447673100
6947205015998499070
10764978228501770
335034859513146100
1053527717440933042
6098557174761167958
104931841104912822
10257088198150444
246418980060422
-8186676010770843756
5149009454311485994
4566581835147174000
50940399143250050
6740645364509210
1902003510561287380
5654791458261597944
282578414904488850
-8108515353961083616
1200022589013948044
1634869893024493580
195785638646601502
1041396153526440404
559446570615537154
-4698140351402277306
8385483229125173054
7929629157002
-5077323220890825206
29101630028041300
6060389356537786732
10569042805644310
151592770772059520
6479410635791912
-1570325578585443234
362047500708065860
4097676305655494522
546956449008060
60713699229626300
-8824001919306053366
1537793695064111500
68729448035995852
200053624007476678
-36382826329692766
-6141502617753163976
-8371542723192856366
173723076703849764
166847843335212494
4780060551730896250
5912671471180727556
126524081446324664
4093767607366584
343945254248953252
283828446280685124
362172756192175082
2733424327414736272
955401204329206310
6478815743623521650
-22069492185335446
2056168021094958946
3786981757139005100
22780116467463250
4959788152199412910
105851251151100
600650252422500
118090990526008500
160133439588248260
1067736533824202190
127341968692252210
5867202058426694804
956698373419008970
241428533571619902
1145596366388347874
36648127032264024
2959540815296591344
107931708844628592
-30022374455574986
777640034364725050
9067345565199072470
5588700756549860934
-1700278291598759434
3960081288936541784
162180925484891170
-3297578307857036646
113027276675350
1591355738266294
4078647030536994020
104191748457756192
7903900292099624540
6692808913918830850
-1774937158668920192
3808394207582392400
19080336263362550
-1408885627665918726
34638100777261982
-790068292837895164
3617742633247473654
2126927039692127014
443622355414204524
8490429648285587310
6164699333327262182
3396364736917798100
758778653373750410
5042945331520710124
-1120543891359350116
31151403884355062
-8041313868314702816
2593036164450058250
13985281759519070
4734538661903405432
6277570020382371786
976051345033899750
3661107100288077850
-6695446261167762616
-4955590101113552826
2646261121060748360
8524737221212520000
68429786609905252
792634868221310114
728880505530512424
2173624355812833334
2807423728058824236
1443520699526908714
3513081992742168000
1717204114681421080
-122087779866280744
8511804005794308934
4753802358160390990
1144606269007583144
5426029297932811920
67311820480039170
784103977228931142
5967305813153637964
-8339132016202337806
-6218888149250127094
6059352989023547010
2852396809715440
7057704105756905874
84155572436282284
213578803977015204
255271266843119562
-6972268983016219926
4156725870386832600
6620897853060394484
-260325844325422944
-6544858466697459756
176361370841708850
6005973609242121436
513599047372688390
-4203707322863185296
3176571041191986620
1396225792233674362
627684546520790850
255914304316357792
4687062923968317904
26856793716388220
218481837866819800
4215244118854230
3979702374030046510
7413984612507659830
-7043479048912055766
-1976951295057869142
162158068345843570
524593314170862090
-8165123454390903016
103113369562169474
-1284031087213875016
156652733217865140
101464369202
1450300298820762354
15427425316252600
669697885193996100
1002758320241650504
12977106040690
58875184675333670
24945904819154102
24477637705827460
1222405452489984
508301771630657600
566246743540174480
5468156894593600
2703074866254114
83126165670603462
2695594107425736972
6614624103165429780
-5851619598047477116
29246848511410530
8147411886306523350
2436076761865168800
3921555348008171042
2095561950150511544
5397999259571343684
1454180750
2946243189113406000
7585033285601781724
108725486587642120
158397143639747762
1395077300884359922
182875872430699630
126675947344418620
3806931390237850182
1188170899138791750
11604687560
1359824130384355482
125790514561600
25523510465202750
72390200414495614
137934097508304070
1236739320257306100
2343727100
-7727427849889222036
548819379707272674
1579968595062593010
707900207433437550
1427270402375326600
-4590538710080173174
903840528891705570
458051434199677500
6176431123732884
3067548996657012840
2441487871689127954
-4852034888142471864
8423009683302586834
26035643115588810
-1362333188700485316
5172396663068333582
5647009015766449484
2942320862583390584
32389760149189314
12200718227883112
4575442696816600
-7721598078230818266
-6607778179739942646
4101151030884617738
870403925644380050
13828868934804
4327821559727047184
2113848109148556950
2335640100904537350
1636681090369398892
-148215617535887736
551733787219000232
1733226322733683912
-1320203888953163312
6216140823693385734
-469728804057042266
-221698302126855412
111979084994751130
813254102291904
-3540606757736648864
840727251526214052
129432983883307300
2381601509745073350
459846872811834354
2985052132555762192
1438515807565817304
6725247237214935132
2355984477948951850
2524815999088878002
15502216233350
1259127395380174502
179078841366461974
5496003882818541400
4725932128973892412
3134224555205963294
56579042438618350
71892186650808594
463949958824
148787587683873600
4990077234103850
2975922091706833612
35926812208949530
-5686968176522983014
1350723965042271534
-4336361379997458866
8143961793651963202
6303731650128146234
687147873939799974
111961771988005030
127227607518840290
-2108180903499729732
6276578317329602448
295641375260660
77081964380
-8699277064446096886
354890767250712
77172811510067550
15016571514488020
3723171803548443384
1954664570119480714
450233551558025092
1372852299573162924
28149328001877082
24566318851164220
537501611145754574
-4114313918494042956
350866103070713230
-8854751457549109544
286936601606308850
5103079674610884258
1679811104785527312
162135213622927272
433319886675779090
386910357766464
5023109038398418500
3335531981290973294
4088153364077568500
50405450177738110
505400433992557994
5181913113192099900
-6602639595201240306
20216060861416112
1032297767618048822
970983670358746406
-6622613587472655096
1264025043596317730
1446167522706699324
8128449934436710684
2616826684811840928
97768277144513144
1025262566043787500
-8047012800550888026
27132
-662605632006661854
150250012292184182
144820943317620262
-5293005582418117384
130517226569313920
2227558393396344890
58821750839948100
-5822292317958659664
4756957482254441756
1814046810824360750
7957879997684694
8349400205205135230
1873625929104097364
124099296744280
5629505411277160796
-2589765781442939192
5914211363542077750
-7684975251849815116
6363672487550
6645667273119110770
31058657754691350
7905581091424940
109455536611422402
858935217927371222
1253714046139869864
10583792020058180
540991215074824220
3007821527362652
1892316335830396854
2397243971884036464
-1420134007119198686
-7415699852602810862
16636966110100
696988434602581234
724542591484898890
514522159761898750
14568918179689384
235326029609662602
4001926417442475522
6220538214
592376387408855140
1004552076036268214
2961008326978640934
24488709697999250
2932589524719819602
5151873634545715000
-776967534845560256
1980405758006440
5679328748929943562
1887213769286300
7685020211816500
2898861686335054220
2334208790450372274
520732693804904504
1390146859840382840
8680183506145958184
1156330396597260500
13149872095935380
8246201185417398340
1195312223260255100
4739995542703999734
1243676917978319554
3675135445331350
19830429758837594
7350693050279089434
30402194244434700
1783622152000817044
-7028485836578386224
1364448698496030
1826935345130
38192785122191480
8996979331832430822
1346917784100132972
5867119873164004
722577834423923944
1456208780171600
3979702374030046510
850470809304661078
2174489869907743334
-7001238174768370472
7211182845113844
33300626216024720
-6863144484380352796
255271266843119562
2192671960691859684
5789764756700600
2127791083332273434
4114962879899876680
6990171061177095974
2411924545791753694
659493444165357750
1097160045635210480
1313571670653331754
124356063060677294
-6541419284946202816
8834078946207384650
252615602207485220
831537176502299174
4553463826353206072
-8728356060585161016
1048699519313784100
647015319938762390
151050257701490420
4131785650464657640
7587486395624080152
7212327509629891812
248536740193560
1823572440371543680
-5268895716323232372
9005345785915078800
7805700964642880000
8253602868552266500
2732473747475223752
-8229168303910829266
611754542899304000
39817645795577804
9042134246980361450
-5721352683060128116
6265743925991065670
51556970825285090
5692832003712836620
750955729377491600
1040935202405316414
2445508387491762450
2557579574163749370
122419522360884322
3008226379202020884
8409750700769750094
-3200505725773769236
531908825017748024
216885586820464380
7916556626979750660
380778453643764
2407431605508238216
-6563188186721584924
2115573453941486840
7409565049467585340
2955325119901154
-4377340828804500254
740619448856954984
6276377320559586240
2335394420346100
521348019860365000
19278551905626860
191322603647502604
1177721193238483762
1294145704953959550
1837084192863825360
1385572146827518980
464962618776567520
2076466229936372190
2084622228409078434
292055037801686250
3491557209780138394
843006939818872054
2299686630386406864
15707295674039244
973945099524318154
-397780296573872644
799796958930716574
117928911644469744
7979641789348564610
1516903471077671600
4693810380
8625582575732162000
1783070034251920722
225154668237422
2842447599280233582
21648036330060420
1539729880986273426
-5438808775986528266
-5562120095734764396
11263642358719580
5705038524679315250
2269933574383395382
4502932871443043800
74357216329645172
1204746862671962922
386786712531289382
1505444191908696384
8407100783830169500
4196628344126284254
-4154461371555898496
52364903318632632
-2804729002955204704
35720592538160524
-7469199543951546494
13807896158787220
307558668222
3681165250409179014
444939738304880
873228359888407600
10343108746100
-5169636366648622692
17493119827456260
1793582214666848320
28800757508250
91870169961262550
49507597493889780
541064065024655104
1862906182551086764
-6027695173858743544
614543433817335050
1319920372037850
2854167154762
23261137288681460
648823924781912684
48193567724250
-468166997189529604
1814885803017951094
1823291740519396224
986633861862380050
182451025459294922
834150104108776910
-1326227125572769436
6132917498046343004
255513832815670
3645852085169910
2935196107428086100
916844270272222600
-8242962603998339596
8524291003075165760
29602696390762950
5713219888218473734
433033340257139622
6718899465072060000
66511659713703100
7232424223553807810
52728109698888870
2921980650108578030
1328360901798532678
6485356132373261924
548706200224
232977692625334930
7393911609572213880
1885111248219676204
83334061832073122
257326248385360
4149700053279254370
1555781692411473800
294443100378531832
939295310210370
-6229412371611307576
946357918061088390
3935282192893794362
-8223544396006021392
6269995661137377624
49077183952531700
8336207932655212
2357856005946490324
-2532830137460670752
-6541419284946202816
185971910539505532
6443655432704926254
178931153405476850
773574305698409250
95889715302661350
91007551044995662
751354243920170
232288602036672164
5351706369511527884
132431025272137172
5578993012264399734
1317746953814378010
281574451706379104
176430563522420
-4661063259357270914
-3742453980183045066
4053548198361863600
1185831463505051482
27394834560211580
-5629505876594297584
-1637252499476221644
35926812208949530
931089463712610120
4237241013592649062
58576423513685000
3597840744836215724
-5750855705280461792
2903518906085350
7661356794864779622
3334582104477404792
689310565412081750
59454592711801142
1026174190731116350
16789806240997652
6423782862935079614
45751794587112042
412910823568285900
112829884919880480
3502051471392320
42238847210341100
5503391883236654264
1940683379481798840
1767525596070077110
835947139135551184
95259361359461030
-6124452156335072506
13359508883674870
828232673708081812
1057812695797654720
1501315378455164272
1292268294144720
48797995528410130
11610848310100620
328582983662862390
323949575147538410
1325795811184796862
-5871341809298758116
5906074544091349474
2053048902630486594
2946846652668700180
74629163910
5851923708656219634
2648860128014272222
121239102297323010
96337460636608510
1130419905203008112
3741298963288220114
1573675683168376060
2459355814089244070
51219093923528850
7296142441836925250
1846416981536165350
1539894519885861832
7656827082425854124
246647917645300194
38169608326512124
5026411016301140284
3224831557927344
990207734438542
-6369087192424676736
7309254515604904942
1026174190731116350
4016117369862333190
46508849878582
1281387120585792350
9143766223319761124
5650427276499254550
47456244939082252
838085615801140
4020740647004980194
-7668491019021843516
2814162655749627702
-949005581503425616
5494719772892393030
48427599291163470
138917371881820
4343677603894617896
614729698296113400
799116371880092442
-7949290404199613364
2394143763047960070
-7289560857169420226
38838206036632422
2178904026313634
27216964371570
9007670836129561750
2629229480848265614
2916587209148695082
369027305690030100
635478693658752020
1251807626209354020
21693503000423562
102885702939346072
-7592740424244828414
-7154631574202640046
2407945519891553790
2478204853548716600
16067513340301164
1899252632123428750
2135095942372913690
1343008064858294632
-7878693754902940524
350662269166381610
426387509677995712
-268988887257543642
8176781951412552500
137529735059586854
5012913209768006074
33650618845483420
127151409541477720
3064440397122222580
-5762281838711361014
-8552902013720493506
-5359598721085424026
1836435785062410978
7019439882302229732
9335659585295750
264648754072172250
2215199776159661198
184648774143262
306475104960574
18747335519159702
1145596366388347874
126258644744248692
3103132966030370
7643317375653652
5729793906758879634
84365395907847054
250360379835655740
711843000367162822
-3322288334683358784
13205532239063740
-1750571182141940016
-3251509603423810316
-1210757015896628852
130361919232308764
124975316683504210
3481971791561233460
169975126620845210
4398771641572253098
5559586345989467384
1864760967958850390
93291349608730
5824831972246421750
336889928769536300
-8964936616678847366
-1079490241098215536
1388430017036380080
125936890481787000
8822168730947858300
-5538381050238887984
9252662576573130
130458970065146254
151574231939284
9041033245149010
300495478392209100
390529001384903172
9160709323696377722
1440272611369284
144757960956529440
1571877033608220934
3083127485008955890
6352979900573071500
319023497877669040
1120548723972188434
788557540724030
343383205850947640
5464927600042992004
2625537855967761904
26351197236870
826758248544151630
5478206701687132978
8249248334128945000
-2912087176942758376
2848718404337921150
2185940086519786272
6912702142826480
4196041425917894
1436167554269760494
-6192547846361987164
345276740153800
-508740915773494266
124281158702353972
6367667070747400000
1874055678985813050
2007412303365489944
335507764057812350
4194872006315232004
5685347956997020
-8047530769194982926
-1167589759558975846
4867792056987500114
-3718260501047661576
-2596161467371079624
2988710024834569000
2334208790450372274
6277441403892413062
18656784902210
317923864612427350
412312213101196850
2289181540949094
1060492714432042484
62215242449553440
408414246569972500
-6122687304737916792
892863671321829064
1437576160957179180
3105246182321032750
2952886388203472000
1015408479271992
-8880562989056187016
1000251099205165150
821265970908839302
-8514425844696994992
444432816687192174
-4642496616642653512
727497236365605654
2335978090240294812
-4687280685616150722
389910764353100810
199931732
4829696965306454164
482427390515656300
-2050682628096125116
700543081232728860
-8513424970785444236
34645282759267730
522358602373560734
2743706402049797794
5034222162623860362
282093408414041224
-3836924901215246324
86342722547354924
38495044974175440
57141439381996060
-5265183566508088354
3993336333000
35860430201991850
358553518385483850
3681165250409179014
513979001912284000
2619639343815512480
-7394570617190185366
2916967370216132
6141985452774793622
4143207075566300
5167183532846796500
263190824848800
3809197234367032024
143481769444601350
8264932726315103854
1405670190138029180
-6267943074852155636
-397780296573872644
1273473446951552
11648859080758774
-8679031230531580766
142649515822881890
1693180254895336510
1806737625961030
-4432489025541759744
5461092292264358310
307821805902859600
5619677242456195100
2158499830060
548306273506607742
3896441428065622744
1011751175278673054
307526206832620972
3750470947882274
1630993818125463610
1042133993726651840
907577317996412100
801992919182723800
225979409952990540
106107552003568350
1062110731995369100
-2500736537131860692
79209467868096150
3200691820952934
3321579150602497750
1052412041227003800
7300113933012485390
-5680928629729700174
-5914887436162302984
22848372761389434
4330454188709171712
-5213131075877132952
-7795617957135444116
414202352088225754
2271599997455815518
635669696988511794
3859858954811430690
427663210385616010
43176942189500
2287683978410407500
1768348399942817550
91244905485774870
-5620415171455614524
-396213804042709746
6506464407648643200
-7947203750737986362
8049085448514291104
2191805874303191564
147548684298398474
6739452638149707100
6054202512762113148
-2583368160222867866
2321982327335282970
5748082005122650050
47075439368543600
6030388624680173600
243747294410697952
43528383265906154
-4267863446825617266
356857336333261610
-1600839244834321312
437875850955735570
-5526194464067507554
3189803318692867238
2393469507531584288
201803400158356150
7465153789496640164
390873450086312
5898284640133631330
4656221122597044
3492699647807708184
2497162033333231432
748865471222980804
315394204382497760
146741194818045520
1078384052523220
1005360050795439350
38092428517399894
6394800609920304384
3253882248553826960
1719780976145694
101591974549124752
1683245073524574210
866461235336592714
4884419166292935390
274519636620337550
131686459268358610
1822494749882
491394501362038582
2756504082660555500
1442279001129895240
-156918684585747226
16565657037694730
-4440909139798678706
-3146605997207680064
5014711344761606202
1178935073639768900
7169124264273170472
361176330971010
-4469379836682060316
652647323782692550
1424469383290817444
44125086852
848370595277882580
-3090482068584590696
6333317518782045680
130517226569313920
2725636888850990534
-9110051694836685166
3614106558754210
1432182123207149202
2999296154846220922
58651006957544092
5996385502345410194
386041494158888750
5473244363506800622
6410079599063557340
135381010258487004
118795263721898920
74128230981289940
4046206663106920
20307326000085644
733788125304507000
1237473746777027232
275810925152102340
111167541422293552
2612429952783031288
1783484110544659600
80323721969905792
148338121784172320
7007875442314860962
5911607353470
511431918179391330
47529040463196600
4421104892898230152
5708671272842608004
961565816037750
2825256262133875570
2754782393534211560
3529866581512423950
343864919408087550
471137375844385250
232767807327390412
-5975542485262604116
698422332551543342
-2502877619393390706
3749684915081162314
4673855473824362744
1615724208694750
-7250195225065465766
6269571384187540
1449827533794176552
38046176849292500
2725826628166346012
4103909955571580
-5179587452799391116
-5217474661574977856
4108262440431864
-8809822548254859286
-5177100205850799046
405952290336001864
4532719084589651394
614593891254
672217589797283530
2268125884338659576
5733649960047100
7771506713357694230
334011948157491002
18134176192344850
4995855035323273290
4990178663475258500
191226611057089684
-3468552368429492646
-3761921485791693036
1335658616814886854
6026087192647690
111754172458690944
1139369463065056370
1754024615332704
1849252106751549500
3961725624086453634
-6616338771441389006
26082052019318814
-5414286088810066566
2787825676879873634
119230225425654420
83478458140
417305093509702580
-6392827999834210496
202963897726486624
1537299695895415914
2067198748003889500
34323197439377000
2873905438200543422
5386390233175266420
31171305048592500
40027348700794
106841102848934832
317469676470628080
4420014173803443930
2852446600586507780
-322473560659022516
266833653733014874
5749303667981505484
655900699067512550
7150724002143637850
8438498304927697314
904879538083887086
457653162899619192
3527794004988857760
4010030919725437490
9262620703974
674344955414288250
3152590487239238500
1754399743582795430
6491479916823251796
5195750673891734880
21627851878174850
6213483454989983944
3106920333963206250
1415974953726172840
2876867938621709782
-5888654320780880782
-6966133844695742936
2475555956963278800
-8231723858488730616
1795246271864795750
415404339252851872
-7239789723296276816
108150828080175050
1238103515524629950
1954840236843402920
24130787566585000
8604443564770387180
233037685915114864
5627189560295609320
8590522094222653662
2465509511849271860
707301456843982
317242764977494162
3466039969546037730
2109147987009721630
5650755081374903500
-380543269860110316
386567418757679712
-5973761662381694886
57623816248021100
389690143405469790
3895472774582566854
2184814735873812550
8492756054498500
2462870800475009100
9022690011719692
7687751362335619974
2904094231321654278
5000339801148361250
298576118398850292
1502407472119237684
27636541117643640
2248158211971427524
2153480942634749200
359476663135752304
5780543843306144316
807007476766651934
69490975384142
210171127047074020
144066509999301904
5894561759138130542
148338121784172320
403954495557962122
1491996229605381500
6029957149393034
446311385269750
117201836945622
3256483352817962250
664104069909770
117784981641492300
28051108674169154
1316208025752382
3518272812807411384
93768010
8413284897758476010
109251433028960600
4890576342513764614
-4288765368169560866
7405681042165280
8000470063073048262
174832848588302982
6106448748340922834
618838239845178760
267964473515739000
1714254235992239414
4549621242776221926
-6398034708351286436
-3522278011709668766
7476066327223939550
228718106634648904
126012541977337730
206835540038862
538737919366584960
281505311617952800
433941225090589164
1731875620884457972
184708654857143582
154032723802694
-6380672450820579466
118740927970
1685890168480376040
8398272250030705350
9141414875106043684
1013883015050570
-8066682010964168152
4100252927065449462
1081047824154390
418560366925822550
6454876633516780942
1263385411019744562
1372722239486992
4740282877562093862
1734172284007657180
3360794070216925508
1677041352580414874
597113799282
-5327567001162340132
2685072375911189264
8358438357111964
328596239875050
1222990288838362
2170384614223953100
8008043330604772
2962133205829792
268364443222726162
806474517989362170
208092335970
8152589080505259832
4448164575270029614
41247667055444920
8128019366022155100
83209277400749630
2844797936675260720
2361772803726696360
6694670000591529600
5760709822133693590
38487272384679792
3151629281922550
3047901083021890460
908992004930492574
4115996641357423550
2303756263538667684
8012833128493670
421968434873624730
5274286075632
2348848890160759910
5537537241192289922
2642341308606795234
5083081171684250
-8087356287332788172
365566956788955350
10909003449680
-8333553560787709116
4050993622300942550
37456344597676200
149732637150426330
-4435080234180226766
535371182989030570
7355485732276354600
894261125320406160
1550803808921753100
61240438812350
239285280790584
948446568749652
119375477740955384
14314141660
3874411490989791532
8237064804196560462
-9133915687275645366
6733094811412895860
348020502104936150
42673860841744750
-1755741952967215484
5911498156822045242
3212046893861922130
260612873864044
1076973369727681542
708398470171431324
6338675453667920440
581222745558168452
6845576055755918012
2101881610300399384
-5830078011014372626
5099315439750
209314827154070
137025366229018540
568410071034548600
-6038342586277469776
-4670019759896146776
5915613765184567234
-8959619241068858132
550589502423089602
180139948924701640
5419037010109060492
14978644560594
3900660056548206400
4147324330132
13191600670024350
7043385075152483820
655770331012400030
89344393147295300
1686287201436572284
406225289919292572
1845000642031231300
3698415527523420132
43716206197606800
8943664503335125512
1284837710356782862
6390644268372684320
-1070357308991958822
-645558616816615826
-3883655901525159754
2321141222406230800
4143722126189530850
504864515264192864
6295907021954702460
489978669443252500
114106300
13546764099512644
7535282271220984280
7567470066617900450
796247569614809130
534196561613115492
61178543315470
-6766246678015828866
485729277652760
545132299863660024
-301251147230883866
-8470817859962215396
-3038377927600227646
4163788754230
130575502582152342
1017447644410538510
-5358983280196715766
301386851605188676
5257248912175824
1093364790521894
2247521634020342394
5531405191506151540
5574436675696433974
4097676305655494522
3522271596234929500
-2206087266731373912
9969011122810350
2991557375549067360
4530089291683562530
4562112952277429640
95951380299415160
456410238910324342
2437995802452900144
719079281671971794
-6358653328682460654
817799147330945872
3478931813175350
-6731736162456116632
-3178410273835157412
3867746758480707250
-3516164675163763526
1507876880324153794
386348218245889592
164686876154383660
220262990142052
2380744258368784000
-7575614885348029646
305233932781100
2460240525050
18829037144051750
48584759090612550
117641183426613000
20139444903941064
421575331882692
2641624794798345510
-3206715748441432516
-6255693206131586506
674525325340244
621736857902423206
24588526737256790
476039275573069714
2589930495247135742
128413061234587550
-8123461939837822732
18774539790603520
3299301680825682
-3307877829073079306
-1886824174174534156
-2098002378247548866
-1004799175600313984
656487595876869920
389116967100161300
-5493247578817847392
46195807491001742
6774374437345970
331191493313822750
2918783634836862870
1294832120583140258
4886770547605606674
4830279785449256450
3157582115305500
1190561122161294
7741160127183522550
786035223566112
3201116228171114330
413556209695229612
50779040677600
35347260768092000
-225642704560827402
4672548967211247500
194656083802582220
751027885201856144
46007163401542
1138777751470351302
309043405196491680
-5926202657561146366
4494167193550370
1165834569142000030
7365121098161750
10993961557932600
7501575439769082434
15314194596533694
5539474736740272640
4140605772875711980
450998717609874
-308327354741810042
4325024293376467966
4545619160827234
5144842517233591172
5711644811527562600
-8670627373601971794
144296717796995162
15051132815650360
1523347513423190
6493356664216140510
126182882456757170
98222581442989850
5652066443509537970
7341114712993461862
14464181369127490
8772824392463804750
1387979650053094656
2910477133564
975120793991936226
2947658889186709234
-6436165714773003546
3564267357638904
2130675877517050600
63246016070862
17092201010118080
1431128546047540860
146000390937454130
5987821644743225994
-1719521323127040592
830409104265061750
1412369704757008228
1832161802863020838
3671297132772446920
-8386708381179951566
101898123900947374
5396517081268902884
6154907182466643860
2004999918453486000
676677538880774600
4170021195454117094
29653795622031042
9079970976232301600
9574307762624410
2698229364916177274
15930710824164712
14083752157051850
5317466642815336100
8922405056537884074
1195516732941631962
3334582104477404792
5547876426531055890
5016210160079520472
-1539770478120938926
-5413059044989944714
4866810843629700700
34259050829063060
-8830353107234155344
795719949701311362
242817795010147632
286656177581827902
8746865153969441590
59799957373098310
21962705610516000
47811914427947384
1361288921714157100
5359417166186946224
1253926004909558050
273537234232077974
-7965451424758688642
3987520710060630050
2654661032870
-5168392087394929836
-1490497090034082366
2020264620259115274
4149960109788872470
-8993418949452154792
585701056398701502
2394315917941810170
1689863654561229910
-9142971998919356796
-8444684849217289766
3103791376317199734
324256935258270014
79900293132422
-5719544706702496686
447144369842720680
5921499152811818868
438598484461282880
8756877672650443350
7936453727362902
289257957643092414
1783337544280110
6866798470431856880
994359824845615692
1943773599975759370
940364830228553860
824821215718574530
10439913462285580
2872326373834279530
1955135992513683644
322033522089051460
220230620363603850
93220838983708100
2818635084088973800
144422401910999080
5081885842363818800
1786899106156782784
4918129630095950686
230748665070
1794229113455870
3598311764638572
4257087335213424362
7911914207348987570
483048988995059942
-1604557590875239302
1457405658129682184
7260076295895143840
-8277132570564485882
339070524533536250
-7810902617562251432
14772515793608500
5890840640777606164
5208690716796667100
-8368507535161980572
4842823181949704974
129645424979680190
-4250863601462383572
2465333531822054062
428192650103792
1042968696770
1071405270198513250
125260163878850
8951530861795740570
2249328169324868632
61660004689965990
200053624007476678
141346064757247550
7178926093468223822
-1980607200418176332
-7202489541791065734
655965890383840764
8686517658691344500
2660765690821594174
1709230396296682
1631510229476918232
12312740111135464
8008043330604772
71170719929860934
2978963108203966272
7580946090815533744
4915643922140364210
225569273010861430
57964652201954
1446757377844941164
-5005261731463696446
8222722975260417820
1109001440004031882
553166650339829332
2832474909006520624
757461404457730
-893078239196801506
2022387377224212350
9226007782088790
2077721520844664046
354098487966009252
4700182922511966652
-6194890928241313886
5629994816649000
342942079864620152
1281171689746864370
-3110593534355128866
4137267043890931134
234333834962942
646305832127673652
340822608977685080
-4318119585606079496
932701311008694550
-8809822548254859286
72605391240272
-4122218452564206094
1157427894380165100
3680557637175450332
-3697403315108057116
-8115217553283930644
5881303581946609684
106174081892005372
42230514296245352
-3177028511145124946
2908809869159331670
3249984853711381764
1290676377479454574
-7760770771050558172
1524515803447730394
183451845839630382
5840179213445167304
1280633231492846550
2796801199511492234
97393494516432492
917850336458153102
24400238849709450
26850860370954172
3515607338980509234
3138562678883940
5507247070311008468
4683287624746444434
-7610914130833037106
733798637166943094
1933208075895607114
