92407253755
46404190475
1496427562
5629880939
69464577614
69695932508
56491619746
113123056219
86084858415
80502962759
35976069139
17473460359
225129416
45790428215
36742973603
38811894438
10442449675
1468020995
1477646317
7166891694
994435069
141036098838
25473026344
63822577609
111301700397
72925565710
15042502773
2998016894
128351932544
287831225
7720406945
88967948974
132231254181
75924312389
27953405177
12164972567
141018219977
85742321864
24379345648
138859602874
65813290293
47671709237
118321207966
93482729691
3535074147
43117696096
16494528318
24739241301
95004322915
96844107616
111929972298
7088950027
120056394977
40204532983
10666671339
58278266408
110202837816
112843197651
125039486055
961272557
19973037775
10615833399
8758243061
1509140502
74710508679
42978128248
49473606924
141734284603
41139191558
392388433
133137648912
259680088
53233195442
10529993229
52270052624
58048656445
113312790834
71387845692
142621988590
15688151693
6792682984
107322186537
47063791116
11776593271
4907427857
2402463847
22827796960
6072222049
5816764
57807021046
35967270494
217101029
16467154550
111663983745
37611425980
117215646347
134035545121
35106640334
123966898851
26704981
31554107947
14912389537
1826873587
75053858471
91749485750
19805627194
24660448153
71872857027
2382192304
67846759863
17355420615
6741008796
18839663027
990071422
23718072360
44097863563
18476177536
36903334819
122416672880
18505927689
17658714958
101916959236
141250734774
694771396
62397244196
138648849189
86312574933
7508180186
40265661998
113765594369
93404105688
21111115263
201437302
9027191182
4539559078
119279135625
122837965506
2139024
134170988243
85608877147
32128376023
65369917639
27845469851
4366615183
34454345861
81232317411
36286708560
34034160838
41108799701
846287
6457301627
13742670583
28672367144
47046931361
21649807987
78519899529
91289093956
22696020253
3260604
97878459827
135338733605
94524194900
223055444
28743639802
28611593542
116199842947
55076320689
73141590025
7001847053
140468543942
119401216248
42590746474
362248099
13337495946
16570250646
21357901501
44079387114
23457434752
3729034019
82687563730
110017600256
78594672876
4872139259
25805037573
2279203472
95698432591
96295664962
68886556797
49267320591
14122874794
67960983627
1336517398
50030135339
124316456585
8445937071
9277094815
27482169281
2523258356
6961830147
174317863
2293629808
112242192241
10090558966
16974045674
10739516297
36763739660
23456651961
26673469890
73973607478
12030174190
99059160327
14647167342
2254656356
74137206251
59816933211
2488086076
14978609206
348082840
14001513
21634787079
1015943309
25963187083
127383442543
36685651523
213179257
222917600
102818684024
7465831314
10474330817
37981622751
46425389544
40789484
34334015587
7844286296
139394164623
62792130477
139023205309
122921201789
85478607340
20066761557
36975713176
45670821931
113499125517
24372958740
20614615
4927202150
378797111
77731828638
8491571102
48203905182
53782026933
14008899480
6248706291
30914761167
3121286973
118666089924
2173418145
101069430096
79154498273
73240526851
71286010713
65501960396
9601788125
30764078820
62904451445
59513155990
8142388279
24510482586
1508016624
111366155
15365387634
62733400752
16239338603
40420256839
105755665013
107712263091
71379472774
20513898717
23504429826
1080015105
55719636009
32825251857
14473743784
40940281740
97189302011
83043237854
39938814480
63735710781
24477664903
142308481909
45647584266
73210854
90264815484
211231454
51290003056
540095851
13716010816
80400538156
246135218
25100274540
53603959217
197599349
138910839496
13228018876
120753678272
56474319266
73205184108
106993104452
142486163350
133259116639
40708504442
119472309089
8318513385
29672399805
89803679849
60877173
44382063136
5652258009
39639068409
1161807339
97769991531
1419474598
11016002676
142246617638
102555793232
23516969486
11010194843
14726293871
27980850715
25097842585
3278286581
4778690057
128249811156
4071207037
3311802594
22429049725
31921353490
591841734
120973721150
3683456297
40120689262
2256042026
42080932193
1243393991
88552398530
16222527745
112914012989
3860733813
14527974325
52316334655
14971174208
92720271841
98421715815
74823439626
130827076908
6676085533
94225777579
119530656287
128954158196
51928939296
29714858769
111287644377
50643456270
117472118933
111678066799
2427148188
8437654305
80491083729
140442773369
5470191
64758217621
65896263459
82053445442
114023486510
29288179229
99378654696
79573163761
14020275355
34334015587
1475978192
12458330487
106547717399
20983135504
73258909310
78767819716
9807030258
36165655
18614751034
23163269941
64748932752
73595548
17157863139
55167804074
11911015398
74653361249
28299208451
67632187117
16931724762
6579121404
130157359727
102446366011
53434606138
3901859331
2055661178
23816591665
2841406398
1581993140
2014902416
136347661217
6711570664
321071369
8496649403
94700255797
84498173344
76901451967
15425125583
115310262855
29470277294
483159296
27829211568
112811338177
1775467453
48629391745
56804756689
15911227627
8933608719
6462502080
39819182710
337378502
19818531510
47562011732
89927893118
81253204899
24162659946
94845755335
134700092
18652951141
64256506104
67227089326
51698618383
23173381992
34415167052
11440575146
103709364267
1058894102
10979072818
37101808835
22966164179
60222380661
2097722750
1526806786
64648169908
63167378710
35529797589
137207747203
829303655
29719283736
15206299942
30202733622
93041865312
136094080917
3434976204
140708518047
15408133556
102394202280
40955965459
95099850458
2589641251
133940775890
4016008089
13837666395
116007645568
61324788260
42844162129
3705008415
50846794036
103895781767
6384320202
54468420171
86089025
46062335994
49974454975
139712282302
896704763
126833872705
36369264078
49262715909
15532338809
816883570
10984344394
335753903
733173621
32138515110
67587419038
9723682994
44106559851
16127007209
78404141624
6284140365
65586062679
106038179786
102374013276
38207250231
120838004324
60957899387
41594409771
101415713013
615773828
55750307300
67198684625
42244491209
92333871055
21243226063
42148861045
6292423730
54646788998
116203437153
114254945232
93474704948
384459591
80676808496
52787334
88639792242
57228224426
12124945741
54480545087
7038632929
54459933432
142631978163
16771511427
52952135457
24228678763
35503577918
900561498
4373139133
19941364061
83191163544
58632981598
93609568962
48380477349
733559170
18740614759
27450733836
129637702930
964979258
123838729332
86014144631
99059160327
140879204375
103179868266
21189735577
65540665149
35164579812
75610592245
35813009228
26092034587
74946479116
77172897030
51130303250
42612102594
11584887233
76823157697
100482005230
6687903748
4134721472
45895764058
136492120257
116694565540
56840705174
110132917160
852205667
14775478949
81834651450
60329728653
17181824443
40824311963
33193486555
121419976085
47965236656
26973045095
44975184160
90422483380
60189175861
141654628253
2419705573
40122758410
70242768240
41392223697
24760972044
54482970311
15977846975
82952733766
25611301703
25863463642
15810948932
776617004
25102706645
34254872890
4975457
43297314615
13410547815
20438050875
134880337403
47337368423
76911604066
59599508530
11334179192
24561749840
61466688074
108522370055
117472118933
53827778
133704983692
6828892936
39166621324
9280959521
119248170960
8695968856
101380554918
104048434131
19378698923
2212596215
138589792477
1722225640
20506599617
78224085619
138640974149
139340854932
84073962233
81171161216
67933778833
46700337500
4258384579
18248719954
49094785867
34027483
54412663089
1052213011
2036984975
30487208882
41548028025
9715268689
99954442285
132735055841
17710766919
23157808
115102721429
124539842461
1698220406
18431943628
106781468891
1402822016
16016992166
115754619419
133730098443
4391436841
78134136
73106271342
138664599977
56593014194
96256553330
137270411527
140127773778
6304661861
95952079157
23699180196
7246973397
6744283894
124989105330
57472363614
83389105493
5545277989
21431055801
58166545193
26293412024
73329638304
1169667727
18067794338
19325583304
7802733014
100752148180
106965561704
4393072636
596566223
106882957524
6434125573
10655247651
1814674088
324666650
54014725954
23171048261
106975889794
75578969575
3726628097
105738556185
67488435373
98355782239
908304326
2114672036
41190572357
86795205214
121094831904
28822373
140908987148
71372495673
97947514979
118674729
1890590422
76386059687
18173906377
1822319139
1185141091
13081421037
66160247424
5163076465
136384744290
122603206333
127620971077
32535180167
23155492993
28582965625
85912738761
6947272114
160127837
33690326089
55238607484
24659644806
50594438266
24642778051
7220230634
36985633162
5827606817
70663509
94532267449
18308541885
79887922100
123034087556
71795880348
39490153242
21460206278
83764500089
44471548540
17709413903
20566497017
2449066499
33628958720
82143456462
32438797783
1528693092
129356455480
108082294233
43572340526
12713204607
15503288935
44546915447
4038231024
36039648064
17071471343
119508774441
31767224036
140036709220
288777453
608051814
5567102612
373901999
83037202850
88574242012
11389460547
12096086191
36979681070
77206318075
125399906844
2412992983
96240259242
8752147084
66120013004
2828901720
63543773871
17932041701
29791014573
111370238572
22093022104
23508348287
8821212467
13913302380
2131242730
113027365047
2558437491
90313677027
91349348116
245265226
18838266073
1805191276
74235452028
21911234800
31612563547
1785073446
127383442543
10974856434
120572303397
12861679131
331608
2472294227
137774221860
100510337505
31227276388
85742321864
6408203090
3331881949
9133245900
4357164048
80290763738
11667459871
73232043719
120663549
4485163126
113730045533
23658274874
52576607714
31390929038
16822853239
116386820845
121126038367
74583391410
83952535633
3877587514
95427287380
5087609
53494628264
102865903594
58142707694
135517647273
48208457310
12209523941
60496057051
92190375515
110463477041
105048532509
117440240
82389734414
58454235302
22071014285
62287995772
16484097622
19668961511
88731918189
91037198819
39007405878
13840045605
20129608590
136449164455
6279804044
87823735770
106650811295
131220933790
21065943380
23136834047
84590129
18808244946
95836599052
66867759340
5488918204
52830386855
7738859439
1323868766
120878344590
50016212209
102985690527
85814459745
121370346460
82806535947
3312649743
18497623291
35210001471
379161125
25735994393
73267394678
17859266036
112436456903
66916328754
48104952635
52265307214
137135312196
77776869
53575112465
73573251298
78638674366
73525059990
6290056402
81053394357
79144193452
136094080917
3411320
72198048871
22491813551
51440542528
32305581515
123588164199
110458024
27982566515
85273472420
107800385520
10027065784
115865844851
1824595598
2897255175
44006606253
781658500
26041614016
78206531117
58646839377
123610426749
5609407524
74746237410
28344097193
96791809594
101086143508
6250279053
70287058340
72380617159
1058738493
110374233722
132121781458
31335424801
126786875994
22701407080
13929410915
96106699536
31568715269
28520552849
11966104740
22871037112
39887224200
41935726856
108511963841
76984138246
1688669064
19671104160
28403721094
103626379608
97605761309
2563624010
128255483349
18048658380
90810967418
9049587347
20818024166
9149065053
83941914932
17559563229
118633395888
96087161894
7572912
64941403979
58664479527
69211635594
78640141277
45272175538
51110360007
38257702125
2834889901
65902957130
2954735142
10624642874
27210068184
2036546535
6689942389
4812936499
10915909054
59627459564
10847160135
55005626245
16019560786
47723774301
2632040075
70971215543
52275984715
23317527403
2336739334
72272449692
329889600
22169755853
103340430325
31359076739
88808473014
23924810542
9982853718
1843481863
49996491040
141208987021
46646622506
23308162929
405181916
56197914064
19234391165
82939162959
10081475766
43433093251
8500806146
3144610196
35868618295
9384209
46430969085
1158703748
12111621623
2938783984
51684460493
2174551796
16013139572
24722346084
2734012530
2056321827
28267293622
33156004311
20548956357
5216232378
42560856190
5009516520
7271212840
568071815
25138393195
72829657922
128516550115
9968810316
3028931471
38534789025
27755685426
93299854933
35548253724
32088757658
47882413483
93174824081
69042821213
68428415204
10606509135
7330086322
81397998404
127325038676
42836666576
6868918659
81541423174
59666856005
59707536405
43604752630
31388198253
8504040021
91751075341
2720741918
92496629297
71054713929
36055306684
78847131972
32738644402
105447917637
35253521648
1130644635
48999450458
73073784873
69956648149
48686579477
88078737410
52740957314
16730104834
129841246897
8168583105
60403908193
64428379422
117993145373
4805390919
90485589186
30014732591
91102119054
19095551356
81481647664
2903056053
111489795314
87279270301
82481434215
104347012
23290220476
107838411500
13781816031
55523532099
9641673744
123979905274
3227080246
125306483560
142298502876
79097095574
81981477222
112219246032
35015002111
25966487055
14306827113
10403437433
28866404979
11297753148
43628529252
101938780931
22608385993
123888874701
123360081274
18589768874
11142061662
10181612394
39143128725
2335562241
18439541713
77879191481
1095642976
24678124913
12545812734
26963788474
17858586535
35234175032
7523332973
661220990
138428438803
19250633838
61116108824
25478745751
36649110576
53892882939
131642219590
28623742676
6718106620
51627849737
34299675785
15517179443
114226444836
88831917475
76802865231
85366820369
24877828327
63240733932
22043708749
85814459745
8441335053
10990672054
2675059394
35534654022
116424593008
64905539796
186452508
10288897723
92190375515
62159364363
43995748477
178578817
115188574287
130828987379
27897698984
41955849427
128791144924
129609182339
7193114274
118321207966
2934272527
80763060586
28048667536
58411476290
83903989757
59954461623
71054713929
41536437122
101524574752
53111424
44810641108
44822696369
111815429349
137817392232
489900287
12807327178
14866069586
82056444854
131515764020
2520073147
138369432097
109685951486
62792130477
99997658419
75800470079
130304130350
17664794955
99645578741
37439494152
19537076186
1214582058
777942294
10780732048
6388297542
18108832400
102935066709
65956517670
130206908085
9881763146
67951461520
744138352
45866923086
105195222761
2209622600
39877941787
45477352430
108456473261
27530631804
97816000659
106950070563
7900594875
708206953
80779423937
71086737998
128208218444
74359421381
11473458293
20378489
12057292129
27274363124
11413119097
51062278846
5662715911
118181585159
65324602123
2536758983
9785660655
75165615851
51232435673
59609671894
9684116910
21781452074
29991611259
2525219678
24240619336
23908205765
65904295911
20513168770
132077621043
58027349738
2635549915
8251544398
99345522368
14455485998
108654230197
11417423881
584964088
81906547666
82525046894
965276126
47097520050
14016083696
26992406848
92963411563
6826009063
57408788671
73232043719
11882970679
106819307163
59041887476
121793480230
10898570079
18479635909
45331694770
72735225163
101717315001
88572681641
90163984486
13526083696
4897382358
14248795949
25741744374
4912974017
58651879099
22743754523
106850270121
1024030222
59345716158
12842337
67668826168
16412481408
2649609801
141696444862
26140023453
5812824312
56664788116
9540899287
92313137346
68395654458
1957575779
34802292752
37836934607
65108903225
45955694556
44504308972
104956478925
66723508681
92920196904
34926374269
3949413911
119404861452
31428266699
40958056829
62643410019
90160834426
99926190824
2759110820
49135016862
132540723056
62159364363
39174794628
87048667530
3106248180
51411122637
115627318212
34249155550
83825134089
1044781403
2989981578
53272726951
128448419105
140377366678
86474320614
10792223492
11059351268
52163333638
1292541370
94878105635
32333313811
2583683551
63610784420
106750515187
2122052639
9434816614
84638312694
107268734722
40318540445
7800084678
9586547530
1621808486
11808345613
14837693526
7986552454
102443000121
83370963139
2905430944
35075759072
6567004504
84995274856
139852687627
8592068223
323744723
8583709335
120805003104
3636700786
67701406774
64585899797
84326221085
88938232047
26099477562
52055542495
11282238901
83594859891
99135263467
42488312562
2256042026
55435403711
18154029016
60910347532
125039486055
80782399361
54143971423
59718980046
3937343202
104304807726
54491459032
91622360156
112390524607
626976091
6280986523
19240040139
70651603627
51927756833
81056374777
2183405715
77350260400
1290640087
6665498265
129582566459
23484059228
30878632577
89467631497
11762195
20997911754
82500983378
32337012415
21588259025
100750479593
2563871151
14314694788
103497737734
93779899006
42684754416
52153852818
55881692545
75619217803
17104674293
473405451
1384662213
113271994005
103254218106
7143672185
26096996459
26462255395
3209272736
13138683880
10363986832
36127774362
9324978586
1029848692
79144193452
117631197671
21254379672
31900230975
39517860149
5476435268
73414568996
1117472429
8049235562
80505932727
114285230771
12232389668
76199736976
25968137101
102054637516
26532277993
2775829243
41778093057
44694554400
13919267440
84353598575
59926433725
46225860655
125293407241
150559697
128505193919
5402562692
505639487
96079021767
1306242899
72560623229
9805538501
846657857
53294295617
8899999608
23995248955
5087945017
34307305101
62792130477
2765534451
13617323877
59287424598
3511441224
77581703685
1024183101
2523258356
138589792477
63213221263
70382610501
8174912055
46490137804
42618510526
2356801523
82242522906
23865533847
7023572977
77847078449
18627248972
101992503733
26188059339
27392161793
42977055515
5301011496
1395976854
99165051413
122680816423
7358331112
130813704057
107529218279
3238237
33616692459
67370560072
94391854832
9337090831
53806114345
39803728001
9342908081
44643128395
16166342104
76860849975
76985589249
245917561
3491665680
89557075938
10384469388
116054332596
13241387611
42316819193
90420906023
1579881013
62282795910
1361097925
114059080996
25433007487
67858993260
65367251593
44132348
5703528732
21968709492
42398791640
11709409758
93145981539
63971443442
82421297663
70150085167
5065726814
136800820177
130554025003
86425011128
2865719121
141427732753
140692645499
109031197438
56334784833
1293406213
14497496387
37245059905
1692247566
7658204079
31380006586
9956781830
3706207783
17671551609
71555399762
12959229819
6512628043
132613820354
138932520151
45000442263
11546418230
14211983784
9110739549
36957859644
127338224975
114768574290
3686146468
92702690144
51375830233
124925676772
69970456403
44085907726
107199787990
64296150752
32273242274
27432052390
96581117955
70575288052
5587490565
85451035466
122695602343
57000759117
131906822040
25907119749
24237434784
139344045
35872522389
15583553066
9470438451
52935416303
15248173817
40919374530
131690135859
1192755115
12311761502
42387076357
127180032269
3264533324
92530156922
108444336480
34209147604
38654437663
48291579015
26337442421
45972349595
5452609247
5000763715
29431523968
58866280923
104857655793
6462101971
54439325567
39830518427
62709918044
46005668563
52536157094
1142115258
114829290974
20754077317
108676794262
704300902
105430833777
52106463154
120629083976
18669632943
117062255814
27368410841
3611954
2552022693
109522067756
799301580
1644657281
18806151509
93482729691
7143672185
9333698502
67297450532
11697960699
107375649652
12215098927
6123888914
2819543772
40669941797
42378556845
3422606533
53804909838
20783466873
141610827265
37067034200
6437719008
109370505139
31171001554
23009540741
30748761667
79818415699
119992443044
94794009007
20473769498
72966486443
19142012502
101509498619
49044233731
86583780055
21426573051
3627802452
26699411381
8041608681
54107716031
1324043977
6759031884
62679920055
27808682050
124405784813
68450259296
20957291627
90833102214
112349900384
110933041407
24229474704
70709909887
125938750036
28906520027
1836414689
16897376826
62659055949
10419341606
20663106145
92278054106
119060648819
48999450458
34606522262
7678183
119798862072
28352735015
100095757726
95893517233
74829159846
137829167038
114235350677
77820810117
22831655821
25458322054
45402285744
42358327102
1602030778
99886313912
130323197520
41536437122
1475607602
45728389259
20977965399
4421251694
68931772708
14907445297
10209519443
3309544194
105651322704
16516705798
90649781062
115652413846
26714480523
1265022154
69303684133
15816049516
278151337
45773806426
104707818693
113721159418
286729253
17211801680
7668697173
75967538571
594489681
18076682509
5427739403
45339413183
44673761409
59503001614
1534736508
13964643886
12402061725
3910790708
85938852426
3717311770
13084887921
9948265491
73386252168
57244400591
60366812414
27999727335
2080180711
2010109508
90875676
16684161104
72179804926
124862261552
1066219861
14451227377
4856269145
21339260484
44437709811
134151634935
18627248972
218188953
10257819338
60648524174
14641043102
13078532402
13981380054
920130998
32307429903
39947292
90654519821
418284570
1159683338
57620844191
59212701811
3681364768
54944810
28869020302
119002418767
106424079865
54200799392
1171308653
69185544379
3860733813
27173729563
34795565269
120058222408
41843647275
119707604184
2632541337
100523671797
63171307491
44605943563
594374422
35556997583
38039981697
10184147699
758713154
1878602379
77902550897
141179171170
7330086322
678006
8348671143
17173835341
66037604
23304875
10846636208
25659666392
121880043715
12434121234
46385226528
3963056947
28190590123
37856007850
5760301083
32316673039
39731646481
106010765514
1315825618
54088385601
46952
10791701013
91878285319
78613738791
81356187640
36619498830
85882021307
142813725
9639701784
32040880810
141413807190
9904239201
129305183297
131711221726
97158190928
36308319872
69247347626
120403870675
52675424961
52348389940
103352266300
41366987047
1759790256
1879442519
99896282254
47178522934
2281062274
33776342246
112386991719
1968106478
110096219059
7776711793
8833455213
107650080431
98248693494
135852449707
50202012087
58386331508
4555547036
14337705750
27454131196
8275658931
104675482446
10953260015
129761331829
136558520397
30865993437
12436935079
120488072463
33162561936
138855661954
51251229743
83969226654
58367476053
47178522934
74043289709
68560909903
33720149
1251547225
632677473
40592871005
25058945245
128278173633
107777919387
58963527110
4713968975
4132818300
100338733356
670631137
47114389661
20344172086
19261230589
59111450533
11657666677
90526620448
854709217
1972414088
65937769054
88980463062
116611739992
50202012087
13233830634
108307415363
2138429598
6842082486
4225934546
35716524595
50276425465
8371554633
94422509827
54916719814
76624712100
64571330076
8330843762
3860733813
22593797224
102950252238
730092157
98778158543
111178740513
112781253044
32910112122
129751819900
74328062967
526060922
23726734171
59003964164
107351503576
62788214170
86833817747
27340639
17668173020
124057958788
61590678190
120489903280
8197993602
76212728109
98784765551
91811489145
78034011413
87730540416
30050324031
133896304853
134841526897
95378621072
19417700744
121946368699
120981059558
121054454532
68090280184
17470772891
48263104400
45721744691
109515096914
15077921702
82960273887
20084810966
47282135456
2377196459
15279465461
124381588348
17790020676
75994921756
34615147305
138745339466
7275044383
121863465140
114854297504
95929302657
63392814182
16575479698
31023285631
81090652872
24878635304
22496409329
87177087975
135688891325
24864918699
72921333131
1691849766
20594285397
2618283296
118212402710
116726982822
40533553928
122484989755
38453254
126535137714
28891692180
9937749838
5906775543
61697986461
2997480878
12561648290
68693537090
123692072489
95776443841
91170231187
127323154987
3524267888
9788640917
26384838722
80504447728
41722099842
115661377293
290279546
83616054615
31040485082
70300901946
136351564447
944468803
32349033966
14208968843
12794757994
14299566673
72958019171
89232492285
3132250731
12618294890
330566642
2877523884
559556189
175833468
77797464941
7073416832
135033695290
123981389
93288631160
39937782221
104665271806
17793412277
26408967401
10249676018
96331526204
137903754386
60711359679
8669811402
9735568634
45712886109
43434171894
50705347199
3493698941
2087499402
30258089468
4868686797
14373472507
21243969464
60066653955
79409386118
53700172343
84224357000
2460425182
15080408934
40434798301
23592
11651140119
66547132274
23380007031
339092824
141616799748
136294973212
21009736234
117893555468
4318484921
1097228582
81695449837
701284268
40806564830
139971397021
45258954450
30678533495
6212190496
34268214898
4854545698
89313970203
129643407445
128480590064
9350668897
7944622202
76724621597
1403182724
1197901172
67137839468
34431408783
72169982073
34476334140
136675737213
20029248461
71595918135
19185000709
10212566339
22289294100
3646797746
17432502292
181718914
761724793
33462142443
18123206947
12119948178
109747005057
78120249220
29846863030
40048304326
61637209528
27907979330
115562798420
182109
36468658751
2482734718
28752337778
83186633135
33238496963
130104011205
7898818485
91222520668
71635050723
42786357551
14060428616
16025340807
39717237455
109658047558
3194844198
19472370139
3580644
12686455602
48385038673
8530861295
51309983991
94813411719
44852295192
50164825023
64362250324
137601606222
80200329379
43842812496
10257310285
127492753459
138243595505
3308133097
13616144373
4704472245
8613913230
25150565412
69022248960
33071752235
105509430939
51996362925
72254196973
3218726270
51351133362
17368813961
132091060192
31864429948
310086566
31666514294
63097992851
16766250591
40533553928
66085153188
45878014762
133732030444
13216399274
17587913
14331042665
77485591865
1977158398
32768429558
116016285
52916864
84534719614
735488577
24745679111
67218972734
122180483546
4383263258
42287030447
14372865864
31586306
104675482446
102990753592
52258189646
73234871375
42197722243
97310526369
78117325210
47401659838
20279532859
8651156308
2983024152
59602049282
78434904975
6123888914
111407153965
26769776615
55189771936
32049164471
7774949179
128276282680
142021233807
9118877376
60915487438
25162740655
92515786935
1264680102
37286895289
89500580068
100580352473
30130492241
7078452476
41684086902
69796574793
128244139081
84590129
64469394791
33979094068
67389520604
15746625575
21153372756
5786718477
9665844607
97845584449
2436769884
306739401
15923387742
46909921273
3969577468
35771087051
82893935665
131688219050
21092595734
9147146847
99295835798
17782560447
5048478747
101895140075
1556745354
78041318170
136511647881
502576586
2360825648
12587688578
127968241973
79995934429
78879456384
136039497473
48313225716
6227490779
64067706921
43655554873
45056479522
15078543481
35117258675
47919844830
41899730226
95253770887
120327017127
6237701509
49060315587
19231566993
4641981662
55998475140
62850890774
5266436376
205972037
1999890365
17686421421
99745155129
448913658
4914361063
73441474603
227702301
139510696552
19905403591
116059720133
20465748249
11984864742
12928200275
128032467373
82295083135
72583140461
9262610853
2426427409
118871460393
3476580404
47476156344
92426402053
172028797
52236840198
127396632892
1451072043
16553983
52494533627
70227546661
44840786
18400190118
57664550892
30326017516
47355410003
40227321171
109603993955
98268458702
93537307189
43851482234
47476156344
103727998458
105396670787
83988954681
97348223854
16497136628
134769742212
62394641900
1430941533
35027534766
130966578525
13042164633
129117273938
90208091558
3730573
10792745989
25744208797
94069515224
50386970578
96082277727
15537393575
25923602883
54273390628
102695624299
4386531820
48982233289
125060014254
69893148137
127862498019
63268365
72144727557
132000840991
14981087936
20757749780
3815568067
40076215583
53628003827
19503643429
45445330249
3321127417
138312404308
1814467705
1155115720
6160150371
596104395
16083742
81857115319
92582858099
22132512550
38655452450
85777619355
82204990051
87733646204
71751109932
4235559528
135654272
59135490082
2946222520
70729351065
84458591566
1021127321
26804158170
53923028820
59183583842
145885433
3692727436
48735789662
61477015168
102027766590
2588896172
18164994520
117732489565
96795077852
672717948
1039534403
80670861708
97330193567
121591013006
67144598671
120828836947
9488325
137239076961
38559108939
6769692602
40554361706
129326070586
26730392376
90904268869
35123051189
64973291107
68495325923
44792013075
3696619195
4291608714
45585645860
12784479058
48275632217
7741057724
63600270830
97954093007
127114152042
20109370600
50054505068
66516191639
64568681244
8013830977
110194096543
59722794855
75601967315
87246751112
6230631519
102190729399
82451363235
117071275791
5022487785
41768582048
43162838230
14660646828
1153779
37493427462
117195790268
34358827505
54827882349
115090203934
86469697181
9953775700
89557075938
10021533001
21860634815
93921426842
3831103254
43076874432
59632542130
926220836
9096387315
30019180034
7089790227
4036037381
16730761643
76510401521
51950226186
92383321706
84342951250
83201734951
38682857129
130924530203
124305292679
77154010129
80166244506
40291578263
7816424207
85163359606
31071276594
127082158913
26468086524
53684531050
233743799
77784335378
1374998751
1111555648
47391505325
8970604669
133224405843
68113431295
102727647348
7430054657
35979002328
109205137462
62719049707
119811640975
2770679587
122745512116
133865373857
133178131967
9207672645
16489312502
99604104230
107748544578
9815982802
5530143440
16250335820
130370872691
7532865009
55675482633
16049117832
39616455339
73370680787
15961178203
16256159141
53407009209
79502316217
18976846627
85457162134
20336177411
132002760222
11234165779
2936925853
2914410782
71668602143
36250377067
50324120242
31992120883
84458591566
48099269172
55167804074
15693231899
18022708070
3746197782
23277743364
87285465213
103122437904
36591871028
2262977578
9666831835
56199146291
764743558
1222630064
103450363946
37281913732
2820322945
469837026
17603368234
24543318975
108697624572
169816408
18906086610
19175130871
683203283
113064572290
113371336431
27450733836
70501789637
112820187602
69042821213
10220185786
8433514476
40374571867
15625982809
24488868611
91816259472
77635613664
125635500296
67691903119
18447141906
52977219476
12072230
977038853
24595426490
30555404094
7518569000
6434924039
135157999534
129119171265
60993896919
85005257
2549803884
1889116113
27657530053
64419119345
892430263
57544709048
117616731445
126219887104
54565456029
49476106
57087708867
113213470616
8592068223
162915783
66970322146
13989154105
138064776308
18657121011
110747200395
2638810678
93852256865
40465968691
33821761390
93226110075
109759217726
5517242755
36288672930
3205939970
36321094075
30547324575
92408849366
57212050739
70222011991
63428239363
140623214028
104936028407
38554041460
125371876491
22900404000
104415261745
87632737063
16127007209
33447083055
23765336998
111175228483
140736296695
47810993844
36535660067
1293752205
23319868828
127441861738
23683442620
2450998175
38449735193
10792745989
28751467915
33835962059
44194663878
15569635002
2597098035
8213403736
16170859303
92805010002
63752815982
102249563014
71220485998
104832107494
7612388906
128751356123
5008815946
858751192
68470741627
129966882281
111356177430
2626281862
65138173621
8472657139
948729144
92949005302
128813884598
58295850346
55303348769
103149461438
54905764079
59362195769
68206076747
34077866078
136353516080
18184877705
211432579
3773988558
94719648805
57863309967
6069509552
34768662193
1651720673
60417982184
4915054743
66738330302
52578987566
22857133650
62420667244
88850674881
96090418028
81063335
73006007999
2639061597
97898187127
4246160719
102049598923
102054637516
53011869173
3246336045
17392934797
4777664596
5612011139
133884705311
29704240447
15515284966
95378621072
42892364762
8963958781
128007908864
56381686561
15986826667
43894844164
105277142707
98314586290
16632395619
11323994893
118820552591
9427505151
114445634865
1310594154
81985974223
21723478323
116770214554
21017127946
7229563264
12312881262
13537251027
1234253921
1899660873
36067053016
30519502606
5416420556
43987063241
517883186
132396510173
45036696036
13772914794
86983721956
23630765439
12762221865
82015958011
135918680989
101054389403
62552179031
27682263746
38791558486
1034147002
21398941148
132542646379
6758212138
11844531603
55155602310
3911407140
37100814994
2274561184
123158139353
104546181466
34707212865
90441413024
70181893230
12722887308
2779437373
87552053981
86991452509
110559761062
94309601505
67970506472
117513685840
26768099915
45592279874
40695995626
2519583361
136476499233
28499766199
45718422572
1791014799
136140877217
94848990099
197858285
35272873908
76082702
124770896613
65655526895
113756706672
7567144248
6596508225
37444486277
3474262472
77899630835
16284643667
494490627
36130714109
41476402397
5755778967
65650182227
46773136599
6137134006
118225093541
57753261521
12009717643
7935272769
11435727635
96651324280
18305789307
381349157
15989392711
91654134176
48718620711
4047953607
118775110052
140129753831
80989329024
128431340
33583679114
4593211
62045154009
6624871047
131207540515
26441434476
23974659345
119423088368
108045951922
134008464375
1594116727
46229200880
91289093956
23094905
59098799851
34257731703
41338606298
27524678209
4761614267
109335679617
92547721769
90622930711
17694534499
64004401879
67396293043
39464508049
23830005598
32958481
1282703875
13458580369
43339314944
29253933888
80451000472
40370419963
99604104230
128823360025
51947860746
79966335139
94270908329
80252211566
15487512392
43259640994
63933222835
19958637447
56517576239
34827908
173171220
101824661397
11990385134
30361798980
65059693204
492609921
2862837138
1832056384
91636657865
38441639141
69698688884
74413602399
1437879589
36331904826
25952463354
101687134067
43487040137
1162624784
34389378711
25438722306
80862757425
28236255876
78057393877
115925068172
110008866459
48601955971
38503390698
10437312235
44544796
133313120017
3379937848
41869038801
129774648934
14402605711
48575669754
14576202360
2317007554
90118315111
89599460457
17519848144
112583152442
4812593346
46963798325
483159296
65680916468
7230411958
113298599950
82999488085
26761394369
142755877017
108291822368
115077687299
44244737726
20167942249
9244278819
80888064558
59613483389
111774914274
103240697784
70119669059
40463890213
52049622890
120339824460
6048995317
23771642390
11435189082
25684276010
1126620670
103731386710
43470853064
37350691825
12256396235
3212885419
71475788461
121756654664
44037015447
63384943528
4901538208
29880576190
134517669994
86292559572
16039475727
56928766735
10034110592
53106321120
5602344087
1146981064
10380882833
2495393014
32546311657
42533111020
225060103
18770580606
103834751809
3719714826
1420746659
157995130
7390070740
63280047422
8957315387
137305285
3720315728
1019601189
42492577944
54920372013
43860152904
7933492665
14622677730
28697
23656702440
42267885329
70790472501
94048582183
8565147893
130687651525
77832484211
1714604416
105388130996
92506207799
57449921838
9681152620
18228112188
787116167
50808198041
734229
61972527399
1997502260
70898891053
1484328559
140662886726
80655995756
2327333184
5382901082
96809785639
5122254662
8674945659
365904268
10355289109
26851155092
14774863570
287043821
10114295333
130517767082
77581703685
2852633473
793798807
69813125229
13162437755
33026865621
12365001271
55817820859
112129250571
95323482792
39370201465
21716707782
57580898577
55215407989
110771736899
82232012727
91503259647
99708637521
58223020916
102360555110
16239338603
6205917986
53644838271
85126671666
494804440
98779810266
219963957
78412930500
220923257
95227838681
21514077156
14154151078
66588847251
56285440643
45016919132
29234625238
92539737476
33999026295
94734195006
98662574993
51468793700
78481793389
34150133520
675792875
1530202872
1392739828
20435864848
38208258974
4132501141
52316334655
82427310325
33642171382
30876773
21924839134
9330791382
1182168733
39574331226
21480399117
3346916032
14172211916
60560094439
122884204021
4462377695
18852936782
50740397595
69112790106
131515764020
3602357354
61219118206
92644529
2709281939
51636103818
7085589841
109970441035
8779363844
74162828827
687048144
2439419415
69185544379
78610805413
4201602408
81643092806
127575711183
81711908392
127568168691
29909869235
19707551829
1338454951
110132917160
53643635722
99203119632
23790563268
44840234957
1697821772
23266828504
2833587548
1639369510
81118975293
77395360279
582795415
19643260613
125929384707
1578346009
78489120842
56103076665
81251712880
12381276010
1079543362
18660596158
108406197430
27477920054
42121258009
26015183642
62545664934
13111483127
23430828974
93632057034
115464258699
27843758283
630298583
67244676519
11380865319
45955694556
3847584570
12053416400
14982947127
35963360414
11567541267
6142591976
187206088
2826820572
17988295
37620433861
11067819652
33170994277
68580043949
7129760116
110054286183
140948702616
113431671485
79524452450
745303993
81160722459
137407542709
18249407037
264178718
120940701770
7594101548
3488471587
122001652255
4528253878
54438113464
123677811
27930259246
100222193926
122467473
7165624057
25777080563
33916493390
3436992665
129681441579
88362158114
39822274041
87657570601
99173326576
49808770556
109205137462
105398378796
98368966637
125768359439
109658047558
86751970264
14406249105
1184149787
103543429289
90708233701
70783525480
98570158057
239434995
1008952021
13569013673
92241383877
83638766496
2007280313
95874000925
131073645447
112138071996
55058032444
241298995
3118001717
30772189405
50941594913
18197911228
55058032444
60549845909
42003527446
115675719551
104364276157
6988076482
12883449951
59021659884
64783422432
113586136670
79913069025
3727831009
131303222943
81961991985
49101681319
21213500339
2264829016
4279658183
82260541672
77588987594
50066111894
47455834076
781525637
14869155427
4364006891
87566014798
126206760257
64477334707
3133348131
44839138650
1069972447
14192091033
140462596615
39969787910
7898818485
38534789025
99567615144
3356863737
47597055805
113426347182
19393585310
10025556615
9374461338
118176147202
105863486274
9259715141
71171708741
35570601753
34663081659
1083477075
90064788073
58468073059
38158846977
8902364165
88410479755
98421715815
1083004626
117071275791
33215988355
26962105686
5509510476
23419096455
60071756657
102200814065
7829243678
146603738
32046403168
10638642767
40794039454
79452155223
104973522767
110559761062
44259983088
2159387279
119517896
82152460226
29076900198
227562755
986317459
12892049648
99662170993
62810408531
58747677471
80081806219
126073651574
19130744446
128637752
41396430483
116874727214
62963263738
87606355426
108051143231
55406044253
18680062744
91945110947
26014357933
395450758
122776942881
6880084446
99347178885
72123686274
140908987148
8875428870
369848068
135648015790
22606850085
14189078146
43720452099
121618611721
322908063
14951359088
65467269056
61661774901
69613262300
116458772283
110407476193
34595982157
10082989337
20336904112
4229141470
618123824
40949691641
11253383075
107826311457
32554661562
81218891078
41180083707
77065247
141469515506
106285074348
186452508
124095135796
125854475603
41915609629
76136241196
142578038322
139429711621
95154922908
46995245469
66917678177
598878413
129991635796
62880934545
9393910364
5400011863
60794761184
99029388537
63714661305
9917236483
59097534854
89852412208
22882626775
24591415877
4094216104
1703806090
59390089667
656602784
36790449871
13323494300
71354357228
114752505195
113073432383
2191139633
140048585312
37987657939
629942164
139852687627
1717209303
92515786935
72206469667
13910320591
81041473209
8511434507
134645616932
119290065481
346517680
33652554197
5458469269
100972522046
123228520489
107781375519
16328711085
1292541370
1861418187
99615716235
4510660861
12006954726
70776404
7133974428
33784855799
241370844
56185592760
2024945332
73363603590
487405259
58817057496
90033308683
71024091109
54924024296
92547721769
3910790708
90864728382
80752648327
24772243010
105846367644
48915688837
79147137612
22576910780
27353996472
30635361227
20241817739
2269460456
73578921814
118212402710
106643937005
102042880999
73126048968
557214546
13689970020
59969752753
133575582461
33818921689
17171172803
80879132120
31593374648
8596627
52915118838
818244182
85814459745
40536674577
39660659392
655268467
40269807974
64144244657
132825540364
20454813446
3446796513
37558402553
86014144631
1282359337
85673285915
28595109265
108944276234
127583253919
67060568
31389108482
140827589553
1999890365
40362116771
4662540015
417137100
123942745858
2966994470
67328584937
68369725315
108652484
52984387586
131236241358
11748165517
50864343065
56189288903
34483027995
50002290951
1462482673
32879325963
103134260263
93280614501
41280829223
123462044799
31117493975
1207395861
375891993
15458507542
1365367445
69096323300
26782352924
18228798925
34788838344
10066347050
114057301125
22258046205
30246478485
66114649434
13079687790
19125111444
114438503331
62444094400
65517974472
61140566039
3061091950
69147102839
67495212912
123204440794
123491714297
69873828251
120607102800
13800220840
43168213635
68853682309
14975511105
7785968570
12350419715
620125051
117002735993
57275514560
57991013943
18716241508
100945796340
55019029844
85392845164
116242977439
60903922957
230783755
110187103831
18182134619
42855942352
48342855618
86633137153
30594022413
127334457345
122978561718
137723211282
124260642083
2742195052
62489259
114356506717
92332276104
100225522504
34076915655
99002929211
13433968331
126461919667
27066547610
52385204817
136018058150
25136770507
126401858849
67967785592
507864372
4376403851
59525850278
15952847042
593913502
3984190991
1907482964
77616670119
679740371
84434239098
93960045878
27907122571
3171850
40659522573
18831980430
120850839127
70750184392
63238113420
8538730914
9260680331
6976404324
3777925127
25138393195
42302987774
98741824463
10246114247
114586527134
11452967919
25335958998
9787647437
24605855173
1896916230
3070274
802397481
4463367088
1075301433
3648581286
33022191550
29038407658
68382006818
90173435160
18827092301
2372918981
113220563572
35915482991
514889172
142659951091
98918645
35441462958
40252189315
1967891217
12997785020
19741886223
19967997024
128382198560
84314055141
43524821696
5865597217
3992599744
1943650706
44431161663
3600881063
18667547254
29538156553
17862663701
23983369396
102798450354
2314195704
12835347121
76274813078
116354448975
58957210219
257371503
792995049
42779937057
88418274450
20209933127
107980208592
2606807160
29584046021
46630961582
13809726272
64898899321
73939489924
5699028506
66337425866
7215142320
17419084300
5712533168
1734500103
96491356112
112493002937
25212283436
4816368613
121979537529
78882395332
5930104624
77457934624
71260912391
23584428546
71446468818
1909811659
1973491647
139514647668
95771567208
140345660048
3988549745
34463905169
15129576325
106750515187
17171838420
116074087447
451202421
1694436161
83443543981
6238487281
124590071
9228374502
859728233
56880385960
29203922137
29964944075
4016945842
24650016
76462677748
5585264099
9609166982
18208203677
68180184020
45717315231
141071860386
33955373447
89841406859
59853847092
57164784535
89167412
10358870084
647170816
12657464459
6308612209
120794003916
9741018243
54713895
25375080946
13603174261
14082629103
137231243955
45989007514
4506350844
62527427706
29725479319
12844503221
99774468
73604442292
60396232297
2101953781
12901225670
36163061340
41623937997
139236339
25599011786
78004787669
5838611334
7701102539
55468443232
118032994637
115627318212
40208675569
57672045130
72977777001
96388591681
14069426411
108044221493
7423167313
77742036933
123480587907
33498862818
12960954932
80032942712
103914433422
73518448
516385066
20614041668
54765861088
3830493474
75028080267
45037794989
105598315171
79315043670
24692592781
20589164884
15197557544
106467000196
15047470971
1761415830
2302731067
48878991205
1605512000
63535892639
53267934511
15288860246
27120533362
33865319984
137278245807
64334484437
12534506510
132817838358
31682982398
707197945
61885692366
53673704181
15925948280
8275
4041679923
1295136667
9981348499
1169667727
1120838164
507228192
70465748527
11601703258
109862185027
76682621904
2349473128
236652492
62933200779
85858986300
49288044059
14341341010
52806530911
87558606
7923260440
2537988076
68447528588
109698160897
21485636042
32866269743
1165079113
21565015504
85743856347
92370559054
131297481028
47274247707
41964323375
64587224388
51458198771
106437813303
17656013108
83779656783
70572513808
24000793592
109560411730
97361337678
992327221
160648662
127666239461
14465830555
53591938793
5987284569
131749563934
32663316005
15980412289
53309875482
16263277838
14623901808
127306202244
37082928564
37630443825
65869492175
34496417619
15093470881
61874032765
58661959293
34235816870
38309195270
7980299456
430044706
102533901289
112074564006
33557279528
134308441942
76500277094
38886165493
135848554313
1212909066
1480614541
105471837147
36517918441
119280957208
27600431006
63063969043
55848523980
29873476854
58470589225
104936028407
16009287590
38912637553
20666770292
1730470229
72670426603
26898195228
93320700748
27142481644
47220177501
139082366801
38235499337
38032936420
32792641676
90113591436
13479108298
16323523865
13251854415
137844867646
26548131332
7298057459
34243438642
73522225618
12237970358
62807797251
10844016807
132404199545
95547385390
12529985280
10347617372
43985479
139645071434
6785288990
31897476374
18359504759
105302750032
38685902622
2210994808
24642778051
81614678271
80755623197
119368411776
33690326089
35616290994
102079832377
127786996039
260801057
5224104906
23330016965
5968450810
11907164095
90477699657
138613413379
123202588583
11766201420
89000800181
110910241138
98799632208
84096740056
52395895336
44176165727
85754797
4113178168
9389532699
136076534764
333963302
14226460572
2343572913
55690198431
5736396
66248808700
21616769291
110712153129
3562314264
2486382559
766321126
30359114617
9680658627
23161714437
137211663141
11766748201
101817950473
108885191388
124793268595
17494293740
9751921607
17034322387
11334179192
70886376830
19301525248
12052862773
29580514607
97834079074
116014827708
104267435648
47337368423
17610113162
103262668679
20381258987
40695995626
78948534589
60098548916
16702530326
9102605402
62743839226
7656455965
27119689361
54058189666
47841595747
52814879804
41503780641
125261652882
11840690966
68660709472
85855915194
3037292088
113531085195
88108303443
29021793789
41137095176
463952536
22066462097
78227011549
12022984615
401048886
7375048583
12881157305
40918329307
15373554413
137805617754
19101179974
41629212156
2211223545
115858667427
54402969131
6950598210
1513264592
99325646414
126816952954
129588269540
113495574731
43965355107
2327803062
39331282111
13060630569
105104806698
91182906193
108605639585
122488683085
49225885769
81227841838
46640962
71032441741
7418434720
77718704785
6964327555
69810366675
37193297539
336351960
3286720311
62323100691
119937640508
46454408374
1515704445
129434334299
18294781077
27683116825
77331351185
139192835741
1170652127
88669454269
90668736604
85287241615
2080310
2511997120
59286157729
15629785573
96695419159
33440495536
13806161324
136636659737
13587265872
57423745015
33762155029
17247812052
25508987350
20572345619
12566740719
8776076495
87477616177
45229213457
7050777016
45894654647
975695482
69208888874
15403730341
108142878474
122101190833
85478607340
11271546675
3329333380
11520989003
3889253176
49358305564
102884456971
4525596202
7483967718
16484097622
166554645
1232058988
17651960790
114663254865
87386162134
92501418448
58092234
123376763443
5303899222
68663444736
9594412234
3693924726
133259116639
486264116
41559620992
15530443516
133274544921
930293210
119771481063
101042691840
25946689981
15995808961
22496409329
3315474151
4303901638
31884622814
59541085598
62356914685
29580514607
103529889825
89811539004
124201121099
7044075740
22769953073
20830530447
97699355500
73275880544
4923382983
7547607851
30069018728
110715657621
38556068408
51473502986
100335402728
9771760267
1149581416
115041930381
107812483779
17066161897
49213228078
16774142157
73496719688
106649092702
57970971881
14117465323
47531501275
33629902413
137795806103
89885431441
73145828732
107227363862
53311074019
69955267422
33822707997
122016396375
33729064022
62924052610
29563743986
33436731542
2053679987
137734982324
56122777245
1475792893
83729646726
83242515458
74151440577
75701184430
49936195858
23752728456
79719385908
31796552318
95490573163
3488471587
31087584674
12608088304
1952213812
81225597
47866537959
99110443518
3700512882
39151299353
13679916359
46129046924
126749286020
16714344986
54535123784
11896163727
31403675538
56239818092
40334100470
65925717621
95269611
2447376978
18719026066
74694790856
41241986006
32471217512
10796926437
44273053090
91849655139
7745015321
129795577483
99105479921
24172994201
36248413777
11395909677
1053143991
244180417
242809754
141314361606
76646425407
18618222375
4207679215
13198978894
51514719069
4617773604
126527626998
30361798980
34663081659
75476960560
20314381467
99536107447
29908981368
135673319045
10300627672
124137896595
1609772002
98945061090
16563715346
12570702264
61073642557
3210106225
29365330
129185588448
51858015594
28904775387
3822570468
6778719998
15629151770
1285116805
17409024545
100045871774
137374232994
135799866320
107346329691
37373630426
128229014145
71788884029
87319540709
129405838848
130205002222
39239191509
134306505485
126574572625
126039917966
135192970842
69723498560
30495280567
77519077938
125102941555
50873703881
56058761569
21122972433
76788372443
23651199337
90586610890
529958512
1231939
49321440212
128476805054
118479066167
86221757350
15383609095
15842624
82036949823
1033532400
4855924426
20415468358
118208776886
50250840705
34942742362
587137199
85129728664
10170967983
101742469160
98608109962
80219597890
84897563862
112965368946
64612393659
111975807486
25629330991
50747409291
8805685060
78710569291
118773292581
15306406296
118479066167
34897498129
1884066299
21061503172
12292173313
9675719335
102251244233
541520276
22420636114
92552512660
63306263300
237293367
4316214678
100778847350
134320061150
27689088810
82053445442
94253176928
1697622483
137648672656
116232193119
82991946092
86583780055
8257000976
73510889016
1784868779
13596692032
5662715911
15623447795
36401723431
133066334689
18816620232
24618694645
102963182
140321881848
1738534445
63171307491
88130092639
106542564226
16184414646
129339363539
80724390120
587137199
62730791332
18047975129
13092400890
54441749807
11472918814
42963112206
32790778838
79602693485
12207294401
894566082
981971744
1750055476
99420077159
29369043101
124273664270
15237543264
69430182707
114822146748
14539565278
807392476
78829503512
58503302943
107053365137
15892037395
438245832
4184035407
6329964995
40802389480
47906231480
122830568214
238934606
135461237222
34603647453
135496248752
1403723865
102047919422
7086009800
14113258572
45670821931
4955723090
106511648124
3283907761
111882384777
46343964827
5222314993
33152257391
4648717094
106865752962
2167754500
41512206837
79315043670
43792979524
64416473701
6825597126
7440822872
4354232785
1747019581
136667921283
62548270524
45000442263
105053647820
3860733813
875016378
8805214713
101042691840
6589631840
88228175494
109079887344
123065558461
115611186793
9321104560
49683820174
53680921887
35065146733
120074670357
20273728001
2775571616
84813643831
110948827278
56402676746
63559537963
1564755518
12384644788
43507548114
5791253879
29698047658
140008999678
59078561353
19228742961
59246891544
6004608120
41599681896
309186753
116509149531
84798390651
28866404979
26605748177
33559164848
27447336770
17075454161
54778018606
30350167595
11897263487
73965077422
417232661
29831787617
82915040087
5422626159
120715193813
6790628673
14256646866
24023770631
74215512004
110403976713
2193416345
40216961677
8082531
137008114325
82431820046
760021548
81632095
12537353
1112673929
418188863
12316800853
68522648291
6790217866
366798862
81650571351
38229445203
35615318621
24525696725
121782432016
99597469110
13664548363
67852196775
49237393853
122577341949
49979093581
88134762056
125076811059
5319435177
28421879239
12391384788
92713878193
68729109438
124314595906
87375315275
48742658112
13997528857
7317693427
142464197465
33651610230
2780726690
9134204280
933790374
11837399596
102054637516
62904451445
37201258447
34075014861
48993710917
78960295779
65297952829
101059402836
12261982497
46201369763
17031092
325002276
21592009300
23941420877
10105202121
685310150
97553238597
3921276864
19189231317
102650126408
90427215571
132571497940
62094457737
121640692477
36890452894
7007275504
6692797014
7396513101
68719811
115170685267
76763738032
15163236141
8548458967
4144561553
19868042633
133218621130
9898243245
121122366739
4916789154
31171908833
127943689946
108772283595
2695313290
106750515187
7624591646
96280996999
136408167932
48426100715
45348234933
10204442223
106207512
15120856943
24714302886
33452729967
30708235102
34663081659
5602344087
39169686223
24840725225
6833837806
35702890987
27997152858
101069430096
124823101143
5990362355
23067706192
113658967081
1551417794
12154958829
86656279388
17015101186
108189627603
274679150
22477262838
95643196895
5781429827
2218090627
3904629740
8189842476
63700191500
31886458874
1077657064
18720418558
72949552357
59534737237
18983860493
35013074297
7868206510
109678975088
7105764129
48167495604
5663463349
7964679451
5475334451
5009516520
91895784492
22950682915
69500357278
116298706624
14677811638
965721523
3289533911
10490289466
42308307357
5740340064
40620260
22301495260
102094950770
17299228949
26962105686
967206915
109738282130
55763805981
135918680989
50567605791
142156840339
263200481
32053766894
65203393544
65616782358
6107547926
55762578740
77367716952
36902343830
19278898676
3279691356
10096617090
38787492058
13823990248
5100311114
55237386353
87837719345
15477420230
10863408294
25732709123
7086009800
35771087051
32371232818
108154997599
131475540143
98466236698
39832579703
76846351701
82023454770
130840450663
11994250093
137786732
110980403568
86989906368
91824210237
57988508475
109093800834
5105262178
39174794628
48887018038
11632657053
64168008029
27100282296
117548029567
2883829796
41155964850
231697856
6194557113
38404207074
19676104375
104391466777
52324644318
98209168582
20259945320
77417186134
263651761
33959167951
77530726982
135488467958
8927923679
35542425000
10703581626
91682734292
98034693412
9564936148
58551129669
45764942810
6099774186
106523670445
21152630975
26151613905
93636876223
3642638350
103058273432
10995946420
29965832812
2968061830
37985646115
57061616460
4488801051
103648392771
31414603552
5075242727
1906424883
75321928360
26754689541
47486319135
493131894
65840049225
1542497999
66553859587
29240767961
17604042653
66142810851
56204075393
34527993580
22847867212
88733480108
117076688006
36133654014
61910310563
2779179536
38654437663
106702375013
52238131
20701229895
68140673409
114593663212
20885016693
2373631524
5791631950
17331995774
65183424291
49357153277
4072465897
567228
17669524376
6793915849
1301377591
13452718321
13088355247
52917506574
28987210
7420155320
141654628253
36852812760
913629957
131341505071
17862663701
37206234646
116216017494
96049720671
8612518199
6696060086
29704240447
34173922403
78751668709
166849958
110265785892
8041608681
118793285828
78149491964
66817859405
4332117841
94727729868
14634920086
63589757794
38903472874
89371966760
2375057096
187583538
120663549
94380562713
112478864967
19748327220
84928091200
89613591156
3920042538
30940969290
41432197251
95433777286
43226286461
57370158658
26437271063
115059807943
2851849352
3847584570
4878358013
120933364808
1000017876
85725443705
11953422621
25230976121
16822194488
14142718385
104985454324
102111750618
38265777131
27661793842
64069026088
70310593705
50378821005
25312338461
23356568065
32326841906
93202068068
1544772941
37920295226
7711190278
76704343885
107812483779
62130800307
22567702816
133351701345
119656513736
29685664570
72216294648
20535805353
55644831094
49785619996
48763266706
127443746451
781924280
12613191111
9253925173
6117661358
102989065863
103807634425
106606131653
249850289
65841387334
1702009593
241730219
86478944265
68993454817
62033479126
1803132972
22040675811
10905399112
23022717422
88136318557
6713612805
72969308997
2058745476
96909499634
52504046071
6024658576
30813660095
47470510761
431502835
20996433912
70061623449
44656255819
2060729399
20255593852
53908557490
2378147561
103602675992
5982284970
67506057850
67151358222
71299956171
4805048098
82537079990
1024641806
23546765362
97582780465
23294120343
4460069502
12030174190
9360375405
51788029
37120694274
85431125309
45492815384
40225249167
114847152520
18402949948
2012722876
27212604323
40868173707
96942203542
134263906591
136400359788
10330748751
13562540384
833967863
21735517799
9723682994
66855619583
72669018264
93477914800
4759567259
497213277
401611068
3794296331
4074249
89544519894
16681538180
117663750725
117830202447
97141819636
1622003095
1228518167
75416651442
126475059898
83719041267
122353911470
141022192973
141604854966
2729925794
3601766806
95841477243
1428571896
43663288
41155964850
60701098811
138448110341
52642078263
88591407271
4918870896
1178213125
13185631699
339865769
1639436
84867042444
58245617724
187646477
26193860326
36838949644
60162363066
116827870762
19724000056
108203481441
2591131767
26340767051
34433319795
40380800063
13579021258
97413804142
47770206446
73810202189
75349191561
34157744990
95537644880
63345597742
57164784535
141179171170
63538519559
108000967110
137768335601
5814339582
141397893304
70611358366
76642082510
137540822971
25663767333
8271561430
1121800854
48238053450
133108735803
25032219970
69636681033
25457581
10824119827
2296194911
10540834924
9822948536
18599481850
16465851674
76634844627
8779363844
39700773521
46694740389
43092985591
15501395236
92493436547
3772475133
13579610069
102909760088
13159539882
806446161
14005906717
475040675
11893964375
2287341283
1273246518
95135483794
6457301627
99262717280
58238084976
47063791116
141340213763
7757333861
24872179846
123680937523
95208391937
526060922
609802445
56689548538
61717389840
46075674262
25212283436
103352266300
97205678491
28634158794
40800301940
17249146608
31912168982
89440965086
122991516217
79521500774
1660771059
4734357249
127247817333
134399472685
50851473346
3936106152
128378415110
80999756591
111634060752
23805547273
27232053914
68050797257
35627960520
24415289735
53026210121
47982263885
69500357278
92717074945
14393498902
40634521803
82702618546
141794041551
133372923526
22882626775
34789799305
2221528336
1280120918
7715578536
969288589
8683902
62150274674
32913844920
967652814
18667547254
17427805351
81589258770
88390214682
136976813751
43868824268
54911797
90308947816
34951409485
48670562699
89260692231
106576922506
53573910736
4077818482
96228854183
6508609411
46888604172
576882209
45027905686
7304031151
31708608070
14960645683
96434257407
29684780153
94535496591
17604717084
12400375570
2773253805
90652940224
103861873773
108862604423
31432821934
13784190071
5909831895
82838175656
105750532200
84350556419
847211827
115179629586
36583978972
61371209080
3488471587
7451597339
1884697158
19263350402
703923519
34185344679
196178527
9874276565
35958473299
91970575761
42024727222
54536336893
36245142
66739677789
323828460
667935979
18353302760
249046838
21172663352
44115257383
14423258361
115158164162
135780393720
116611739992
2390290828
6299133525
4579581970
6870158604
5523506702
1638586786
67415257799
117244531343
797689208
20286790381
119277314054
100064161981
82207992271
40802389480
67298803995
102268057057
840713844
117101947058
349390079
69200649186
59588075711
65320604442
60015640393
874030655
83478334334
93237330454
64313333351
74405046085
1683110448
11118701950
101494423476
4604354492
108004427028
21591259217
20745998862
9637237325
106743637217
569985984
20947696900
4965829587
24426479313
2516400730
61756207166
1746615001
19847942411
13197134
136537036120
100328741670
65429920296
52531399190
4800935402
1055162444
118230532734
5119420614
35932088986
29538156553
2957131477
71272066603
13383055652
694271764
9427017802
32553733741
3738566
1836414689
132785107335
296488208
35963360414
85282651772
44226229351
40076215583
43599349833
67023897
3301646412
3282501902
14367406785
323409897
24163454777
48359954123
26169832215
124519356434
6967658251
27724084541
106475585489
24877021376
9716258381
73114747202
44605943563
21875733517
126114889150
7614131516
67446421118
69796574793
7928153487
4461388382
101388925265
115274463961
817427686
128208218444
95914662134
35068040826
22038401218
73578921814
123916737710
69104556398
31463277
84242596246
44588450027
83049273056
112972453326
2738357903
83053799607
90667156901
10610134710
22047500136
5766710524
557325919
119018794534
25344106760
12652351968
96920945423
50306668257
11676713922
2356564914
218529564
1379647653
19869478893
141385958520
13923443739
22797708915
33116671717
99966076304
316338718
1971767673
133509942949
28855073626
20145517064
1195077389
8717483786
35568658099
5470932043
23490326006
99269340544
95527905042
674069985
30044983877
31353617887
125437285814
127575711183
66991926176
23083230514
21739280912
40238718168
20801845402
357548996
110798028710
4727555755
1134515107
4371833797
52798182900
7079711749
31394570496
25981339261
17693182181
445937944
79410858
68850943189
29398075552
102293279506
112740557317
17568992847
1884486859
108793123671
15186945215
46477854153
59992693647
3867772
127372137247
60851254848
115177840685
1519838627
5277585141
114902531685
7359616353
77503062185
41553297162
15597478030
68048074705
16247101039
137768335601
17815125027
33687492486
35436612671
94900754219
78489120842
126178633418
637449853
3690034417
130210719907
199091012
50275262426
144344941
195792099
72342678924
20349260523
104340486863
108848706147
122062476358
75455418475
102678772119
5348398863
39086973942
12191694611
3828359581
67664754591
55643605187
134709612789
80620323006
1771184400
120047258060
97431842779
16530410259
64650820438
94240282588
72934031272
20606723582
106704094014
7632005485
64889603358
44581890747
4233954483
1030155442
16455430942
136021956014
32414725169
59823296776
27846325672
2442793687
1769350389
3696020359
86799838275
93812054232
1092633843
17109325296
23448042244
1620446647
50070755190
17856548134
26247758225
52950941128
23557747370
97145093662
49913015940
124651617163
47194281670
66924425836
15617111639
36731110117
34859017467
32377708665
4956419810
3330749155
30660540251
3196230047
32205841807
30820875627
19472370139
72290705707
23010315738
28045231636
63183094634
140903030377
54147597800
47270867426
34572991659
38766147149
346430837
12788475905
136486262294
902278842
111169960634
45273277389
45870250439
68278330790
68094365381
47456962993
13989154105
100523671797
33237558946
5176958524
126390599279
130517767082
90548719266
18405019953
78704699139
64223476367
26824293656
47614017220
73719345083
137666324967
14851261518
2671271719
49790249552
117785245
72005917974
104980340727
103646699360
133074043589
40209711276
14053232624
2415165
3739568344
70762686605
56513867596
9099256855
119168047806
56354529939
96750960477
74754813732
23453520967
134589389631
31119307055
1008041917
21328826060
1771184400
70832161635
60406466911
5742597966
84766363128
31452868124
22636810322
128004130796
3722118700
227004981
1640935414
7422306691
46562759689
101056060536
116889146990
1114591931
44205547380
16954861823
19830005872
13874564195
19067421754
149216953
14660646828
7861558875
32612215994
24871372989
90717714205
9915736274
114822146748
22006570416
1404806561
126206760257
4293548500
1760399753
22274810021
5310038539
111523213205
46994122142
34096876906
61010613278
28839388764
21626528104
20589896331
189793855
90345208549
84709948919
114190825452
86665537388
17241807379
19676104375
34006621593
116359843986
18344345941
81571318624
106195884302
72743679223
80987839411
35827638765
14781017772
4750702389
49492067546
142336425221
50161339474
98905389506
54430841252
56291607534
320737949
24172994201
48187974422
11211770095
30914761167
236083562
116680159078
55718409310
296568229
138001082
507546221
55674256396
68332888150
89827258258
1266390696
1895439213
25942566504
42321075437
32109024040
55747853200
45044389057
37352686233
108413131054
69355919567
2112661665
141796033652
19729007319
1849729029
5820781861
23520888459
346865118
1431306309
44154408181
595642851
32612215994
10245605476
58921840681
65396581629
63792298468
79745985140
14915480320
33553509038
41810862662
49626023396
32027076881
18850141778
116214220267
23846581865
14930320758
132046906011
30617384101
127813419071
107025815455
112341069901
120750012662
46916654029
9917236483
64331840383
73679613093
26398981591
110931287476
320321530
78964706504
5479940
118381072865
10836160780
14395320113
54787745704
7205818428
76251708200
3500383278
15384237656
12378469145
7810681076
10790133656
113103559848
10143621741
19749758712
142041171119
43647986914
89772245761
115711580201
24352206774
55359574673
113607450590
46287120646
114018147869
13148530229
30479138799
104617627818
6791861182
79438880590
16648768294
35823737247
113408600418
132471491150
2558931279
12670534094
121061795286
4259994410
50392792433
28545682692
20213555396
47731700132
15541816976
5645913334
107306667018
35608512280
1389865482
62245103271
10108232789
2131242730
60443575102
214122877
132854424829
138572077998
2817726097
131421917825
907011541
15907388637
103348884516
133863440808
26504756896
32469364502
10581148482
19110328377
16827464908
4427160996
111076914581
104651658336
34934076445
87923201990
201633483
112551330966
112168067473
90242754084
115677512442
25371819464
24028525907
37990675766
29736986942
132871757146
31116587452
31897476374
4889768024
33076429812
6263262126
26836043864
137346804518
118893281391
104995681884
72631000019
57479845406
20414011942
86559107283
142588026505
137413421484
8582780815
21020084996
118243224981
124493285862
3755549237
19462424289
37741640822
5869022750
56600437074
129478035106
49101681319
127519146545
74532006326
3815263736
136252050612
31967297248
14081428587
39654490076
10266475527
65560691350
5682915885
87750728973
3479478930
271995025
9053879318
67933778833
5240587664
2217861534
4764344349
6608655621
125667304855
113254257893
39042079400
42406247503
27825789428
17203804706
77740578562
49916492531
2150874
77278999391
53019039365
3593799615
48361094214
42839878867
838507626
21327335670
71674194611
30108211800
105268607882
1759587139
635896314
121614931747
73586010359
128895999
62489259
7614567195
78492051938
15758078773
7944176839
139370469807
3900628549
82952733766
78883864841
16605561350
118644293304
44852295192
91975350964
27233745626
31599769923
84116483449
60176407051
5112693041
24349812853
37343711826
52096987790
5669071374
54865600522
40067944531
126169258327
39358933244
857635362
56832026883
1646029438
25851114569
21427320124
104391466777
4349675031
1070755346
8504502088
6025816385
6802959983
37042206229
76393286256
11185670146
13284444895
40485717378
159607812
43742095309
10825690034
8133366383
82278562416
129637702930
14034651431
252932981
117895365825
11954525085
128469235130
52399459031
112386991719
75471215698
90712973892
53247568654
67206799323
3413130454
97954093007
7525498912
16277520248
4419611105
141746235055
14996584517
60731883625
9099256855
86249458322
2423545625
23626051239
116307696625
103722916205
37524407371
54417510295
752188438
79536259788
29709549301
38874969298
11671269564
16845917430
26533112250
78196291954
5890362792
329297961
3148735303
105258366680
40302984094
103161285651
32839232292
62769939854
64901555485
98941754874
8976778198
125506453267
109281712550
2537988076
43356553190
66732940422
141666575121
39325139039
49743961736
128995875344
107952533190
1016552453
9551197048
88139431585
19036504594
29077775381
39107390002
677518431
61991976590
41003038208
123008173434
39119641746
73049777100
75856615832
102892890892
56879145741
85989556037
53059680965
83171532749
36643187346
8121194028
110320004989
41568053274
13746226973
86121765177
7395654003
75422393920
113859827226
107446379073
10174515516
76792720104
1595273747
13088933166
752969998
403958605
130653284461
17498327150
92118671534
67423386683
49085592505
110145151405
42834525204
9562972672
1437148501
3730838837
4680101891
141433701248
38595603669
21430308640
114538364627
25113247614
64464101837
62853503028
55917329228
5561920002
24420084863
5065022204
109635378443
6405414591
54741550274
125028289575
13558421837
25987941525
19636125143
110559761062
133075970848
243530636
11182476186
10470214301
81492106821
64507775554
142222674052
137170548214
55316790988
48697097
67529105977
5307148795
4391436841
2377671989
115593264089
108175774941
14581701547
1051437572
1049698
53575112465
6024658576
105567543351
106017618720
17777135865
23358911460
25928549247
97405605169
53361428031
77933214132
66399225986
47658131767
15885643141
43343624144
8089673974
129652915254
6544016017
29246911422
69711093101
142083045304
4545218171
20706364528
4893228366
109530781575
58169054657
57390094918
18976145298
27091846722
4909507327
3943221603
32729339542
52615884421
20995694995
13985506
10272078826
51611344167
107952533190
51886378326
12078343077
15198806282
72022735666
95331590437
2436529087
45560218483
80004815599
19500088546
2431475234
34362645519
49176414972
20129608590
131724640881
206964780
102291597909
1616560261
68540411418
96497882758
74295286778
113497350118
116748597482
77325533381
79822851324
212573942
44322087503
96388591681
118196087007
31443755608
24320298186
59522041821
89245024871
93783114238
114212196372
58849870610
88802222122
37467454820
97169652079
1124209753
17257822521
5312206387
36671822219
14559710383
82298087027
10529993229
568296823
223331348
13268144551
48505991899
2600083573
21633620
15117121095
130414742436
107461908598
34367418470
12148841198
59236760420
55386475739
89187070104
6144931726
1382691088
41004084621
39066563872
29508172959
78908847958
50960331707
88422951427
19968717083
94141992767
29494950900
53138623643
94051802485
33277903995
113291403
33967706890
81812191529
18436087720
25561342604
33835962059
94298315186
120204468384
68084833472
70449117285
6042810141
8281123609
5108092406
20508789216
94411215282
135229742
1106928259
58923103728
273680473
81469297
278461051
87257590187
16069696548
33617987
73553406216
23790563268
131726557958
112323409999
33427322476
22474965857
5983053976
769876811
140492334404
5465431680
11329890558
223193354
101916959236
132571497940
108946014301
69919372970
23599346269
28325099755
44276320961
49789124
33153194104
73102033525
457703854
17405671926
13490845402
33026865621
1447218158
33127907175
79409386118
52769566724
18069161642
124268083231
40076215583
23241111657
53239183979
8251544398
9688069878
34650615576
107401523535
126775598412
28221604211
76794169375
25992068266
50196200610
5450709
112224541129
1546290461
100723783947
138182664812
130708655504
82250030499
4929980528
18973340172
121392402736
13716602973
133363276899
2870700344
14095837401
109130327701
645485116
107472827
38068169747
20638200175
77072677821
15889479473
2968328697
8637179178
16122496096
17447268196
1943009167
33191611803
110403976713
64828537028
22883399532
44773389166
36713318549
47739626843
33899431354
8198899654
18933393407
97395766835
17405671926
132265833505
82071443316
577335707
44433344331
53880826803
58087522472
128259264911
52983192859
36415498897
16820877104
130222155995
18642528870
24958597073
19914031009
13574900023
138607507904
1803132972
65033101232
453197477
116817059286
45567956556
18255591220
2182496743
23374537090
100109062822
113057484416
13030630751
18703018099
83829682448
23523240034
1293060245
63454487505
77200505143
126109265337
133311191088
98649233
9930743046
24852013765
6067572511
10602884306
134552557960
44862163781
130790780805
364118420
280167101
32885855076
3034863407
78173885
1654275758
29060275363
5206934808
5288749506
104671293
72795823990
20756280746
44415884323
137160759901
119208105898
3928996975
112878602167
120226412322
105186691226
68757846433
42335974255
12843930888
8137425520
49139615716
138812315072
315677744
3332731782
139372444264
37856007850
28660207280
18100620912
2534301695
116314888803
53470614938
100970851569
3664953467
6650450322
9345290
11026566634
24779489831
6165226724
72847988273
1606479669
16318337399
27453281843
136949429119
4327246654
55212966199
112721096830
44874226778
505745304
71633652890
11044538988
47001985699
8991508425
129550252418
97428562933
123282246160
3903706137
29420959230
57331542085
5949261744
40655355193
42272139469
118002201288
63530638877
21797278139
79007350919
72864910693
113477821737
15042502773
121835836883
137289997591
25156246869
11942951868
104309904367
25052465091
43715042072
3867777462
13579021258
67819579507
51055244388
91736769430
75298973522
16119918592
18760124753
100395363792
54487820949
10315426667
89221527304
32398990552
119612729336
122455444959
5776488
16592479388
47194281670
118807827690
34618980815
84591079547
1559032116
253743494
9409483034
90877380414
45695172619
402173826
137568271637
63103228097
117006342899
12090539735
128491945436
1292714303
5434682642
123771885442
66553859587
13311248659
15036293601
132852499082
255146951
12283782972
110021093924
660612447
123595584879
29035784031
51767071809
292579969
25479608
58919314717
129776551431
7449872973
79030885461
126574572625
130554993
10233399932
9776227058
50156692240
36455857392
77928833315
18427109611
40680362471
5990747128
89185504003
25716286233
102412648
30019180034
19175130871
2133936308
13416400853
111546081412
88785033875
37992687726
12757087836
1594502355
44690176564
125527021010
15832631840
142885830588
17302570894
105256659837
80937200611
34364554629
115679305355
63454487505
100125695550
8894326138
72157353952
103782215466
105709474442
47864270241
35827638765
4609719528
262299143
106582076765
70901672141
3321127417
111609422362
14470091240
65789212143
115487546128
8317600317
107898923475
90129337448
76582740763
18911686340
42176473289
139755780004
33620466417
53491025845
72912868337
104719733376
86287940947
502471137
94108166592
2341686639
77816432624
13000664601
136318388488
16589073
42431816881
1158040
1074359949
14758253947
40957011138
40257370938
819197383
9388073678
77434648672
37085909189
116269941094
69563682146
76588529375
30802838647
72612699058
39173772917
38381959692
29722047
37617431114
75504251179
27826644939
61193358496
2918377349
95043175317
55977567779
85362228226
79117699090
10275645549
20429307577
20237468519
115363971505
118686072297
77788711701
42480848477
66916328754
11858252792
61462815649
1477831746
120907687006
4622139317
128779776004
19949280324
34633358456
113927411364
62224312893
79913069025
76726070130
5656738579
5426278219
136607355424
356666628
12239086646
75535857483
1619279927
91884648373
12083331638
80690189519
58810748375
113898952526
21761866630
4038857972
609919248
18481019315
58714895717
2151262627
88018063485
53643635722
23868693285
63100610427
10159316168
4469306376
39427593443
68345166319
13713642294
31516693170
5046368725
91997637254
42412639021
77072677821
13390657253
120047258060
108222532402
3109798675
99418420138
19473080642
34998616986
2815908836
35328056085
131592396608
75560286000
30764979953
2214198194
1291849872
10500078445
3559673007
183393103
49362914874
17481523691
13309499754
6302292191
21842524057
45282092699
131264945367
5219810030
8027265599
73865596698
109421012250
54993442671
9520320585
33882373376
13163596979
119007877206
104733351000
16909262578
136697232718
101836406042
135832973153
34784994646
27637921392
102495178040
79825808508
118246851549
28058117259
40812828074
27955977560
176806860
113650083872
58900371442
138056919060
101831372527
17552828967
4806419440
24388927740
26898195228
17815125027
2136856431
40571012564
34213909061
85356105486
4354558452
27217677081
71086737998
16446966173
19439701467
513181900
33798101241
70805757094
48325760257
33863425358
92284432388
117369137158
91816259472
33672381522
110364
80850849755
128705893137
1475422335
21039309770
100418686836
839610336
4622139317
15453466490
2335797610
110243052527
26957899001
127445631172
125978088049
86730357020
27393858721
175287161
87187922794
352099798
39729587885
86272546743
127089686361
94672785678
30500662431
48775862973
51875741213
11471839918
38679811740
4836641650
36408610750
35533682713
57733264723
19925537201
118235972151
5739587586
39692543045
15808398912
1747828899
66113308573
51663228183
2205965498
36023014853
46941345291
94973570718
51806038910
44234938715
56386624981
67573855700
97248264301
8323079247
75063884866
6718923888
478935805
2390529197
10312363837
735488577
91024534241
64970633547
40802389480
91488972352
13613195982
80815132729
68933143139
104161928
9452375290
39033919544
5156320612
76985589249
50747409291
93243742266
6997255316
14706645483
10446560675
89068086520
6658988603
39939846767
26119332112
4179569493
111245481351
47470510761
7616310107
331668343
2332974252
731503838
57045467609
109968694586
32628935482
103826277212
13774101438
2861004323
1250186543
537470717
83305970622
35232240764
100573683305
5141403026
70176360768
107686351406
1623365776
1685888604
103315069960
58258173766
35768163090
142134899504
138054954817
52601599743
38287987571
637449853
79005880162
6074935380
75558848947
26708619596
124590134298
401517329
27990288186
83290860078
125846985947
13831124752
81256189031
139394164623
83194183896
33660106693
15389895609
38321317156
102231070635
88996106876
75072479494
5922067777
528224482
78360205618
3222066422
39678141965
10542900574
39202386503
39085981
44828176762
115278043531
28412367074
7937943357
102653496296
94934732160
44208812673
4887346731
57049194096
1840362104
131088944879
1613649308
23003341529
72812740012
5993056060
16204434261
11701231205
5346224179
28876867237
99708637521
28292306353
32173553414
53907351671
102480028015
35218681
72824018424
31088490807
6310982937
121054454532
33465227
64815266458
30059225341
46541525732
68625155598
8315317814
17929318475
51519430521
121144397407
22973906445
4614752467
94051802485
23494650
103512967261
11070996152
1370357277
6023114994
45643158616
89725105981
35573517324
92467896229
119756879119
55047061385
2578475548
70740461631
137239076961
47376839566
36166983294
23332359112
88278015654
5025996307
54077513702
14293517811
88042953443
20526310430
51785963531
526925864
12697266049
24019808280
69929035861
50083525521
109081626491
53824183866
5789363786
5667201611
8165871505
63794931112
120557652451
119239064521
10873897506
3303901982
2979280180
34185344679
46641028867
90863146933
19012629000
99247816317
82161464504
50145075186
117712589200
92109113246
17698591899
1450704839
49911857099
34175825971
5354926999
1326673882
66963571799
35946745637
23031245791
125364402165
1031843347
4310055705
73549154007
27486418878
48730066323
570775405
75963215414
60626731345
113630542513
130596014807
5659726717
112846737891
5255299719
84352077486
48398723791
115143855098
17333333900
8530861295
1637608933
1541550554
8281579070
544485165
33630846112
3959023210
2084836444
2804760425
48505991899
72500124386
4822892552
82567167600
2738613616
85455630453
99986022274
54127050155
80905930616
6301502451
439031656
73131700112
45742787236
37680511923
44380972259
3701411775
90682954529
34926374269
4735377898
118353859736
13058898760
18961421349
3220117729
9932244307
59282357190
121719834718
32076784977
5667201611
96961828574
91980126347
18709976963
1361275688
64890931291
13574311340
113362464866
172569526
60329728653
199611302
3224015841
51491165255
22646032264
32861607306
125897545444
219280031
967058306
10793268506
88482205111
746081503
2255118218
22973906445
11314351221
9901740778
1453644323
10973275563
52458870179
22899630943
3863795441
505851133
91596945806
14788404258
132937244136
19484449978
102437951450
11639722216
86200216046
12815901693
126268649866
76915955223
1668859022
21317649579
92074070516
64334484437
6021571624
82238018471
24904466096
50417247632
3440451219
64303790
24993371700
100181379
5688159409
44294841826
6983489337
25635068734
15816687143
79038240694
100728789114
33821761390
103179868266
119029712464
114541931889
71505114408
135313462558
115993281988
81544412504
113662520465
111725604496
28215572182
152416566
15553194360
4248411030
33114799317
77955120625
66923076185
50077720632
21558270477
19995368074
142350397876
95904902556
82886399312
101678751194
91749485750
95742310004
128193095434
18865518190
114406648
119129815777
3526019006
7045750874
657938107
781658500
40607446709
1111395941
112251018502
65936429957
6916543338
16409230417
15867108042
55821504788
534852221
23893977509
29651182033
14515779595
115442764897
109268479
87581529038
35175208227
77803300793
20430036114
1192423587
1034915637
129012943373
13976597298
115621940947
11984864742
88245306637
30761375519
45407803141
128278173633
4359770216
43771322544
116611739992
19070233678
137145099427
6652889390
49529001670
66719466684
13182731150
21103706059
128724834959
14241550173
11464289434
306820802
148770495
60860245283
204916057
706315680
87179593
69018135137
77029126107
110232561025
213044661
67880744312
16031859
14458528093
33658218433
89331210486
128100486039
71711948356
54127050155
137776183979
85607343908
61918085741
60643396094
18258340132
87901438334
28799328846
104910468080
16365700054
125098703
103633152696
6296370304
137091647
61563543039
6110658916
139860599919
81527971775
24369765698
37085909189
11185137797
27440543226
65139504242
59224097498
5903719929
112908700920
116582937864
54327867333
131048786438
22994818832
122376060326
14506636684
43267174319
67453196763
30632664250
5382173574
28077881890
129244429601
58424050756
18093095631
46175772676
72653527885
4356512596
24404103665
13416400853
5459568300
8182601256
8486494497
91434329
51287652692
78259201009
1205727399
24543318975
33358676781
60430778102
22734511887
12449883050
5853046506
76271924710
7432638341
51570091008
49593670938
22160632283
45312953111
3933290
53088379821
104913875882
50027814713
14149938481
42039570544
6073772449
3476580404
65429920296
587137199
2239443748
125297143291
37963521303
4782451100
13332244543
32521268942
72237350317
106264488308
31466539065
57597124902
88850674881
17464055389
78828034579
132579192476
88733480108
16147636731
5340064262
47217925391
53625599151
336865000
138249492588
118332091496
2090830347
119011516242
25007127395
17237137928
51960871235
12391946585
38750904826
48198215383
402267677
51315861480
97066530876
36526788700
20528501287
13947319727
2178862463
36988609473
2588896172
133674076316
12133833363
117634814447
32563940570
6214543408
78925015423
127805869307
47220177501
118486326585
27874575327
761069458
75956010383
133386
20882806108
4708880272
27872862837
3278005648
52142003162
25160305398
9061035087
118112714005
122160196977
29503765314
64599146105
40918329307
24134850829
79877568361
48000429325
22110484725
112625588364
60025840881
160706585
66183053017
85158773173
51689179573
1258361045
896562106
18778249905
142386330582
7439961184
17968144192
5865216684
23259812899
20627949365
8600431439
6329964995
77594815066
110885689638
113034451459
54818150731
94619472507
74353719349
53231997811
100094094653
30498868413
1414030794
252932981
117848301721
120241042594
122984113507
67361080719
13412888889
20101423341
6194948692
106941464920
1973491647
1219105289
3185982896
100588689192
10902246910
57782013162
341156824
77383720487
4540890218
100723783947
324750541
86198677459
132029630828
48474027949
35790583199
31517605439
9339029685
50893598174
10758665
106829627799
137251866
1586990894
5018629650
23965159985
77503062185
69893148137
53078812657
54226200729
114844487
8169939068
88349689846
84568228782
100065824814
4442940662
125011495646
91262144045
11076821283
56259544154
72206469667
18031582991
62103541934
778472754
22512498454
53907351671
37757682328
24991753636
459915548
38990074527
144839160
3619211677
47763410348
44782152920
141294476634
5175533764
139340854932
89864990404
93529280058
65961875022
37152511770
134915271679
32925044466
614366156
73564745974
13418157040
9921737782
1967030341
60139385524
12403185957
16448268311
14584145953
26492252413
63500434500
60469172808
26456424784
90972302614
28049526539
36911263155
9570827626
49303013430
50697170852
21743044383
47221303594
118691522404
575862470
11869784405
126309919208
117924333251
61785975001
395078982
72949552357
6608655621
6255391918
1923391545
18429181238
89915310850
72956608000
137160759901
104136688033
129206205
131295567069
71467410841
2295495190
1260408861
2889354163
132908350711
82899334
98001791022
2311853626
142604008199
10567702506
27136571727
711997741
82377711716
1179453
30093066005
13390657253
6167179949
138005853442
8049684355
46202482846
209092384
13570190813
99663830292
81728368675
21189735577
106046747563
28720162525
65092940829
120750012662
16931063929
91476273752
41968560603
32141280611
102717534474
37853999930
9372517606
32255693395
8608798477
62528730269
11089006238
120902184905
1782209354
39097181378
18053441493
2496124351
44349343510
135441926
86972899859
32932511966
33313581063
7280580660
36775609526
37497424014
62751668784
136972901421
3601176300
4129013520
55109247684
105430833777
114344031470
137058986011
90703493610
117898986585
137648672656
43286549137
138495328691
132108340291
28649786542
119530656287
2801912502
112722865923
107760639609
37481439172
38774277719
7923705207
27246434933
8027265599
24400109504
75968979632
85587981
105043417428
1931269130
20617701131
14526144702
140678757676
31967297248
24861692013
29684780153
1547049525
943295387
118469991002
60210885596
1929564370
7163934235
126030548653
128889698088
53836232230
21187508394
103362412252
115308472784
4457102569
131077470207
5364728066
27096907900
5587490565
42166913652
11544252788
26178116151
104226674998
93736498581
276219478
19021756279
6102494325
7273341229
93559785349
13369611729
5413136599
10433202995
28219880729
34915785156
8786410217
20244717555
3879121581
119271849409
3660186623
61225558797
92830600114
3960264130
13057744292
118678805763
4127745660
52578987566
857774801
88444779461
18193794984
69993933746
498682193
121480650588
5439800978
53224812299
59319100599
129628195783
117112773402
10599777956
26709456799
98505820092
139050812389
105913137799
18137587308
7935272769
89756530897
103721222154
32168019740
142017246467
7104301
35533682713
52410150772
73210838298
17847036944
2290600759
13431039642
13185631699
3031357422
334900593
13542542408
4209279138
121285816976
124188103182
15994525547
2627282530
49473606924
80779423937
43882917231
16643528152
12778770290
68552710187
67264971802
59708807876
8243817899
115032992092
12226810668
55160482704
48007242369
62738619832
38000736158
124128600132
34542350999
127385326836
119563482107
1190601004
92204719996
17104674293
406030157
16775457619
54937416945
29412156736
10772628
37792783703
72300536956
57390094918
118431879429
36993570258
94191937234
11234699328
43899181664
40108275670
135220174388
49040787918
1105016223
754664757
27061489234
97898187127
133888571739
2942501870
30222369904
141286523254
13730718
38569244825
131523426406
4352279109
4868341654
1726244714
6883394866
14538955061
578697681
4380976311
64170648697
77222305148
97251540549
89659131165
37799805790
131805169323
27226979222
9237047660
63914775553
6226790
67264971802
133562066930
107907569372
5186225670
11780970351
20570152248
105321673
49376744410
105297628221
2988643223
7425319150
3001234384
7252922951
93823309873
107486068270
8675879371
49973295374
315842936
38741760647
72106856040
84527104879
903138354
27094377249
57477351400
26761394369
47758879806
101687134067
27178798429
138483753
52657559440
43924126497
4383916810
24859272244
116196248831
96999449049
4156320626
24731999880
30509633211
15888200601
21008258020
9767294544
139439586660
83043237854
9805041304
49369829252
8971554289
82622841697
27996294731
96466882817
2055661178
4586939764
1239158142
134240673647
112183949242
21755842646
1542687516
21851578293
1186629002
32093363155
124219719811
127630401236
89725105981
6510216699
105567543351
54463570513
58429080900
124416953463
13947916936
11914867403
14988525288
103726304369
12690437867
41406948477
16159890906
148102117
1236958435
26428944921
73563328475
20530692310
93117143443
84307972395
20052329119
85868199930
131866539585
1240004729
119974174154
63806778783
136683553541
123034087556
2003366665
107661123
57235690004
15390524330
65783255
6017328479
90635565621
124552879976
6458901531
68638829086
4468976329
81643092806
33818921689
99343865877
100537006825
33539371835
35912553072
5599000354
88899138982
58658179120
117026181596
4468316251
13726671982
34920598235
13716602973
76647873068
19201220250
824653279
69662859382
81039983128
69822780824
1377679934
41281879276
25649825626
8172651346
25624413343
27498319286
57794516330
44986165002
8150964530
22922055510
85143486025
7556721556
48107226125
53965247865
3087709812
79703132883
63693615031
30834406962
5189435973
18789408313
50852643225
16957507081
118938747840
45702921810
6591653991
53767577601
70668260121
35768163090
2376483240
5548234303
71489752521
76920306538
131144410588
25877463067
135881667424
58266963809
54042492617
21339260484
50057986915
20155643160
18882999383
31212749142
23294900372
13748005372
141483444931
45836984049
139236339
21024520902
87463662634
121162757745
917527610
86160217128
5011268387
116626142394
48290439868
62137291350
13086621540
328369104
4795112591
1109799349
29132933048
23308162929
24948896891
64415150934
3255007736
28025479083
38920311
71898057661
37249043113
67477592011
113133691357
100017607625
21167468761
24536910247
114940054050
26802480550
120222754910
9368630974
2393867667
1258361045
62242504281
72531074210
2244508974
11565373983
9348243292
50545444932
25446887790
24840725225
656845484
131454472758
63530638877
44234938715
57106351106
38161871366
40892202980
67020286365
36672809878
11631027010
21400434212
5120129070
17610787765
3197338931
39893413036
3987615526
3540630462
1207395861
81938013839
64315977039
22411459864
105004205303
56503978946
6715655202
2638058051
12342011108
77300810174
107517135390
57178464998
12054523692
3916957386
22141630190
945202640
7236779397
2755774439
21446749898
164846828
128925717657
13961656193
25599011786
112099259712
130389945643
27393858721
13948514157
124067252479
60679296874
10500078445
80497023045
393315333
82167467582
10989617296
7589315367
24815738320
68504887942
68117517174
6685865365
77233932998
30282211813
82238018471
2217174389
10065338874
76322480571
9152422418
5846586397
64121805878
127966353220
64999869571
130722022817
50545444932
129504639296
27643888343
184887925
90760384018
77209224703
56284207324
87098167536
9885756936
69614639769
90675055538
125032021667
8230646428
117792198514
5443458570
3041072414
13666912035
49597136657
6902031737
61670826872
62689049218
23751940549
53694156232
30444180952
112450591919
964237277
77776869
16437202000
69842093876
81927524598
52632552415
908304326
2536646
7554116940
9832903648
38016835198
4116342852
30498868413
34945631255
141821932325
233885245
141002328745
87511729209
125293407241
6284534656
85564419374
4418298821
1624923652
13150268224
11329890558
33555394238
4390128609
46533703851
911180668
92341846104
18248032881
21795666
70946176439
58029856076
18775460847
19185000709
124331342453
37460463647
3976103445
546687255
90806224615
56337252711
98061020088
56565801380
55529654974
133583306081
124333203252
39596931352
119368411776
94601705166
1901350741
40540835907
6716880827
77140935952
68517183191
72293514571
9142352185
45221504148
32730269951
1128873130
35746724144
7909923862
141344191191
115702614558
172148875
60198114788
52134893942
15759988010
3364547312
118154396878
46001225283
8968705577
15714197520
3334148665
7327521618
7839417949
42888079096
80086249020
3488471587
11530723635
14208968843
31449222968
7004352249
12622265443
14334676687
3938271061
8025025648
3936106152
37222160690
21923327332
121423652833
39591794287
28067568966
227423231
97272837826
21924839134
57035530845
77085746254
142168808873
52814879804
132631135857
700029344
98968206578
21672347403
57999783622
87296306712
26937710483
142552070693
78158265966
13640334660
66598268746
118508109585
7637241309
18249407037
11687607282
1641914399
54683225876
17497530
45288704681
121473295244
7768781691
29475563644
49240846476
42623850981
116719778598
197469977
74777686066
16616684897
58905422734
94632395479
78944124464
95294297822
139799285792
110603540463
100530339187
10871799090
55012937041
40265661998
1276681410
1416932510
15008988359
70465748527
111655182370
128823360025
118744215187
55081198051
123840586381
98103807808
31245440648
56740324803
103860178514
1908964721
3236281317
101161373215
41171693723
15740900676
48853769369
144674311
108944276234
18836869189
1904732637
36535660067
78411465671
82099944863
495223066
121598372358
36378115077
96285886082
89395485421
285080582
14608603837
1239327449
140066400349
4122042486
15590514761
18028169316
30862382745
136255952382
69803470540
596912758
34719690268
139896208219
22988621488
8268830268
5580071637
32423982635
10507810752
63447924862
134333617603
11405050460
58021084209
38768179649
106841669020
30713636932
173351987
26590710707
43461141937
87875014991
90550297907
74349442908
73987825216
43221983675
61278385780
116056128433
20270825965
3199279848
64310689715
44119606555
8043851340
8309841160
51192508997
7572912
87369117255
85325495064
40123793001
62016616997
46329471942
4132501141
11696870637
82343151835
63411181184
30512324668
17947704386
111178740513
37845968662
59316566207
7698033660
21463197252
18514926414
28532682671
5606432666
3407395170
34437142157
74076010830
32333313811
12914996508
95570115536
74757672564
17653311478
34665958934
44751483512
110650833192
86736531890
1711801366
3610630968
81265141709
127843620433
2669757435
117116382282
783120857
29704240447
28448695596
16691375903
54134301757
88513398699
106051888442
24082451935
70603033458
37245059905
132856350582
13546070450
136697232718
348082840
20944745226
135866084016
365599
82496471839
23084783304
7691459745
5130405935
9393910364
19377281609
31660313
64247257069
51902927224
8343641028
6491346882
5991131907
99546056605
39858350054
101462600943
27353996472
16738644673
51686820001
1413668332
108879978815
61915493987
51468793700
110087482478
90425638140
33126970796
84495128250
33485679210
29176742970
95600968641
23185830950
25655565811
471568737
99554348032
2374106658
91252633849
100253818773
14798255934
98512417980
66373696429
5833297532
108056334636
72018531007
68127051469
11609302118
125747771108
7474897029
41231490804
107299769682
11001222330
6925256459
137723211282
872201392
2223591973
93617600215
70734906215
46294920635
54905764079
133784199513
17762902140
30654244234
11471839918
3333298454
59637624802
24486467598
47826860034
9435304103
114263852333
76529206222
15816049516
66278341072
19261937186
2011851516
58723720812
106463566234
131132934176
34435230937
13154324203
40164152294
72265428977
3125396272
91230444699
65575379517
14761328924
103423298144
109093800834
60522948272
98677431374
1331063769
83071906657
9410456706
74265366543
459412387
14262083169
20319466184
27353996472
41389068766
81864603954
1637217895
9366202407
43365174030
19012629000
5052699993
418858938
34544265551
82503991142
5406936830
103653473068
5233059719
44692673
126887800
3633436919
102811939282
135272645071
49712729907
481096252
11668004054
28112272704
47939133519
108725401674
121296840720
65212713363
843061325
929419946
24871372989
45352646157
32440649947
52425595963
14161374006
114977582503
1804573601
23748840
19672532664
39934685556
11122947390
37295863126
27217677081
104101042806
41894437787
96695419159
17040952859
9993896080
126687276651
130006869990
108808754962
92258920888
48017463310
820696376
59503001614
76303700562
58793084417
15485619817
118984225001
29076900198
77979952080
18915186711
16970075500
4155366631
10149695447
5226611421
8885819472
129066051669
85645679341
16409230417
200914682
5774633767
37027313638
59986320548
16826147230
11938544326
12968431717
1784664138
9696967348
138284878562
49900269367
125646724976
5116233361
31212749142
16793223286
101049376084
81135374666
81861608466
34476334140
11791917075
11441499
16822194488
62548270524
131557909652
36412546754
64321264613
86267928798
75395118483
27967126317
3918499883
9897652
13511395707
7364758675
73491052396
72898761249
127061459382
3658697634
91692268662
44076127045
2118248554
140169357659
99484712808
96388591681
15384866239
44919204065
73314073851
2209622600
16265866958
29203922137
37663485318
107757183795
4071207037
2368172777
20252693236
53471815437
78650410140
31079430119
80538605699
52884082290
7230836355
10307770650
29561978940
165434438
9108825295
73312659050
32043641951
21152630975
13985506
5135016214
29174989918
2677333627
110910241138
101036007974
80587630074
6388695341
58739431
26483917941
115088415783
90425638140
89536672861
12808470250
1133869525
80896997340
857774801
115747445645
93521253243
15494452743
10710346873
20928514514
115077687299
188339616
24303555057
140579580488
38556068408
110950581391
79315043670
44532710682
118051110189
4337966661
29500239414
58250639990
1664319739
12212311266
8834366
7286545376
22298444634
11550208257
120781172179
42254060572
24849594612
42137181902
23192834815
76020867892
31242640
91133795948
36655034446
38198172528
102887830463
3753436568
74318086822
31979248051
2597844274
8159094056
28497168372
1263654366
73102033525
55160482704
184575842
33962962841
125192554033
1447585034
85749994425
34063611401
534198533
25396285304
129780356487
9819465419
27937879
121317052265
131715055704
141477475064
19649683988
141501355132
29189016002
2711825951
89748674048
92830600114
71507907628
45717315231
83286327221
24440070296
61280963332
117609498881
89332777847
47108766134
58798130975
14262687340
12709218904
124015211709
118953299486
60982325034
32583432009
90105718971
31229092540
12139946160
12793044527
69971837316
33217863785
66887994275
90872635789
4717024124
4099402
70750184392
4290962238
5354564198
43545338523
31016044907
141646663923
134870634284
1133224149
21104446908
80207740028
18547476419
18570349326
20467935704
60923197746
66011440691
123781167663
31854335409
88642914318
123916737710
1835791798
57390094918
23322210487
15531707020
109753983641
208385
25155435202
108238120523
134292950670
33455553584
2293163578
109584816362
43802727271
124709386476
66227334066
91911694512
45375808040
97615611071
10861835429
108314346059
138339933466
53821774396
36603710340
303654529
1557126384
137137269587
119835374922
51204250603
82982896292
3080907767
105169629082
2708010532
43685833715
78988232760
29076900198
314440005
112162773816
3587903379
7574530833
9949267269
42839878867
21858370512
120337994813
58053670555
115378295809
5369450421
94727729868
18411230968
48860647373
233602403
93267788447
5550452355
20141177984
54757351685
127061459382
36598777097
14836460442
60327171575
97485968644
431502835
100165619692
1288395036
15869024949
47519074034
18746512
5176958524
15363503317
25393022596
2801653699
36438136706
139277690544
58468073059
117475733183
43426622099
24814932477
131785993947
1198566188
119824420600
129066051669
16078061347
116936017760
5052699993
125714084194
84265398957
60215994356
37845968662
105036597486
6210229985
15247548340
87496222395
56594251315
52621836930
122442520358
83029659297
10086521482
64393988400
13008152840
69088090704
20978703938
22381651779
13698252704
45046587217
1399036887
8911826449
96463619963
3801582809
1509140502
40789484
8804274063
22630663290
139734030033
267351476
109663279179
6361277424
65745079960
37624437715
36665896643
49821505699
121313536
4321729165
33842590024
53439406468
57162297379
1362520377
12522204
3445642367
7765258441
90580295108
87500874252
30630866372
55966501228
105074109934
127887041772
19177950577
20256319041
18667547254
2195238821
23173381992
45366983916
22328961248
16071626693
59201307134
15371669596
5567102612
79672108844
54113757478
7721284961
42964490
13948514157
76481476451
539220145
30238441154
68349465
11242170840
9342423214
61251324907
89089998798
111767869078
92380130980
32648446581
21583009422
96545208187
2328507949
121504557403
24288412032
74402194145
54833965088
21375805273
63581873714
14602487175
114531230325
139471188744
12280986
15583553066
15572165024
56067376778
87048667530
40131035416
70741850558
81933518356
15138298563
7067124265
93144379298
108006157069
53767577601
131261117947
83552478547
58244362205
32458247588
3329899652
22108965927
46151294658
91051447520
70912797077
119153482622
1055162444
4689572409
34010419445
6717289390
86588406614
135276532169
37911250707
53621992210
7805823469
28887331561
1243054817
12088321535
406407445
14490185871
116854902101
823151546
32841096594
73316903537
34602689240
6972239000
2501002741
39511702183
62019211029
85638011704
144894133
100005970332
96649691301
49231639618
79503791826
44203370560
22453533329
98265164362
109076409224
54713895
365010732
23137611360
728681792
68103898032
138487458279
105748821319
53720630076
134779441705
18584219416
35891070198
2008585781
292421037
38669661078
23523240034
52112385531
77036383868
77879191481
71104842005
116887344459
557214546
10158303248
2717683396
26145818414
116712574630
11030793850
9194685182
55477010943
4966178258
90424060757
142765871174
9684610993
4431431419
5729434229
4230745521
20400179509
46359574949
26169832215
63392814182
138056919060
74139
3152587951
44678138411
14548109752
88583604622
99871362447
2369358866
91973759211
113859827226
211700849
15937472928
92338656006
902278842
50596771874
2935068348
79443305241
1317921314
107396348512
3430082373
9031477441
27122221418
10915909054
3797938863
38158846977
11793012029
39354835984
21293817371
49241997385
121510074784
86488192025
110908487361
51378182611
34134913148
43680425666
30947297573
110947073215
23521672288
52698058394
33060527447
14394713032
64995882370
24204010536
5199431577
104826998319
142595607
61323499081
139068561374
5077711176
28897797391
31961782278
35716524595
47670577714
25358775820
29086527779
78382171569
30288467618
235089720
7355332879
10366034024
394986061
9215372495
60496057051
16435900316
17720240367
52382829307
4109065973
77325533381
5142112958
103875436323
4803334187
106237043310
15421978120
43101579729
17627656598
8457909359
15745989426
24558543920
32526832930
313945613
17250481238
2887248991
113089381664
13033513914
71036617450
13590211141
5309677298
4138846549
32547239366
64098051762
38068169747
37577406888
69527886372
13256507761
59560133313
81160722459
9421170898
20013386317
10648500132
9526198179
62683832452
50894768571
109583073045
116617140785
73158545647
120781172179
90877380414
120750012662
22437464792
575183338
54857082465
115024054211
39953267422
126920371669
46773136599
74839171023
14553604225
61668240524
911612597
4869377171
5268952715
29253056035
6164055105
133965915253
67317459
109909321986
116874727214
79751896716
85392845164
5179096188
1323518496
127084040764
99468136892
62648625139
33091400226
74343741220
1479315682
1369822216
50419576932
39719295745
7796554524
50045220782
3746499253
13887073082
21270744608
175469160
30552710783
15936832559
7113337175
4712272384
25539248489
1190269792
2109982363
24493671051
19588349650
17956560181
49993011311
6310192659
32883989514
61364760669
110962860576
73896854768
185888503
1228855139
115399783627
88961692456
68860530440
83528264627
50136944119
128751356123
67177047747
74607662727
59556323524
28477255235
87527237423
133826715751
255961554
28462540724
10295016877
95258633656
111041814261
73305585467
107084362987
84568228782
5812445519
34706253176
46671237606
40487796474
5945810885
98862418250
12109956718
2976874455
124714977635
112125722067
41935726856
71554002733
596104395
40806564830
70584998251
93558790
30985281067
140472508880
71043577201
4808476760
138855661954
97243350008
114795358983
12109401767
37351689026
123861014972
10696817987
53649648613
89750245377
96960193065
30302769576
81059355253
49981413011
93992235904
100415354836
135144400831
8864100496
20202524
17281858723
94973570718
124989105330
6128172635
130340359333
136538989161
1685888604
21392969264
33607258607
22402285610
331244382
116793635759
87949633769
106972447040
117774103510
12288257380
8772320437
69070255285
30115340452
23752728456
111618221205
5969218978
71623868757
11475616313
129350758057
17915193
5479738263
29952503297
31052256529
7643352295
16090934487
122200771621
7570185325
110486231462
42707203527
20922613940
3270985621
76074215625
65586062679
80185509167
59673211538
10279212722
43183266095
56470612531
30878632577
130584562383
106652529894
141489414872
98219049026
5047775349
48219838834
38580395714
132839019341
21099261631
116314888803
65154142315
215541624
33410389248
105723159512
86391117924
113644754165
41393275360
53094359856
20358712034
38785458904
4568223554
38614871972
140631148038
92254364
17439884429
827523918
163733487
120909521045
4716005541
86755058176
2262052156
110587778674
10302158093
41256681416
84511877091
98312938641
56106770332
61036335386
41025016479
5331735585
69171814083
74004888788
9016242233
52536157094
38275872005
64731691045
73229216145
6403024827
39969787910
129253921460
94137160088
130407112452
14429336177
93118745454
65159465757
31578760154
22507134815
2407007520
9106911315
79772588784
138406801890
6923596385
132702335642
42263631397
5619081056
15853056048
194635767
36878564218
24417687204
55188551313
884481145
26871309860
69567813121
5426278219
1398856810
45004835813
84335346349
82138954877
112169832050
22752228852
10621015065
51076348838
77925912869
125796437230
85837489468
741034098
42470186699
5763693708
16038190371
103622993158
7476192582
10652133117
348431204
45895764058
45695172619
18691886595
513928573
66615767543
1587952825
103350575399
9671768805
9020049941
55468443232
90934326558
114331557015
39442972604
75086804640
15548769389
136014160334
7579312736
4199684298
503631702
95870748367
99912897550
73338128766
17604717084
10776554722
1298774774
4579247651
3054862897
6386308759
96912769774
2363668218
108142878474
31912168982
43232740973
26960422968
16869658502
4774588985
1218769929
84694704917
53302684534
25067046625
94338627403
89371966760
78213646
68219706869
104034860695
22938301295
83502541296
133683734527
2131467131
61184343745
3241306107
135393172059
55055594272
20284612946
44568773563
93397688786
26592250
67280738
2099058280
10022035884
48359954123
102352144299
141604854966
90499791177
11942951868
44819408370
35363898582
82664983823
214392817
82209493440
5611639168
17964055334
1589107705
62732096039
24966681883
110759468354
138652786789
130267905891
20459187064
86688684037
142220678841
125802053151
77004453534
63112390326
899846633
54050944580
1037571
140873248228
90105718971
19512887456
7471874454
6512226126
2681885165
75128354635
40437914712
14699281119
2938253030
99774468
105070699446
17484211823
41519580606
33646890623
7938388514
141821932325
4232028943
111465175608
2826820572
637808672
116932411954
115706200794
66553859587
66309222967
1502777028
23394856906
74077433687
61615234441
87056400925
30723542117
9322557197
74996579937
7938833683
26692715575
14369832931
83893372512
1683308825
19839331777
44115257383
82863792839
103222108951
11428188961
59426869072
32230938
7943286179
48153845780
62265897739
113124828702
74814860016
135630500051
3901551620
138444175859
239506532
2115464
17642280
3551463001
80271486513
89077477308
4419283012
5764824889
18408470396
139372444264
3639668848
88652280998
19663962526
104447558742
37819872908
49141915258
26934346427
49740491029
84697753637
10642274022
122241353233
48025413779
55523532099
47147013418
54017140182
2508818905
49972135777
101663663005
10606509135
168745646
11662562694
92680315734
111071649060
135140515741
101036007974
1484328559
29318930004
32908245814
5088651197
51547703745
78731117267
4983979801
124824965792
742455983
116420995486
174559883
4756497826
36751145
66317280311
19099772674
4079078532
62736010246
61722564800
129774648934
11766748201
64896243253
16584632276
9441643240
46262611256
7595842286
32803820366
67302864512
10702967
958577
132919907723
1185141091
52632552415
112145129354
35032355821
1234422858
25490186169
51938399450
24547325002
41656644656
6150002631
2690241884
7956653205
20006898788
78298715916
3119096569
74305261333
121025093906
35958473299
14643492606
43586384409
2971531879
64746280060
59707536405
76934811510
1419111262
4669628324
17532633033
23394856906
393129893
15225041634
140781938816
65782524506
61072355916
94750359336
33374656112
85607343908
127144509
808745256
107411874025
58834724888
111350904851
2675817319
3379367128
33001629618
121640692477
7889051881
8161352903
38793591790
19006311857
140845454818
13623221989
20628681498
15988751190
10279212722
123848014795
77934674443
6645167461
98459640162
45098258456
15238793708
43412603418
43332851690
55243492204
18164994520
12960954932
23666137960
34423765103
7684013688
4211519429
12589954352
102869276862
28328553049
1152835470
903854875
10658881744
49553246981
92817804604
760152505
91333489872
10392157423
7691897914
101645223652
4070263052
28684529800
18668242461
99788321879
2171151765
20769504258
146880481
717959318
20050886229
122204460571
33177553476
55612962002
103291403102
22354917450
7429624086
71362728470
62418687
41402741133
2564612728
52848282122
35653252004
108016537609
38912637553
11381402410
14703576740
59908601487
115263725659
7262433
25700688980
13644466939
102596216130
79775544956
696021450
142358382648
31505747030
823151546
24178559812
55186110123
228890418
2967261291
98299758137
73911064958
20882806108
10645905665
130357522566
9891749302
28499766199
125910655139
104255546213
121137053639
36348615715
8110831619
32191079515
83616054615
58336055684
122496069979
135088071924
30877729674
1561511141
90343631846
63077054321
112821957511
1165079113
21212014551
56007085335
46406421735
126049287905
66483914221
111546081412
99464821970
621132
6347791200
71910659970
55810453323
101492748505
23958828353
101340381996
71051929623
4178612840
82235015583
101683780875
117468504743
67662040299
3371097931
104201203567
98502521244
14751490414
75309015859
76765186979
4705489260
2043787546
44511954809
87957408808
44294841826
6216504485
73605860259
21632534506
65562026583
13342164690
19254165677
64325230430
56174505367
127341992735
96922580592
61604894243
134791081477
369758201
7917480067
7514239332
139832907841
111150646281
27226979222
92992183
34008520497
92450339742
4235880575
72377806603
29435926615
113934526636
33412270474
14437847317
18038411645
30588632607
97699355500
9527177919
88097409920
28140661293
81866101741
7549658
276682574
94884576439
119816258
37611425980
24231066594
140801946
92619598804
5483776554
96507241
566723239
1277540789
92266892769
6799259436
75544478847
7812447926
1092633843
26407302973
123979905274
66262231632
55677935153
35988780634
40330988181
11581091988
11645158648
104954774636
1406431364
8811800625
9484606922
21334042911
83797846237
15597478030
101129604974
43629610109
61349285753
88952307954
59417990183
7726115592
86374174531
108897354507
56851864165
46143507325
7150000992
6744693335
15346550148
10225775319
12482002847
56329849217
83177572751
126141134912
42092603354
14912389537
172990571
31572367641
18991576848
114133846836
83173042720
6663463464
50102102815
5224104906
7180843119
118991502377
1869711
73685288353
18596012675
43268250582
323577287
84358161930
126583962876
90831521083
14645329853
1809517625
32486043354
14281423379
70618296297
9860807820
124575231668
137939091938
83404225393
100573683305
88928848725
648376608
110845360409
48999450458
13624401739
74617658038
51038832960
383909633
73322563271
127626629138
325170148
27163593471
6929822640
78210919544
140167377358
120049085421
11134095137
25766394916
118568021148
20540919200
31592461135
46863929632
35455045612
9121750298
110591281178
18749671750
85313252980
57301656777
2787435778
22774577995
107551659490
1529825352
59828388134
1331415285
1993519
180977754
97858734071
8652554607
94493521805
370207664
107329084327
106424079865
127960687097
21570262821
54478119967
94026041479
109939006491
40670983798
14869155427
111750257734
41537490739
3500383278
19776249383
85007493322
60393673795
68229248762
127178149728
100129022250
54936199328
48715187252
13753934274
94787541787
32979205194
33456494805
20199068778
98812848274
89805251656
68447528588
55072662778
20286790381
20146240285
52220237968
13320578165
70382610501
117801246339
64119166322
13354424147
89241891621
1287531977
2625531539
24568963979
32411022599
67024338276
4292255214
6478918307
141807986618
17364795479
105927408
87750728973
58308412586
99986022274
90882125179
70505948776
60871805468
40416102487
71086737998
2054340230
10309301579
15634222780
5887311738
93222904343
3860733813
73466968971
1899872086
90359399340
832594563
4166822579
50924032914
1489162705
41514313545
103181557697
91323975768
112742326514
96649691301
3689436133
42940593925
671556
121241727764
138066740671
8291146073
1480614541
48691156227
831771247
55806630
9709826392
72990480212
118784197693
25242358845
85773014822
49616778582
619889485
11393759537
35379404462
34727369634
69757964251
18432634257
109213838055
125491496279
91290679383
99937823389
2875160957
63099301624
22285482097
598646953
68365631864
126109265337
100054185349
123415692152
1224310628
83050781889
78025243649
30015622044
1227675914
111885909383
257371503
43055397932
33591223666
53039357566
1419111262
11168640892
43708550578
43870992252
29431523968
82764358207
23269167247
16357260087
106808987069
2806314405
25579353866
51492342826
77756621355
55707369483
1467836218
62892692460
131000987511
119067928487
50202012087
1494935706
71028266252
13212914394
6085407515
24560948337
53747111208
26369035955
133353630572
15927228596
111493312760
26075498293
134409158786
5466898110
15200055102
142462200648
17033659430
66306537289
50081203545
4906388238
8243363538
27064861416
24088007016
101009274806
45488397080
9099256855
55441521300
98763293804
125590606568
63088831800
367067429
36656021829
12291054385
113076976547
338063648
139704374566
74791982800
12454951089
111776675611
5655618220
90089975127
4775272353
40407794497
14973032799
18103357858
71131306296
6123888914
105045122437
33235682986
134707673308
22498707438
50099780483
8886764398
1598360907
33760263651
8637179178
834654838
33864372657
87316442721
19250633838
926511408
4133104
121342778989
1002890919
39916109378
16871637597
2634296204
76107388772
17762224513
32791710255
103887304306
17894616898
62984181918
142887830359
99160086466
56990826705
531152399
2195922612
7819075651
50957989451
26227020514
114731081701
53218824920
23406584277
140407095251
134198085847
7140720138
15119611611
68604648491
71160562083
20819495228
46566112868
18810338611
52925864101
109340903048
75922871748
9874775592
87732093295
88176791929
18666156942
42067142344
64392665843
137270411527
9495851335
33392520317
106105018283
3430657945
24958597073
99853090134
27521276493
3436128390
124867856313
55200758213
2863884958
131594312659
59570293465
2197746794
7468585
123894447074
45099358125
55188551313
176380585
104505366164
79297361094
16975369220
6279409915
32139436931
98499222440
703294778
134112932375
137750677594
127031354736
29294328038
6686680673
114196167935
69698688884
46694740389
5605689090
11833011690
117345656029
88582044149
14196309620
31334515280
69964932893
29874364231
128861264897
5149569047
2597098035
55037310375
7938388514
53771189660
61460234247
43963184731
55210524527
90308947816
17216467503
115575342687
87572220184
16243219669
28633290713
815116865
102746188757
44988361380
2571539530
52978414135
3315474151
2196834584
67244025
1542308490
70712687067
86398820281
39354835984
10572873082
19626851058
39317972918
5096422781
16628467263
806581312
104907060372
610971061
97164739970
48770137198
41336504436
12941411606
7393935933
19983121081
9046249938
1389147264
4529915313
66635961720
21591259217
13483802632
41319691702
98738999
19827136922
3551463001
2468899865
118225093541
124035655058
2499050717
46789944712
14710942300
4026016269
25683455521
4931022699
49267320591
110706896452
12650648037
9988374029
58564977628
113722936587
23496593796
40073113718
108491153359
74536287625
110528245224
4409773547
31546805347
30526681260
49380202293
52426784160
70257991419
28363965860
89616731396
383909633
94312826325
3063260154
5041799110
213179257
2016865195
111553118386
165964655
40938190760
5651511411
39780037070
138481555682
7085169888
3242423443
61168891075
729963884
114684671611
133983320838
18122522310
132379210446
64725060296
80538605699
64722408090
44086994543
25665407787
12124945741
75124055804
31282693317
132575345164
1115871695
81893064221
137868420848
72722545014
60703663959
137978360996
73227802372
94124273614
71874256910
62815631213
6174995833
8483726133
71491149008
168033426
44706594423
112682181274
123838729332
62349110643
5679921069
52025948120
36214064632
54244348244
66848875850
58699768503
98534
25208220895
40482598811
26082938966
29147825157
43298391254
121835836883
8963958781
8377968519
74867778599
33290106804
99609080743
9593089
13766389015
38419379893
139917971178
30611093510
19560567559
9229338006
41841531741
85779154216
1404806561
55617864338
8397686866
77918612004
4547549434
37286895289
49938514150
53590736794
21608513934
22445115952
26409799654
28185423293
39141086145
136047294155
6786931766
23168714650
105942249280
68986599854
26763070679
2939580501
48640825945
4817055169
6686273016
37611425980
2635549915
29544331756
5143177893
947258934
12726305592
97423643236
20335450714
3308979714
56802277871
27590211114
113229430033
518311594
15716739606
45919065419
58288314074
4887346731
136008313723
91354106019
22373248076
32675399996
4239734235
30110884957
47924378
75568908910
29591992352
25064616032
73861334783
97827504850
52958107276
5848106049
864062144
83641795060
86432714991
134432407132
68327431420
68382006818
81366639325
124605037878
961124434
554212155
77797464941
136855560783
47230313332
10258328401
62407653944
3048717
3110071868
789918904
24315513696
39941911373
9884259139
6160931241
21728745156
16545425644
87279270301
67795121533
129885021392
47264107320
756883610
10770812293
16523883797
21734765218
25928549247
1030922543
35963360414
33873846339
62226911533
92854594101
138369432097
34140620264
3363123811
26036657306
17911623643
30752365381
62790825028
383268668
33484737611
27370954996
135400949957
139317166320
46042332134
13713642294
127483328286
57072797969
5042853431
6802137539
83626653036
128719152230
103800855637
16380637901
13066404113
38561136003
6030303
2135733070
23974659345
15769536485
3910174406
83744799162
9624920036
31461981706
102512013146
