3278567520
2386478318
34703374159
12483130805
63622613457
85012075525
25939267896
55551701306
29261834953
12604687152
31414603552
16274930270
87850150051
15612043763
51132649814
25109193097
107317013284
118760570758
71153595880
139597636394
64930776443
160996416
4376403851
20384896868
64453516517
139625305702
120005232011
48297275118
327441433
138869455337
575749257
27287063169
16422887278
91782869733
73028596889
56537358265
136453069243
57550608
142172798533
2564118334
71262306600
2243817967
31549543752
58117620456
8521608039
27982566515
42608898861
23097207494
11249111171
74415028496
85403562559
4239734235
63090810
61195934266
756622370
131849277716
59188647464
96765665144
124469080429
70072677849
38339504676
110194096543
74369400414
97530742
7781119003
55668125415
16799805588
34055060014
46083455877
666345890
30030745659
14077827233
8471274102
81496589578
54519354281
85731580973
4212479694
32491603890
41790776355
21529053136
30880438463
21212014551
129822217013
28958883965
16913225582
40924600787
643801992
21437033771
18550941018
5368360432
47755482005
86244841147
102047919422
69757964251
126407488818
27997152858
20571614478
9928741532
60729317881
72448088563
48744947772
19331954021
21565015504
44358067284
97264646135
121451230422
43114472553
114265633800
924768776
123693928380
49852771996
49358305564
56470612531
95602592618
50070755190
97195852471
1693839166
138290776609
41835185515
98695591195
8802863164
33582736101
13855515229
28294031783
113596793372
33217863785
12604120361
43344701481
48657980356
65595411274
107003433722
10492864937
92247760899
69654592126
38093346852
74493479923
89277927556
63358711674
117064059761
32654022209
268261346
3741375742
113932747785
11290261896
22405343418
82409272991
5803358321
382536898
11578923474
88571121328
26222874365
23150049922
61511876485
5186582291
38251646301
28761907061
129753722267
92453531678
50546611145
38347589592
95094991801
84051187826
74617658038
94823113973
139449461977
21203844298
739226456
12560516840
50074237853
14484704100
71318087468
76730415903
102427854506
51573626333
576315496
58527214092
16206372340
752969998
9495362292
31402764955
119738627845
39714150130
369219231
110607043287
54965425962
49977428
109551696599
6171087321
31656452245
32348109187
441106
27717254165
26268504446
36040626605
85590479197
117062255814
11218166587
27935401822
132606124958
6609060764
134327807644
88669454269
89021139646
624254316
39408116754
82694251
67714984596
98245399480
8175816447
86388037098
16068409944
40282247372
1255803930
16822194488
22162152761
142336425221
17245810339
117150668529
13990350355
136675737213
1338631158
95935809897
27075822553
123182215126
35707759860
233107910
104970113887
13104542409
120016194739
85657948339
71987598
30978044157
60911954
4818085088
2904639225
127579482505
119226316322
90626089371
3154239899
107883361702
10138056468
3954371771
2958996024
1553699744
80381248005
1462851583
89909020092
58440399499
17757481656
122055103018
3045125397
7166046594
7844286296
54142762646
60305438584
22156071073
25712181176
1731074422
58463040979
72972131601
1632333854
117654707842
14320748416
38546947773
51234784723
119200822098
121504557403
65731710080
101119574600
29519634894
61722564800
4279012709
22525526681
24576179222
128880220109
69265207589
30801035281
70231697872
45746110211
125412988635
116559538927
5201932072
11634830581
89064956410
14491404183
126589597117
461931534
53051312036
10453756945
50814044986
79629275229
24339440708
8649758087
13119565
47141387737
41485878262
78025243649
71156382328
103816108184
103288022396
51763529950
26548131332
10132998788
1579881013
133562066930
118773292581
255220950
17949066650
39634956329
76045376499
90948566479
70946176439
2872536649
2129223811
502365700
27395555683
63031261974
4593968657
101762594700
584964088
43321003999
20513898717
16029837410
353940589
101811239723
99117061798
46920020546
7626771747
125183217922
112146893745
26655904055
4782109137
62206123751
51558307686
71032441741
46286006397
10320532553
8164515804
75730429
31459247503
452598527
49979093581
108220800453
4756156847
35383281502
138210180590
83502541296
19141308181
53563095733
544485165
2917054694
134188407682
40108275670
11897263487
2077301134
1137261150
42986710736
41555405074
122216098
95579858172
73179742756
63495182682
33419796106
22973132156
63863400056
3084715765
54031626602
33504513772
56091996228
15141414688
109893608631
92015149923
20112260954
100252154146
81876665
105427417149
27957692612
114338685171
43826559693
35754519562
106334831529
89787962311
17411706861
19505776466
3344928223
84980003176
126221762435
1278228495
121163385
103809329148
5712533168
77532183169
1500347751
80911886438
14671066857
18427109611
2719977151
236367920
30079704856
11179282608
90605559452
5127215658
3104883061
65866815299
127794545051
23365942411
8834397347
92257326587
54577591759
28522285469
14007702296
8038469994
48869818863
124102571926
1062631554
29202168261
3050533295
95012416458
115532336261
1162311
37430509161
52916864
6980571324
128851788192
12547509031
4290962238
10759853900
21574011450
53068050772
30600311262
30389546295
348431204
8409161515
63219771492
35589068818
62537848628
3753738327
6699323932
15165107276
789651724
186201714
7468420944
13150847603
5644047931
122099347146
14937743932
22742984232
7702417984
92657944286
64140284528
5585264099
37116718014
137115739026
70618296297
11275288488
5897993442
656360108
29698932275
36415498897
13463857528
11760187865
37182353026
1287359388
102724276362
7670446763
30198271815
18323685317
124331342453
29684780153
51637283021
77988717148
4410101304
8228830516
7494340154
137301749759
28139800852
81516016053
16923795398
1339159819
1087103082
104690799139
118627947319
42119135073
62563905450
80437641365
3670618260
2916525788
77936134784
118953299486
17085413148
100503670605
23190500090
136550707677
87632737063
16589863528
48913394937
23252798850
6988910714
1579881013
56528703040
99786661422
9886256219
4000706606
16985959810
119131636226
10873897506
97228607701
20854082493
27258281443
71373891040
87772472653
97814357296
58455493213
2564365527
98077475884
82337142475
30967190233
58108841275
26041614016
932332480
125667304855
1372855685
9505145716
7695403808
65407248967
26407302973
109139025374
2999893465
116004054540
72843757984
105783042221
128747567153
6153514326
69521003775
813352370
81942509442
414942101
106853710683
2300862373
87924756687
75522926608
62225612210
97733849279
43524821696
130871022185
22462717373
30296512069
39106369089
22699867924
22867947088
142174793376
129051052
138442208668
64532928259
37128647514
106436096570
129398240802
95004322915
84952517478
65787874580
89767531062
49776361364
5058331033
1099926619
39697686968
10206472951
1407153880
16239338603
5878163458
51191334918
961420696
16795197841
6379946729
41097274680
41935726856
175833468
13719564068
17292546967
14381359994
110232561025
16031859
18095147812
100542007640
61570003232
67792404247
18241162687
1056716474
34434275336
4196808039
114990702
128584697477
83729646726
94587169547
30569770998
45521538860
3540045390
321154758
4648380223
136812549353
117826582735
138761096624
541520276
64666724882
13793094436
114260289431
97171289486
16359856683
50145075186
9834397349
126942941421
1568386163
11557248350
64694562961
5450046178
16982649969
1372320140
36230746551
26513928843
9294976264
80828525758
112342835958
77711414252
43585304056
131906822040
10954839600
124383449499
6918617355
30758672310
36487373068
126773718869
4924077311
37006470113
132883312438
92179219592
69486594772
72463556140
134570003759
63520132059
124124881656
123282246160
11412043029
12608088304
19054771016
66893390813
16765087
6552480140
21494615280
28997319187
53575112465
12733143244
70216477619
105057058076
1367861189
51052899660
87206497984
1023113162
1696626290
91463576692
121675658858
1533413569
71214910576
99211396021
19444670788
25109193097
65924378642
85264293494
5071717487
90375168158
62965878280
19864452310
27707473
121164593836
20470123281
83487411350
1380721367
5679921069
120030812407
139425761693
1033225182
14129487983
286807876
96137637397
94961364
6712387504
43426622099
22170516264
4887692600
29236380170
15049334264
34172970654
61532539533
75462598876
9472392039
25438722306
6058666922
43669611404
95281328260
22652181368
45757187895
18282401063
46371842218
15742172796
22638347172
1101515581
128004130796
38465929735
34663081659
58354907121
215203437
137352681761
35839344595
50140428770
130304130350
10002935626
239864357
39587684959
84656600298
32942781617
37945423973
26341598242
20644058573
116725181731
26957899001
53789252441
7073416832
113979002165
27166127320
94920169557
3371667857
28441774034
12527725066
4637605899
109685951486
24562551357
19590487601
330651333
19290917269
1602804100
35672713530
13047356622
133517664413
18645307818
8010698128
560561328
16614721610
34305397695
142562057964
91159141382
1282531596
50152045206
133931107459
125661692010
130185944516
42720034409
4495419211
52929446102
14977989549
55977567779
29667978792
4081599224
1309897536
29699816926
78869170575
4614416834
34331153184
102835546898
23256695461
9873777544
55478234972
91515960309
61407326840
56952345146
33427322476
34494504603
74896392715
50407930788
113312790834
15224416717
1909388171
138705951016
936855931
93280614501
69185544379
24525696725
120065532416
98500871833
2908334669
119168047806
49829610632
21357901501
1621030202
10817317458
131420002972
59443360391
3786712706
102700680236
12993754135
134229058249
65267312746
47670577714
1116511881
99131953995
66317280311
103560355149
233814516
63142499829
47657000388
48490008321
139382316899
15270074052
23057618113
107277354953
27248973174
6280986523
84298848705
4617773604
99040966058
6478116947
96228854183
61523499038
644763484
62716440613
8328559659
105005910030
16293711789
91779005
69413675957
69876588103
86979083793
84590129
6342159
16637634013
13626171496
28639367560
120488072463
104937732556
874593871
46654454081
13138104827
72304750569
41015596438
33134462144
5146728209
142725897128
61501546209
121381374318
3823484185
139512672095
20433678935
102242838276
83941914932
2834889901
67137839468
26531443772
52608741711
66940622546
105649612573
6045515752
111296429236
3077102043
136041446614
4671654524
584735638
57179613
731760630
9976833560
130517767082
120403870675
52024764541
4549548112
10807381101
57658305979
103122437904
28755817336
50516294503
45425460693
52794605431
142486163350
5824573025
105369344235
89456650516
63863400056
1970044345
93831350074
24912540952
8227705
158627549
24247785237
15745353289
37512413323
39196687
52359076785
127196976094
91265314319
99858073325
135338733605
5617220073
3851557279
3511441224
15718646335
126486323366
296408209
127202624409
132825540364
41529062097
73391915050
316008158
27753122443
51918297389
1138069399
87160063116
77577333556
71997509954
267351476
109579586491
79570211127
85464820759
9561991006
43780282
135214344811
51307633087
142049146709
109687695625
807662938
39073706711
24279646747
54349665195
91908492
23907415198
40200390533
4937626450
11258189562
711112300
42220040802
2735801379
87228171568
49450536332
49004042392
98059374589
14101242646
51137343180
16587901731
80262590051
83411785922
246643587
673701112
134201957221
76435687
6835074243
25873345202
1178871801
59665584936
101283483110
32156179
21586759061
11642440289
87635840983
22287769284
60135556455
23670070099
14404986
87752282026
35518143389
336181056
13750969685
18534314512
116217814733
63240733932
3180727643
21207557845
12638723342
58169054657
57173490084
102734389488
585192616
14115662388
21145955846
7386206379
87084244245
65921700778
56083378769
49357153277
57295431854
11478314302
12295969
885898091
3616251915
22908135312
72261216786
80112908938
96656223317
22196377246
6494556516
8398145745
11845629029
14349824834
66334739592
64469394791
44579704425
21245456334
69294063924
15250675813
76254596102
102490127867
4636932843
28752337778
119797036579
118229620
21405660593
40841018797
12713204607
47969777008
37991681737
42936305521
8452842796
1410408326
1539845695
35140431551
65754440045
123228520489
10070380278
35069005547
124067252479
2385049286
77138030836
45246836697
44165286339
60982325034
8407784222
1514578113
1119234596
60512703136
3809180264
47730567823
5506198165
19873069766
8475884758
54621290219
41576486608
21737022995
20110093163
23283981478
58081252801
56007085335
58510853445
1914261198
15857526193
48183423182
3773685835
1679145460
119488717804
6914884266
6728734604
35324182375
48553960905
1386455473
84136229244
85995702749
33837855701
48780443807
121454907752
76904352515
94117830556
15315182896
65043737348
8187579245
38215320555
20829794666
38914674385
12362196516
88630426270
132408044315
81039983128
5319435177
63937176132
2175458944
41598627455
2628524
1918716725
118967852016
1471164444
138398934296
10983289984
27460926748
3196230047
79138305340
3997899233
23444911994
2907278589
74601951403
3668530741
20310023615
129109684902
10666151956
84238036223
45696279612
105908000872
26344923172
131004811055
131127196123
64950703566
8631126525
19698258048
2081067145
20679964228
33280719728
37077961193
32493457512
74966517676
6591249542
14710942300
59183583842
937440317
116880134433
23229427530
46219180581
140918915439
105184984945
99949456476
26491418922
118333905457
3299391550
47470510761
3127040796
57832034732
132916055345
2346403931
2627032331
94706719945
18102673589
74955066790
1844314213
107543028045
40073113718
19901809482
15467962035
135095840654
21831208858
71601507903
98748430127
35722368691
56521284970
47181899589
612725908
102210899159
105716316898
95399707899
5563400506
31191872009
47073908483
105700921663
100328741670
132694637412
130979959226
25502446734
43221983675
40748129972
122269026814
134478910398
89921601854
8155028875
53025014968
44187046389
1016857127
4767416406
89986098889
6596508225
32149577792
36991585896
53075225238
129050876599
20087699594
95610712729
68826293611
8612518199
13344499340
1183780
138568141606
108946014301
128251701875
3966234
29035784031
45002639015
390722473
82469405051
121368508523
39631872370
106963840405
131176930169
65786537029
101802851758
25370188814
124108149167
22188008639
21478155038
2170925194
32405469061
29318930004
24576981013
118606154227
8209776562
35557969222
100065824814
1271016111
3871148329
22940622618
13212914394
42228544584
56526230260
115245830019
74786263908
22407636979
258561725
123742185094
14471917469
28146684938
137303708490
50862002985
52947358255
45961245933
3127314917
104794643306
18358126451
64929448086
54296388299
74201271484
12275954634
16055547362
42372167937
539110722
247807253
28148406098
28285106
103528197488
94480607969
92961810822
128170412228
8683818534
24465663438
42828101528
140948702616
2103513764
616595741
124288547634
349128424
116377828244
83135297133
267806174
141939502814
56290374125
9054833276
12232389668
13371949285
124877181340
8489263271
1313208483
92126637355
198766231
24245396464
98471184203
48619102450
14713397932
60669038416
137346804518
36736053018
58741372630
45189574669
64725060296
17056871941
42045932678
103663634180
90290032396
2767334730
48291579015
43162838230
67206799323
141155320962
1763245465
54716029257
99680424274
8874484580
128861264897
29690086807
13554892301
46147957153
3429794626
40210747009
41929373572
80919331491
55989865611
31323602364
117629389344
20339084349
65264648818
46709294020
141758186081
96845742147
58926892955
4955374767
45092760307
48908807297
84367289204
124256921579
18179391677
2493930850
110601789086
107707080510
90735096912
136609308971
83111145069
321154758
788583518
20931689
58437884119
117193985265
74996579937
83910057095
39564060704
42204098311
10374736819
91674789529
15067974768
32148655833
11589767660
8374761164
96390222402
3450837625
56262010172
12121613939
69496228301
51526498131
59920064806
45252344584
102471611810
9834397349
29583163144
118194274214
53187695432
130624648208
8737617849
138377299055
18744097940
15565207977
16768880901
32711664685
27951690327
3325936568
82940670772
510626384
30368063211
123193327720
22399992461
94936350289
110899718668
54492671741
39786216782
21602511434
96331526204
45828114741
140581563631
84349035370
24042001040
81469297
95312132631
56418730501
140306030750
108466876729
85287241615
89348452377
88310732279
20397268179
18077366286
18822204684
20213555396
52455304510
111224403037
135869979720
79060308981
610503443
48663699347
8594855487
51919479792
30184888730
45522643749
79873131224
90948566479
51285302400
70862741689
33516127
89166712125
52217866390
3574656238
53138623643
98388745661
19275364521
31648220918
103824582333
4534901998
25123790967
3244379406
137017896528
23591494321
7628516103
13905611
103071779818
137235160425
1418203185
1797993629
4194571592
55447639211
107248048144
86654736447
55907497380
15975281909
28507560384
93591901941
74631938310
269097065
3163884222
44501032391
11589767660
136020007077
121568936366
46393034861
32974534567
139500819015
15181275
4174787226
30852454316
1583722281
51300580663
82189980183
53234393091
141133459971
57775762219
75918549895
3978279894
50484820762
72176998330
16271045730
59745686573
2973133957
29240767961
39816091453
108532776887
7388782521
1256485508
46355114633
82012959433
102121831312
60000341957
30550017640
37512413323
25898880171
8812741615
7557155697
91333489872
132206282990
56858064012
67716342467
20443880661
41616554982
195792099
6279804044
75623530750
4017883679
92562095040
18962122312
93757393638
90939073037
19636125143
289251187
799973923
45953474104
37935409
137466335227
71227455569
154398149
140104014304
86645479099
9822948536
2097722750
103973790371
95193808014
121164593836
136765635883
21698657736
94798859488
83843328283
76167985680
2643580089
40889068423
43773487924
100567014329
73260323491
35167478357
1757354034
5127215658
113767371978
44158759337
7798760771
87552053981
12231273700
79845031661
8198446625
137864495162
74098778354
101529600381
419625310
111248994597
45005934252
13905550443
100095757726
27768501669
21426573051
30479138799
6197298482
44358067284
4704133286
107719173383
17030344699
31599769923
33001629618
14887676727
33352098226
7548909418
12207294401
139767644394
59458585325
104672078834
130711092
94346136
48107226125
80565344169
45101557523
43226286461
20958029790
78307498768
33777288153
73682450673
15670377343
51501763924
116212423058
81414426637
99804927009
36793418294
64579276930
48513984986
31952591730
8297071332
132694637412
25715465194
59886951700
44935665058
7420155320
124096994805
35844222666
86271007412
16031859
132308103809
99021119614
119937640508
134124542525
33153194104
5491490055
114815002950
16326765766
44744913068
100443678683
2279203472
2054340230
49686132684
124798861980
5251350818
118051110189
134475034758
912764985
6812422130
120067359979
135157999534
120138646024
21447497361
16720254071
83850909780
49757846126
89433122883
114965072362
9441155537
93423357578
27602134516
59319100599
26114367564
95740684717
387216221
14312879021
60364254434
20815817723
84828898665
846242496
5276145801
38059107960
7741937114
26485584707
3341806024
105220819550
105115040252
1037377631
13475001561
9487539540
43258564857
4833546319
4942843391
98707148260
9058172403
1766499821
107670805879
79410858
1581416997
77344442026
119071568443
88599210334
132559956970
50066111894
102160478645
24341833995
17258489984
10195306825
13128263302
41472191229
89237191890
12734282974
5259250110
129827925822
380254475
2520807930
993380904
68608606
21865918894
131400855244
5294517144
78538955996
82347659098
60164916402
112162773816
13626171496
65108903225
14236720559
59073502139
21392969264
104450958704
38056087627
3893862667
328622333
20333270687
119362944829
4635250366
38342536371
89568063373
51460553123
108174043430
22957648882
99924529111
50853813124
31420068314
7344630076
83681171424
60015640393
19297988867
26931217
73604442292
1231939
66162930294
25705613794
46297149345
31945240160
135014278148
44959813572
125901290976
85868199930
117750581799
1642306131
48807933197
45723959501
129694755004
1212407435
76215615161
53789252441
81779255207
93550151515
41056425713
101174751455
18603645350
6022343292
3409115292
1091051865
91159141382
142314469518
129288094936
74272489990
48480062
78842724571
66172320587
99680424274
13516682630
103462206513
29345299866
2758083990
4274173556
875438977
22596100449
71304738
7036958709
68338344988
42220040802
3975792578
122601358770
4632559306
25645726023
92295594921
56642508376
9790628099
1688669064
21526806505
5050589201
9571809706
12272041517
106118731495
123045194410
3912331943
54709953738
92645161802
11702866620
31984764541
9997410815
23009540741
17362786434
82835162096
14664324004
15507076585
61108386512
3234328530
133724302484
38810151
20471581701
20213555396
129202670195
71639244280
72979188412
106705813063
74610518493
35915482991
126315547293
129215956542
247370547
76454001932
134151634935
3399659593
1879442519
6070284464
22557730095
141859788748
4113811020
86295638704
28874251430
13134051890
33095143326
46166870936
66567315321
15247548340
225060103
54140345174
28239703776
117967790891
74741949439
118647925854
102624854083
3675690571
14061628116
140454667045
108404464067
60492216092
73096383399
474631671
4779715610
65389915192
9352124396
7052871645
23843423897
37972571522
28517954046
2296194911
1887432105
4149994
37518410065
61951784587
132725431746
10083998447
68080748661
7065027212
6306636872
66567315321
94162935576
21290839413
136109678817
9357462791
48545964430
13626171496
85917346808
23579262
20449711255
79076494248
97148367842
88769409985
49755531950
142514122546
16185705886
7180420150
344696997
117761437707
44093515853
15315721
123402715347
76939163231
22110484725
134979331028
111556636960
35671740317
67766593632
59217766393
142863834197
3003380494
136585867047
24756947191
84217496
101168062147
17366134887
39865567275
1135160951
25783657583
130926441352
11754722099
33961065371
39396842585
27451583147
112577848615
118442767859
125607440641
20165048023
134277460032
34122549281
96767299083
132015793
14824747867
10161342146
32128376023
115269094720
1903675410
127579482505
12866833736
24691788870
138574046201
29601706165
56008315442
433646727
19594763787
126369957978
125704727473
3747403722
11321851445
94302283
72781728828
953441576
121105845314
97888323187
113788704832
66509466520
45520433983
9944759590
119209926875
29902766689
6196906821
134118643
34676509971
64994553359
128800619457
119724028063
48176596702
12487079044
128281955637
7977620654
94905607866
6197690161
26518932363
133432740793
27331958988
8890544772
48564243322
46533703851
2911239776
4703794359
67151358222
3784893900
14545668106
8510047734
17171172803
32215993110
6038559752
56162187243
27616616503
11879939
129799382963
18176648915
69941460806
13445685599
4757861910
1587760418
32790778838
10261892216
44941152735
1495122125
22100613582
12698973290
12266452627
3752531317
9416787153
1890169120
67510124901
17951110147
112293391124
64061111370
102690568490
19893903829
11133033177
62086671847
15125839019
91844883956
1845563079
54871685223
127747366552
74357995860
83516159161
7788173441
27897698984
22776890598
102385789963
5318712123
117369137158
11543711449
66325338215
124303432050
8013383366
54829098878
6782414603
11015474633
62236007048
28281092570
74541996321
69398546906
3664059442
49599447213
134242609608
20600869868
91727232760
655268467
10957999174
81827164477
40050371452
10376273018
86161755361
81184583969
78855947046
31346339987
45315157781
84435761011
7579312736
85299481829
103032950857
20404546977
100275460346
11608759245
13722525537
9598345680
13826012
43653392557
9707352923
111328058502
30654244234
112148658152
3024351806
27681410689
98069247817
42935233512
38871916109
11582718457
45881342511
9941755110
19453901099
9574756344
137145099427
33906066073
69416426895
2466476809
92861716
44965302881
68395654458
121362994770
85799108605
102977252306
82104445602
4537895447
130311757106
1801076430
10207647
52832772691
80713980493
8081578390
24609064587
35771087051
60339957575
83826650192
114183702318
51474680385
14592092022
59960832640
4364006891
15844118364
57504788744
55763805981
74228330261
34815748736
49562485101
4107821
63010334926
24866946
111607662651
1980828859
140654951704
51872195892
35412366308
19346821970
35243847706
5178027291
3952202232
79063251641
28807164411
53682124906
18258340132
47221303594
40534594131
69339422285
112230113
62008835159
96778737008
105075815201
105564124587
53323060441
1403723865
68597813480
257074347
6860655301
75596217607
29972054249
2915203827
3783984647
40648062786
52796990383
5943894326
9924739128
19237520
25629330991
11150562626
65265980777
98421715815
866023254
92070885124
9791621789
11821007
27712131893
65819979434
82071443316
37886134736
97046894786
133480989426
1180849145
257371503
46195804602
15388638201
19421958028
96388591681
137072683924
51571269425
82030951867
30886759388
134905567224
137436937674
71970888451
3204274250
5829882777
77516165862
35383281502
8796750345
3980457009
131952867236
13710089868
42468054569
102121831312
843614103
84854835494
97792994743
188592008
101948853115
141923558034
61144428144
14235513323
57392587286
84358161930
6729552516
82063943833
23531864621
49593670938
12085549234
71888256806
20713701414
34232006228
11620705399
6111825717
139250060728
31122026802
7879291081
37686522255
131924088097
1318270772
13888264832
3116086320
120193496986
79050009948
17570340123
10365522213
73624294852
65144826914
721269698
44479191345
73258909310
112852048342
52518316279
43465457887
108622992049
16159245857
6557319520
87288562737
92405658162
9728634448
134822123507
62489660711
35182938819
16339738002
70725184902
42282775595
9237529657
84242596246
97199127751
43938228774
112258079926
13696477631
119789734723
111057608510
71509304255
99986022274
20243267627
41351218578
98322824755
70125198647
60175130274
47604970782
76381723950
115279833360
37327758896
25105949725
82609298044
86724182464
19854401716
3402523861
58235574192
37720590879
50045220782
16709749929
95553879280
45187373089
17790698965
3886488699
26999143252
5413136599
6660208788
139698443835
45886889006
98670828342
98936795587
51434657841
90810967418
134723189394
17880337155
91527073964
35648387433
16264572362
120737183891
86813738266
29591109385
86107924252
29013925722
129991635796
118831460415
2888827789
26610761699
63731000
34256778760
1354672
129079330712
6917372910
20341991553
4722458370
21176374249
37045185080
812945437
18871111410
128038135026
96666021707
61098090906
39761501072
78390959095
45997892988
14598206386
18290653945
104581901355
63702822240
123399007797
5774256308
44595009725
41137095176
130206908085
3363977882
40072079851
11110213456
112860899277
110738438064
19910435990
155763849
48869818863
53039357566
67804632566
3935487688
8971554289
88899138982
224783077
7286971539
953294157
39603096234
75334841889
83770562571
33695993543
35314498991
136427689362
707071878
126630918725
67232500558
5035475108
45162059986
2730691785
4536897496
25782013253
120074670357
25439538775
7036958709
33455553584
36166983294
132567650872
16298894591
27351453275
720759830
95561997135
591152042
97755205408
80598031365
10973275563
136096030574
74624797939
93791152641
124374143902
47636637662
14953216167
35213868623
102811939282
142063104484
87208046015
70240000558
30777596919
11151625604
124303432050
116305898604
84358161930
49504762073
114303047483
86818371785
123634546556
103700894904
12829626361
227144349
64977277538
4386204897
1609965773
109027719978
677148456
59248157995
75563160198
64873669230
84169651476
54389640926
2254425465
41686198304
120102086366
136246198099
111408911958
39631872370
46868415262
47295659000
69987028213
116937820683
3450260161
73559076030
44654067823
116633343918
65622125816
2760651592
80424283330
135947905566
38561136003
85527636474
55765033252
130838540070
82343151835
32688415630
65575379517
66967621972
4306168251
54223781281
38204224152
13707129953
21756595579
46643266297
11951768998
4655794293
105913137799
34549052246
118361116208
16708437181
30911147331
1837453026
30459416361
4675708446
936271701
129333666426
26383175090
26660922143
70709909887
36082718050
535833386
780861420
1323868766
14540175497
708206953
102811939282
1358611039
78563879675
7203276726
41340708236
15826890865
75649411072
130966578525
39438871246
122206305068
30658741311
64263112903
5259968526
43190793252
198297
29514344412
32899848505
97313804059
121515592377
140296124425
97177839290
47721509983
142841839220
124041230823
62860033833
4057373013
126884640276
105282263918
23949332561
59895865835
55100710103
601426259
85330086085
127792657768
74678602
67160822043
52656368511
46549348195
28073584581
6136744245
120718858639
27851460920
36736053018
61661774901
9783177584
2707756283
560226143
91398519987
120676715964
30665037806
89841406859
447821333
90345208549
5851145999
9006250048
11675624934
35474454098
31793802111
12941411606
22932111767
4776639275
58757766253
54050944580
100593691345
11897813398
40085522134
108224264355
1184149787
13588443920
82090943959
5693405477
84729768080
70489312888
53138623643
112337537839
78851024
14641043102
84670317095
85330086085
36520875048
39249418261
7532865009
13939557818
421160172
11074173268
65168782420
136140877217
46369611676
90359399340
91792409017
13229181156
39801667663
81890068121
20471581701
138607507904
5323413014
111880622498
754925643
1405348072
2754491754
38469978801
113769149639
65476607881
108916469188
51917114992
7659515332
43211227207
115143855098
45717315231
120740849201
403582609
35840320176
56507686949
38937083379
31724172523
23071586867
26761394369
10026562707
83743283845
8277480297
117873642635
986917681
115102721429
34763859262
35655197948
104196109546
102275231
81275586966
139514647668
13187372238
105877182014
60113861138
24134850829
53509039098
53417807238
12878864869
66379070693
10989617296
112035761438
80736287570
5290911824
92918596583
60849970547
4604354492
59967204097
138047098039
49706947322
42508575185
9545311744
80065516860
21174147656
883631335
14230081360
12084440398
70469906660
1656636092
23995248955
11209105388
34663081659
5444556097
11011778634
103178178869
62726877317
76410631168
4432745929
6060215242
74286737660
84464680266
45255649457
831085396
97340028051
137493775783
138522876977
5245250523
13880519813
3779136751
61879214677
2359878542
13764016275
50373000280
5986515255
16822194488
48462614981
57657057038
71780488853
20403091089
56562091093
27583398898
75303277321
32630793502
61875328212
51593662426
34843630339
29080401004
101091157819
16691375903
115453511549
48396442811
21061503172
130470066017
85564419374
25213096023
84457069439
97279391680
77740578562
55252040973
24964256248
6896230967
46971658610
54073889971
124017070078
47593663874
116932411954
35802282881
5718164249
51739921160
17702649789
27256588913
45713993326
16805072234
35556025992
64487922031
45195078816
112694562623
8785940376
132788957835
80544547155
92992183
4912974017
13917477719
2942472
73102033525
20669701832
52232096478
4010696448
110514239906
802936691
39315925622
75784637900
34122549281
62972414903
107641445368
6318097469
24136439497
2217861534
135321238006
9216816634
99565956727
128246029758
219553393
13145633838
82427310325
18365018713
43056471619
1829982442
79985574038
108381931462
2067791935
56858064012
21051884483
83490437216
55037310375
8171295145
24853626665
2530372347
8494340910
18312671215
85673285915
30576057693
122099347146
17517829797
12439186435
125112274580
11563748654
114665039524
16909923027
66941972373
42943810392
67967785592
128624458578
8696903844
84008684566
47274247707
4756838825
118528078624
49177565159
19698258048
48822827126
75581844145
61409907152
108260639434
62028290554
132813987438
2279203472
37368643211
141951462152
72176998330
10994363971
15030085755
27303154496
40643896088
27008406783
66670972862
74889238732
129567359233
11825882855
8633454138
12808470250
91084698693
329213480
28699301703
21118525697
3410835784
10561499342
5160942581
89469200364
35264164513
127594568397
59473811831
10724926341
3130605097
62245103271
91466750836
43751836594
8631591994
27007564600
474018393
78282616145
128719152230
12221233014
364742929
70633561190
12865688144
355522133
17803588752
103102172648
5348398863
130128778576
75613140
94298315186
29633507287
82967814314
39126789281
29637041835
1455851469
11873629488
67992275782
10633456281
88440101836
96701952475
24927079330
47924378
2886459742
4816368613
45681889735
63142499829
17878689
121227033202
118942385682
114196167935
7940614481
382038
5105615915
82143456462
23501295258
1657423248
48239191997
93781506617
108671586931
89089998798
1618904
88728794415
68856421513
20719572016
101131276755
8261549724
72453712881
41537490739
30329594662
32002237696
63062660576
89038352067
18411466
2270155585
21931643367
22188769332
17862663701
31778220614
62410256474
37539402834
107663897159
91492147172
253006618
95674061812
336522916
49398645847
7545005117
15678628550
24920617150
621893026
121808212064
9359889926
7692774328
42520308728
1816119045
139429711621
84708424470
105620542468
1896072084
4449524820
395822698
135443733101
127153678085
9277094815
136214987337
1976295262
29077775381
16245807217
14553604225
1896283091
3832627835
6694428454
77395360279
54956900641
202419163
38634144725
61902535847
87493121195
132052664732
138373365475
1544583298
2813573335
3383649175
31747984669
2971264902
39034939447
101229946058
66769326753
6183990244
10209519443
113341174600
5446751755
502682053
6819008278
36146395461
35073829420
17474804173
127449400652
121578134713
94806943887
44116344654
78028166219
50862002985
38343860
76002128551
119868241334
109818548158
49501299702
11276892313
67713626753
105022958070
74996579937
16600982103
136292120
15780361786
1240827
81025083102
5622431641
120314210296
108765337345
108633404247
74266791202
42068202965
32825251857
10403437433
83867590171
77657996
2557203382
97145093662
53913381026
138556332688
105217406490
84385545056
60916772459
1566474789
5096776210
3249132043
11767295042
128702104935
49421705383
93428170847
23535785438
56985860765
2719212486
5842788041
88260881555
40346550784
352625352
140032750582
47186401909
129426735167
2816687599
126743647949
134277460032
55890293288
21530550946
31607993954
69729012590
217780619
42848445621
46588469822
97163102671
76907639
40490915315
15487512392
98938448670
29083026719
8840522464
3907401449
79161859222
86745794726
13220465517
745303993
24558543920
28118293201
73652659760
54542402600
18739221541
9877270893
11011778634
62038667860
36498210177
5091123204
407823694
40078283595
66734287879
1165734069
46331701454
84533196633
6868092129
84452503164
1647009907
13685829791
7907257882
124498872161
114351160118
123749609914
571001079
29845089208
137915533152
72022735666
764480806
67481658182
28832419736
6495359082
39591794287
77077033678
129612984905
5450412305
3853085948
1128873130
108860867052
109558668683
53529457193
27763374929
7171963248
75222959593
699276974
23644124978
7806265016
21157823662
123933456957
64871013702
2904375344
63550342028
122553326802
137581997202
59546164562
19579086751
88750663111
92899393615
6011159341
16206372340
97041986069
71795880348
45002639015
47646818521
140470526409
7286971539
106261057468
105942249280
86568359225
34476334140
12163303324
18376048853
72342678924
3200111851
66465089323
107752000224
56968481199
75443930627
42568327799
19142012502
10047200250
32203996361
22389292687
1300856802
67548089199
43578822120
126833872705
500890616
1957790410
179868716
45840310204
57224491843
485745933
53036966998
371827602
5781052174
56549724025
59298826857
1050972481
44713162305
5728306698
37051143214
117652899293
1645637344
25311524182
109497670638
53773597860
15427014256
995188502
52694484353
47452447387
80422799147
1619863214
12902372954
2126309082
10483595915
24616286900
46793306621
5199074408
24740045990
39198298113
78528694551
45638733244
179561199
12786762894
88971077316
115344277092
12342011108
78314818179
802801854
117011753358
97289223092
54645574605
29188139271
22716031475
62541756701
94370884321
42721103758
79534783787
43248880008
40052438656
70489312888
44582983924
49541700951
23466046885
10723884585
12698973290
11345976748
20152026411
51472325599
52014112954
67289330122
22001267815
38601687885
15622814128
100007632771
365010732
32989481935
9768286794
26305039060
15780361786
12085549234
1518522626
128565765549
92163284002
106642218454
3003648837
88337222740
113722936587
99944470797
25531886068
90442990563
1555983680
38147758930
83142845390
21301263469
42214638
1315476478
3675989084
19936327276
1819423925
61888283490
7204971112
52369764718
54160895459
19411315737
22123396618
119184434459
101161373215
46876265753
277609812
1853064767
54480545087
48470603958
47104267536
138861573341
99117061798
14322564807
46879630602
23405802358
122099347146
78293194
92776226350
68476204365
53935089828
41675642110
188150417
1702408719
125209359658
93085107305
9045296506
41445876974
54342398777
13306185
16431995556
40711632013
136132533
59773671577
142098999438
21104446908
47906231480
99423391235
35419154491
123475629
16855147928
13408207087
100260477391
36064116261
42602491721
124800726463
539329578
129980210816
72928387528
820423730
1559794694
86106386439
26414793548
53102732551
153604005
122248732529
12485950924
20757749780
34010419445
52688527886
32354582876
23741698896
1970259726
90487167145
78464208629
82404763906
4353581511
25073528775
1540413894
30910243888
92840197296
138581919211
123662380107
85995702749
8627868668
75696869235
109102497151
111882384777
25778724709
20194724114
140801946
138731552733
115697235269
73275880544
54164522512
119310104824
11639178623
111431767505
52843509692
259232488
37617431114
1429118539
9475811264
136271560092
7396942664
142194742740
24448066676
115081263377
51117398217
40012136111
42330652942
130575019014
97215504847
122958206347
28793235321
36431073
20456959
111646381381
140990410951
1972414088
1963589151
20255593852
21042268174
109020765216
1246618260
1925305966
6848586
21950550226
129630097190
101620082903
77337169229
138501231658
82829135162
3952202232
20496327
61931045761
85941924858
4641981662
165199260
71632255107
103538351876
33324851815
74733373889
32366607435
135583797463
5664958419
60443575102
54028004785
61818340858
6486534124
101645223652
33547853720
74305261333
101962283191
29475563644
9784170746
98558608952
101002592150
56095689583
56576932837
21930131169
95225552
9006250048
13494101
54350876336
17098031209
2980082333
135146343402
18715545401
29939176946
14733665983
88725670763
24194464590
86126379074
67618619739
30035194784
47801928476
49164913762
116782825549
11490189130
108025188396
13315912889
11017586917
66337425866
65642165581
39443997987
97965605290
46917776186
22346518267
19941364061
250289181
10345572024
83759953394
44690176564
25573621965
130115441961
21911990481
12356027079
37852995987
32013276140
2955267546
118237785328
4634577510
27794999800
4613745634
2083505770
89000800181
63412493263
27620024751
52242770257
21694146396
94567790413
19919783753
41210504632
661342753
48291579015
13579021258
101752531650
63463675558
115303102621
59537276521
99117061798
36725179043
55443968430
136451116836
19250633838
60387277838
118606154227
323493586
1041693329
712
44482467088
91140131996
80776448673
33502630032
22624516806
1735104966
4729255770
51084611
25786124140
48026549626
49605223970
68278330790
934373914
27764229360
2504420937
25214721219
259232488
48029957199
17335403
124070970105
18943200651
1735104966
12618294890
48247162228
78922075747
29327718604
514141975
93477914800
50550109828
3155341451
126803793757
126828232638
22569237382
35814959644
105617122636
67674255550
101111216277
128359498718
67099995102
14656969980
61283540948
57989761204
141151346072
53372222140
104862765986
66450300352
928983421
1108841963
62226911533
9885257659
54953247164
11888467059
93405709951
55917329228
201241221
29262712902
184825466
50572271889
29130305467
107926591439
19872351579
8894798849
1376428305
13361432347
9908237213
4579247651
30621877830
126413118929
22916641533
17428476302
132048825560
26640016384
33667660135
5703903823
20312928799
57266801829
55700010133
75866695881
139100117568
15072947866
83522211773
126491955265
80148463624
45743894855
86559107283
66586155513
9496829449
13017948435
139937018
128666119358
676532093
1393099308
91151220629
3687342552
9496829449
49070655434
75748661749
77497238573
32461026649
66219717
30276850373
53071637957
12200050006
8435354178
2569311997
3473683146
38516556015
35089267954
66699258637
54694159125
35073829420
4680440010
52650414008
56626420605
73256081058
14490795020
12311761502
5526087085
59527119807
12811328205
102275231
2280597502
2070001127
86807560366
29713088859
7973156980
6209053804
93412127119
16077417824
1821698476
3850334723
47156015050
113858048947
116228598451
9343877959
32168941987
8146901433
4432417292
29915196781
35231273653
3565250644
75869576107
23535785438
2686947741
15907388637
55527205738
22868719565
44682515703
77692460427
98187762673
120003404940
93519647930
83016081542
9180266618
41279779182
117403459343
32549094836
12914996508
102360555110
1535681847
62121713406
126293035489
1679541726
44938957643
19676818818
21635537996
136558520397
133826715751
74733373889
15476159010
27318402298
723183413
74631938310
14535294039
10741080096
99537765594
46739528769
820151118
17066756
35949677352
140359531399
142290519958
39622621825
17036311394
89811539004
6333923985
17245648
78244568731
89986098889
13819234826
63776503526
3061362923
52029498937
8436734191
23130616133
2941970630
45520433983
98340950764
57550947849
17234470018
98411824283
7643352295
60595971141
208825842
15640562782
2385049286
10323086020
61132842055
43879664794
94950914026
5682915885
51774155863
19275640
4582256908
45371395894
108130760091
85307132358
123295216621
62733400752
127975797057
31267113
4274173556
3566131785
21201616281
140619247086
14454877605
39745028384
69188290645
27121377375
4197447127
19228036972
3135333
56890308182
71878456685
1855151075
113178009336
3308697485
110472228448
20873965140
41529062097
421448245
117513685840
31476566940
139346777621
6902860601
100545341630
128660437927
132525336872
11664739122
136390599931
82943686450
129430534693
1509140502
1548378404
82060944159
47838195026
6742646244
8081578390
14082629103
62826077167
73353696151
67455907173
131908740431
26883070540
81469297
128810094490
124284826706
129795577483
128404900866
106704094014
47657000388
60510142008
64091454535
74345166591
1824802627
10226791785
101211546229
3114171659
27436297649
49778675936
57077767933
108082294233
1586413863
61424099667
13887073082
44389699403
7023572977
142763872293
64329196369
47598186482
12133277726
12202278716
11833011690
17781882314
37147539453
56481733310
65160796666
104840623161
22387764395
2380288450
35743801015
1075772350
60002891501
71829466572
34334969744
17597299241
49360610194
12187239437
33089528790
58910486
119594488330
6033151972
116225003825
702540580
7889051881
55303348769
107346329691
104980340727
5043204900
82334137869
46332816255
48861793764
36520875048
28830677688
29996946037
7514672239
8153222351
84274521029
3627209574
8146901433
49770575113
5289470166
141588929714
2597844274
27783030842
59925159902
22432874624
136308631743
14527974325
4065230222
74322362195
46689143746
9389046350
71181462776
44454081896
128840416620
124687022934
125577514107
137815429795
86892528863
3793385926
4937278743
4222728878
20644790946
38768179649
100623706593
14809342790
95370511551
66750458433
21773164541
1776487998
44305738618
18136217496
45746110211
13537251027
41729493093
2469384657
16201204428
69719363253
1291331311
103773743237
26741282519
74872070412
39755323532
87556707468
30534758403
82621336794
104048434131
79605646821
142146867026
45707350210
12458330487
6857351085
22800793989
108059795694
10871799090
882781915
8810859681
31787385682
1250696710
113586136670
15241920027
42908437859
28982466270
15453466490
2559425099
846934819
57166028144
65246003130
80086249020
120166070227
25268385453
77434648672
12985694359
108473812709
58180347754
120806836373
90964390239
31934214406
23116628157
49522075600
52255817296
15140168164
66400569775
23651199337
108607374744
137984252033
118243224981
41319691702
10928001871
18342279342
40625148540
13343331998
3389933829
51365245166
33755535400
90146659939
12960954932
112857358861
5675430391
10811041252
120674883817
4406169058
2495393014
39392743267
16302134284
703420509
29719283736
101122918020
30835309189
127153678085
42668723107
108992947952
50070755190
1406431364
69995314893
87946523957
20818759695
3076558561
450803937
75144117928
56338486694
1952213812
10443991184
858332687
106829627799
14114460468
10786999316
51459375942
15519074016
35044891722
43503230256
76689862139
105584638185
2564612728
108276230445
59759678274
8400440300
57159810273
45273277389
14446969250
58798130975
63232872618
29429762998
49660698274
133724302484
41917727063
69613262300
49133867201
3257807892
86656279388
20283887157
14201734297
20987567822
89535103494
64251220892
493758780
87297855583
43704223230
17928637708
4513977531
99469794411
107810755418
65086290468
73353696151
16852510278
39058334
886465161
78747264358
6383127253
129430534693
69919372970
124560330358
128189314802
55340013933
992778738
2499782632
93895686458
112719327761
141050005463
39848041038
10157796799
3638
20685096341
120206296993
48945514269
2325454204
13393581586
13716602973
53703782176
38578368174
20718104320
123890732140
49954743662
42715757235
672349427
62390738559
32778672047
6741827496
52904374577
90842589298
30704634116
91840112863
27730061700
45567956556
89121306234
77758079876
30869604393
64686608587
32627077500
15417047
31195502309
91704982220
233249150
49450536332
27845647
140579580488
46482320715
130957021428
66524262307
102914821169
4105904025
109384436897
18565495981
2081732114
8042057132
114440286194
62159364363
19453190980
41899351
94156491354
27915690701
108505026725
11134626126
481096252
107745088968
31708608070
28478120916
135690837928
35409457281
22008843155
28297482851
116169294836
17500344015
38010797804
131738060658
69376544296
8952571559
4932065068
137156844689
7068382616
65352589372
90692433851
85013602982
972564287
119239064521
1668661515
143851772
14066426772
30827189818
8487878818
25531886068
18680062744
72345488844
30348378371
5354564198
24309135190
6839196329
103117371349
37717584164
53428606217
13544306383
53958009169
32451763669
24408098308
112417022948
10042164648
16310558991
132552263262
132016195261
2339837
56043994621
2428109348
47732832453
74549132650
23239553625
17205803689
12888036093
41366987047
1555222200
30626371925
104501965286
14305616883
85067072383
45575695371
76277701508
65030442356
21930131169
923173175
116329273813
90359399340
57709522654
13300174320
136695278525
70310593705
108281427628
14098840150
126510729237
118674729
10097122019
76384614426
54977833
15798838079
5135016214
32566724727
64725060296
10212566339
13200139894
9777219838
89177673718
4004451424
5304982239
70716852920
12039025408
38544921203
38552014600
139736007220
37611425980
9094474507
39324115270
70652991614
2750389362
7276747691
83923709610
51785963531
1902407244
26775645310
26463921355
23459783301
60633958
34358827505
15107160549
124017070078
103228868377
43138114797
14586590557
134281332624
55403597985
27298919605
59360928012
857774801
23438652308
118549864644
3509111756
8028161657
17482867739
140510178229
103695813503
10327683221
8733401610
97540110887
117260780956
23063825853
12355466296
342277645
53121872925
83829682448
15127707608
86060258917
70032610428
95935809897
26450594681
51984531149
183703938
88293593852
109281712550
72355323927
59326704257
106362288835
2341450916
877835936
41319691702
57983497645
163908956
41907140293
56064915218
51365245166
139959523621
11179282608
11582176290
30190241578
57733264723
26681000119
201241221
36322076816
26262694551
2983024152
36307337313
22030820084
6679344563
103858483281
68360174140
9991445
88935104199
82666489050
1884276576
86403441924
29376959880
119921202017
18359504759
124642300594
101146324480
125214961749
65975269180
5742597966
754403923
63463675558
65548675071
2724056903
51600734724
135029811728
74927873897
40986297474
5808279664
50435884044
3551463001
22555429050
75911346978
72467774999
56031690487
374896318
428589411
6934805450
16069696548
36943976622
3935487688
6785288990
123489859858
68046713508
37577406888
136636659737
104658464920
11769482514
99614057342
758006
63129407929
50312485220
10075927287
11646789771
55448862844
23765336998
125863837994
81929023027
49718512858
4647369674
113765594369
80185509167
48590526421
14379539563
99833158984
7584096001
1032457411
22833971414
88931976405
5162720786
109085104831
25573621965
11440575146
38809860590
37637588
96736256736
121640692477
117049628993
7678183
126426477
107772735308
8197993602
24392122290
122758453729
26000322608
73224974872
127617199093
7422306691
6446907369
14702963041
109391403087
4386204897
89685832806
6461301791
122021925652
21864409084
68845465101
82865299846
18880201881
100655393246
7961111651
112095731612
76675381991
93958436577
5094302547
12202278716
105121863066
2897782273
87081150309
142741886022
86488192025
57599621426
110996193371
14144523172
3948175023
13666912035
18846648401
138487458279
85493927540
20344172086
27253203987
346778249
58288314074
48029957199
105473545786
18124576237
85319373866
276605361
97666509852
119013335783
87163158432
98888861140
8755429263
77450657505
97967249943
1008648625
381897133
12389699473
1162624784
23178828077
115390830184
19868760754
139417862027
63057426882
11977138296
120513782
25079201304
33940197969
12953480411
36076843228
42249807326
71503717829
498052377
35568
109001640483
37134612988
1537952293
17453310569
91027700313
2758083990
91881466789
112986622696
2522278008
24730390786
139386266027
1307982635
71408779907
24963447731
19393585310
83799362118
57697028810
107046477475
30746959935
2122276542
1399216984
27513623172
2692523499
26568998939
41470740
61382817063
142629980224
68938624979
41827782128
93723641441
53570305625
138877337559
79051481219
48455767573
2017737755
1387711374
58307156283
69228116898
87345876142
108130760091
80348608559
17378192383
101898496761
14636144574
650307962
4973154994
6022729135
64489245510
152868464
142334429202
9991445
85005257
96364133406
48482017760
9753904633
15349061060
134608777167
447920574
70121051386
80477721526
3422031915
75465471088
9443594126
84248676636
105244712366
5774256308
21212014551
89920029081
88914774952
62861340046
59321635059
10290427332
101134246
144344941
4234275436
84853309707
912332738
136218888453
18659901099
5663463349
9327884752
124377866086
46964921166
54312126566
4494095097
141736276310
3606788029
33305129436
15051197679
55260590790
36392869198
79955976506
78872109291
93187644203
131073645447
79117699090
53703782176
505745304
74319511935
13364353090
68612850989
96666021707
104983749773
97769991531
556880521
131171191158
39450150479
49350240125
107942156128
118372001328
105695790300
85961897445
7728311989
132311946921
12177774130
14280818776
1518898562
21964169026
11533969769
47057046828
1588530180
114991880713
115020479171
135391227658
94920169557
23077796453
51702158120
83130768376
57703275583
126557671128
118328466
35213868623
126614013814
3945697937
27562115887
50236887757
21539539198
10683818310
641641348
107199787990
108300484947
42606763089
46288234907
136918136061
100332072180
33936404595
46950325775
478114465
51281777071
3066242813
20233119789
47812127063
73366434420
113160281114
124256921579
28202648643
102298324385
85622677198
84367289204
9982853718
34385559031
1266561827
51646717127
74308111329
107096919
133900171523
129185588448
62371223554
43836310958
55912413204
38098457
1880703137
680358130
102887830463
693772422
10915383447
62408955201
61328655941
53827778
46581762262
49984892364
91133795948
49369829252
41254581896
8710465441
71551208689
48228945810
19012629000
117602266561
3682913
4353255884
69547159778
4143608770
104316700123
50030135339
8080679108
43291931680
81613182902
21457963213
21727240260
34794604248
8846955
63447924862
106649092702
25639167513
10838779127
18197911228
25054895048
92838597725
13246620450
73288610317
18147177572
39250441022
128738095132
11707228380
4933802681
672103781
513181900
107370475265
51901745013
1411313419
64908196100
16570904239
10810518333
91247878888
57392587286
131389367186
54594583577
59626188955
28155291162
15623447795
3598519741
19718278234
113790482655
5382173574
493131894
98312938641
5136789935
1043699958
2499294670
138546492333
4905695268
11840690966
35329024544
92207907782
119663811662
89530395485
95462984766
62741229502
131672885058
96339677481
79294414184
72931209382
128705893137
73281538088
7318547777
5413501428
27386222912
1337045655
106293652415
4110963635
2830202781
136826234078
1588352
114294138964
10623606284
36953892808
25304196291
22961519335
44769007502
52700441176
11190994320
89572772556
7665635922
59788938547
1048184237
76012218598
11183008493
2284084321
137225369446
16197974961
53674907062
20150579831
33739462231
16227052686
87390810993
2282921750
117114577835
55636249917
1621613895
794737030
7606290748
14790866898
140080257374
8763403408
510732741
80391634600
60416702665
70709909887
78709101738
55357129397
40298836322
22614530465
26876349742
12009165032
33374656112
11118701950
61400876297
69883487910
5857989275
108946014301
5567102612
89444102098
8218846884
55543127189
44831465163
8673078475
36486387971
11607130756
138507134769
80504447728
98559515
87665332012
89124925
8355532574
40789484
23738547930
103299855163
12414993762
95244045751
38989055128
97387568746
1287186805
131146323417
103836446786
63169997890
140504230164
132621515912
12502313569
48659124119
34172970654
120682212503
923173175
3254447846
45214896800
67228442109
40179681149
83753891468
3869309529
63175236422
84487515789
8884780
130006869990
82543097006
26236143753
172990571
84569752093
68308334754
87510178456
7507747473
45564640135
42922370480
23628408254
6016171588
86640850624
100352056874
133016232921
44964205002
1635068020
33003498658
21875733517
2838798804
28714077362
92021518629
91209843088
46257041887
6793504866
11354560194
60824288143
15945158950
128261155710
37747655956
58052416998
123421253965
5793522487
97272837826
31071629
1394897406
67488435373
82065443690
87235912751
1143087252
1866440281
80391634600
1055162444
11454045909
64411182695
23843423897
108413131054
46432085026
35328056085
117008146368
60510142008
58260685132
18064376467
15997092457
4966526967
61014471221
72804281680
17698591899
52915118838
188592008
138139432424
65159465757
61347996294
37436498995
132248543284
46680190038
30746959935
3554394087
14323801
34439053463
83960122260
108789650231
15966947056
85565952177
1596045283
28762777074
106597540276
93072294179
127749253551
10514514657
40238718168
14908681251
63659652
65259321094
30633563231
37133618717
8938821766
28914371474
75652229
4692956431
121239890853
53584727097
1278228495
9270817206
64063749530
67757085415
48574527017
6373985336
126754924177
43511866184
121285816976
51778878767
17958604170
9461160990
74601951403
2455830393
65170113443
19250633838
92552512660
124176945452
39954299855
40781515970
9578194725
136045344954
2034574410
2919700326
63643645807
103288022396
44816120503
61008041398
45149956383
803071530
4316214678
1616948577
51042349325
605955204
32095205447
85400500375
15376696126
8159997556
54218942559
53841052084
14916716776
29760008818
43969696223
40376647903
8270650984
4953285145
90536090788
14365587292
5560069645
4572898580
33376536296
16430694186
90182886276
72647895541
66508121541
28583832944
2335091555
62082779020
74843461742
33627071432
30470173331
25921954315
106285074348
70359063286
51729299111
137088339656
8588352619
31389108482
86634679814
42538445939
4304872991
80348608559
103716140075
36959843118
23394856906
51275813
52656368511
10190233489
101601648264
685186129
27915690701
64616368246
475756910
57958447771
87177087975
48161807897
93575843011
5475334451
8623215684
4374444829
105485506691
106082736370
39036979345
43779984304
137313502427
99733534946
11562665132
132648452658
116975685986
7079711749
7708996745
90682954529
103921216256
35872522389
40468047259
103480817278
4628524484
13019101095
39767679132
87769543
4539559078
8633919719
141734284603
112754711465
439621540
43839561671
53941120777
99653874712
1328604309
87854811822
9981850218
64198379596
7503853950
76082868727
6010388389
94645319413
85736184092
1283910070
10585804667
852344604
37512413323
111126066425
7416714394
116230395782
44119606555
68073940878
5584151094
92039033848
97220418210
49492067546
3533028266
23569516233
91824210237
16412481408
66097219223
5721919689
38231463183
63167378710
28933567806
34734089831
8678680917
52996335310
78786910057
73970764078
5295599083
4593968657
72898761249
70976780483
15085384164
13395336311
10629308317
126713581337
133170420387
14669840747
50747409291
75787516372
10003438019
101455902087
139386266027
23358911460
4084751504
73529311649
6924841420
119173509917
97145093662
79884963828
11317029602
28920478661
52410150772
897418276
131224760616
89462925218
80670861708
11168640892
146493074
49163763705
69097695439
3124574213
84431195304
15729453668
30718138991
3516685486
131690135859
6892088951
116712574630
6441713206
108248513531
111236698506
61147002976
133145359464
24325083338
23670070099
87567566087
43771322544
21039309770
84706900037
2882778238
142639970173
75629281570
3522517280
86836907169
79026472480
135751187421
82346156661
29297841960
18041143757
92252543718
3403956300
134703794422
140276313111
61132842055
55360797324
11897263487
31639076044
87851703948
464964516
12140501983
10877045678
6431331338
116136954784
82341649454
36610617457
54998315849
15140168164
140407095251
1671032409
283203212
20521199041
91344590381
2180225003
8574890286
25658846259
23685802841
74629082088
10674983327
92868992652
8377968519
33958219280
7253773105
100062499178
100443678683
14017880045
1645245272
33787693888
13541366468
123167398980
21017867187
63667312441
132077621043
26614939972
103337048761
1727250301
125573773569
62498776036
548784660
64937418550
6700956170
61074929204
131077470207
129984019088
140988424698
85299481829
97646805466
66101241462
17195810376
141457576698
66426104512
93765431005
101762594700
3415426560
39564060704
131366392530
97313804059
129582566459
27979134975
90537669257
4944235103
104587004714
47522463143
79410860697
2552269292
26967995675
58413991046
5163005
78304571074
38787492058
109076409224
114868588114
64882963917
61508002494
20344172086
25828071637
127114152042
19111032214
123008173434
4199684298
30432533743
1201560982
103722916205
35556997583
81014654075
88432305991
6509413033
32697714092
21547780055
109419270409
41972798127
37284902637
91728822171
47076156941
2790535068
1608222158
5356015580
16984635830
7207089545
24716715709
117719825550
49339871148
25827248856
5415690716
4682807099
17299897252
3725726050
54836398248
51847381713
118696972733
137568271637
62206123751
11144717849
118862368798
15672916003
131060259422
79005880162
120867342098
69011279132
796078248
35771087051
111970518223
140157475973
6706670728
24689377213
1875453370
36077822331
6257358969
124048665361
7213870479
1135160951
44586263547
33711109123
75754417477
108381931462
64144244657
34542350999
1486558877
10166914455
93997064871
97569649885
3597929581
96139265838
25143261699
77360443173
28171647009
23321429904
104355779684
22868719565
2852110705
522500673
16201204428
90904268869
11790822181
5036177624
53527054899
94327338864
439916633
36963810274
4212159593
2463571007
33732844902
111150646281
34663081659
116088455531
19290917269
1095325980
26926777854
80934222301
84775513358
6317702092
10871799090
17905500390
28833290773
103660247102
5658606036
95464607509
42206223749
57628335497
25966006
2722168
43984892103
11970517594
36307337313
446235061
697022372
6658175207
69049679220
2731202517
303701
2126309082
606886594
23990496781
16518663297
94409601841
73479947
114499128129
56141249024
6510618560
27735185548
131768737136
84341430239
32885855076
31798385886
25653925671
97299055068
30507838959
61224270634
27496619112
53808523393
9151942717
34532779103
101479349087
5526087085
26604077135
110248298466
122993366966
12673944812
48807933197
133904038283
81028062990
2133038276
55735584062
50468506140
8715612002
612608855
64308046183
45050983655
62635587763
69855890398
87516437
11440036449
86506688585
136935738030
60561375570
21573261703
58018578079
1655062382
41848936528
69494852044
52016479852
66090515724
32067576805
105740267018
101151340631
44695648891
11934137666
23178791
4462377695
15567105140
12506264482
40015235652
2101508189
49144214840
15041881792
25832984
109916306082
35155885219
677395090
49085592505
11608216408
68552710187
1137584416
484813850
100352056874
39993541599
31125653322
6174995833
46467805218
132020033949
12275395567
41981273913
8599037202
11641896652
37609424410
44492295341
9127976141
127313736702
356754797
111475726390
3857673569
58266963809
43444958952
21437033771
95360780615
1796144880
14817968858
111486277916
46939100343
3222623360
25133525371
97056712660
56350827374
58735068169
18633499211
51662048762
113326982368
7834108635
90608717732
74723369898
10016504889
12870270680
405841559
136359371093
81293494398
86020292531
137454575851
94638857373
46051222156
8899526749
11319708287
2596600593
7816866084
90788835592
65972590230
138045133880
55333902040
102778218768
15658955741
11831366409
53563095733
56537358265
1180849145
81891566148
7683137978
56254612266
135739505873
60484534504
1881333550
8128406532
112268672664
2439178502
17469429269
7831897082
3515519748
24834275821
8530398522
16645493147
2982221723
108622992049
107103308240
26115194953
3250810135
59311497557
4279335436
1759790256
63905552974
60061551517
7496069542
141640690862
114627563939
671612701
21094076936
75387941518
113662520465
88477526532
99034350274
49520921289
94695407820
5259968526
39247372813
62150274674
8911353222
114379676690
30387755765
8592068223
43529140654
16029194991
602469624
11696325614
141278570044
130123062767
5902192559
14761328924
111178740513
76723173100
43943653423
2932681091
26610761699
120416682256
128794934680
3476580404
94834434210
53164952015
140579580488
24839918992
2424506037
3784893900
28036642740
22888036494
59424332172
106492757299
51638462244
1176402754
7670446763
19799893336
37467454820
76500277094
18342279342
42114889419
40252189315
65309944480
234842
130575019014
38298085665
32402692508
119917549177
33111990796
12801613050
11359926460
102601269577
1166389221
1581032931
66509466520
21709938139
132313868494
132894868290
68311062666
73051189207
98816152444
52184669334
19158216209
55844839139
90675055538
113927411364
29904542197
18274150129
12034599394
63311507280
3435264227
1351521143
50545444932
19600466301
92045403520
16575479698
118453656695
22991720088
6511422314
24609867008
2977408985
5010217218
6048222019
16672359536
101422410645
2108866280
47826860034
115113451117
140770031312
40176575142
74387935093
12048987668
447821333
1107087680
141072867
10316447771
4444915396
3059466278
130380408998
50020853069
963495576
167322886
50326447410
109685951486
1051437572
121583653920
105535066822
43439565295
13326410711
125237372183
83464719777
124093276823
31922272029
49601757841
89049306328
13409962598
58683382952
112447058069
63451862415
17314605410
6559739902
5033367952
46882995613
79884963828
21434791924
2181587937
85004438626
92773028486
48074265560
40134139583
8293424700
1474866638
7545005117
192717717
141963421788
84470769420
9236083758
13678142596
98245399480
1220615172
3609152483
132033469688
76558141582
2062052633
91996045285
9576229841
25204158604
61333813065
113094698377
13073911564
30301875587
32433241743
7078032765
84798390651
54358143490
15718010736
125959354899
5922832967
104340486863
1711201031
12884023148
88105190913
99012851037
103029574711
113728268266
133077898119
92774808
60603660387
315347486
14581701547
8456066819
6806661630
44852295192
1407334547
150055400
552437013
35677579911
142230655030
57810772645
91452467871
147879593
71935868230
35946745637
131406599445
4312645
65977948232
4522939146
87122923116
27708717257
23288660650
97163102671
126546404182
106063884393
69101811980
99856412256
792995049
275063781
9099256855
127900258793
116773817614
22253475427
79372527279
3084443672
9330791382
31544979811
51944312669
217372775
46236995321
5122254662
107468810948
77915691708
2587406340
139117869615
83437494385
51159639967
101131276755
80663428603
35920366516
28870763942
21887060656
41187425660
100210544601
92993828480
8388971089
36076843228
124990971121
109816802877
2490033680
45287007
4067746262
78753136898
92211095660
22274047834
45468517648
21586759061
24342631808
17659390469
100970851569
54002655590
93898903796
127911588027
1638000013
52319895842
16555875226
9337090831
17191147827
28299208451
128287628752
16589209587
120072842744
28049526539
36353531510
12169981174
10409592745
60228767390
1668266583
120118537269
29114542365
56491619746
8267464837
19250633838
3428068484
9748451856
8058453
103900868406
118159834227
104508767112
23615838822
92694699019
92077255982
57534727842
325590115
20550417867
9193723516
76915955223
38868863010
15105915753
83849393443
40374571867
25249677578
73004596320
443761592
10492349794
1764262212
55841154430
137462415343
11682159834
8956840950
60978467953
76775330110
88186133285
80894019726
105217406490
30494383640
15396812180
73635640136
37608423647
6858177039
42662311351
4739461930
26758041857
14867921047
17142563488
100662064610
28722770646
2683656226
4471617021
59608401423
4077503499
105248125850
170174164
42991002154
141610827265
41231490804
38687933028
109841238271
82379214487
39035959374
87045574264
10290427332
75650848985
24935158538
50089330608
133538598
8338155308
72871962202
3986681449
32224300553
5712533168
18039777669
747508120
104534276259
2609549145
34032261238
82964798108
61337681068
42068202965
842370544
27601282755
50749746695
129567359233
74510601755
63097992851
95070701122
3478899144
41643982176
63648904511
99786661422
16046546334
1115071710
807527697
8258365489
46343964827
107010320166
88543037792
21550027798
93295044684
1457323735
126351194640
5109861673
1478759105
1997502260
95887471
141397893304
28427068555
82639396468
96095302369
1679145460
115507252687
133465548886
48649974561
79995934429
139564042259
136099930000
71593123437
57544709048
4921647340
1972198605
1928925299
99125335127
9000542160
31181889762
17401649082
108798333986
114091120738
58037375766
68056242451
2717683396
66307880118
30900306833
16782694142
29648530396
206236445
21617519890
43990320112
57892092730
21663330565
76618922436
119680233031
38761066066
119795211090
34013267998
64847118456
15695137314
81960493234
93113939521
42950243670
34091173088
10119348745
19331246110
52680189469
1121319437
626976091
60862814131
34728329603
8838166417
69463201665
85067072383
28301797010
3579363818
81065316337
126158008643
24496872931
46590705762
7379768074
2917848237
23092548094
26858712083
30192918223
6832189348
38398138944
114044842408
1003193595
54518141338
28788012797
1075615371
54247978155
47650212368
9776227058
70936440044
120999406274
45115854510
12002534758
56149870163
82905995045
1476348804
89271660010
2663704705
95698432591
116779222329
103223798780
49962859553
117918901606
19095551356
11128255172
45220402865
68121603209
7314276687
15658321344
23300360853
18171667
34923486228
12544116563
52720697477
137907680600
958756798
127176267209
82625851553
39382496141
124247620666
75343451517
19004206522
110542251586
218257052
13094134981
136105779249
59163331454
69309181709
40104138262
730348735
13166066
110174867000
135443733101
340381843
38766147149
97433482728
10862883985
20248342646
123822016569
107641445368
1325972284
96603973207
32016035979
123885159903
50131136564
15744717156
27574033559
6250672262
79641090599
26109403614
45771590418
427330360
119766005180
45333899908
19820682737
16472366568
75754417477
141129485433
20376894087
50197885
24360187524
19875224537
67378685776
54563029065
14578035279
100338733356
16495180381
99977711203
107940426651
74527725219
74617658038
96768933032
47825726647
69478337836
64861720211
85408155946
543056710
63289222305
35389097570
13961656193
25470575399
18088307872
82847216578
77309535446
83937363403
39835662
5119774823
83985919467
96259812278
16969413879
25486917171
5696029214
69576075451
36042583773
46048999566
32426760218
63290533064
8773728820
108701096436
49516304135
38499340178
31194594720
8360108596
75702622877
92936200758
2526936585
105333483480
26109403614
55369356213
23828427328
4575431
126341813375
4158229200
92188781742
120786671414
86966716169
40970606545
201437302
7147468908
18171849564
1783027412
7770984176
198766231
82594250590
3819525338
27836912463
4213119914
108581349117
3725726050
31733329749
45290908813
21640794797
32287100455
90931162314
71998911241
105000795907
111627020784
2364142182
47154889797
52379266126
34329244984
81908045945
7846057110
49614467526
43918703148
30536553447
36552420276
97995211252
4594973238
90417751329
139502794496
33604428676
329974159
10811041252
53614778666
19143421252
6586396974
57217026991
74556269349
65114224505
49436696692
91596945806
869671396
12316800853
16845258241
28587302384
4100847513
46362920310
106039893307
13698252704
98707148260
243602797
87149229955
128229014145
136972901421
118553495830
39085953275
108187895960
141933523373
32473070582
117712589200
4158229200
26946962752
67678327829
138168908035
86688684037
134591328290
128984497420
79772588784
1087103082
41818264393
28670629842
126188008755
117047825250
3771264705
55669351594
50995473441
73668263521
93113939521
20674099592
28487644089
116899962708
2020793867
32720036408
92470939
4664902136
8272016663
31923190592
1815499718
27145014685
66974372525
35686340240
75029512244
35505519854
34181615
142665945650
118698789546
116022009982
86614626645
110459976595
39199320184
1689066454
97595911859
30968094632
122359448431
71549811690
33624240639
15384237656
1710200842
73464135963
134476972565
108127297887
51910020894
5054107413
4961297910
76900001718
735617294
2125860822
22926696630
140613296783
73455637181
41015844
44294841826
37665488244
60635704322
79170666
120946204689
8989607083
37679510254
80725877251
2054120107
21799539370
3433536427
11493969273
139552186501
2298761424
99753455634
126219887104
487405259
72405914621
2580458960
122839814863
733559170
24834275821
4297752867
15137675456
26870469939
518525854
77376445934
40487796474
45400078858
11031322319
44043533001
16307318534
85256644831
362693070
28344960922
6141812126
42091542253
62827382990
47637768801
77026223077
88814724464
89896439196
89770674182
85478607340
35512316953
100137339171
3089615703
17563604185
12881157305
22777661479
89797392739
139494892726
55249598385
15435199747
141344191191
4446890614
132481105697
35237076633
10245605476
97127087241
65437922662
18274837646
27718961687
50729881252
17985868070
16555875226
3739568344
125404403
27378588339
116717977585
12340890152
31308144887
5056570922
101099515234
71507907628
40387028759
114361853408
8755898176
7481807577
139330984347
17342702244
64941403979
77033480734
100335402728
27086785952
23734609657
9334183099
11688152089
4238770640
62733400752
12835919282
22106687820
36098386244
29639692890
54135510420
23435522780
23756668341
61144428144
133012379307
59940446766
24171404171
9762830257
54616433963
80361960164
94517737066
27042946360
24468863588
78323601835
57663301879
13311248659
42492577944
1697024708
11931934624
243458497
7107025934
4094531747
21941473898
39411191747
107549933177
79438880590
5138563966
50555941437
2917848237
100134012383
110236058107
94619472507
80290763738
15721188847
37000516037
13198398417
14079627874
101119574600
35326119217
86315654401
4522275024
18078733858
23729884249
47407301711
90950148798
120444137815
106151303756
103430064254
120544833608
888167423
101524574752
1853690524
1389865482
75535014
2740148182
43232740973
969734946
102938441089
47686420682
30012064312
39543523494
56849384323
141694453419
107712263091
83349799737
1027855777
23644124978
2419705573
20358712034
29262712902
16608832513
88080293379
42431816881
77201958344
1205727399
23360473794
82842696065
636254579
40163117163
96514200566
111530249177
9429942070
5095715969
42959894905
126073651574
1555793293
2746290746
19794876773
12389137740
4665239647
53361428031
22069496861
92266892769
87338129899
40826400151
74617658038
458005129
52712356224
26042440185
39236123734
5850385911
106038179786
78569744633
41457454173
75983391288
137627099547
126394352387
9038623774
135622715749
125820774029
108153266238
37223156161
133724302484
102427854506
140206985518
58817057496
1366435907
104999091228
376526406
43192944000
31410049943
17695210710
32210455688
18331259620
40451420919
11292936969
62484452195
8179886826
61438294194
90400401396
125508
7553682901
75145551029
141813963289
556101524
138644911649
14714625868
40427527278
44942250292
86309495493
13844209734
30927411659
114231788241
111241968163
3708907138
41845762913
53667689902
347995791
24840725225
1382332870
107758911698
22421400923
50857322925
54411451310
133432740793
116041762137
133137648912
2384572994
15180080258
38847495099
141203023502
1438428026
16570250646
16041403904
2603070471
126345565863
5729810128
23009540741
89731390473
2830983630
71542826821
17169176036
9656962117
131885720847
115466049946
135869979720
22522460911
65292623525
95067462616
90809386459
74744808061
45763834917
8833926274
20912289712
20194000035
98335408
67577924481
24157891530
8851364603
33720558243
29340024954
2955001325
12357709506
139098145207
3942293150
4357164048
29939176946
19438281753
55077540002
106552870832
62918825314
21119266798
10059290988
14326803474
35328056085
83985919467
833006418
64711799702
106441246815
111815429349
16038190371
37057101930
9101170209
41210504632
134000727687
11565373983
96419577890
22342700982
9666831835
120295915708
11325602688
7304884675
16031859
47839328577
39451175938
537579970
1598553938
134843467320
56468141489
37343711826
94056633024
7021482618
3234328530
61118683034
6547642854
58449203844
16699905286
86765866219
140857366016
6596508225
131060259422
64791382730
54072682088
128448419105
61785975001
933207096
83655424365
963643879
39166621324
38581409505
1035376906
28662812749
87718117810
107455006482
68638829086
82786951952
143632902
49483990551
122973010063
10103686920
71622471100
26418955397
17163186281
2582939286
104833810583
27040418453
64326552391
48834285508
366530357
69107300894
74917856526
64438962886
1276509559
47745289188
6545627779
23753516395
3769146704
72753542826
136460878983
106163305227
1407695927
6805838922
956540389
73451388212
58747677471
20239643056
83896405914
997300070
46649978841
80081806219
9265024234
3606788029
20979442485
22979326998
75337711713
32187389443
89904302173
39745028384
16645493147
763430244
3811004734
51382887571
3308415264
88572681641
47371906
33930714971
86170985095
87988511596
20273728001
92985823613
21061503172
20948434869
4530580023
3381365073
25487734382
1400117853
14758253947
6077649317
84618503763
93227712958
2794928487
5362912329
142011265530
95082036337
26486418136
131847359785
61198510082
14002315935
51400533518
323828460
9810511287
94013162399
24081658398
4419283012
6228275871
2979547553
5225895209
4150915841
126377463702
61349285753
11380865319
8507274662
65606096374
98608109962
89946768472
53051312036
26279296303
63705453036
57056647332
33770667022
11411505028
29752038729
3439586432
4308759623
15984260797
36378115077
49616778582
43246727918
17128599663
12667123934
94451556105
101786076874
107180832169
15653246682
63198812088
62089267111
80601003387
77829565591
84947937183
76723173100
27274363124
20357257790
68682724
119937640508
53088379821
29756466388
28154430473
136092131278
79916027709
1014573386
133598753963
58266963809
548232209
40960148285
49716199618
48640825945
5348398863
32056528513
31254525042
22915094799
53094359856
58648099280
140567681988
77813514360
616478298
57993519471
2363668218
80565344169
910748859
22350335904
66366978962
1025406545
125674788913
200132214
28238841779
5628763108
8297071332
22810821978
36568197938
30310816147
38052060705
18538470424
55245934648
12202278716
21072604647
54393275779
28615064438
93778291403
4392418264
53867566444
87828396889
22364845559
2713098544
40163117163
122162041130
19453901099
5356015580
54171777020
110451225750
87763153677
69306432889
8992459161
36687627435
131475540143
41932550093
102177284035
102843978819
36341734014
9096387315
10583217754
8582780815
2452688972
91317633180
139078422305
15107782972
62527427706
43040367924
80318942231
3371667857
38465929735
20763626582
3308415264
21277441625
90255360106
99537765594
318658458
19864452310
71456241343
22752999355
93599932078
88405803050
62247702345
1565137494
104813374663
13626171496
7211327281
135651908386
13566659597
48869818863
35923296909
115142066527
26592250
96817957026
74937891878
17300565599
111989912780
46749609760
339865769
110024587666
50881895102
1186132943
39941911373
24494471498
29319808825
75234430819
8366517092
6745921746
4363354983
815116865
17795447398
66606344766
30897597056
81475671376
108058065143
4127428723
13668093957
14908681251
27164438080
3380794153
20054493628
138966030362
3351746091
35695101743
94058243251
25226098879
995791560
10974856434
17647233821
126629040336
92392894118
55996015202
41990810438
5092182787
83643309381
22023998263
74221208840
3344644314
69219875982
81053394357
86223296157
12685317948
3486149861
52805338308
7265255534
91709750009
3176029252
6203174783
3877280751
101102858272
31948915862
72536702180
25334329612
48454626402
69476961743
104140083055
151796103
72524039547
52018846800
140639523
104432259635
123191475567
125502713867
127063341079
50576938137
107712263091
325674162
85963433942
105560705875
63357400225
9730120121
116464169344
40549159179
598994154
135490413127
11303105704
336779469
9049110516
3786712706
60283709533
48870965374
83817553762
135022044828
18660596158
771855748
11632113700
10802153241
1512701863
119319216
69475585666
39998706312
44601569883
84332304523
62541756701
124778353633
32519414396
7843401044
1931695418
115050868924
13904954212
20822437622
127820969065
29053276979
116300504591
45600020331
75005170355
6264836652
14314694788
5736578242
83327127948
1635068020
5541584513
66871806121
44544796
40819091748
104092556527
104401664281
137474175077
22203986430
15102181721
58859968912
11861546966
1867487186
11644071280
109947737966
512009665
116732386235
46097908952
111224403037
28537882357
69442564110
12219559875
58624163887
25554795404
15270074052
100362549
4002578850
27937116150
6173432291
39271922387
128346258055
25217971759
80467329523
30688432284
1922966285
138503199341
112530119182
125502713867
89572772556
119475955391
39095139760
115308472784
60510142008
67144598671
8084726163
33853953634
11754175620
76539332913
27100282296
128927613596
56226259005
63947718906
7761295668
98705497187
4428803093
9102605402
13854920112
133531177494
14802566883
50943936801
132567650872
130006869990
83295393053
56580643728
535671
132736980702
70818263751
16689408072
97451523093
43225819
97632028585
84653552262
31325421048
119443140199
111089201350
87853257875
1457323735
462133414
7266106418
2042470016
142272559061
96162065594
65817303710
135321238006
105519684913
45335002491
128772197050
30497074467
7228290281
88671015572
14210777774
14915480320
34952372588
31730582460
8136974451
114888239075
47854065958
22141630190
377978762
117376362530
90089975127
1583145798
129540749161
887741668
95717932177
14731822716
39490153242
34246297055
17139903268
41752733053
15394296950
86032588759
74604807033
11913766757
78991173812
70815484401
9362317473
35349365293
9915736274
13477348171
47729435522
38524658889
52935416303
16012497523
17320624121
983618985
125205624978
72338464157
1016704764
3245497400
82991946092
25928549247
9580651134
3290096771
28011743077
4248732583
45058677992
35521056784
141497374982
44993852441
3096426230
6976404324
48375916269
1134515107
65154142315
24520891755
81637110344
56558380862
77027674586
84708424470
112600832788
92836998186
28235393935
68666180134
5818507763
64107288825
104970113887
18521157437
108754918597
31334515280
908304326
16139899297
36930096084
107969829970
354467311
51274726831
29135560833
17167179347
63398061568
102550740945
18359504759
18928490806
24885091748
94860312310
47437773392
114007471049
6731188470
19947840912
13904954212
112544260134
50496476176
2498806786
21980063579
3480638742
64473364698
110083987888
390537623
12103298146
578470557
59693551130
73028596889
104352381198
70854400937
107261838840
133251402803
30588632607
16386484648
31120213612
14663711115
118402845851
25535976083
16230285357
191889544
91968984064
68477570084
5023540186
17056208424
55300904945
15184448675
114691811015
8804744380
68868748892
15025120379
18237040949
4156320626
130848093257
33313581063
13057167099
577562561
73394746602
6666719394
2910711500
3325653577
61731621575
65365918596
133641241133
116853099904
43309158452
107156710153
43116621573
55352239013
9501374
70926704311
49570569328
53851897881
118929653769
6963078806
32310202694
8466203553
76231494980
11635374008
48306389424
30949756
24989326671
35024642329
89191768469
23274624602
115996872720
63814677915
67724489973
343659171
33501688193
87718117810
142805851790
109497670638
21384759615
40012136111
49360610194
79444780202
22724500918
90937490868
123171102944
119310104824
28293169056
17394945586
101737438109
35116293276
6146101715
6605010124
12406559079
78584407821
49669946452
3416574946
110232561025
95364024179
77554028096
77554028096
17579098894
21729497615
7208360772
120817836423
14779171413
28057258138
101553054913
9927240537
15062381337
62704700454
66187077864
14100041374
75614904954
72192435207
99914559173
123916737710
27962838032
101475999311
3631360640
40895337639
45648690695
4880431747
46067893379
23093324645
29260957014
51418182601
9777716265
94585554546
93596719900
12951181181
17581120585
36270995224
106161590698
44338291
35162647524
43507548114
125903163775
117746963251
117123600150
1892276238
118303069998
110486231462
22608385993
121953739099
87718117810
26189716727
106045033964
9469950098
307554077
5899520232
33490387393
18897689380
9995904420
13785970714
9736064005
16716971076
5332821560
139917971178
2430272779
71921863040
117955114638
93511621541
583023499
64526308610
132819763847
125609311182
30879535510
3658399877
22394642250
82538584221
74651932968
106969004354
82087943719
13385394428
25732709123
46641028867
72161563161
63971443442
24515286634
21825929243
103788993510
14604933627
112072800109
26982303908
205773816
60321925
4232670753
71266907
1228518167
54440537686
116054332596
7396942664
127530458533
2417786697
91408039101
91887830005
112471796429
5180877985
46583998076
39524018571
105509430939
4189461460
139722167355
97351502254
47286642962
1908117945
82316111489
8426618115
74215512004
79679494917
14741655200
50386970578
2734779081
3934560155
16079348447
54050944580
25446887790
122773244949
86779763056
92552512660
108876503801
4332442680
16457384625
94130716762
76101618994
2668243615
74322362195
66479880042
42292349242
34329244984
2701979
4102427304
92062921795
2805537376
6870616
85645679341
133766808620
112418789611
51048210462
55304570706
25446887790
140411059305
4918176930
6483326778
112470804
60772942139
25561342604
2126757384
64282934660
53689343548
2158257902
29943618825
17089397344
105528230250
130691470333
58249384399
22938301295
503737259
30257196241
42656968702
35237076633
23703115435
215473945
135944008722
90263239523
51666766568
29014799873
53537865598
8710933254
53246370773
1815706137
854709217
80870200238
46477854153
42025787373
90137210999
80436157108
37609424410
21360884887
685186129
35626015430
25278149207
4110963635
26718667378
311069772
97769991531
56252146416
184015011
57439949264
114158773452
112774174924
113424572441
67144598671
3696918642
21434791924
29062025069
86077170658
59217766393
8006223698
106683467060
17281858723
11352950617
1902195925
132235096063
114251382500
120544833608
83472283256
70542000984
8580459716
1220447363
26120987046
6449705000
317663064
83404225393
8171747186
1739745425
3443046290
132386898976
29617604771
129185588448
126647824736
60198114788
48378196779
11098547104
133714642859
384001254
113296826147
99378654696
66730959
48866379424
40235609765
108059795694
73676775563
65246003130
675423484
17462040458
135982979786
781924280
859030276
4295812153
46297149345
60033492055
20444609432
1213243576
45241329106
114265633800
74389360970
85438782688
20701229895
57132455341
2135957703
112162773816
59060855229
38388026496
652120915
24667678890
18125260920
127249700540
37291877236
66703299944
231697856
13787751501
16330656638
20723975356
12482002847
33331427372
70158381973
121030598823
112342835958
3129782424
21515574570
108510229530
12480311038
134744525187
6309797540
7756453571
5174465343
23431283
119578072643
23366723694
20222974363
8539657110
20115151558
19968717083
1404626070
39149256617
45122453780
19717001
42816325881
45875796312
119026073092
7636804892
112182004
140873248228
13523145599
103890695254
57974729340
28504096194
14270542931
63158212023
86254075701
100097420817
13562540384
128931405566
69494852044
94553257576
82534071632
46749609760
64481304836
31388198253
22106687820
42201972913
131421917825
8440414815
39503492353
159088481
369129434
138155152086
9822948536
78232863631
2296194911
5881592981
3354304352
1547618964
84020827254
1093266969
117083904500
79328307057
66661545817
17378862330
8905202117
6024658576
37451475912
18883698784
119069748444
5092182787
77123505826
105748821319
15352200007
2334620939
12777628642
1937454515
40927736724
135523483468
61958266292
21440023117
20302035892
128709681375
115170685267
1906848063
31556846546
13376040442
16736016755
14001119087
126527626998
3578186690
7054966564
8410998159
1549707811
22645263675
24714302886
9271782852
12045113029
38655452450
6279015792
2686441113
131672885058
132498412914
69536146030
6051315531
63483366673
82901472684
14578035279
11213369090
98632864949
45715100595
2338387891
14243361484
113213470616
12358270343
16788616357
15644367530
108706304361
116426391789
48343995437
22949135043
45964576888
76474938
138102101575
72276662323
34595982157
109368763730
138363532098
31495714999
73821563145
142436243035
116350852377
129774648934
85171629
85607343908
76074215625
22679863914
121751131333
80109946488
56880385960
21515574570
142450220024
137693785945
15792465479
128501408587
116952244971
14656969980
93429775288
18644613055
7097354985
49284589870
5166989828
54463570513
12984543155
145114105
23252798850
54808419823
57236934337
74866348012
58059938580
103014382906
111801336077
12113841789
44115257383
138278980627
42050174244
122139912104
71393427886
177172496
6153514326
67260912521
1813642297
125809541251
81023593193
3838118555
103524812912
39243282063
114260289431
53126658569
135758975333
24173789272
69350420209
138001082
42422227214
29397195573
102165520106
10269531677
139261901830
115673926702
16497136628
118887826014
2919435707
82844202888
78313354280
66381757883
6323634049
13842425007
65461932758
2052139986
126732372371
27317555105
105788175798
820151118
17936807898
64261791524
109008594801
104058615225
70486540426
2486869171
80569801070
116936017760
62584754902
47800795345
111780198349
6619193367
81560854557
2405811325
103772048844
3691829607
44253449038
87101261796
6321260923
604443399
140199063454
40711632013
206699676
17689801670
794066799
18223991978
65168782420
57087708867
4265791918
33227241793
28513623071
24528900357
23956454226
68439336818
37991681737
80800253035
53336247552
85389783244
55692651235
1328955531
11160663109
96514200566
53878415727
62416763075
453996625
46481204062
68978374348
119625499171
26731229995
35351302903
31544067084
42035329336
4439979477
126602744344
121814576
9270334403
117206620680
4120142226
118484511454
1204893556
54270970158
104775913209
1498853851
126520116674
40670983798
61269364883
670876441
1316524030
81225597
6316911448
17259157461
95232700608
9844318
19418410263
14363161554
65259321094
96541943977
311972123
100947466553
40468047259
1973491647
11130909453
10324107538
814981066
87761600558
44261072179
1899872086
8073037483
1325446241
24358591302
29707779643
14285051181
40216961677
121683020948
37464458533
99770057766
6073772449
360027354
610503443
15024499756
118519001675
18802662804
73509472019
107831497084
140276313111
12973033731
96692152615
96139265838
27612356598
10242553406
6798437222
31191872009
4947366922
24046757702
488236271
59688465900
20298405489
71495338561
62121713406
179192455
109729559483
1905578637
116804446363
69956648149
111940548626
47740759290
49360610194
25419947819
76931910436
78713504461
125616793548
7402098326
80001855127
1533791479
134548681342
7532865009
39979082119
856380827
50470836580
85857450737
974651313
65476607881
48116320709
47558620987
23104974658
54131884449
40475322644
54617648002
71220485998
15167602230
23618195353
79216341291
3573479728
98258575878
347279
9132287600
1498293782
108309148012
90897941881
6845382062
426556336
49183316228
20837889147
21923327332
52624218036
59830933854
128660437927
4055802410
52275984715
104978636216
27340639
6299923149
85984946086
17963373907
24288412032
2862837138
131073645447
121353805483
51858015594
108567470301
139074477867
5418975369
97886679228
4139798778
34559584439
13166066
31002471092
72311773496
770140521
48908807297
68864639623
208825842
27639626150
94177435887
35259326600
1090893736
48759211
249557995
64869685993
35375527630
8433054593
5520189999
2505642286
49012078893
52040152466
1569916235
3357148166
111224403037
2713353137
58818319357
36116016852
110615800560
138271116823
24878635304
6933974788
25747494809
83947983820
472588793
117490190703
40630355749
104309904367
85338087
118519001675
2291532423
29816716348
598994154
20890175182
76074215625
24989326671
21027478358
21838752060
77591901298
17722270708
94789158588
28401127541
22301495260
13583143257
18925689546
100203888393
13624401739
43109100278
2612791654
1817977602
169578142
70935049185
94090450611
26638344250
107810755418
37400567563
35234175032
79765198521
56093227327
63705453036
1731880172
57481092423
118666089924
48320062598
105196929124
6678122342
42838808090
375891993
114915038408
117157887293
31970054931
64755564729
116180076002
46642147580
20864390905
32936246156
83856975212
35601706533
28687136389
139556138365
62476639947
7983425477
5772369435
80742236628
22802509
64771482683
15805849072
77372081381
128151510934
46756331162
72560623229
88619499991
90550297907
26548131332
22431344642
49742804809
77233932998
110892704058
44513047140
4097373120
17259157461
642001235
6615139393
949464713
38816979185
78459812776
63671257448
6613518207
119095229670
3618619633
116244774876
91739948434
24712694436
17503705656
16312503416
12583157438
3366825248
135051172353
2107527578
110356739458
66567315321
8237003706
4267725336
12934517796
139888294771
18701626489
9729624880
102517064015
175469160
20505869796
29208307238
53422606664
14437526
4840082402
61313186167
34001874454
72011523624
1309549278
10645905665
72405914621
2643580089
15735812694
6324425227
5261405530
87285465213
23582073601
75441058817
8553093159
11783159307
50488317133
76055469502
51274726831
20521929180
99083973212
17094046137
8455145591
231486723
16087715800
82011460160
27497469193
38605744377
37677506956
118051110189
130050674191
61023473632
10415749469
1366079711
40950737248
52864987210
82534071632
21199388398
74239725251
122529313911
22067979455
130865289708
113252484370
39162535074
10286348612
3667338085
24337845236
8774198321
34357873036
22995593565
4772539169
8251089789
7897486366
11474537297
99673786492
20938104679
51901745013
17380872291
15930429691
51196031280
126768080318
25356330657
57473610533
78814814748
66383101510
65074320835
68169283428
59562673237
70663509
45063075070
101430783062
78330921840
25591639113
53531859527
137129440093
104837216819
123272982171
129172303723
82667994293
46746249291
105272021760
135264871051
667446493
111549599866
131215193683
36984641111
27169505884
60737015257
2094163938
67693260738
4086643666
49914174787
6402228317
21391476440
29945395647
128111823831
2993998091
1665108821
99027734684
7450304050
103748328554
16608178256
17476819944
43589625624
272990254
91697036097
71758104265
14006505218
2227722485
31638161615
52150297795
1388788218
16791248835
53884443472
395171909
71270672282
6610276299
25549067085
97145093662
5320158267
4431431419
78736988765
80782399361
94692175908
80361960164
88585
76530652851
135338733605
71418299
111322786559
5296125
56793602346
4257740767
2246121605
111988149573
107904110972
66235386684
129721383702
4074249
120297745097
26439769096
62860033833
22367900837
82896950413
3290659807
9673250182
56305175835
63145118403
119253635015
6256572105
35150089531
70476837147
119127995346
1185471671
18655731015
126240516477
27112938315
113417473631
2945159250
127688876903
27749705321
8644632122
18703018099
55506390705
2417786697
140016916466
427330360
97405605169
7943286179
4722458370
99123680434
34893648993
18057541767
30499765420
20442423171
134198085847
24257341477
137519258794
2271546443
123939030258
65403248538
18017930519
32118238482
67804632566
49733550083
92717074945
90338901823
60409025755
46763052998
127436207771
9173061205
26150785936
43703141437
19308599282
36263139818
54192333745
23275404265
100603695977
131205627242
24049136347
135760922374
25926900415
39603096234
61762677729
129909767045
136855560783
67375977166
8671678244
8430755456
976292434
53434606138
27598727552
81354694647
7931712747
58967317507
90719294346
93693108854
84160535712
139753802661
108300484947
20328910917
94656628702
106271350160
43789730487
43311312086
10891218203
18092411614
22504070119
111989912780
20324551509
94806943887
45089461586
228260983
27517874913
108314346059
40100001032
303492539
64531604292
98940101771
31309963211
39304666789
116190857772
477088775
121379536285
90845751826
14805646570
109579586491
19944242529
37263982516
127943689946
16396580
83056817359
5786718477
8326275896
119421265581
72619737493
827523918
115532336261
28313015447
111885909383
90719294346
104498564432
7070060516
64867030641
42584340594
11348122418
37715579800
592762052
26262694551
119444963180
94274132461
37805825440
41426936394
45471830605
43138114797
104201203567
29965832812
84405325467
77023320261
28823709950
7935717838
31835068468
45985675727
29532864121
90149809681
45322874726
60729317881
59671940409
18365708004
189287247
17653311478
114260289431
17795447398
1288912985
1745199460
119795211090
30190241578
98194348815
95719557236
31783826
37999730035
4942147613
11410429096
117246336816
104626135037
2867029644
13753934274
86673252639
42392401364
115729512175
102446366011
52114754565
66652119490
7071738584
55346126312
10033104038
68610116771
64542196516
10374224798
717959318
1008952021
141574995851
23052962939
24334654454
68230611933
23027369008
5587119466
86051034901
59173457110
28896052999
94824731076
3952822008
131557909652
29921412936
121905834695
68660709472
506062867
55114126552
2216487414
50901791347
2763991883
75025216341
140222830544
1915109404
48022006292
56181896793
102232751668
86653193530
96845742147
132846721935
86000312986
58072475844
125964974684
5241304884
90950148798
86972899859
1659392046
42911652850
62559996497
17618209412
131563657189
129932611631
30087721153
25851114569
55302126852
106877795945
135451512559
40787777494
86475861805
21267024733
36860735432
64374151313
94643703884
62261998442
64752911883
38910600859
76012218598
55500269410
77075581709
101890105104
54383583025
104913875882
8297983152
75560286000
41760128922
1227507505
6660208788
19139899569
4684159889
62341307097
104869579784
37601418800
12363879325
52511180963
35534654022
120264819163
50059147574
11116579542
12975335147
95456493926
91590592918
3056216452
39451175938
32720036408
110726171373
127786996039
41602845313
121313377307
35970203245
6842907270
8428916450
91465163759
81680488977
44294841826
1052057892
35419154491
132210124590
126430009984
111472209360
72070397264
3900628549
21361630790
81646084184
36343700146
3546191033
1761212603
382719784
68470741627
23637837630
9755887781
6859416108
134552557960
9617041236
64613718508
247807253
86150987948
2468899865
8967756089
71378077311
2999357209
72501531037
98946714239
5811309222
95994384153
79244325820
116314888803
35341615649
83555505523
15554458790
74520590274
83251579100
8347299152
103092040936
84368810445
29487900262
14389856762
9523
19016139179
37272947711
87248299513
79508218861
124201121099
9810511287
130741120471
35234175032
99315709124
22389292687
1545341926
72077407811
20224423573
5546386436
9427505151
66968972045
138808374762
32588073648
25909591880
4241019169
8756836096
20280984217
7013123774
13166066
100643718767
99607421894
137305667243
121922416032
135348453924
1639173813
12786762894
15451576395
68519915711
22247381929
22303783461
141107626428
1694038143
1042619229
48059493831
1348160748
88422951427
25200909042
90782512718
55897666150
13604353057
90414596699
23900300675
55286243455
4534236976
9293042290
100835596032
14680264560
4159820085
90556612767
29921412936
7883727001
104099345519
5750128318
31008805223
88299825712
24103881858
66817859405
122009024185
3462685940
20802580685
3044584857
476678753
41921962043
3640559589
30119796339
43138114797
119983308505
42290221690
8750740571
140280275229
942269332
20690962549
35705812284
70475451008
26938551546
4398309198
34087370904
13438068984
62351711915
2539955340
58878905981
4187865173
15315182896
82152460226
28296620068
79874610255
119264563435
7803174463
77529270811
140777969528
76274813078
56565801380
84987638867
38970708142
79269367819
64740974820
83666025648
2629535303
745303993
53855513392
128556300186
27217677081
28185423293
18256965622
50905302898
121127874206
31410960634
24511283245
3240747527
688415199
72983422701
136634706010
1407695927
16602290427
44118519246
538345081
13193755269
226726451
42206223749
88511838892
607352546
75724201812
1240343411
31790135499
9044819805
108975563912
2733501528
835479578
39162535074
4205439820
3856755792
8905202117
59969752753
65574044168
184015011
20902705359
70352138195
39676084899
9678682769
72498717753
336351960
131686302271
16302134284
3290096771
96355981235
29008681046
135673319045
42761911
3055945715
902278842
130806062765
61820930548
89836690548
18530159154
45213795631
2525219678
104353
44248004319
39287269988
29384877233
9585073261
82072943279
112385225320
99218017309
28781050191
12240202992
67804632566
18445068871
94298315186
50265958460
58658179120
83594859891
40080351651
858751192
142701915274
137160759901
68447528588
72161563161
41537490739
2896991642
93214890146
2907014606
48236914931
98251987572
68390195264
30019180034
1687477184
12144393092
84464680266
84889932949
58962263707
129472334559
4783135076
24845562863
119948599964
58333542344
34784994646
21634787079
228121267
51319388189
13321804
5979978144
37896180000
2778406165
36754839103
13125948154
10271059936
114084000460
1002890919
44143531135
141772129428
50357868223
89077477308
83330150604
29704240447
139129705119
1469314896
131414258523
66027520033
35329993011
3434400220
127762462902
121856097332
41983393017
12969582167
55403597985
82780926564
36724434
48490008321
717959318
112055161753
35986824856
7145781254
67770668723
13079110069
1447218158
5722295296
28281955111
2871487281
38270824430
113256031464
12423993336
27357387678
36226821013
13054858449
18797081396
112498304914
86613084158
19121591237
97939292818
107506779286
32505831
55396259583
141640690862
128794934680
59776215971
1835376616
11340432
35973136094
39209541630
34500243913
115690063123
104893430164
1633114836
108132531
2130569657
53419007077
135813498071
24935158538
40787777494
36490328427
133991057090
137015940047
108300484947
93849040205
6658175207
29555801735
3632546978
10348128733
27843758283
3163884222
31565063153
3723922172
42170099953
141254711134
1973491647
74593384937
107700170520
19724000056
89557075938
21681366543
3015740158
40239754331
1580072966
52310399666
41211553803
133380641264
2367935604
36941993534
86014144631
59274756540
27776538
176319726
95484081369
5241663521
48407848373
103294783882
9203179
1313208483
34763859262
8830629257
120577797736
53185301198
67899779818
12246902114
132604201147
73316903537
194635767
79409386118
81039983128
9688069878
77408455532
26178116151
129588269540
4283532099
10362963352
29939176946
1123085310
22798480148
41403792952
21357901501
80896997340
72515598437
1592767340
135733665314
1697024708
36777858
3495151580
95677311046
139084339060
13376040442
19593338359
72292384
7255048436
39611316860
51389945645
2176593059
85132785744
64856410163
68707217820
34858055698
23567162188
127061459382
14104846768
113874053870
25870874643
131600060956
30665037806
105882318135
15410020949
18320243110
128140170786
9908737032
108673322684
4783135076
12670534094
10503170773
72518412101
61647552132
40495073971
1021432673
40393257995
106437813303
24353802840
115507252687
59600778891
4923730144
24259730834
59062119878
85060960803
7147046965
96551736723
72556401530
21341496949
28121733681
135603255943
36838949644
55551701306
99401850552
21425825998
11963898590
24727977231
42334909974
20917451433
21492370273
15999017798
4980137164
6035855573
122928602179
111683348234
5820781861
129352657176
11742156956
31071276594
20381258987
4157911063
94533882008
3860427722
132842870601
8956366517
4809505669
118649742155
5501783933
159319213
25101085211
12679630650
66168296122
46788824105
11956730243
78543353967
81472683280
100079127814
84114964650
92587649978
20987567822
49966338022
1902829916
5316904656
9999921868
9008628761
141208987021
9667819105
17199807304
98243752491
118784197693
131255376926
20744530268
777809705
98725311301
107491245831
58986271078
133336268127
14739196740
28627214438
13426354366
10043171632
123306334899
84809067756
48777008164
171548879
29535510296
12097195609
23671643059
122751058427
26605748177
29336508552
40836841849
131487032053
29880576190
51621954686
118813281145
8771381597
1683110448
41975976436
127449400652
968396197
178027598
135348453924
9520320585
52590887904
42154170268
128461665446
111744974597
2771966546
18005647975
60233877116
9353580013
58302131263
74806280820
127851171329
76166542607
48109316
741163307
93336737530
123050748083
137223411339
88159667448
409147608
13064671930
2769392912
78470070021
89141659079
77469579092
78382171569
5621314718
60074308073
38409264143
38917729700
32101653786
141875729738
9836389215
119006057719
85662549426
13745041467
62307497333
40741871722
22169755853
48938630817
107985398057
5296125
42206223749
54690514518
25388944409
103994145287
100455342710
10612724821
2007280313
46251472920
1904309711
68992083800
49501299702
80201811480
30854259344
109607480933
44849005891
31329967991
548121750
48022006292
115161741502
83074924615
115331744983
91487384963
96114840615
207163807
89292030477
49550937677
56122777245
124102571926
39066563872
20776852464
53299089227
25226098879
56689548538
10921165988
12752524960
2242205942
17710766919
105942249280
8626007364
56232421972
251388968
47284389176
4243911026
139494892726
23191278327
32551878147
121175611190
18792895886
41941021863
3212051466
29897440447
59641437077
97490890069
42959894905
19568401350
78524297008
116331071984
20689495941
63779135846
13581376606
3601176300
68008605072
10603402053
19090627175
103245767779
1092317367
5686286286
70240000558
68065772148
11569708843
34013267998
2381478297
54472057490
24315513696
9795596947
132750455277
45495024616
97261369615
66383101510
21553024940
453696866
103134260263
4948410981
13626171496
66465089323
26106094636
4137577111
206832186
67473525938
2273169524
37243068421
49154563791
76033842647
74980832354
25892289633
12962680159
74480639776
40918329307
121863465140
53830207853
127887041772
1084737443
58176583259
41351218578
21359393155
37302839079
60753694298
10685897760
48742658112
4897036135
137047245489
52444608407
23471528154
76772431982
10005447719
107708234
41827782128
99966076304
41602845313
129983534
146216719
128026799804
9938751028
233531736
28952771984
28984213506
56211469529
27563818287
9514437
46241449633
39722383248
52095803421
136673783210
28797587766
96602340596
15034431122
3133348131
40116551206
38509466790
79929342868
20265748036
6250672262
789785307
183579558
6966409082
91762202922
54984915012
3819525338
91959434356
125414857514
37343711826
8293424700
2772223983
36109159919
7880621756
12009165032
21298284859
85213819243
51077521411
72518412101
36881536129
40435837098
24277256420
85183235829
32517559934
12842337
37610571
14305616883
19704692019
25573621965
9738541006
14230081360
13714234415
85559821097
27928545146
41450086672
116701769004
5027400129
94145214617
85451035466
109579586491
984518089
30619181545
425836
112439990507
31752565062
5732441783
3740773252
4011633521
43282243279
29041031405
73618622474
2330152926
27942259564
62552179031
61928453683
30812758204
46957061787
113082292874
91616006102
2330623020
31389108482
55443968430
61222982517
77787252884
12432433063
18962122312
139611470735
35006327260
23165603278
6111825717
110276279052
50476663085
14055631090
36469643604
77819350940
33710164290
4016008089
13702986840
19584786741
93253513
2845059184
63071820103
95665938927
81608696847
131548330635
31991201270
710480085
24911733429
2806573438
3130056637
42754259537
74021954464
71000433998
86098697510
80491083729
18919387449
114931119481
19231566993
21425078949
425203782
7507747473
21191220473
19761928197
117571530938
21973250650
34705293495
776087238
1039072108
35599762137
8429376153
132996965409
4679763858
41789719336
34821516254
122579189318
136781272897
75652229
668670517
25398732439
20713701414
33117607940
9776227058
11911015398
34595982157
49339871148
70659931719
3944150150
48909954178
71601507903
7561279
6231416851
2087943408
353326578
17862663701
29516107830
119963213466
40918329307
37870065300
33056786383
82592745899
3487310643
12794186831
69857270151
2045544818
114695380829
646327657
4339916885
35391036380
71442280721
42996366775
55519858666
4990270109
132406121928
38580395714
2623031151
8394016404
3076830290
98845893438
18903987107
116313090746
27582547449
44864356901
111896483723
682584264
74832020096
138725644374
47490836371
91034032595
135099725134
20322372004
53649648613
1961655436
73116159883
4772197566
57550947849
25165175966
24229474704
87184827088
85756132805
113486698064
93250154354
44990557776
4733676897
499627858
89016445667
10987507936
69423304624
19827854113
137141184481
30671335425
115742065476
95075559001
1023877365
854987725
38741760647
153151117
127021947733
64930776443
90397247024
28003160247
124537980032
55982486679
133380641264
56130165647
93383251441
129875504463
838507626
44190310918
129016736449
101786076874
73644149626
46548230646
51978615630
62904451445
30473759429
1510639588
264028088
126418749120
15552562171
6979320945
44562215641
5498106563
9191800392
5495533056
109945991659
8664212326
41189523448
6198473545
8711868914
7812889677
18610585898
133969783057
74352293858
4250340504
34402749267
73058250044
62082779020
4215040798
76958022204
351137029
131527257688
88617939144
16116696915
62524822722
90252208478
4242304383
1901139470
1733693757
8677747009
86637765194
29929406073
33959167951
41842589494
125601829124
41312337769
30044983877
17301902423
3528354546
65624797622
25455871605
37292873667
3963367326
109199917325
65933751801
362604061
91127460266
117649282247
132167870010
18248032881
131475540143
120981059558
408580018
33997127685
28118293201
17893936791
53147000014
140206985518
14742884472
30847039498
45221504148
121859781220
141734284603
78676818930
12062276058
5144952964
1057182909
34534693375
49750903706
99439962359
81502566742
65828006984
18308541885
104172338958
615539096
29488781535
137076597732
49921128255
13057713
62026993431
14912389537
18848744364
49619089728
48337156747
50749746695
33804725118
106331399691
3487310643
37311809020
22428284778
80246281284
25156246869
81111521656
40561645963
82627356514
26871309860
233673090
129312778461
14860515773
30662339219
15507076585
6294791494
68793434735
52016479852
116606339363
92934600307
71192611232
5069602869
10636567933
1946217954
98828801
37406554929
138635067998
5052348164
50118360671
105617122636
10927475948
70096171666
2657155729
276682574
135175484569
32368457571
707324024
9688564069
5735073902
137660440724
2387669427
22824710190
2748083565
112729942347
55977567779
4601338247
69156712138
134008464375
59596932
2930294748
122531160934
37170415134
92789018406
5103140066
117318565056
5149213908
46388572877
2701658477
130888220316
81142829451
49532464913
59026716314
611789712
28299208451
16812973724
124197401549
136947473180
22139350505
24566559144
752709452
139834885758
100468673662
13614964945
2468415117
56618996131
3807052103
52781489160
96826128697
33173805296
139031092697
49609845660
17089397344
73956547752
8063153555
69350420209
30953626338
49708103805
57827031556
39803728001
77807677950
22690634136
398338291
27432901409
50145075186
16149571330
31885540833
79822851324
91786049433
6858590048
75062452455
31793802111
120702367276
43837394517
3804620709
36506092875
15140168164
7201582522
10593049253
61489925578
5373811139
84125596595
1672613879
72178401617
834517425
135327069737
121186629158
140401149280
2630787460
58779208016
51722218389
46263725155
135371784146
138280946600
18873908256
101442505055
56969722540
938756056
58823366951
423468244
132198599990
14573758674
3401378023
23170270384
127087804480
39810939710
499417578
21183796707
134186472093
8596249268
44891776300
25166799584
12470726609
2558437491
32177242708
91249463859
10138056468
83637252265
17386232823
59301360819
12166085503
66258204617
6757392436
79775544956
26364877846
136373033290
3057841112
134020070093
94064684271
141676
67548089199
17616185245
108779230125
8636247840
12978787739
34890762280
92971415556
11175025230
1709400814
1485257676
32404543538
39851133583
47632113164
26231167011
7020646544
25312338461
32096126604
82817081978
37508415827
53703782176
7721284961
63991217275
940072761
20847457306
80390150739
106814147044
69207515527
96295664962
117002735993
302198397
59168394084
61482179168
93879600380
362070211
16054904353
49387118219
6565793457
17302570894
57218271090
2195238821
8212950275
520027328
8470352124
17707384544
98449745890
130794601161
138371398778
34599814701
32453616135
54880204262
7303604394
119346544842
6720149867
125667304855
20066761557
13937766981
23596205353
429850486
105949099654
70227546661
139886316458
24069756925
46962675514
35995626491
13037550697
119466839730
38664586213
80491083729
107268734722
4540890218
48089039585
118744215187
72216082
47037940537
10911704498
53552281922
7807589705
8651156308
34470597334
113911402823
118640660790
97181114288
22461951964
723183413
110309510173
80746698721
105244712366
41959027074
346517680
11362073324
89761245144
119288243790
134921094594
45223706754
78347027247
1882804829
98421715815
2009238752
106487605592
340518
3344928223
13686421212
29304870610
795541586
53968867430
8294792081
19385077980
50965016503
697272704
56163419014
32423056804
89205864226
2017737755
19053365608
57193390992
34278699885
460519790
24412892448
3750117931
84732817358
81441312117
110834841289
74744808061
60934763997
123677811
14576202360
79461005887
48746092639
405558772
14998444700
71149416319
9997410815
105637642136
53843462158
42880579581
1398496666
15430162277
77312443980
22546226130
129588269540
33013779051
24957788674
124649753816
77024771654
34523208329
8289779022
99080664674
5873211367
661220990
24294787622
100450343791
63403309208
7601936390
559556189
99572590457
70192959112
12144949045
32480483308
10645905665
80658357
79011763362
1091368149
80491083729
2402224856
56455786919
102557477359
95574986799
74460668252
121668297020
799570460
59353321798
140843469741
81025083102
1638391187
2606557961
11051944024
53837437167
69300935425
58375017957
60604941974
21995208499
45390149035
85694760917
32312051276
641041803
24079277851
59101329921
88839732924
45427668153
3359993132
128465450258
88870997176
4002266779
12458330487
113174463570
56993309721
112501839670
106189025156
5006014242
23684229339
76913054433
15979770918
49765946261
2308810337
57118780772
77132220682
118047486959
72455118982
42832383864
3891096732
58752721733
8568394826
74551987302
345910113
34618980815
131402769963
43071504787
129738503697
39246350112
38037968697
90209667001
100418686836
783253870
46563877398
72439652453
26523102382
8637644879
2653633189
8823095377
115278043531
361714609
51126783529
44794204437
723311070
97551597554
31593374648
123933456957
29906317843
1440988708
74211239613
20941793748
35419154491
52570658239
118353859736
140484404066
770668113
94739044113
85725443705
2803792
69394421165
30373433239
52483833052
41176937332
77021868878
124405784813
107757183795
26139195632
8302086913
54434477303
424046294
16069696548
62827382990
31367265762
105740844
48058357648
92995429503
129128658234
2628033309
10810518333
4629196864
82102945333
84345993296
35654224971
14831634
56443433587
107024093706
116165701232
5866358337
1141953287
36431246217
115301312592
49398645847
11312208741
2868602494
3166090800
2125636709
132679241472
585764103
13282115589
23863164402
58887744272
12575796773
22926696630
113554169688
31523079513
4612067865
69376544296
25441988334
344004949
42214726313
105494050690
3854920646
107223916634
6462502080
8668411465
16791248835
31463277
80413894357
51001331660
135029811728
10335348050
128404900866
26501422036
12078343077
2879099732
1453828194
135827130482
123337839946
33225366105
3639668848
42790820
25142450242
1969398282
23609555412
95278086000
2142252947
73046952920
3126218483
97896543096
43523742015
101700547197
8699709004
24523294112
82487449119
6657768534
19356736500
2893039893
103790688043
39822274041
15225041634
114358288928
26407302973
1981909222
13550775120
59378677850
113582584550
47373455609
78716439701
127332573586
7436945591
7090630539
40105172601
245700028
94934732160
27454131196
93511621541
90173435160
8066297900
2006627778
41661921349
69775889268
7923260440
99453220187
93773468636
101802851758
43685833715
6169915026
57574658302
88074069553
2681379279
8092823609
119815292233
65921700778
3488471587
1157235197
47641162330
75495971
953441576
42258314156
65848078435
13802002797
137305285
56321212810
7375048583
57762011236
32237225169
13297260685
13912705981
45158758841
99917882443
24836694240
67951461520
2359405056
25579353866
46756331162
42523509105
127668125812
5371267252
58468073059
88126979749
65445925528
52814879804
48077674725
115199308379
1721823990
9400235443
42061839447
15440867722
10733262249
83251579100
131835852529
134316188012
10252220563
1322292997
2226345227
14398962759
134277460032
31424622747
118007635163
22134791735
50634117578
63805462304
20039345009
142063104484
131651802117
139465263121
1232902845
117978656759
140260982
5977671882
22675248958
134878396740
5275066520
27546796575
20052329119
14414751981
230362459
28813259578
15938753760
2475933518
52192967729
32499945675
225198733
9416300132
10648500132
22200181719
126443148923
120570471986
68824924314
10458384220
17411036264
25258623927
107501601405
122734420048
36572142794
5428835420
114754290596
114458115480
8306191520
101388925265
9717743056
93259772762
7141141841
39720324902
43860152904
13510220955
82376208957
79474283024
120784838325
3609152483
113527533919
99658852447
97710852779
42227481575
102424489036
48187974422
116147734142
74349442908
137068770160
106288505550
69735905367
140381330278
96801614532
57446182057
98946714239
34789799305
123000770084
100565347102
116667554095
38993132774
125553201464
38625014984
59220298781
106881236975
52949746817
50768447725
76201180377
66979773391
129128658234
6498971185
14668614725
57213260
100057510857
79508218861
9405102091
31334515280
40435837098
122221061488
49783305276
11635917471
9030524825
36643187346
21214986161
899989596
88049176297
9600804509
11267805784
8407784222
1796761067
84142305530
47067163455
61099377787
9560518683
8668411465
1563610094
814573741
134203892928
23940629784
21360884887
3084715765
34950446388
72087223118
18340212947
4126161103
21927107039
2999357209
64889603358
6576293185
71442280721
82786951952
89888576461
1005162010
89312402984
42301923877
684194313
3961815533
30305451623
140662886726
17988595696
120387399944
52025948120
39801667663
135758975333
48308668106
78374849164
28262982079
20305666533
64812612520
93399292977
102850724659
56520048711
115740272107
138257355618
126779357568
42214726313
71646233815
13223370330
61754913085
1647206046
138820195884
506698341
117139840837
28933567806
2489059798
44811145
89185504003
44525063321
15304525981
24440070296
36673797575
1591611294
9397315925
8411457368
3658995413
1221958236
121469617646
59184849741
24965064771
72838117802
8542436276
45719529919
25563798147
63648904511
2759110820
83173042720
133830581351
85304072120
227423231
111859476330
124480251855
66528297920
91908512316
15129576325
116842287092
1591226048
10914332255
140845454818
85356105486
21094076936
15051197679
11656034936
19866606453
20945483123
71017132848
1144221905
8950674333
87881231911
5620570136
83183612939
24000001473
46075674262
107337706836
46982889542
97376092121
62242504281
19295160083
123619703278
39505544749
55043899
109180778224
18404329916
110789264463
129011046846
55399928732
30282211813
7030264437
4498730535
845412036
105184984945
3787015893
45670821931
69086718653
25114058555
8034435
77835402931
9297877576
15051197679
62912291537
32300960842
40240790514
11615883
122764000328
101168062147
56319979101
12454951089
36635290560
27244742837
12139390393
25837122906
39277037890
18906786541
5756155768
1767517612
38454795652
96569691260
12820475893
4480865433
87774025902
37237094281
15023879153
54973951729
48414692463
674438964
135399005458
35129809642
52182298542
64072983695
3704408867
35564771037
33796208871
2676575432
81792728330
9763822213
11048241165
7701102539
38430508596
44889582392
35209034744
7512507866
54459933432
87553605138
1680334468
9720712718
20693641
54359354751
111863000490
89386077327
15311421158
123019279108
16313799788
47355410003
2668495898
70922532024
62520915369
137944981887
67500635264
4586605203
91716107225
8646029929
122488683085
132802435074
27848893243
11890665899
46672356599
4225613919
8943561938
10458384220
128338692289
11099077287
6363659158
8667944846
65088950560
28976351441
2592871240
62217816496
14239135235
2669000480
8286134138
13742077902
125502713867
53457410331
41336504436
22492579482
121659095069
36341734014
141881707861
69314679531
112420556300
33236620955
9895245767
41095179342
61699279934
16105101675
20124574
21325845302
121118695175
54428417270
59983771430
96298924754
92641966280
44246915416
4687542479
43799477932
104765697339
141030139127
85330086085
33215988355
112979537942
126433763884
42928801766
27845469851
129405838848
5197288819
1829567782
2247504355
4571228569
73993512836
554545300
54071474247
33414151792
48955840198
70750184392
