101328666097
142202722818
124562192979
88151884187
97699355500
113690949627
113452970193
101866610190
112761788855
120378249969
111877097978
131920251101
91495322094
128512764683
117634814447
86519020877
96181611130
93511621541
91224105435
121833995124
116836880851
116824266904
89221527304
84697753637
131510017473
89061826336
107254943386
116503751350
98784765551
104803157373
138135502638
83050781889
90673475787
117772294089
142438239716
106398331802
105451334547
132219728767
106089592074
105759086969
105918274860
84928091200
127990907993
88354365357
115673926702
108220800453
134758103308
129043289467
119534303447
110545753396
103115682540
103602675992
91687501421
91961025923
87124470499
98771551811
132527260093
110924271886
122171262149
109785390351
123272982171
132717732828
86309495493
86195600317
113527533919
91611240789
139040952252
84057260658
103934782514
139538355620
130729661735
99211396021
121557898728
119517891604
117542606486
130909241473
131163539346
95329968878
93905338616
92884992370
136404263832
100305429544
126969274463
123809018388
98403581634
132556110090
119368411776
86880167073
108711512512
102158798188
130603649959
118807827690
140825604574
111408911958
118002201288
105589766904
139720190288
92790617489
82848723455
88274900238
96287515813
83194183896
93829741991
99468136892
126486323366
141169233417
134849288647
103240697784
121339103553
139394164623
100493670909
89293597534
93805622796
122697450632
111043569122
92125044164
119428556839
85356105486
90833102214
118615234444
126004317013
142847837701
121078313035
100445344944
100215536908
122147288224
131203713973
99765076999
107834954248
132139063689
132386898976
129219752736
107422224909
104639747133
84265398957
119594488330
130827076908
106321104465
104060312168
87904547192
105113334615
94784308315
124091417866
138172838477
135864136205
135055056337
119368411776
110202837816
129753722267
87313344777
141626754165
106472151309
86736531890
125609311182
125846985947
90487167145
133465548886
105540194423
126298663332
112583152442
113644754165
93898903796
138284878562
83772078242
87822182117
126407488818
117585994416
84298848705
140304049453
97628744957
123473170545
102320186848
104036557304
125575643828
99904589691
82388231527
87217334497
117985900983
126730493184
105842944052
108831335381
84146862903
94328951473
100347060435
138889161273
105348851541
130475789740
134742585506
95182465601
121133381809
142081051161
92841796879
103994145287
94353142084
140748202661
126499464685
84349035370
119200822098
105647902476
108744500295
121570776019
101290176216
135342621707
108392330870
103200142568
94177435887
118718775609
111854190211
99851429105
123430523988
127253466980
89480182741
114518745722
99549373121
133882772130
135546829558
142069086621
91682734292
98821108851
100865644870
91868741229
108959919465
93750964084
84778563488
121300515460
95357537095
98682383867
110085735177
108064987421
118618866634
100882340456
124720568970
85438782688
122112253383
122459137857
128410576735
138438274348
86597660084
142426259942
89392349327
129176099303
94398308084
127764350005
125125341561
127360832621
98783113770
124208560413
85888164415
100433681493
103739857525
129436234126
114474162945
107772735308
89472338128
95506803581
88346572984
132089140265
112682181274
97282668778
83640280769
109769686306
104141780588
118758753431
104658464920
130214531869
97921205245
94401534818
141252722951
83528264627
112480632154
135644123252
121412622821
109745260448
101563107641
139852687627
138800494366
131901066999
132087220348
135869979720
131724640881
131163539346
88738166275
140774000396
104354080435
125299011330
105195222761
85443377365
128590377342
105007614781
97285945910
97145093662
115919683757
130073531583
116300504591
97264646135
120281281572
101102858272
84057260658
132877534749
116680159078
109488958021
142386330582
104697606763
85004438626
85093048784
113415698964
91450880960
123664235794
82305596988
128846102369
126959869642
120788504527
88695998848
92854594101
134831824968
121006745282
138932520151
113879389121
83470770543
113582584550
82708640934
124502596425
113529309548
83666025648
113630542513
108584818971
89100955673
98984740540
92266892769
131199887501
131115720313
95464607509
112560169767
135441788272
108793123671
142316465431
114361853408
130470066017
98263517225
126969274463
89986098889
92455127691
103293093489
123946461546
120574134838
137911606860
87313344777
94411215282
96762397328
119264563435
99372027848
108532776887
136051192663
111852428222
92873792343
109473276058
114948988911
135049230386
98143311770
104143478139
131985488243
111008475094
137523179404
103833056868
111073404221
123506550597
106293652415
84426629723
124966717402
108855655093
100553676891
120728021004
139645071434
129550252418
138800494366
124083982158
121296840720
127232751989
86077170658
96814688442
84513399802
109961708864
132569574393
119674759092
110227315542
104048434131
125528890939
97009264577
115018691662
89016445667
109099018557
100843942523
88296709748
86640850624
108423532338
112876831758
122377906167
102294961125
107163601789
129157121947
92429593591
136804729807
104291217020
119033351884
89132265185
128596057335
130976136054
102165520106
82245525906
82428813558
91005538677
103445288827
118489956963
97543392743
109278231296
119941293614
89464493959
88813161577
136785182267
139959523621
87415608099
108295287368
96953651087
84658124357
108115180676
87843934585
101219909450
91592181111
130750669776
132200520721
126743647949
122370522879
141931530264
114265633800
127176267209
142841839220
115934042471
130914974686
109158161229
127262883313
103950045375
111767869078
130443356909
85171003917
110897964995
129007253910
94758442051
103080221649
96901324525
82955749756
123608571482
115939427308
121335428185
136619076820
118533524961
110729676067
96398376295
129291892206
92905794485
108187895960
129593972833
122259801935
82428813558
123725480083
113057484416
90264815484
127244050935
140331789233
104649956707
90047473966
136521412344
118194274214
115860461770
106259342061
94876487974
90719294346
114570472021
104323496069
100780516183
138889161273
111038304569
135459292261
122810226523
110139908060
120120365222
127472018718
82705629724
82271053457
105610283286
95407819000
100267136287
105353974468
114750719828
110368985329
98771551811
115127758357
116534342839
140504230164
84705375606
102957001806
92878592188
142831842271
102471611810
108636875091
94477379663
109005117621
131196061087
142703913701
106831347956
131148236248
94443487210
106551153003
125399906844
132517644136
96904594525
127153678085
103038015162
110264037095
100157301403
97461363993
89450376214
108708040390
116669354772
111171716571
85034988868
133434670596
86495898762
142270563478
132621515912
129185588448
139076450074
102320186848
126323051649
98061020088
96338047208
86708747318
98519016140
101744146197
88607013783
118361116208
93461866660
84609361997
131494693713
130521583488
126647824736
110010613202
92397680491
88446338688
106135874005
90619772101
98806240104
118860550521
104002627070
121392402736
127990907993
102431220116
120993902089
85158773173
123875873112
84201561021
137397745248
96465251370
83661482155
140377366678
123473170545
133162709031
125441024122
102268057057
113790482655
120294086399
87875014991
111424734737
103200142568
84760263356
110145151405
86095622060
99839802408
91798768783
101132948662
130477697673
105991920793
109273009515
118226906580
141413807190
113891838358
90509259629
137250826919
94019601865
90403555800
127366484874
101687134067
83331661975
91171815498
97417083794
90509259629
109347867826
128179863385
120405700838
124165788180
104406763238
113160281114
142863834197
96245147329
137476135086
106764271879
87822182117
86508230056
106972447040
109895354510
96546840308
134397535532
111532008226
98750081598
89704683298
93465076128
85570550686
138102101575
123590019352
139155350242
104051827743
90605559452
121990594721
100082453710
88802222122
103895781767
91967392401
140777969528
82856257984
132546493081
99818212297
92562095040
108399264066
142306486068
93372022858
105429125456
104883208116
111937023104
118274052264
89833546374
134895863217
132502259076
92118671534
132344616054
133807388987
91021368211
112175125869
125717827024
84086110071
110101461176
137282163027
119439494269
84005649064
108537980526
134434344591
133000818809
96163694283
89561784767
92878592188
87184827088
89597890450
142580035921
83275751004
110922518003
114745363813
92271676112
134703794422
140825604574
106950070563
126430009984
123035938675
105699211170
84206120018
122171262149
89842979008
82720686464
116559538927
117752391086
86482026817
134244545599
128876428979
123328573315
108772283595
124193682163
108485951040
127400401728
137850755703
107556838499
140359531399
83507080505
93147583808
131247722468
134560311442
88452575836
83649366723
86465073950
97094352009
122845363034
95052889829
86747338585
114966859491
93498780109
136090181651
99279275928
91143300102
83722071307
90667156901
133035501771
92897793414
97395766835
102274782631
83160963132
112793640407
99891297945
126707944390
125336375108
116050740972
103967005765
96215820649
87490020077
112005782363
97230245684
120003404940
114327993155
90468232835
91835341942
84865516511
99022773363
123649390814
102818684024
85244407955
92333871055
134409158786
111245481351
111870049094
83597887517
85596611641
122860158700
120407531019
129295689580
138200353323
111261291430
127524802482
94117830556
138969973088
94795625828
124687022934
125848858336
100492004350
107788287999
93961655245
95536021519
137648672656
142887830359
107068863512
132521490472
118444582636
89146356300
90343631846
120508212200
123008173434
110461726788
135961545085
134170988243
100267136287
93118745454
126283656090
131012458443
94238670851
101191475743
141997310283
94085619200
136679645333
113891838358
90986545733
102592847294
123400861568
119603608605
105875470021
125770231182
98340950764
137060942804
129043289467
126969274463
84084591538
106153018213
116699968115
84836526790
132790883128
84338388267
124714977635
94048582183
95994384153
112843197651
94742276979
85158773173
135099725134
139943693311
136775408948
114975795314
140567681988
128825255144
91072030719
117132622653
106905325933
83086997023
91343004492
107284251497
131425747597
118929653769
136150627502
132840944962
111833047235
142039177290
118946023550
106999990586
121624131768
86609999206
136667921283
93144379298
112908700920
132217807908
130471973920
128106154880
137060942804
117937007396
142885830588
135548775155
122377906167
83041729075
113181555218
141959435192
138538620227
104051827743
94861929819
142360378867
135751187421
99105479921
100979204048
140760108961
130433818446
140280275229
109932021549
112023416673
93551757102
101979071869
104294614616
94249953224
121741925960
95700057440
137166632854
87861027838
99373684527
89467631497
112093967583
114752505195
133156925708
140292162043
109658047558
91130628092
96595810300
95916288783
112093967583
98276694867
84641360502
140292162043
97156553707
96307074513
125599958655
101388925265
97807783930
133658623964
135593526534
132962287193
135932318732
88842859152
111614701571
108591758943
113529309548
88345014575
94718032634
84766363128
91344590381
110110198451
104712924920
134242609608
118246851549
100260477391
134760043079
122636464865
128751356123
93299854933
138968001711
112832577271
89495872749
98882250108
102128552030
124052382693
104099345519
141459566467
82838175656
120682212503
110491482821
127434323164
123660524458
90411442103
119674759092
124601311914
130246936158
120566809206
123410130555
127387211149
124905158417
110255293306
104391466777
95906529059
110996193371
131952867236
141841856109
83797846237
97837366270
91059363963
138070669439
132454185849
123113696909
99173326576
133579444223
136818414180
131132934176
129327969507
98097224486
99785000989
100413688863
83884272512
131669051682
137542783464
128140170786
98685685637
102126871839
95479212762
133565928450
94716416473
100758822638
102264694387
101641871312
135367895578
86725726095
106437813303
134124542525
89764388072
101688810678
116838682928
86779763056
141752210508
84670317095
136218888453
115881995352
88452575836
112783022607
104833810583
116084863401
131582816547
126647824736
100577017871
117701735292
138597665899
90357822547
111240211596
87742963916
132488797667
95433777286
82123950145
129896442196
93607962761
97218780397
115444555974
138155152086
98148250303
85369881939
117367330845
107260114937
117083904500
129721383702
95799203423
112162773816
99037658126
127490868390
132742755415
137872346588
86287940947
123106290493
133786131892
95781320582
121664616150
119705779345
104326894151
115573550614
120493564952
86613084158
127336341118
82743273621
92843396480
138664599977
139894229826
135214344811
129217854629
100050859879
94141992767
87738304985
104740160244
138406801890
126961750589
106704094014
142228659759
111400122059
132140984032
138735491733
102481711286
125429809460
141752210508
132329241966
112682181274
88228175494
96801614532
109888371110
84633741171
108297019887
84332304523
91665256125
88596089022
129261515174
136945517287
131720806773
104944549254
125628017436
101856541686
116572138016
132877534749
124377866086
99325646414
120898516961
98130142826
111099733576
107332533283
115059807943
125032021667
96463619963
86388037098
84320138001
85368351148
128561979335
137801693028
107268734722
126835752798
111122555255
126612135537
85322434440
120220926219
99262717280
94451556105
113991456948
116063311877
138971944489
138223939249
109970441035
111625260841
133857641751
116797239265
134938564239
133355559801
105993633836
87906101643
98368966637
96772200986
128594163988
120337994813
124052382693
111456383627
97894899095
99178291841
133288045470
83050781889
96953651087
111285887438
84772463252
119786083891
103822887482
91611240789
118339347410
140143614456
120915023280
135414561826
125652337517
84856361313
86254075701
124286687155
126914729572
86960532755
134973506827
98042920155
117037003164
90134061515
125222431491
104466259383
112717558720
94638857373
87583080589
94933114067
118938747840
114021706939
137203831327
109663279179
102540636805
141292488281
106346843716
90706653660
135062824425
141584948558
102404297460
120508212200
93969702326
128927613596
125959354899
86736531890
135926473909
141457576698
104741862583
102515380378
93211684506
126585840937
140522074881
95015654004
113110649208
93636876223
127336341118
91585828359
123946461546
133689529594
124493285862
134560311442
106430946493
88486883814
138223939249
118938747840
124683295834
114100021395
131519595178
121839520445
138757157234
108994686411
105521393946
92942602828
112471796429
127598340009
108892141660
119047909870
128431389278
94040531628
128554407187
115492920499
109464564221
95295919081
121320727283
83720556278
137566310904
128378415110
85527636474
125457846967
130075436462
118332091496
114490211666
121688542677
83761468935
128851788192
111549599866
140442773369
142061110487
92760237604
111017248071
110316506681
132517644136
112632661864
98011661030
123838729332
119432202577
119020614137
122165729498
139250060728
105369344235
123026683222
127046406594
85559821097
105034892525
88783471428
127613427133
109525553240
130527308167
82625851553
90951731135
100887349393
103213660110
119239064521
108633404247
101693840555
109039891391
88652280998
115638073202
89992392837
118598890407
105981642965
110859387045
129498938157
83428420521
132256227686
92166470998
125004032038
140512160952
138576014434
97289223092
99441619540
129009150373
125697242389
102284871595
86032588759
110309510173
127962575770
88206374744
91996045285
111699193429
98740173084
93014643091
139117869615
121028763842
84312534448
126734251582
122304084255
124147193360
89701541482
125846985947
93482729691
118294001549
95159782981
134482786120
141407839391
135404839007
124450462453
100242166804
122481296481
92295594921
85868199930
89129134015
116829672729
136583913610
103276190355
91098951564
94356367766
102790020293
106135874005
139900165051
82467901468
87772472653
108137684817
86475861805
130048769504
109304342189
97545033682
136517506512
89287329370
138899014774
124333203252
83333173362
118762388099
137560428821
100215536908
109515096914
96147408269
97916272578
108522370055
130414742436
84458591566
88681945291
103936478337
131448727439
103577282405
90507681496
142633976132
125125341561
95247287385
138768975628
98075830241
106115303147
121511913953
140367458085
88080293379
109523810487
125923765654
94624318508
83177572751
87711907016
102352144299
104847436059
86880167073
139724144432
122832417505
117571530938
99881329981
130252654985
98439852326
136144777297
123150731847
134012332917
97176201811
118789650488
99966076304
90450878434
89472338128
107446379073
136408167932
117911659630
120916857389
121096667431
107437752184
94217719802
90512415991
114707875586
115360390543
95700057440
133295760474
92142569801
108617786144
83817553762
104226674998
110346243552
122455444959
100273795513
116894554795
135478742415
87426458024
106492757299
115998668131
109734793038
82319115773
99456534829
90256935935
115577134780
103697507280
114641839669
101940459610
118172522002
116129768836
113946978917
131062171663
97164739970
89651278634
133409584467
126939179703
88663209233
142063104484
91751075341
120295915708
125757129277
102069754209
118042052262
88355923880
86938892509
93746142079
129265312124
130399482632
97590987420
110118936128
85460225540
134566126769
91003955800
129498938157
134201957221
117172325793
82973846906
117062255814
93877991853
122889753264
102495178040
130246936158
102335323833
142250608450
108302217526
118620682751
83535831088
94037311488
134112932375
120058222408
132419578953
130842361274
119295530610
117937007396
92407253755
103313379363
120027157925
102468245528
112265141644
141610827265
115218989248
135809603221
106889839928
88978898725
130191661713
103967005765
139088283620
123528806577
83608484808
85578215221
139593683912
136576100116
133956246024
83241004917
98382152455
126892162316
133873106313
86701030331
131320449190
106862312238
103855092881
136109678817
97213867088
132617668102
104718031243
87379963882
95836599052
133969783057
104593809424
120378249969
82467901468
117725252917
121351967694
97746991303
126131761069
119075208475
102244519433
112141600628
124629257941
137164675191
101136292550
107762367532
118165271774
129763234250
82966306201
121916888769
88103634662
104939436717
131389367186
89215261900
120370930383
121331752865
99663830292
123528806577
124519356434
124601311914
90945401899
91209843088
133658623964
102054637516
141471505369
125108541294
99648897091
118225093541
134060693578
90297913533
86724182464
125409250921
97215504847
140514143693
88249978940
140873248228
119974174154
100667068213
125749642729
82383722934
136804729807
123881445155
133730098443
101732407164
87680855746
84581938955
93441006769
89791105759
120794003916
128283846664
91488972352
130924530203
119976001003
107039589905
103083598473
108919944790
113321660441
142063104484
105282263918
88830354414
111178740513
104707818693
136390599931
109945991659
93927862792
105256659837
96215820649
133151142535
98988047482
86121765177
124266222930
113593241090
133062480393
114007471049
97932715346
132169790543
98220695823
139514647668
89780103866
105981642965
103556969841
99924529111
99146847212
84600220627
116178279091
83292371045
101670368719
95041556296
99350491939
115020479171
97970539283
133313120017
101511173692
109624916551
101046033934
123241487562
95825217143
134463408326
119477778570
90517150686
106051888442
85470947983
97894899095
116611739992
91233614469
128338692289
127637945656
121353805483
131567488989
91281166993
114688241251
91595357553
139141540979
104820186403
101340381996
123010024321
111143623233
119849981620
116379626731
140300086909
98662574993
137636905234
134637860794
106554588685
93916600135
88430746868
85106802683
110589529905
92574872088
137172505943
106943186001
85330086085
138802464437
102136953347
126572694612
106920813300
102754617320
112937033394
87567566087
129462833810
135751187421
101863253986
111875335731
82651437254
95714682129
128829045414
137566310904
94063073978
97471205435
83744799162
137848792996
130281251192
85013602982
103497737734
137576114753
89975085334
96359242085
95766690697
116385022302
106693780310
104855952470
111944074196
110577271654
129795577483
82806535947
132288888971
104466259383
98357430240
88005619773
103362412252
129246327954
138739430783
102162159106
85109859233
92602026485
89227792906
100823911337
83191163544
89390781294
89008622764
118560758374
105605153987
142486163350
122147288224
103753411253
100462008082
108350735968
121203157187
85826741979
99189877912
131004811055
86736531890
137972470133
128529799548
131529173351
129242531284
127673785025
85198526747
104745267325
140654951704
101378880907
88518078208
104360877549
110440725046
110612297586
119013335783
83759953394
86098697510
137162717540
84280602651
125878818506
100592023944
129269109172
88346572984
104826998319
124744799465
141298453468
133423091990
109102497151
122923051842
112025180164
130254561306
124551017415
111797812941
109849965796
136316437059
85128200135
121149905380
95740684717
84228916645
89375102290
83141335689
106944907124
96952015686
126914729572
112825497355
131607725696
135332901588
93858690323
126043665902
129805091262
96883340384
113380208222
121719834718
109069453114
127941801483
137562389490
95888637932
140246599498
125611181759
104423760576
104826998319
137770297672
99198153915
98423364512
119087949016
123441648586
113717605164
135609093718
120845338424
114541931889
91582652037
90146659939
108376731943
142881831134
116654949816
140863321749
123184067199
124504458578
140199063454
117759628358
127362716682
102613061434
121922416032
134948270096
98679082167
113554169688
85949606197
96924215765
85880485546
88207931847
111757302122
91195581861
101752531650
98618011608
84180287363
128461665446
139783464732
139198754932
89397053508
83826650192
125082410208
119866415283
82743273621
141664583944
101678751194
139400088786
122217372290
97261369615
101179768608
107755455914
97760133967
138552396506
125656079257
105649612573
85463288990
123564048602
92380130980
141457576698
90913760083
134523484467
134560311442
104211391871
108191359262
127932359356
99218017309
84051187826
90891615025
117748772522
114281667621
113034451459
97340028051
113863383828
90119889690
91787639314
132463799786
118622498872
99660511716
82854751055
120524691195
89425281072
106882957524
96571323577
100193904479
105528230250
138747309055
106189025156
139775554472
137956762221
91751075341
137337009351
114224663737
119080668606
85694760917
107826311457
93120347513
123000770084
132571497940
87350524133
136033650132
110328751008
128861264897
122577341949
107923132779
107582735044
106012478795
98849198264
142681931702
114244257122
84741965538
99262717280
107957722035
133799658935
86401901365
100385369016
92963411563
86471238300
113428121939
113900731087
114365417948
130981870833
127758688732
97033805190
116782825549
122965608071
99247816317
122051416468
125308351667
110815557920
99999320780
142136894047
137227327583
141557081646
105694079881
108596964068
84339909250
140865307028
116671155479
95750436565
139864556147
83478334334
90105718971
137878235369
115881995352
82086443618
137915533152
134858990994
121683020948
114107142123
86736531890
136836009277
86460450941
94051802485
101891783423
141975381882
124000345315
90001834147
86826094518
108203481441
87542747407
129651013657
104752077003
89140093386
89019574967
84058778921
139070533521
87070321980
83929777812
96938932912
120411191453
88140988136
88585165133
90036456469
103838141775
105955950372
100467007259
128624458578
82359679394
90809386459
108414864573
98441501205
125562552201
138686259214
88345014575
132167870010
138086384973
132837093730
103242387751
131071733090
93636876223
119738627845
124564055612
136051192663
99753455634
114570472021
97364616334
110356739458
83448081434
121611251827
110473978767
131498524603
87335031547
100910726153
99951118393
138832017414
142258590284
103890695254
104641448704
104084070658
111414185983
88752225270
87738304985
124882776529
94840903328
133052844860
125772102959
137017896528
124942465581
109563897856
101320298118
128168522035
126527626998
84638312694
109562154789
86517479280
107248048144
98273400363
116232193119
128791144924
107954262781
101967319718
85872806933
118742397974
118798738905
115881995352
83829682448
141616799748
128244139081
87772472653
95812210013
124541704908
122241353233
97829148363
139743916130
135097782861
131600060956
126926013928
127820969065
118339347410
104639747133
89789534030
90953313486
140621230549
108725401674
114893598680
131529173351
121955581740
134165182110
90586610890
92045403520
83890339144
95404574504
115224357065
91213012372
106492757299
99153466748
103144394247
115996872720
142486163350
107292872538
104861062573
140845454818
137100081972
128021132413
112912242282
88928848725
96870261888
116730585048
117405265894
99069085169
102992441331
120607102800
89110347865
95070701122
88142544697
108101333332
87979180374
87640496954
135303743479
104838919978
118230532734
95664314404
135414561826
116761207149
111679827266
109928529153
105576090682
86027977610
126730493184
114734652137
125811413348
98266811523
122398211770
102496861473
127764350005
118457286389
95485704286
84172690230
136583913610
114795358983
133486779845
126692913158
104133293065
110089229781
94698639788
102278145523
126644067752
85618077021
89535103494
110694631215
142659951091
83093033589
125018959488
117244531343
83993507594
84534719614
129886924833
87266881361
95208391937
106009052263
95329968878
115507252687
93375230968
119587192330
115120604569
110146899252
94614626668
122329919355
91138547965
101126261478
88663209233
135198799945
109926782972
89750245377
82671004833
119231779749
84636788833
116208828662
100688751688
101291849533
127396632892
88014952455
90777770661
91800358764
105432542116
129862181426
118647925854
131745729436
122241353233
109370505139
121061795286
137711440778
118268611881
118964213784
105106512247
137493775783
116917989576
140589496537
131519595178
132091060192
101009274806
85957288052
103856788072
88186133285
131901066999
113863383828
97571291138
107836682841
134827944302
141276581765
102362237347
120442307372
124651617163
82693585488
98080767212
87341228311
89110347865
119013335783
92145756453
141847833552
131448727439
137893939129
110829582018
95484081369
131582816547
135447622795
110713905368
119386636066
88421392410
121957424401
124983508171
84222837169
111709757537
89894866627
101774335481
82143456462
86061796308
127127326763
126967393470
113162053873
112452358890
112058689315
99766737246
83079451658
98831022311
135651908386
97189302011
120398380354
129326070586
130529216418
93264582105
101281809873
132052664732
136152577591
98367318556
140349623252
112420556300
128563872418
99496316659
102707421842
122228440146
92233412884
124221579782
116973882759
86032588759
90945401899
106621596942
105406919023
108848706147
114707875586
134971565450
92715476564
104619329251
85773014822
132762005537
125811413348
87307149011
139759734724
89050871277
98042920155
117685455415
97643521620
126083023029
87567566087
82460383899
101358793719
137407542709
97228607701
122340992455
104513868707
99614057342
93742927513
121214176451
87333482390
83041729075
89381373592
112940575164
90033308683
140641065947
102426171753
93813662105
118853277617
133610340695
96122982112
83159453219
95847981615
121208666754
108737555185
137444776724
93145981539
127813419071
88221946304
96914404865
106707532122
83825134089
104896837600
120284940020
128865055865
137491815642
82779420277
135823235472
93879600380
91182906193
100800543397
85376005237
114840007690
91836932235
89492734649
106913929846
136957252995
91514372692
138113889599
138983773179
86203293242
86804471488
128643394300
120056394977
142182772932
83241004917
116847693429
105104806698
93067489380
86098697510
84947937183
140284237421
83099070405
123599295297
92873792343
87330384122
95477589913
131088944879
93017845537
92657944286
84537765626
84972367737
88524317722
85232171907
84684034802
138363532098
106685185923
94496750375
118736946441
121843204103
108655965776
131807086904
86685597643
97051803657
88667892990
113300373773
104675482446
89885431441
97853802882
122845363034
133465548886
142841839220
98217402243
120222754910
86647021950
104580200276
107904110972
139741938879
126482568826
104277627278
142192747751
87308697940
135039520807
118321207966
130008774397
86384956394
133741690629
108026918573
91230444699
140946716677
133162709031
115867639278
99904589691
82126950977
131065996199
133592960850
142350397876
136445259765
125964974684
113130146231
137764411511
140730343904
128711575502
108070179292
118179772486
125846985947
108886928939
109884879494
114030604960
99962752234
107146373145
127864385876
88092741573
119036991336
104937732556
139842797572
131437237303
95078797657
85128200135
105249832627
108636875091
129390642914
107470536589
91609652390
99929514296
108498089953
138782764515
124113726538
109726070521
123784880757
99446591149
86785939730
111560155630
118816916827
98387097312
113470720883
118388330343
89557075938
95576610580
103242387751
117942439405
83079451658
83449593951
138227870397
138711858815
138430405874
132977699181
86883257421
106919092403
140795831859
108148072265
139005460066
126882759809
100019270142
90983380547
110535248224
82788458341
126128011647
130124968024
84964732610
135095840654
96310334553
118196087007
132188996543
134829884629
91886239176
130149737745
111910583637
91144884185
110926025775
121959267068
96824494326
111553118386
89814682758
142464197465
102443000121
125848858336
119381168645
108087486592
111762585549
139868512457
101786076874
97164739970
116363440740
139473163987
87375315275
100207216467
115720546038
127183797409
114167676389
108472078698
106695499233
115525169321
132742755415
131056435016
130166887692
139894229826
112779483501
109488958021
134827944302
101380554918
118243224981
104884911743
87294757865
131515764020
90820453490
128189314802
95159782981
107456731991
130376594404
115742065476
109572613567
96770566999
105060468356
83343753533
125912528028
107327359874
125405513241
135905043926
141028152580
123595584879
108584818971
98834326919
121675658858
132440727038
128113713508
116881936924
112004018982
115442764897
126692913158
129030012634
119795211090
115260146389
89459787802
124362977720
83587291156
113176236443
101402318623
106456698482
99884652585
100503670605
90226997640
99201464383
127423015644
122180483546
109454110605
120713361420
93137970598
122582884092
89100955673
110600037733
135146343402
100432015354
139338880769
90585031911
95917915456
93609568962
109396627912
99269340544
115081263377
123979905274
95338076857
120145958956
94293478399
114579391436
108793123671
112616746745
128416252710
118649742155
85858986300
85171003917
85834418710
101653604925
89154185247
102838919618
124616216172
95169503677
110594783762
112337537839
131601977103
120312380795
106963840405
92594039446
119804338633
99340553067
132840944962
90814129382
98327768012
102374013276
85791433612
88067845913
92067699770
95412685857
129567359233
89141659079
121563417477
106362288835
94045361929
89367263617
100523671797
98860765707
95078797657
91460402674
99126989830
136988551057
117965979954
113511553814
83378522150
83638766496
112717558720
125699113638
126914729572
104277627278
121762178129
93702750188
121922416032
106082736370
87355172260
88939795990
131062171663
141224890195
82940670772
134244545599
113452970193
138686259214
97174564352
134378164876
83841812024
87048667530
126800034129
108836546502
138412702717
141419775167
111813667646
133805456454
128134500879
105046827458
135579905949
105997059990
114372547148
128992082650
140635115160
82207992271
91213012372
95636699607
121846887809
94324113702
142837840356
97868596821
84111927098
101579863629
94845755335
84615456459
133936908464
109668510962
117897176188
122597663694
84641360502
142649960496
93450634141
120845338424
126000569863
103709364267
105954237629
96378807879
137962652600
133280330794
122010867212
98331063590
84086110071
104450958704
90239602724
104058615225
94695407820
124983508171
93206876245
138487458279
84128634427
122680816423
87752282026
133251402803
121662775757
137147056944
107158433036
136879024737
131669051682
96079021767
93452238738
121171938642
96737890439
139884338161
95210012434
96298924754
93556573981
119033351884
101072772662
103301545604
141563052967
83274240161
88675699625
89395485421
90324712538
97932715346
122093816223
141616799748
133633515801
84461635878
89640285603
142120938027
89616731396
88596089022
84010202349
101029324374
131175017152
124080264378
101776012804
118420991483
111008475094
83222879491
86696400366
90066362144
120151443759
101457576770
99592492981
113052168811
95735808970
127038880570
87491570628
127159325224
91051447520
110108450962
91343004492
131012458443
137317420097
107791744341
92913795748
95490573163
141927544110
82964798108
115313843013
119109791750
98788069139
124498872161
133153070238
102754617320
83847877112
142490157382
107976749004
84043597195
98102161959
102150396089
91072030719
91868741229
122254267156
132396510173
100342064120
97830791902
123541789954
93940735370
112972453326
82428813558
87325736855
137333091347
119251813644
123500986828
112859129060
110022840783
116518146804
134484724011
123206293011
100647054289
133996859419
83535831088
96804882936
112565473272
102116790911
83638766496
140070359431
83484385616
85443377365
84903668940
124923811401
125011495646
111078669778
94806943887
118931472550
125102941555
104709520754
113325208389
115693649163
120731686060
112878602167
135875823503
110691126999
88989849256
139305322932
134074236067
140760108961
141692462006
118043863823
84463158065
128986393689
113362464866
90561349064
134928858772
118072850759
139330984347
124562192979
131293653112
100668736094
87701038647
103304926606
105154274409
114790001834
127236518231
110791017290
82562654119
91579475763
112521281541
106074167101
121730880016
101094500733
114226444836
141461556254
109523810487
82890921043
125886309098
88320081499
126700428686
130957021428
89204297987
136859471271
83296904074
123234077738
118573468351
108113449717
142659951091
82358176803
124361116719
88710053327
91030866413
118319394113
99594151650
127932359356
99959428214
97697713077
112397590543
87645153157
83594859891
95237562697
89772245761
95299161673
130450987877
122954505621
123922310731
120209954253
84218277804
132383054676
127219570684
139226379992
103900868406
135332901588
123397154038
91622360156
110729676067
127996574816
102648441489
119744103044
113463620287
134360732345
127315620341
101131276755
106743637217
107947344607
122496069979
103905955191
122462830813
116059720133
129768941545
86214063625
93118745454
101362141425
98011661030
114237131916
99662170993
117994956514
84955571122
122281942171
123224815753
101952210605
98421715815
133815119421
100668736094
136484309653
86398820281
88123866905
90904268869
93189246792
132785107335
93656154125
133149214842
94616241921
108026918573
85868199930
100910726153
89459787802
106564896321
90668736604
136294973212
114795358983
136947473180
112632661864
136496025639
96121353795
116462370303
127822856604
103443597146
140688677479
93940735370
108142878474
108822650394
95860990899
97952448460
134258098108
91695446914
85573616472
115487546128
91217766473
86217141057
90267967464
108775756833
87808200212
88293593852
85426531190
108742763992
141149358643
105767642200
108621256736
112540724772
128624458578
126743647949
111530249177
102852411150
115167107731
91287508545
114586527134
116347255833
95437022392
87034748723
84320138001
89481751692
120750012662
131125283462
124772760854
89486458609
85001384002
104929211927
109321751159
82606288450
138579950942
116212423058
139593683912
114890025586
113291504776
117859161781
95913035497
88878814029
102190729399
131483201373
119738627845
105016138696
92985823613
130323197520
105087752396
112606137325
142336425221
87683960666
131280255791
96214191512
101529600381
116937820683
110145151405
82571681169
121214176451
88592967840
121594692648
98395339277
104712924920
131439152274
128425712923
119475955391
135936215346
138127643190
127063341079
100265471516
94533882008
114438503331
141557081646
129635801469
85616543674
135579905949
106384600598
127505949684
102636647456
100939115696
92353011647
87119828430
97592628877
93595113891
87231267976
105952524922
126113014539
111535526426
109132067184
132690788352
128011686968
87651361717
132862127935
92918596583
129557855292
138245561178
120107569821
89248158203
129386844074
142885830588
135729771704
96209304177
142178783124
94614626668
122213683154
117947871570
132056504012
85691692877
127841732762
138477620702
121120530942
100932435398
115575342687
118867823715
128249811156
123424961929
118638844543
142470188002
140875233591
87881231911
92271676112
103565433208
119899285815
83749345245
103262668679
128910550793
111516177447
119864589236
137421260036
108956443125
102215941860
128980704898
135130803242
131693969531
141582957999
87282367741
86844631370
129658620225
117056844181
107432576289
97140182667
105866910160
102444683060
132029630828
128032467373
120618093158
87428008075
123939030258
110708648673
124013353366
94478993812
120539340081
131613474465
129776551431
85057905087
103394544431
95190567264
125394300595
136515553619
120056394977
87853257875
93940735370
130416649997
88302941782
97922849478
139581826820
97143456633
110558010051
113511553814
93315889977
108146340978
116581137847
101440830462
105611993075
82099944863
128344366598
110771736899
85424999833
95035080424
130750669776
117242725930
111354419899
112168067473
85618077021
140853395570
133830581351
96284256361
88858491002
85616543674
85478607340
134827944302
119815292233
121324402397
99493001189
120715193813
139864556147
87488469538
111472209360
89185504003
122390827612
135568231637
130701017538
86722638875
108654230197
90515572429
102318505011
101198165737
115815607109
124052382693
140770031312
134940505390
93364002897
82838175656
124284826706
113319886492
98377207682
86280243638
106528823156
111854190211
115561006429
133207052068
84177248491
114327993155
102742817449
106917371536
109773175942
130548299706
119300995823
122597663694
126738010078
105435958830
113084065041
109276490685
82491960418
83269707762
94000284255
113927411364
120781172179
102727647348
83588804883
139878403386
114581175343
110472228448
89122871773
117215646347
84136229244
139704374566
132631135857
93900512493
138221973696
131115720313
116582937864
84492083222
89503718348
106729882155
116180076002
88373068565
138664599977
101149668568
112108080137
91967392401
127423015644
130302223707
121837678662
115591471888
92640368527
141855803638
123890732140
103085286916
112042815902
109916306082
128755145283
133143431795
135078361177
97249902422
91189243933
108070179292
116638745163
120266648252
95529528325
139461312771
127375905639
120120365222
82761345949
131203713973
126324927772
132139063689
135640230836
133201267805
82913532528
95607464635
88469729129
135130803242
98669177639
140910972771
101173079116
116088455531
94802093200
131598144827
96840838630
107103308240
137858606725
118775110052
116946835756
121537664583
121329915226
87845488422
126394352387
89320239243
108527573376
137801693028
101147996517
106430946493
133583306081
86474320614
128329235402
137076597732
124567780918
110533497455
109321751159
139133650359
102374013276
83373986709
95122525562
122867556880
140210946676
102555793232
96455463230
111671025111
86960532755
83204755483
133180059876
137723211282
94443487210
128023021530
127970130732
85279591946
116631543521
127568168691
128628245622
99994333731
115353228863
109532524384
124002203576
102083191929
90291608573
131816675137
114069760444
83896405914
121329915226
101571485514
112005782363
109267787944
97023988652
123287804771
84426629723
82467901468
131207540515
106449830882
100338733356
108007887132
97135271818
100462008082
84719095933
116539741704
132746605335
86770498404
93428170847
92661140036
90954895849
90640303910
126585840937
116570338093
139785442333
89920029081
88649158736
121390564635
112765327655
128255483349
110412725656
87333482390
139554162432
116656750393
138416636657
106003912592
84993747609
114657900944
139479089816
112876831758
91048281038
116275334415
90943819632
85785293800
114178360187
94861929819
107284251497
93585478249
83342242006
112775944431
116300504591
103117371349
103919520519
90682954529
85013602982
110323503359
125336375108
137100081972
86906436862
139566018270
128806304446
108329941154
129698558954
102037842680
112385225320
133438530244
118002201288
100393697951
87730540416
126279904436
116593738292
140940758990
83584263746
82902980123
121961109771
142041171119
97590987420
142019240128
132265833505
111736169834
104958183224
113504451848
106521952928
86443500814
82991946092
107821125938
89068086520
99493001189
111162937070
114023486510
103651779627
101532950913
84368810445
90324712538
125485887682
133983320838
142258590284
118846004943
101467625242
131343419394
131054522857
115598640780
139712282302
102089911201
85359166832
126467551144
130838540070
97903119328
91558831030
133270687785
130588379803
138084420490
95197048808
96246776706
138556332688
85013602982
129706166970
123825730457
103824582333
102687198038
97484328197
102668661489
124091417866
107855698896
137874309499
115283413076
82978371529
112000492356
83856975212
94957387126
106250765218
82740261829
115088415783
94709952065
85276532150
124976045439
120228241049
125601829124
110992684457
115907120470
98011661030
132396510173
134926917699
129424835446
142610001496
129030012634
83687230038
111481002023
113907845521
115595056296
102474978266
98725311301
89899584360
92966613139
100322080808
86060258917
83528264627
102884456971
133969783057
87569117430
124433707474
91263729172
95119286150
105791598354
113170917852
136556567164
113929190165
90633986222
106511648124
95414308168
92423210561
101419061775
86852355957
120610766196
123952035225
83463207116
100064161981
129862181426
102448048998
115679305355
93733284225
113417473631
128929509577
115303102621
141046032061
123838729332
103337048761
134618471378
101447528868
112182184551
103240697784
97004356750
140666854410
119097049883
132673468273
103083598473
90408287519
109377470923
136994419932
129286196315
103149461438
104469659667
93501990387
133311191088
121168266144
109525553240
95906529059
99755115767
97212229351
89728248187
93469890437
134023938771
107261838840
126047413884
97145093662
138707920265
112984851495
134451782390
134480848241
97364616334
110473978767
126221762435
107765823412
88681945291
87527237423
105954237629
87078056443
84554519707
85762271423
137041375450
88627304404
131789828951
114513395329
123584453967
98243752491
96220708130
112754711465
83135297133
97558161816
98123558808
121839520445
133865373857
134093583427
133480989426
95488950186
96576220660
112240427078
113140781701
95158162940
90472966162
88974205796
98821108851
87788005729
99466479429
83014572963
121232543523
130611285439
83608484808
124260642083
83168512821
128357607151
111261291430
112549563229
133757147551
99841463297
104733351000
120510043167
109396627912
85195468445
95940690558
84333825426
142162824510
116118990610
133062480393
90837845703
139732052870
90031734846
94519351509
98392042431
127900258793
97922849478
112475330681
141455586977
102007615636
121721675561
112095731612
82797496951
109286934579
116338264720
133753283239
114009250492
126901565119
136578053475
131431492416
129039496009
84139267334
108944276234
114433154846
88005619773
140631148038
90405133021
102938441089
120504550326
129502738899
111410669957
88221946304
111219133838
93638482650
84828898665
85412749483
118969671167
91671611701
108581349117
119260920575
138780794608
83902472940
92313137346
104838919978
109090322418
130861468182
100822242118
136203284491
130985694069
117937007396
107752000224
111544322199
114945414935
138161047363
102918195287
83516159161
89641856002
109544724671
109863930696
99843124218
113676734629
87085791226
122103034530
105396670787
88463491359
122326228435
99692041063
135834920760
103198452951
118294001549
82332635600
95579858172
92883392309
130575019014
137538862490
124673978291
87767813112
137527100086
108394064149
102469928641
105021253193
106771150495
103533274609
121162757745
141427732753
138487458279
91059363963
101960604414
93746142079
96346198869
107196341330
82497975668
88806910261
115376505222
108210408909
133264902142
87141492334
130725842237
92453531678
87249847922
136246198099
113737154825
97549956547
106484171194
90115165979
139732052870
110431974857
93918209018
137197957602
110861140462
113300373773
119578072643
123321160301
102850724659
111185764905
87587735360
94747126348
103861873773
88925721097
95041556296
125414857514
102069754209
83242515458
130523491705
125700984901
126324927772
85464820759
124217859884
93713999031
101962283191
109991399657
107401523535
116081271371
130979959226
126313671236
97489249572
138574046201
90994459136
82479930532
92512593831
110486231462
107487794103
118975128696
104109529343
91503259647
114524096215
129028115987
138703981775
100240502303
102901325291
90425638140
133807388987
134826004009
94092061112
135661640329
136847740021
138056919060
99657193184
120970052114
101673721663
115396202207
82624346604
124752255437
99201464383
99270996417
117114577835
124847342612
93595113891
118007635163
138328134988
127063341079
97781492764
134238737730
110230812522
128895384971
95781320582
129616787587
92635575336
109668510962
91902148270
118402845851
112951200770
128264937346
140250561136
120466104329
103308307672
124110008278
112397590543
127766237118
122283787304
126807553453
121309702427
133307333346
99133608728
82218500686
113765594369
125903163775
104515569270
104840623161
125018959488
103807634425
131983569234
140662886726
87829950612
98718706429
108129028978
105290799521
87778685761
119240885778
88482205111
107883361702
85255115172
84993747609
120970052114
106449830882
122451752167
109863930696
98283284107
129782259056
108073640646
100415354836
95760188829
127006897265
83650881122
100225522504
130615103305
116300504591
90534512349
122055103018
124679568790
91089449512
91689090490
136090181651
123376763443
136746090833
88816287397
98583358073
118778745072
101059402836
111570711878
126034296333
83055308480
89673266784
92085219849
108741027711
82537079990
99471451972
94887811921
98311291024
94900754219
85601211080
85728512315
138682321072
93733284225
94600090027
104508767112
99952780332
122813924931
85650280116
110071757303
82220001947
88708491670
139643094817
109597020101
117065863734
85671752098
87567566087
120495395815
86589948831
99199809146
104151966178
97548315576
121979537529
131563657189
117513685840
120047258060
134000727687
128524121161
110199341280
116203437153
100157301403
93000232684
142033196011
82597259980
119393926064
103656860062
120495395815
93918209018
140201043945
115093780312
98331063590
85661015713
116172888488
102281508537
103858483281
121878201614
126499464685
101025982654
105427417149
117441400270
119609081000
92188781742
131335762326
83302948374
92717074945
111031285473
115086627644
108520635654
105316408910
140587513284
111947599892
95394841466
102714163578
101623434833
96965099662
91213012372
109008594801
115052656665
86609999206
89088433589
114288794001
87463662634
129875504463
141342202462
111882384777
118706056940
86718008236
133606478393
138538620227
121177447477
84825847533
91003955800
110354990099
121456746445
132100660097
105820692653
96295664962
103553584575
135574068760
95140343399
136814504286
114358288928
120781172179
141563052967
97769991531
82207992271
91230444699
113128373700
134037479538
85762271423
133863440808
91751075341
129151428930
120924193897
91003955800
130128778576
85171003917
99218017309
99189877912
132927612703
92971415556
113449420285
130681923408
106893281180
94359593582
135873875562
120072842744
97433482728
89154185247
121388726548
114311956396
134244545599
84198521771
88963256567
117998578860
117618539652
123913022494
115935837400
98753384568
141821932325
121920573601
99222983468
114379676690
116656750393
88607013783
115943017264
135068650622
123008173434
106026185507
113854492423
101638519118
122204460571
106943186001
112341069901
138745339466
131241981845
119849981620
110320004989
100947466553
83847877112
91552479160
119080668606
122715934376
86529812554
140012958050
93113939521
114237131916
105788175798
111488036605
116388619416
91771741104
83038711579
105788175798
138086384973
102724276362
110798028710
127947466916
112597296520
119678408358
106240473654
100213872785
82550618629
126610257274
90562927857
83759953394
109220798765
96168580460
120909521045
127800207058
92201532280
90474543975
108704568364
124992836942
87859473795
96082277727
89320239243
105699211170
121331752865
100020932669
136576100116
131272600481
101398970211
129413437362
135247380348
105909713159
115274463961
124288547634
83293882036
86466615001
119057009069
91781279896
88193918252
108068448635
116999129153
125575643828
140076298148
114096461097
113733600135
113731822822
136869247744
97507295719
93707571027
121164593836
139094200515
130513950740
122632769253
137915533152
119077028508
116142344397
97714137815
111850666249
113909624160
131816675137
89398621615
128283846664
125384957042
115858667427
86731900707
91800358764
92327491307
142813848630
130815614426
135934267033
88974205796
130492961671
135303743479
129119171265
119683882387
84010202349
90242754084
85273472420
90904268869
99393566105
112758250127
114233569444
97663225642
102945190241
115507252687
118587995009
87243654364
95703307286
140662886726
132788957835
140454667045
129206466245
122103034530
101402318623
110110198451
138778824719
90403555800
132484951637
112159244850
90829939970
126730493184
89089998798
113738932204
112417022948
118119962551
121950053869
131820510537
123111845272
140579580488
83990472308
106209603042
94727729868
91512785081
109459337312
84376416876
138774885059
128325452750
87544298456
127947466916
141927544110
90342055153
84963205633
88159667448
119362944829
119864589236
102989065863
84926564679
134680522156
112871520777
109830765563
117947871570
123532516047
98533862741
130201190604
123983621546
94585554546
99848107081
127743592578
110515990527
107377374471
140654951704
131922169590
108961657648
123528806577
127063341079
89276360663
91316047577
96955286566
87257590187
135062824425
95922795603
96674187336
85255115172
135799866320
100240502303
104247054208
86161755361
127059577741
84055742419
116147734142
111314000344
132068022170
93960045878
127653035302
140224811241
95857738509
142801853450
97395766835
133608409536
82298087027
130750669776
141372035237
105611993075
105764220080
125987455214
137538862490
127837957436
118268611881
141085768919
109607480933
112146893745
136246198099
90559770285
101824661397
139246113790
97030532958
95929302657
109208617672
115693649163
110409225972
100114052481
113062800297
120250187045
113721159418
130039246371
122751058427
115260146389
142162824510
141489414872
111196301987
96863722962
92459915810
136705049650
133662486996
84265398957
94401534818
118208776886
84344472267
102752931589
87617218015
122764000328
110017600256
87225075208
119257277765
107738177868
102313459600
95357537095
129352657176
83296904074
97896543096
111912346198
115826371305
110139908060
92539737476
92459915810
95864243337
94067904891
83437494385
96997813186
134639799803
82889413752
111998729059
142484166371
111532008226
116741392344
99332271452
118243224981
120806836373
95643196895
109337420744
82537079990
82761345949
91304948698
124011495047
104355779684
136355467737
113909624160
111730887099
93262978966
111479243470
111040059412
137152929533
96484829600
91523898580
110685870862
103014382906
88422951427
131997002681
106539128884
101260059062
124485837780
89687403643
102973877090
107432576289
93960045878
98339302877
92453531678
129183690577
137680055186
120544833608
88363716711
105021253193
103963613557
122764000328
139518598890
90362553020
108238120523
82768876706
122169417906
113465395356
98733567698
134771682091
135459292261
113053940660
86465073950
142270563478
87085791226
113084065041
128563872418
105700921663
134256161975
106637062985
125519541588
85794503560
99897943701
108186164343
83106616954
89789534030
131297481028
110339246472
115294152634
133162709031
101851507597
102854097661
116777420740
83141335689
88251536409
136408167932
103480817278
142093016431
136211086293
110685870862
107391173591
87460561986
128068364586
87631185120
115957377572
125388694436
89440965086
87341228311
111370238572
119368411776
94653397422
105319823726
131565573080
86833817747
94270908329
136045344954
87770919462
87398559562
117445014016
108058065143
140066400349
131741895036
102046239943
104697606763
137246910211
84055742419
86451205205
87607907183
135558503284
87341228311
97995211252
128319778859
105952524922
117850111700
105321531147
142905829024
132154426739
127875713390
90052195869
94905607866
106688623659
87996287855
113053940660
122438827706
90989711027
116469566585
126593353375
142258590284
123848014795
85349982974
127082158913
103078533262
110139908060
100949136822
108970348929
99929514296
96316854837
85792968581
116889146990
130714384241
123010024321
99006236421
137227327583
89324941144
137133354817
114945414935
122568105192
131977812297
112480632154
127392864180
98245399480
129438133973
128384090313
118836914504
115186785314
97977118085
86195600317
135014278148
82376208957
99628987959
109565640969
135049230386
86497440125
107726083895
134802721857
115673926702
142182772932
121460423881
115399783627
90220695402
105161098535
99340553067
130966578525
133268759224
86736531890
110689374922
119151662025
137015940047
120784838325
122813924931
125910655139
114898958451
134779441705
103783909969
103758494088
90425638140
134252289767
142254599330
134151634935
131266859116
94718032634
119129815777
87569117430
114326211252
95497065183
92918596583
136322291386
137264535986
101869966452
107809027077
113858048947
85872806933
89386077327
140508195516
83043237854
89007058211
114105361922
125648595805
103809329148
129335565443
114014588861
114698950699
111326301179
123835015332
92109113246
85432656756
107401523535
117652899293
106556306546
101042691840
82269551734
83864557247
142214693372
88922593533
141022192973
137680055186
93850648528
112076327917
84341430239
119959560000
130075436462
83485898473
134321997759
113170917852
125631758856
88969513133
128751356123
82767370527
109426237897
122169417906
128115603197
104255546213
134878396740
142366367556
94328951473
89915310850
134684400766
138524844828
101836406042
84989166040
123775598272
111864762619
87434208379
105036597486
128927613596
98368966637
113863383828
116761207149
124925676772
111880622498
89976658637
98885555596
101979071869
141449617944
115415900604
141246758524
90113591436
113492024019
122090128997
109297378977
98367318556
99079010433
96282626672
120524691195
111686869294
102697309596
139139568310
96979820023
99711956971
104644851870
123779311156
138261287322
100583687123
87246751112
96835935245
99808248219
82431820046
117911659630
128516550115
111071649060
97205678491
133461688942
89271660010
93746142079
108546653549
92297189614
129548351731
93537307189
119596312367
105499177273
108706304361
96339677481
127603997582
104719733376
85506184496
118177959825
118506294262
87432658280
134657251554
92364177988
107463634155
109260826000
82702618546
104452658725
114686456418
114084000460
133147287151
96999449049
96656223317
83052290740
115578926883
110442475127
134277460032
109563897856
116232193119
106105018283
120599776100
107411874025
125319560699
100850619923
106441246815
97136908755
139623329225
110117188555
84057260658
108305682732
115464258699
96765665144
93596719900
115751032481
121543182892
125540110841
118998779935
84333825426
95648069956
105063878666
116025601186
134411096047
95398085750
134037479538
110178363190
133904038283
133592960850
124979776791
142659951091
110699887664
97986986805
142045158857
111767869078
108701096436
128111823831
122370522879
95698432591
92148943143
136236444312
113440545678
120673051674
136812549353
91616006102
132846721935
113460070183
107995777319
95015654004
118005823866
126107390788
98340950764
100815565384
99239538398
126249893944
119308282977
132265833505
101548028772
108591758943
130601741142
83749345245
141758186081
137758525486
90731936222
136361322786
101265078283
133571720827
122337301375
112781253044
90163984486
105795020934
87302502258
101310257018
118836914504
106051888442
84242596246
98831022311
88097409920
116532543240
130428095557
133394147845
83522211773
124465356709
85507716669
141678522589
135428174739
123432378055
110042057056
113927411364
95367267841
113625213398
141712376778
93660973884
137872346588
102079832377
88931976405
124147193360
91376311381
117369137158
103288022396
111449350221
114838221531
120233727352
133486779845
97073076688
106941464920
112844967764
126083023029
142434246386
88014952455
94253176928
133865373857
109726070521
118303069998
103399618324
96563162070
131487032053
92752243713
113909624160
111787243985
103763577035
140948702616
110575520537
87150777518
108584818971
140853395570
92050181013
138847780264
140647016886
112394057527
88387097106
106147874876
89108782452
83961639637
113854492423
106456698482
138902956246
134409158786
125259785083
91117957038
116716176582
121515592377
112944116968
116917989576
96801614532
82131452376
95913035497
123000770084
114069760444
94309601505
100490337809
122127004275
113094698377
113694503541
106877795945
82744779550
133347842949
125805797159
140381330278
84489038252
92765034063
132960360732
111619981072
127770011382
91841703206
99672127085
98608109962
120403870675
91503259647
84075480660
111481002023
105760797988
104362576850
108737555185
103144394247
85707033543
115222567756
95028604704
117472118933
102926630870
130506318162
118653374879
95182465601
103687344856
100215536908
86531354253
85588946114
112076327917
108628198082
122993366966
117542606486
89113478743
109898846318
118408289398
120219097538
130460526788
130617012272
102887830463
103575589614
93008238311
127686990376
107434301576
124907023660
105524812070
101796141648
111057608510
99713616708
115242251055
85553690261
116379626731
141975381882
130191661713
122954505621
94845755335
100873992493
109267787944
133500291446
84896037635
135053114336
86597660084
96811419896
107902381785
140583546828
111447591910
142582033538
93372022858
97279391680
128306540098
115462467478
101626786805
95474344241
87788005729
84399238985
110057780307
117502841620
105882318135
119257277765
83064361922
136513600732
83614540624
134333617603
126323051649
124083982158
134128412695
89599460457
129320373925
116447978367
113582584550
83008538843
113525758308
100009295220
126527626998
125018959488
111759063249
95651318716
109666767021
124197401549
82667994293
91638246576
117797627175
90425638140
108428733247
118076474405
106600976794
89901156949
137511417664
89743960185
141784081278
102239475996
140873248228
131920251101
140280275229
135342621707
105222526089
98690638378
85418874529
102850724659
123608571482
135148286029
112037525041
118188835929
110473978767
109753983641
141111600672
121922416032
129611083606
88817850344
86725726095
113818929587
115269094720
96934027019
100114052481
136918136061
86309495493
142027214872
127736044878
105993633836
103833056868
141473495246
132133302836
86531354253
93961655245
137968543053
111134844646
135762869447
112752942142
112457659925
87732093295
114278104493
118368372858
98225636330
89259125452
101402318623
139323088225
99799945324
97888323187
130794601161
106086164202
95498688230
127374021440
118072850759
112699869156
104364276157
129774648934
113946978917
114772145388
107475713640
94829582501
95636699607
87946523957
87119828430
109344385382
135002628706
84591079547
126463796814
116712574630
87390810993
115969943449
124348090056
117157887293
103222108951
132702335642
87569117430
117931575577
142083045304
91962617512
108399264066
88320081499
89155751068
90675055538
83325616645
113179782259
109180778224
93458657230
93445820408
131067908482
118733312161
90739838049
122377906167
141762169841
115195730309
111616461358
113300373773
101588242146
127027591914
122174950669
98890513929
123471316228
85333146951
112561937576
110473978767
94056633024
98098870287
87833058078
133363276899
125912528028
109132067184
99251127567
113220563572
113094698377
89629293222
100909056292
140914944073
116187263802
138363532098
115448138154
132000840991
132494566782
112203361811
88949179868
84023863092
138912810369
135609093718
108982517420
139473163987
104449258711
142204717879
131563657189
95781320582
98517366573
102172242270
122062476358
111544322199
94676017236
134566126769
84821271032
135014278148
95700057440
115759999926
104418661225
115054444448
141465535848
126163633428
119368411776
87774025902
135988825917
122699298943
102147035339
121648053281
132615744225
90872635789
87851703948
95721182359
86027977610
101911923885
138792614308
105842944052
107260114937
119751403610
130815614426
110552757092
136988551057
82416788286
89411166815
108544918908
88582044149
116716176582
97661583563
112876831758
83552478547
114237131916
91244708962
118709690774
114818574810
113479596980
90077381133
101720668749
117839251944
98085704253
96267960063
117486576259
132692712875
124487699789
129782259056
89481751692
136556567164
97617252730
102263013080
108148072265
92321111677
109558668683
139852687627
142631978163
99931176085
132511874689
112484166568
84813643831
114358288928
85276532150
90803062807
142312473635
102163839597
106767711169
134977389619
99029388537
86203293242
111695672179
116487557991
90942237385
89458219145
90994459136
127481443313
121313377307
103250837946
138727613821
82740261829
128264937346
100835596032
107978478793
140311974797
107883361702
133511873298
105202048291
93000232684
92752243713
113619884451
95453248574
123386031698
128654756610
139058700757
93224507206
86560649240
99912897550
128170412228
142354390224
133803523931
94806943887
92467896229
108039030412
98703846154
114133846836
106950070563
107146373145
107897194334
97107445553
95817087592
117343849878
139346777621
84534719614
86657822361
135663586758
141833886391
114968646634
118558942727
142793857016
107708808031
84265398957
138719736137
128762723727
101290176216
101881713779
124815642791
110215076323
106009052263
124590134298
138950260278
98822761022
142093016431
122162041130
129694755004
110008866459
141034112257
99891297945
139652978000
87039388132
87553605138
110717409884
86327972925
111773152967
91273240502
84052706017
98069247817
116056128433
137342886418
101620082903
110139908060
92942602828
95727682997
94278968768
97164739970
96750960477
97572932419
84481425999
110216824742
103733080851
118993321758
89725105981
142091022132
129991635796
124495147949
96612136382
114431372035
125214961749
109497670638
105613702912
131044962188
101950531854
87335031547
104571695025
114913251697
110461726788
117817533636
133367135517
87885894752
94970333908
87642048991
96184868936
91382656299
118887826014
104058615225
86591491052
88902266054
97834079074
135395116516
95752061904
104547882237
113722936587
129301385777
116264548003
113438770799
88169007918
108968610622
112924637527
132817838358
121364832673
82648427026
102702365617
95208391937
96160436961
128168522035
88025841290
117484769060
97940937231
137980324663
122145444185
103490969406
89395485421
109454110605
105118451598
87719670567
128380306821
128357607151
113706942632
136961165007
125478409870
92204719996
97582780465
137015940047
140865307028
120629083976
105113334615
134240673647
115224357065
86044885991
96079021767
116356247302
84128634427
138005853442
125276595680
90951731135
126229263877
84425107914
121157249552
133817052098
109459337312
96497882758
128768407672
128800619457
98085704253
130653284461
90258511804
118196087007
129991635796
94716416473
131494693713
110852373547
97128724132
115136700890
137446736523
98090641442
138174803724
87503975584
142588026505
135391227658
82242522906
90097846898
140968562990
115595056296
137327214530
140206985518
126523871768
111169960634
96785273228
101022640990
109637122144
117844681783
106400048245
88511838892
101179768608
90766706252
89035222399
87854811822
87803539795
94975189151
93752571455
137162717540
118353859736
83972261544
121911361652
132473414023
106760832627
87645153157
115487546128
82269551734
83333173362
123135917393
87815967835
129959266265
123636402057
97873528288
132931465255
119574424931
125261652882
94661475671
99027734684
103401309645
117282448418
98421715815
126660974719
121891096651
121282142564
85253585543
99716936292
104224976831
101645223652
126446902979
113465395356
121126038367
116932411954
133324693783
113531085195
100625374222
119510597854
115487546128
83262153953
96916039984
137629060654
122800980678
89177673718
102443000121
111310485952
92974617294
85773014822
83741768532
100712105738
102310096156
129633900032
123028534293
106525387998
86140221315
98299758137
115677512442
86051034901
121515592377
104505366164
98821108851
125399906844
97965605290
122425903851
115881995352
137103996168
93150788372
107218745901
90558191516
134566126769
85349982974
87938749642
112394057527
138418603656
110529995957
98499222440
91220935925
103235628001
117578762584
127202624409
100482005230
85852844124
136490167594
142220678841
87725881817
133687597877
90969137608
96978184386
140543886362
89817826548
97581139092
104457758884
85991092710
137272370084
128134500879
99851429105
92445551983
119612729336
128531692381
127800207058
116654949816
91504847204
84851783926
130678104732
117445014016
85154186832
133838312683
131490862863
99873023684
101799496692
125140276295
91425491994
93038662490
126886520773
101328666097
99897943701
92099555528
82547609911
89536672861
102054637516
116190857772
88310732279
117087512906
112876831758
99222983468
90988128354
139741938879
114358288928
112960055799
126512606708
125809541251
89885431441
103575589614
99521184934
135630500051
83342242006
90454033656
92555706732
126647824736
130195473253
82628861481
123028534293
135393172059
86713377711
117994956514
140649000575
87937194821
91435012494
87355172260
107558564848
133975584872
101136292550
82455873486
89387645308
111431767505
136451116836
124631121122
113596793372
104192713570
105053647820
108522370055
142633976132
129438133973
141768145566
88109859740
96126238764
138288810578
136929870601
107745088968
139799285792
103117371349
95826843094
134773621982
124498872161
106642218454
115779729825
84405325467
124067252479
108536245967
84101296035
101131276755
131289825232
115480380466
99135263467
132617668102
112540724772
98010016011
89842979008
82220001947
84577368804
126308043211
112342835958
101571485514
113986119103
87279270301
123888874701
108914731415
121922416032
83404225393
131916414167
119678408358
103191694639
97068167299
134093583427
90622930711
105961088639
122058789652
100050859879
115568174491
90022292000
105190103810
93795975874
97330193567
122738117356
84323179507
106134159636
115754619419
121706949345
98337655006
138835958032
94191937234
124875316313
104818483454
113726491019
123298922619
112201596972
102195771682
91392174337
92729862955
101967319718
128993978991
109074670183
84304931103
116244774876
97440042722
97456443454
134661129846
136339854867
109666767021
102955314385
123588164199
89122871773
141177183593
122671575726
102919882374
93733284225
86860080926
131131021483
109095540067
117141645414
133465548886
97407244932
142482169422
128484375132
113436995940
132021953312
119213568857
134500227567
132313868494
141913593159
133295760474
137648672656
93336737530
118784197693
126743647949
90988128354
105760797988
116084863401
122675271936
111975807486
123790450646
131299394991
102120151163
124111867397
97720708069
107168770752
95433777286
108141147247
103838141775
108407930813
104479860839
87256041694
83067379794
131941355092
111099733576
85515377832
127100977903
109675486976
121335428185
97464644401
89577481917
132546493081
101340381996
138702012552
132077621043
94417669236
128870742386
129605379889
122427750082
125119741316
123415692152
119514244714
123256308046
138534684341
128666119358
138294708701
91774920622
125978088049
122595816181
127939913026
130412834909
88005619773
85085408201
85619610400
123182215126
113245390464
99022773363
136632752301
109715604031
123829444389
100853958713
114898958451
89909020092
110145151405
94306376781
101283483110
92968213932
141656619376
139423786756
104762292189
135702517710
82269551734
134657251554
87493121195
119904764644
121025093906
123939030258
92464704001
89036787230
141855803638
87167801493
120114881383
88695998848
95774818290
119386636066
135321238006
90659258670
91159141382
111066383713
109168599539
112171596639
137805617754
119981481618
103154528827
130510134416
92582858099
107129146139
140647016886
88869433883
132677317063
93460261941
116314888803
119423088368
96621932722
127106623884
129909767045
137145099427
104883208116
91225690232
98413472850
100633712463
108728874062
118635212095
98350838350
127585139636
98974819992
142617992836
82250030499
97806140637
130046864823
127994685853
87262235728
94222554423
84595650048
110919010259
126527626998
110961106367
97179476787
83937363403
133645103871
99546056605
130895864252
91887830005
83787235488
124262502360
82350664036
127575711183
89223093675
97666509852
141352146355
125527021010
104223278692
97037077486
84420542539
133137648912
139370469807
122357602718
138893102631
123783024176
117217451550
91019785220
106132445309
115697235269
85339269023
134151634935
111345632414
95566868128
90504525328
133241760802
130342266302
88596089022
105776197665
106245619347
83826650192
92985823613
115684684172
136261805155
127438092382
132852499082
139289532694
86829183774
131624972225
115415900604
120770174207
104670377067
88725670763
87170896929
105297628221
82874342194
88013396974
107106753090
115790492293
104757184544
132002760222
111887671716
119073388452
87362919375
106645655562
124377866086
93660973884
135173541710
102120151163
119937640508
118936928969
122625378141
112844967764
137848792996
83885789163
113731822822
92518980195
89381373592
125901290976
87359820489
96793443711
102523798725
125045084456
102990753592
85010548082
131236241358
121767701788
87569117430
117410685609
115143855098
116999129153
85496991714
129128658234
138855661954
128669907122
110976894832
108584818971
141819940056
95179225073
117430559268
106693780310
130004965679
114290575642
122394519650
135049230386
135181313210
107800385520
94721264988
110139908060
92625989242
95052889829
105094573972
97066530876
105593186148
93339945046
111567193082
124415091970
128897280628
102220984669
122843513635
111623500902
126924133139
126204885066
98816152444
141352146355
84098258679
88007175182
118283119911
98061020088
87893666413
83634223843
126002443430
109862185027
104036557304
85148071998
108846968986
84238036223
82198985941
135356230440
84464680266
86923436805
93628844306
139285585240
126713581337
104275928631
121868991215
121170102383
133322764794
95781320582
84921985332
94688944068
135068650622
108309148012
88007175182
91606475610
86380335475
111546081412
125972467946
118457286389
100750479593
122961907183
110309510173
92920196904
114757861446
138155152086
134994862680
113128373700
140020874926
132077621043
116041762137
134411096047
103152839660
85308662501
106130731020
95553879280
122114097184
128244139081
91708160728
88246864064
91084698693
115496503459
119244528330
136394503831
108621256736
125878818506
111126066425
129453333491
101042691840
132727356527
121478811719
93519647930
121480650588
107006876894
96857184254
118673356054
95015654004
127970130732
88985156135
95717932177
120354462174
102464879336
83153413713
111542563018
130914974686
82500983378
105470128526
102220984669
116192654783
125205624978
114670393607
128649075421
102594531703
127157442821
112394057527
118738763600
110353240762
115136700890
98631214522
91124292480
141813963289
129588269540
109748749678
115677512442
129077433655
124662797489
87704143833
101025982654
130716293860
108720193145
107461908598
120394720192
120821503213
89838262645
121109516598
113737154825
110738438064
99261061573
87527237423
93202068068
118642477043
87184827088
83838779550
98649370119
92402467038
114636486058
121821103303
141989336157
126120513029
107809027077
101918637743
104731648751
104627836524
83007030354
119616377802
106441246815
128870742386
133068261876
132148665532
84929617737
134626226944
132467645420
103773743237
96501146212
94191937234
93660973884
102719219933
108709776441
140514143693
101345403237
138964059033
132267754716
130565475973
100637047845
84749589451
102754617320
124869721292
131393196464
92469492368
129694755004
125399906844
98301405634
107890277866
125498974587
114954349972
88257766445
117889934822
95691933331
120651066892
130617012272
112455892902
116415599271
133565928450
138587824136
106814147044
123649390814
125127208340
137468295176
134471159222
92816205231
121265608439
131033489748
129312778461
92370559054
94912079610
99657193184
116932411954
103546814299
123045194410
139979313031
92402467038
84157497198
90777770661
85093048784
113341174600
107848783786
106237043310
135690837928
115765380665
105492341861
134393661322
89692116190
102163839597
127336341118
119282778821
102054637516
96695419159
96349459629
84327741906
93980968857
119780607740
100322080808
135334845581
118718775609
118778745072
134593266991
95784571858
103381014475
129132453174
86020292531
111192789581
97384289590
90349938710
139429711621
104813374663
82667994293
86404982497
96344568502
84600220627
90818872437
112296922524
111863000490
142530100118
123755178611
104697606763
109361798210
119277314054
140472508880
130559750402
88733480108
123541789954
99891297945
128851788192
88019619014
104862765986
116546940488
134670825851
99858073325
131577068648
114533013878
107068863512
112404656725
123298922619
116779222329
123328573315
88172121462
116914384146
118042052262
92857793713
123202588583
100182257278
105611993075
121065465806
94190325927
91937154078
98444799033
104735053291
131171191158
106748795670
108283160049
107053365137
123747753693
140587513284
137821317132
104995681884
113843823079
85799108605
84498173344
128825255144
117540798843
120506381257
138155152086
86795205214
132471491150
95617209131
138617350459
85339269023
121760336958
106424079865
120599776100
104588705865
111532008226
124303432050
96574588277
131398940535
88217274607
141284534931
105048532509
83118692236
96514200566
134478910398
114565120508
139141540979
138902956246
118089157578
116467767496
114693595918
94393468111
107722628603
86463532941
134628165893
107005155301
122062476358
112348134261
91991269488
122691905785
113763816816
131127196123
124398339455
123109993661
101814595063
104532575572
103367485459
138284878562
119599960455
114929332620
101626786805
140205004989
114333338996
139963481381
122069850082
98479430414
117967790891
142604008199
120733518621
88354365357
126143009731
121688542677
102940128336
103254218106
135618823687
93243742266
86054109481
90226997640
90242754084
116471365684
94026041479
101398970211
132844796254
140754155736
127274183413
97474486015
105738556185
87988511596
134480848241
106645655562
97279391680
111017248071
109904084089
142677935112
84958624862
116117194301
134008464375
111470450917
117027985159
97346584661
115222567756
97697713077
101380554918
95687059128
133849909971
85654881007
86701030331
82087943719
99733534946
116099232251
121533985769
141730301245
98892166730
126724855803
87527237423
118477251106
109278231296
114427806447
110771736899
88808473014
126512606708
126373710798
136705049650
107936967747
126122387662
96840838630
134292950670
104987158883
100892358504
89538242252
90217544364
118335719426
140510178229
138804434520
116084863401
131333848129
116133361792
122529313911
134252289767
114112482878
107634537548
97566367439
110720914424
82588231876
83826650192
116084863401
141712376778
103230558270
116410203110
102372330965
118775110052
101012616246
123247045089
128995875344
119117073044
89472338128
107560291211
85951142540
141366068400
85532233807
113115966395
130557841903
91714517908
118984225001
122863857724
94232224067
86711834222
111583028153
106072453292
128049470790
104206297662
115638073202
93040263889
114815002950
118720592618
102081512150
93219698635
96710119380
101710607691
104067100040
137215579137
107444653654
102845665258
109480245688
130828987379
118964213784
87722776155
118876915498
118564389738
129970690351
132736980702
110829582018
134924976638
87988511596
82365689934
140775984957
133288045470
130590288540
116889146990
98314586290
102977252306
113719382285
119565305878
109434947558
104995681884
125224298968
97113992561
90000260570
111187521046
142254599330
84169651476
115380086408
138357632269
98672479085
99721915729
87280819020
141821932325
113680288283
91078364593
100645386516
92665933807
138682321072
85325495064
88047620570
94238670851
110705144241
101962283191
128802514426
95222976840
121808212064
102441317210
105149156562
115934042471
107824582930
95169503677
139313218482
133840245542
91400106454
127217687681
125190686796
112894536416
98355782239
139212567043
104970113887
105954237629
98311291024
88952307954
85877414058
116225003825
93113939521
112719327761
99650556278
128770302359
98822761022
141121536497
122457291400
118700606377
111796051414
86935801273
132379210446
116919792313
91349348116
130828987379
87572220184
84943357184
118130836013
88038286380
107788287999
123693928380
103095418088
126471305500
120385569915
141975381882
131203713973
91727232760
97466284632
89605740701
121488006264
141567033883
89381373592
89331210486
116376029775
101219909450
87252944782
85840560302
141218926436
118586179138
137015940047
105533357661
100427017035
103512967261
97817644046
90526620448
86267928798
99799945324
139797308119
112033997859
122390827612
86962078594
102884456971
128861264897
110306011993
96572955918
85608877147
117665559352
114838221531
91277996361
133907905139
133687597877
124098853828
135430119502
142218683654
97171289486
83684200722
130323197520
117651090754
92233412884
92000821208
134368479907
92782622216
123106290493
106463566234
126924133139
82445349747
106334831529
135264871051
99213051338
117450434703
138889161273
83675112996
142320457315
107487794103
117893555468
105938824180
116728783931
106206173310
112242192241
109180778224
89033657592
111551359115
104187619701
140117873683
115254777606
117690881898
110409225972
127856834608
124465356709
82925593398
98368966637
129179894911
104690799139
135414561826
134992921189
117477540336
102446366011
84467724768
93405709951
84157497198
116921595066
106355424203
135410672666
120970052114
128614991231
139880381605
108058065143
107843597577
83623624836
88705368398
128751356123
121311539854
132064182740
124483975789
114991880713
131997002681
129793674812
110633316392
102051278444
142526105644
139617399922
137096167824
114893598680
142881831134
102490127867
123992912437
91466750836
111896483723
102919882374
86914163927
103301545604
90605559452
103653473068
126332432390
103470665796
134323934380
108694152740
100005970332
97248264301
97258093195
139037008374
121219686362
118007635163
137538862490
110071757303
86957441135
84118002258
109778410549
117497419709
132448417688
93267788447
89362560610
83299926174
117674602797
98690638378
102909760088
106965561704
106824467392
142428256525
94845755335
117157887293
97830791902
132650376857
93275804634
100393697951
116543341044
111026021332
95700057440
83354334550
87924756687
142839839779
128448419105
110428474899
110314757532
133324693783
111885909383
87107450534
90665577228
116122583272
116952244971
141927544110
135648015790
85440314237
92037441461
123180363069
95030223613
120982894177
113231203370
90071084503
113403276625
138619319022
129028115987
140881189794
95691933331
136070686319
85371412742
108655965776
82570176632
101668692266
136787136966
133764876373
94561331213
93795975874
94897518575
108016537609
95600968641
138576014434
129647210527
126039917966
101603324063
92709083216
127492753459
102375695609
89938903357
141050005463
128435173606
104585303577
100182257278
97769991531
90264815484
103460514674
137691824364
129512241062
141794041551
116629743132
130708655504
92654748596
130840450663
101363815322
127490868390
132056504012
82695090947
123241487562
88571121328
130991429024
138009781192
112591992357
136929870601
121810053621
125530760886
91146468286
88742852532
89252858416
93075497419
111150646281
142162824510
90297913533
120900350922
100793867367
96186497853
91271655241
95750436565
135977133831
132269675945
127579482505
83584263746
120136817831
129890731755
113922075105
89381373592
125069345695
137648672656
107722628603
111024266651
119778782383
106293652415
130277438158
128861264897
96821225652
117035199517
133548552299
92717074945
136449164455
83141335689
129011046846
121900307826
84151420378
139771599402
137333091347
84265398957
110806793223
85351513585
90616613651
142635974131
87724328974
98783113770
133627721876
95218115111
93115541474
131358734636
139514647668
98307995824
115378295809
140157475973
96896419662
114572255888
109389661514
118706056940
84454025231
139929842594
107905840165
103665327733
101427434036
88949179868
127977685864
89759673725
104048434131
92547721769
118390144726
127592682608
113053940660
135895303497
84482948426
91533424892
136949429119
121499040180
106544281913
85585880044
83649366723
111481002023
129982114945
96961828574
82585222552
104287819496
136187681429
129588269540
99310740625
110626309956
129392542351
122127004275
106547717399
131253463285
99786661422
107120533126
98641117348
140682725536
118194274214
89535103494
93869949410
104461159048
120039948764
82422800812
97328554548
124349950949
107136036755
111968755166
141778105297
105784753402
131207540515
102911447097
91008704505
96452200634
85009020693
93319097147
141841856109
123892589601
113534636529
104901948887
88382420819
103960221407
113252484370
91846474339
113419248322
140298105662
126839513026
136941605527
124662797489
112988393919
108251978045
97125450358
121717993889
111505624207
92241383877
136941605527
101717315001
141201035683
91825800458
120451459799
90942237385
133274544921
121193974868
139113924563
96248406115
114538364627
108014807490
89943622384
101960604414
140662886726
125102941555
118804192120
106098162019
107537849296
134486661928
104530874889
139475139236
104566591966
122828718931
142905829024
85547559635
115828165388
123686504964
125201890338
137581997202
83212307018
132308103809
90001834147
91598534079
90641883379
137519258794
83758437885
84656600298
109306083018
89616731396
119729502912
102229389608
122534855056
118319394113
92608416257
93606356608
141505335346
125983708302
109205137462
102443000121
108058065143
89384509396
91754254615
124197401549
109787135362
122457291400
129326070586
137636905234
106307378169
127611541190
108475546732
117253558788
105272021760
100160628631
126486323366
83505567432
86924982334
107883361702
114153431863
106549435186
84347514327
135651908386
100810557969
106927697010
121340941262
95756937993
119537950649
137944981887
133274544921
94734195006
86996091002
140662886726
86994544813
85464820759
135729771704
103205211529
120239213763
110556259052
92838597725
104566591966
115177840685
116289717043
92808208566
115636280679
113881167564
91840112863
92579663627
82400254953
101397296030
104743564952
92282837791
108406197430
88349689846
141750218671
111133088949
108047682353
120275793963
94745509875
119388458553
85160301972
95735808970
119344722673
87127565295
122741814706
108103064219
129706166970
115252988047
99416763125
120621756728
114003912237
120770174207
114686456418
121533985769
139238220098
139522550136
96139265838
114627563939
123907449735
100210544601
90673475787
96648058352
113746041868
127210155861
139971397021
115466049946
87741410929
103843226950
131471709617
129179894911
111627020784
86441959955
98575107984
88014952455
86560649240
109480245688
135280419353
134068432076
116268143343
132937244136
89616731396
134397535532
139937757222
111949362789
124256921579
131805169323
109119890953
117746963251
97453163176
125978088049
92007189402
138410735754
95958587139
111535526426
92844996087
116948638815
98033048121
133207052068
126364328859
132133302836
106355424203
131601977103
129666227109
131088944879
140678757676
109607480933
108869554031
98469535030
92713878193
141326293106
105753954060
120001577923
90105718971
103294783882
95482458490
92179219592
124903293184
100505337316
119381168645
89503718348
96217449798
82887906523
98303053157
89086868386
128162851546
105309579404
86321813529
117687264228
129269109172
115140277976
103448672209
141694453419
129512241062
111257777974
107529218279
117725252917
132914129178
97574573720
108812228722
103098795340
92504611332
124601311914
95103089612
116232193119
132956507856
115179629586
90768286833
104941140886
84818220084
117141645414
94625933859
113225883407
123916737710
136261805155
92184000547
122344683565
125987455214
90189187300
109466306560
90359399340
109273009515
134581635143
100215536908
82230511316
130004965679
129502738899
94153269380
108846968986
95365645998
114044842408
85527636474
111292915246
136136977177
112071036222
96284256361
108165386021
123998487066
106393182543
111822476353
89710967044
109083365658
142404298267
104323496069
142156840339
123128510363
129991635796
123530661308
84358161930
121760336958
122304084255
96633362295
106472151309
88301383721
105719738174
122880504577
136904446534
105026367850
125603699623
100868983872
92295594921
121076477676
92973016417
90864728382
110691126999
111231428953
107413599146
141804002240
100532006084
138971944489
133164636844
115269094720
87946523957
141501355132
113820707614
90335748523
117071275791
120592449686
101529600381
117103751407
86289480468
120968217613
123983621546
98390394040
85114444200
83000996502
83628167167
110745447898
83703892235
135684998183
101935423601
102495178040
138520909156
107923132779
114727511401
86291020015
117993145373
116932411954
94986518462
133261045128
128461665446
132375366322
92566886363
118687888976
139196781845
119663811662
95153302907
112439990507
142520114059
86948166521
99122025761
138005853442
122732571431
125435416701
106905325933
102960376710
124035655058
139252034229
103480817278
134141958754
108904305135
91512785081
86917254837
96564794329
122283787304
128686952655
138373365475
117168716081
106045033964
105167922941
117165106449
140478456411
89767531062
130838540070
124095135796
101765949126
95169503677
92554109693
86844631370
142629980224
95365645998
96620299955
97594270350
119745928173
113872275477
129459033620
110983912336
92571677778
115070535299
83597887517
125485887682
85259704215
111020757339
134763922667
122915651686
130273625200
95633451051
94240282588
98784765551
94920169557
93953608820
131184582387
136121377751
133915639035
132517644136
111993439254
105478671761
92968213932
83737222721
97502373866
106108446533
113319886492
86323353350
98108745427
84029934832
87372216245
99325646414
122904552004
132694637412
127694536564
104639747133
98973166609
84333825426
83499515210
137915533152
90398824207
139627282221
134275523795
116133361792
109255604673
112265141644
102938441089
127639831809
83696318314
139599612691
93964874029
103697507280
134085844305
112162773816
133562066930
122531160934
86170985095
119153482622
91914876742
114550850328
137172505943
101564783202
131950948489
122121472576
107182555346
95636699607
85431125309
140113913795
136496025639
94266072270
128378415110
86478944265
141135447262
111103244470
123586309076
120266648252
133923373119
129780356487
88019619014
89453513338
113555945519
121072807014
122832417505
140845454818
91129044175
95846355506
90263239523
128995875344
101251693955
139821040881
111611182079
134641738836
112406423304
112021653196
87688618197
95612336798
108758391453
90837845703
141778105297
127180032269
139728098612
134773621982
142184767879
120039948764
97597553398
140274332120
129479935307
98900430901
122771396006
129651013657
121686702086
86101773032
85753063595
86324893197
110614049053
100545341630
129831731772
116833276755
113318112569
102545688772
125820774029
95349428478
124575231668
138015672885
94445100951
141342202462
131094682336
130725842237
118428250067
140286218562
96284256361
110031575300
132265833505
135103609750
96294035093
96193013703
127462594331
136533130106
101435806717
111679827266
113383757058
98209168582
132244701152
107517135390
92447147886
135739505873
140331789233
135869979720
132296574749
93184439099
89259125452
98679082167
113179782259
125207492315
100240502303
100205552414
133533107977
118297628889
86880167073
122991516217
102153756897
111503865368
96111584127
126623405293
118736946441
99710297240
129405838848
142528102875
86552939565
96654590284
102897951471
115242251055
89268526306
103353957233
140490351805
103149461438
101749177416
85978799586
91994453336
100215536908
101685457468
119029712464
104752077003
89791105759
102656866248
135332901588
137654556633
128942781700
112450591919
103846617148
132350381509
86917254837
125618664167
101052718282
103577282405
116988308981
88617939144
127796432358
92766632906
106783188690
142621988590
97071440219
116000463570
86230990456
119625499171
111089201350
130286970831
137337009351
129430534693
91609652390
140428898064
116395813842
116293312813
124504458578
99986022274
115090203934
103205211529
111915871352
116404807031
138164977663
110117188555
136125277519
87859473795
95373755299
129147633664
126264898506
105945674416
137145099427
126069903158
120127677278
140986438465
92528560209
130653284461
90547140635
130353708432
91541363957
116975685986
98717055222
101256712982
111103244470
87791112479
119277314054
114377894277
116041762137
102284871595
107477439347
101219909450
140080257374
142502139808
119335612140
109274750096
121438360447
134987096760
122475756640
135834920760
137313502427
82452866636
83402713352
127080277090
124349950949
105617122636
132258148819
88924157306
121322564824
135439843449
86117151410
141189109411
139971397021
83448081434
118967852016
84336867296
105765931131
128556300186
86835362440
115254777606
127879489464
94169380032
97272837826
93741320252
91943519550
141604854966
104500264855
113305695314
84527104879
93065887807
140381330278
120273964792
106771150495
95846355506
93197259977
132452263100
119211747858
118031183148
85809854276
106932859883
87932530432
101315277529
124441154012
92554109693
125224298968
99695360263
137990143164
119060648819
113906066888
134810482391
125272859900
106874355017
140583546828
133022013444
120442307372
102628223557
102103350451
113037994789
136658151710
115684684172
92848195317
82332635600
109740026689
118475436053
137939091938
84792289743
137542783464
112213951127
92929799060
83241004917
124541704908
101174751455
142154845652
104381269863
89227792906
103200142568
129246327954
87150777518
142300498657
107954262781
138637036689
123790450646
127815306534
128174192660
91373138993
129947842529
98713752838
82416788286
136583913610
136445259765
137331132388
91108454108
97636954080
89440965086
106934580874
88094297656
134680522156
98383800732
119406684089
91552479160
87203402002
105954237629
139301375280
88346572984
85291831552
97323637597
115303102621
118074662578
104048434131
129805091262
116905370677
100530339187
109904084089
119923028460
99637283190
115492920499
99851429105
116458772283
92805010002
136213036810
112231601419
104452658725
98200935267
103026198623
134643677875
88952307954
82991946092
139202701174
136314485656
86591491052
91585828359
115034779725
100064161981
101027653511
129307082070
102634962655
116970276339
129582566459
115279833360
98481079701
119530656287
112371094708
135513756523
84851783926
108994686411
86962078594
108564000745
134754223798
118058356825
108329941154
137446736523
123491714297
134507979567
113655413749
112429389873
130189755976
126024927330
124136037272
82550618629
101916959236
95644821244
107672533100
125736541730
102357190724
86172523448
93558179658
113470720883
133336268127
90140360563
117215646347
136445259765
92680315734
90645042407
94648550545
99572590457
138210180590
96747692901
82661973413
127896482453
117226477771
102778218768
93526069256
89171409882
109733048507
122649399900
117853731692
108763600826
83487411350
127119798259
134971565450
102367284104
129734699141
132269675945
136660105579
108505026725
123654957597
84656600298
82305596988
117383588026
111236698506
89141659079
96576220660
83307481765
141634717939
141091729910
137711440778
109027719978
92177625973
96403268778
93968092869
125248578469
89000800181
129147633664
92694699019
88114528719
134058758999
131993164439
82220001947
100565347102
125738413261
139708328422
134738706176
140936787268
110178363190
99733534946
121219686362
133556274829
137207747203
95737434197
104099345519
112293391124
92380130980
135022044828
102771475294
102852411150
104544480699
138664599977
95561997135
91835341942
115890968369
97448242945
116919792313
139611470735
115733098741
89732961656
112558401986
135334845581
106979332618
104082373551
102725961845
123825730457
141588929714
117334819289
107973289474
110409225972
101610027401
86321813529
133743622700
129696656973
113650083872
129098301744
106984496961
114003912237
135249323719
83896405914
123966898851
140774000396
100917405685
108323009848
118713324680
95667563456
111532008226
123082220852
85284181705
135597418266
98916959749
142498145632
122134380115
127673785025
99262717280
113979002165
130046864823
123095181179
113653637112
120113053454
96082277727
96075765905
106394898956
120508212200
106424079865
117475733183
83717526296
87262235728
127962575770
140494317013
94008333002
100947466553
99471451972
124660934076
86850811016
116748597482
110335747956
124631121122
131077470207
122069850082
140581563631
120599776100
99829837408
103092040936
118738763600
134804661980
94404761610
121620451718
86237146172
86680968160
112215716076
126623405293
111004965966
116853099904
99222983468
138017636866
125525151139
83472283256
132588810935
98826065502
117915280588
111505624207
103152839660
124644163865
127862498019
120356291933
96866992374
142029208571
125119741316
124828695110
86965170298
134744525187
109904084089
88379303363
99138573043
132742755415
118826006416
84092184309
114936480170
124638574062
92278054106
120599776100
105781331058
94391854832
83805425836
99113752646
104862765986
106364005038
93145981539
125882563760
82506998954
95279707127
112832577271
110029828377
122280097052
102633277866
112873291090
133936908464
95188946917
86227912684
140549835109
141147371232
108787913530
119381168645
94000284255
94399921447
114344031470
110903226092
106979332618
139676698740
134471159222
92510997304
122012710245
82701112983
131215193683
127562511880
119046090089
97829148363
90471388361
129464733931
139898186630
108728874062
120142302464
129440033874
94587169547
134496351621
86207909079
132056504012
92184000547
128391657581
105041712427
112436456903
99415106124
109022503885
142470188002
108051143231
96674187336
110503736400
141549120188
99269340544
95158162940
131119545547
92429593591
107249771945
97769991531
115242251055
128810094490
99775038635
137621216294
92854594101
102538952856
101094500733
91604887277
112639735518
108909518182
111612941808
114591879159
98327768012
132427269003
127868161636
100418686836
94611396214
98945061090
137184252631
110234309544
101109544648
104826998319
124994702769
126608379017
121186629158
97128724132
94719648805
131856949546
129447633550
89869707429
92410444989
129843149970
135533210787
105519684913
128094817348
117855541705
105692369468
87710354359
123047045613
100089105586
124778353633
124647890485
87951188746
84347514327
108704568364
91398519987
108227728305
90543983417
116961260488
109740026689
92760237604
86835362440
105277142707
88543037792
129963074243
102093270907
136121377751
99891297945
93818485898
98276694867
104051827743
110584276254
96290775389
127668125812
92966613139
84168132143
117047825250
91576299525
88613256747
88005619773
101613379141
88217274607
134399472685
118584363279
110987421154
84574322084
127724723694
96465251370
98685685637
138163012496
134577757973
127385326836
103716140075
95048032510
111306971656
119069748444
87889003358
133809321550
139459337618
135905043926
82556636287
89986098889
87460561986
141451607615
93960045878
108276230445
85244407955
126430009984
125579384414
115693649163
124989105330
95750436565
142302494444
138308471808
138877337559
109537752981
111087446031
109701649431
130134494571
102105030432
99256094542
122719631346
112715789697
95760188829
127385326836
138257355618
114324429359
86287940947
125854475603
92838597725
117761437707
123361934787
106334831529
120878344590
119705779345
87665332012
109192957459
139500819015
125637371029
115272674192
99685402825
112526584090
142805851790
135049230386
91887830005
126715460386
98733567698
107072307756
97479406982
117062255814
103085286916
121916888769
108004427028
84142305530
108499824132
118789650488
86314114664
97845584449
99848107081
93117143443
88005619773
106211317933
96136008996
127276066790
108708040390
113039766476
83925226649
119802513102
142220678841
116851297715
98192702252
125543850957
101015957748
101462600943
97292500382
106177022117
119153482622
122751058427
95700057440
86945075117
113891838358
128912446590
108007887132
83750860636
98138373321
110731428438
135585743244
133650898064
84594126541
96147408269
119047909870
89621441977
125691628822
117620347895
130445264638
89246591530
125048816850
84758738485
100273795513
94391854832
138288810578
134690218749
95883758805
88625743503
86883257421
138334034193
91929197609
121891096651
87479166620
134451782390
126006190602
126490077962
108989471092
134130347816
89871279788
87122923116
93372022858
139844775551
97328554548
108855655093
91525486263
93032256990
123541789954
94422509827
88117641409
107582735044
84859412981
121997966365
117206620680
96466882817
90252208478
138956173927
134707673308
109747005057
138833987705
102874336837
92629184562
107587914749
84090665738
122682664616
91079948102
111539044688
111665744054
104721435515
134151634935
105901151918
141107626428
90193913153
133902104886
97922849478
137102039069
99931176085
94730962418
92144163124
128537370942
133201267805
91549303320
82702618546
119080668606
87606355426
94688944068
91724053984
88916338641
105730002290
140809725482
131487032053
101293522872
121182956396
100065824814
82517526627
136683553541
106539128884
88418274450
125620534806
101539652073
97164739970
138363532098
121504557403
108994686411
85004438626
89215261900
95737434197
140533971951
119959560000
137538862490
124322038722
105954237629
131885720847
106700656042
99813230210
96284256361
90918505880
132200520721
129687147266
82609298044
94151658411
135076419044
133095244024
99536107447
94517737066
128469235130
141248746637
123907449735
99539423755
136357419406
88817850344
132783182108
110451225750
107134314088
118956937536
116201640044
126178633418
98186116176
120713361420
93723641441
97592628877
120563146464
111361450193
104951366114
95014035227
121113187944
96339677481
95667563456
102217622779
83422371415
85941924858
84221317362
140962604755
119818943561
125820774029
112247487912
90542404836
119716728459
111394848270
95844729415
103950045375
99178291841
118876915498
118061980231
82350664036
110162630751
134471159222
122069850082
83041729075
99292523736
126201134714
121940841022
112041052275
84741965538
116916186857
112004018982
116068699578
86195600317
104496864049
119950426603
97117266129
136519459423
134538990053
97908051653
105699211170
97939292818
110368985329
128844207108
113217017072
84320138001
121017754270
93174824081
94169380032
119286422111
116541541343
128247920455
114240694496
134056824436
122913801665
96506041485
102852411150
114500911490
86656279388
127140502096
86118689307
127756801661
105251539418
98680732990
83136806756
118217841565
99552689721
123413838273
83567613817
92394489555
99173326576
98873986533
94517737066
124953658535
119419442800
114301265740
119923028460
111451108550
122411134431
135066708541
110101461176
99967738387
119614553563
88176791929
121589173219
89000800181
88176791929
107168770752
132094900098
98796328396
93890860507
82978371529
141421764520
128507086596
91230444699
110947073215
109804586414
141203023502
106860591899
104884911743
91741537947
136308631743
123404569138
97876815970
82854751055
98763293804
102264694387
128395441301
111175228483
114084000460
109455852802
100732126000
125007763818
117051432754
101265078283
137648672656
95357537095
129677637883
139597636394
85434188225
114427806447
142508131139
136972901421
133575582461
113701611501
96752594288
89007058211
85264293494
120411191453
106552870832
91755844262
117056844181
138574046201
130958932801
127579482505
99987684531
125388694436
121340941262
106850270121
133378711797
113179782259
83443543981
114027045718
105738556185
97587704610
98561908602
103585746620
121127874206
125517671765
83484385616
130706745991
104089162139
88117641409
118508109585
114991880713
87229719755
117891745131
94366045334
128329235402
128806304446
124580819963
134637860794
106048461164
121778749400
117062255814
121164593836
137025722634
116347255833
97395766835
110019347077
130205002222
140940758990
91400106454
111752018811
97479406982
138995602207
133983320838
90370437399
136314485656
109344385382
116363440740
123588164199
137227327583
136957252995
107836682841
141644672876
94847372708
99677105366
125809541251
108470344699
107562017590
107843597577
122847212457
140861336492
99977711203
101057731675
107055087120
92244572379
131320449190
110594783762
87488469538
120480749485
83151903872
118337533417
139755780004
93614387695
134610715988
113977222974
119317392322
139023205309
131515764020
117513685840
96313594653
138296674780
83434469731
116869320177
107441202886
86146373643
120968217613
128011686968
120773840153
140472508880
97728921240
126030548653
112738788128
90600822159
98580058001
100817234547
115390830184
103811023877
134447907200
88125423318
123330426624
91089449512
88486883814
126640310838
127800207058
88931976405
96788541388
106833068119
113383757058
106240473654
122252422259
99140227842
136047294155
129191282279
97094352009
87632737063
119288243790
109685951486
87113639394
125854475603
137870383707
83478334334
123623413988
114303047483
132286967578
118606154227
116917989576
95427287380
133413443695
129795577483
121488006264
102335323833
135445677942
117804865571
138015672885
128198766475
123224815753
95916288783
84119521085
106630189115
82543097006
141646663923
88935104199
134333617603
122337301375
127006897265
107940426651
142390323326
138119783952
113284409820
118964213784
97671436333
94926641729
130309850407
99376997935
134157440796
105808712120
110533497455
112097495659
82334137869
120819669812
119519715087
133786131892
130767859591
118566205441
140272351137
134666947385
126088646144
106448114029
92300379044
95265117556
142663947441
120242871441
141113587799
133039355657
135218231179
97367895058
94666322736
132450340381
93299854933
140377366678
94870017550
86773586564
124420676475
93511621541
126854554570
128113713508
133295760474
138971944489
122800980678
141177183593
95082036337
95466230258
135321238006
120511874138
99365401220
142029208571
121362994770
118933291337
113250710859
122910101753
91945110947
140512160952
130090675992
126790635300
96577853087
85099161498
87829950612
83826650192
94516122653
85099161498
130155454210
94117830556
94380562713
123974331009
96755861928
116723380658
121953739099
101137964511
94034091444
88644475387
140321881848
119077028508
133834447003
83650881122
124772760854
86901800763
100338733356
128794934680
94802093200
97886679228
90163984486
136517506512
130376594404
117244531343
127187562605
127336341118
122950804933
96140894305
139129705119
82463390901
109156421552
112033997859
100292109256
82238018471
100285449544
100650389845
133818984801
126880879368
128423820834
139730075731
131203713973
139348751884
92158503563
85314783177
140129753831
95841477243
92661140036
101985787681
97597553398
90217544364
122280097052
133822850251
126294911432
93062684675
102638332285
99738514921
82254535216
100129022250
128876428979
129375447972
138064776308
93170016740
131228587494
82305596988
102226027598
99675445923
139486991150
132369600347
86895619427
105113334615
136002467276
117206620680
100917405685
103805939708
84242596246
106731601472
109137285813
101161373215
114491994927
138948289097
121133381809
101330339760
114174798881
108624727382
119124354520
100075801984
104126503221
105586347712
88802222122
100855628140
117204815587
115828165388
136064838060
94811794736
84037524877
138664599977
92536543908
104382969320
121648053281
84627645991
134174859069
96074138022
102079832377
103002568011
108118642658
137870383707
112806028674
117157887293
86425011128
90182886276
127694536564
88888194603
127921029356
99972724730
86260232521
106019332049
101789431768
124888371836
92715476564
142871832731
90540826283
128442742360
124951793008
122520079098
82991946092
133043209637
128437065777
132538799749
140827589553
122058789652
90886870050
95339698494
126261147276
116896357416
82479930532
112162773816
85886628624
122680816423
108101333332
104571695025
124551017415
138745339466
113552393869
116343659339
90308947816
115851490197
116018418828
100582019794
84131672323
85193939326
84467724768
116500152730
87679303329
141873737065
137239076961
103186626082
100472006488
124400200786
91072030719
117804865571
95237562697
97422003357
123783024176
137158802280
131893393793
116050740972
96022050666
83987437070
95381865044
127300551587
107848783786
130676195413
93879600380
95529528325
103624686359
91382656299
117172325793
140315937593
138593729179
86214063625
87088885214
90967555145
113405051208
141429722232
86184830792
85852844124
123551064243
120455120871
103702588745
126214261199
96092046121
131460218257
104039950610
134128412695
90200214469
105902864137
134126477604
124606900889
139088283620
133958179847
119454078253
88724108946
122965608071
129704264941
92672325631
131594312659
86463532941
127304318671
93960045878
109316528314
122508997712
88713176697
92603623918
137427139095
138170873238
139718213265
107919674163
94727729868
122281942171
83011555871
134703794422
86465073950
88282688919
135276532169
116921595066
132112180535
89431554494
102269738420
129354556313
139745893389
110136412604
123302628735
86137145199
106499626537
99861395553
90904268869
92985823613
122222906129
107935238314
128021132413
86880167073
89381373592
102273101220
104922395719
129050876599
84745015068
126443148923
83342242006
133909838596
107368750504
129671932416
104138385536
132889090271
93829741991
123755178611
115274463961
97443322776
142226664496
99423391235
122366831353
139625305702
138275048701
109727814990
133180059876
141199047894
117897176188
128654756610
89827258258
97947514979
125069345695
117810294598
131058347209
109149462932
89074347006
83899439406
123628980213
142859834987
90141935390
127198858841
103083598473
113593241090
121683020948
118430064736
86992998656
129231141732
122557021342
123284099003
94037311488
97048531063
104398265035
101677074661
109199917325
89827258258
89185504003
119587192330
108151534889
135593526534
137150971986
104146873307
87322638745
99775038635
126982441914
88997671297
98523964915
94711568142
140117873683
109431463610
92506207799
90321559510
138810344911
89384509396
88886631154
104048434131
84720620480
97939292818
133989123013
138337967037
86080245688
111482760646
135595472393
88728794415
120750012662
93526069256
82621336794
104495163678
123415692152
136855560783
84877724247
109597020101
102734389488
133954312205
119013335783
141768145566
88583604622
142659951091
120347143214
130105916282
100437013821
86853900914
138257355618
114187263866
121832153411
86412685610
109858693751
100220529647
122605053924
106264488308
112169832050
87494671792
128645288001
99818212297
132839019341
104146873307
88217274607
116620741397
109170339306
85255115172
139350726161
110689374922
105268607882
102108390468
112319878185
92886592439
90877380414
112731711476
93093115904
122099347146
127341992735
137103996168
83952535633
120500888492
141855803638
88446338688
93251757405
134614593664
98283284107
103188315585
115188574287
131226674053
129753722267
85988019378
104602315705
85071656204
99146847212
108059795694
133565928450
97995211252
113094698377
131494693713
103184936585
94795625828
131672885058
103115682540
126630918725
97289223092
92380130980
139157323049
97847228118
92912195481
122776942881
91059363963
128006019825
129900249208
118666089924
97356419923
122189705223
106250765218
136341806428
134507979567
84854835494
104114621398
90575558489
122991516217
99156776572
135367895578
134085844305
127539885560
119107971457
104697606763
107928320802
101906888632
102041201540
86289480468
134068432076
110736685645
90220695402
139514647668
135192970842
87583080589
89956206996
140875233591
103631459419
134331680924
83558532551
127146148855
137000288897
113341174600
93834566290
96463619963
137015940047
125349453979
127023829122
102269738420
109234720601
88399567592
126728614033
106951791746
87409408413
107301494003
119441317232
139475139236
112385225320
110976894832
138538620227
88880377442
127696423133
135447622795
96450569371
93837782550
101293522872
120369100540
119970520528
137803655375
96468514288
103142705198
131985488243
128404900866
122304084255
111224403037
133324693783
124176945452
94027651448
118134460625
141179171170
97394127172
136357419406
120440476941
125394300595
112109844264
115681098282
126967393470
109194697410
115666755562
116694565540
136365226216
86897164738
93620812765
111910583637
102557477359
101470974826
95916288783
122828718931
84644408382
128654756610
97802854095
122747360867
112975995616
101362141425
129812702610
110442475127
86680968160
92303568536
86502064272
83658453243
104401664281
97472845716
90742998885
88922593533
84591079547
134099387940
101551379520
117636622878
89185504003
100079127814
140728359657
88625743503
138284878562
136497978368
91343004492
98862418250
96302184596
128041913566
98392042431
136558520397
121979537529
127696423133
108070179292
131272600481
91072030719
82893935665
82201987971
110040310065
82494968016
125127208340
107055087120
125412988635
139500819015
104784426764
124394616843
92597234234
121063630543
106327967905
85691692877
104316700123
109965201704
130460526788
120663891103
137027679187
83896405914
102904699165
108692416851
119930334388
118926016257
127875713390
92830600114
89431554494
109678975088
120444137815
139368495374
116395813842
127402286165
91933971426
83437494385
136068736860
127424900207
119443140199
142218683654
135576014481
87206497984
118042052262
127402286165
86075633169
85135842922
141433701248
131833934736
109199917325
123424961929
100979204048
137303708490
85015130479
109414044998
89248158203
89339047469
83957087558
121168266144
99670467684
114468813686
138989687642
137538862490
82344654242
122832417505
104415261745
142883830855
103095418088
115263725659
137536902043
137809542554
111863000490
90225422057
96984727036
87552053981
103712752131
134923035607
129164712769
119200822098
118060168508
98029757619
98997968530
131176930169
127210155861
103487585314
112053398006
114806073699
90504525328
121392402736
97564726278
102054637516
116699968115
85968043541
92817804604
121019589171
108016537609
103758494088
99977711203
116696366393
141326293106
92015149923
136246198099
125848858336
122472063502
85498523821
99896282254
140583546828
133264902142
139334932499
108850443346
101378880907
88769409985
99551031412
131592396608
89390781294
90551876608
137515338214
120337994813
124426261132
129592071716
122911951686
83516159161
130653284461
118942385682
136533130106
92693100822
134517669994
96760763455
88869433883
88543037792
100488671278
112413489692
95804080842
119475955391
134292950670
99459849649
86492816046
115937632341
141246758524
99755115767
119543421496
95469475810
140201043945
93200465365
121419976085
108425265961
126946703189
107988857741
89013316467
84973894798
137948908589
116214220267
102426171753
116066903657
129999252808
85733115322
92019926432
84986111710
127153678085
91956251256
91270069988
87149229955
110861140462
98672479085
101169734448
124256921579
112284562861
130746849960
141772129428
118168896868
119273670950
111472209360
118002201288
124020786902
118114526126
100560345491
101107873029
122069850082
108869554031
94385402126
92278054106
139536379869
88463491359
139417862027
117488383472
110363737016
95325104281
82153960917
128215780386
96290775389
92051773570
93923035783
90461921995
105798443612
99352148480
141095703984
110405726444
101635166978
89425281072
101893461744
89115044214
117529953297
96710119380
124647890485
132546493081
103584053757
97674720775
123926026099
136246198099
106338263483
131935599271
119162585789
96466882817
107815940591
88831917475
100288779356
125334506775
89467631497
96858818911
87432658280
104660166629
93712392002
115406946631
98849198264
126475059898
132790883128
119705779345
106702375013
95636699607
137215579137
101765949126
113071660336
105788175798
116169294836
122936002789
90129337448
114586527134
129639604419
91338247105
117006342899
136585867047
119853633408
98319529329
138170873238
105909713159
92985823613
85974189805
97566367439
82220001947
123755178611
137634944061
96925850946
103843226950
83105107601
105157686415
117754200385
94295090648
91136963948
129052773446
130203096401
141147371232
93713999031
103200142568
128208218444
126306167222
99662170993
140815680057
88368392598
113626989721
84802966452
84298848705
111676306350
102665291341
98294815756
127217687681
140664870559
85432656756
107587914749
130746849960
137172505943
138206249666
137433018222
117501034307
94912079610
124990971121
88218831818
105463294196
107034424390
85212289934
116611739992
84008684566
97190939610
87977625211
104036557304
130365151090
139506745506
88430746868
124277385020
121740084921
142081051161
86640850624
130827076908
118092781476
84700802393
87539645329
91008704505
83825134089
123541789954
93306268839
133022013444
99454877490
118940566759
82667994293
124578957166
114076880392
116004054540
86534437691
107955992402
97037077486
83272729342
142410287678
95935809897
141370046274
134130347816
106060456907
97756848255
82517526627
99544398372
107439477527
138686259214
135066708541
136513600732
117924333251
105082636357
102963751706
115111662786
83913090849
138656724435
128884011277
99479739911
137176421465
124349950949
113714050952
95274843810
111924684373
87078056443
87923201990
104910468080
124456047708
84441848895
112563705409
88485324233
141083781930
131977812297
106680029392
87592390219
90335748523
87638944947
102204175709
126875238173
101987466674
110288521609
116487557991
100220529647
106137588392
127994685853
95007560275
131115720313
126786875994
90398824207
105897727502
123348960380
116851297715
112436456903
83949501081
104675482446
108991209519
114034164256
137184252631
96373916240
138556332688
134107127472
104418661225
116036375054
91822620034
86833817747
131324277390
127536114698
141537178392
135831025560
91306534221
126214261199
122475756640
136382792423
90765125679
82458880420
125355059476
95420797644
91461989681
136314485656
108187895960
114461681486
88014952455
110698135483
98420067202
141626754165
105931974124
93145981539
118811463312
121247238561
124450462453
138017636866
101811239723
140770031312
132846721935
110328751008
108867816618
89472338128
104114621398
100153974235
115518002525
142837840356
113117738818
115761793495
102811939282
82461887398
87348974782
85192410233
88299825712
128563872418
86378795226
117463083552
92688306301
136121377751
87831504341
120250187045
126880879368
132654225305
119149841446
89049306328
84575845435
136396455798
130144021432
97595911859
133894371552
127149913439
140938773117
128973119954
113502676377
105878894031
99713616708
121640692477
109729559483
116946835756
99430019531
93713999031
87361369928
122326228435
93923035783
129364052256
131833934736
110852373547
94090450611
100877331643
90766706252
87437308639
128134500879
133074043589
126773718869
125903163775
135482632599
85376005237
101178096215
135163827785
111284130511
120658394912
116124379623
89121306234
96313594653
111175228483
99140227842
131690135859
83052290740
90905850698
110155638813
111781959728
120447798765
120634579539
127198858841
111991676011
120830670398
83151903872
121985066068
104970113887
136033650132
114518745722
84709948919
120913189181
83085487926
131672885058
100358718986
91789229207
86951258015
130035437279
91735179957
110892704058
136097980281
100873992493
82648427026
114872160886
89105651688
92891392756
115059807943
90578716225
82963290027
116244774876
124437430726
112515979052
93468285628
125978088049
141702419249
115930452665
113117738818
85438782688
89616731396
94695407820
88969513133
139627282221
104365975476
128314105026
119583544410
129067948628
105369344235
91476273752
113914960183
95101470019
100498670702
108704568364
126163633428
130239311226
109729559483
102774847018
110824322879
120682212503
100880670829
87853257875
82549114250
86161755361
137352681761
123656813210
85579748154
110778747743
132719657521
102530533693
142338421282
102793392259
91095784144
121372184403
142083045304
139971397021
84467724768
139299401467
122305929526
133274544921
96251664973
90313677027
103983967651
135097782861
124545429874
121651733801
99059160327
132771631022
119206284929
109846474740
135360118766
116723380658
105186691226
88457253845
96558265435
83099070405
129185588448
90558191516
92968213932
101604999864
93243742266
129312778461
104854249173
108701096436
133012379307
108470344699
123415692152
136746090833
124368560769
106950070563
90972302614
87736752036
98512417980
128921925845
132621515912
104301409986
120164241866
106671435545
90981797964
126672246631
104522371666
133467478907
124145333973
105795020934
118011257807
88390214682
114340467254
129869794510
86267928798
115018691662
134360732345
105482089181
108058065143
91371552832
117542606486
135866084016
86761234138
115657791873
97768348580
98517366573
108725401674
142723898569
128516550115
126084897380
122747360867
129419136355
119605432718
109445399820
87297855583
135648015790
108912993654
129030012634
93476309871
108032109230
120812336350
94634010926
117730680396
113250710859
139548234679
108925158345
124493285862
98131788859
130838540070
96732989352
127134855449
104335389514
94988136979
133465548886
124605037878
116140547830
83550965094
133902104886
87341228311
86218679800
101626786805
116295110724
87432658280
129212160396
91681145305
95566868128
122117784850
132110260392
104847436059
115016904183
102099990529
96372285739
97145093662
128427605036
102643386856
104347283543
141688479230
137691824364
102113430707
93128357898
99079010433
127283600336
123285951862
104062009119
140377366678
83201734951
104440759012
94005113468
85334677462
87482267536
88274900238
130702927015
121182956396
84121039948
100190576647
114438503331
97223693924
138743369893
140641065947
131031577729
108852180567
122462830813
97802854095
102496861473
133857641751
87669989033
91695446914
142091022132
86512854569
125759000946
123026683222
99497974442
84446414944
83873656261
86880167073
103912737751
132746605335
97692785944
109603993955
85921954941
117618539652
96044837476
103914433422
134200021530
91935562739
106896722462
85330086085
93441006769
93669007179
114734652137
127242167744
84382502268
103755105516
112908700920
110955843834
94603320317
115242251055
120186182962
109708626619
121918731182
121488006264
87645153157
109079887344
113765594369
88452575836
83616054615
110908487361
109888371110
103521428412
106312525468
130083056130
122305929526
98560258771
114237131916
99241193967
86175600230
141766153645
126537015431
125628017436
105079225745
116390418007
107803842106
85645679341
92335466016
126229263877
137350722670
96666021707
139548234679
129128658234
100822242118
136875113913
129498938157
85369881939
99088936135
132584963519
136361322786
83923709610
111505624207
98713752838
92008781483
112616746745
96457094539
106036466275
132740830494
137852718434
135938163673
95485704286
82126950977
106807267102
108470344699
127187562605
111607662651
131331933950
103474049562
104580200276
111312243143
109447141921
102973877090
112908700920
86497440125
102796764305
122630921464
135891407405
109808076740
140720422881
141784081278
83631195467
124877181340
95539268247
92824202272
138351732500
105611993075
138554364585
133865373857
142578038322
138824136354
122895302735
110288521609
94414442236
123067409798
127613427133
100565347102
112772405423
92219065861
100662064610
116950441892
107553385817
89467631497
133560136201
105536776011
120801336588
95235941964
98561908602
118007635163
141280558335
89208996740
106067311925
86974445818
130157359727
94540340392
108539715109
83866073688
92258920888
118538971416
86386496731
104898541331
113538187905
82889413752
116968473136
101387251158
92544528029
94558101723
114100021395
134791081477
137425179398
134938564239
90809386459
123169250953
134383975995
117602266561
100265471516
126430009984
113401502066
87719670567
108909518182
103496045627
94080787897
116057924280
93964874029
89227792906
141342202462
106796947538
133967849144
113758484185
107184278539
142270563478
121098502988
131088944879
142905829024
115652413846
122982262898
96754228105
139548234679
85648746517
84725194207
105203754708
108082294233
114772145388
140508195516
131335762326
85013602982
94409601841
110572018361
113927411364
98097224486
89381373592
99897943701
107802113789
98735219011
141042058699
83628167167
105063878666
86841541638
111553118386
91565183068
91197166370
131820510537
120186182962
103692425987
101111216277
86838451958
101042691840
82099944863
134624288037
89398621615
93911773652
90083677981
135284306621
138043169737
106927697010
134496351621
124083982158
84314055141
142294511380
91902148270
110540500713
90951731135
106045033964
93511621541
107103308240
100957488361
111110266444
92301973773
126672246631
120909521045
110361987603
102901325291
110601789086
117575146750
93993845535
101166389876
133251402803
136382792423
112183949242
90498213148
117222867247
98892166730
107384273919
102506962423
127441861738
117633006048
86579153668
123952035225
120158756913
83041729075
97099261996
133867306954
111071649060
89461356489
101246675064
130723932520
127277950171
127462594331
115544878972
122900852274
139734030033
105820692653
123671658684
106850270121
82744779550
134767802345
124480251855
134248417647
127994685853
85115972599
128327344069
130533032966
82269551734
123961324934
91835341942
102830487885
107582735044
90742998885
130462434607
118176147202
136183780789
87601700255
135393172059
106175307466
102547372803
119439494269
115837136215
141804002240
95394841466
126914729572
93657760684
122982262898
108808754962
142510128268
86971353910
121517431660
104333690423
112424089708
131693969531
94029261439
110566765198
86091008979
85998776205
125757129277
92034256791
111704475414
84359683123
112917554447
125637371029
112203361811
94390241631
102404297460
120513705115
96136008996
103041391452
106726443555
109663279179
124441154012
114959711085
129464733931
92118671534
84828898665
121238054000
125644854169
129550252418
87856365793
98265164362
120781172179
122775093898
125910655139
94117830556
104718031243
114622210926
96710119380
139931821225
113872275477
98966553247
84169651476
122269026814
140833544528
116113601751
104157059207
120966383136
138912810369
93853865214
129951650381
113192193182
97023988652
126339937152
106855430974
106783188690
91781279896
116205234314
89066521461
86243302118
92534947141
112152187020
137458495571
142887830359
127632287317
100437013821
86722638875
131787911440
117768675257
128766513009
85616543674
122627225908
119295530610
132831316985
133351701345
113662520465
92415231958
120764675400
90138785772
125108541294
132750455277
90686114269
83038711579
123302628735
96313594653
102135273070
120882012158
110603540463
129626294406
133896304853
123495423275
130786960499
135758975333
109229499834
111574230758
97574573720
136988551057
132673468273
106559742410
101427434036
128378415110
101786076874
97272837826
124147193360
99675445923
85757667438
135901147730
127737931781
89230925806
134008464375
82927101055
92107520253
87321089712
94538725773
89938903357
127415477526
84431195304
85291831552
90622930711
118437323598
137068770160
104765697339
133183915796
103523120659
129284297706
135632446168
115998668131
90847333113
115645243430
87803539795
114541931889
99977711203
129119171265
110141655823
113103559848
142246617638
102938441089
102538952856
85495459621
132356147046
123274834942
90398824207
113644754165
101906888632
140777969528
97801210844
125861965491
101693840555
124119304055
118802374349
90141935390
103436830586
127031354736
94079177474
82939162959
129261515174
141302430392
122991516217
83761468935
114246038443
91141716043
82511510751
139204674317
133164636844
118132648314
84183326261
113891838358
90085252230
123424961929
84186365277
136621030413
124547292375
120592449686
96147408269
88225060880
121603892089
104898541331
120836170815
88674138258
89362560610
92391298687
93405709951
112439990507
83958604897
89764388072
97117266129
128732412087
141183146410
101856541686
97289223092
113252484370
104092556527
108376731943
120731686060
85932707708
135984928485
100863975399
94627549222
135171598869
89044611565
91051447520
97692785944
134967682740
136820369137
125637371029
132306182272
130723932520
140988424698
121148069369
135644123252
91037198819
132617668102
106950070563
84397717386
102973877090
84426629723
94593629687
132066102451
135891407405
127426784784
108187895960
100625374222
124134177961
129316576185
122200771621
126045539881
95987875149
115616563800
125323297131
101332013429
121839520445
90495057106
123026683222
126096143844
121431006493
99594151650
124072828928
140357549750
98181176763
123206293011
134886159496
124867856313
85360697523
92507804292
130807973062
116622541710
121298678081
139581826820
136335951785
107919674163
118444582636
119257277765
130254561306
92749046303
122782489912
96917675117
119368411776
108004427028
97653373342
128560086264
121692223913
99468136892
91538188287
133689529594
131069820783
88739728356
139346777621
117282448418
92651552954
106144446032
103607755075
84218277804
124493285862
137423219709
82927101055
106334831529
122734420048
133490640221
116268143343
94802093200
91037198819
124757847588
92370559054
123430523988
126300539291
124718705183
135045346508
88028952510
132335007181
86986814130
101410690012
98523964915
106895001819
142260585801
125405513241
134209700179
121340941262
123742185094
107056809133
115754619419
121589173219
93043466753
101935423601
98005081002
88451016533
99107134440
93911773652
103721222154
130380408998
137068770160
112821957511
123519533096
133619996754
91465163759
137250826919
83260643212
136382792423
90359399340
124877181340
129326070586
134081974833
92471088531
127042643562
132112180535
141296465045
140652967973
87651361717
85753063595
116872924851
129132453174
103617913631
92710681525
130098296062
136107729026
89417439699
94092061112
97674720775
107256667223
117408879020
131699720136
123317453885
86682511293
107268734722
132335007181
114461681486
116642346087
136216937876
