4227
13887
29296
50078
76127
106733
140267
183706
229407
277050
327198
396360
448869
527248
593823
661927
747753
835450
927883
1013507
1111475
1218686
1322229
1435105
1548136
1665339
1771393
1914203
2039559
2174734
2314985
2491475
2615298
2762836
2935471
3070274
3215976
3411320
3580644
3738566
3908641
4099402
4269516
4478234
4673790
4883019
5087609
5296125
5528835
5736396
5968867
6195501
6384471
6630442
6848586
7081849
7307977
7538041
7737054
8034435
8276383
8534550
8846955
9126203
9397192
9698427
9951196
10207647
10536577
10814591
11068361
11297213
11645067
11998095
12295969
12613266
12980590
13274977
13667466
13969505
14307584
14584641
14897888
15231584
15586609
15928513
16292020
16694571
17013285
17407337
17787576
18190064
18578423
18896642
19142429
19486045
19871873
20398086
20733211
21171191
21613419
22039956
22408996
22802509
23178791
23685181
24068803
24563574
24997580
25413565
25966006
26367622
26750125
27272204
27661459
28215493
28658140
29081550
29579123
30104749
30707100
31071629
31512441
31932478
32405717
32882796
33363545
33822477
34387721
34905885
35401856
35954153
36431073
36991814
37583560
38071246
38480651
38975475
39613002
40170984
40676624
41129324
41784901
42473417
42964490
43546450
44161747
44722272
45167715
45675864
46308119
46853439
47402499
47924378
48572993
49257447
49977428
50418770
51052794
51467585
52173715
52884463
53599401
54220682
54911797
55573869
56173437
56910633
57651969
58262037
58773614
59528108
60218102
60911954
61505113
62171984
62807366
63588432
63981287
64771067
65420707
66110376
66840728
67648406
68386462
69054186
69763025
70625902
71191283
71911548
72483297
73249247
73749838
74639799
75378888
76161092
76986419
77618389
78372784
79170666
79972822
80496645
81306785
81876665
82735244
83557330
84424409
85130026
85963602
86927417
87769543
88615621
89550307
90489971
91262257
91951681
92601126
93340701
94258482
94961364
95843270
96684765
97441504
98380205
99233400
100000377
100770662
101589800
102321010
103147080
104023243
104764073
105647624
106534757
107331718
108132531
109031364
109981474
110935530
111845643
112663560
113388183
114406648
115332133
116163238
117243398
118130800
119071101
120015374
121013308
122015212
122970977
123930762
124590071
125506385
126375274
127247253
128534532
129465074
130502984
131440910
132382364
133222752
134118643
135176739
136238919
137091647
138001082
139074876
140098957
141018650
141833351
143141135
144180428
145004095
145885433
146991261
147712762
148937874
150167384
151177220
152077984
153377473
154398149
155763849
156849056
157995130
158800300
160012225
160996416
162216657
163266045
164260304
165375607
166259552
167559592
168745646
169816408
171129758
171848738
172990571
174015674
174741538
176198094
177172496
178088767
179069643
180238062
181471602
182524109
183703938
184638225
185763283
186829060
188024357
188970990
190174137
191444183
192972863
193931124
195020775
195985252
196888282
198052642
199091012
200523234
201568076
202943723
204257573
205509662
206633455
207495660
208759241
209893222
211097430
212439518
213583447
215135836
216354608
217780619
218665896
219690181
220923257
222160025
223262347
224506181
225614933
226796044
227702301
228890418
230432658
231768249
233037303
234168343
235799430
236937182
238506054
239935954
240939878
242593661
243819306
245192805
246207795
247661613
249119835
250289181
251388968
252712152
254038556
255220950
256629027
258040668
259456245
260801057
262074102
263275674
264781608
266140682
267806174
268945061
270086466
271383435
272760413
273987559
275294696
276528160
278151337
279856611
281488364
282656929
284062933
285158949
286650646
287910022
289251187
290517107
292103343
293216367
294570798
296488208
297689983
299215438
300342394
302198397
303573528
305438561
306739401
308043419
309677341
311069772
312711584
314275127
315760335
317331756
318409423
319572489
321238157
322824454
324163562
325422087
326936063
328369104
330058748
331498723
332772280
334304000
335753903
337207294
338749528
340037759
341587715
343572758
345129896
346257187
347647689
349128424
350525022
352450116
354291697
355786074
356842974
358079096
359229515
360737444
362515058
364207609
365904268
367694440
369219231
370927314
372999449
374444231
375982592
377342931
378979097
380710372
382354064
383909633
385010097
386756084
388229732
390352809
391925256
393964710
395729697
397405707
399085037
400768049
401892379
403770589
405181916
406973663
408863771
410379105
411992290
413799139
415609540
417519408
419242074
421064171
422505702
424046294
425879693
427620743
429171261
430822004
432281815
434037037
435307090
437167073
438344011
440113409
441984736
443465175
445739914
447622877
449211823
450803937
452598527
454396537
455898156
457603451
459412387
460922892
462537338
464458409
466383154
468311737
470142383
471976663
474222789
475961674
477909247
479449688
480890244
482539724
483986224
485745933
487093834
489172062
491149917
493027477
494699817
496794015
498682193
499943397
502154892
503842822
505639487
507334189
508819677
511264632
512755396
515209523
517133805
518847405
520456760
521531802
523470412
525304729
527358614
529199457
531152399
532783182
535179150
537143076
539110722
541191427
542617424
544815056
546136052
547680022
550000857
551661162
553990095
555656640
557325919
559332955
561343769
563357919
565151649
567622043
569084818
570662598
572469138
575636048
577335707
578811272
580630798
582453370
584507218
586221523
587824639
590348095
591841734
593798301
595988974
597606176
600036099
602585611
604443399
606187972
608168407
609802445
612023694
613897282
616008590
617888588
620242848
622600894
624254316
626147046
627924419
630060963
631963201
634226184
635896314
637569444
640083115
642361192
644523052
646327657
648014759
650307962
652967586
655147238
657330956
659761048
661586329
663415182
665612620
668180771
670385917
672103781
674192956
676039235
678011957
680605306
682831842
685062128
687048144
689161311
691153267
693772422
695396285
697397901
699778514
701535456
704175099
705937655
708333152
710480085
712503963
714784487
716434188
718086507
720505004
722417667
725226783
727400896
729066313
731760630
734202023
736132318
738839421
741034098
742973411
745951896
747897445
749586246
751797803
754273514
756622370
758843941
760676415
762511609
764743558
766978921
769613135
771591728
773573285
775822426
777942294
780861420
783120857
785383618
787916361
789918904
791924347
794066799
796212439
799032762
800915892
802667047
804825421
807122056
809557452
812267376
815116865
816883570
819061176
822060042
824789852
827250294
829988604
831908444
834517425
836717549
838645417
840989836
843475894
845550425
848597497
850678040
852761507
854570016
857217101
859588624
861823828
864482121
866443819
868688475
871357666
874312231
876707384
878824065
881367259
883348121
886606954
889019183
891719144
893568975
895991670
898274938
900704491
902278842
904141619
907155134
909454294
911756596
913629957
915938635
918684164
920999612
923173175
925349418
927528899
930438799
933207096
935541604
938171180
940804642
942855558
945055839
947846870
950053403
952999347
955359271
958461160
960088033
962457867
964682444
967058306
969734946
972415276
975695482
978383122
981223573
983469182
986017447
988569066
991274230
993983234
996093148
998809572
1001227140
1004101843
1006980536
1010166109
1012444452
1015029955
1017466667
1020211515
1022654713
1025865508
1027855777
1030155442
1033225182
1035376906
1037685619
1040459363
1043236709
1045554306
1048339036
1050662469
1053143991
1056094742
1058738493
1062008290
1063878570
1066219861
1068564200
1070598745
1073732635
1075772350
1078600048
1082217469
1084737443
1087103082
1089629370
1091684499
1094533833
1097228582
1099767816
1101833555
1104538564
1106609449
1109799349
1113313099
1115391666
1118273244
1120677761
1122924707
1126459863
1129034127
1131611511
1134192289
1137099539
1139848680
1142601217
1144221905
1146656232
1149418815
1152835470
1155767650
1158540537
1160826797
1163279028
1166225410
1169339693
1171801200
1174922775
1177554637
1180025008
1182003732
1184314968
1187290552
1190269792
1192920914
1195243372
1197568746
1200395909
1202393819
1205727399
1208731475
1212574632
1214916832
1217596510
1220279562
1222630064
1225151439
1227507505
1230034920
1232734042
1234929769
1237973431
1241020913
1243393991
1246618260
1249676490
1252398098
1256315095
1258531624
1261604188
1264509095
1267417666
1269473102
1272559994
1275822295
1278400442
1281498222
1284599550
1287704574
1290812874
1293752205
1296348834
1298774774
1301203974
1304504331
1307460592
1310768351
1313382872
1316174800
1319319384
1321942981
1323868766
1326323068
1328604309
1331766849
1335109082
1338278750
1341980987
1346040566
1349044681
1351875115
1354177220
1356836517
1359498764
1361809063
1364833386
1367682982
1370714067
1373927077
1376964678
1380721367
1383586851
1386814249
1390583826
1393458836
1397596539
1399937642
1403723865
1406431364
1409142099
1410408326
1413124707
1416025325
1418203185
1421837291
1424747903
1428571896
1431306309
1434773912
1437879589
1441354688
1443551770
1447218158
1450888432
1453092862
1455851469
1459349330
1461929406
1464881414
1468020995
1471164444
1474866638
1477460916
1480985733
1484328559
1488046565
1491582372
1494935706
1496987313
1500908116
1502777028
1507080517
1510264762
1513264592
1516080025
1519086549
1521532056
1524356765
1527183928
1530580442
1534169461
1536816841
1540035086
1544014449
1547239324
1550847685
1552938784
1556174071
1558650896
1562274273
1565137494
1568386163
1570490268
1574703308
1577770578
1580648911
1584298852
1587760418
1590648223
1594116727
1597781882
1601064543
1603964380
1607060416
1610547154
1614037280
1617336953
1619279927
1621808486
1624923652
1628431680
1632138651
1635263409
1638586786
1641522773
1645049269
1648579283
1650934893
1654079145
1657226431
1659982991
1663136375
1667674300
1670439538
1673800451
1677164856
1680334468
1683705613
1687278571
1689861436
1694237140
1696626290
1699416594
1702608302
1706402619
1709600813
1713002400
1716407615
1719214723
1721823990
1725038506
1728054975
1730671618
1734500103
1738332636
1742572495
1745603830
1748840778
1751270808
1754919408
1758368941
1760399753
1765075756
1767721203
1770572963
1774243285
1777508789
1780573748
1784050301
1787120946
1789989610
1793476329
1796761067
1800870827
1803750277
1807044965
1810754705
1814880487
1818390792
1820457586
1824181568
1827702361
1831019241
1835791798
1839115046
1842233707
1845563079
1849729029
1853690524
1856821005
1859954752
1862464034
1867277785
1871049011
1874194470
1878392368
1882594620
1886169575
1889537269
1892276238
1896072084
1899660873
1903464007
1906848063
1910447006
1914261198
1916806526
1919353830
1922966285
1925093165
1928925299
1932334965
1936814198
1939589847
1942581519
1946217954
1950285541
1953500070
1957146569
1961440629
1964663980
1967460729
1970905907
1974138370
1976942597
1980612836
1983854479
1986882783
1989697314
1993814771
1997068256
2000107564
2004888260
2008368162
2011851516
2014466392
2018174117
2020575466
2024945332
2028881826
2032822118
2036546535
2039616853
2043348326
2048181884
2052799925
2055881367
2059186266
2062714374
2066025127
2070001127
2073096535
2076636909
2080402298
2084392824
2087721401
2092385560
2095720467
2098390447
2101953781
2105743282
2108866280
2114001781
2117577663
2120485786
2123620252
2127429929
2131242730
2134834610
2138654395
2142252947
2145854681
2150135372
2153517943
2157580443
2161194953
2164812619
2167980897
2171151765
2175458944
2178408425
2182042317
2185679155
2190456810
2194327403
2196606571
2199800081
2203681062
2208479515
2212596215
2216945386
2220382199
2224280138
2228411248
2233694589
2237143104
2240824606
2246121605
2249348741
2252578733
2256504002
2259508023
2263208957
2267839013
2270619163
2274561184
2278506789
2281062274
2285014647
2288272305
2292231334
2295028768
2298994795
2302030220
2305535531
2308810337
2313024575
2317007554
2320994345
2324749781
2329212894
2333209451
2336033007
2339565712
2343101289
2346403931
2349473128
2353254000
2356564914
2360825648
2364379175
2368409956
2372206704
2374344239
2378147561
2381716294
2386240117
2391005967
2394583378
2398402662
2402463847
2405572124
2409640165
2413951313
2417307087
2421385278
2425946997
2429551488
2432918648
2436769884
2440624234
2444481694
2449066499
2453172158
2457280987
2462602813
2465992381
2469384657
2473264423
2477875576
2481033225
2484679926
2487599272
2492712693
2496368150
2499782632
2503688258
2508574502
2513220017
2517624557
2521297884
2524974469
2528163334
2532827855
2537250555
2540939270
2544384892
2548818100
2552269292
2556956579
2561647576
2564365527
2568569734
2572034700
2576988522
2581202949
2585916938
2589889640
2594362708
2598839422
2603070471
2606807160
2610546669
2615536635
2618782872
2623031151
2627282530
2629284900
2632040075
2636553071
2640818368
2645589455
2650112581
2654890932
2658414514
2662948674
2666982420
2670766909
2674554176
2678091934
2682644098
2685428121
2688721298
2693030639
2698358180
2703182325
2706993654
2710553786
2713353137
2717428593
2722526709
2728139119
2731457900
2735801379
2739892379
2744754536
2749620653
2752696485
2756544184
2759881147
2763220810
2766820290
2771451738
2775314005
2779179536
2783306136
2787693975
2791568520
2796221290
2801653699
2805537376
2809164940
2812795074
2816427996
2821362031
2825260462
2828901720
2832285447
2837234920
2840884782
2845320183
2848975219
2852633473
2857079010
2861789700
2864408918
2869126874
2873586195
2877523884
2881989759
2885144529
2889354163
2893830062
2898836601
2902000783
2907278589
2912032291
2915996948
2919171106
2923935994
2928439417
2932681091
2936660450
2941439410
2945159250
2949147413
2955001325
2958729623
2962193940
2966727669
2972332854
2975538346
2980082333
2986502193
2992926815
2997480878
3000966177
3003648837
3007407879
3011976080
3017623005
3021928699
3027045404
3031357422
3035672760
3038641895
3042963499
3047828683
3052968388
3057841112
3061362923
3065700385
3070041081
3074113636
3077917370
3082539469
3086620950
3092883965
3096971378
3100516529
3105156060
3110071868
3113624769
3116086320
3120191665
3124574213
3129508223
3133348131
3136916518
3141037131
3146534905
3150936533
3155341451
3160851705
3164711545
3169402180
3174371820
3179068983
3184046235
3187366725
3192350697
3196230047
3200389224
3204551847
3209272736
3212885419
3217056938
3221509572
3225965786
3230424632
3235444286
3239909892
3242702840
3247733926
3252208924
3255847671
3260329149
3264813697
3269582532
3274354281
3280253332
3283907761
3288971069
3292912257
3298827940
3304183975
3308415264
3312932134
3317169609
3321410214
3325936568
3331315531
3333581851
3337834482
3342373616
3346348006
3351461890
3356010494
3361700588
3367394808
3371952846
3376799671
3379937848
3384791459
3390505383
3393936359
3397655442
3400518764
3406248696
3411409350
3414278394
3419159359
3424618044
3427493244
3430657945
3434688197
3438433552
3443046290
3447950803
3451703916
3456904168
3463553503
3468471674
3472524656
3476870193
3481508701
3486730233
3491084832
3496023327
3501255597
3505910025
3510858798
3515519748
3519892225
3523976071
3528354546
3532736043
3537120664
3541800722
3546776603
3551169980
3555273616
3559379594
3562607863
3567600594
3571127440
3576421290
3582601627
3586135481
3590851015
3596159343
3600290643
3604720000
3608856882
3612109811
3618323622
3622172743
3627209574
3632546978
3637887894
3642638350
3646797746
3650365498
3654530360
3659591003
3664357433
3668828928
3673899913
3677183394
3682559860
3686146468
3691231155
3695720958
3700213279
3705008415
3709507114
3714008765
3718813555
3723922172
3729936384
3735051761
3739568344
3744087749
3749213084
3754341909
3760078310
3763099640
3766727042
3771869895
3775502401
3781863466
3787015893
3792475665
3797938863
3803101564
3807356100
3812829690
3817394293
3823484185
3828359581
3834152648
3838728845
3843308310
3849723509
3854309022
3858591486
3863489232
3868083851
3874213779
3877894295
3883725174
3888945975
3894477463
3898475090
3902474823
3906169361
3910790708
3915415201
3921276864
3924363780
3929614963
3935487688
3940436490
3946317119
3950653037
3954371771
3959023210
3963677723
3969266841
3973927614
3978901878
3983568551
3987926919
3991976532
3996651975
4000394599
4005387981
4012258301
4016945842
4022574402
4027268175
4031651535
4037917615
4042307109
4047953607
4054232187
4058629695
4063972550
4069319199
4074039732
4078133471
4082859976
4086643666
4093269243
4097688899
4102427304
4107484876
4112861765
4117925681
4123626367
4129013520
4134087036
4139163948
4144561553
4150915841
4155684618
4159820085
4166185769
4170963150
4176381043
4181483075
4187226761
4192654988
4198725451
4203520864
4208959129
4215040798
4220485749
4224972699
4229783028
4234275436
4239413032
4245517903
4250018893
4255166057
4259994410
4265791918
4270303950
4276431571
4281272044
4286115757
4290315830
4295488740
4300988483
4304872991
4309083610
4314269328
4319133709
4325623493
4331468221
4337316651
4342843144
4347722401
4352930277
4359444409
4364984870
4370528867
4373465502
4378689862
4383916810
4388820573
4393072636
4398309198
4406169058
4411084679
4416986683
4421908042
4427489393
4431431419
4436361890
4440966350
4445573764
4451830227
4456443349
4462707484
4467656215
4472937675
4478882881
4482848687
4489462635
4494095097
4498730535
4505356523
4510660861
4515304611
4521278965
4526260576
4530912422
4536232268
4540557415
4545218171
4550547657
4556213816
4562216676
4568223554
4572230528
4577576326
4581922505
4586939764
4593968657
4597987753
4604354492
4608713271
4614081225
4618780865
4623819084
4629196864
4634241107
4640298473
4646359221
4652086528
4656131482
4662877412
4667264897
4673005608
4679087814
4683483479
4690925897
4696680276
4701422340
4705150237
4710236944
4714647737
4718042853
4724157199
4728235705
4734357249
4739461930
4744569599
4750020777
4756838825
4761273064
4767074983
4772197566
4777664596
4783135076
4788608786
4795112591
4800250148
4804705295
4809505669
4814652400
4821175315
4826671681
4831483405
4836985647
4841803279
4849033068
4852822545
4857992994
4864545981
4869377171
4872829967
4878703612
4885617624
4890805953
4895997510
4902923788
4908814119
4914361063
4918523893
4925466041
4930327887
4935540562
4940408456
4947018921
4951544018
4956768199
4964086400
4968619505
4973852974
4979438746
4985377365
4990969277
4995165791
5002513514
5007064771
5010917976
5016525786
5022838574
5028453082
5034421439
5041096296
5046368725
5051644550
5056922913
5062204260
5068898057
5075242727
5079827648
5085826759
5091476383
5095715969
5100664681
5107384786
5112693041
5119420614
5126506836
5131824207
5137854304
5143532890
5150279411
5154187924
5160942581
5166278198
5171616645
5176602305
5180877985
5186225670
5189435973
5195503506
5200503152
5206219956
5211582823
5219452221
5224104906
5228044071
5234493099
5240229063
5247044368
5253863631
5259250110
5265358133
5271469694
5276505584
5279384846
5284786523
5289830557
5294156533
5297042161
5303899222
5307509978
5314013180
5320881405
5326668911
5332459557
5338253155
5345499353
5350211694
5354564198
5360007979
5365817617
5371994028
5379264184
5384356182
5390542599
5395276112
5401105008
5406936830
5412771798
5418610366
5424086817
5429566166
5437607108
5443092761
5446751755
5453707820
5460301080
5466164872
5470932043
5477903188
5483776554
5490387718
5495165453
5502151722
5506934071
5513560039
5518716245
5524243892
5529405836
5533463537
5539738270
5544169754
5547864666
5552301160
5558589579
5564881226
5568213771
5575253024
5580442430
5584522043
5590088680
5597886037
5602344087
5606432666
5612755119
5618336592
5624293506
5628763108
5636217012
5642928902
5648898756
5655618220
5659726717
5664958419
5670193341
5677301238
5682915885
5686660873
5694155063
5700903433
5708030242
5715160681
5721919689
5728306698
5732817780
5739211355
5743350758
5748998479
5755778967
5762939676
5768219248
5774256308
5779919301
5785207209
5789741785
5795791489
5800709202
5807143815
5812824312
5818886760
5826089777
5831400351
5837472445
5843547605
5850385911
5854947359
5861792597
5866738928
5871307226
5877782457
5882736498
5889599978
5896085279
5902192559
5906775543
5911742638
5916712599
5922450366
5928956203
5935082399
5941978077
5946961048
5952330110
5959620333
5966146586
5972676335
5979209334
5985361402
5991131907
5996135414
6003452387
6009232136
6015785981
6020799996
6026974340
6033538145
6040491619
6046288908
6052475786
6057118820
6063699725
6068347279
6072997213
6079588200
6083855331
6090453384
6096277905
6101328396
6107159113
6112992632
6120385509
6125446420
6132457708
6138693150
6145711714
6152343683
6158588711
6165617305
6171478112
6177341653
6183990244
6191425269
6194948692
6201607495
6208269760
6214543408
6223566017
6229453632
6234166038
6242023824
6249885850
6255785301
6263262126
6270348742
6276257443
6281380710
6287295151
6292423730
6299133525
6305846822
6312958796
6318492852
6324425227
6329569192
6334319956
6340657568
6346998360
6352945909
6358499219
6364056155
6369615463
6376369494
6383127253
6388695341
6393868036
6400635451
6408203090
6415376054
6420558949
6426542392
6433726352
6438917167
6446108155
6453702564
6458901531
6464502897
6471307806
6475713169
6481723416
6486935121
6492550395
6498971185
6504190770
6508609411
6515441812
6521473141
6528714733
6535155067
6540390404
6546030770
6552480140
6558933030
6563775316
6569830701
6576293185
6583162940
6589631840
6596508225
6599341336
6604605123
6610276299
6616760797
6623654188
6631362523
6638262966
6643136216
6648824568
6656141960
6660615577
6665498265
6669976582
6678529725
6684642472
6691165752
6698507902
6703813195
6711162261
6717289390
6724645918
6730779463
6736506707
6743465032
6750017178
6755753152
6764361105
6769282399
6776667859
6782825190
6789807065
6794326848
6802137539
6807484380
6814480011
6822302274
6827656909
6836722983
6842907270
6847857478
6853222213
6858177039
6866025994
6870158604
6876361231
6881739520
6886706134
6893745617
6901617324
6907834747
6917372910
6924011376
6931483346
6936051601
6941868665
6950182409
6957252994
6961830147
6968074650
6976404324
6980154503
6985157193
6992248036
6998924826
7005604990
7012705963
7019392501
7026918287
7034447989
7038632929
7046169673
7054966564
7060415101
7065446595
7075095198
7080551329
7086429799
7091470923
7099877195
7106605321
7112074752
7117967224
7125547120
7130602894
7136081981
7144093968
7148734865
7155910474
7163511828
7169004535
7174499856
7181266106
7188881770
7196077569
7204123894
7210479655
7216414277
7224896265
7230836355
7237203994
7243149860
7250797766
7256749118
7263979275
7270361628
7274618582
7282284572
7287823929
7292939529
7298057459
7306591813
7312568591
7318547777
7325384525
7333506712
7338639352
7345914057
7353191700
7358331112
7365187254
7371189004
7376335468
7381913889
7389211918
7398661020
7405536298
7414564289
7420155320
7424888739
7430915825
7438668731
7447286745
7453753144
7461516512
7466694492
7473169787
7481375576
7490017446
7497366695
7505584272
7512075033
7517702964
7524632504
7533731801
7538933701
7546740221
7552380852
7558458234
7567144248
7574096222
7578877933
7589315367
7595842286
7602371787
7610646386
7618053169
7625027643
7631133037
7636804892
7643788886
7649902504
7656892964
7663012486
7669571949
7676134486
7681824513
7687517104
7691897914
7698910428
7705926314
7712506601
7720406945
7725676375
7730508782
7737980225
7746334688
7753373172
7759094571
7767460376
7774949179
7781119003
7788173441
7796554524
7801408747
7808031292
7814215060
7819959575
7828801477
7835878161
7842515834
7849599222
7857571422
7865990391
7873969565
7881952501
7889051881
7896598358
7904592292
7909923862
7918813782
7924594791
7933047664
7940169252
7944622202
7951304895
7957544793
7963341398
7969586932
7976727836
7982532265
7987445994
7993702584
8000409153
8006223698
8013383366
8019651248
8026369583
8034883700
8041160260
8043851340
8049684355
8057764451
8064501060
8073486882
8079779878
8087424783
8093723585
8101375246
8110381216
8118490200
8125250783
8135170291
8141034622
8147804217
8152770750
8161804702
8169487059
8175364246
8181243959
8187579245
8192558926
8197993602
8204337314
8212043403
8216125114
8223837773
8230646428
8237003706
8244726665
8250635186
8257000976
8264279498
8270195783
8278391071
8287956486
8294336272
8301630906
8308016180
8312579228
8321252793
8329016450
8334956121
8342726614
8351415443
8357362804
8364685796
8370180558
8377052093
8382551863
8388971089
8395851528
8404571035
8410998159
8419265709
8424320024
8430755456
8435814139
8443635898
8450080176
8455145591
8462516655
8471274102
8477729450
8485110266
8491571102
8496649403
8503115967
8509585513
8514670904
8523458345
8530861295
8537341847
8541046637
8550312459
8557264886
8564684086
8573034218
8580923913
8588352619
8595784665
8602755280
8612518199
8622285264
8629264803
8634385306
8640905220
8646961895
8654885434
8661413602
8667478243
8674012039
8679147914
8686154373
8692229224
8701111739
8710465441
8717951763
8727781926
8733401610
8740897834
8749802951
8757774052
8762934201
8771381597
8777015667
8784530941
8791579376
8798160852
8807096207
8816976638
8824507730
8832513165
8839108797
8845706863
8853250909
8861741335
8869291699
8877317574
8884874640
8890544772
8897635417
8903783060
8909933599
8917506369
8926502818
8932187190
8940717704
8948777395
8955892104
8963958781
8970604669
8978678066
8984854471
8993409921
9000542160
9010531883
9019573932
9027667365
9033859252
9041006649
9048633713
9055310265
9061035087
9067239978
9074402745
9080613014
9088259206
9095430895
9102126999
9111218138
9118877376
9128934131
9134204280
9142352185
9150503826
9155780809
9162979210
9172100793
9178825363
9188435447
9193242713
9199975447
9210559683
9216816634
9223076129
9230301562
9237529657
9244278819
9252477952
9260680331
9270334403
9277094815
9281925867
9290625131
9297877576
9306100579
9313358850
9321104560
9327884752
9334183099
9341453532
9344847945
9352124396
9357462791
9363774220
9369602504
9375433308
9383210938
9391964632
9399262225
9408509396
9415326112
9422632445
9429942070
9436766760
9446520758
9453351266
9460184580
9471415231
9477276943
9487539540
9493895261
9501720917
9508081842
9515913620
9523259205
9532077301
9539428656
9546782843
9556102668
9561991006
9570336623
9576229841
9585073261
9592937363
9601296306
9607690945
9614087674
9619503017
9626397737
9636251633
9640687730
9650549752
9659429026
9665844607
9672756375
9681152620
9688564069
9696967348
9703890468
9714773886
9720712718
9728634448
9737054771
9745973767
9756383580
9763822213
9769775337
9777219838
9784170746
9789634469
9797584855
9805538501
9812500689
9821953300
9829418777
9837883196
9843860462
9849840176
9858314653
9866792766
9873777544
9883260699
9890251037
9897244037
9907737412
9914236195
9922237979
9930743046
9938250425
9944759590
9953775700
9963296571
9970815750
9976833560
9983355497
9990883864
9998415167
10003438019
10010975514
10018515997
10024550595
10030084678
10039144080
10046193030
10053748495
10062818737
10070884475
10078953493
10085007639
10092073349
10101161729
10110758612
10119348745
10126931060
10136539015
10143115694
10148683033
10156783959
10165901217
10173501870
10181612394
10189726272
10195814208
10202919344
10210027240
10217645667
10224758883
10233399932
10241536166
10247131835
10256292235
10261892216
10269531677
10277683863
10286858409
10294506870
10303178471
10311343033
10318490093
10325129104
10331259740
10340459570
10349151511
10358870084
10365010412
10373200778
10378321570
10383444540
10392670020
10400873298
10409079744
10418828403
10427041357
10433716588
10442449675
10448616523
10457870019
10466613038
10473301559
10482566273
10490289466
10494925603
10502139943
10507295141
10516577761
10524316160
10532057969
10541351315
10550648267
10558915195
10568219497
10575976080
10585804667
10596672236
10603402053
10611170700
10619978649
10627234629
10635012044
10642792801
10650576038
10658362527
10667190730
10675502914
10683298507
10691097204
10697858331
10706703872
10713470225
10721801241
10729093955
10737952622
10746814967
10755680600
10764027992
10772378266
10780209837
10789088834
10795881213
10805289795
10813656051
10818886933
10824643214
10834066270
10842969177
10849779974
10857641593
10867078831
10873372873
10878095210
10890168189
10898044870
10906449900
10915383447
10923269050
10931683580
10940627377
10949048327
10956419327
10967479850
10975910424
10983289984
10991726846
10999111844
11005444162
11013890578
11021812137
11028151781
11034493403
11042952533
11050886014
11060409632
11068878426
11075232424
11083177685
11092186118
11099607484
11109683055
11117640738
11126662695
11134626126
11142061662
11150031169
11155346533
11161726701
11170768838
11179282608
11187267289
11195254538
11205908384
11212836087
11221365589
11230964955
11236300075
11242170840
11252315055
11261394452
11268874522
11275288488
11283308439
11290796867
11298288341
11306317942
11312208741
11321315634
11328818518
11336860009
11346513147
11356169911
11365830707
11375494953
11385699708
11392147320
11397522446
11405588253
11411505028
11420652857
11429265757
11438420528
11446501399
11453506906
11462132538
11471300517
11476695419
11485870222
11491808991
11499370845
11509096499
11516663795
11525314969
11531264624
11538298883
11547501002
11557248350
11565915782
11572960731
11584345026
11590310031
11600075285
11607130756
11615274501
11622878067
11634287174
11639722216
11650052481
11659298612
11668548253
11672902703
11678892044
11687607282
11696325614
11703956970
11709409758
11718137848
11726869070
11733965803
11743795505
11753082692
11758548016
11766748201
11773858058
11780423128
11790274770
11799034874
11808345613
11815468082
11822045248
11830818002
11840690966
11848921637
11857703791
11867587505
11874728258
11884069855
11893964375
11900563183
11909914974
11916518502
11924225376
11934137666
11944053858
11952320195
11960038381
11968862631
11977138296
11985416723
11994250093
12001429954
12009165032
12016903106
12024643560
12034599394
12040685491
12051755565
12061168410
12068923114
12077234661
12084440398
12091094332
12102188522
12111621623
12118837748
12127167225
12133277726
12139946160
12145505012
12153290170
12163859723
12171094336
12183898477
12194479502
12201721515
12208966518
12216771658
12225695064
12232389668
12240761189
12246902114
12258630567
12266452627
12273718466
12280427680
12289935513
12300006989
12308402502
12316800853
12328002973
12338087927
12347055875
12356587876
12365001271
12374540078
12381276010
12386891050
12391946585
12399251544
12405434647
12415556161
12425118516
12436935079
12445941831
12456077469
12461147258
12470726609
12474672542
12483694804
12492720466
12502877960
12510780506
12519250999
12527160053
12534506510
12545812734
12557123008
12563911410
12571268261
12579193749
12585422888
12595053279
12604687152
12612057087
12619996437
12625669601
12633046852
12642697649
12652919965
12662577976
12670534094
12676787495
12684749141
12693282786
12703526502
12710926917
12718899863
12729154439
12738842360
12750814289
12756517433
12768497732
12777628642
12787333885
12795329193
12804469935
12810185001
12819904092
12828482311
12837635821
12846220364
12857098001
12866260935
12877145784
12884023148
12891476239
12901225670
12908684051
12918440248
12927051855
12934517796
12941986203
12951755980
12958654810
12967281301
12975335147
12985118748
12994329926
13002968467
13012185941
13020830242
13030630751
13043318211
13047933599
13057744292
13066404113
13075644285
13082576617
13092400890
13099338050
13108012539
13119004056
13127684499
13136367776
13143896089
13150847603
13162437755
13172292506
13180991085
13187372238
13196657120
13203042663
13214075974
13223370330
13232668206
13242550381
13251854415
13260580054
13269308515
13278040008
13285027286
13293182112
13303670958
13311831642
13320578165
13329910893
13339246603
13349169368
13357344022
13364353090
13371949285
13379547870
13390072444
13399431092
13409962598
13417571627
13426354366
13436311457
13446857585
13455649078
13463271125
13472655121
13481455388
13493193296
13504348227
13511983094
13523145599
13534311842
13544306383
13554892301
13562540384
13570190813
13579021258
13587265872
13594924393
13603763648
13611427165
13619682975
13627351486
13636202959
13646828487
13652733663
13661003383
13669275927
13678142596
13684646981
13692927835
13702395013
13708905822
13717195172
13728449153
13737336816
13747412529
13756306194
13765795808
13776474958
13787157898
13794875763
13802002797
13810320465
13819829223
13830530135
13838855961
13848374433
13860276441
13872182399
13879328573
13884689814
13894224370
13903761776
13913302380
13921057219
13930007704
13941348765
13947319727
13956279264
13967631825
13976597298
13984967670
13994537538
14001119087
14008300867
14018478844
14028061510
14035250622
14044839640
14053232624
14062827678
14071826345
14077827233
14089833017
14098840150
14106649037
14117465323
14125880637
14137305126
14143921565
14151142015
14161374006
14171609715
14182451009
14191488430
14201734297
14211380773
14219221016
14225857171
14234909716
14244569068
14257250855
14263291529
14273564786
14280818776
14291098557
14301381600
14310458091
14318932191
14329225836
14335888255
14346188630
14355885942
14363161554
14372259257
14380146354
14389856762
14403212910
14412929720
14419004698
14426297042
14437239306
14445752830
14455485998
14464613335
14473743784
14484704100
14493231734
14504808453
14515169994
14524315269
14533463864
14538955061
14546278497
14556046513
14566428514
14578035279
14586590557
14593314804
14603098762
14609215628
14621453696
14633695646
14643492606
14649005067
14658195568
14668001718
14677198425
14687010997
14698053903
14706645483
14716467841
14725679652
14731822716
14739196740
14752105187
14760098874
14767480038
14776094338
14787173034
14798255934
14806262567
14816736440
14827829766
14839543291
14849411005
14858664696
14869155427
14879649598
14888911893
14900030739
14908681251
14915480320
14925373148
14935269362
14940837539
14950121072
14960645683
14969935260
14975511105
14985426207
14995344485
15002785799
15013951231
15023879153
15033810309
15043123772
15051197679
15061138491
15067974768
15079165280
15086628144
15098448163
15107160549
15115253272
15125216206
15132691176
15138921734
15150141266
15156999595
15168849768
15179456251
15188817768
15198806282
15209422791
15220042880
15228166525
15237543264
15246297480
15253178065
15261937539
15271326028
15279465461
15288233803
15293872580
15307033093
15315182896
15325216630
15334626277
15340901361
15352200007
15359107026
15368528509
15378581295
15385494830
15394925749
15403730341
15411279297
15418831013
15428273440
15438978293
15450946378
15460398113
15466701151
15476159010
15483727364
15493190727
15501395236
15510864819
15523494991
15532338809
15544344926
15553194360
15567105140
15574062733
15583553066
15593046689
15600643859
15609510079
15619645961
15629151770
15637392595
15647538443
15658955741
15668473488
15679263343
15689421641
15695772511
15709113948
15718646335
15726274587
15738992593
15747261768
15757442370
15766353296
15775903919
15785457400
15793102678
15803936819
15814136705
15826253048
15832631840
15841565398
15847948388
15855610310
15861997116
15870302941
15879250383
15888200601
15897793402
15908028394
15916347211
15927868789
15937472928
15945158950
15954769383
15965664948
15973358266
15981053676
15991958971
15999017798
16011213499
16020845182
16027910181
16036905135
16044617839
16054904353
16065193767
16070983290
16081279186
16090934487
16099949239
16112831439
16122496096
16134097306
16145057393
16155375713
16166342104
16172150083
16184414646
16194745778
16203788258
16214772259
16223174142
16232225078
16239338603
16251629804
16261336209
16271693129
16282053173
16293711789
16302782271
16314447987
16326765766
16330656638
16340386781
16350120372
16360505866
16368297496
16380637901
16394281740
16404679972
16411180968
16418984576
16428742327
16433947855
16444362065
16455430942
16465200273
16472366568
16481490378
16492572227
16499745208
16512791190
16523883797
16535632245
16548037600
16553915607
16561754981
16570904239
16582670825
16593133381
16604907141
16614067197
16623884836
16635014745
16644183143
16653354123
16666460077
16676292962
16684161104
16692031890
16699249065
16710406318
16718940859
16730104834
16738644673
16749158275
16757045941
16768880901
16776773191
16784668057
16795197841
16806389004
16815608056
16824170775
16836689974
16845917430
16853169649
16863721743
16874936364
16884834923
16897376826
16907941766
16917849589
16929081492
16939655732
16950894425
16959491208
16967429056
16975369220
16985959810
16994566943
17005163679
17015101186
17025041785
17034985386
17044268690
17053554708
17065498296
17073462690
17086077145
17097366998
17105338674
17116635409
17130594044
17137243172
17149214822
17161189986
17170507200
17179827026
17188483741
17200473495
17205803689
17216467503
17227801350
17237137928
17245143128
17254485392
17266500352
17275848150
17286534436
17295219599
17300565599
17309924915
17319955318
17330657722
17340025202
17349395638
17357429270
17368813961
17380202290
17389583678
17400978673
17411706861
17421096621
17430489243
17440555618
17451296320
17460697246
17470101060
17481523691
17494293740
17505050412
17511775594
17520520943
17532633033
17542729616
17554175763
17566972006
17576403628
17584490410
17593928032
17603368234
17610113162
17622932749
17633730991
17645208114
17653986869
17664794955
17672903187
17684393374
17694534499
17705355303
17712796678
17721593901
17734455368
17743934626
17752739481
17762224513
17771034708
17777135865
17785951342
17795447398
17809017292
17822591286
17832774753
17842282261
17853151049
17863343298
17874218528
17889176422
17898697836
17910943242
17922511637
17929999258
17940212797
17951110147
17960648269
17972233484
17982458925
17993369495
18001554577
18013153494
18023390667
18033631320
18038411645
18046608697
18056174959
18067110735
18078733858
18091727607
18100620912
18110201152
18121837693
18132793291
18141012157
18153343785
18162938247
18172535155
18184877705
18191736961
18205458731
18213694355
18222618728
18231546045
18242536669
18256278399
18266588198
18279650515
18289966136
18298908735
18309230072
18318866296
18328505104
18341590529
18349857531
18359504759
18371912183
18380875838
18389842057
18404329916
18411921155
18419514566
18430562410
18438160057
18445759868
18457508965
18466496104
18474794268
18487245062
18500391231
18510080595
18522542225
18534314512
18545397884
18553712890
18564109501
18571042723
18581444960
18596012675
18604339339
18612668403
18627248972
18639055709
18647392171
18657121011
18667547254
18680062744
18690495371
18701626489
18710672962
18719026066
18729470747
18739221541
18750368543
18761518733
18773369218
18784526202
18795686192
18806849296
18816620232
18823601038
18834773940
18846648401
18852936782
18859925794
18871810607
18882999383
18894890842
18903987107
18910286312
18920087648
18933393407
18943200651
18951609047
18962823305
18970535296
18981054843
18994383150
19006311857
19012629000
19023160671
19035802187
19049149732
19058987504
19069530665
19077967961
19090627175
19099069043
19109624558
19119479208
19132856995
19144125651
19156102342
19168082475
19180770541
19194872683
19201220250
19209685904
19218154560
19228742961
19242158674
19253459274
19261937186
19275364521
19286674979
19297281648
19304354652
19312844550
19324875503
19339033539
19353195307
19364528137
19375864367
19381533799
19393585310
19400676488
19411315737
19421958028
19434732592
19448220647
19454611288
19467396900
19479475591
19488714414
19503643429
19515020997
19522845348
19533517959
19544905215
19557719413
19566976894
19574812189
19586924446
19596189307
19609021485
19619718400
19632557964
19642547002
19649683988
19661106326
19669675710
19676104375
19686822124
19695398732
19708266820
19719708616
19730438089
19741170610
19751190278
19767655923
19775533134
19782696352
19794876773
19806343983
19817097498
19827854113
19835027163
19847224780
19854401716
19863734303
19873069766
19883126416
19893185226
19901809482
19911873962
19924817998
19933449556
19942803257
19955038340
19965116922
19975918517
19988883869
19996809214
20009061151
20021316754
20035738918
20050886229
20058101481
20068205133
20076868167
20088421767
20101423341
20111538343
20120210851
20129608590
20144793855
20156366551
20169389425
20178073869
20191828006
20200517118
20208484291
20222974363
20236018899
20246167539
20256319041
20267924209
20276630301
20284612946
20296227446
20309297394
20318013352
20328184316
20340537933
20351441486
20362347891
20374711800
20384169255
20396540372
20406002955
20414011942
20423479815
20433678935
20444609432
20461373997
20470123281
20480333611
20492735310
20505869796
20516088664
20524119723
20532153106
20542380380
20554071796
20566497017
20575270355
20588433471
20597211741
20608918889
20622092845
20633074580
20644790946
20652848347
20663106145
20674099592
20685096341
20698296167
20707098119
20714435207
20729113089
20739390601
20748936308
20760687996
20770973788
20783466873
20797433962
20809934191
20820966356
20830530447
20841569008
20854082493
20865127304
20872491894
20880595625
20892386135
20904179721
20914501755
20927776897
20938842476
20949910849
20959506160
20970580787
20981658238
20989784191
21001606571
21015649528
21031175317
21040049349
21051884483
21061503172
21073344838
21082228612
21093336333
21102965258
21111115263
21125195976
21132608942
21145955846
21154114543
21165984721
21175632048
21188993168
21199388398
21210528933
21220186984
21232820065
21243226063
21249917684
21258842208
21270000589
21278185824
21288606166
21296795615
21307966060
21317649579
21328080859
21339260484
21345224692
21357901501
21367598490
21381028512
21391476440
21402673933
21412381430
21424331912
21431803000
21441517885
21455720336
21463945033
21477407035
21485636042
21497608750
21507339375
21520067068
21534295783
21546281627
21557521076
21567264191
21576260763
21588259025
21601011022
21607763533
21617519890
21629531248
21639292789
21653563932
21667838725
21676105150
21691139066
21703169510
21714451171
21725735416
21736270392
21746055487
21758101549
21769398078
21776178017
21787480472
21801800735
21811601392
21825929243
21841015219
21851578293
21860634815
21874223475
21884039768
21897635310
21908967893
21918792238
21927107039
21937692649
21946768107
21956602484
21968709492
21977035391
21984606459
21996723267
22008843155
22018693306
22028546011
22039159407
22052808635
22064186218
22077084321
22088467918
22100613582
22109725324
22123396618
22137830851
22146949835
22158351612
22169755853
22183444849
22192573095
22205508420
22216163876
22230628695
22245097092
22255760756
22266427356
22274810021
22287006883
22298444634
22306071792
22318278170
22329724431
22339647330
22353390236
22364845559
22378595727
22390821047
22402285610
22411459864
22420636114
22433639623
22447411501
22461951964
22472669002
22482623105
22496409329
22507134815
22522460911
22533958438
22543158882
22556196049
22566168370
22576910780
22587656036
22599171525
22608385993
22622212141
22635273512
22646032264
22657562765
22667558438
22679094707
22689864725
22703715857
22714491831
22724500918
22738362784
22747606242
22761475506
22770723862
22783829037
22795395262
22805421979
22819308779
22830884012
22841690786
22852500134
22864084895
22874127414
22884945092
22895765804
22906588896
22918188313
22929790944
22940622618
22954552794
22968486732
22977778132
22987846887
23000242261
23010315738
23022717422
23032021184
23039776164
23052187132
23062273821
23074691579
23084006903
23097207494
23104197857
23116628157
23131393332
23143052915
23153937757
23165603278
23175715937
23188165453
23200618257
23213852910
23227091033
23238774622
23249681910
23259812899
23270726439
23283981478
23294120343
23304261752
23315186148
23322991074
23333920644
23348757493
23361254993
23376099886
23388603800
23398765671
23412840081
23427700064
23439434701
23447259633
23457434752
23466046885
23479359686
23490326006
23500511645
23520104656
23524807918
23535785438
23549902868
23564808309
23574224741
23583643543
23594634943
23611126152
23623694348
23633908521
23644124978
23656702440
23666137960
23675575886
23685802841
23699180196
23710199556
23719647078
23733034447
23745637789
23756668341
23770065968
23785044115
23796871626
23805547273
23819747587
23832373097
23841055628
23852108806
23863954195
23873433069
23885284468
23897139005
23909786937
23922438075
23935092545
23946167691
23958828353
23969909393
23977826487
23991288774
24003962216
24019015867
24030111081
24045964881
24056272938
24064997359
24074517043
24085626187
24100706508
24112615195
24129291278
24139617031
24153918251
24162659946
24170609170
24183330696
24194464590
24205601706
24221515858
24233454553
24244600247
24256545068
24268492829
24280443546
24294787622
24307540782
24317905867
24331463936
24341833995
24352206774
24367371027
24377748836
24388927740
24401707084
24408897269
24417687204
24428877406
24440070296
24453664907
24465663438
24478465074
24490469367
24507280044
24522493311
24533706209
24545722538
24555338270
24566559144
24576981013
24586603683
24601843830
24609064587
24619497242
24633946066
24642778051
24651612088
24663661693
24675714070
24686161875
24698220484
24711890233
24723150467
24735218198
24746483878
24760972044
24775463686
24790764333
24804457948
24813320859
24824603245
24838306576
24852013765
24860885404
24868952560
24879442303
24891549016
24901236458
24914963621
24925463704
24935966535
24944855736
24958597073
24969107648
24983664340
24991753636
25002272065
25016839341
25030600738
25041936906
25054895048
25066236416
25080822084
25097842585
25105949725
25118113394
25129469180
25140015961
25150565412
25165987765
25176542762
25187912302
25203346203
25214721219
25226098879
25232602053
25245611501
25260250687
25270826172
25279776771
25291171293
25307453037
25318853353
25329441892
25342477108
25354700595
25363666762
25374265545
25388944409
25398732439
25410970904
25424028660
25435456584
25446887790
25455871605
25472209331
25486917171
25497542086
25506534459
25520435652
25533522034
25543339288
25558887309
25566253876
25573621965
25584267680
25596554077
25609662887
25626052519
25641626880
25652285583
25662126919
25677712464
25688378821
25703972084
25713823164
25728602872
25737637153
25749137933
25758176586
25772970446
25786124140
25802570302
25814085758
25829717221
25842060596
25851937752
25865110414
25876639466
25894761008
25906295732
25918657355
25926076014
25938443287
25951638553
25964837047
25978863588
25993719052
26006926998
26020138196
26031701030
26044092549
26057313699
26067231799
26082938966
26096169450
26105267423
26115194953
26127607464
26137540020
26153269881
26166519269
26174802455
26183087459
26196346667
26210437750
26222874365
26231996410
26240291428
26254396113
26266844426
26277635833
26291751200
26307530835
26316668616
26329962876
26341598242
26351573884
26365709445
26383175090
26395653365
26407302973
26419787796
26431442692
26449761880
26463921355
26474751756
26485584707
26497253769
26508091922
26520600339
26531443772
26540620943
26551469664
26564824774
26576513476
26585699297
26597393525
26608254880
26620790117
26637508203
26649214061
26661758530
26670960047
26685183918
26696900274
26708619596
26718667378
26728717164
26741282519
26750499398
26765585212
26774806907
26789061442
26802480550
26817581000
26824293656
26835204451
26848636269
26861231412
26875509719
26887271447
26898195228
26908281272
26920051084
26934346427
26946962752
26963788474
26972203494
26981462107
26992406848
27008406783
27023568459
27039575836
27048845625
27062332227
27072449651
27086785952
27098595076
27111250681
27119689361
27135727526
27145014685
27161904267
27176263880
27185557783
27198234246
27212604323
27220213778
27230362272
27244742837
27253203987
27265898692
27277749382
27287909948
27303154496
27318402298
27331958988
27342976685
27355692048
27368410841
27376891935
27388768081
27402344237
27416772280
27432052390
27443939906
27455829970
27466873751
27477920054
27489818806
27504270373
27520426090
27530631804
27539138700
27549349478
27562967084
27579141793
27591062711
27602986313
27614912479
27628546387
27639626150
27650708865
27663499434
27677998569
27689088810
27697621744
27708717257
27720669279
27734331531
27748851108
27759957263
27773629077
27781321234
27794999800
27805261156
27819801323
27829211568
27845469851
27857452615
27871150387
27883995054
27897698984
27910549705
27924260031
27937116150
27949975509
27962838032
27974845828
27989430185
27999727335
28013459847
28023761829
28034925102
28048667536
28059835629
28072725158
28083039220
28096794164
28109692655
28121733681
28137219599
28150127290
28161316481
28175951786
28192312513
28200064334
28212125646
28224189568
28239703776
28254359627
28271605517
28287130517
28298345640
28311289427
28321646707
28330279819
28338051546
28349279735
28363101853
28381247742
28395076406
28408043937
28420149625
28432258349
28444369523
28461675315
28472061427
28487644089
28501498171
28516221612
28525750939
28534415825
28548283011
28560419611
28573425866
28588169781
28603784713
28617667785
28628082429
28641972107
28655865085
28668892626
28681923341
28697563665
28708861896
28723640045
28738421686
28747988631
28761037054
28775828795
28788012797
28801940605
28813259578
28829806687
28839388764
28848101674
28857688383
28869020302
28880355153
28896925188
28912626644
28925714021
28939677111
28946660549
28958010756
28967617037
28982466270
28997319187
29003436758
29015674066
29029662912
29041031405
29056776089
29069024431
29077775381
29097031877
29111039871
29128553843
29139064713
29156586669
29169731154
29179372713
29195153407
29204799108
29217078608
29231993001
29240767961
29249544715
29263590899
29281153103
29290814352
29303113380
29318930004
29332113429
29346179065
29359368576
29369043101
29386636829
29398075552
29413036935
29426241318
29440329460
29453540065
29468515282
29483494085
29495832293
29509936147
29518753081
29529336025
29544331756
29555801735
29569039464
29580514607
29592875331
29604355708
29620254916
29632623674
29647646589
29657369762
29669747146
29684780153
29698047658
29706010027
29718398713
29730790259
29744955069
29757351977
29767980481
29786584482
29800762120
29812284185
29828241139
29840654965
29853958878
29865491363
29876139017
29889451620
29904542197
29916972757
29930294252
29943618825
29956057427
29972054249
29985387992
29996946037
30012064312
30021848799
30032525211
30045873874
30059225341
30068128309
30078814247
30089502739
30106429782
30118905116
30130492241
30147431000
30161698138
30177752218
30191133767
30202733622
30215228726
30228619245
30239334153
30255409809
30268809338
30280424601
30291148935
30303663575
30317969467
30333172096
30348378371
30361798980
30369853181
30383279592
30400290335
30411036369
30428950465
30441492893
30452246077
30463898152
30479138799
30489002436
30498868413
30513221859
30526681260
30542836442
30555404094
30566178870
30581446733
30595819143
30610194903
30622776617
30634462218
30646150877
30655143621
30665037806
30677633688
30689332265
30703733899
30715437678
30729846178
30744257494
30755969281
30770386987
30782103666
30798330368
30809150872
30821777624
30833504761
30845234684
30859674842
30873215497
30884953342
30895790622
30907533657
30920182407
30931930418
30941873269
30956338869
30968094632
30979853307
30999756657
31015139896
31029621806
31041390463
31052256529
31067653296
31078524112
31091209370
31107522854
31121120201
31137440809
31151044154
31163743698
31181889762
31195502309
31209117880
31223644234
31236357732
31247257406
31265427612
31279058057
31295417903
31309963211
31328149181
31340882133
31355437465
31369995683
31384557413
31393660075
31403675538
31418246690
31426444685
31443755608
31460158874
31470185331
31484772597
31500274782
31512132025
31523991910
31541329157
31548630943
31565063153
31575107152
31585153549
31597028960
31605252417
31614391527
31622618452
31638161615
31653708396
31666514294
31681152374
31695794028
31708608070
31718678803
31734245548
31745236556
31761726594
31773638437
31788302265
31798385886
31811222560
31826813271
31840572542
31852500181
31869936590
31883704803
31899312766
31914005768
31925946343
31939727046
31952591730
31967297248
31980167444
31991201270
32003157495
32017875927
32027997078
32044562350
32056528513
32071259929
32084152577
32099811360
32110866792
32122846255
32138515110
32150499781
32164330852
32180932174
32192924625
32208610068
32216916103
32231685817
32245535336
32264005506
32275089836
32291720336
32307429903
32317597436
32331464593
32349958759
32361982266
32382334550
32396214273
32409171373
32422130981
32436019706
32450837466
32463805814
32477703435
32491603890
32504580526
32517559934
32527760327
32538890421
32552805938
32563012569
32576934202
32589002047
32602000825
32616859913
32628006479
32646588165
32660527738
32674470387
32689345421
32702363909
32718175968
32729339542
32742366718
32754465827
32766567542
32779603246
32790778838
32801957106
32815001226
32830843629
32842960960
32856012738
32875595393
32885855076
32901714487
32911978494
32925977863
32936246156
32949317892
32965194113
32981073540
32993219457
33010040589
33024061142
33040889384
33054915969
33067075048
33080172164
33095143326
33104502100
33115735514
33128843566
33144764041
33159751429
33170994277
33183176380
33193486555
33205674162
33221614849
33237558946
33252568144
33269457568
33280719728
33288229194
33305129436
33318276940
33331427372
33341761747
33356797119
33369015918
33381237121
33397222146
33410389248
33423559216
33438613516
33452729967
33466849188
33485679210
33500746380
33512991335
33529949039
33541256573
33554451631
33566706772
33580850089
33596882624
33612918797
33625184228
33640283762
33652554197
33665771663
33678047788
33695048934
33708274666
33721503230
33729064022
33743243785
33754589799
33767829585
33783909796
33798101241
33809456973
33821761390
33835015258
33852059574
33860583653
33872898932
33885216055
33901326910
33914597364
33930714971
33941146360
33957270621
33965809204
33978145067
33991432263
34001874454
34016116737
34033211027
34049359802
34061710973
34075965254
34091173088
34107334915
34121598280
34138717784
34151084909
34165357412
34176777762
34188200602
34204386449
34218670930
34231053609
34244391431
34262496584
34274886923
34285373196
34299675785
34312073932
34324474855
34336878092
34354055282
34365509228
34377920227
34394153602
34407525082
34423765103
34434275336
34448610849
34466773140
34476334140
34491635296
34499287296
34507897667
34522251298
34538522079
34549052246
34562457188
34574907201
34588317827
34602689240
34618980815
34633358456
34645821429
34662122650
34671713872
34688981276
34700495312
34712971355
34728329603
34743691269
34756175316
34767701592
34780190509
34793643245
34815748736
34827284414
34839783879
34861902816
34878255111
34890762280
34899422833
34915785156
34933113638
34946594248
34959114747
34976454165
34985125580
35004399632
35017894006
35028498965
35046820458
35061288147
35073829420
35089267954
35105675133
35117258675
35131740760
35146226179
35156851208
35167478357
35186804337
35201301614
35211935003
35227405521
35235142203
35249651900
35262229279
35275777239
35291263591
35307721248
35324182375
35339678361
35349365293
35363898582
35377465990
35389097570
35406548336
35421094079
35434672613
35446313527
35461837813
35475424681
35489014683
35508432837
35525912631
35541453599
35556997583
35568658099
35584208693
35601706533
35616290994
35630878277
35643523234
35656170939
35671740317
35684393420
35697048931
35707759860
35717498552
35735032532
35746724144
35768163090
35778884949
35800332853
35813984427
35827638765
35841295775
35853004049
35868618295
35882283733
35893022918
35909623243
35922320092
35933065977
35944791225
35958473299
35970203245
35980957880
35991714455
36012254090
36028884977
36042583773
36057264280
36069989933
36084676416
36102303726
36115037201
36121895260
36133654014
36147375658
36157178760
36173847349
36184635044
36199348393
36216027018
36230746551
36246450553
36259212558
36272959186
36288672930
36303407475
36312250182
36326990693
36341734014
36355497896
36369264078
36386967014
36396804338
36410578730
36423371953
36440105494
36455857392
36466689087
36479492722
36493283936
36506092875
36522846216
36538617430
36554392266
36569184135
36580033278
36598777097
36612591003
36629368338
36646148929
36657009220
36669846981
36677748617
36691579385
36705412639
36720236866
36736053018
36749894868
36761761620
36771652556
36786492177
36799355612
36814201255
36833009474
36844890624
36865687349
36878564218
36889462085
36903334819
36920183340
36932078852
36945959768
36961826646
36981665056
36993570258
37007462506
37019372414
37030291875
37046178063
37059088326
37073987517
37086902778
37097833523
37113735935
37128647514
37146545036
37159473673
37173399447
37191307507
37201258447
37218178908
37233111755
37247051479
37259998436
37275936268
37288888017
37301842478
37313802564
37328755875
37350691825
37368643211
37381610920
37397574132
37411544766
37425518048
37439494152
37452474473
37467454820
37485435070
37499422394
37512413323
37524407371
37538403025
37550402023
37566403929
37582408783
37596415661
37611425980
37625438714
37643458524
37659479628
37675503706
37687524052
37702552575
37717584164
37732618723
37750663685
37766707151
37783756214
37798802589
37814855715
37824890613
37842957185
37856007850
37869061091
37881112563
37896180000
37911250707
37919290219
37935371563
37953466777
37969554649
37981622751
37992687726
38010797804
38032936420
38047027562
38060114759
38075218492
38089317926
38102412893
38116517835
38134656701
38151790794
38165904126
38181028449
38200189704
38212294100
38231463183
38245590907
38264767714
38277891137
38292026627
38307175234
38317276252
38327379164
38342536371
38359718632
38373871318
38389037687
38406229862
38417356661
38433543971
38444675054
38460868634
38478077635
38498327577
38517568804
38528710827
38537828518
38551001199
38564176716
38581409505
38596617662
38613857743
38630086861
38641246546
38655452450
38668646069
38686917821
38695040423
38715350197
38728554244
38743792619
38761066066
38775294118
38789525254
38802742499
38816979185
38833252843
38851564621
38861739581
38878022665
38890237325
38899400026
38912637553
38924859335
38942177210
38961536469
38973765689
38990074527
39006386261
39024740919
39036979345
39055340667
39068604640
39083912025
39096160557
39117599726
39133937358
39154363494
39166621324
39180925256
39193187940
39209541630
39223853872
39238168898
39252486592
39266807176
39281130592
39301596548
39314902021
39325139039
39338449832
39351763251
39366103773
39380446899
39393768066
39410166738
39427593443
39445023380
39461431194
39475790864
39490153242
39505544749
39519912923
39537363428
39548657335
39565087693
39580494250
39592821678
39609261604
39626732971
39633928326
39654490076
39670942628
39683284852
39695629356
39710034056
39724441638
39739881265
39759441854
39770768407
39787246771
39803728001
39816091453
39829487808
39843917786
39860412034
39871754139
39883098522
39900633831
39915077569
39924364542
39934685556
39951202596
39965657472
39984245964
39998706312
40015235652
40032802191
40050371452
40066910730
40076215583
40091727176
40110344438
40125862197
40138278695
40156906849
40168293032
40182787272
40201426132
40215925848
40225249167
40240790514
40263589128
40273954182
40291578263
40306095057
40316465999
40329950780
40345513173
40359003320
40373533866
40389105145
40405717667
40419218238
40435837098
40446225820
40463890213
40475322644
40487796474
40500272824
40512751712
40533553928
40543957046
40558524026
40573094144
40592871005
40607446709
40625148540
40640771209
40654313370
40669941797
40687657552
40703292169
40715802341
40730399985
40742914719
40757518335
40771081072
40787777494
40802389480
40819091748
40835797640
40854595178
40868173707
40884889131
40899517479
40918329307
40932963621
40949691641
40963285586
40974790473
40988389854
41003038208
41015596438
41028156846
41042813518
41060614439
41078418700
41092036393
41108799701
41124518396
41139191558
41152819547
41164353298
41180083707
41193719230
41214701336
41225194122
41243035605
41257731207
41276629127
41290280452
41304984650
41317590460
41329148417
41341759233
41358576683
41369089817
41384862318
41401689322
41418519812
41431145048
41445876974
41462716988
41474296793
41489037207
41503780641
41515366928
41536437122
41548028025
41559620992
41575432407
41595464164
41610227190
41623937997
41636596727
41650313144
41665087506
41679864408
41691477067
41710483151
41727380673
41745337824
41761185521
41774922572
41787605320
41802404586
41816149561
41827782128
41843647275
41857400096
41874329600
41891262502
41906081666
41926197153
41937844838
41955849427
41970679295
41985512187
42001407790
42013066535
42027907737
42049113841
42067142344
42077749582
42087298007
42101092500
42115950812
42129750449
42148861045
42163727607
42172224319
42183909692
42196659642
42210474899
42226418574
42244491209
42257250747
42275330180
42292349242
42315755176
42329588741
42345553336
42360456282
42374297491
42389206323
42406247503
42420096372
42432882474
42447802316
42464856488
42476583539
42494710722
42508575185
42522442294
42538445939
42552318108
42567260388
42584340594
42602491721
42616374470
42628123565
42648421108
42663379940
42680479128
42694374601
42710411102
42723242500
42745702311
42758538533
42775656983
42790638257
42810973770
42831313243
42840949656
42854871329
42869866999
42888079096
42905222974
42919155039
42935233512
42945954778
42959894905
42970619637
42980273804
43003877592
43017828107
43036074164
43051103404
43063987842
43077948415
43092985591
43109100278
43120919769
43138114797
43158538162
43178965185
43194019397
43211227207
43233816760
43242423858
43263945666
43277937589
43295161387
43309158452
43323157933
43335006060
43349010949
43360863432
43378106908
43393197464
43411525199
43422308459
43433093251
43447116528
43464378878
43483802464
43501071408
43515104885
43532380013
43551818389
43569099857
43587464792
43604752630
43620963459
43640419463
43655554873
43672855485
43682588790
43704223230
43717206032
43736684120
43751836594
43765909385
43781067081
43790813486
43807059973
43825476284
43839561671
43852566027
43869908251
43884001408
43898097261
43913280041
43932804575
43946908388
43965355107
43975123012
43987063241
44002263003
44018551246
44035929244
44055482796
44069607283
44084820917
44100037543
44110908403
44125043412
44141355883
44158759337
44176165727
44189222709
44203370560
44220786276
44241471261
44256715995
44268696184
44279589100
44294841826
44307918210
44317727439
44332988829
44346072277
44362429600
44376608943
44398427061
44419157864
44439892603
44456265068
44472640317
44484651028
44503216763
44522878469
44534895858
44546915447
44567680556
44584077123
44601569883
44617972490
44637659174
44656255819
44673761409
44684704451
44705499820
44723014852
44742723002
44754769015
44769007502
44789821831
44805161963
44821600338
44834753674
44849005891
44865453484
44878613862
44896164216
44912620635
44926885474
44943347891
44958715753
44975184160
44989459573
45003737412
45018017725
45032300732
45041091918
45056479522
45071869872
45092760307
45112555063
45125753695
45145555459
45162059986
45178567523
45189574669
45206087890
45217099172
45231416223
45252344584
45268870085
45284296625
45300828198
45317362571
45335002491
45349337690
45370292885
45386839382
45400078858
45416631641
45430979478
45445330249
45459683728
45477352430
45492815384
45514909842
45530378264
45544744627
45562429267
45577906543
45596702888
45614397260
45627670790
45643158616
45663075354
45678569286
45697386611
45711778906
45721744691
45742787236
45757187895
45771590418
45788211807
45805944505
45827006138
45849180216
45863595975
45875796312
45893545246
45907968645
45922394782
45939043063
45953474104
45969018354
45987896903
46001225283
46023443557
46042332134
46059001711
46075674262
46093461590
46105692573
46126822484
46143507325
46161307735
46179111021
46195804602
46214727611
46225860655
46241449633
46255928078
46271522918
46282663736
46299378123
46316095802
46331701454
46351769566
46364035499
46381880285
46404190475
46420926174
46434317006
46444361991
46459990077
46476737552
46489020995
46503540614
46522531051
46537055946
46552700918
46572819508
46591823755
46610831190
46624250826
46637672926
46651097638
46672356599
46683547507
46696979175
46707054802
46723850213
46737288749
46750729947
46768654807
46788824105
46811238281
46829172629
46847110137
46866172408
46877387352
46888604172
46902066898
46920020546
46933488180
46949203152
46962675514
46973904590
46982889542
47001985699
47021085312
47039064314
47058170827
47071660071
47088524388
47103142933
47118888755
47133512418
47150388947
47167268394
47186401909
47198784790
47215673327
47223555942
47242703223
47260727383
47276501275
47291150888
47308057493
47329476294
47346388809
47358793284
47376839566
47388120666
47407301711
47424229486
47449060932
47465994653
47480673012
47495353871
47513425827
47530371456
47545060015
47558620987
47574445149
47590271997
47607232342
47624195703
47641162330
47659263164
47675103906
47693211300
47713585488
47724906500
47735097179
47756614602
47775870301
47793997109
47810993844
47826860034
47841595747
47857467255
47877877325
47897157276
47908500260
47926652174
47942537856
47958426476
47977723001
47994752216
48007242369
48022006292
48043588377
48059493831
48077674725
48091312765
48108362892
48126553266
48140198516
48153845780
48168633173
48183423182
48205043173
48217562384
48226668990
48243746303
48263104400
48280188179
48293857403
48310946886
48329178974
48341715811
48359954123
48372495594
48389600195
48405567143
48418114720
48436369290
48455767573
48478593473
48493433062
48503708285
48519694833
48535684107
48553960905
48568813656
48581383635
48599669939
48619102450
48633965195
48647687341
48660267918
48673994588
48690012016
48710609502
48726632492
48742658112
48760976682
48777008164
48797623802
48809078790
48825118712
48837723461
48849184387
48861793764
48878991205
48899632559
48917982793
48937483604
48955840198
48976495110
48990267414
49004042392
49015523408
49030451381
49043085110
49061464360
49078698271
49093636658
49107428050
49128119096
49143065037
49161463647
49178715358
49192518790
49208625586
49231639618
49250054038
49267320591
49286892658
49304165029
49322591991
49336415059
49354848817
49367524412
49376744410
49398645847
49411327986
49432083802
49450536332
49468992420
49485144350
49494375486
49509378765
49529001670
49547473802
49560175461
49575189202
49591360504
49605223970
49619089728
49637580200
49661854271
49680351497
49698852279
49716199618
49733550083
49747432645
49764789060
49789092139
49801824718
49821505699
49836558346
49850455576
49867830043
49888682959
49908380628
49923446223
49941991725
49958221833
49973295374
49984892364
50002290951
50016212209
50034776783
50055665665
50066111894
50083525521
50102102815
50119522068
50142751950
50159015812
50176444291
50189227182
50206661527
50229911905
50249677898
50270610362
50293872348
50308994949
50326447410
50349721236
50366015992
50381149397
50390463611
50412589156
50426565362
50445203708
50465010521
50483655341
50494144866
50508133610
50530285741
50545444932
50558274213
50579271313
50594438266
50611941555
50624779650
50643456270
50658633917
50678484832
50697170852
50710019889
50728712849
50741566148
50757928046
50777799345
50795335740
50811706174
50829248533
50846794036
50857322925
50879554690
50894768571
50913496911
50932228173
50946278751
50962674095
50977900752
50994301840
51008362170
51028284591
51043521504
51056416781
51078693990
51092766510
51111533000
51126783529
51138516577
51158466350
51166682365
51185464717
51200727948
51220690967
51238308426
51259453130
51274726831
51290003056
51302931439
51320563780
51339374974
51360541042
51378182611
51392298433
51408769429
51427596683
51441719511
51460553123
51474680385
51492342826
51513541268
51527676128
51550060131
51570091008
51583054583
51603092244
51624312660
51636103818
51658510527
51678562156
51690359370
51710417937
51731659441
51749364038
51764710541
51782421094
51808400894
51824936316
51839111608
51858015594
51875741213
51889924263
51901745013
51918297389
51939582043
51958505571
51972700479
51992813300
52010562711
52027131717
52044887586
52062646347
52081591877
52099356566
52120677328
52134893942
52151482788
52165703998
52183483931
52197710005
52221423765
52239212174
52258189646
52271239021
52284290540
52298531000
52312773620
52328205833
52350764710
52368577095
52385204817
52407774764
52426784160
52446985173
52461247347
52479077664
52493344624
52513559345
52527830917
52540915370
52563519263
52581367532
52595648532
52608741711
52626599214
52643269052
52662323274
52684954209
52699249767
52714739372
52736190004
52750492904
52770758923
52788643302
52805338308
52816072585
52837544515
52854247919
52870954021
52887662987
52909149659
52928252083
52940192887
52958107276
52974830244
52993945686
53013064170
53030990843
53041748314
53059680965
53075225238
53090771791
53105124919
53123069324
53141016833
53154180390
53172133641
53194878556
53215232671
53228404974
53242777296
53258350123
53277519635
53296692413
53312272602
53326656712
53344640367
53360228828
53372222140
53395012649
53413007972
53433406131
53446607492
53463412224
53476617637
53492226644
53510240087
53533060710
53547476050
53563095733
53577516045
53591938793
53612374226
53630408577
53647243401
53661675799
53680921887
53694156232
53709798899
53725444318
53745907399
53767577601
53782026933
53795274216
53812137134
53827798217
53841052084
53855513392
53866361033
53884443472
53907351671
53920616790
53939914568
53958009169
53974900291
53996621303
54005069542
54023175865
54043700004
54059397263
54071474247
54083553513
54101674884
54118590976
54131884449
54147597800
54160895459
54180241165
54198380528
54215313682
54232249582
54247978155
54268549740
54284283851
54301230509
54316969722
54339976711
54355721056
54370256760
54389640926
54415086675
54430841252
54447810706
54464782910
54480545087
54501161100
54521780243
54544828972
54558175279
54573950924
54594583577
54614005929
54633431753
54646788998
54667435227
54688084872
54706308645
54722105112
54739119446
54758567272
54775586940
54787745704
54803554811
54818150731
54837614839
54854648835
54875336180
54900895207
54919154606
54936199328
54952029355
54972733712
54984915012
55001970990
55019029844
55037310375
55053156208
55065347240
55082417450
55097051264
55123884706
55151942213
55161702875
55177566868
55188551313
55206862104
55225175615
55243492204
55256926499
55278913603
55294795774
55307014636
55322901791
55337569113
55354684193
55375470056
55392590530
55410936967
55428063029
55446415608
55462323869
55477010943
55495372528
55514960974
55528430337
55539452706
55561500948
55584777841
55600706916
55617864338
55635024100
55655864671
55671803974
55691424818
55707369483
55729449999
55747853200
55762578740
55776079169
55789581572
55803086221
55822732771
55841154430
55860807556
55879235329
55893979623
55914871184
55928391359
55954206480
55971419530
55984946235
56000935132
56014466285
56037842378
56053839005
56067376778
56080916765
56101845464
56126471392
56147406919
56167114381
56185592760
56194217429
56212701922
56228724141
56242283660
56260777153
56275574487
56290374125
56312577323
56328615366
56338486694
56353295708
56370576056
56382921138
56401441933
56417495480
56437257342
56455786919
56474319266
56485440651
56506450932
56513867596
56528703040
56544777519
56569511755
56580643728
56601674273
56621470911
56643745965
56654885362
56675929635
56694501280
56709360912
56729176696
56748996146
56766340614
56782448905
56803517268
56824588985
56839465371
56858064012
56877905534
56896510083
56907674682
56928766735
56942416740
56957309836
56977170754
57000759117
57013176235
57033046815
57052920661
57066585906
57079010502
57093922674
57116294756
57131212130
57147375503
57164784535
57182196363
57204586579
57226980223
57243156190
57263068006
57281738387
57300411776
57317843178
57326560363
57340260826
57362683538
57378880305
57393833485
57423745015
57448675237
57463635577
57478598397
57494810638
57512272792
57534727842
57552195646
57568418247
57589635556
57610856579
57630832679
57644568444
57663301879
57687034688
57704524980
57720768207
57742012966
57759511224
57779512758
57792015510
57812023238
57829533118
57847045744
57863309967
57874571564
57890841089
57907113388
57927143826
57947177536
57962204870
57977234442
57994772270
58013565971
58029856076
58042389204
58057431332
58072475844
58091284403
58116366253
58133926419
58152744094
58176583259
58190387274
58215489506
58238084976
58250639990
58268219608
58288314074
58299618853
58315950790
58329772495
58348623022
58372503927
58392617223
58413991046
58434111208
58446688188
58463040979
58485686969
58503302943
58525955491
58548612039
58566236621
58591418447
58605270768
58620385018
58640540130
58654399059
58673300648
58688424396
58708592470
58728763944
58747677471
58761549800
58780469403
58793084417
58810748375
58829676732
58844821748
58862493652
58881431149
58901634225
58920577674
58942050745
58962263707
58979952885
58996381024
59015339729
59029244702
59044416226
59058325979
59074766926
59098799851
59121571725
59138020862
59158269000
59173457110
59200041115
59220298781
59243092291
59264622920
59282357190
59300093810
59319100599
59329238987
59349518903
59365999116
59386285600
59402770867
59420526911
59438285887
59459854122
59473811831
59497924690
59518233520
59533467636
59547434359
59562673237
59582994793
59602049282
59626188955
59641437077
59657958690
59680838566
59702450707
59720251643
59736783762
59755862181
59774943768
59797845050
59810570046
59822023965
59847481961
59865305267
59883131477
59904780602
59925159902
59940446766
59957009955
59974850239
59987595147
60002891501
60016915382
60030941625
60044969906
60062827100
60080686808
60102376845
60126622592
60140661921
60155979955
60176407051
60195560756
60213439940
60230044777
60245374927
60261985102
60279875466
60296490899
60315665496
60331007236
60354023616
60366812414
60392394584
60406466911
60424379965
60444854889
60467892785
60484534504
60498617821
60513983733
60533194326
60549845909
60567781423
60585719557
60604941974
60624167733
60643396094
60663909530
60683144041
60704946556
60726752257
60744713007
60766525742
60778075603
60796044775
60812733160
60829424033
60840980790
60860245283
60878228255
60897498732
60915487438
60936049196
60955328547
60973325445
60993896919
61014471221
61032476711
61051771266
61068496037
61089083107
61108386512
61128980366
61144428144
61165028232
61186919331
61207525899
61230711517
61246171195
61262921768
61282252131
61308030089
61324788260
61341549183
61360891798
61378947628
61395716185
61415067860
61429261065
61449909119
61464106440
61478306151
61497672562
61519624717
61535122679
61545456327
61563543039
61581632441
61601016954
61621697388
61639795100
61657895858
61672120071
61692812787
61712215302
61725152388
61747148877
61766560274
61785975001
61797625656
61815751218
61828700370
61848126765
61874032765
61888283490
61906423138
61923269623
61944007011
61959562683
61981603404
61998460355
62014022993
62037370659
62063316743
62082779020
62103541934
62115223183
62134694868
62150274674
62159364363
62176247560
62193133245
62211320423
62236007048
62250301481
62265897739
62287995772
62310097725
62325701449
62346509421
62363418484
62380330239
62399846540
62420667244
62442792797
62455809671
62476639947
62496171606
62520915369
62531335417
62546967721
62562602441
62588664461
62606910369
62631676850
62648625139
62669487525
62686440802
62707309214
62722963478
62737315029
62755583735
62769939854
62786908769
62806491644
62824771364
62839136297
62860033833
62883547323
62901838211
62918825314
62939735622
62960649308
62973722296
62992027128
63010334926
63024721829
63041727114
63057426882
63082288673
63099301624
63116317165
63135953706
63155593191
63169997890
63190953192
63213221263
63235492978
63259078754
63274804922
63294465429
63310196279
63329862614
63352154563
63373138491
63392814182
63407245137
63424302686
63443987521
63461050354
63478115349
63500434500
63512252463
63530638877
63543773871
63563479292
63584501700
63606841731
63621299048
63641016593
63652848826
63668627438
63685723651
63705453036
63725185701
63744920940
63767291217
63779135846
63798880211
63817311099
63838378219
63858131886
63875254261
63896331011
63920045893
63939811712
63955626644
63976716144
63991217275
64008357560
64029456958
64055835204
64070345279
64087496316
64103329942
64121805878
64137644486
64160086425
64177250540
64187814154
64203662710
64223476367
64240650882
64265755693
64288220946
64310689715
64329196369
64351672368
64376796071
64400601359
64416473701
64440285863
64464101837
64481304836
64502481006
64519689249
64534252256
64554113813
64568681244
64587224388
64608419172
64625642871
64645519430
64660097683
64678654731
64695888752
64711799702
64733017242
64752911883
64771482683
64795363099
64816593447
64833845714
64853755327
64863047788
64877652595
64894915250
64912180629
64932104830
64953360702
64974619904
64994553359
65010502633
65029112949
65046396540
65070331254
65082300455
65098261403
65116885295
65135512417
65152811484
65168782420
65183424291
65208719084
65232686466
65253993764
65269976722
65285962216
65303282329
65327267299
65347258072
65367251593
65384582228
65400581710
65417917423
65440590238
65461932758
65476607881
65496622752
65517974472
65533990900
65544669998
65558020930
65580721019
65595411274
65616782358
65632813422
65658199271
65678243622
65702300758
65717004391
65739731850
65751765609
65774499896
65791887327
65813290293
65833358914
65842725501
65865476886
65886892870
65908312282
65925717621
65948482244
65967232550
65981966947
66004741506
66024840001
66044941276
66065046017
66085153188
66109286106
66125376820
66145493211
66158906015
66183053017
66200495144
66217939759
66242097557
66264916372
66285053921
66305194488
66322652203
66340112246
66361605228
66381757883
66401913566
66420728412
66439545898
66451644741
66473156815
66491982937
66509466520
66525607484
66544441410
66563278440
66584809702
66602306703
66621152219
66637308097
66654812674
66672319635
66692523474
66707341411
66730245576
66746415582
66767978936
66782806041
66798983009
66817859405
66843481300
66856968376
66878550916
66897438328
66913629946
66923076185
66937922930
66955471633
66975722712
66997327678
67018935758
67040547148
67056757808
67083779890
67104049259
67120267093
67136487655
67160822043
67174343343
67198684625
67213562140
67228442109
67254147364
67271737621
67294743650
67305571686
67324523462
67343478122
67366497405
67389520604
67403065856
67416612576
67439645827
67454551954
67480302781
67499279655
67519615154
67546733192
67569787005
67584706228
67607766567
67630830306
67648469889
67667468967
67674255550
67691903119
67709553312
67724489973
67747577720
67774743880
67791045636
67807350128
67834527828
67846759863
67867149416
67883463464
67899779818
67922898253
67940579686
67963704343
67982751235
68005883442
68023575059
68048074705
68063049330
68082110260
68097088949
68118879173
68132500045
68155659050
68174733534
68196536520
68212891610
68233338305
68255151125
68274239929
68291968222
68313790638
68332888150
68358809739
68373818998
68392924828
68406573900
68435241105
68454355419
68470741627
68484398895
68499423862
68515816978
68532212664
68554076784
68578677148
68601914447
68621053907
68636094246
68660709472
68674386706
68694905077
68715426852
68740056274
68760583579
68777008199
68796172703
68816708982
68837248443
68855051906
68874228044
68890666708
68912588330
68930402301
68953700916
68970149318
68990712799
69015392691
69027734442
69046935994
69064767997
69083974583
69101811980
69119651981
69137494350
69156712138
69177306033
69199275985
69215755715
69236358222
69250095192
69267955537
69287192737
69306432889
69327050414
69350420209
69365544066
69390295512
69408174275
69424680221
69448067218
69468705533
69489347160
69505862790
69530639530
69551290117
69566436098
69588469816
69604997734
69627037494
69650458665
69671127136
69700067083
69719363253
69738662547
69759343050
69782784151
69803470540
69821401401
69840714273
69858649948
69884867903
69898668805
69923514133
69938699588
69962171265
69981504053
69998077233
70022940429
70049188560
70067150463
70087879338
70108611071
70122433779
70139023965
70154233466
70170828564
70186042789
70201259316
70220628384
70238616755
70257991419
70278752916
70298133110
70307824491
70328594828
70352138195
70379840085
70402005275
70421402001
70436644742
70464362514
70485154215
70505948776
70519813828
70542000984
70562804409
70582223831
70600258638
70616908696
70632173389
70652991614
70676589007
70697413768
70712687067
70734906215
70747406384
70764075796
70786304234
70809925839
70825212490
70847450776
70865522065
70886376830
70903062714
70929485883
70951740347
70971215543
70989302448
71014349592
71029658031
71044969190
71056106126
71075598346
71093700715
71111805784
71131306296
71153595880
71174495525
71189824006
71212122952
71242789184
71260912391
71276249734
71298561538
71318087468
71337616252
71358542775
71373891040
71396219056
71418550180
71438092700
71461825983
71481373899
71505114408
71528858153
71551208689
71579150719
71595918135
71618278255
71633652890
71654621649
71679787259
71704956287
71730129291
71751109932
71765099158
71786085615
71809873950
71840663092
71863058190
71881256647
71900858031
71917661789
71935868230
71948474487
71972289440
71990503791
72005917974
72022735666
72046564467
72064789150
72083016437
72104051202
72123686274
72137713410
72154547922
72169982073
72192435207
72213487436
72233138878
72261216786
72273853883
72289301288
72310368879
72328630122
72349703785
72370780448
72393265292
72410131362
72428405511
72442464429
72459337475
72473400483
72495904527
72512784827
72533888152
72556401530
72581733052
72604253332
72622553037
72640855446
72659160517
72676060089
72692962137
72718318525
72739452146
72754951997
72778909962
72800052737
72819788945
72835297772
72856449307
72877603710
72897350626
72915689885
72941086133
72962252734
72977777001
72994714927
73018713820
73037068681
73059662241
73085083803
73103446122
73131700112
73151480562
73175503091
73189635937
73212251891
73232043719
73246182681
73260323491
73281538088
73297097633
73312659050
73326808242
73343789416
73363603590
73379173991
73396162385
73414568996
73444306999
73455637181
73471218686
73491052396
73510889016
73525059990
73551988799
73574668895
73591681427
73610114222
73632803722
73651241337
73668263521
73682450673
73698058606
73719345083
73742054061
73759088117
73781803305
73800261880
73821563145
73841447279
73855652339
73876962548
73902538664
73919591814
73938068523
73957969321
73983559745
73999200734
74020532243
74033332642
74054670125
74073165176
74091663111
74111586715
74140053041
74162828827
74182760625
74205543451
74218360372
74236876427
74263941940
74283888048
74306686322
74326637750
74345166591
74365123577
74383657598
74405046085
74433568399
74457815396
74477786544
74499186949
74526298202
74540569100
74560551520
74584819009
74601951403
74623369926
74644791769
74656217997
74671931562
74693362045
74716224599
74731944688
74753384329
74776256465
74797701882
74823439626
74837740822
74854904232
74869209192
74893531101
74917856526
74940754262
74966517676
74987990171
75009465702
75029512244
75048129467
75062452455
75092534980
75111160065
75132653598
75154149863
75174215975
75194285197
75217224339
75235864808
75257376245
75278890696
75301842714
75324797944
75344886514
75370718396
75390812254
75416651442
75435315503
75449674401
75471215698
75494196170
75515743375
75532983879
75548789736
75568908910
75596217607
75614904954
75636470379
75656600851
75681048462
75699746013
75712692432
75734273119
75763051337
75783198691
75807666970
75824940790
75845096858
75860935737
75869576107
75891180260
75918549895
75938719773
75957451366
75979067629
76003569932
76023751072
76045376499
76062679259
76079984291
76100176583
76118929170
76139126776
76160770421
76180973917
76199736976
76222833008
76241601213
76258928039
76274813078
76287811417
76310923295
76334038717
76358602166
76380278743
76397622319
76426532199
76443880795
76462677748
76491599606
76510401521
76524866375
76546566676
76566823250
76589976564
76620369835
76640634901
76656559558
76681173901
76698551035
76711585612
76728967292
76747800659
76768084951
76788372443
76808662727
76831855195
76849251213
76875349479
76894200806
76915955223
76939163231
76959472963
76984138246
77004453534
77024771654
77036383868
77059611002
77077033678
77091554946
77116243701
77140935952
77158368466
77178708906
77200505143
77217944881
77241200781
77258644929
77283361306
77303718542
77322624545
77350260400
77367716952
77395360279
77424462017
77450657505
77466667872
77485591865
77514709861
77532183169
77549658789
77565680348
77587530771
77603556676
77625413007
77645815175
77663304857
77677881839
77704124089
77724537457
77743495330
77763914148
77787252884
77803300793
77820810117
77835402931
77857295346
77871892272
77895250784
77925912869
77940515913
77956581218
77981412853
78003326668
78022321229
78042779561
78067624790
78098320455
78117325210
78143643026
78162653143
78180202919
78206531117
78228474548
78247495111
78266517690
78289934060
78303107253
78327993798
78347027247
78371920360
78388029843
78405606411
78427579852
78452486555
78473000805
78500845364
78518433728
78543353967
78563879675
78585874210
78603472202
78628406293
78646009115
78668015600
78694426924
78713504461
78728181607
78747264358
78754605091
78767819716
78791315768
78816283547
78836848299
78854477845
78875048073
78898560407
78920605946
78944124464
78960295779
78974998773
78995585519
79008821716
79029414454
79047067516
79067665742
79097095574
79117699090
79138305340
79158914810
79176582328
79204559875
79223705158
79248744781
79272314203
79291467344
79310622849
79329780850
79348941709
79374001478
79396115755
79413809877
79432981178
79447730182
79461005887
79487561145
79502316217
79518549134
79534783787
79561353685
79577592828
79598263548
79620414201
79646998511
79675063200
79697223137
79716430688
79740073836
79760764456
79784413856
79806588157
79825808508
79843552852
79868694193
79895317975
79916027709
79941179364
79960415851
79984094037
80000374926
80022579455
80043306651
80069959217
80087730011
80109946488
80127722158
80144018747
80166244506
80189955148
80212186601
80228491856
80253694165
80272969310
80293729664
80320425424
80344158296
80361960164
80387183107
80404990131
80424283330
80451000472
80476236897
80491083729
80505932727
80528208962
80546032552
80566829768
80586144253
80598031365
80620323006
80644104048
80663428603
80687215877
80709519406
80733313150
80749673509
80776448673
80791325959
80812156705
80834478478
80849361342
80870200238
80894019726
80913375427
80941668158
80965496788
80987839411
81016143874
81032532939
81053394357
81081710078
81095124547
81121956855
81144320450
81160722459
81172652593
81199499365
81224858178
81250220871
81274094765
81293494398
81314389488
81335287232
81356187640
81369625711
81397998404
81421894520
81453262123
81468201195
81492106821
81514521652
81533950053
81559359754
81578793413
81596734607
81619164418
81638605941
81656554433
81680488977
81699938364
81722382913
81749320139
81773267699
81783746074
81806202629
81830159183
81848129347
81867599540
81887072111
81902053001
81923029367
81947005163
81964989573
81984475212
81999466318
82024954159
82045947231
82060944159
82074443256
82099944863
82120949329
82144957055
82171969965
82198985941
82212495810
82230511316
82256036813
82275558798
82302592944
82323622308
82343151835
82359679394
82379214487
82404763906
82427310325
82451363235
82469405051
82493464205
82517526627
82537079990
82550618629
82579204034
82607793243
82634881421
82661973413
82683047495
82707135323
82731226775
82749297479
82771889096
82789964732
82814068760
82839682453
82863792839
82886399312
82896950413
82916547678
82939162959
82955749756
82975355103
82994962864
83017590129
83046255440
83076433608
83096051973
83111145069
83135297133
83151903872
83174552717
83195694095
83225900275
83247047205
83272729342
83293882036
83308992944
83333173362
83352822933
83373986709
83398177281
83414810288
83440519129
83458669261
83478334334
83493463124
83523724972
83544911380
83570640991
83594859891
83616054615
83634223843
83650881122
83678142188
83702377434
83719041267
83734192241
83750860636
83766015688
83788751279
83813005709
83837263333
83861524393
83878206024
83902472940
83920675560
83941914932
83964674417
83985919467
84010202349
84032970808
84054224216
84073962233
84096740056
84116483449
84136229244
84152939547
84172690230
84197002164
84221317362
84238036223
84254757264
84276041410
84301889871
84324700284
84341430239
84361204322
84385545056
84399238985
84423586111
84441848895
84463158065
84481425999
84501218512
84522536390
84534719614
84559089198
84581938955
84609361997
84630693563
84652028255
84677937874
84700802393
84725194207
84748064640
84766363128
84790764536
84813643831
84828898665
84854835494
84877724247
84896037635
84917406097
84935724039
84950990671
84966259609
84992220406
85010548082
85030406019
85053321634
85079296107
85099161498
85115972599
85134314321
85160301972
85178648764
85201585127
85226054225
85248996708
85267353082
85291831552
85314783177
85330086085
85348452373
85369881939
85392845164
85412749483
85431125309
85444908956
85466352552
85483203315
85509248852
85527636474
85541429161
85564419374
85585880044
85604277476
85621143797
85650280116
85670218289
85691692877
85717772626
85736184092
85753063595
85771479999
85796038553
85814459745
85839024861
85862057468
85888164415
85912738761
85938852426
85955751651
85978799586
86001849779
86020292531
86046423190
86064871104
86083320808
86103310831
86129455070
86155602485
86177138629
86203293242
86221757350
86241763107
86257154093
86278704235
86297178287
86321813529
86344912344
86371094113
86388037098
86404982497
86432714991
86461991938
86475861805
86502064272
86519020877
86542146614
86565275189
86588406614
86605371901
86633137153
86640850624
86660908349
86687140830
86705660472
86724182464
86739619460
86759690135
86785939730
86801382658
86826094518
86838451958
86855445901
86883257421
86909527642
86935801273
86957441135
86977537790
86997637201
87030109444
87045574264
87065681459
87088885214
87107450534
87126017888
87156967872
87177087975
87206497984
87229719755
87246751112
87271527118
87294757865
87319540709
87339679098
87355172260
87386162134
87400109349
87423357964
87443509287
87471414491
87494671792
87517932325
87534992296
87559809856
87572220184
87586183759
87614114303
87638944947
87651361717
87677750926
87704143833
87721223348
87744516913
87772472653
87792665868
87822182117
87837719345
87857919776
87875014991
87899883933
87916983454
87935640010
87952743735
87985401142
88005619773
88025841290
88058510901
88083405375
88102078461
88123866905
88150327578
88173678253
88189247225
88217274607
88240634408
88262439148
88284246716
88299825712
88313848645
88345014575
88363716711
88390214682
88421392410
88440101836
88461931952
88486883814
88511838892
88532117559
88555518910
88574242012
88596089022
88616378327
88635109207
88661648020
88677261018
88702245190
88722547145
88733480108
88755349634
88778784177
88797534211
88808473014
88824102290
88850674881
88875687213
88906956801
88925721097
88946051860
88971077316
88992978048
89014881064
89033657592
89055566260
89086868386
89108782452
89132265185
89151053627
89177673718
89199599350
89223093675
89241891621
89262259024
89284195366
89312402984
89334345220
89356290136
89376670079
89390781294
89411166815
89433122883
89456650516
89467631497
89488027602
89511564209
89539811649
89558645537
89577481917
89597890450
89621441977
89641856002
89660701742
89685832806
89720392902
89734532845
89756530897
89773817348
89803679849
89827258258
89847695549
89875996911
89901156949
89923174653
89940476354
89967219089
89986098889
90001834147
90025439570
90053769866
90078955330
90099421291
90121464287
90140360563
90159259415
90179735840
90201789866
90228573233
90252208478
90267967464
90291608573
90310524207
90334171910
90359399340
90381476036
90400401396
90425638140
90452456033
90471388361
90491901094
90512415991
90532933942
90543983417
90562927857
90586610890
90615034434
90635565621
90654519821
90678215090
90701913607
90722454694
90739838049
90768286833
90796739445
90814129382
90841008087
90855239786
90880543572
90904268869
90918505880
90942237385
90961225401
90986545733
91000790176
91021368211
91046697835
91072030719
91087865883
91108454108
91135379947
91159141382
91178152968
91203504616
91225690232
91251048842
91265314319
91287508545
91316047577
91341418673
91355692012
91376311381
91393760730
91414385387
91438186074
91460402674
91474686531
91488972352
91512785081
91536600478
91562007018
91592181111
91611240789
91627125897
91652545375
91682734292
91697036097
91727232760
91751075341
91774920622
91800358764
91822620034
91848064736
91868741229
91884648373
91903739261
91919650231
91945110947
91962617512
91978534534
92000821208
92021518629
92039033848
92056551303
92085219849
92109113246
92129823751
92152129899
92176032366
92193563111
92211095660
92236601236
92263703945
92284432388
92308352883
92337061003
92359392355
92388107869
92407253755
92429593591
92453531678
92472684700
92501418448
92515786935
92539737476
92552512660
92579663627
92597234234
92621196401
92649955153
92673923610
92694699019
92717074945
92739454367
92758638803
92782622216
92800212317
92817804604
92841796879
92854594101
92878592188
92897793414
92931399453
92942602828
92968213932
92993828480
93009839472
93040263889
93070692570
93102726562
93117143443
93144379298
93166811932
93190849391
93211684506
93243742266
93269391640
93293441281
93319097147
93343152638
93367210817
93399292977
93423357578
93452238738
93468285628
93482729691
93508411115
93527674645
93551757102
93571025532
93595113891
93607962761
93635269820
93659367281
93686681506
93710784999
93736498581
93755786231
93778291403
93797583665
93821701866
93839390747
93858690323
93887643279
93911773652
93924644762
93950390390
93963264626
93990626277
94009942791
94032481435
94056633024
94077567057
94108166592
94130716762
94156491354
94177435887
94204828096
94225777579
94248341415
94266072270
94288641752
94311213898
94325726263
94353142084
94370884321
94390241631
94404761610
94427350604
94448328483
94466081422
94483836347
94514508244
94538725773
94564560793
94585554546
94611396214
94627549222
94648550545
94676017236
94698639788
94721264988
94737427712
94760058648
94787541787
94813411719
94829582501
94848990099
94873252708
94895900766
94916933547
94944441138
94971952307
94994611155
95015654004
95041556296
95059366491
95086894454
95104709211
95132244126
95153302907
95169503677
95195428405
95222976840
95242424948
95265117556
95287812894
95312132631
95334833617
95364024179
95381865044
95401330088
95419175237
95443512740
95471098601
95493819131
95519788845
95539268247
95560373504
95579858172
95604216607
95626954173
95651318716
95672437209
95691933331
95713057112
95730933353
95756937993
95781320582
95799203423
95833347022
95860990899
95888637932
95908155648
95930929448
95955333119
95986247948
96002520850
96026933401
96057859562
96082277727
96109955924
96136008996
96157179737
96171838012
96194642692
96222337327
96246776706
96272848832
96289145580
96307074513
96331526204
96352720421
96380438476
96396745494
96419577890
96444044401
96463619963
96484829600
96509305065
96532151747
96559897634
96576220660
96602340596
96628463848
96652957277
96680720020
96706852568
96724821201
96750960477
96775468970
96801614532
96827763090
96853915042
96875166243
96902959512
96929121332
96952015686
96971641918
96992905731
97014172504
97040349856
97066530876
97089442126
97117266129
97143456633
97156553707
97169652079
97190939610
97218780397
97230245684
97258093195
97272837826
97289223092
97308887560
97328554548
97349863053
97371173826
97389208343
97410524514
97438402705
97461363993
97482687774
97502373866
97526984137
97549956547
97566367439
97587704610
97605761309
97628744957
97651731321
97671436333
97697713077
97720708069
97745348502
97771634528
97794637940
97817644046
97837366270
97865309211
97894899095
97916272578
97939292818
97957382171
97983697165
98006725999
98028112408
98042920155
98069247817
98097224486
98126850786
98148250303
98176237484
98195995396
98220695823
98245399480
98270105895
98293168349
98309643423
98331063590
98355782239
98372263005
98392042431
98418418601
98434905861
98451394877
98471184203
98500871833
98523964915
98553659541
98576757977
98608109962
98627913708
98652671285
98679082167
98700544128
98715404021
98743475850
98768248581
98786417338
98804588093
98822761022
98845893438
98867376007
98890513929
98926877395
98953326971
98976473381
99004582810
99027734684
99044274044
99072393561
99100516650
99117061798
99140227842
99165051413
99193188298
99222983468
99247816317
99262717280
99289211716
99317365323
99342209450
99360431365
99383625053
99415106124
99443276729
99458192228
99476424699
99499632235
99521184934
99539423755
99562639903
99585858503
99600786622
99628987959
99650556278
99670467684
99693700650
99716936292
99736854914
99760096332
99780019746
99804927009
99833158984
99848107081
99871362447
99891297945
99912897550
99931176085
99959428214
99979373394
100004307929
100032570662
100062499178
100089105586
100109062822
100137339171
100157301403
100180593465
100200560367
100215536908
100228851244
100252154146
100268801084
100293774243
100323746005
100340398699
100368712430
100390366301
100417020833
100437013821
100467007259
100497004095
100520338179
100545341630
100562012680
100592023944
100620371361
100653725425
100682079626
100705432804
100727120687
100753816773
100777178547
100797205321
100820572917
100853958713
100880670829
100905716662
100929095378
100945796340
100962499472
100995909626
101017628531
101042691840
101062745226
101084472087
101107873029
101131276755
101142980468
101163045414
101179768608
101206528410
101229946058
101253366954
101278463457
101300216412
101325318841
101348750793
101378880907
101398970211
101419061775
101444179654
101470974826
101499448453
101526249951
101553054913
101571485514
101603324063
101626786805
101645223652
101663663005
101687134067
101710607691
101737438109
101762594700
101786076874
101809562092
101831372527
101848151575
101876679136
101906888632
101927030518
101962283191
101987466674
102010973984
102037842680
102056317115
102083191929
102105030432
102128552030
102150396089
102177284035
102199133262
102226027598
102247881813
102271419817
102293279506
102315141387
102340369754
102358872903
102382425143
102412710299
102427854506
102449731997
102471611810
102493494637
102512013146
102532217472
102544004753
102562529886
102592847294
102613061434
102634962655
102660236240
102683827622
102704051016
102741131832
102763046175
102793392259
102816997821
102840606007
102865903594
102889517242
102909760088
102938441089
102955314385
102973877090
103000880210
103026198623
103049832307
103080221649
103095418088
103113993737
103141016167
103157907223
103179868266
103195073743
103222108951
103242387751
103267739248
103294783882
103315069960
103340430325
103357339193
103381014475
103406383760
103435138975
103455439223
103482509261
103511275058
103531582202
103553584575
103577282405
103602675992
103622993158
103646699360
103670408472
103697507280
103716140075
103743245913
103773743237
103795771766
103816108184
103838141775
103856788072
103875436323
103904259580
103931390888
103953437325
103977182763
104002627070
104033164094
104048434131
104067100040
104092556527
104118016170
104146873307
104172338958
104196109546
104226674998
104250450964
104270832770
104294614616
104320098061
104347283543
104377871015
104398265035
104427160168
104450958704
104476460387
104498564432
104518970454
104547882237
104566591966
104593809424
104617627818
104644851870
104672078834
104704414671
104726542052
104745267325
104765697339
104794643306
104826998319
104840623161
104861062573
104883208116
104901948887
104922395719
104944549254
104966705059
104990568059
105014433893
105041712427
105068994235
105094573972
105111629014
105125274622
105155980406
105176453772
105202048291
105227645816
105253246215
105277142707
105297628221
105316408910
105345436313
105369344235
105396670787
105418875964
105442792378
105468419919
105490633054
105516266887
105536776011
105567543351
105589766904
105611993075
105637642136
105663293939
105687238249
105707763841
105738556185
105759086969
105786464591
105803577787
105825827340
105846367644
105877182014
105897727502
105923412001
105945674416
105964514201
105990207786
106003912592
106026185507
106046747563
106072453292
106096448016
106123874054
106137588392
106168448942
106195884302
106221607543
106240473654
106259342061
106286789947
106317672837
106338263483
106362288835
106391466142
106418930010
106446397190
106467000196
106485888375
106511648124
106528823156
106549435186
106566614314
106594103854
106619878541
106652529894
106680029392
106702375013
106712689649
106736759511
106757393409
106783188690
106812427041
106841669020
106869193740
106886398712
106913929846
106934580874
106953512943
106975889794
107006876894
107030980774
107055087120
107084362987
107103308240
107123978312
107148095938
107168770752
107184278539
107204958059
107223916634
107248048144
107268734722
107285975680
107315288877
107346329691
107373924839
107398073511
107423950106
107444653654
107467085331
107482616638
107508505277
107532670667
107562017590
107591367937
107613814788
107644899358
107670805879
107694988225
107720900980
107746816765
107772735308
107793472534
107812483779
107836682841
107853970087
107881632701
107905840165
107935238314
107954262781
107980208592
108004427028
108026918573
108044221493
108066718012
108089217389
108118642658
108137684817
108160191756
108186164343
108201749618
108229460296
108245049081
108281427628
108303950123
108323009848
108354201934
108383664659
108411397605
108423532338
108447804048
108472078698
108503292522
108520635654
108543184297
108570939891
108588288933
108610845126
108633404247
108655965776
108675058455
108706304361
108728874062
108753182180
108772283595
108800070783
108827861357
108850443346
108864341814
108892141660
108918206981
108933848060
108961657648
108982517420
109008594801
109036413759
109069453114
109088583217
109114672724
109145983720
109172079097
109199917325
109224279161
109253864252
109276490685
109300860557
109321751159
109344385382
109368763730
109391403087
109415786791
109434947558
109455852802
109475018451
109504640964
109530781575
109551696599
109572613567
109591789812
109621429337
109647584614
109670254933
109691183963
109719092795
109745260448
109767941505
109785390351
109809821937
109830765563
109856948130
109884879494
109909321986
109930275346
109959962463
109987906449
110017600256
110042057056
110073504484
110101461176
110122431298
110145151405
110160882748
110194096543
110211579515
110239555293
110265785892
110290270602
110323503359
110361987603
110389979423
110409225972
110431974857
110461726788
110482730630
110512489299
110535248224
110558010051
110584276254
110603540463
110629813142
110659592017
110678862830
110705144241
110733180835
110755963146
110785758829
110820816859
110841853937
110857633642
110887443235
110913748726
110945319182
110961106367
110983912336
111013738845
111034794965
111057608510
111078669778
111096222754
111127822024
111152402080
111175228483
111194545780
111222646628
111245481351
111266561799
111296429236
111312243143
111336845289
111359692576
111375511863
111410669957
111430009296
111461658804
111481002023
111503865368
111528490174
111544322199
111570711878
111593585469
111616461358
111632300731
111649901713
111672785500
111695672179
111723843683
111744974597
111767869078
111781959728
111801336077
111825999937
111854190211
111870049094
111892958867
111917633941
111944074196
111966992155
111988149573
112005782363
112035761438
112056925512
112090439569
112118665167
112146893745
112171596639
112194537712
112219246032
112243957428
112258079926
112281031633
112305751369
112335771836
112360497346
112386991719
112409956472
112436456903
112452358890
112480632154
112503607067
112535421903
112560169767
112588456353
112606137325
112634430263
112664494718
112692793822
112714020680
112742326514
112763558254
112784792198
112806028674
112830807270
112859129060
112876831758
112906930303
112926408326
112956513741
112984851495
113004335916
113029136606
113052168811
113066344289
113084065041
113114193994
113142554298
113165599423
113188647158
113211697413
113240070225
113261352221
113296826147
113328756365
113353593665
113380208222
113405051208
113431671485
113456520157
113470720883
113499125517
113525758308
113552393869
113575480472
113602121931
113628766110
113650083872
113676734629
113699834494
113722936587
113738932204
113765594369
113786927025
113813595564
113843823079
113874053870
113904288277
113927411364
113955873804
113979002165
114003912237
114023486510
114048401948
114073320388
114105361922
114135627235
114164115181
114190825452
114210415363
114231788241
114258508024
114285230771
114310174593
114333338996
114354724514
114377894277
114408197078
114431372035
114459898477
114483078758
114506261641
114536581026
114561552894
114588311115
114600799884
114629348328
114652547113
114684671611
114706090585
114731081701
114752505195
114777502167
114802502085
114822146748
114841793883
114872160886
114898958451
114925758946
114948988911
114977582503
115006179563
115031204489
115054444448
115072323252
115093780312
115120604569
115143855098
115170685267
115190363278
115211832388
115235093287
115258356786
115278043531
115301312592
115319213410
115353228863
115380086408
115412318976
115433809734
115460676275
115480380466
115509044286
115539503405
115562798420
115591471888
115621940947
115647036021
115673926702
115690063123
115720546038
115747445645
115767174264
115790492293
115815607109
115835342012
115865844851
115887379127
115921478544
115943017264
115971738630
115996872720
116022009982
116050740972
116081271371
116110009305
116126175986
116147734142
116165701232
116190857772
116210625855
116239382619
116259155108
116277132196
116300504591
116338264720
116363440740
116390418007
116426391789
116456973280
116487557991
116507350124
116534342839
116555939323
116581137847
116608139562
116633343918
116660351585
116683760632
116716176582
116732386235
116755802902
116779222329
116804446363
116831474726
116854902101
116876529607
116892752186
116925200654
116939623672
116968473136
116999129153
117033395888
117053236553
117065863734
117085708699
117109164578
117141645414
117163301648
117193985265
117215646347
117242725930
117269808897
117295088685
117320371045
117349268413
117383588026
117410685609
117432366065
117459469488
117486576259
117513685840
117535375994
117558876043
117591418399
117616731445
117634814447
117661942108
117681837811
117710780171
117736107931
117766865854
117801246339
117821153228
117851921691
117873642635
117898986585
117931575577
117955114638
117978656759
117998578860
118023937388
118047486959
118072850759
118098217439
118121774750
118145334795
118174334591
118196087007
118221467537
118237785328
118264985031
118288560670
118312138811
118339347410
118368372858
118390144726
118417362263
118444582636
118469991002
118489956963
118526263221
118553495830
118575284150
118606154227
118633395888
118653374879
118678805763
118696972733
118718775609
118742397974
118767840274
118786015274
118807827690
118829642402
118853277617
118876915498
118909648244
118935110136
118953299486
118975128696
118998779935
119018794534
119047909870
119071568443
119093409469
119124354520
119153482622
119184434459
119213568857
119237243288
119257277765
119280957208
119306461156
119326502057
119352011399
119373878927
119403038819
119423088368
119446786179
119483248147
119505127633
119536127046
119568953454
119590840322
119612729336
119645567130
119671109884
119702129689
119736802842
119760529495
119786083891
119809815374
119839026490
119860937210
119895633369
119915722766
119944946744
119970520528
120001577923
120023503489
120054567556
120072842744
120100258563
120122193205
120138646024
120173383777
120202639783
120237384934
120255674010
120277623160
120297745097
120328846714
120361781278
120381909891
120407531019
120434985700
120466104329
120488072463
120513705115
120544833608
120570471986
120596112866
120623588527
120654730872
120684044700
120715193813
120733518621
120751845453
120775673136
120801336588
120819669812
120850839127
120882012158
120902184905
120931530601
120953542113
120975555747
121010414864
121036103806
121059960059
121081983797
121105845314
121122366739
121148069369
121168266144
121186629158
121214176451
121232543523
121258260335
121283979753
121309702427
121324402397
121353805483
121379536285
121403431682
121423652833
121449391801
121471456437
121497201179
121511913953
121533985769
121561577876
121591013006
121620451718
121644372831
121664616150
121688542677
121717993889
121736402907
121762178129
121791638829
121813736799
121839520445
121863465140
121892938850
121916888769
121950053869
121974009106
122007181182
122040357136
122062476358
122090128997
122112253383
122139912104
122165729498
122195238352
122219216871
122241353233
122269026814
122298548606
122320692168
122352065869
122372368670
122390827612
122422211409
122455444959
122475756640
122499763525
122529313911
122545937866
122582884092
122605053924
122632769253
122662335587
122682664616
122710389045
122730722824
122751058427
122778791878
122810226523
122845363034
122867556880
122889753264
122913801665
122936002789
122958206347
122982262898
122998919281
123019279108
123045194410
123076666641
123109993661
123141472722
123171102944
123202588583
123230372882
123252602824
123278540524
123297069608
123317453885
123345253490
123373056215
123404569138
123424961929
123450919403
123486151042
123504695990
123541789954
123569613561
123595584879
123625269381
123653101994
123679081716
123714343943
123744041285
123771885442
123786737356
123801591110
123836872331
123859157769
123887017294
123914880093
123940888055
123966898851
123992912437
124017070078
124039372220
124067252479
124095135796
124121163252
124147193360
124176945452
124201121099
124225299764
124256921579
124277385020
124303432050
124333203252
124361116719
124387171843
124407646210
124433707474
124459771254
124485837780
124504458578
124532392797
124558467747
124580819963
124605037878
124631121122
124657207272
124692613691
124720568970
124748527433
124769032396
124789539751
124821236542
124843612988
124871586279
124899562760
124929407560
124970448568
124990971121
125020825487
125046950647
125080543799
125108541294
125127208340
125157078746
125183217922
125214961749
125229901691
125261652882
125293407241
125319560699
125341980247
125371876491
125401775621
125424202337
125450370059
125472801641
125497104970
125517671765
125536370801
125562552201
125592476967
125614922947
125644854169
125669175846
125695371176
125714084194
125745899505
125775846531
125802053151
125820774029
125848858336
125878818506
125903163775
125923765654
125953735252
125978088049
126006190602
126030548653
126045539881
126069903158
126090520543
126111139936
126141134912
126171133320
126206760257
126229263877
126261147276
126278028633
126309919208
126338060941
126369957978
126396228984
126422502648
126435640883
126473182689
126503219473
126523871768
126548281979
126572694612
126600866135
126630918725
126660974719
126685397848
126713581337
126732372371
126754924177
126781237165
126798154322
126828232638
126847033670
126877118554
126903445716
126926013928
126969274463
126999372369
127025710513
127052051273
127076513458
127104741875
127134855449
127157442821
127185679998
127202624409
127217687681
127245934132
127283600336
127308085843
127336341118
127353296537
127375905639
127396632892
127432438563
127453170236
127483328286
127502179276
127536114698
127562511880
127594568397
127620971077
127645490358
127670012201
127696423133
127722836885
127749253551
127781334402
127800207058
127828519313
127858722405
127875713390
127905923374
127934247755
127955021204
127975797057
128000352776
128030578172
128064585774
128100486039
128126941625
128142060785
128170412228
128204437640
128232795337
128261155710
128280064630
128306540098
128338692289
128361390297
128385982102
128416252710
128440850157
128463557845
128491945436
128527906721
128556300186
128579017834
128607417557
128639607050
128662331726
128686952655
128717258017
128743778303
128755145283
128783565584
128802514426
128834730961
128861264897
128885906876
128912446590
128931405566
128967431319
128995875344
129024322763
129048979776
129071742608
129105890454
129122965993
129145736063
129176099303
129198874175
129227345322
129253921460
129284297706
129308980853
129333666426
129364052256
129386844074
129407738437
129432434490
129451433482
129478035106
129504639296
129536947951
129563557589
129582566459
129601577479
129628195783
129652915254
129671932416
129702362934
129725188052
129759429426
129782259056
129805091262
129833634763
129858374990
129883117983
129907863426
129930707830
129963074243
129991635796
130006869990
130043055555
130062102595
130092580991
130121157520
130144021432
130164982079
130203096401
130214531869
130239311226
130267905891
130290783999
130323197520
130346080286
130367058279
130395667760
130424280329
130458618985
130487237586
130519675279
130546391299
130567384554
130601741142
130624648208
130657102843
130689560924
130712474638
130737300863
130764039559
130794601161
130817524825
130840450663
130865289708
130895864252
130932174881
130958932801
130979959226
131004811055
131031577729
131058347209
131077470207
131113807712
131144410588
131173104149
131196061087
131220933790
131249636049
131270686678
131307050935
131335762326
131351076894
131385537950
131414258523
131439152274
131460218257
131488947452
131519595178
131552162211
131586648537
131605809465
131636470335
131657551880
131688219050
131713138703
131743812233
131774489273
131807086904
131835852529
131858867523
131885720847
131908740431
131937517842
131958623575
131983569234
132000840991
132029630828
132052664732
132077621043
132096820085
132119861255
132150585929
132179393444
132208203787
132237017054
132265833505
132288888971
132313868494
132344616054
132373444295
132386898976
132408044315
132436881824
132459954176
132484951637
132523413669
132548416458
132571497940
132604201147
132629211854
132650376857
132677317063
132702335642
132729281326
132750455277
132781256889
132812062007
132835168127
132860202134
132891016264
132919907723
132950728613
132981552321
133012379307
133041282630
133068261876
133102953538
133135721309
133162709031
133193555701
133214764720
133245617572
133274544921
133297689265
133324693783
133351701345
133372923526
133405725259
133432740793
133465548886
133490640221
133517664413
133548552299
133569790026
133592960850
133612271872
133648966653
133674076316
133703051891
133730098443
133761011941
133788064289
133811254149
133828648548
133857641751
133886638510
133904038283
133929173816
133954312205
133981386817
134006530174
134033610710
134060693578
134093583427
134116802355
134141958754
134170988243
134190343281
134219379082
134244545599
134269715140
134302632625
134320061150
134354921896
134374290856
134401409882
134424657434
134449844787
134475034758
134504103549
134533175406
134560311442
134581635143
134604899555
134637860794
134666947385
134699915610
134730947688
134761982866
134791081477
134816302866
134839586496
134874515480
134901685570
134921094594
134948270096
134975448216
135010394940
135033695290
135053114336
135093898453
135119148628
135146343402
135171598869
135192970842
135218231179
135253210499
135280419353
135305687270
135334845581
135364007144
135391227658
135414561826
135439843449
135467072193
135494303509
135521538065
135548775155
135587689043
135614931659
135640230836
135657747521
135688891325
135729771704
135758975333
135778446503
135809603221
135832973153
135864136205
135889459384
135918680989
135944008722
135967390768
136004416075
136027802975
136045344954
136066787443
136090181651
136109678817
136136977177
136170128988
136197433262
136218888453
136244247296
136267658082
136300826781
136314485656
136345709616
136373033290
136400359788
136423784954
136451116836
136480404403
136505789398
136533130106
136556567164
136583913610
136621030413
136642521064
136673783210
136697232718
136742181999
136767590480
136800820177
136826234078
136853605580
136875113913
136906402127
136929870601
136957252995
136978769930
137008114325
137033548958
137060942804
137084425616
137115739026
137137269587
137158802280
137182294830
137215579137
137231243955
137250826919
137278245807
137309584793
137335050340
137364436771
137389907592
137413421484
137446736523
137474175077
137501616505
137534941622
137550625646
137578075552
137611411115
137636905234
137660440724
137695747538
137725173079
137758525486
137784032603
137807580151
137842905009
137858606725
137891976128
137919459532
137952835377
137974433700
137999962011
138019600865
138051026401
138072633838
138098172355
138121748749
138155152086
138168908035
138192491639
138227870397
138257355618
138284878562
138304539382
138332067784
138357632269
138377299055
138418603656
138444175859
138467783573
138493361058
138516973540
138538620227
138572077998
138601602673
138625224771
138650817986
138672475913
138700043345
138719736137
138747309055
138768975628
138796554298
138814285255
138843839456
138881278755
138906897820
138926607092
138952231477
138969973088
139003488465
139023205309
139040952252
139074477867
139104062328
139127732516
139155350242
139184943629
139210593840
139238220098
139273743284
139299401467
139325062224
139340854932
139366520971
139386266027
139411937412
139433661593
139467238320
139492917317
139514647668
139540331409
139564042259
139589731498
139615423511
139639141605
139682629117
139718213265
139736007220
139759734724
139783464732
139821040881
139846753542
139876425185
139896208219
139929842594
139953587112
139977333992
140012958050
140052544098
140076298148
140100054670
140119853676
140147574816
140187180888
140210946676
140244618689
140276313111
140294143224
140313956190
140347641645
140379348465
140405113240
140436826740
140458631797
140492334404
140518109269
140561732955
140583546828
140609329961
140639082346
140662886726
140688677479
140724391245
140758124532
140777969528
140803771011
140831559525
140851410357
140877218968
140908987148
140934801465
140952674592
140982466025
141008287814
141036098838
141061926095
141089742907
141119549296
141147371232
141179171170
141201035683
141232842123
141256699331
141294476634
141324304495
141348168747
141374024236
141399882497
141421764520
141443649069
141463546045
141489414872
141523246747
141557081646
141588929714
141610827265
141642681849
141668566310
141692462006
141718351499
141748226852
141784081278
141807986618
141831893984
141863773920
141893664463
141921565003
141941496007
141975381882
142001297435
142039177290
142063104484
142085039495
142106976910
142142877782
142166814066
142194742740
142220678841
142248613029
142272559061
142304490241
142332433189
142354390224
142392319717
142428256525
142462200648
142486163350
142524108431
142548075867
142580035921
142610001496
142635974131
142663947441
142699916861
142731892873
142757875810
142781862782
142807850977
142837840356
142859834987
142889830158
142913828922
