142913828922
142889830158
142859834987
142837840356
142807850977
142781862782
142757875810
142731892873
142699916861
142663947441
142635974131
142610001496
142580035921
142548075867
142524108431
142486163350
142462200648
142428256525
142392319717
142354390224
142332433189
142304490241
142272559061
142248613029
142220678841
142194742740
142166814066
142142877782
142106976910
142085039495
142063104484
142039177290
142001297435
141975381882
141941496007
141921565003
141893664463
141863773920
141831893984
141807986618
141784081278
141748226852
141718351499
141692462006
141668566310
141642681849
141610827265
141588929714
141557081646
141523246747
141489414872
141463546045
141443649069
141421764520
141399882497
141374024236
141348168747
141324304495
141294476634
141256699331
141232842123
141201035683
141179171170
141147371232
141119549296
141089742907
141061926095
141036098838
141008287814
140982466025
140952674592
140934801465
140908987148
140877218968
140851410357
140831559525
140803771011
140777969528
140758124532
140724391245
140688677479
140662886726
140639082346
140609329961
140583546828
140561732955
140518109269
140492334404
140458631797
140436826740
140405113240
140379348465
140347641645
140313956190
140294143224
140276313111
140244618689
140210946676
140187180888
140147574816
140119853676
140100054670
140076298148
140052544098
140012958050
139977333992
139953587112
139929842594
139896208219
139876425185
139846753542
139821040881
139783464732
139759734724
139736007220
139718213265
139682629117
139639141605
139615423511
139589731498
139564042259
139540331409
139514647668
139492917317
139467238320
139433661593
139411937412
139386266027
139366520971
139340854932
139325062224
139299401467
139273743284
139238220098
139210593840
139184943629
139155350242
139127732516
139104062328
139074477867
139040952252
139023205309
139003488465
138969973088
138952231477
138926607092
138906897820
138881278755
138843839456
138814285255
138796554298
138768975628
138747309055
138719736137
138700043345
138672475913
138650817986
138625224771
138601602673
138572077998
138538620227
138516973540
138493361058
138467783573
138444175859
138418603656
138377299055
138357632269
138332067784
138304539382
138284878562
138257355618
138227870397
138192491639
138168908035
138155152086
138121748749
138098172355
138072633838
138051026401
138019600865
137999962011
137974433700
137952835377
137919459532
137891976128
137858606725
137842905009
137807580151
137784032603
137758525486
137725173079
137695747538
137660440724
137636905234
137611411115
137578075552
137550625646
137534941622
137501616505
137474175077
137446736523
137413421484
137389907592
137364436771
137335050340
137309584793
137278245807
137250826919
137231243955
137215579137
137182294830
137158802280
137137269587
137115739026
137084425616
137060942804
137033548958
137008114325
136978769930
136957252995
136929870601
136906402127
136875113913
136853605580
136826234078
136800820177
136767590480
136742181999
136697232718
136673783210
136642521064
136621030413
136583913610
136556567164
136533130106
136505789398
136480404403
136451116836
136423784954
136400359788
136373033290
136345709616
136314485656
136300826781
136267658082
136244247296
136218888453
136197433262
136170128988
136136977177
136109678817
136090181651
136066787443
136045344954
136027802975
136004416075
135967390768
135944008722
135918680989
135889459384
135864136205
135832973153
135809603221
135778446503
135758975333
135729771704
135688891325
135657747521
135640230836
135614931659
135587689043
135548775155
135521538065
135494303509
135467072193
135439843449
135414561826
135391227658
135364007144
135334845581
135305687270
135280419353
135253210499
135218231179
135192970842
135171598869
135146343402
135119148628
135093898453
135053114336
135033695290
135010394940
134975448216
134948270096
134921094594
134901685570
134874515480
134839586496
134816302866
134791081477
134761982866
134730947688
134699915610
134666947385
134637860794
134604899555
134581635143
134560311442
134533175406
134504103549
134475034758
134449844787
134424657434
134401409882
134374290856
134354921896
134320061150
134302632625
134269715140
134244545599
134219379082
134190343281
134170988243
134141958754
134116802355
134093583427
134060693578
134033610710
134006530174
133981386817
133954312205
133929173816
133904038283
133886638510
133857641751
133828648548
133811254149
133788064289
133761011941
133730098443
133703051891
133674076316
133648966653
133612271872
133592960850
133569790026
133548552299
133517664413
133490640221
133465548886
133432740793
133405725259
133372923526
133351701345
133324693783
133297689265
133274544921
133245617572
133214764720
133193555701
133162709031
133135721309
133102953538
133068261876
133041282630
133012379307
132981552321
132950728613
132919907723
132891016264
132860202134
132835168127
132812062007
132781256889
132750455277
132729281326
132702335642
132677317063
132650376857
132629211854
132604201147
132571497940
132548416458
132523413669
132484951637
132459954176
132436881824
132408044315
132386898976
132373444295
132344616054
132313868494
132288888971
132265833505
132237017054
132208203787
132179393444
132150585929
132119861255
132096820085
132077621043
132052664732
132029630828
132000840991
131983569234
131958623575
131937517842
131908740431
131885720847
131858867523
131835852529
131807086904
131774489273
131743812233
131713138703
131688219050
131657551880
131636470335
131605809465
131586648537
131552162211
131519595178
131488947452
131460218257
131439152274
131414258523
131385537950
131351076894
131335762326
131307050935
131270686678
131249636049
131220933790
131196061087
131173104149
131144410588
131113807712
131077470207
131058347209
131031577729
131004811055
130979959226
130958932801
130932174881
130895864252
130865289708
130840450663
130817524825
130794601161
130764039559
130737300863
130712474638
130689560924
130657102843
130624648208
130601741142
130567384554
130546391299
130519675279
130487237586
130458618985
130424280329
130395667760
130367058279
130346080286
130323197520
130290783999
130267905891
130239311226
130214531869
130203096401
130164982079
130144021432
130121157520
130092580991
130062102595
130043055555
130006869990
129991635796
129963074243
129930707830
129907863426
129883117983
129858374990
129833634763
129805091262
129782259056
129759429426
129725188052
129702362934
129671932416
129652915254
129628195783
129601577479
129582566459
129563557589
129536947951
129504639296
129478035106
129451433482
129432434490
129407738437
129386844074
129364052256
129333666426
129308980853
129284297706
129253921460
129227345322
129198874175
129176099303
129145736063
129122965993
129105890454
129071742608
129048979776
129024322763
128995875344
128967431319
128931405566
128912446590
128885906876
128861264897
128834730961
128802514426
128783565584
128755145283
128743778303
128717258017
128686952655
128662331726
128639607050
128607417557
128579017834
128556300186
128527906721
128491945436
128463557845
128440850157
128416252710
128385982102
128361390297
128338692289
128306540098
128280064630
128261155710
128232795337
128204437640
128170412228
128142060785
128126941625
128100486039
128064585774
128030578172
128000352776
127975797057
127955021204
127934247755
127905923374
127875713390
127858722405
127828519313
127800207058
127781334402
127749253551
127722836885
127696423133
127670012201
127645490358
127620971077
127594568397
127562511880
127536114698
127502179276
127483328286
127453170236
127432438563
127396632892
127375905639
127353296537
127336341118
127308085843
127283600336
127245934132
127217687681
127202624409
127185679998
127157442821
127134855449
127104741875
127076513458
127052051273
127025710513
126999372369
126969274463
126926013928
126903445716
126877118554
126847033670
126828232638
126798154322
126781237165
126754924177
126732372371
126713581337
126685397848
126660974719
126630918725
126600866135
126572694612
126548281979
126523871768
126503219473
126473182689
126435640883
126422502648
126396228984
126369957978
126338060941
126309919208
126278028633
126261147276
126229263877
126206760257
126171133320
126141134912
126111139936
126090520543
126069903158
126045539881
126030548653
126006190602
125978088049
125953735252
125923765654
125903163775
125878818506
125848858336
125820774029
125802053151
125775846531
125745899505
125714084194
125695371176
125669175846
125644854169
125614922947
125592476967
125562552201
125536370801
125517671765
125497104970
125472801641
125450370059
125424202337
125401775621
125371876491
125341980247
125319560699
125293407241
125261652882
125229901691
125214961749
125183217922
125157078746
125127208340
125108541294
125080543799
125046950647
125020825487
124990971121
124970448568
124929407560
124899562760
124871586279
124843612988
124821236542
124789539751
124769032396
124748527433
124720568970
124692613691
124657207272
124631121122
124605037878
124580819963
124558467747
124532392797
124504458578
124485837780
124459771254
124433707474
124407646210
124387171843
124361116719
124333203252
124303432050
124277385020
124256921579
124225299764
124201121099
124176945452
124147193360
124121163252
124095135796
124067252479
124039372220
124017070078
123992912437
123966898851
123940888055
123914880093
123887017294
123859157769
123836872331
123801591110
123786737356
123771885442
123744041285
123714343943
123679081716
123653101994
123625269381
123595584879
123569613561
123541789954
123504695990
123486151042
123450919403
123424961929
123404569138
123373056215
123345253490
123317453885
123297069608
123278540524
123252602824
123230372882
123202588583
123171102944
123141472722
123109993661
123076666641
123045194410
123019279108
122998919281
122982262898
122958206347
122936002789
122913801665
122889753264
122867556880
122845363034
122810226523
122778791878
122751058427
122730722824
122710389045
122682664616
122662335587
122632769253
122605053924
122582884092
122545937866
122529313911
122499763525
122475756640
122455444959
122422211409
122390827612
122372368670
122352065869
122320692168
122298548606
122269026814
122241353233
122219216871
122195238352
122165729498
122139912104
122112253383
122090128997
122062476358
122040357136
122007181182
121974009106
121950053869
121916888769
121892938850
121863465140
121839520445
121813736799
121791638829
121762178129
121736402907
121717993889
121688542677
121664616150
121644372831
121620451718
121591013006
121561577876
121533985769
121511913953
121497201179
121471456437
121449391801
121423652833
121403431682
121379536285
121353805483
121324402397
121309702427
121283979753
121258260335
121232543523
121214176451
121186629158
121168266144
121148069369
121122366739
121105845314
121081983797
121059960059
121036103806
121010414864
120975555747
120953542113
120931530601
120902184905
120882012158
120850839127
120819669812
120801336588
120775673136
120751845453
120733518621
120715193813
120684044700
120654730872
120623588527
120596112866
120570471986
120544833608
120513705115
120488072463
120466104329
120434985700
120407531019
120381909891
120361781278
120328846714
120297745097
120277623160
120255674010
120237384934
120202639783
120173383777
120138646024
120122193205
120100258563
120072842744
120054567556
120023503489
120001577923
119970520528
119944946744
119915722766
119895633369
119860937210
119839026490
119809815374
119786083891
119760529495
119736802842
119702129689
119671109884
119645567130
119612729336
119590840322
119568953454
119536127046
119505127633
119483248147
119446786179
119423088368
119403038819
119373878927
119352011399
119326502057
119306461156
119280957208
119257277765
119237243288
119213568857
119184434459
119153482622
119124354520
119093409469
119071568443
119047909870
119018794534
118998779935
118975128696
118953299486
118935110136
118909648244
118876915498
118853277617
118829642402
118807827690
118786015274
118767840274
118742397974
118718775609
118696972733
118678805763
118653374879
118633395888
118606154227
118575284150
118553495830
118526263221
118489956963
118469991002
118444582636
118417362263
118390144726
118368372858
118339347410
118312138811
118288560670
118264985031
118237785328
118221467537
118196087007
118174334591
118145334795
118121774750
118098217439
118072850759
118047486959
118023937388
117998578860
117978656759
117955114638
117931575577
117898986585
117873642635
117851921691
117821153228
117801246339
117766865854
117736107931
117710780171
117681837811
117661942108
117634814447
117616731445
117591418399
117558876043
117535375994
117513685840
117486576259
117459469488
117432366065
117410685609
117383588026
117349268413
117320371045
117295088685
117269808897
117242725930
117215646347
117193985265
117163301648
117141645414
117109164578
117085708699
117065863734
117053236553
117033395888
116999129153
116968473136
116939623672
116925200654
116892752186
116876529607
116854902101
116831474726
116804446363
116779222329
116755802902
116732386235
116716176582
116683760632
116660351585
116633343918
116608139562
116581137847
116555939323
116534342839
116507350124
116487557991
116456973280
116426391789
116390418007
116363440740
116338264720
116300504591
116277132196
116259155108
116239382619
116210625855
116190857772
116165701232
116147734142
116126175986
116110009305
116081271371
116050740972
116022009982
115996872720
115971738630
115943017264
115921478544
115887379127
115865844851
115835342012
115815607109
115790492293
115767174264
115747445645
115720546038
115690063123
115673926702
115647036021
115621940947
115591471888
115562798420
115539503405
115509044286
115480380466
115460676275
115433809734
115412318976
115380086408
115353228863
115319213410
115301312592
115278043531
115258356786
115235093287
115211832388
115190363278
115170685267
115143855098
115120604569
115093780312
115072323252
115054444448
115031204489
115006179563
114977582503
114948988911
114925758946
114898958451
114872160886
114841793883
114822146748
114802502085
114777502167
114752505195
114731081701
114706090585
114684671611
114652547113
114629348328
114600799884
114588311115
114561552894
114536581026
114506261641
114483078758
114459898477
114431372035
114408197078
114377894277
114354724514
114333338996
114310174593
114285230771
114258508024
114231788241
114210415363
114190825452
114164115181
114135627235
114105361922
114073320388
114048401948
114023486510
114003912237
113979002165
113955873804
113927411364
113904288277
113874053870
113843823079
113813595564
113786927025
113765594369
113738932204
113722936587
113699834494
113676734629
113650083872
113628766110
113602121931
113575480472
113552393869
113525758308
113499125517
113470720883
113456520157
113431671485
113405051208
113380208222
113353593665
113328756365
113296826147
113261352221
113240070225
113211697413
113188647158
113165599423
113142554298
113114193994
113084065041
113066344289
113052168811
113029136606
113004335916
112984851495
112956513741
112926408326
112906930303
112876831758
112859129060
112830807270
112806028674
112784792198
112763558254
112742326514
112714020680
112692793822
112664494718
112634430263
112606137325
112588456353
112560169767
112535421903
112503607067
112480632154
112452358890
112436456903
112409956472
112386991719
112360497346
112335771836
112305751369
112281031633
112258079926
112243957428
112219246032
112194537712
112171596639
112146893745
112118665167
112090439569
112056925512
112035761438
112005782363
111988149573
111966992155
111944074196
111917633941
111892958867
111870049094
111854190211
111825999937
111801336077
111781959728
111767869078
111744974597
111723843683
111695672179
111672785500
111649901713
111632300731
111616461358
111593585469
111570711878
111544322199
111528490174
111503865368
111481002023
111461658804
111430009296
111410669957
111375511863
111359692576
111336845289
111312243143
111296429236
111266561799
111245481351
111222646628
111194545780
111175228483
111152402080
111127822024
111096222754
111078669778
111057608510
111034794965
111013738845
110983912336
110961106367
110945319182
110913748726
110887443235
110857633642
110841853937
110820816859
110785758829
110755963146
110733180835
110705144241
110678862830
110659592017
110629813142
110603540463
110584276254
110558010051
110535248224
110512489299
110482730630
110461726788
110431974857
110409225972
110389979423
110361987603
110323503359
110290270602
110265785892
110239555293
110211579515
110194096543
110160882748
110145151405
110122431298
110101461176
110073504484
110042057056
110017600256
109987906449
109959962463
109930275346
109909321986
109884879494
109856948130
109830765563
109809821937
109785390351
109767941505
109745260448
109719092795
109691183963
109670254933
109647584614
109621429337
109591789812
109572613567
109551696599
109530781575
109504640964
109475018451
109455852802
109434947558
109415786791
109391403087
109368763730
109344385382
109321751159
109300860557
109276490685
109253864252
109224279161
109199917325
109172079097
109145983720
109114672724
109088583217
109069453114
109036413759
109008594801
108982517420
108961657648
108933848060
108918206981
108892141660
108864341814
108850443346
108827861357
108800070783
108772283595
108753182180
108728874062
108706304361
108675058455
108655965776
108633404247
108610845126
108588288933
108570939891
108543184297
108520635654
108503292522
108472078698
108447804048
108423532338
108411397605
108383664659
108354201934
108323009848
108303950123
108281427628
108245049081
108229460296
108201749618
108186164343
108160191756
108137684817
108118642658
108089217389
108066718012
108044221493
108026918573
108004427028
107980208592
107954262781
107935238314
107905840165
107881632701
107853970087
107836682841
107812483779
107793472534
107772735308
107746816765
107720900980
107694988225
107670805879
107644899358
107613814788
107591367937
107562017590
107532670667
107508505277
107482616638
107467085331
107444653654
107423950106
107398073511
107373924839
107346329691
107315288877
107285975680
107268734722
107248048144
107223916634
107204958059
107184278539
107168770752
107148095938
107123978312
107103308240
107084362987
107055087120
107030980774
107006876894
106975889794
106953512943
106934580874
106913929846
106886398712
106869193740
106841669020
106812427041
106783188690
106757393409
106736759511
106712689649
106702375013
106680029392
106652529894
106619878541
106594103854
106566614314
106549435186
106528823156
106511648124
106485888375
106467000196
106446397190
106418930010
106391466142
106362288835
106338263483
106317672837
106286789947
106259342061
106240473654
106221607543
106195884302
106168448942
106137588392
106123874054
106096448016
106072453292
106046747563
106026185507
106003912592
105990207786
105964514201
105945674416
105923412001
105897727502
105877182014
105846367644
105825827340
105803577787
105786464591
105759086969
105738556185
105707763841
105687238249
105663293939
105637642136
105611993075
105589766904
105567543351
105536776011
105516266887
105490633054
105468419919
105442792378
105418875964
105396670787
105369344235
105345436313
105316408910
105297628221
105277142707
105253246215
105227645816
105202048291
105176453772
105155980406
105125274622
105111629014
105094573972
105068994235
105041712427
105014433893
104990568059
104966705059
104944549254
104922395719
104901948887
104883208116
104861062573
104840623161
104826998319
104794643306
104765697339
104745267325
104726542052
104704414671
104672078834
104644851870
104617627818
104593809424
104566591966
104547882237
104518970454
104498564432
104476460387
104450958704
104427160168
104398265035
104377871015
104347283543
104320098061
104294614616
104270832770
104250450964
104226674998
104196109546
104172338958
104146873307
104118016170
104092556527
104067100040
104048434131
104033164094
104002627070
103977182763
103953437325
103931390888
103904259580
103875436323
103856788072
103838141775
103816108184
103795771766
103773743237
103743245913
103716140075
103697507280
103670408472
103646699360
103622993158
103602675992
103577282405
103553584575
103531582202
103511275058
103482509261
103455439223
103435138975
103406383760
103381014475
103357339193
103340430325
103315069960
103294783882
103267739248
103242387751
103222108951
103195073743
103179868266
103157907223
103141016167
103113993737
103095418088
103080221649
103049832307
103026198623
103000880210
102973877090
102955314385
102938441089
102909760088
102889517242
102865903594
102840606007
102816997821
102793392259
102763046175
102741131832
102704051016
102683827622
102660236240
102634962655
102613061434
102592847294
102562529886
102544004753
102532217472
102512013146
102493494637
102471611810
102449731997
102427854506
102412710299
102382425143
102358872903
102340369754
102315141387
102293279506
102271419817
102247881813
102226027598
102199133262
102177284035
102150396089
102128552030
102105030432
102083191929
102056317115
102037842680
102010973984
101987466674
101962283191
101927030518
101906888632
101876679136
101848151575
101831372527
101809562092
101786076874
101762594700
101737438109
101710607691
101687134067
101663663005
101645223652
101626786805
101603324063
101571485514
101553054913
101526249951
101499448453
101470974826
101444179654
101419061775
101398970211
101378880907
101348750793
101325318841
101300216412
101278463457
101253366954
101229946058
101206528410
101179768608
101163045414
101142980468
101131276755
101107873029
101084472087
101062745226
101042691840
101017628531
100995909626
100962499472
100945796340
100929095378
100905716662
100880670829
100853958713
100820572917
100797205321
100777178547
100753816773
100727120687
100705432804
100682079626
100653725425
100620371361
100592023944
100562012680
100545341630
100520338179
100497004095
100467007259
100437013821
100417020833
100390366301
100368712430
100340398699
100323746005
100293774243
100268801084
100252154146
100228851244
100215536908
100200560367
100180593465
100157301403
100137339171
100109062822
100089105586
100062499178
100032570662
100004307929
99979373394
99959428214
99931176085
99912897550
99891297945
99871362447
99848107081
99833158984
99804927009
99780019746
99760096332
99736854914
99716936292
99693700650
99670467684
99650556278
99628987959
99600786622
99585858503
99562639903
99539423755
99521184934
99499632235
99476424699
99458192228
99443276729
99415106124
99383625053
99360431365
99342209450
99317365323
99289211716
99262717280
99247816317
99222983468
99193188298
99165051413
99140227842
99117061798
99100516650
99072393561
99044274044
99027734684
99004582810
98976473381
98953326971
98926877395
98890513929
98867376007
98845893438
98822761022
98804588093
98786417338
98768248581
98743475850
98715404021
98700544128
98679082167
98652671285
98627913708
98608109962
98576757977
98553659541
98523964915
98500871833
98471184203
98451394877
98434905861
98418418601
98392042431
98372263005
98355782239
98331063590
98309643423
98293168349
98270105895
98245399480
98220695823
98195995396
98176237484
98148250303
98126850786
98097224486
98069247817
98042920155
98028112408
98006725999
97983697165
97957382171
97939292818
97916272578
97894899095
97865309211
97837366270
97817644046
97794637940
97771634528
97745348502
97720708069
97697713077
97671436333
97651731321
97628744957
97605761309
97587704610
97566367439
97549956547
97526984137
97502373866
97482687774
97461363993
97438402705
97410524514
97389208343
97371173826
97349863053
97328554548
97308887560
97289223092
97272837826
97258093195
97230245684
97218780397
97190939610
97169652079
97156553707
97143456633
97117266129
97089442126
97066530876
97040349856
97014172504
96992905731
96971641918
96952015686
96929121332
96902959512
96875166243
96853915042
96827763090
96801614532
96775468970
96750960477
96724821201
96706852568
96680720020
96652957277
96628463848
96602340596
96576220660
96559897634
96532151747
96509305065
96484829600
96463619963
96444044401
96419577890
96396745494
96380438476
96352720421
96331526204
96307074513
96289145580
96272848832
96246776706
96222337327
96194642692
96171838012
96157179737
96136008996
96109955924
96082277727
96057859562
96026933401
96002520850
95986247948
95955333119
95930929448
95908155648
95888637932
95860990899
95833347022
95799203423
95781320582
95756937993
95730933353
95713057112
95691933331
95672437209
95651318716
95626954173
95604216607
95579858172
95560373504
95539268247
95519788845
95493819131
95471098601
95443512740
95419175237
95401330088
95381865044
95364024179
95334833617
95312132631
95287812894
95265117556
95242424948
95222976840
95195428405
95169503677
95153302907
95132244126
95104709211
95086894454
95059366491
95041556296
95015654004
94994611155
94971952307
94944441138
94916933547
94895900766
94873252708
94848990099
94829582501
94813411719
94787541787
94760058648
94737427712
94721264988
94698639788
94676017236
94648550545
94627549222
94611396214
94585554546
94564560793
94538725773
94514508244
94483836347
94466081422
94448328483
94427350604
94404761610
94390241631
94370884321
94353142084
94325726263
94311213898
94288641752
94266072270
94248341415
94225777579
94204828096
94177435887
94156491354
94130716762
94108166592
94077567057
94056633024
94032481435
94009942791
93990626277
93963264626
93950390390
93924644762
93911773652
93887643279
93858690323
93839390747
93821701866
93797583665
93778291403
93755786231
93736498581
93710784999
93686681506
93659367281
93635269820
93607962761
93595113891
93571025532
93551757102
93527674645
93508411115
93482729691
93468285628
93452238738
93423357578
93399292977
93367210817
93343152638
93319097147
93293441281
93269391640
93243742266
93211684506
93190849391
93166811932
93144379298
93117143443
93102726562
93070692570
93040263889
93009839472
92993828480
92968213932
92942602828
92931399453
92897793414
92878592188
92854594101
92841796879
92817804604
92800212317
92782622216
92758638803
92739454367
92717074945
92694699019
92673923610
92649955153
92621196401
92597234234
92579663627
92552512660
92539737476
92515786935
92501418448
92472684700
92453531678
92429593591
92407253755
92388107869
92359392355
92337061003
92308352883
92284432388
92263703945
92236601236
92211095660
92193563111
92176032366
92152129899
92129823751
92109113246
92085219849
92056551303
92039033848
92021518629
92000821208
91978534534
91962617512
91945110947
91919650231
91903739261
91884648373
91868741229
91848064736
91822620034
91800358764
91774920622
91751075341
91727232760
91697036097
91682734292
91652545375
91627125897
91611240789
91592181111
91562007018
91536600478
91512785081
91488972352
91474686531
91460402674
91438186074
91414385387
91393760730
91376311381
91355692012
91341418673
91316047577
91287508545
91265314319
91251048842
91225690232
91203504616
91178152968
91159141382
91135379947
91108454108
91087865883
91072030719
91046697835
91021368211
91000790176
90986545733
90961225401
90942237385
90918505880
90904268869
90880543572
90855239786
90841008087
90814129382
90796739445
90768286833
90739838049
90722454694
90701913607
90678215090
90654519821
90635565621
90615034434
90586610890
90562927857
90543983417
90532933942
90512415991
90491901094
90471388361
90452456033
90425638140
90400401396
90381476036
90359399340
90334171910
90310524207
90291608573
90267967464
90252208478
90228573233
90201789866
90179735840
90159259415
90140360563
90121464287
90099421291
90078955330
90053769866
90025439570
90001834147
89986098889
89967219089
89940476354
89923174653
89901156949
89875996911
89847695549
89827258258
89803679849
89773817348
89756530897
89734532845
89720392902
89685832806
89660701742
89641856002
89621441977
89597890450
89577481917
89558645537
89539811649
89511564209
89488027602
89467631497
89456650516
89433122883
89411166815
89390781294
89376670079
89356290136
89334345220
89312402984
89284195366
89262259024
89241891621
89223093675
89199599350
89177673718
89151053627
89132265185
89108782452
89086868386
89055566260
89033657592
89014881064
88992978048
88971077316
88946051860
88925721097
88906956801
88875687213
88850674881
88824102290
88808473014
88797534211
88778784177
88755349634
88733480108
88722547145
88702245190
88677261018
88661648020
88635109207
88616378327
88596089022
88574242012
88555518910
88532117559
88511838892
88486883814
88461931952
88440101836
88421392410
88390214682
88363716711
88345014575
88313848645
88299825712
88284246716
88262439148
88240634408
88217274607
88189247225
88173678253
88150327578
88123866905
88102078461
88083405375
88058510901
88025841290
88005619773
87985401142
87952743735
87935640010
87916983454
87899883933
87875014991
87857919776
87837719345
87822182117
87792665868
87772472653
87744516913
87721223348
87704143833
87677750926
87651361717
87638944947
87614114303
87586183759
87572220184
87559809856
87534992296
87517932325
87494671792
87471414491
87443509287
87423357964
87400109349
87386162134
87355172260
87339679098
87319540709
87294757865
87271527118
87246751112
87229719755
87206497984
87177087975
87156967872
87126017888
87107450534
87088885214
87065681459
87045574264
87030109444
86997637201
86977537790
86957441135
86935801273
86909527642
86883257421
86855445901
86838451958
86826094518
86801382658
86785939730
86759690135
86739619460
86724182464
86705660472
86687140830
86660908349
86640850624
86633137153
86605371901
86588406614
86565275189
86542146614
86519020877
86502064272
86475861805
86461991938
86432714991
86404982497
86388037098
86371094113
86344912344
86321813529
86297178287
86278704235
86257154093
86241763107
86221757350
86203293242
86177138629
86155602485
86129455070
86103310831
86083320808
86064871104
86046423190
86020292531
86001849779
85978799586
85955751651
85938852426
85912738761
85888164415
85862057468
85839024861
85814459745
85796038553
85771479999
85753063595
85736184092
85717772626
85691692877
85670218289
85650280116
85621143797
85604277476
85585880044
85564419374
85541429161
85527636474
85509248852
85483203315
85466352552
85444908956
85431125309
85412749483
85392845164
85369881939
85348452373
85330086085
85314783177
85291831552
85267353082
85248996708
85226054225
85201585127
85178648764
85160301972
85134314321
85115972599
85099161498
85079296107
85053321634
85030406019
85010548082
84992220406
84966259609
84950990671
84935724039
84917406097
84896037635
84877724247
84854835494
84828898665
84813643831
84790764536
84766363128
84748064640
84725194207
84700802393
84677937874
84652028255
84630693563
84609361997
84581938955
84559089198
84534719614
84522536390
84501218512
84481425999
84463158065
84441848895
84423586111
84399238985
84385545056
84361204322
84341430239
84324700284
84301889871
84276041410
84254757264
84238036223
84221317362
84197002164
84172690230
84152939547
84136229244
84116483449
84096740056
84073962233
84054224216
84032970808
84010202349
83985919467
83964674417
83941914932
83920675560
83902472940
83878206024
83861524393
83837263333
83813005709
83788751279
83766015688
83750860636
83734192241
83719041267
83702377434
83678142188
83650881122
83634223843
83616054615
83594859891
83570640991
83544911380
83523724972
83493463124
83478334334
83458669261
83440519129
83414810288
83398177281
83373986709
83352822933
83333173362
83308992944
83293882036
83272729342
83247047205
83225900275
83195694095
83174552717
83151903872
83135297133
83111145069
83096051973
83076433608
83046255440
83017590129
82994962864
82975355103
82955749756
82939162959
82916547678
82896950413
82886399312
82863792839
82839682453
82814068760
82789964732
82771889096
82749297479
82731226775
82707135323
82683047495
82661973413
82634881421
82607793243
82579204034
82550618629
82537079990
82517526627
82493464205
82469405051
82451363235
82427310325
82404763906
82379214487
82359679394
82343151835
82323622308
82302592944
82275558798
82256036813
82230511316
82212495810
82198985941
82171969965
82144957055
82120949329
82099944863
82074443256
82060944159
82045947231
82024954159
81999466318
81984475212
81964989573
81947005163
81923029367
81902053001
81887072111
81867599540
81848129347
81830159183
81806202629
81783746074
81773267699
81749320139
81722382913
81699938364
81680488977
81656554433
81638605941
81619164418
81596734607
81578793413
81559359754
81533950053
81514521652
81492106821
81468201195
81453262123
81421894520
81397998404
81369625711
81356187640
81335287232
81314389488
81293494398
81274094765
81250220871
81224858178
81199499365
81172652593
81160722459
81144320450
81121956855
81095124547
81081710078
81053394357
81032532939
81016143874
80987839411
80965496788
80941668158
80913375427
80894019726
80870200238
80849361342
80834478478
80812156705
80791325959
80776448673
80749673509
80733313150
80709519406
80687215877
80663428603
80644104048
80620323006
80598031365
80586144253
80566829768
80546032552
80528208962
80505932727
80491083729
80476236897
80451000472
80424283330
80404990131
80387183107
80361960164
80344158296
80320425424
80293729664
80272969310
80253694165
80228491856
80212186601
80189955148
80166244506
80144018747
80127722158
80109946488
80087730011
80069959217
80043306651
80022579455
80000374926
79984094037
79960415851
79941179364
79916027709
79895317975
79868694193
79843552852
79825808508
79806588157
79784413856
79760764456
79740073836
79716430688
79697223137
79675063200
79646998511
79620414201
79598263548
79577592828
79561353685
79534783787
79518549134
79502316217
79487561145
79461005887
79447730182
79432981178
79413809877
79396115755
79374001478
79348941709
79329780850
79310622849
79291467344
79272314203
79248744781
79223705158
79204559875
79176582328
79158914810
79138305340
79117699090
79097095574
79067665742
79047067516
79029414454
79008821716
78995585519
78974998773
78960295779
78944124464
78920605946
78898560407
78875048073
78854477845
78836848299
78816283547
78791315768
78767819716
78754605091
78747264358
78728181607
78713504461
78694426924
78668015600
78646009115
78628406293
78603472202
78585874210
78563879675
78543353967
78518433728
78500845364
78473000805
78452486555
78427579852
78405606411
78388029843
78371920360
78347027247
78327993798
78303107253
78289934060
78266517690
78247495111
78228474548
78206531117
78180202919
78162653143
78143643026
78117325210
78098320455
78067624790
78042779561
78022321229
78003326668
77981412853
77956581218
77940515913
77925912869
77895250784
77871892272
77857295346
77835402931
77820810117
77803300793
77787252884
77763914148
77743495330
77724537457
77704124089
77677881839
77663304857
77645815175
77625413007
77603556676
77587530771
77565680348
77549658789
77532183169
77514709861
77485591865
77466667872
77450657505
77424462017
77395360279
77367716952
77350260400
77322624545
77303718542
77283361306
77258644929
77241200781
77217944881
77200505143
77178708906
77158368466
77140935952
77116243701
77091554946
77077033678
77059611002
77036383868
77024771654
77004453534
76984138246
76959472963
76939163231
76915955223
76894200806
76875349479
76849251213
76831855195
76808662727
76788372443
76768084951
76747800659
76728967292
76711585612
76698551035
76681173901
76656559558
76640634901
76620369835
76589976564
76566823250
76546566676
76524866375
76510401521
76491599606
76462677748
76443880795
76426532199
76397622319
76380278743
76358602166
76334038717
76310923295
76287811417
76274813078
76258928039
76241601213
76222833008
76199736976
76180973917
76160770421
76139126776
76118929170
76100176583
76079984291
76062679259
76045376499
76023751072
76003569932
75979067629
75957451366
75938719773
75918549895
75891180260
75869576107
75860935737
75845096858
75824940790
75807666970
75783198691
75763051337
75734273119
75712692432
75699746013
75681048462
75656600851
75636470379
75614904954
75596217607
75568908910
75548789736
75532983879
75515743375
75494196170
75471215698
75449674401
75435315503
75416651442
75390812254
75370718396
75344886514
75324797944
75301842714
75278890696
75257376245
75235864808
75217224339
75194285197
75174215975
75154149863
75132653598
75111160065
75092534980
75062452455
75048129467
75029512244
75009465702
74987990171
74966517676
74940754262
74917856526
74893531101
74869209192
74854904232
74837740822
74823439626
74797701882
74776256465
74753384329
74731944688
74716224599
74693362045
74671931562
74656217997
74644791769
74623369926
74601951403
74584819009
74560551520
74540569100
74526298202
74499186949
74477786544
74457815396
74433568399
74405046085
74383657598
74365123577
74345166591
74326637750
74306686322
74283888048
74263941940
74236876427
74218360372
74205543451
74182760625
74162828827
74140053041
74111586715
74091663111
74073165176
74054670125
74033332642
74020532243
73999200734
73983559745
73957969321
73938068523
73919591814
73902538664
73876962548
73855652339
73841447279
73821563145
73800261880
73781803305
73759088117
73742054061
73719345083
73698058606
73682450673
73668263521
73651241337
73632803722
73610114222
73591681427
73574668895
73551988799
73525059990
73510889016
73491052396
73471218686
73455637181
73444306999
73414568996
73396162385
73379173991
73363603590
73343789416
73326808242
73312659050
73297097633
73281538088
73260323491
73246182681
73232043719
73212251891
73189635937
73175503091
73151480562
73131700112
73103446122
73085083803
73059662241
73037068681
73018713820
72994714927
72977777001
72962252734
72941086133
72915689885
72897350626
72877603710
72856449307
72835297772
72819788945
72800052737
72778909962
72754951997
72739452146
72718318525
72692962137
72676060089
72659160517
72640855446
72622553037
72604253332
72581733052
72556401530
72533888152
72512784827
72495904527
72473400483
72459337475
72442464429
72428405511
72410131362
72393265292
72370780448
72349703785
72328630122
72310368879
72289301288
72273853883
72261216786
72233138878
72213487436
72192435207
72169982073
72154547922
72137713410
72123686274
72104051202
72083016437
72064789150
72046564467
72022735666
72005917974
71990503791
71972289440
71948474487
71935868230
71917661789
71900858031
71881256647
71863058190
71840663092
71809873950
71786085615
71765099158
71751109932
71730129291
71704956287
71679787259
71654621649
71633652890
71618278255
71595918135
71579150719
71551208689
71528858153
71505114408
71481373899
71461825983
71438092700
71418550180
71396219056
71373891040
71358542775
71337616252
71318087468
71298561538
71276249734
71260912391
71242789184
71212122952
71189824006
71174495525
71153595880
71131306296
71111805784
71093700715
71075598346
71056106126
71044969190
71029658031
71014349592
70989302448
70971215543
70951740347
70929485883
70903062714
70886376830
70865522065
70847450776
70825212490
70809925839
70786304234
70764075796
70747406384
70734906215
70712687067
70697413768
70676589007
70652991614
70632173389
70616908696
70600258638
70582223831
70562804409
70542000984
70519813828
70505948776
70485154215
70464362514
70436644742
70421402001
70402005275
70379840085
70352138195
70328594828
70307824491
70298133110
70278752916
70257991419
70238616755
70220628384
70201259316
70186042789
70170828564
70154233466
70139023965
70122433779
70108611071
70087879338
70067150463
70049188560
70022940429
69998077233
69981504053
69962171265
69938699588
69923514133
69898668805
69884867903
69858649948
69840714273
69821401401
69803470540
69782784151
69759343050
69738662547
69719363253
69700067083
69671127136
69650458665
69627037494
69604997734
69588469816
69566436098
69551290117
69530639530
69505862790
69489347160
69468705533
69448067218
69424680221
69408174275
69390295512
69365544066
69350420209
69327050414
69306432889
69287192737
69267955537
69250095192
69236358222
69215755715
69199275985
69177306033
69156712138
69137494350
69119651981
69101811980
69083974583
69064767997
69046935994
69027734442
69015392691
68990712799
68970149318
68953700916
68930402301
68912588330
68890666708
68874228044
68855051906
68837248443
68816708982
68796172703
68777008199
68760583579
68740056274
68715426852
68694905077
68674386706
68660709472
68636094246
68621053907
68601914447
68578677148
68554076784
68532212664
68515816978
68499423862
68484398895
68470741627
68454355419
68435241105
68406573900
68392924828
68373818998
68358809739
68332888150
68313790638
68291968222
68274239929
68255151125
68233338305
68212891610
68196536520
68174733534
68155659050
68132500045
68118879173
68097088949
68082110260
68063049330
68048074705
68023575059
68005883442
67982751235
67963704343
67940579686
67922898253
67899779818
67883463464
67867149416
67846759863
67834527828
67807350128
67791045636
67774743880
67747577720
67724489973
67709553312
67691903119
67674255550
67667468967
67648469889
67630830306
67607766567
67584706228
67569787005
67546733192
67519615154
67499279655
67480302781
67454551954
67439645827
67416612576
67403065856
67389520604
67366497405
67343478122
67324523462
67305571686
67294743650
67271737621
67254147364
67228442109
67213562140
67198684625
67174343343
67160822043
67136487655
67120267093
67104049259
67083779890
67056757808
67040547148
67018935758
66997327678
66975722712
66955471633
66937922930
66923076185
66913629946
66897438328
66878550916
66856968376
66843481300
66817859405
66798983009
66782806041
66767978936
66746415582
66730245576
66707341411
66692523474
66672319635
66654812674
66637308097
66621152219
66602306703
66584809702
66563278440
66544441410
66525607484
66509466520
66491982937
66473156815
66451644741
66439545898
66420728412
66401913566
66381757883
66361605228
66340112246
66322652203
66305194488
66285053921
66264916372
66242097557
66217939759
66200495144
66183053017
66158906015
66145493211
66125376820
66109286106
66085153188
66065046017
66044941276
66024840001
66004741506
65981966947
65967232550
65948482244
65925717621
65908312282
65886892870
65865476886
65842725501
65833358914
65813290293
65791887327
65774499896
65751765609
65739731850
65717004391
65702300758
65678243622
65658199271
65632813422
65616782358
65595411274
65580721019
65558020930
65544669998
65533990900
65517974472
65496622752
65476607881
65461932758
65440590238
65417917423
65400581710
65384582228
65367251593
65347258072
65327267299
65303282329
65285962216
65269976722
65253993764
65232686466
65208719084
65183424291
65168782420
65152811484
65135512417
65116885295
65098261403
65082300455
65070331254
65046396540
65029112949
65010502633
64994553359
64974619904
64953360702
64932104830
64912180629
64894915250
64877652595
64863047788
64853755327
64833845714
64816593447
64795363099
64771482683
64752911883
64733017242
64711799702
64695888752
64678654731
64660097683
64645519430
64625642871
64608419172
64587224388
64568681244
64554113813
64534252256
64519689249
64502481006
64481304836
64464101837
64440285863
64416473701
64400601359
64376796071
64351672368
64329196369
64310689715
64288220946
64265755693
64240650882
64223476367
64203662710
64187814154
64177250540
64160086425
64137644486
64121805878
64103329942
64087496316
64070345279
64055835204
64029456958
64008357560
63991217275
63976716144
63955626644
63939811712
63920045893
63896331011
63875254261
63858131886
63838378219
63817311099
63798880211
63779135846
63767291217
63744920940
63725185701
63705453036
63685723651
63668627438
63652848826
63641016593
63621299048
63606841731
63584501700
63563479292
63543773871
63530638877
63512252463
63500434500
63478115349
63461050354
63443987521
63424302686
63407245137
63392814182
63373138491
63352154563
63329862614
63310196279
63294465429
63274804922
63259078754
63235492978
63213221263
63190953192
63169997890
63155593191
63135953706
63116317165
63099301624
63082288673
63057426882
63041727114
63024721829
63010334926
62992027128
62973722296
62960649308
62939735622
62918825314
62901838211
62883547323
62860033833
62839136297
62824771364
62806491644
62786908769
62769939854
62755583735
62737315029
62722963478
62707309214
62686440802
62669487525
62648625139
62631676850
62606910369
62588664461
62562602441
62546967721
62531335417
62520915369
62496171606
62476639947
62455809671
62442792797
62420667244
62399846540
62380330239
62363418484
62346509421
62325701449
62310097725
62287995772
62265897739
62250301481
62236007048
62211320423
62193133245
62176247560
62159364363
62150274674
62134694868
62115223183
62103541934
62082779020
62063316743
62037370659
62014022993
61998460355
61981603404
61959562683
61944007011
61923269623
61906423138
61888283490
61874032765
61848126765
61828700370
61815751218
61797625656
61785975001
61766560274
61747148877
61725152388
61712215302
61692812787
61672120071
61657895858
61639795100
61621697388
61601016954
61581632441
61563543039
61545456327
61535122679
61519624717
61497672562
61478306151
61464106440
61449909119
61429261065
61415067860
61395716185
61378947628
61360891798
61341549183
61324788260
61308030089
61282252131
61262921768
61246171195
61230711517
61207525899
61186919331
61165028232
61144428144
61128980366
61108386512
61089083107
61068496037
61051771266
61032476711
61014471221
60993896919
60973325445
60955328547
60936049196
60915487438
60897498732
60878228255
60860245283
60840980790
60829424033
60812733160
60796044775
60778075603
60766525742
60744713007
60726752257
60704946556
60683144041
60663909530
60643396094
60624167733
60604941974
60585719557
60567781423
60549845909
60533194326
60513983733
60498617821
60484534504
60467892785
60444854889
60424379965
60406466911
60392394584
60366812414
60354023616
60331007236
60315665496
60296490899
60279875466
60261985102
60245374927
60230044777
60213439940
60195560756
60176407051
60155979955
60140661921
60126622592
60102376845
60080686808
60062827100
60044969906
60030941625
60016915382
60002891501
59987595147
59974850239
59957009955
59940446766
59925159902
59904780602
59883131477
59865305267
59847481961
59822023965
59810570046
59797845050
59774943768
59755862181
59736783762
59720251643
59702450707
59680838566
59657958690
59641437077
59626188955
59602049282
59582994793
59562673237
59547434359
59533467636
59518233520
59497924690
59473811831
59459854122
59438285887
59420526911
59402770867
59386285600
59365999116
59349518903
59329238987
59319100599
59300093810
59282357190
59264622920
59243092291
59220298781
59200041115
59173457110
59158269000
59138020862
59121571725
59098799851
59074766926
59058325979
59044416226
59029244702
59015339729
58996381024
58979952885
58962263707
58942050745
58920577674
58901634225
58881431149
58862493652
58844821748
58829676732
58810748375
58793084417
58780469403
58761549800
58747677471
58728763944
58708592470
58688424396
58673300648
58654399059
58640540130
58620385018
58605270768
58591418447
58566236621
58548612039
58525955491
58503302943
58485686969
58463040979
58446688188
58434111208
58413991046
58392617223
58372503927
58348623022
58329772495
58315950790
58299618853
58288314074
58268219608
58250639990
58238084976
58215489506
58190387274
58176583259
58152744094
58133926419
58116366253
58091284403
58072475844
58057431332
58042389204
58029856076
58013565971
57994772270
57977234442
57962204870
57947177536
57927143826
57907113388
57890841089
57874571564
57863309967
57847045744
57829533118
57812023238
57792015510
57779512758
57759511224
57742012966
57720768207
57704524980
57687034688
57663301879
57644568444
57630832679
57610856579
57589635556
57568418247
57552195646
57534727842
57512272792
57494810638
57478598397
57463635577
57448675237
57423745015
57393833485
57378880305
57362683538
57340260826
57326560363
57317843178
57300411776
57281738387
57263068006
57243156190
57226980223
57204586579
57182196363
57164784535
57147375503
57131212130
57116294756
57093922674
57079010502
57066585906
57052920661
57033046815
57013176235
57000759117
56977170754
56957309836
56942416740
56928766735
56907674682
56896510083
56877905534
56858064012
56839465371
56824588985
56803517268
56782448905
56766340614
56748996146
56729176696
56709360912
56694501280
56675929635
56654885362
56643745965
56621470911
56601674273
56580643728
56569511755
56544777519
56528703040
56513867596
56506450932
56485440651
56474319266
56455786919
56437257342
56417495480
56401441933
56382921138
56370576056
56353295708
56338486694
56328615366
56312577323
56290374125
56275574487
56260777153
56242283660
56228724141
56212701922
56194217429
56185592760
56167114381
56147406919
56126471392
56101845464
56080916765
56067376778
56053839005
56037842378
56014466285
56000935132
55984946235
55971419530
55954206480
55928391359
55914871184
55893979623
55879235329
55860807556
55841154430
55822732771
55803086221
55789581572
55776079169
55762578740
55747853200
55729449999
55707369483
55691424818
55671803974
55655864671
55635024100
55617864338
55600706916
55584777841
55561500948
55539452706
55528430337
55514960974
55495372528
55477010943
55462323869
55446415608
55428063029
55410936967
55392590530
55375470056
55354684193
55337569113
55322901791
55307014636
55294795774
55278913603
55256926499
55243492204
55225175615
55206862104
55188551313
55177566868
55161702875
55151942213
55123884706
55097051264
55082417450
55065347240
55053156208
55037310375
55019029844
55001970990
54984915012
54972733712
54952029355
54936199328
54919154606
54900895207
54875336180
54854648835
54837614839
54818150731
54803554811
54787745704
54775586940
54758567272
54739119446
54722105112
54706308645
54688084872
54667435227
54646788998
54633431753
54614005929
54594583577
54573950924
54558175279
54544828972
54521780243
54501161100
54480545087
54464782910
54447810706
54430841252
54415086675
54389640926
54370256760
54355721056
54339976711
54316969722
54301230509
54284283851
54268549740
54247978155
54232249582
54215313682
54198380528
54180241165
54160895459
54147597800
54131884449
54118590976
54101674884
54083553513
54071474247
54059397263
54043700004
54023175865
54005069542
53996621303
53974900291
53958009169
53939914568
53920616790
53907351671
53884443472
53866361033
53855513392
53841052084
53827798217
53812137134
53795274216
53782026933
53767577601
53745907399
53725444318
53709798899
53694156232
53680921887
53661675799
53647243401
53630408577
53612374226
53591938793
53577516045
53563095733
53547476050
53533060710
53510240087
53492226644
53476617637
53463412224
53446607492
53433406131
53413007972
53395012649
53372222140
53360228828
53344640367
53326656712
53312272602
53296692413
53277519635
53258350123
53242777296
53228404974
53215232671
53194878556
53172133641
53154180390
53141016833
53123069324
53105124919
53090771791
53075225238
53059680965
53041748314
53030990843
53013064170
52993945686
52974830244
52958107276
52940192887
52928252083
52909149659
52887662987
52870954021
52854247919
52837544515
52816072585
52805338308
52788643302
52770758923
52750492904
52736190004
52714739372
52699249767
52684954209
52662323274
52643269052
52626599214
52608741711
52595648532
52581367532
52563519263
52540915370
52527830917
52513559345
52493344624
52479077664
52461247347
52446985173
52426784160
52407774764
52385204817
52368577095
52350764710
52328205833
52312773620
52298531000
52284290540
52271239021
52258189646
52239212174
52221423765
52197710005
52183483931
52165703998
52151482788
52134893942
52120677328
52099356566
52081591877
52062646347
52044887586
52027131717
52010562711
51992813300
51972700479
51958505571
51939582043
51918297389
51901745013
51889924263
51875741213
51858015594
51839111608
51824936316
51808400894
51782421094
51764710541
51749364038
51731659441
51710417937
51690359370
51678562156
51658510527
51636103818
51624312660
51603092244
51583054583
51570091008
51550060131
51527676128
51513541268
51492342826
51474680385
51460553123
51441719511
51427596683
51408769429
51392298433
51378182611
51360541042
51339374974
51320563780
51302931439
51290003056
51274726831
51259453130
51238308426
51220690967
51200727948
51185464717
51166682365
51158466350
51138516577
51126783529
51111533000
51092766510
51078693990
51056416781
51043521504
51028284591
51008362170
50994301840
50977900752
50962674095
50946278751
50932228173
50913496911
50894768571
50879554690
50857322925
50846794036
50829248533
50811706174
50795335740
50777799345
50757928046
50741566148
50728712849
50710019889
50697170852
50678484832
50658633917
50643456270
50624779650
50611941555
50594438266
50579271313
50558274213
50545444932
50530285741
50508133610
50494144866
50483655341
50465010521
50445203708
50426565362
50412589156
50390463611
50381149397
50366015992
50349721236
50326447410
50308994949
50293872348
50270610362
50249677898
50229911905
50206661527
50189227182
50176444291
50159015812
50142751950
50119522068
50102102815
50083525521
50066111894
50055665665
50034776783
50016212209
50002290951
49984892364
49973295374
49958221833
49941991725
49923446223
49908380628
49888682959
49867830043
49850455576
49836558346
49821505699
49801824718
49789092139
49764789060
49747432645
49733550083
49716199618
49698852279
49680351497
49661854271
49637580200
49619089728
49605223970
49591360504
49575189202
49560175461
49547473802
49529001670
49509378765
49494375486
49485144350
49468992420
49450536332
49432083802
49411327986
49398645847
49376744410
49367524412
49354848817
49336415059
49322591991
49304165029
49286892658
49267320591
49250054038
49231639618
49208625586
49192518790
49178715358
49161463647
49143065037
49128119096
49107428050
49093636658
49078698271
49061464360
49043085110
49030451381
49015523408
49004042392
48990267414
48976495110
48955840198
48937483604
48917982793
48899632559
48878991205
48861793764
48849184387
48837723461
48825118712
48809078790
48797623802
48777008164
48760976682
48742658112
48726632492
48710609502
48690012016
48673994588
48660267918
48647687341
48633965195
48619102450
48599669939
48581383635
48568813656
48553960905
48535684107
48519694833
48503708285
48493433062
48478593473
48455767573
48436369290
48418114720
48405567143
48389600195
48372495594
48359954123
48341715811
48329178974
48310946886
48293857403
48280188179
48263104400
48243746303
48226668990
48217562384
48205043173
48183423182
48168633173
48153845780
48140198516
48126553266
48108362892
48091312765
48077674725
48059493831
48043588377
48022006292
48007242369
47994752216
47977723001
47958426476
47942537856
47926652174
47908500260
47897157276
47877877325
47857467255
47841595747
47826860034
47810993844
47793997109
47775870301
47756614602
47735097179
47724906500
47713585488
47693211300
47675103906
47659263164
47641162330
47624195703
47607232342
47590271997
47574445149
47558620987
47545060015
47530371456
47513425827
47495353871
47480673012
47465994653
47449060932
47424229486
47407301711
47388120666
47376839566
47358793284
47346388809
47329476294
47308057493
47291150888
47276501275
47260727383
47242703223
47223555942
47215673327
47198784790
47186401909
47167268394
47150388947
47133512418
47118888755
47103142933
47088524388
47071660071
47058170827
47039064314
47021085312
47001985699
46982889542
46973904590
46962675514
46949203152
46933488180
46920020546
46902066898
46888604172
46877387352
46866172408
46847110137
46829172629
46811238281
46788824105
46768654807
46750729947
46737288749
46723850213
46707054802
46696979175
46683547507
46672356599
46651097638
46637672926
46624250826
46610831190
46591823755
46572819508
46552700918
46537055946
46522531051
46503540614
46489020995
46476737552
46459990077
46444361991
46434317006
46420926174
46404190475
46381880285
46364035499
46351769566
46331701454
46316095802
46299378123
46282663736
46271522918
46255928078
46241449633
46225860655
46214727611
46195804602
46179111021
46161307735
46143507325
46126822484
46105692573
46093461590
46075674262
46059001711
46042332134
46023443557
46001225283
45987896903
45969018354
45953474104
45939043063
45922394782
45907968645
45893545246
45875796312
45863595975
45849180216
45827006138
45805944505
45788211807
45771590418
45757187895
45742787236
45721744691
45711778906
45697386611
45678569286
45663075354
45643158616
45627670790
45614397260
45596702888
45577906543
45562429267
45544744627
45530378264
45514909842
45492815384
45477352430
45459683728
45445330249
45430979478
45416631641
45400078858
45386839382
45370292885
45349337690
45335002491
45317362571
45300828198
45284296625
45268870085
45252344584
45231416223
45217099172
45206087890
45189574669
45178567523
45162059986
45145555459
45125753695
45112555063
45092760307
45071869872
45056479522
45041091918
45032300732
45018017725
45003737412
44989459573
44975184160
44958715753
44943347891
44926885474
44912620635
44896164216
44878613862
44865453484
44849005891
44834753674
44821600338
44805161963
44789821831
44769007502
44754769015
44742723002
44723014852
44705499820
44684704451
44673761409
44656255819
44637659174
44617972490
44601569883
44584077123
44567680556
44546915447
44534895858
44522878469
44503216763
44484651028
44472640317
44456265068
44439892603
44419157864
44398427061
44376608943
44362429600
44346072277
44332988829
44317727439
44307918210
44294841826
44279589100
44268696184
44256715995
44241471261
44220786276
44203370560
44189222709
44176165727
44158759337
44141355883
44125043412
44110908403
44100037543
44084820917
44069607283
44055482796
44035929244
44018551246
44002263003
43987063241
43975123012
43965355107
43946908388
43932804575
43913280041
43898097261
43884001408
43869908251
43852566027
43839561671
43825476284
43807059973
43790813486
43781067081
43765909385
43751836594
43736684120
43717206032
43704223230
43682588790
43672855485
43655554873
43640419463
43620963459
43604752630
43587464792
43569099857
43551818389
43532380013
43515104885
43501071408
43483802464
43464378878
43447116528
43433093251
43422308459
43411525199
43393197464
43378106908
43360863432
43349010949
43335006060
43323157933
43309158452
43295161387
43277937589
43263945666
43242423858
43233816760
43211227207
43194019397
43178965185
43158538162
43138114797
43120919769
43109100278
43092985591
43077948415
43063987842
43051103404
43036074164
43017828107
43003877592
42980273804
42970619637
42959894905
42945954778
42935233512
42919155039
42905222974
42888079096
42869866999
42854871329
42840949656
42831313243
42810973770
42790638257
42775656983
42758538533
42745702311
42723242500
42710411102
42694374601
42680479128
42663379940
42648421108
42628123565
42616374470
42602491721
42584340594
42567260388
42552318108
42538445939
42522442294
42508575185
42494710722
42476583539
42464856488
42447802316
42432882474
42420096372
42406247503
42389206323
42374297491
42360456282
42345553336
42329588741
42315755176
42292349242
42275330180
42257250747
42244491209
42226418574
42210474899
42196659642
42183909692
42172224319
42163727607
42148861045
42129750449
42115950812
42101092500
42087298007
42077749582
42067142344
42049113841
42027907737
42013066535
42001407790
41985512187
41970679295
41955849427
41937844838
41926197153
41906081666
41891262502
41874329600
41857400096
41843647275
41827782128
41816149561
41802404586
41787605320
41774922572
41761185521
41745337824
41727380673
41710483151
41691477067
41679864408
41665087506
41650313144
41636596727
41623937997
41610227190
41595464164
41575432407
41559620992
41548028025
41536437122
41515366928
41503780641
41489037207
41474296793
41462716988
41445876974
41431145048
41418519812
41401689322
41384862318
41369089817
41358576683
41341759233
41329148417
41317590460
41304984650
41290280452
41276629127
41257731207
41243035605
41225194122
41214701336
41193719230
41180083707
41164353298
41152819547
41139191558
41124518396
41108799701
41092036393
41078418700
41060614439
41042813518
41028156846
41015596438
41003038208
40988389854
40974790473
40963285586
40949691641
40932963621
40918329307
40899517479
40884889131
40868173707
40854595178
40835797640
40819091748
40802389480
40787777494
40771081072
40757518335
40742914719
40730399985
40715802341
40703292169
40687657552
40669941797
40654313370
40640771209
40625148540
40607446709
40592871005
40573094144
40558524026
40543957046
40533553928
40512751712
40500272824
40487796474
40475322644
40463890213
40446225820
40435837098
40419218238
40405717667
40389105145
40373533866
40359003320
40345513173
40329950780
40316465999
40306095057
40291578263
40273954182
40263589128
40240790514
40225249167
40215925848
40201426132
40182787272
40168293032
40156906849
40138278695
40125862197
40110344438
40091727176
40076215583
40066910730
40050371452
40032802191
40015235652
39998706312
39984245964
39965657472
39951202596
39934685556
39924364542
39915077569
39900633831
39883098522
39871754139
39860412034
39843917786
39829487808
39816091453
39803728001
39787246771
39770768407
39759441854
39739881265
39724441638
39710034056
39695629356
39683284852
39670942628
39654490076
39633928326
39626732971
39609261604
39592821678
39580494250
39565087693
39548657335
39537363428
39519912923
39505544749
39490153242
39475790864
39461431194
39445023380
39427593443
39410166738
39393768066
39380446899
39366103773
39351763251
39338449832
39325139039
39314902021
39301596548
39281130592
39266807176
39252486592
39238168898
39223853872
39209541630
39193187940
39180925256
39166621324
39154363494
39133937358
39117599726
39096160557
39083912025
39068604640
39055340667
39036979345
39024740919
39006386261
38990074527
38973765689
38961536469
38942177210
38924859335
38912637553
38899400026
38890237325
38878022665
38861739581
38851564621
38833252843
38816979185
38802742499
38789525254
38775294118
38761066066
38743792619
38728554244
38715350197
38695040423
38686917821
38668646069
38655452450
38641246546
38630086861
38613857743
38596617662
38581409505
38564176716
38551001199
38537828518
38528710827
38517568804
38498327577
38478077635
38460868634
38444675054
38433543971
38417356661
38406229862
38389037687
38373871318
38359718632
38342536371
38327379164
38317276252
38307175234
38292026627
38277891137
38264767714
38245590907
38231463183
38212294100
38200189704
38181028449
38165904126
38151790794
38134656701
38116517835
38102412893
38089317926
38075218492
38060114759
38047027562
38032936420
38010797804
37992687726
37981622751
37969554649
37953466777
37935371563
37919290219
37911250707
37896180000
37881112563
37869061091
37856007850
37842957185
37824890613
37814855715
37798802589
37783756214
37766707151
37750663685
37732618723
37717584164
37702552575
37687524052
37675503706
37659479628
37643458524
37625438714
37611425980
37596415661
37582408783
37566403929
37550402023
37538403025
37524407371
37512413323
37499422394
37485435070
37467454820
37452474473
37439494152
37425518048
37411544766
37397574132
37381610920
37368643211
37350691825
37328755875
37313802564
37301842478
37288888017
37275936268
37259998436
37247051479
37233111755
37218178908
37201258447
37191307507
37173399447
37159473673
37146545036
37128647514
37113735935
37097833523
37086902778
37073987517
37059088326
37046178063
37030291875
37019372414
37007462506
36993570258
36981665056
36961826646
36945959768
36932078852
36920183340
36903334819
36889462085
36878564218
36865687349
36844890624
36833009474
36814201255
36799355612
36786492177
36771652556
36761761620
36749894868
36736053018
36720236866
36705412639
36691579385
36677748617
36669846981
36657009220
36646148929
36629368338
36612591003
36598777097
36580033278
36569184135
36554392266
36538617430
36522846216
36506092875
36493283936
36479492722
36466689087
36455857392
36440105494
36423371953
36410578730
36396804338
36386967014
36369264078
36355497896
36341734014
36326990693
36312250182
36303407475
36288672930
36272959186
36259212558
36246450553
36230746551
36216027018
36199348393
36184635044
36173847349
36157178760
36147375658
36133654014
36121895260
36115037201
36102303726
36084676416
36069989933
36057264280
36042583773
36028884977
36012254090
35991714455
35980957880
35970203245
35958473299
35944791225
35933065977
35922320092
35909623243
35893022918
35882283733
35868618295
35853004049
35841295775
35827638765
35813984427
35800332853
35778884949
35768163090
35746724144
35735032532
35717498552
35707759860
35697048931
35684393420
35671740317
35656170939
35643523234
35630878277
35616290994
35601706533
35584208693
35568658099
35556997583
35541453599
35525912631
35508432837
35489014683
35475424681
35461837813
35446313527
35434672613
35421094079
35406548336
35389097570
35377465990
35363898582
35349365293
35339678361
35324182375
35307721248
35291263591
35275777239
35262229279
35249651900
35235142203
35227405521
35211935003
35201301614
35186804337
35167478357
35156851208
35146226179
35131740760
35117258675
35105675133
35089267954
35073829420
35061288147
35046820458
35028498965
35017894006
35004399632
34985125580
34976454165
34959114747
34946594248
34933113638
34915785156
34899422833
34890762280
34878255111
34861902816
34839783879
34827284414
34815748736
34793643245
34780190509
34767701592
34756175316
34743691269
34728329603
34712971355
34700495312
34688981276
34671713872
34662122650
34645821429
34633358456
34618980815
34602689240
34588317827
34574907201
34562457188
34549052246
34538522079
34522251298
34507897667
34499287296
34491635296
34476334140
34466773140
34448610849
34434275336
34423765103
34407525082
34394153602
34377920227
34365509228
34354055282
34336878092
34324474855
34312073932
34299675785
34285373196
34274886923
34262496584
34244391431
34231053609
34218670930
34204386449
34188200602
34176777762
34165357412
34151084909
34138717784
34121598280
34107334915
34091173088
34075965254
34061710973
34049359802
34033211027
34016116737
34001874454
33991432263
33978145067
33965809204
33957270621
33941146360
33930714971
33914597364
33901326910
33885216055
33872898932
33860583653
33852059574
33835015258
33821761390
33809456973
33798101241
33783909796
33767829585
33754589799
33743243785
33729064022
33721503230
33708274666
33695048934
33678047788
33665771663
33652554197
33640283762
33625184228
33612918797
33596882624
33580850089
33566706772
33554451631
33541256573
33529949039
33512991335
33500746380
33485679210
33466849188
33452729967
33438613516
33423559216
33410389248
33397222146
33381237121
33369015918
33356797119
33341761747
33331427372
33318276940
33305129436
33288229194
33280719728
33269457568
33252568144
33237558946
33221614849
33205674162
33193486555
33183176380
33170994277
33159751429
33144764041
33128843566
33115735514
33104502100
33095143326
33080172164
33067075048
33054915969
33040889384
33024061142
33010040589
32993219457
32981073540
32965194113
32949317892
32936246156
32925977863
32911978494
32901714487
32885855076
32875595393
32856012738
32842960960
32830843629
32815001226
32801957106
32790778838
32779603246
32766567542
32754465827
32742366718
32729339542
32718175968
32702363909
32689345421
32674470387
32660527738
32646588165
32628006479
32616859913
32602000825
32589002047
32576934202
32563012569
32552805938
32538890421
32527760327
32517559934
32504580526
32491603890
32477703435
32463805814
32450837466
32436019706
32422130981
32409171373
32396214273
32382334550
32361982266
32349958759
32331464593
32317597436
32307429903
32291720336
32275089836
32264005506
32245535336
32231685817
32216916103
32208610068
32192924625
32180932174
32164330852
32150499781
32138515110
32122846255
32110866792
32099811360
32084152577
32071259929
32056528513
32044562350
32027997078
32017875927
32003157495
31991201270
31980167444
31967297248
31952591730
31939727046
31925946343
31914005768
31899312766
31883704803
31869936590
31852500181
31840572542
31826813271
31811222560
31798385886
31788302265
31773638437
31761726594
31745236556
31734245548
31718678803
31708608070
31695794028
31681152374
31666514294
31653708396
31638161615
31622618452
31614391527
31605252417
31597028960
31585153549
31575107152
31565063153
31548630943
31541329157
31523991910
31512132025
31500274782
31484772597
31470185331
31460158874
31443755608
31426444685
31418246690
31403675538
31393660075
31384557413
31369995683
31355437465
31340882133
31328149181
31309963211
31295417903
31279058057
31265427612
31247257406
31236357732
31223644234
31209117880
31195502309
31181889762
31163743698
31151044154
31137440809
31121120201
31107522854
31091209370
31078524112
31067653296
31052256529
31041390463
31029621806
31015139896
30999756657
30979853307
30968094632
30956338869
30941873269
30931930418
30920182407
30907533657
30895790622
30884953342
30873215497
30859674842
30845234684
30833504761
30821777624
30809150872
30798330368
30782103666
30770386987
30755969281
30744257494
30729846178
30715437678
30703733899
30689332265
30677633688
30665037806
30655143621
30646150877
30634462218
30622776617
30610194903
30595819143
30581446733
30566178870
30555404094
30542836442
30526681260
30513221859
30498868413
30489002436
30479138799
30463898152
30452246077
30441492893
30428950465
30411036369
30400290335
30383279592
30369853181
30361798980
30348378371
30333172096
30317969467
30303663575
30291148935
30280424601
30268809338
30255409809
30239334153
30228619245
30215228726
30202733622
30191133767
30177752218
30161698138
30147431000
30130492241
30118905116
30106429782
30089502739
30078814247
30068128309
30059225341
30045873874
30032525211
30021848799
30012064312
29996946037
29985387992
29972054249
29956057427
29943618825
29930294252
29916972757
29904542197
29889451620
29876139017
29865491363
29853958878
29840654965
29828241139
29812284185
29800762120
29786584482
29767980481
29757351977
29744955069
29730790259
29718398713
29706010027
29698047658
29684780153
29669747146
29657369762
29647646589
29632623674
29620254916
29604355708
29592875331
29580514607
29569039464
29555801735
29544331756
29529336025
29518753081
29509936147
29495832293
29483494085
29468515282
29453540065
29440329460
29426241318
29413036935
29398075552
29386636829
29369043101
29359368576
29346179065
29332113429
29318930004
29303113380
29290814352
29281153103
29263590899
29249544715
29240767961
29231993001
29217078608
29204799108
29195153407
29179372713
29169731154
29156586669
29139064713
29128553843
29111039871
29097031877
29077775381
29069024431
29056776089
29041031405
29029662912
29015674066
29003436758
28997319187
28982466270
28967617037
28958010756
28946660549
28939677111
28925714021
28912626644
28896925188
28880355153
28869020302
28857688383
28848101674
28839388764
28829806687
28813259578
28801940605
28788012797
28775828795
28761037054
28747988631
28738421686
28723640045
28708861896
28697563665
28681923341
28668892626
28655865085
28641972107
28628082429
28617667785
28603784713
28588169781
28573425866
28560419611
28548283011
28534415825
28525750939
28516221612
28501498171
28487644089
28472061427
28461675315
28444369523
28432258349
28420149625
28408043937
28395076406
28381247742
28363101853
28349279735
28338051546
28330279819
28321646707
28311289427
28298345640
28287130517
28271605517
28254359627
28239703776
28224189568
28212125646
28200064334
28192312513
28175951786
28161316481
28150127290
28137219599
28121733681
28109692655
28096794164
28083039220
28072725158
28059835629
28048667536
28034925102
28023761829
28013459847
27999727335
27989430185
27974845828
27962838032
27949975509
27937116150
27924260031
27910549705
27897698984
27883995054
27871150387
27857452615
27845469851
27829211568
27819801323
27805261156
27794999800
27781321234
27773629077
27759957263
27748851108
27734331531
27720669279
27708717257
27697621744
27689088810
27677998569
27663499434
27650708865
27639626150
27628546387
27614912479
27602986313
27591062711
27579141793
27562967084
27549349478
27539138700
27530631804
27520426090
27504270373
27489818806
27477920054
27466873751
27455829970
27443939906
27432052390
27416772280
27402344237
27388768081
27376891935
27368410841
27355692048
27342976685
27331958988
27318402298
27303154496
27287909948
27277749382
27265898692
27253203987
27244742837
27230362272
27220213778
27212604323
27198234246
27185557783
27176263880
27161904267
27145014685
27135727526
27119689361
27111250681
27098595076
27086785952
27072449651
27062332227
27048845625
27039575836
27023568459
27008406783
26992406848
26981462107
26972203494
26963788474
26946962752
26934346427
26920051084
26908281272
26898195228
26887271447
26875509719
26861231412
26848636269
26835204451
26824293656
26817581000
26802480550
26789061442
26774806907
26765585212
26750499398
26741282519
26728717164
26718667378
26708619596
26696900274
26685183918
26670960047
26661758530
26649214061
26637508203
26620790117
26608254880
26597393525
26585699297
26576513476
26564824774
26551469664
26540620943
26531443772
26520600339
26508091922
26497253769
26485584707
26474751756
26463921355
26449761880
26431442692
26419787796
26407302973
26395653365
26383175090
26365709445
26351573884
26341598242
26329962876
26316668616
26307530835
26291751200
26277635833
26266844426
26254396113
26240291428
26231996410
26222874365
26210437750
26196346667
26183087459
26174802455
26166519269
26153269881
26137540020
26127607464
26115194953
26105267423
26096169450
26082938966
26067231799
26057313699
26044092549
26031701030
26020138196
26006926998
25993719052
25978863588
25964837047
25951638553
25938443287
25926076014
25918657355
25906295732
25894761008
25876639466
25865110414
25851937752
25842060596
25829717221
25814085758
25802570302
25786124140
25772970446
25758176586
25749137933
25737637153
25728602872
25713823164
25703972084
25688378821
25677712464
25662126919
25652285583
25641626880
25626052519
25609662887
25596554077
25584267680
25573621965
25566253876
25558887309
25543339288
25533522034
25520435652
25506534459
25497542086
25486917171
25472209331
25455871605
25446887790
25435456584
25424028660
25410970904
25398732439
25388944409
25374265545
25363666762
25354700595
25342477108
25329441892
25318853353
25307453037
25291171293
25279776771
25270826172
25260250687
25245611501
25232602053
25226098879
25214721219
25203346203
25187912302
25176542762
25165987765
25150565412
25140015961
25129469180
25118113394
25105949725
25097842585
25080822084
25066236416
25054895048
25041936906
25030600738
25016839341
25002272065
24991753636
24983664340
24969107648
24958597073
24944855736
24935966535
24925463704
24914963621
24901236458
24891549016
24879442303
24868952560
24860885404
24852013765
24838306576
24824603245
24813320859
24804457948
24790764333
24775463686
24760972044
24746483878
24735218198
24723150467
24711890233
24698220484
24686161875
24675714070
24663661693
24651612088
24642778051
24633946066
24619497242
24609064587
24601843830
24586603683
24576981013
24566559144
24555338270
24545722538
24533706209
24522493311
24507280044
24490469367
24478465074
24465663438
24453664907
24440070296
24428877406
24417687204
24408897269
24401707084
24388927740
24377748836
24367371027
24352206774
24341833995
24331463936
24317905867
24307540782
24294787622
24280443546
24268492829
24256545068
24244600247
24233454553
24221515858
24205601706
24194464590
24183330696
24170609170
24162659946
24153918251
24139617031
24129291278
24112615195
24100706508
24085626187
24074517043
24064997359
24056272938
24045964881
24030111081
24019015867
24003962216
23991288774
23977826487
23969909393
23958828353
23946167691
23935092545
23922438075
23909786937
23897139005
23885284468
23873433069
23863954195
23852108806
23841055628
23832373097
23819747587
23805547273
23796871626
23785044115
23770065968
23756668341
23745637789
23733034447
23719647078
23710199556
23699180196
23685802841
23675575886
23666137960
23656702440
23644124978
23633908521
23623694348
23611126152
23594634943
23583643543
23574224741
23564808309
23549902868
23535785438
23524807918
23520104656
23500511645
23490326006
23479359686
23466046885
23457434752
23447259633
23439434701
23427700064
23412840081
23398765671
23388603800
23376099886
23361254993
23348757493
23333920644
23322991074
23315186148
23304261752
23294120343
23283981478
23270726439
23259812899
23249681910
23238774622
23227091033
23213852910
23200618257
23188165453
23175715937
23165603278
23153937757
23143052915
23131393332
23116628157
23104197857
23097207494
23084006903
23074691579
23062273821
23052187132
23039776164
23032021184
23022717422
23010315738
23000242261
22987846887
22977778132
22968486732
22954552794
22940622618
22929790944
22918188313
22906588896
22895765804
22884945092
22874127414
22864084895
22852500134
22841690786
22830884012
22819308779
22805421979
22795395262
22783829037
22770723862
22761475506
22747606242
22738362784
22724500918
22714491831
22703715857
22689864725
22679094707
22667558438
22657562765
22646032264
22635273512
22622212141
22608385993
22599171525
22587656036
22576910780
22566168370
22556196049
22543158882
22533958438
22522460911
22507134815
22496409329
22482623105
22472669002
22461951964
22447411501
22433639623
22420636114
22411459864
22402285610
22390821047
22378595727
22364845559
22353390236
22339647330
22329724431
22318278170
22306071792
22298444634
22287006883
22274810021
22266427356
22255760756
22245097092
22230628695
22216163876
22205508420
22192573095
22183444849
22169755853
22158351612
22146949835
22137830851
22123396618
22109725324
22100613582
22088467918
22077084321
22064186218
22052808635
22039159407
22028546011
22018693306
22008843155
21996723267
21984606459
21977035391
21968709492
21956602484
21946768107
21937692649
21927107039
21918792238
21908967893
21897635310
21884039768
21874223475
21860634815
21851578293
21841015219
21825929243
21811601392
21801800735
21787480472
21776178017
21769398078
21758101549
21746055487
21736270392
21725735416
21714451171
21703169510
21691139066
21676105150
21667838725
21653563932
21639292789
21629531248
21617519890
21607763533
21601011022
21588259025
21576260763
21567264191
21557521076
21546281627
21534295783
21520067068
21507339375
21497608750
21485636042
21477407035
21463945033
21455720336
21441517885
21431803000
21424331912
21412381430
21402673933
21391476440
21381028512
21367598490
21357901501
21345224692
21339260484
21328080859
21317649579
21307966060
21296795615
21288606166
21278185824
21270000589
21258842208
21249917684
21243226063
21232820065
21220186984
21210528933
21199388398
21188993168
21175632048
21165984721
21154114543
21145955846
21132608942
21125195976
21111115263
21102965258
21093336333
21082228612
21073344838
21061503172
21051884483
21040049349
21031175317
21015649528
21001606571
20989784191
20981658238
20970580787
20959506160
20949910849
20938842476
20927776897
20914501755
20904179721
20892386135
20880595625
20872491894
20865127304
20854082493
20841569008
20830530447
20820966356
20809934191
20797433962
20783466873
20770973788
20760687996
20748936308
20739390601
20729113089
20714435207
20707098119
20698296167
20685096341
20674099592
20663106145
20652848347
20644790946
20633074580
20622092845
20608918889
20597211741
20588433471
20575270355
20566497017
20554071796
20542380380
20532153106
20524119723
20516088664
20505869796
20492735310
20480333611
20470123281
20461373997
20444609432
20433678935
20423479815
20414011942
20406002955
20396540372
20384169255
20374711800
20362347891
20351441486
20340537933
20328184316
20318013352
20309297394
20296227446
20284612946
20276630301
20267924209
20256319041
20246167539
20236018899
20222974363
20208484291
20200517118
20191828006
20178073869
20169389425
20156366551
20144793855
20129608590
20120210851
20111538343
20101423341
20088421767
20076868167
20068205133
20058101481
20050886229
20035738918
20021316754
20009061151
19996809214
19988883869
19975918517
19965116922
19955038340
19942803257
19933449556
19924817998
19911873962
19901809482
19893185226
19883126416
19873069766
19863734303
19854401716
19847224780
19835027163
19827854113
19817097498
19806343983
19794876773
19782696352
19775533134
19767655923
19751190278
19741170610
19730438089
19719708616
19708266820
19695398732
19686822124
19676104375
19669675710
19661106326
19649683988
19642547002
19632557964
19619718400
19609021485
19596189307
19586924446
19574812189
19566976894
19557719413
19544905215
19533517959
19522845348
19515020997
19503643429
19488714414
19479475591
19467396900
19454611288
19448220647
19434732592
19421958028
19411315737
19400676488
19393585310
19381533799
19375864367
19364528137
19353195307
19339033539
19324875503
19312844550
19304354652
19297281648
19286674979
19275364521
19261937186
19253459274
19242158674
19228742961
19218154560
19209685904
19201220250
19194872683
19180770541
19168082475
19156102342
19144125651
19132856995
19119479208
19109624558
19099069043
19090627175
19077967961
19069530665
19058987504
19049149732
19035802187
19023160671
19012629000
19006311857
18994383150
18981054843
18970535296
18962823305
18951609047
18943200651
18933393407
18920087648
18910286312
18903987107
18894890842
18882999383
18871810607
18859925794
18852936782
18846648401
18834773940
18823601038
18816620232
18806849296
18795686192
18784526202
18773369218
18761518733
18750368543
18739221541
18729470747
18719026066
18710672962
18701626489
18690495371
18680062744
18667547254
18657121011
18647392171
18639055709
18627248972
18612668403
18604339339
18596012675
18581444960
18571042723
18564109501
18553712890
18545397884
18534314512
18522542225
18510080595
18500391231
18487245062
18474794268
18466496104
18457508965
18445759868
18438160057
18430562410
18419514566
18411921155
18404329916
18389842057
18380875838
18371912183
18359504759
18349857531
18341590529
18328505104
18318866296
18309230072
18298908735
18289966136
18279650515
18266588198
18256278399
18242536669
18231546045
18222618728
18213694355
18205458731
18191736961
18184877705
18172535155
18162938247
18153343785
18141012157
18132793291
18121837693
18110201152
18100620912
18091727607
18078733858
18067110735
18056174959
18046608697
18038411645
18033631320
18023390667
18013153494
18001554577
17993369495
17982458925
17972233484
17960648269
17951110147
17940212797
17929999258
17922511637
17910943242
17898697836
17889176422
17874218528
17863343298
17853151049
17842282261
17832774753
17822591286
17809017292
17795447398
17785951342
17777135865
17771034708
17762224513
17752739481
17743934626
17734455368
17721593901
17712796678
17705355303
17694534499
17684393374
17672903187
17664794955
17653986869
17645208114
17633730991
17622932749
17610113162
17603368234
17593928032
17584490410
17576403628
17566972006
17554175763
17542729616
17532633033
17520520943
17511775594
17505050412
17494293740
17481523691
17470101060
17460697246
17451296320
17440555618
17430489243
17421096621
17411706861
17400978673
17389583678
17380202290
17368813961
17357429270
17349395638
17340025202
17330657722
17319955318
17309924915
17300565599
17295219599
17286534436
17275848150
17266500352
17254485392
17245143128
17237137928
17227801350
17216467503
17205803689
17200473495
17188483741
17179827026
17170507200
17161189986
17149214822
17137243172
17130594044
17116635409
17105338674
17097366998
17086077145
17073462690
17065498296
17053554708
17044268690
17034985386
17025041785
17015101186
17005163679
16994566943
16985959810
16975369220
16967429056
16959491208
16950894425
16939655732
16929081492
16917849589
16907941766
16897376826
16884834923
16874936364
16863721743
16853169649
16845917430
16836689974
16824170775
16815608056
16806389004
16795197841
16784668057
16776773191
16768880901
16757045941
16749158275
16738644673
16730104834
16718940859
16710406318
16699249065
16692031890
16684161104
16676292962
16666460077
16653354123
16644183143
16635014745
16623884836
16614067197
16604907141
16593133381
16582670825
16570904239
16561754981
16553915607
16548037600
16535632245
16523883797
16512791190
16499745208
16492572227
16481490378
16472366568
16465200273
16455430942
16444362065
16433947855
16428742327
16418984576
16411180968
16404679972
16394281740
16380637901
16368297496
16360505866
16350120372
16340386781
16330656638
16326765766
16314447987
16302782271
16293711789
16282053173
16271693129
16261336209
16251629804
16239338603
16232225078
16223174142
16214772259
16203788258
16194745778
16184414646
16172150083
16166342104
16155375713
16145057393
16134097306
16122496096
16112831439
16099949239
16090934487
16081279186
16070983290
16065193767
16054904353
16044617839
16036905135
16027910181
16020845182
16011213499
15999017798
15991958971
15981053676
15973358266
15965664948
15954769383
15945158950
15937472928
15927868789
15916347211
15908028394
15897793402
15888200601
15879250383
15870302941
15861997116
15855610310
15847948388
15841565398
15832631840
15826253048
15814136705
15803936819
15793102678
15785457400
15775903919
15766353296
15757442370
15747261768
15738992593
15726274587
15718646335
15709113948
15695772511
15689421641
15679263343
15668473488
15658955741
15647538443
15637392595
15629151770
15619645961
15609510079
15600643859
15593046689
15583553066
15574062733
15567105140
15553194360
15544344926
15532338809
15523494991
15510864819
15501395236
15493190727
15483727364
15476159010
15466701151
15460398113
15450946378
15438978293
15428273440
15418831013
15411279297
15403730341
15394925749
15385494830
15378581295
15368528509
15359107026
15352200007
15340901361
15334626277
15325216630
15315182896
15307033093
15293872580
15288233803
15279465461
15271326028
15261937539
15253178065
15246297480
15237543264
15228166525
15220042880
15209422791
15198806282
15188817768
15179456251
15168849768
15156999595
15150141266
15138921734
15132691176
15125216206
15115253272
15107160549
15098448163
15086628144
15079165280
15067974768
15061138491
15051197679
15043123772
15033810309
15023879153
15013951231
15002785799
14995344485
14985426207
14975511105
14969935260
14960645683
14950121072
14940837539
14935269362
14925373148
14915480320
14908681251
14900030739
14888911893
14879649598
14869155427
14858664696
14849411005
14839543291
14827829766
14816736440
14806262567
14798255934
14787173034
14776094338
14767480038
14760098874
14752105187
14739196740
14731822716
14725679652
14716467841
14706645483
14698053903
14687010997
14677198425
14668001718
14658195568
14649005067
14643492606
14633695646
14621453696
14609215628
14603098762
14593314804
14586590557
14578035279
14566428514
14556046513
14546278497
14538955061
14533463864
14524315269
14515169994
14504808453
14493231734
14484704100
14473743784
14464613335
14455485998
14445752830
14437239306
14426297042
14419004698
14412929720
14403212910
14389856762
14380146354
14372259257
14363161554
14355885942
14346188630
14335888255
14329225836
14318932191
14310458091
14301381600
14291098557
14280818776
14273564786
14263291529
14257250855
14244569068
14234909716
14225857171
14219221016
14211380773
14201734297
14191488430
14182451009
14171609715
14161374006
14151142015
14143921565
14137305126
14125880637
14117465323
14106649037
14098840150
14089833017
14077827233
14071826345
14062827678
14053232624
14044839640
14035250622
14028061510
14018478844
14008300867
14001119087
13994537538
13984967670
13976597298
13967631825
13956279264
13947319727
13941348765
13930007704
13921057219
13913302380
13903761776
13894224370
13884689814
13879328573
13872182399
13860276441
13848374433
13838855961
13830530135
13819829223
13810320465
13802002797
13794875763
13787157898
13776474958
13765795808
13756306194
13747412529
13737336816
13728449153
13717195172
13708905822
13702395013
13692927835
13684646981
13678142596
13669275927
13661003383
13652733663
13646828487
13636202959
13627351486
13619682975
13611427165
13603763648
13594924393
13587265872
13579021258
13570190813
13562540384
13554892301
13544306383
13534311842
13523145599
13511983094
13504348227
13493193296
13481455388
13472655121
13463271125
13455649078
13446857585
13436311457
13426354366
13417571627
13409962598
13399431092
13390072444
13379547870
13371949285
13364353090
13357344022
13349169368
13339246603
13329910893
13320578165
13311831642
13303670958
13293182112
13285027286
13278040008
13269308515
13260580054
13251854415
13242550381
13232668206
13223370330
13214075974
13203042663
13196657120
13187372238
13180991085
13172292506
13162437755
13150847603
13143896089
13136367776
13127684499
13119004056
13108012539
13099338050
13092400890
13082576617
13075644285
13066404113
13057744292
13047933599
13043318211
13030630751
13020830242
13012185941
13002968467
12994329926
12985118748
12975335147
12967281301
12958654810
12951755980
12941986203
12934517796
12927051855
12918440248
12908684051
12901225670
12891476239
12884023148
12877145784
12866260935
12857098001
12846220364
12837635821
12828482311
12819904092
12810185001
12804469935
12795329193
12787333885
12777628642
12768497732
12756517433
12750814289
12738842360
12729154439
12718899863
12710926917
12703526502
12693282786
12684749141
12676787495
12670534094
12662577976
12652919965
12642697649
12633046852
12625669601
12619996437
12612057087
12604687152
12595053279
12585422888
12579193749
12571268261
12563911410
12557123008
12545812734
12534506510
12527160053
12519250999
12510780506
12502877960
12492720466
12483694804
12474672542
12470726609
12461147258
12456077469
12445941831
12436935079
12425118516
12415556161
12405434647
12399251544
12391946585
12386891050
12381276010
12374540078
12365001271
12356587876
12347055875
12338087927
12328002973
12316800853
12308402502
12300006989
12289935513
12280427680
12273718466
12266452627
12258630567
12246902114
12240761189
12232389668
12225695064
12216771658
12208966518
12201721515
12194479502
12183898477
12171094336
12163859723
12153290170
12145505012
12139946160
12133277726
12127167225
12118837748
12111621623
12102188522
12091094332
12084440398
12077234661
12068923114
12061168410
12051755565
12040685491
12034599394
12024643560
12016903106
12009165032
12001429954
11994250093
11985416723
11977138296
11968862631
11960038381
11952320195
11944053858
11934137666
11924225376
11916518502
11909914974
11900563183
11893964375
11884069855
11874728258
11867587505
11857703791
11848921637
11840690966
11830818002
11822045248
11815468082
11808345613
11799034874
11790274770
11780423128
11773858058
11766748201
11758548016
11753082692
11743795505
11733965803
11726869070
11718137848
11709409758
11703956970
11696325614
11687607282
11678892044
11672902703
11668548253
11659298612
11650052481
11639722216
11634287174
11622878067
11615274501
11607130756
11600075285
11590310031
11584345026
11572960731
11565915782
11557248350
11547501002
11538298883
11531264624
11525314969
11516663795
11509096499
11499370845
11491808991
11485870222
11476695419
11471300517
11462132538
11453506906
11446501399
11438420528
11429265757
11420652857
11411505028
11405588253
11397522446
11392147320
11385699708
11375494953
11365830707
11356169911
11346513147
11336860009
11328818518
11321315634
11312208741
11306317942
11298288341
11290796867
11283308439
11275288488
11268874522
11261394452
11252315055
11242170840
11236300075
11230964955
11221365589
11212836087
11205908384
11195254538
11187267289
11179282608
11170768838
11161726701
11155346533
11150031169
11142061662
11134626126
11126662695
11117640738
11109683055
11099607484
11092186118
11083177685
11075232424
11068878426
11060409632
11050886014
11042952533
11034493403
11028151781
11021812137
11013890578
11005444162
10999111844
10991726846
10983289984
10975910424
10967479850
10956419327
10949048327
10940627377
10931683580
10923269050
10915383447
10906449900
10898044870
10890168189
10878095210
10873372873
10867078831
10857641593
10849779974
10842969177
10834066270
10824643214
10818886933
10813656051
10805289795
10795881213
10789088834
10780209837
10772378266
10764027992
10755680600
10746814967
10737952622
10729093955
10721801241
10713470225
10706703872
10697858331
10691097204
10683298507
10675502914
10667190730
10658362527
10650576038
10642792801
10635012044
10627234629
10619978649
10611170700
10603402053
10596672236
10585804667
10575976080
10568219497
10558915195
10550648267
10541351315
10532057969
10524316160
10516577761
10507295141
10502139943
10494925603
10490289466
10482566273
10473301559
10466613038
10457870019
10448616523
10442449675
10433716588
10427041357
10418828403
10409079744
10400873298
10392670020
10383444540
10378321570
10373200778
10365010412
10358870084
10349151511
10340459570
10331259740
10325129104
10318490093
10311343033
10303178471
10294506870
10286858409
10277683863
10269531677
10261892216
10256292235
10247131835
10241536166
10233399932
10224758883
10217645667
10210027240
10202919344
10195814208
10189726272
10181612394
10173501870
10165901217
10156783959
10148683033
10143115694
10136539015
10126931060
10119348745
10110758612
10101161729
10092073349
10085007639
10078953493
10070884475
10062818737
10053748495
10046193030
10039144080
10030084678
10024550595
10018515997
10010975514
10003438019
9998415167
9990883864
9983355497
9976833560
9970815750
9963296571
9953775700
9944759590
9938250425
9930743046
9922237979
9914236195
9907737412
9897244037
9890251037
9883260699
9873777544
9866792766
9858314653
9849840176
9843860462
9837883196
9829418777
9821953300
9812500689
9805538501
9797584855
9789634469
9784170746
9777219838
9769775337
9763822213
9756383580
9745973767
9737054771
9728634448
9720712718
9714773886
9703890468
9696967348
9688564069
9681152620
9672756375
9665844607
9659429026
9650549752
9640687730
9636251633
9626397737
9619503017
9614087674
9607690945
9601296306
9592937363
9585073261
9576229841
9570336623
9561991006
9556102668
9546782843
9539428656
9532077301
9523259205
9515913620
9508081842
9501720917
9493895261
9487539540
9477276943
9471415231
9460184580
9453351266
9446520758
9436766760
9429942070
9422632445
9415326112
9408509396
9399262225
9391964632
9383210938
9375433308
9369602504
9363774220
9357462791
9352124396
9344847945
9341453532
9334183099
9327884752
9321104560
9313358850
9306100579
9297877576
9290625131
9281925867
9277094815
9270334403
9260680331
9252477952
9244278819
9237529657
9230301562
9223076129
9216816634
9210559683
9199975447
9193242713
9188435447
9178825363
9172100793
9162979210
9155780809
9150503826
9142352185
9134204280
9128934131
9118877376
9111218138
9102126999
9095430895
9088259206
9080613014
9074402745
9067239978
9061035087
9055310265
9048633713
9041006649
9033859252
9027667365
9019573932
9010531883
9000542160
8993409921
8984854471
8978678066
8970604669
8963958781
8955892104
8948777395
8940717704
8932187190
8926502818
8917506369
8909933599
8903783060
8897635417
8890544772
8884874640
8877317574
8869291699
8861741335
8853250909
8845706863
8839108797
8832513165
8824507730
8816976638
8807096207
8798160852
8791579376
8784530941
8777015667
8771381597
8762934201
8757774052
8749802951
8740897834
8733401610
8727781926
8717951763
8710465441
8701111739
8692229224
8686154373
8679147914
8674012039
8667478243
8661413602
8654885434
8646961895
8640905220
8634385306
8629264803
8622285264
8612518199
8602755280
8595784665
8588352619
8580923913
8573034218
8564684086
8557264886
8550312459
8541046637
8537341847
8530861295
8523458345
8514670904
8509585513
8503115967
8496649403
8491571102
8485110266
8477729450
8471274102
8462516655
8455145591
8450080176
8443635898
8435814139
8430755456
8424320024
8419265709
8410998159
8404571035
8395851528
8388971089
8382551863
8377052093
8370180558
8364685796
8357362804
8351415443
8342726614
8334956121
8329016450
8321252793
8312579228
8308016180
8301630906
8294336272
8287956486
8278391071
8270195783
8264279498
8257000976
8250635186
8244726665
8237003706
8230646428
8223837773
8216125114
8212043403
8204337314
8197993602
8192558926
8187579245
8181243959
8175364246
8169487059
8161804702
8152770750
8147804217
8141034622
8135170291
8125250783
8118490200
8110381216
8101375246
8093723585
8087424783
8079779878
8073486882
8064501060
8057764451
8049684355
8043851340
8041160260
8034883700
8026369583
8019651248
8013383366
8006223698
8000409153
7993702584
7987445994
7982532265
7976727836
7969586932
7963341398
7957544793
7951304895
7944622202
7940169252
7933047664
7924594791
7918813782
7909923862
7904592292
7896598358
7889051881
7881952501
7873969565
7865990391
7857571422
7849599222
7842515834
7835878161
7828801477
7819959575
7814215060
7808031292
7801408747
7796554524
7788173441
7781119003
7774949179
7767460376
7759094571
7753373172
7746334688
7737980225
7730508782
7725676375
7720406945
7712506601
7705926314
7698910428
7691897914
7687517104
7681824513
7676134486
7669571949
7663012486
7656892964
7649902504
7643788886
7636804892
7631133037
7625027643
7618053169
7610646386
7602371787
7595842286
7589315367
7578877933
7574096222
7567144248
7558458234
7552380852
7546740221
7538933701
7533731801
7524632504
7517702964
7512075033
7505584272
7497366695
7490017446
7481375576
7473169787
7466694492
7461516512
7453753144
7447286745
7438668731
7430915825
7424888739
7420155320
7414564289
7405536298
7398661020
7389211918
7381913889
7376335468
7371189004
7365187254
7358331112
7353191700
7345914057
7338639352
7333506712
7325384525
7318547777
7312568591
7306591813
7298057459
7292939529
7287823929
7282284572
7274618582
7270361628
7263979275
7256749118
7250797766
7243149860
7237203994
7230836355
7224896265
7216414277
7210479655
7204123894
7196077569
7188881770
7181266106
7174499856
7169004535
7163511828
7155910474
7148734865
7144093968
7136081981
7130602894
7125547120
7117967224
7112074752
7106605321
7099877195
7091470923
7086429799
7080551329
7075095198
7065446595
7060415101
7054966564
7046169673
7038632929
7034447989
7026918287
7019392501
7012705963
7005604990
6998924826
6992248036
6985157193
6980154503
6976404324
6968074650
6961830147
6957252994
6950182409
6941868665
6936051601
6931483346
6924011376
6917372910
6907834747
6901617324
6893745617
6886706134
6881739520
6876361231
6870158604
6866025994
6858177039
6853222213
6847857478
6842907270
6836722983
6827656909
6822302274
6814480011
6807484380
6802137539
6794326848
6789807065
6782825190
6776667859
6769282399
6764361105
6755753152
6750017178
6743465032
6736506707
6730779463
6724645918
6717289390
6711162261
6703813195
6698507902
6691165752
6684642472
6678529725
6669976582
6665498265
6660615577
6656141960
6648824568
6643136216
6638262966
6631362523
6623654188
6616760797
6610276299
6604605123
6599341336
6596508225
6589631840
6583162940
6576293185
6569830701
6563775316
6558933030
6552480140
6546030770
6540390404
6535155067
6528714733
6521473141
6515441812
6508609411
6504190770
6498971185
6492550395
6486935121
6481723416
6475713169
6471307806
6464502897
6458901531
6453702564
6446108155
6438917167
6433726352
6426542392
6420558949
6415376054
6408203090
6400635451
6393868036
6388695341
6383127253
6376369494
6369615463
6364056155
6358499219
6352945909
6346998360
6340657568
6334319956
6329569192
6324425227
6318492852
6312958796
6305846822
6299133525
6292423730
6287295151
6281380710
6276257443
6270348742
6263262126
6255785301
6249885850
6242023824
6234166038
6229453632
6223566017
6214543408
6208269760
6201607495
6194948692
6191425269
6183990244
6177341653
6171478112
6165617305
6158588711
6152343683
6145711714
6138693150
6132457708
6125446420
6120385509
6112992632
6107159113
6101328396
6096277905
6090453384
6083855331
6079588200
6072997213
6068347279
6063699725
6057118820
6052475786
6046288908
6040491619
6033538145
6026974340
6020799996
6015785981
6009232136
6003452387
5996135414
5991131907
5985361402
5979209334
5972676335
5966146586
5959620333
5952330110
5946961048
5941978077
5935082399
5928956203
5922450366
5916712599
5911742638
5906775543
5902192559
5896085279
5889599978
5882736498
5877782457
5871307226
5866738928
5861792597
5854947359
5850385911
5843547605
5837472445
5831400351
5826089777
5818886760
5812824312
5807143815
5800709202
5795791489
5789741785
5785207209
5779919301
5774256308
5768219248
5762939676
5755778967
5748998479
5743350758
5739211355
5732817780
5728306698
5721919689
5715160681
5708030242
5700903433
5694155063
5686660873
5682915885
5677301238
5670193341
5664958419
5659726717
5655618220
5648898756
5642928902
5636217012
5628763108
5624293506
5618336592
5612755119
5606432666
5602344087
5597886037
5590088680
5584522043
5580442430
5575253024
5568213771
5564881226
5558589579
5552301160
5547864666
5544169754
5539738270
5533463537
5529405836
5524243892
5518716245
5513560039
5506934071
5502151722
5495165453
5490387718
5483776554
5477903188
5470932043
5466164872
5460301080
5453707820
5446751755
5443092761
5437607108
5429566166
5424086817
5418610366
5412771798
5406936830
5401105008
5395276112
5390542599
5384356182
5379264184
5371994028
5365817617
5360007979
5354564198
5350211694
5345499353
5338253155
5332459557
5326668911
5320881405
5314013180
5307509978
5303899222
5297042161
5294156533
5289830557
5284786523
5279384846
5276505584
5271469694
5265358133
5259250110
5253863631
5247044368
5240229063
5234493099
5228044071
5224104906
5219452221
5211582823
5206219956
5200503152
5195503506
5189435973
5186225670
5180877985
5176602305
5171616645
5166278198
5160942581
5154187924
5150279411
5143532890
5137854304
5131824207
5126506836
5119420614
5112693041
5107384786
5100664681
5095715969
5091476383
5085826759
5079827648
5075242727
5068898057
5062204260
5056922913
5051644550
5046368725
5041096296
5034421439
5028453082
5022838574
5016525786
5010917976
5007064771
5002513514
4995165791
4990969277
4985377365
4979438746
4973852974
4968619505
4964086400
4956768199
4951544018
4947018921
4940408456
4935540562
4930327887
4925466041
4918523893
4914361063
4908814119
4902923788
4895997510
4890805953
4885617624
4878703612
4872829967
4869377171
4864545981
4857992994
4852822545
4849033068
4841803279
4836985647
4831483405
4826671681
4821175315
4814652400
4809505669
4804705295
4800250148
4795112591
4788608786
4783135076
4777664596
4772197566
4767074983
4761273064
4756838825
4750020777
4744569599
4739461930
4734357249
4728235705
4724157199
4718042853
4714647737
4710236944
4705150237
4701422340
4696680276
4690925897
4683483479
4679087814
4673005608
4667264897
4662877412
4656131482
4652086528
4646359221
4640298473
4634241107
4629196864
4623819084
4618780865
4614081225
4608713271
4604354492
4597987753
4593968657
4586939764
4581922505
4577576326
4572230528
4568223554
4562216676
4556213816
4550547657
4545218171
4540557415
4536232268
4530912422
4526260576
4521278965
4515304611
4510660861
4505356523
4498730535
4494095097
4489462635
4482848687
4478882881
4472937675
4467656215
4462707484
4456443349
4451830227
4445573764
4440966350
4436361890
4431431419
4427489393
4421908042
4416986683
4411084679
4406169058
4398309198
4393072636
4388820573
4383916810
4378689862
4373465502
4370528867
4364984870
4359444409
4352930277
4347722401
4342843144
4337316651
4331468221
4325623493
4319133709
4314269328
4309083610
4304872991
4300988483
4295488740
4290315830
4286115757
4281272044
4276431571
4270303950
4265791918
4259994410
4255166057
4250018893
4245517903
4239413032
4234275436
4229783028
4224972699
4220485749
4215040798
4208959129
4203520864
4198725451
4192654988
4187226761
4181483075
4176381043
4170963150
4166185769
4159820085
4155684618
4150915841
4144561553
4139163948
4134087036
4129013520
4123626367
4117925681
4112861765
4107484876
4102427304
4097688899
4093269243
4086643666
4082859976
4078133471
4074039732
4069319199
4063972550
4058629695
4054232187
4047953607
4042307109
4037917615
4031651535
4027268175
4022574402
4016945842
4012258301
4005387981
4000394599
3996651975
3991976532
3987926919
3983568551
3978901878
3973927614
3969266841
3963677723
3959023210
3954371771
3950653037
3946317119
3940436490
3935487688
3929614963
3924363780
3921276864
3915415201
3910790708
3906169361
3902474823
3898475090
3894477463
3888945975
3883725174
3877894295
3874213779
3868083851
3863489232
3858591486
3854309022
3849723509
3843308310
3838728845
3834152648
3828359581
3823484185
3817394293
3812829690
3807356100
3803101564
3797938863
3792475665
3787015893
3781863466
3775502401
3771869895
3766727042
3763099640
3760078310
3754341909
3749213084
3744087749
3739568344
3735051761
3729936384
3723922172
3718813555
3714008765
3709507114
3705008415
3700213279
3695720958
3691231155
3686146468
3682559860
3677183394
3673899913
3668828928
3664357433
3659591003
3654530360
3650365498
3646797746
3642638350
3637887894
3632546978
3627209574
3622172743
3618323622
3612109811
3608856882
3604720000
3600290643
3596159343
3590851015
3586135481
3582601627
3576421290
3571127440
3567600594
3562607863
3559379594
3555273616
3551169980
3546776603
3541800722
3537120664
3532736043
3528354546
3523976071
3519892225
3515519748
3510858798
3505910025
3501255597
3496023327
3491084832
3486730233
3481508701
3476870193
3472524656
3468471674
3463553503
3456904168
3451703916
3447950803
3443046290
3438433552
3434688197
3430657945
3427493244
3424618044
3419159359
3414278394
3411409350
3406248696
3400518764
3397655442
3393936359
3390505383
3384791459
3379937848
3376799671
3371952846
3367394808
3361700588
3356010494
3351461890
3346348006
3342373616
3337834482
3333581851
3331315531
3325936568
3321410214
3317169609
3312932134
3308415264
3304183975
3298827940
3292912257
3288971069
3283907761
3280253332
3274354281
3269582532
3264813697
3260329149
3255847671
3252208924
3247733926
3242702840
3239909892
3235444286
3230424632
3225965786
3221509572
3217056938
3212885419
3209272736
3204551847
3200389224
3196230047
3192350697
3187366725
3184046235
3179068983
3174371820
3169402180
3164711545
3160851705
3155341451
3150936533
3146534905
3141037131
3136916518
3133348131
3129508223
3124574213
3120191665
3116086320
3113624769
3110071868
3105156060
3100516529
3096971378
3092883965
3086620950
3082539469
3077917370
3074113636
3070041081
3065700385
3061362923
3057841112
3052968388
3047828683
3042963499
3038641895
3035672760
3031357422
3027045404
3021928699
3017623005
3011976080
3007407879
3003648837
3000966177
2997480878
2992926815
2986502193
2980082333
2975538346
2972332854
2966727669
2962193940
2958729623
2955001325
2949147413
2945159250
2941439410
2936660450
2932681091
2928439417
2923935994
2919171106
2915996948
2912032291
2907278589
2902000783
2898836601
2893830062
2889354163
2885144529
2881989759
2877523884
2873586195
2869126874
2864408918
2861789700
2857079010
2852633473
2848975219
2845320183
2840884782
2837234920
2832285447
2828901720
2825260462
2821362031
2816427996
2812795074
2809164940
2805537376
2801653699
2796221290
2791568520
2787693975
2783306136
2779179536
2775314005
2771451738
2766820290
2763220810
2759881147
2756544184
2752696485
2749620653
2744754536
2739892379
2735801379
2731457900
2728139119
2722526709
2717428593
2713353137
2710553786
2706993654
2703182325
2698358180
2693030639
2688721298
2685428121
2682644098
2678091934
2674554176
2670766909
2666982420
2662948674
2658414514
2654890932
2650112581
2645589455
2640818368
2636553071
2632040075
2629284900
2627282530
2623031151
2618782872
2615536635
2610546669
2606807160
2603070471
2598839422
2594362708
2589889640
2585916938
2581202949
2576988522
2572034700
2568569734
2564365527
2561647576
2556956579
2552269292
2548818100
2544384892
2540939270
2537250555
2532827855
2528163334
2524974469
2521297884
2517624557
2513220017
2508574502
2503688258
2499782632
2496368150
2492712693
2487599272
2484679926
2481033225
2477875576
2473264423
2469384657
2465992381
2462602813
2457280987
2453172158
2449066499
2444481694
2440624234
2436769884
2432918648
2429551488
2425946997
2421385278
2417307087
2413951313
2409640165
2405572124
2402463847
2398402662
2394583378
2391005967
2386240117
2381716294
2378147561
2374344239
2372206704
2368409956
2364379175
2360825648
2356564914
2353254000
2349473128
2346403931
2343101289
2339565712
2336033007
2333209451
2329212894
2324749781
2320994345
2317007554
2313024575
2308810337
2305535531
2302030220
2298994795
2295028768
2292231334
2288272305
2285014647
2281062274
2278506789
2274561184
2270619163
2267839013
2263208957
2259508023
2256504002
2252578733
2249348741
2246121605
2240824606
2237143104
2233694589
2228411248
2224280138
2220382199
2216945386
2212596215
2208479515
2203681062
2199800081
2196606571
2194327403
2190456810
2185679155
2182042317
2178408425
2175458944
2171151765
2167980897
2164812619
2161194953
2157580443
2153517943
2150135372
2145854681
2142252947
2138654395
2134834610
2131242730
2127429929
2123620252
2120485786
2117577663
2114001781
2108866280
2105743282
2101953781
2098390447
2095720467
2092385560
2087721401
2084392824
2080402298
2076636909
2073096535
2070001127
2066025127
2062714374
2059186266
2055881367
2052799925
2048181884
2043348326
2039616853
2036546535
2032822118
2028881826
2024945332
2020575466
2018174117
2014466392
2011851516
2008368162
2004888260
2000107564
1997068256
1993814771
1989697314
1986882783
1983854479
1980612836
1976942597
1974138370
1970905907
1967460729
1964663980
1961440629
1957146569
1953500070
1950285541
1946217954
1942581519
1939589847
1936814198
1932334965
1928925299
1925093165
1922966285
1919353830
1916806526
1914261198
1910447006
1906848063
1903464007
1899660873
1896072084
1892276238
1889537269
1886169575
1882594620
1878392368
1874194470
1871049011
1867277785
1862464034
1859954752
1856821005
1853690524
1849729029
1845563079
1842233707
1839115046
1835791798
1831019241
1827702361
1824181568
1820457586
1818390792
1814880487
1810754705
1807044965
1803750277
1800870827
1796761067
1793476329
1789989610
1787120946
1784050301
1780573748
1777508789
1774243285
1770572963
1767721203
1765075756
1760399753
1758368941
1754919408
1751270808
1748840778
1745603830
1742572495
1738332636
1734500103
1730671618
1728054975
1725038506
1721823990
1719214723
1716407615
1713002400
1709600813
1706402619
1702608302
1699416594
1696626290
1694237140
1689861436
1687278571
1683705613
1680334468
1677164856
1673800451
1670439538
1667674300
1663136375
1659982991
1657226431
1654079145
1650934893
1648579283
1645049269
1641522773
1638586786
1635263409
1632138651
1628431680
1624923652
1621808486
1619279927
1617336953
1614037280
1610547154
1607060416
1603964380
1601064543
1597781882
1594116727
1590648223
1587760418
1584298852
1580648911
1577770578
1574703308
1570490268
1568386163
1565137494
1562274273
1558650896
1556174071
1552938784
1550847685
1547239324
1544014449
1540035086
1536816841
1534169461
1530580442
1527183928
1524356765
1521532056
1519086549
1516080025
1513264592
1510264762
1507080517
1502777028
1500908116
1496987313
1494935706
1491582372
1488046565
1484328559
1480985733
1477460916
1474866638
1471164444
1468020995
1464881414
1461929406
1459349330
1455851469
1453092862
1450888432
1447218158
1443551770
1441354688
1437879589
1434773912
1431306309
1428571896
1424747903
1421837291
1418203185
1416025325
1413124707
1410408326
1409142099
1406431364
1403723865
1399937642
1397596539
1393458836
1390583826
1386814249
1383586851
1380721367
1376964678
1373927077
1370714067
1367682982
1364833386
1361809063
1359498764
1356836517
1354177220
1351875115
1349044681
1346040566
1341980987
1338278750
1335109082
1331766849
1328604309
1326323068
1323868766
1321942981
1319319384
1316174800
1313382872
1310768351
1307460592
1304504331
1301203974
1298774774
1296348834
1293752205
1290812874
1287704574
1284599550
1281498222
1278400442
1275822295
1272559994
1269473102
1267417666
1264509095
1261604188
1258531624
1256315095
1252398098
1249676490
1246618260
1243393991
1241020913
1237973431
1234929769
1232734042
1230034920
1227507505
1225151439
1222630064
1220279562
1217596510
1214916832
1212574632
1208731475
1205727399
1202393819
1200395909
1197568746
1195243372
1192920914
1190269792
1187290552
1184314968
1182003732
1180025008
1177554637
1174922775
1171801200
1169339693
1166225410
1163279028
1160826797
1158540537
1155767650
1152835470
1149418815
1146656232
1144221905
1142601217
1139848680
1137099539
1134192289
1131611511
1129034127
1126459863
1122924707
1120677761
1118273244
1115391666
1113313099
1109799349
1106609449
1104538564
1101833555
1099767816
1097228582
1094533833
1091684499
1089629370
1087103082
1084737443
1082217469
1078600048
1075772350
1073732635
1070598745
1068564200
1066219861
1063878570
1062008290
1058738493
1056094742
1053143991
1050662469
1048339036
1045554306
1043236709
1040459363
1037685619
1035376906
1033225182
1030155442
1027855777
1025865508
1022654713
1020211515
1017466667
1015029955
1012444452
1010166109
1006980536
1004101843
1001227140
998809572
996093148
993983234
991274230
988569066
986017447
983469182
981223573
978383122
975695482
972415276
969734946
967058306
964682444
962457867
960088033
958461160
955359271
952999347
950053403
947846870
945055839
942855558
940804642
938171180
935541604
933207096
930438799
927528899
925349418
923173175
920999612
918684164
915938635
913629957
911756596
909454294
907155134
904141619
902278842
900704491
898274938
895991670
893568975
891719144
889019183
886606954
883348121
881367259
878824065
876707384
874312231
871357666
868688475
866443819
864482121
861823828
859588624
857217101
854570016
852761507
850678040
848597497
845550425
843475894
840989836
838645417
836717549
834517425
831908444
829988604
827250294
824789852
822060042
819061176
816883570
815116865
812267376
809557452
807122056
804825421
802667047
800915892
799032762
796212439
794066799
791924347
789918904
787916361
785383618
783120857
780861420
777942294
775822426
773573285
771591728
769613135
766978921
764743558
762511609
760676415
758843941
756622370
754273514
751797803
749586246
747897445
745951896
742973411
741034098
738839421
736132318
734202023
731760630
729066313
727400896
725226783
722417667
720505004
718086507
716434188
714784487
712503963
710480085
708333152
705937655
704175099
701535456
699778514
697397901
695396285
693772422
691153267
689161311
687048144
685062128
682831842
680605306
678011957
676039235
674192956
672103781
670385917
668180771
665612620
663415182
661586329
659761048
657330956
655147238
652967586
650307962
648014759
646327657
644523052
642361192
640083115
637569444
635896314
634226184
631963201
630060963
627924419
626147046
624254316
622600894
620242848
617888588
616008590
613897282
612023694
609802445
608168407
606187972
604443399
602585611
600036099
597606176
595988974
593798301
591841734
590348095
587824639
586221523
584507218
582453370
580630798
578811272
577335707
575636048
572469138
570662598
569084818
567622043
565151649
563357919
561343769
559332955
557325919
555656640
553990095
551661162
550000857
547680022
546136052
544815056
542617424
541191427
539110722
537143076
535179150
532783182
531152399
529199457
527358614
525304729
523470412
521531802
520456760
518847405
517133805
515209523
512755396
511264632
508819677
507334189
505639487
503842822
502154892
499943397
498682193
496794015
494699817
493027477
491149917
489172062
487093834
485745933
483986224
482539724
480890244
479449688
477909247
475961674
474222789
471976663
470142383
468311737
466383154
464458409
462537338
460922892
459412387
457603451
455898156
454396537
452598527
450803937
449211823
447622877
445739914
443465175
441984736
440113409
438344011
437167073
435307090
434037037
432281815
430822004
429171261
427620743
425879693
424046294
422505702
421064171
419242074
417519408
415609540
413799139
411992290
410379105
408863771
406973663
405181916
403770589
401892379
400768049
399085037
397405707
395729697
393964710
391925256
390352809
388229732
386756084
385010097
383909633
382354064
380710372
378979097
377342931
375982592
374444231
372999449
370927314
369219231
367694440
365904268
364207609
362515058
360737444
359229515
358079096
356842974
355786074
354291697
352450116
350525022
349128424
347647689
346257187
345129896
343572758
341587715
340037759
338749528
337207294
335753903
334304000
332772280
331498723
330058748
328369104
326936063
325422087
324163562
322824454
321238157
319572489
318409423
317331756
315760335
314275127
312711584
311069772
309677341
308043419
306739401
305438561
303573528
302198397
300342394
299215438
297689983
296488208
294570798
293216367
292103343
290517107
289251187
287910022
286650646
285158949
284062933
282656929
281488364
279856611
278151337
276528160
275294696
273987559
272760413
271383435
270086466
268945061
267806174
266140682
264781608
263275674
262074102
260801057
259456245
258040668
256629027
255220950
254038556
252712152
251388968
250289181
249119835
247661613
246207795
245192805
243819306
242593661
240939878
239935954
238506054
236937182
235799430
234168343
233037303
231768249
230432658
228890418
227702301
226796044
225614933
224506181
223262347
222160025
220923257
219690181
218665896
217780619
216354608
215135836
213583447
212439518
211097430
209893222
208759241
207495660
206633455
205509662
204257573
202943723
201568076
200523234
199091012
198052642
196888282
195985252
195020775
193931124
192972863
191444183
190174137
188970990
188024357
186829060
185763283
184638225
183703938
182524109
181471602
180238062
179069643
178088767
177172496
176198094
174741538
174015674
172990571
171848738
171129758
169816408
168745646
167559592
166259552
165375607
164260304
163266045
162216657
160996416
160012225
158800300
157995130
156849056
155763849
154398149
153377473
152077984
151177220
150167384
148937874
147712762
146991261
145885433
145004095
144180428
143141135
141833351
141018650
140098957
139074876
138001082
137091647
136238919
135176739
134118643
133222752
132382364
131440910
130502984
129465074
128534532
127247253
126375274
125506385
124590071
123930762
122970977
122015212
121013308
120015374
119071101
118130800
117243398
116163238
115332133
114406648
113388183
112663560
111845643
110935530
109981474
109031364
108132531
107331718
106534757
105647624
104764073
104023243
103147080
102321010
101589800
100770662
100000377
99233400
98380205
97441504
96684765
95843270
94961364
94258482
93340701
92601126
91951681
91262257
90489971
89550307
88615621
87769543
86927417
85963602
85130026
84424409
83557330
82735244
81876665
81306785
80496645
79972822
79170666
78372784
77618389
76986419
76161092
75378888
74639799
73749838
73249247
72483297
71911548
71191283
70625902
69763025
69054186
68386462
67648406
66840728
66110376
65420707
64771067
63981287
63588432
62807366
62171984
61505113
60911954
60218102
59528108
58773614
58262037
57651969
56910633
56173437
55573869
54911797
54220682
53599401
52884463
52173715
51467585
51052794
50418770
49977428
49257447
48572993
47924378
47402499
46853439
46308119
45675864
45167715
44722272
44161747
43546450
42964490
42473417
41784901
41129324
40676624
40170984
39613002
38975475
38480651
38071246
37583560
36991814
36431073
35954153
35401856
34905885
34387721
33822477
33363545
32882796
32405717
31932478
31512441
31071629
30707100
30104749
29579123
29081550
28658140
28215493
27661459
27272204
26750125
26367622
25966006
25413565
24997580
24563574
24068803
23685181
23178791
22802509
22408996
22039956
21613419
21171191
20733211
20398086
19871873
19486045
19142429
18896642
18578423
18190064
17787576
17407337
17013285
16694571
16292020
15928513
15586609
15231584
14897888
14584641
14307584
13969505
13667466
13274977
12980590
12613266
12295969
11998095
11645067
11297213
11068361
10814591
10536577
10207647
9951196
9698427
9397192
9126203
8846955
8534550
8276383
8034435
7737054
7538041
7307977
7081849
6848586
6630442
6384471
6195501
5968867
5736396
5528835
5296125
5087609
4883019
4673790
4478234
4269516
4099402
3908641
3738566
3580644
3411320
3215976
3070274
2935471
2762836
2615298
2491475
2314985
2174734
2039559
1914203
1771393
1665339
1548136
1435105
1322229
1218686
1111475
1013507
927883
835450
747753
661927
593823
527248
448869
396360
327198
277050
229407
183706
140267
106733
76127
50078
29296
13887
4227
