7036540216
12678493350
12802184389
57274269831
217508693
71569835
4906734767
8347299152
4993766699
1803750277
50594438266
18960019463
65692944789
66974372525
46328357209
127854946835
29107537565
6544418940
34252967042
35561855902
63659422983
62975029713
40487796474
24388129141
22534725047
83478334334
45757187895
90682954529
34205338656
29979165205
5320881405
8678680917
81870595152
29039282225
110841853937
486056808
17874898335
90471388361
96876801046
9873777544
43966440328
42320011350
13824584717
1711201031
9822450903
3953751805
119055189220
28564754690
89376670079
24134850829
30510530348
27974845828
45967907957
7145781254
1745199460
197728775
10355289109
101161373215
35363898582
45771590418
22844006809
1152021613
860007479
68756908
93837782550
3986370108
11825882855
24135645156
126976798643
76396176948
1965524258
8722164148
196436403
88422951427
32747950600
55486803469
142366367556
68402478997
115125969884
3288971069
109429721697
12217329269
45549165465
120100258563
73963655783
1596045283
50697170852
47718113630
13062939867
82144957055
63787033276
8711868914
68196536520
1190435393
34640069017
90282151829
69306432889
6146491758
31702200685
358344357
97230245684
87395460082
790319817
3959023210
123857300572
124832424494
43984892103
138960116431
13119582659
11430881048
37000516037
12638723342
44397217
57960952471
130746849960
269249135
132043066999
55429286448
9286758277
43004950645
9425068596
44792013075
52375703019
1526052716
61440875188
1905578637
99839802408
101581539308
63053501779
23902672066
97830791902
213538
79568734844
122936002789
23223197172
133579444223
88449457236
5634353159
58029856076
1136937940
1467836218
87772472653
104554685477
110794522982
70889157660
3340670980
21469927729
22606082176
30940969290
133311191088
98835979266
74033332642
2642324634
3944769230
137842905009
53019039365
34821516254
6688311461
3099425461
54720889915
43924126497
117956925457
8234278764
134302632625
105217406490
6447306986
3569069779
5358556063
74617658038
39587684959
84192443415
61128980366
66465089323
125839496655
128772197050
8253363014
9036241331
45293113041
35447283728
141778105297
112326941905
57285472840
75441058817
10161342146
2246121605
21431055801
101179768608
5579330155
45720637302
13921570
132225207
77902550897
39618510805
128656650367
119923028460
62074993800
92118671534
3024351806
29660905862
113548842309
81643092806
2219007149
28313878494
118337533417
31389108482
25136770507
141999303844
1047874661
16314447987
9305133019
129567359233
67240617778
35212901806
19092737474
8619494244
119816258
107468810948
39276014757
13279204420
9789634469
40801345707
126803793757
618712149
52746916961
18474794268
47493095081
30491692943
7388076
1011077147
1729664897
36786492177
5933933460
90080529531
1797993629
11139532
30169724729
5837852052
93837782550
14023269776
135031753491
1673602672
34347374819
8313024
1322292997
45378014228
5385447653
5160942581
9653509074
3948794443
50949791854
49227036526
72566252261
25974737713
54310915813
119957733289
31077618113
1777508789
21045226724
50561773438
55071443481
50092813791
247734430
69090834864
7224896265
9325947252
576088930
1809311502
80522268240
7346342060
44305738618
19445380745
60168746521
34605563973
105550449943
62736010246
16629776661
136566333495
8488340285
35063217393
5677301238
193483551
38687933028
3737159100
12266017
47495353871
29980054136
5934699400
19520711227
179499716
12148841198
133650898064
40407794497
100225522504
82226007233
45735888
1735104966
1201727523
2225886221
55054375211
117810294598
18621694006
113813595564
57599621426
102619799996
47494410
28419284832
23192834815
35690234046
12208966518
108146340978
94333789362
61489925578
67293390253
123261865995
53573910736
17747320769
114556201531
23637837630
14612886568
2230018677
19187115958
80702084549
48818244122
126131761069
27859164679
19930572082
61531247986
16976692892
24309135190
18476869187
49453996623
26434905
126574572625
5898375115
20586239350
518525854
23714135761
12610923101
1587760418
16218649819
29335629491
3877587514
78248958312
1483213957
968098813
115923273355
108527573376
81532455454
141668566310
30445077021
116255559938
4593211
406124466
71146630019
29921412936
50643456270
110996193371
3413991395
18773369218
69913851664
42359391689
137817392232
130376594404
11161726701
113575480472
41719987620
1003496295
20871755317
37984640232
18821492
27572330911
29109288687
93898903796
84635264984
32016955948
11897813398
24349014906
129875504463
3449105413
4356512596
110729676067
9639208873
25141638801
118984225001
136665967334
33384998015
4699389738
6358499219
69898668805
27780466463
43238120122
20629413655
23146940056
15574062733
70805757094
34144425404
1708401101
136869247744
53636420784
34785955535
520886570
320488066
139619376341
9245243235
53387815197
81042963298
70078205461
22077084321
66342798668
61661774901
47715849500
97715780364
38367805558
126508851776
2054120107
133423091990
82235015583
109980920125
53855513392
91822156
8860325994
3980457009
7455046779
15014281
91857607472
30015622044
2803792
4340892138
17293215108
454996777
11016002676
132450340381
142254599330
121811895200
18765700919
72833887773
108598699135
39380446899
10267494173
1469869613
687767
30018290515
83378522150
3944459689
457001207
11292936969
422024819
15298258917
81701434567
134827944302
154341366
31911250611
66346828421
16618648396
561120179
16404029981
129407738437
41155964850
58859968912
14956930659
135086129761
614717907
105750532200
110680614831
12106072347
25770504483
79825808508
64416473701
101422410645
1295482945
100288779356
127745479559
1383586851
9080135217
59914969884
55186110123
23641767117
114424240935
101251693955
1934254090
61099377787
98609760183
41755902624
16972060515
84534719614
76807213338
128004130796
112371094708
49636424467
6851983910
75967538571
106237043310
3484119000
30781202267
7974942298
78972058023
124845477789
61885692366
125306483560
2413711716
236673
4680101891
16765087
59979947911
13385979141
21952063156
31540416576
18976145298
54439325567
6546836774
131420002972
522823822
16352067419
33021256779
8328559659
2359405056
300261795
104954774636
19339033539
84070925471
1247637270
109213838055
72019932536
49842348549
83846360823
113417473631
29397195573
77261552577
137105953285
106003912592
66704647071
48314365177
57792015510
14647779895
88232847515
117519108201
37456468975
1892276238
1015638821
5136789935
28362237870
113515104884
9328853580
71138271427
23381569995
46385226528
47769073725
93550151515
880236541
104389767260
101703900621
33340822148
3276039319
128544942468
21061503172
120847171975
114495561477
1591996562
40920419759
19142012502
72705639868
82424303975
68146122589
55333902040
8998693
44965302881
12386891050
37803818842
209292465
32641013213
45770482429
116645947079
23587568742
32496238073
12315120922
53257152126
15105293386
139042924259
11699050819
1466173821
104934324270
83307481765
15199430683
91689090490
62350411276
80650049722
2022206
122383443862
1864765637
8231100437
497003619
7831454811
142801853450
52439855027
138033349194
74097355281
25768860603
97820930900
31583326779
65156804017
69277596
83474958
17366804620
35983891315
137634944061
137550625646
41494302442
141927544110
140100054670
5234493099
125484018195
122036670764
44395154118
111224403037
39980114858
55696330646
73366434420
70317516968
94983281472
2779179536
2638308918
9046249938
1682713752
48781589076
96095302369
128556300186
34140620264
30606600697
15036293601
13182731150
84162054979
35171343225
138877337559
43603672041
23421442798
8776076495
585878432
77489959322
24544120154
59302627862
23925601385
100472006488
731760630
1241698677
61911606402
69267955537
26649214061
7805823469
5736396
54627360858
15590514761
140978493657
323912221
2054340230
2535530212
103262668679
142436243035
13926427142
54124633127
748286942
119948599964
111498588997
14972413256
3667039932
60901353243
125536370801
47945942329
80761573077
3509402899
45206087890
75847768
9720217731
20444609432
81556370174
5365454418
101948853115
36267067426
111514418548
99959428214
58818319357
116836880851
137523179404
3952822008
61195934266
69281696087
28427068555
18460273993
140740265323
25121357618
3436704556
110913748726
131222847197
1817151462
296648268
14001119087
4177337480
10383444540
60856392148
15769536485
2321463587
27486418878
535671
992176748
3189858284
80658968864
132650376857
87093526273
100772172226
17455996427
6470507034
63211911264
4203520864
9421170898
51133823115
8919400083
6128951675
67871227711
60820436360
9012911022
3996340184
30232190613
824789852
4468976329
61406036697
60176407051
100655393246
46408653033
24723954876
58128908931
49033896760
94664707037
694896347
64531604292
79192779343
56481733310
35586152711
119432202577
9188435447
8933134862
44176165727
138962087720
32163408683
9724673216
3630174408
20443880661
135912836450
24346621145
117513685840
8097774044
118722409659
124353672813
132652301074
6174995833
102219303708
21151889254
94829582501
9450911441
13834098029
3970820164
55287465162
114183702318
130157359727
117356493293
129831731772
79356311846
7432207678
43894844164
23778737087
882889
91784459582
37293870128
44684704451
73441474603
127238401384
590807411
106446397190
1538520182
10043171632
123415692152
42516041768
21899146124
49637580200
44737248131
10173501870
109180778224
28989455476
4608042507
19141308181
60455093495
9672262582
472588793
33470614914
93849040205
55167804074
9960289527
46400843716
21919548047
4511655686
10179584456
64831191334
52197710005
112908700920
112402890152
39870722950
943295387
55419499668
93591901941
118430064736
68853682309
730220444
78404141624
76139126776
43011389209
129886924833
56896510083
4851444249
90163984486
30044983877
103406383760
19275364521
138666568954
857077704
25226911686
5918242375
89891567
139728098612
40554361706
87598596863
55795719819
3946007520
58933208508
70025180
38130625615
53674907062
129822217013
37609424410
102207537407
769613135
11997563583
17069480184
3840865532
112305751369
45050983655
89022704345
11820948906
1558460305
2279900415
70114139937
545915708
33495095840
3181280629
1155930653
39126789281
11904963583
49982572788
81961991985
43512945723
39894444543
161518837
103822887482
876989448
374715442
38650378629
59200041115
137164675191
83897922647
93797583665
73066723378
2723801850
3930851013
33326730511
96873531446
23275404265
27312472197
102506962423
112326941905
57859556470
12284342215
10902246910
50527953757
34663081659
68291968222
1881964049
2378147561
2976874455
122383443862
5956550237
8564684086
51993996501
511264632
52687336639
95273222731
43739930793
1409865511
41368038420
42212600573
81193533047
1083792107
93481124708
57842041840
67833168835
65381915854
15019535278
26909962484
120387399944
24002377874
4609384099
76209841083
63054810132
74148593645
3321975850
15970152499
9421658075
53058485376
64619018066
101427434036
5340064262
4186907578
50614275579
14447577519
2027787999
21213500339
137750677594
84233476366
39035959374
76079984291
90909014414
114458115480
74460668252
6413781756
891719144
65030442356
27458378277
64472041379
100758822638
82245525906
47913037964
50476663085
84435761011
54586087308
44912620635
92705886664
93088310703
37896180000
21322864808
127745479559
20676298671
241155315
2921023593
5198717269
60665191731
71991904994
1040150999
381623066
46998615530
112876831758
48579098063
138428438803
104609120913
6440914252
10839826573
14034651431
11530723635
91937154078
132467645420
32554661562
52594458355
89561784767
52083960303
122425903851
42539512948
780064900
53735073504
5733945793
6282169122
15670377343
86064871104
53554684904
3862876848
142156840339
82395746108
56985860765
9186032592
1854942388
8489263271
33793370452
80252211566
126139260115
134089713839
181162861
110104956038
52841123588
4370528867
44705499820
57758261225
12898931446
38350621715
43361941039
52891243816
84905195237
46560524329
69007165687
126214261199
6242023824
13947319727
55012937041
35160715302
92501418448
4875939136
82301090945
3853697468
53331452044
98601509226
120206296993
2182269524
69705579999
15880528847
30044983877
45400078858
13598459747
15558252296
801993256
1999236
1246957900
138772915240
3384220291
129236836451
116503751350
130611285439
124722432781
15657686971
911036715
90249056954
42396661508
25084874177
2616035889
17607414978
138056919060
131351076894
5377446305
50169472547
121979537529
134771682091
104478160606
8362854712
76833304796
108888666498
1675383309
76794169375
42191346855
34444787729
23459000440
7746774499
11878024886
122536702149
2500270644
11495049513
215947980
1243902858
28081320076
5198717269
123732904383
38517568804
35234175032
126741768648
100578685162
118707873841
34887875745
11838496672
4703116557
94312826325
11766748201
37942408124
2445929152
1787325749
17022390655
17387573109
51185464717
20007826
34983198440
126632797128
12391384788
6194557113
19250633838
210428020
113192193182
6782004042
100462008082
99761756539
115000817424
77924452680
70658543678
12571834272
35778884949
25287101442
18005647975
132484951637
727272899
53214035282
76150669754
586221523
26909962484
15523494991
3346916032
73969342401
17068816501
109867422076
4132184018
110883936059
99224638887
76581293640
3406821918
553768129
116512748371
40997806287
3282501902
4691602715
88253093890
2362246764
130649466161
4435046756
39841856206
104878097351
122590273760
4892190099
15281344108
15332116747
1745199460
19434732592
92781023217
26493085922
134789141478
10174008679
92552512660
47402499
81646084184
46249245396
62251601082
46997492169
111746735626
26749661419
60346351028
124662797489
107836682841
27858308636
120750012662
10910127997
134366542964
2121157269
105682107130
28034925102
70362871
25401995719
85327025393
114413544915
129326070586
4257418878
27169505884
55050718228
48142472928
131220933790
118457286389
33276965432
57131212130
105753954060
1884066299
66844829919
93591901941
1313382872
5217663314
115283413076
16477579858
5796169712
3646797746
27765083803
9177384210
127172502269
90156109447
44125043412
26539786576
28548283011
8163612052
53954390018
50049862808
49996491040
15555723248
566610936
26109403614
25175730765
30279531010
81556370174
37872073754
56732892623
134420782682
101598296688
75863815765
13396506185
22620675745
267351476
69033220314
10836160780
50838605759
38212294100
2585172393
105925124402
114495561477
116874727214
80780911648
78130483559
11631027010
138556332688
308043419
38761066066
78882395332
6251065503
1434591313
61470560631
57274269831
21212014551
113217017072
44617972490
20358712034
23362817421
25670329341
56830787186
103242387751
134461470627
88150327578
10578044
3483248855
25893937209
22524760224
132396510173
2345695988
26016835114
89444102098
79812094
47979993419
128713469665
1243393991
63099301624
48840015541
69085346610
49488605863
48766701899
5554890039
14540785726
31509395472
137754601514
22095299409
122357602718
78714972072
22990170760
36547490383
43435250551
20972057591
27091846722
5491490055
33552566455
142159817
60864098564
47431001260
17447268196
6811187517
45762727036
1476163495
69358669323
17619558902
71361333207
40476362065
27862588951
107246324375
96290775389
10081475766
3739568344
200718889
60554970069
34135864279
2548818100
27471122096
18653646092
113076976547
48389600195
51807219897
48059493831
134242609608
106070739495
7944622202
130277438158
50320629591
142572045587
141682505163
112931720813
46282663736
63373138491
17211135187
76046818306
130830897888
82708640934
157937733
23241890696
2391482807
46407537376
6456501749
51339677
45859160019
12434121234
94806943887
54274600887
139368495374
72003115226
11455663004
15211296642
9193723516
49508224582
25336773715
49639891844
3432960667
8136072343
11449734381
13740892578
97858734071
14809958869
17678309933
127879489464
3194290002
125172015010
123426815940
109670254933
905432672
19847942411
12519250999
8776076495
17822591286
84943357184
953736476
18025438568
104775913209
15373554413
26241950642
1365011387
2784596337
48402145426
46442129631
132258148819
27689088810
80779423937
106950070563
31613477528
9634773284
94902372090
104253847786
3732644073
137705555755
26643360876
24388129141
12670534094
72434028789
15501706
129011046846
38604730246
11245373796
27934544685
278383604
72415753942
40010069845
18985263383
84152939547
77599185833
70456046758
2300161898
14854345921
55658316723
137329173447
25100274540
83623624836
10469185269
73058250044
1879862687
56992068212
108425265961
5590459893
7713823090
115871228148
13817451721
50997816693
758843941
3855226485
54002655590
94672785678
1924667597
100137339171
8879678857
98933489467
21339260484
98735219011
223124391
23325906
6617571605
6775026337
110792770131
35152021351
24204010536
1444284742
19054068309
66563278440
4852477946
2294096092
16285938977
1181673746
89778532209
454496540
22884945092
12634182060
5423356465
135657747521
77316807017
54799906336
4364658871
30030745659
13854920112
22508667249
10246623036
3474262472
71758104265
25608024107
4696680276
17852471668
47363304510
68683961641
47501001052
92632379934
130157359727
4359118626
52878114739
917816690
88897575471
60635704322
32312975599
9591462598
24990135652
13780035564
15759988010
88967948974
5221599197
721014730
16902658890
25214721219
107218745901
64160086425
54877770206
14055631090
36242524221
45312953111
20511708886
68735951127
5567102612
47314820901
17694534499
18158140700
46236995321
6443710739
14958168957
91002372987
738968422
78401212082
101017628531
27313319326
48688867823
63454487505
121113187944
624490740
9026238872
116350852377
12117727438
48937483604
22169755853
24294787622
853874151
16076130824
34275840144
70996259575
3282783055
47770206446
75062452455
31292690998
20526310430
2448583715
21817633780
95041556296
6766411386
130689560924
42663379940
5682915885
121423652833
436677242
52888856590
89238758461
8602755280
88218831818
29182002550
95373755299
26706108099
1625702920
79743029466
4298399883
62673399590
22170516264
997601878
1885959184
29618488128
48744947772
10824119827
62100946354
8132915440
29854845895
86404982497
33160688240
116102824565
2218090627
27690795238
27702742400
7213022709
23005666102
109909321986
8968705577
37508415827
1018533646
9919236933
59876764722
5230193399
1619863214
34665958934
60884651368
33630846112
12774774929
37775732780
4236201628
11086886482
12650648037
40585584310
44546915447
79384321157
23416750214
141304418905
101603324063
22980875928
133527316566
1777508789
107301494003
100385369016
122612444386
846796326
132648452658
62150274674
77487047674
95739059454
16870977884
13961656193
559779467
49038490808
34099728969
70014652325
74499186949
57087708867
106707532122
51226563214
81363652995
56412555602
440507075
932041036
3585546367
707828486
58752721733
30246478485
134002661834
15483096567
18054808201
73469802099
57882080188
2422345354
4406169058
36729133027
136337903314
88089629445
113243617045
45732819225
6645167461
23748840
30405663039
236296801
1027855777
38807826790
50176444291
28449560843
2674554176
108586553944
49208625586
64559410715
82547609911
125676659952
80456258
103222108951
126905326319
42415834960
84934197442
9566408909
16571557856
25882404901
35756468524
24166634345
90780932019
44060915015
81469297
66986524842
22730661310
10166914455
7834108635
75898382411
1269987333
135465127196
2356801523
66792242302
10149189234
1653489386
4088536240
13430453921
72931209382
113868718789
13330494296
19018947651
72453712881
20280984217
97367895058
70946176439
99585858503
65007844275
276296631
133332409983
77440469942
3868083851
64503804617
7875299804
59368534770
84385545056
111350904851
96303814533
225753737
61175329514
103904259580
69137494350
2406289789
888877192
1769554102
8635316548
101489398609
138430096
30781202267
118675172613
32919444466
366709349
106704094014
100425350974
2647850544
42039570544
137831129561
91366794461
132787032578
25504899331
96378807879
82912024997
21571762233
2711317043
29517871302
1117632570
102661921251
82612317
49998810980
1794502414
107191171459
125495235393
115643450851
63999127909
78298715916
12923606843
83201734951
2968328697
121285816976
8045645838
82366769
19068124691
20219351490
14420219944
92742651617
80313009527
2033041119
21479651078
907011541
864622130
10645905665
27184712784
57463635577
18213694355
44646410092
101397296030
6605415135
57220759374
52177557054
726121614
15100937143
2827860990
1415299781
88022919
21719716850
86495898762
26784868541
104901948887
36489343298
110614049053
87112092155
83594859891
122331764846
34861902816
46281549543
2505153698
30513832
550885941
382994163
1137422777
92760237604
10139068206
60469172808
15408133556
41655589387
22962293462
101591593626
21673850455
41963264104
5475701374
52128970079
129075536618
108741027711
1330536566
17580446664
18968431781
57077767933
23217746197
2532827855
121113352
32815001226
74339465173
82439336429
11833011690
69404048166
75419522662
1512889422
68185634642
2944361925
14961264890
63690984535
2084836444
106614723376
23753516395
3276881978
50672645975
104291217020
66798983009
13751562582
37088890006
19365236540
27217677081
38868863010
1899660873
1371070887
63675202553
26619954328
128808199463
4063658151
88139431585
282267050
69085346610
1193418371
40003176
4679087814
5004613794
1521532056
11917068929
1800870827
9243314451
13138104827
5071012565
49760160368
139184943629
1146656232
135418451152
23637051773
57315352800
104752077003
7543703918
137842905009
104496864049
67535885456
86438878265
46963798325
54323023833
2688974715
25709718323
5990362355
130273625200
91973759211
102995816847
75313319906
1678155007
8735743857
88850674881
5024241880
19707551829
33288229194
83816037735
46744009061
89593180529
4242947025
29429762998
4232028943
50603772940
27381981299
90727195361
24934350565
708206953
50708851702
57597124902
4893920594
121900307826
106027898910
24514485941
88824102290
43742095309
81954498380
116723380658
19983841382
102544004753
77804759820
682460507
16396580
15614577623
95527905042
7740618037
819061176
22597635969
140837514586
99829837408
46205822175
69897288606
90988128354
19330538223
57697028810
42001407790
64729038717
11842336875
17832095764
14372865864
54987351432
28857688383
358963788
27854884646
131012458443
3055945715
141963421788
9908737032
34969710658
104896837600
1839946358
33683714458
90509259629
411897291
42100031311
106077594771
83443543981
53819364986
32816864874
130130683893
74739090877
14101242646
88792846460
28677579408
120863325
62173649974
53640028217
2272937623
2603817584
54645574605
129119171265
131444897331
28150127290
31195502309
8013383366
64119166322
21676856759
483365948
3886795820
348082840
5490387718
45585933
48723198793
49300710256
10647462288
50192713853
1387173067
109834256431
32667963452
54135510420
4410101304
138139432424
5206219956
86960532755
128391657581
78107091549
77079937804
15298885580
10196829030
107582735044
101161373215
35140338
101009274806
135774552159
952262482
139167187210
90004981363
15915067231
107990587618
96989634197
7452028480
18698843401
77069774001
1069189944
576011
37565403730
4687204186
39217719614
92211095660
788183181
33564821206
83929777812
81637110344
76760840200
36421403587
67630830306
32563012569
91913285615
5678049660
69343546438
15347177857
47810993844
76081426500
42521375505
8718419764
49756689027
100798874348
5268952715
7325384525
110424974979
40134139583
6492149216
78518433728
52544484193
4712950980
1638000013
36672809878
45694065642
4859372242
19230860974
96917675117
9858314653
32429537953
34420898970
118002201288
31042295876
120532015539
19742601844
92037441461
40812828074
110152142923
792995049
11765107950
55626443903
90452456033
35837393491
89765959549
2989981578
6208661771
34036060540
90632406825
4968968316
21351935581
123074815250
50054505068
53600352996
67293390253
42722173121
57115051765
104067100040
7386206379
14206557107
56675568
66114649434
185307
78333849968
8927450046
1510264762
22550827400
140309993436
127441861738
126150509097
67389520604
47871073563
8445016557
52177557054
3381365073
119271849409
91692268662
35895952171
7933047664
43835227417
43429857566
76740556792
125575643828
128474912557
17952472597
47162766904
119084308782
15791828308
1856194660
125396169342
36596803901
12192808535
25934320550
25361221233
9988374029
14361948792
115269094720
66137446317
56068607607
25591639113
70751573475
5799574109
8671678244
8164063925
79465431522
120400210443
107322186537
39163556615
110356739458
140970549099
372187942
988118507
88914774952
34606522262
39282153795
18458891437
6115715859
7610210793
5294517144
81560854557
32207687287
31023285631
26917528799
40520032069
32480483308
468210138
10349662920
139548234679
1422019104
32331464593
67442355895
54694159125
73794582032
97423643236
7168581954
3385648312
471670700
2437010695
41034437892
1290121836
12753095213
1789989610
50077720632
1422564685
15281970359
9816977794
90804643704
78105629666
128563872418
141332259051
58539800724
23116628157
1013356608
24263713403
130128778576
17781882314
72687327823
31242715573
4735377898
71410175604
135220174388
68740056274
19554871531
8739023484
241155315
2719212486
29684780153
54441749807
47636637662
25685917088
2469869489
28845487595
79990014091
125515801972
126899684538
10064330766
29200414455
510413704
15863274736
141574995851
64271041369
64129724920
23066930093
25754067815
24333059174
7889939569
19649683988
49192518790
13683464213
97587704610
9121271455
15623447795
57952186384
1759587139
570775405
45331694770
27753122443
68664812423
87160063116
106822747283
67367851612
6361674361
312793791
44873130051
102389154835
19627564387
23427700064
105884030212
769217776
74829159846
362871108
35025606462
723949453
4757520869
127485213293
21497608750
1238988859
138830047135
30960859974
22611458125
4185950103
44086994543
31821310343
12407683609
5267874222
66877335
30622776617
10193784734
53311074019
12705234125
12849654970
8744646958
35796432905
116649548149
72459337475
145004095
24814932477
453996625
60594689638
99420077159
16103813485
8499882308
423564567
101107873029
71070028866
21317649579
1526052716
111729126218
28730595645
31727835265
35334835534
32130219367
17211135187
30923796917
25828071637
38372860325
426459633
5242380857
17420425840
139050812389
12933943403
70118286750
74539141909
52802953140
3598519741
80940178959
49077549272
68212891610
62623855428
36928113384
28414096426
6791450325
1007435355
80476236897
112245722635
87163158432
111854190211
95698432591
96930756549
22017935513
70668260121
39416316964
68892036735
10987507936
99345522368
51683280760
118087345655
74029065695
674685012
8305735401
35632823501
3807356100
11138343563
92514190372
1720820123
103029574711
37308818889
51682101083
89673266784
68019492138
876284435
106516800461
123254455425
56163419014
41210504632
56732892623
4054860211
9745973767
12164416126
57061616460
109911067993
22263379440
3128137326
3078732817
49979093581
99791642819
30282211813
70997651036
23215410186
3920968267
17496982628
8326275896
70162530696
14545668106
1328779910
46676832761
951967810
5038988058
104809968859
121900307826
331329143
56209004763
31568715269
491879638
31707692679
101290176216
86809104815
81777758280
25314781434
20652848347
34740810706
768163822
102744503076
20052329119
121880043715
3098607288
103727998458
35926227434
22538558340
83635738052
65670225478
138005853442
28034066315
24983664340
68585511289
80832990279
106554588685
56745279819
9061989517
125854475603
6035855573
5220167847
2485166338
10311853434
6736915924
14733051546
36787481588
53354233021
41755902624
140845454818
36147375658
67044599627
6199648706
6657768534
98283284107
98428310727
13463271125
93264582105
61642380714
12972458428
136255952382
130296503822
87677750926
79365156450
46916654029
15534866135
239792764
38599659735
83411785922
29010777
63644960466
68514450791
31271788075
141018219977
33190674452
2193188626
64502481006
87279270301
85267353082
743620516
19759064577
16058762547
33235682986
89685832806
23524807918
22302257981
27919118311
42989929287
92768231779
136839919489
74570543585
124849207459
53996621303
10071388684
111774914274
89108782452
68065772148
46074562685
2918906507
120733518621
21299029500
7733584831
23355005837
100385369016
16341684425
193483551
69897288606
27204150885
93518042631
69320177611
20468664891
66739677789
39363030604
6914848
11515042032
3265374517
140080257374
97738777428
110146899252
84926564679
45137926
91360450103
73386252168
11719774695
140845454818
38281929595
45970128755
142146867026
88172121462
23354224750
87606355426
64218192503
107907569372
16597057511
73835765781
96700319136
19523556757
33611032037
110033322229
11205375595
49892158790
79047067516
122876805167
127996574816
33977196078
5044610896
48065174950
114309466
41503780641
6583971374
47295659000
6373985336
122895302735
53088379821
14632471272
132506105292
13678733829
105217406490
41745337824
30101974901
1358788550
92000821208
51435834752
76114601401
92931399453
30303663575
3369388553
16568943504
7165624057
10444505055
24896392408
163616583
18917287022
38958479490
4817055169
11410967037
1790809736
453996625
1864765637
130645647911
20236018899
1094829
72108258479
14566428514
26758041857
40111378857
37695538804
111040059412
20045115301
30751464444
59562673237
109448884082
47826860034
17373502948
2835932059
47805327931
7011452634
7523332973
34962004408
10069371910
24682143208
19270417170
15768263159
26078805143
87592390219
358255930
12630209195
29174989918
23660633637
7082650412
106045033964
48455767573
1274791689
736905308
17183156143
107783103610
104598913159
101670368719
6153904589
26365709445
6668347882
93945562821
18825695777
14228874370
40165187457
33892797211
60910347532
114965072362
2462844822
99929514296
79486085746
70314747616
10822549770
111174645
69083974583
61017043249
19991045092
137045288770
8393098956
28057258138
135123740
132916055345
60833276120
102754617320
5820023789
89495872749
71900858031
33962014092
10042668131
27104500573
14473134995
1239666081
5884642623
107217022360
76484368695
138155152086
9344847945
5418975369
1178377778
7591490714
22689095338
47826860034
128927613596
318160482
107018928541
82060944159
34501200546
43785398565
511051844
50162501315
69811745938
1944292375
134862872040
54361777311
50636452178
109293897435
110934795350
603862516
1343568944
116365239149
110045551060
26311684118
6291634574
141050005463
92089998308
53794069819
50551276115
114932906348
709595662
123415692152
25486917171
11119763244
8017860128
73406073240
12193922503
88299825712
104745267325
57321578903
142061110487
13086621540
135498194013
161925736
520456760
38891255332
93800799293
2371019917
81053394357
99836480664
98069247817
2308108392
7036121745
50239213135
10374736819
5054459300
8044299947
18376738362
54249188158
2122724382
30043203957
48294500
79565782332
105038302457
131100419855
126377463702
118453656695
45709564534
42663379940
57553443447
120028985154
1123888453
8058662465
54725750789
71503717829
5673185721
105618832545
87398559562
100887349393
31906658880
26244439545
139931821225
82485945380
132396510173
6431331338
47846130265
90033308683
954473921
72522632668
40142987
20218626943
41181132514
35006327260
26795357
52302601
8063153555
57225736026
8378426758
29960941
8250635186
37334738009
127536114698
69628415095
4917829969
59478887869
21887060656
339693905
13606710871
94003503711
24428877406
115202886563
40818047767
63947718906
115612979124
2080310
1447951946
28685398649
15802662071
129512241062
60196837767
84098258679
14647779895
27828355987
54654075508
114581175343
12069477117
36985633162
135887511387
12439186435
132750455277
119321036158
2123844263
61531247986
49317984975
134161311426
109132067184
10192262709
62730791332
446136008
36307337313
22073290486
22983199453
46281549543
137442816937
90099421291
74619085995
113465395356
103430064254
39779007163
123562193659
17231802362
39249418261
836717549
136789091675
61395716185
6920691764
1845354890
118277679280
68818078183
109391403087
141296465045
97099261996
129991635796
98938448670
63213221263
12793044527
112282797242
873889882
108189627603
6961830147
572356141
1507454945
43757248871
34280606455
116667554095
15978488274
88872560495
138467783573
4980137164
80271486513
99277620007
118486326585
82782432881
58044896042
115442764897
111294672237
44053310016
25930198127
49660698274
22353390236
27830922776
2675564652
37856007850
36540589056
108004427028
23871063146
85064016583
24906888459
71928865417
42845232980
345563211
38970708142
107860885367
69984266113
77412820767
27503420184
132258148819
94387015279
95740684717
6240058971
132292731815
18440232554
82896950413
6726690045
21063723227
39924364542
124322038722
39950170199
35963360414
125910655139
92046995991
2541677347
37391587556
12574098476
27534885037
47190904517
19833592425
21057063454
7756453571
7745455102
37127653315
21610014766
132685014851
2134610019
53589534825
98075830241
4512319000
6560950395
97066530876
121775066816
6713612805
15371669596
95167883516
139413912263
46311637494
5241304884
12018008736
506486469
3899705590
7091891144
1023113162
121285816976
3627209574
11913216468
19663962526
79605646821
46995245469
129261515174
36334853411
943588673
5320881405
70216477619
15977846975
30197379524
80514842867
15768263159
76206954141
1078442859
95906529059
113197512311
84627645991
7877960504
19634698199
117515493279
100170610825
11340432
23255916114
2587158073
139289532694
30250944038
111623500902
2627282530
42068202965
47624195703
74382231801
30887662425
13529022081
12686455602
106014192084
212842856
108123835731
44569866596
11529641767
92050181013
88493122254
4116975950
14712783975
3515519748
3612405630
21602511434
27535735728
2280597502
54628575017
2480304266
53434606138
36527774357
207562063
445541922
40479603
74171370655
3030548673
120374590135
35568658099
12123279796
620478468
111553118386
9371545814
53040552927
20439508275
28707123544
31837820445
1948358284
8315774275
1608996990
10661477973
111577749690
128306540098
73754829408
22124156235
34669795516
49660698274
46627606123
90948566479
41914550936
127383442543
3380508702
32727478774
45795969420
138826106611
21935424080
11226698115
104214788061
8562365255
5402562692
42710411102
24191283232
423853564
15175712435
116295110724
323744723
18598787991
134039413957
567509646
22527826116
7353191700
67501990887
5833676991
109407077996
66670972862
95462984766
19076561599
52096987790
3572597549
6469706364
32789847451
72003115226
97837366270
16917188990
8521145482
14699281119
18583525787
128263046519
45036696036
3921276864
43842812496
13323494300
75901263353
10054252298
17478835771
109199917325
18038411645
26248587934
127643604161
3971130875
48132238461
54422357685
64224797374
127455055039
63145118403
17173169682
139021233510
3249691351
7835878161
28018610573
32274166047
4469306376
35449224158
136029751998
26470585841
32887720680
100462008082
28212125646
102237794893
20170836633
22077084321
4245196506
45636520672
73078021910
26111058210
102975564693
522608386
106975889794
75230128978
128925717657
12807327178
13631481855
701912321
117875452848
31804803911
127771898525
70212709
11977690097
239006059
80795789408
30081486166
13989154105
141427732753
50345066150
22261855574
3599700257
55049499275
10756202203
289488300
15381095069
36104262552
19553447647
138491393459
24159480934
17138190
35805208054
137317420097
35166512160
18785921034
11650596292
88933540298
11518285638
125785205704
98019886561
123688360787
107767551363
981822055
44058742085
75448238404
20776852464
56014466285
141179171170
60769092186
35920366516
19255578521
80332291506
24760972044
97228607701
16597057511
38970708142
1568386163
80776448673
12878864869
49137316230
108470344699
280011839
65355255072
107401523535
4530247630
389152132
78556548810
35398791974
62139887920
11639178623
11538298883
25196847269
803206381
19699687752
10492349794
11952871402
37682515293
23599346269
134843467320
9659922429
56666026013
139092228208
346517680
14886441659
12302245541
835450
78625472713
140952674592
4220806150
26640016384
24165839424
37100814994
125635500296
52372139986
141107626428
209092384
45300828198
1424565906
65719678009
24015053980
21742291676
29277640359
2809164940
15372926124
103646699360
117226477771
64349028012
19742601844
104287819496
342277645
11607673577
36717271799
115108086202
84825847533
51853289316
91868741229
21220186984
95677311046
136476499233
32499018754
51653793039
13165915529
115930452665
63466300852
63777819669
6606630248
109856948130
26254396113
22258808066
27628546387
67827732965
77026223077
15539289268
697022372
4867306273
99174981653
96463619963
26136712229
81797219661
31390929038
34360736493
76736210595
60020740453
15517810956
21426573051
35929158145
88472848079
4536232268
3847584570
76156441478
7660826693
128965535120
1918929078
1802721548
11242170840
421832533
26192202852
80456938184
138802464437
76836204026
50104425235
57602118078
104386368260
140851410357
60806314313
49072953354
4324649724
69800712200
48656836607
40367306176
1344628012
95836599052
75563160198
119766005180
58842297458
99042620047
80390150739
13626171496
83725101409
8700176561
9085869377
66607690829
29510817758
3376514472
11008611156
1708601022
76077099927
198311972
3099425461
23017291299
102779444
44176165727
84764838139
25997846171
35777910176
87398559562
78389494454
138757157234
70634948997
97244988097
13225113447
1786506565
46262611256
83700862637
107248048144
1624017
72235946498
107437752184
71935868230
16749158275
1069972447
32056528513
52235654245
59652874872
17719563616
81938013839
75547352737
25300125718
128391657581
21915013361
32484189964
71758104265
41987631437
66781458052
3416000740
128632032694
66637308097
22124156235
8422481878
12472981275
7119651322
6676492880
53588332864
614717907
6953093366
7600194968
2901209526
19151170353
3384220291
14310458091
123450919403
98401933135
1510264762
4837329664
77555484597
59268422839
87266881361
789785307
15780361786
98368966637
69204768865
1049422977
32450837466
37577406888
34506940878
20633074580
15990675811
25062185595
6575889192
2270387364
8146901433
122001652255
20535723
115932247558
114922185378
70658543678
89502149199
86897164738
20644790946
83844844544
23855267324
10189726272
1449786954
5961539444
116241180026
151064844
2261358185
4594973238
58645579478
98312938641
8434434312
19782696352
96824494326
22815450960
10130470415
86452746132
116824266904
117958736324
47624195703
12850799920
4027894187
254925066
56353295708
20194000035
77398270297
105268607882
997601878
12173320766
64770156096
31438288598
3597044420
57069070716
40014202463
15063624211
106137588392
40436875901
115335325553
17951110147
58285802084
9210078484
42643079267
22261093677
29485256511
18034996950
12472417552
25898056328
50795335740
8220661564
507970475
81035512979
137376192277
4451830227
98421715815
22115041467
76136241196
17303907916
118698789546
45458579535
3122108654
93960045878
82083443474
163850445
1716407615
18378117474
74369400414
94311213898
8433514476
82033950805
126768080318
48463756248
2076194117
81208449181
32920377767
86254075701
5632116863
33940197969
57874571564
12010822951
26698574334
6842907270
25142450242
69606375137
78776630378
35556997583
4604354492
2900682074
48359954123
35919389789
123200736394
11371199309
5260327757
50495310509
91574711434
38667631080
40990482264
11214435110
132573421551
2579467130
84656600298
111045323989
3154515270
34617064041
30512324668
60370649449
14353461336
34785955535
23793717384
7549658
80215151045
87279270301
46427621322
1213410843
27768501669
54081137553
5557849591
1785687551
116590138098
23457434752
57972224350
2320994345
120113053454
13117268291
23448824885
113497350118
106240473654
94760058648
41253532179
13666912035
40688699763
21316904602
73973607478
94224165986
72922743964
43060766489
1328779910
1299121634
36146395461
108191359262
56297774747
89209903
9873777544
13941348765
12576362904
78389494454
92678717681
90238027065
92472684700
64099371271
11314351221
114130286076
69723498560
21386252125
396381106
1842857720
4397327171
68195173733
100637047845
18522660
565712770
129291892206
34559584439
111184008778
79904193345
53700172343
22182684270
123677811
126422502648
94328951473
3537120664
96310334553
20389262856
73186809205
77868972708
114634701599
237150861
56640033238
28914371474
68948218560
79425607321
47761145066
13842425007
16974707443
98621312256
124387171843
9504167134
45936823125
21836488977
66475846057
47157140309
734716533
9617533535
24555338270
114822146748
141326293106
97769991531
15313928946
128590377342
48197077464
138507134769
7702856501
3194844198
21222416117
126952345900
11023925087
60837128303
219280031
70834941365
49478221742
14262083169
47392633558
292500488
76237269848
91747896177
56391563749
8320339625
4830108279
65650182227
15454096557
65480610626
107463634155
2547339956
24046757702
16466503111
135967390768
32120081522
15616478080
119612729336
26481417878
77029126107
51811943973
18023390667
72974954245
26125124693
38700117542
55728223210
14908681251
62899225025
2802430138
117148863886
29035784031
31585153549
58174073675
9743495888
56640033238
112691025035
3505910025
83984401876
20280258530
54172986141
48159532913
3463264310
16192808477
39657574697
37953466777
61369919367
138188560859
613662898
87993177335
95997638795
54948376072
29260079077
756883610
36672809878
3485859700
54215313682
1184645382
142310477766
18429181238
1434408720
88200146418
12289376116
131033489748
61697986461
34266308740
1451439341
28394212027
27451583147
12946008668
461628763
4664227160
2254656356
135364007144
54092009760
66897438328
24072930265
67412548347
71751109932
107487794103
11857703791
65819979434
99961090221
13273382774
68233338305
23862374653
21920303860
54031626602
104918987743
88460372553
6792272081
123534370810
1950285541
16038190371
81517510456
50125329191
113726491019
27953405177
21156339982
9675225476
26977253398
8056417462
48575669754
139836863687
119000599344
135959596536
125237372183
22739132991
5971523782
31939727046
12220675285
92276459577
96527255832
1141467414
10306750092
129132453174
1249846493
71763700161
12513039026
53853103040
79225177971
40000772320
2558931279
18951609047
23318307860
29569922081
10002935626
24847981872
77292085512
29826467965
88769409985
114142748991
15526021533
126655338968
45206087890
3797938863
87946523957
141975381882
103019446701
37474446683
40608487912
340381843
327357186
76107388772
64782095759
48742658112
735874790
33001629618
61256478957
1186629002
98570158057
56510159099
79675063200
696772100
4229783028
73578921814
35521056784
24153918251
69952505994
22207791455
26480584569
548784660
11041366164
112074564006
51247705586
9856818894
34327336874
36472598221
4813622831
226239894
88125423318
57281738387
2070222148
17010463343
11143655333
115733098741
39529150876
48147021900
85349982974
14404427342
7052033773
17604042653
73100620962
64314655192
9987370187
42470186699
5124380588
38847495099
110610546143
13200720423
31709687
126291159588
47604970782
46636554327
86089471318
128382198560
3318865597
4002890923
8809448320
41553297162
55428063029
37653471402
3398800524
35847149647
15813499108
392017879
44196840418
74168523301
54554535176
47852932269
136468688995
1407153880
60778075603
6941453088
62679920055
64107288825
776352096
119415797404
11749258157
63731763796
5309677298
11077880589
88594528429
138717766756
7145781254
342363932
32064814568
35446313527
79716430688
10002935626
3110071868
72161563161
9507592453
124623668526
84851783926
52972441070
93303061857
25414235050
43026413975
45920175202
43757248871
4007885775
118953299486
124759711675
23199061469
37794789923
55494148335
1404265134
116836880851
72081614268
35830565046
127341992735
47909634663
80358993006
5297402964
50038258032
75653724893
78820690032
95776443841
111963466175
27602134516
107163601789
446928774
41707315242
89086868386
17542056417
25243171978
73472635287
103985663892
120019849099
40426488607
139411937412
2892776524
27301460516
5875496689
131956704776
102296642746
6872639242
26610761699
36175808611
30433429604
8525308865
10045185838
112544260134
4701422340
122902702127
5950795844
78747264358
33739462231
7923705207
37371635510
2765277328
8824978549
43562618989
9940253005
66769326753
18498315264
82753815540
63660737854
118851459418
20664571789
134320061150
8201618276
10669787947
45016919132
35090232977
83333173362
1000622448
109932021549
87517932325
39722383248
19597614933
32867202264
2989446222
25568709759
130325104331
26689368079
66138787420
106237043310
20840833011
41222046063
140258484634
76101618994
14358310904
23933510557
12427931621
71622471100
9829418777
6334715957
63116317165
65328599930
87958963847
3897552341
13527259024
1220279562
74044712202
93624025345
59967204097
38497314980
26270994637
138058883357
25007127395
11214435110
4259350436
121050784272
78241642375
124795133048
28150987899
130157359727
74366549178
3719714826
97538470000
133641241133
109391403087
5323413014
68694905077
937002008
44917009505
7300190640
6229846243
4890805953
130955110081
4773222409
647170816
114536581026
96254923873
140736296695
15498870540
1831019241
49746275648
26532277993
22616834864
68417494236
104707818693
10257819338
7499096379
29094405718
87325736855
4290962238
40563727293
18116361167
96002520850
2158032073
84355119678
57509778038
55159262557
71776291470
1876502743
12435809509
20798904382
93347964063
109367022343
4849033068
2939580501
6529921998
47984534373
77251376232
109457595051
35710681297
39919204859
32530542600
64871013702
85691692877
586450349
31544067084
51206599087
27358235531
135677212035
142218683654
102241157125
14501152193
65167451423
3049992259
57852049888
102911447097
3116907151
12978212266
65144826914
74660503256
48807933197
50423071023
61874032765
4590286318
114950775922
49592515715
63290533064
5914418433
3137465754
51665587077
29004310759
126766200841
42172224319
39676084899
30441492893
22754540401
115218989248
49954743662
54667435227
120893015184
53931471351
63731000
253743494
135758975333
118855095826
124327620933
3137465754
126713581337
92381726337
27930259246
522177594
25289543305
75768807451
87525686526
80818108845
91906921283
75049561684
11440036449
84797586
439621540
16329359566
802397481
98680732990
104160454649
44423522786
86315654401
6910322531
107700170520
74259668217
14074826596
37769715598
120927862209
134093583427
1051902805
89132265185
58726242348
48044724418
615656457
26558146742
75922871748
133795793981
70837721145
107682896768
72687327823
8028161657
88574242012
53701375606
8055070627
12338087927
69474209595
2050820282
13922250453
25634249015
65319271895
17267835626
44661726022
3865326702
1844522334
12468472269
102049598923
20221525183
95555502813
63737026478
83185123026
42707203527
6022729135
9185552051
17579772773
104835513696
30047653888
82033950805
142488160353
38383981890
74627654009
82038449372
2288039528
102811939282
125686015385
43538859051
1997502260
27643888343
51723398488
120641907105
104746969734
122821321849
40414025419
14080828346
73452804511
2813313906
141604854966
117440240
51240657630
135494303509
4516631915
138802464437
47238197659
18441614294
45327284610
93145981539
13678733829
7984765494
37430509161
42364714904
369309040
15664666102
2044226794
51636103818
97876815970
28732334667
38181028449
130149737745
6985574200
74604807033
75184250280
13656277503
552326134
42176473289
50867853282
25775436477
11011655
3671811414
56752712595
57787245
14190283240
195599120
950789500
42313627190
14586590557
138682321072
3895092295
114782859070
79262002192
1712001519
34319704998
29960941
4771514382
100493670909
40789484
96553368890
97517139679
55827644815
9456767487
7846057110
141646663923
20071814458
63701506867
11733419844
46773136599
60766525742
62509194108
932332480
174680949
101762594700
101726685
26358225408
9037670754
598646953
84626122242
59804207235
49130418304
57479845406
18051391512
2471566708
47243829644
3535366466
59055796805
579152163
61920677641
24341833995
60409025755
118578915776
5228402272
2362009883
6478116947
2139104039
88346572984
59570293465
123254455425
62980259483
128838521387
10109748244
28006593267
119461370461
132650376857
69660103558
21171921225
131163539346
93240536346
109822038766
124082687
59833479618
65242008001
135031753491
1974353987
141208987021
4020697814
26253566324
1953500070
2829942550
21689635480
134628165893
34864788257
20130331619
119510597854
104151966178
89100955673
50761434525
130794601161
128527906721
9214891132
88362158114
27044631790
68230611933
101281809873
60102376845
23481709417
3264252973
44440984004
67231147719
46247017964
13493193296
90159259415
137025722634
114406648
105584638185
1458060131
12267570283
2072432994
21520067068
139955565919
23865533847
78644542116
46022332560
5766449
74536287625
9355521285
4698373583
46780980184
88002509081
28576894740
14568260955
124601311914
16361688
132423423951
23093324645
19127927860
849706691
73895433835
93979359334
93657760684
27539138700
69104556398
781658500
108998163391
92662737949
37830912321
61028618154
48170908397
54131884449
111838332792
8452842796
47170644621
614248917
102333641902
6544418940
56158492000
110115441014
61157302836
2848452883
112118665167
24439270723
100267136287
123734760502
419625310
31662855154
16031122294
87122923116
54669864467
59437017288
32110866792
30532963407
102496861473
54527845350
583023499
75495971
48796478409
106552870832
109151202573
11852214659
37494426563
43678262652
138717766756
1765279173
97484328197
59340646032
46692501687
52029498937
65940447274
56518812472
101370511046
24120555651
14848187
81284540444
7450735133
33100758328
87096620435
8012488226
118964213784
20386352122
22283194974
37350691825
539329578
59006492024
69030477322
47400531525
2393152088
2393867667
34434275336
52971246517
141008287814
104886615394
63830477699
40344475580
66552514106
17737840527
22499473505
33183176380
16933046466
3980768108
33840696274
4278690000
17299228949
103306617135
4448536931
1056716474
15170721261
2289203559
4681792600
6998924826
107992317509
18641139570
106896722462
23440999573
123450919403
93040263889
4915748483
3961815533
68656606719
94380562713
80705058457
19463134630
13447443594
588741723
1697622483
2088165419
71244183193
53623194513
10404976126
15276334572
24871372989
53141016833
19180770541
30626371925
57805770527
102965439237
137299791048
134138088400
140212927283
63952990684
40136209121
59839844159
1577195231
4673343425
130288877410
32391587354
33279781137
101606675695
29618488128
2114001781
117258975395
74211239613
142552070693
137333091347
71563782138
39554818367
123571468562
77653102330
2284782050
23983253
499417578
26953896
137915533152
84818220084
55012937041
49007486507
6516647901
23686589644
46897579030
15865191293
113032679826
14510903041
124605037878
73455637181
141682505163
77190333168
136879024737
139098145207
109224279161
74746237410
36914236398
2945159250
141849826061
45220402865
126171133320
121416299417
67218972734
573034237
16739958719
31487848
4371833797
21934667913
4075613909
23471528154
129907863426
21599510670
16171504686
46051222156
49686132684
11511258299
40871307568
30612890744
7125547120
43138114797
127487098314
124769032396
3741978312
40229393237
129782259056
382628331
135706411030
1711201031
267351476
56722983879
96793443711
69137494350
78875048073
16420285390
25645726023
100904046863
139023205309
49388270926
77540920657
32657739557
3668530741
14299566673
22144669942
73391915050
106221607543
78819221155
2659421830
18528081653
8536878864
68431145534
34521294299
89630863513
18666852083
87269978525
50852643225
185638095
96561529843
45090561145
110292019603
22504070119
99594151650
62842767
124409507613
43531300216
135472907246
62636891432
137409502292
54972733712
87423357964
338063648
25588362795
6658175207
53154180390
83384569712
16135386552
76814460519
22112003589
33819868238
126293035489
109829020174
269401295
74744808061
4941451891
33465907805
430238984
13412303606
6521070944
95295919081
20444609432
1433678444
140593463095
74753384329
46975027641
50480159166
27614912479
2565107180
83260643212
3973306044
75931515922
77284815309
54373891001
4705828309
92037441461
137550625646
132117941056
1102469667
121087490022
46835898787
118760570758
39807848875
56903953027
47646818521
111430009296
345649922
55827644815
1077028644
19089923782
95605840616
1684896199
1983854479
6170305777
128933301567
96061115188
58844821748
6305846822
20230945558
1214749439
134304569052
2700135025
18117045694
21186023674
8233824685
8860797763
132604201147
602701620
10590461722
16611449737
87367567774
5544169754
60038593177
12118837748
6928577199
112452358890
11198982861
3723922172
90156109447
5945044217
53820569685
131906822040
126039917966
129339363539
122880504577
126221685
44750388393
5428470063
110948827278
112030470759
27219368179
2822141468
45943483125
5400011863
54515715484
130586471090
5660473951
70946176439
44066347580
4156320626
22656793966
100089105586
151739770
31887376941
30943681315
139098145207
1221286648
30534758403
45398975487
97704282839
12611490088
78329457809
8492032705
13647418894
107985398057
80773473481
71422737635
82256036813
38922822193
67820938388
71790283260
84537765626
13713642294
1687278571
13079687790
26108576345
96108608
56004625197
104095951001
4082544777
5158453668
867004711
356314210
43008169880
18709976963
3600585844
30902113467
41418519812
6025044503
117670985391
30021848799
52756453125
87098167536
36064116261
84714522354
135420395841
94477379663
27281982719
26185573340
19769087959
11554540485
2100839832
3964919465
118975128696
71728730692
52137263618
121679339870
115514419163
34889800083
55380361328
50890087091
66560587280
45178567523
116101028398
79238433974
52765990173
135476797354
3560846791
1310768351
2615786242
48414692463
60168746521
70903062714
80344158296
53038162275
27454960
88755349634
19085518
7132288576
90149809681
60603660387
76287811417
5317627606
8296615451
86958986944
4701761143
5699778464
38480651
40495073971
26169003938
71332036310
83364916189
73844288111
46458873706
59861485752
86475861805
21264792972
38802742499
11127193502
193867127
347995791
61542872735
7177882700
32251075934
18440232554
5268952715
59626188955
92158503563
31151044154
26294242443
47945942329
92062921795
77398270297
60176407051
62002350804
44787630667
3845140784
134985155299
18267275601
39154363494
23529512292
28958010756
98639466827
24334654454
61607479211
134942446547
56480497599
42068202965
105492341861
5948494772
382628331
3854309022
10505232815
48575669754
5359282009
63304952337
8521145482
79166275967
123332279945
47122263178
87065681459
3087165354
62324401058
44002263003
3949413911
69956648149
140652967973
762380438
2169339533
4930327887
16031859
43926807
45041091918
5814339582
43354398158
10742644021
1157561473
31882786810
120184354475
70787693637
26964629885
7734024302
3783984647
50877214324
91073614166
22102132034
19308599282
4466666246
132068114
994887074
318326426
123820159652
68244244329
64391343300
93558790
104208189
42524575922
23376099886
19841484306
38314245763
107506779286
15100937143
8462516655
40795083177
1022196362
35805208054
62815631213
127153678085
5295599083
137444776724
19646115237
57915876385
7751173297
109032936177
62961956517
125098703
7571054305
30754167311
21907456703
1255292827
48556245759
4894959007
21377297593
32538890421
34501200546
4977692829
583593888
23578933873
5674682131
46802272133
133062480393
8497111204
59739327382
122764000328
17742580282
128986393689
46073451112
13692336236
3092611566
8153673960
68406573900
49830768531
247006960
111912346198
104396565438
91574711434
114595447349
51480567604
7058319206
103259288405
83342242006
116503751350
49043085110
13480281808
117522723193
21377297593
13236155634
33480029790
2124740411
6429734862
69388920323
42462724536
101641871312
31988442549
14005906717
98822761022
89066521461
26155753912
47582358164
4846278402
57118780772
19107513253
142594019582
4467326216
133902104886
31348159375
44026153781
28300934131
96404899621
9833899420
6424946516
36263139818
27897698984
117681837811
90301066093
85386721364
3160851705
9685599187
116842287092
660004264
134862872040
6291240003
54527845350
121203157187
54372679578
55205641307
119840852309
39971853202
31727835265
24322690699
4070892344
22248905231
65253993764
22831655821
122248732529
17447939519
12673376331
5989977598
314027974
37939392415
10754637452
22652181368
58353650284
66197811578
6117661358
5402198259
199806591
44444258271
131720806773
125228034094
206765915
5856087970
86860080926
68125689380
2714626356
1907059682
15600643859
11074173268
9043866441
52749300913
70946176439
98042920155
30336749734
58962263707
55430509885
115125969884
30497971430
126259271693
6105603973
16025983088
1298774774
46347309638
193291978
140583546828
10293996881
23633908521
52029498937
26668450338
4378689862
1330888016
5791253879
71418550180
84496650791
74051824933
95445959
79154498273
3824093425
29288179229
70791861940
1879022429
1792040260
5897611783
19957917608
58353650284
25456688416
175287161
15414425536
64042645642
1504460449
69475585666
47286642962
12453261656
16205091
46888604172
68987970831
11775499123
32207687287
33188799784
97692785944
14630634781
55728223210
95952079157
5574141295
3228194834
21725735416
140444755632
117414298857
62329602726
29492306823
83044746643
63818627702
74853473851
3706207783
6604605123
95041556296
140647016886
48676282596
71997509954
65114224505
140092135628
43239196019
56907674682
61854602856
555434262
529958512
4950847646
58285802084
70862741689
22867947088
337121697
11260860253
115546670855
13282115589
49540546400
4171919021
55945600961
111519695299
30019180034
54387217730
131866539585
85169475020
1249676490
134118643
18499007243
116761207149
69430182707
26670960047
44231672628
25374265545
12294970872
24671696311
3260889575
62715136074
21667838725
26590710707
104476460387
1376070795
35467660435
71973690447
82280064253
55043404638
110473978767
5249197442
105639352147
12481438900
64812612520
43988148852
104939436717
81782249087
99009543687
100810557969
10884724
69404048166
118998779935
96507673268
15362247197
53524652671
44308848
38719412689
142450220024
100190576647
126608379017
85392845164
62890079500
245192805
32986679024
120821503213
63962216751
88256208898
120091119688
47480673012
17165848271
47084026938
6042423704
106736759511
13042164633
140058482389
4530247630
85157244384
62737315029
26823454495
73434393808
23833916
2247965363
118047486959
35320308875
49987211988
17097366998
8511434507
27937116150
5278304949
26419787796
10169447824
1257167352
51258278337
49703477961
111840094675
17156081
662439494
42464856488
46888604172
111774914274
119928507887
3522809007
70757129951
67324523462
121028763842
1766499821
63827844283
26057313699
82230511316
42817396334
48599669939
127541771019
95917915456
13273382774
69527886372
47732832453
411707337
1502777028
49886365779
99016158423
98745127259
15893316423
7180420150
31601597355
28269018334
89409598636
72674651692
55276470421
68809863205
37821879932
52793412978
83937363403
53479018855
34917710368
47521333426
19823551189
14842009915
4406496677
56533648814
16616684897
1054541164
2403180914
115604017573
42603559552
130590288540
34059810617
1947716101
86483568108
6137134006
34774426113
85561353828
19104477
10974856434
33859636456
27935401822
19873069766
52991556090
132442649659
756622370
41017689706
11704502173
30367168264
8941191721
44728488929
5817749819
101224927701
125452239268
27718961687
531695636
5538261532
12436935079
66058344182
107422224909
28931822448
51217167820
4196808039
142039177290
9084913565
2745778640
36118955969
24585175
666345890
87640496954
50694834926
111224403037
9694495469
4807448043
74640507194
114822146748
22381651779
30539246120
146825108
8795810043
2100394328
8839108797
4257418878
17599322082
3495151580
79577592828
83544911380
22622980344
92389703270
102705736423
1132740214
75974744090
24139617031
3582896030
112230113
33170994277
35853004049
14481050248
67795121533
12842213915
31232725020
1042464890
113254257893
35564771037
23827638207
2998552986
9636251633
39006386261
1609384482
91822620034
59951913357
37693534960
62781687251
864622130
49964019016
106616441759
374715442
29189016002
688290862
52003462521
98806240104
22006570416
87600148554
16553262410
11148437074
12633614453
41348065349
14605545284
76015101650
702917643
126068028969
51452313026
7537633004
57504788744
33891849504
6232202273
99585858503
122315156063
105369344235
124482113816
121135217718
126540770895
50480159166
53718223074
63512252463
72161563161
142881831134
39226921193
108030378993
48556245759
64963989886
28194896266
1250186543
3578480959
119419442800
6096666308
134256161975
16120562955
47355410003
9410456706
64816593447
72276662323
78107091549
98870681235
54195961782
84385545056
60546002964
90525042125
85132785744
10921691727
47221303594
140754155736
26034179125
99449905627
116748597482
62510496421
129666227109
3613293141
94406375017
26768099915
24384136474
38018847718
69999458440
8005776345
94811794736
75827820104
30368958184
30781202267
127247253
60230044777
83641795060
128732412087
1065595283
81296479226
1518898562
85828277302
134397535532
6574273306
118237785328
16202496306
2991855683
727528917
66294452556
10469185269
55776079169
15986185188
45262259527
78869170575
111370238572
74677646056
50009251285
64331840383
39035959374
13045625763
92555706732
51486455093
48035636658
7969586932
30617384101
120173383777
67317754665
1522850013
122252422259
122956355978
32331464593
1813435994
17206470092
44769007502
119219944
1515704445
99760096332
75499941858
114613289497
95210012434
1759181031
102350462180
16830100432
43721534146
19144830070
68136586668
119534303447
15165107276
79549544281
11747619228
4152822985
75992039086
46707054802
121199484235
107332533283
40441031195
98629564109
1366435907
2966460872
14767480038
2534056024
117047825250
90788835592
102960376710
18637666521
6058666922
85132785744
24430476250
9053879318
21157081815
27919118311
11947911135
10493895239
125818901856
122708540648
69566436098
61919381688
16114764106
10220185786
141800017910
1819837275
10387031805
20577463984
118210589793
4403876055
46973904590
137176421465
80369378313
5837852052
27897698984
79901234841
105832673856
70786304234
16527146862
6742646244
127577596832
55719636009
101703900621
36010297730
39632900339
40132070123
117962358090
121567096719
87322638745
1399036887
33533717983
3102426490
20376894087
109445399820
16232225078
994435069
58650619146
9288208254
2935864331
90537669257
2165491268
53434606138
2861527901
40120689262
10090558966
475040675
131314707009
1778734503
109013810626
50276425465
41139191558
114690026124
82361182015
56271874940
9333213925
7737980225
37286895289
68346530622
3924055007
49630645968
34641027704
44492295341
51066968664
31067653296
49101681319
5896085279
59509347999
19440411338
20757015243
99469794411
5374901574
42486179916
136006364876
8119391418
143578223
73224974872
25081632485
9741018243
107191171459
23300360853
11144717849
94403148211
10021533001
41363833082
65242008001
47675103906
8153673960
5743727175
12000325178
97773277531
60524228979
56965998587
12314560983
131759150433
74653361249
48680858794
607236039
231768249
11568625015
9016718154
4602134
33363545
41315489304
16514748447
79244325820
17790020676
9174021791
36752861383
134860931503
15826253048
61703160417
30646150877
97765062698
85726977994
21165984721
80583172673
1899449674
110017600256
126677882750
26147474216
11340077347
106534757
135721984626
7943731500
104626135037
30686632374
20324551509
113938084362
117515493279
17340025202
2527672562
6420558949
63926634244
43251032128
92487051143
9130850251
8694098956
24682143208
26267674429
125579384414
954326404
105981642965
67763876946
85094576941
60279875466
81902053001
10093082987
137051158969
1497173914
13560775215
129542649770
47037940537
13279204420
120299574514
40592871005
34537564886
134767802345
35283520011
88571121328
16811656628
15865191293
38227427241
63966170954
12572966342
69420553486
21428067231
174317863
1754716609
44816120503
142536091911
1985800916
31731498217
157708221
117490190703
546576994
51804857931
86500522883
91260558952
26135884450
7203276726
27042946360
80583172673
109102497151
15766353296
364475234
65880200053
26946962752
63320684647
38637188278
296888467
77155462896
128592270659
30715437678
66652119490
111370238572
12650648037
87949633769
78602005603
11243772271
9306437
46639910208
86380335475
18466496104
10312363837
104486661959
138613413379
6760872
139074876
22037643039
103827972109
38999249536
7946849425
6402626566
108168848949
38377915398
7187612227
18274150129
16145702194
6596103628
70843280835
97164739970
128902967745
61121257298
34886913614
121694064562
7103661360
18474794268
407823694
3468471674
45584540221
14646554831
9344362946
77584617183
69706958252
64772809290
93786329560
17098031209
269629588
19163853807
2243817967
71905058792
13629711608
41756304
12965555798
126516361670
2199343685
138637036689
82988929448
52252258901
70762686605
1974569640
49721982771
40970606545
6165226724
1636045057
3047287933
116573937945
17143228577
125745899505
13728449153
8629730210
36810242137
1911082435
38961536469
48454626402
135758975333
1413849551
80648563271
30884953342
97102535392
44474823933
26878869923
8423860431
1857029812
24402505907
58254406819
137280204410
124372282841
9758366908
36652072419
28929204485
10833019096
32764705562
50784813461
97714137815
79370795
4026016269
24305149307
114426023678
9783177584
34886913614
101841439705
3351461890
14729979619
5507670121
20319466184
74320937056
6578717323
121447553210
2857602230
67244676519
689534600
142787859843
36844890624
37029299098
109637122144
99365401220
49813401380
38418368262
86605371901
64844463756
19091330586
113291403
3230703433
57412527668
20355076587
19295867260
3160024922
7164356666
87972959742
30245585392
34365509228
3222344881
112448824980
25071908149
69476961743
12567687
60794761184
11150562626
6144931726
62093160068
2056101584
105243005665
106154732690
26627476765
432866483
1695829612
2929499485
23027369008
12776487118
54309705066
5382794
114089340657
8139229922
80538605699
81469695214
418858938
4292578487
1162788327
101158028969
84716046871
121961109771
133857641751
64346383668
1147955876
85096105112
6237701509
104874690231
3716410811
33065204256
13710089868
29882351152
20139008567
103301545604
12259747807
8107678988
7796995753
29707779643
49723139452
4858682602
68199262216
19424086847
5830
81930521460
20386352122
73646986222
53560692583
124511907458
113747819309
138088349504
19418410263
64175930149
26736255981
103049832307
2333209451
3270143742
1194081821
7538066553
121997966365
6167179949
72602845733
2285479875
43972952254
35911576451
39537363428
13119565
26317499417
88028952510
72154547922
2184542228
95051270710
324415051
17747320769
69177306033
7489585247
24420084863
79266421483
7087269829
10150201698
98793024658
29802534604
108800070783
6919447083
20761422623
344177893
135942060353
111380785286
100633712463
22796937688
3948175023
611204917
56633845569
17290542674
55205641307
68892036735
142869833080
72459337475
3897552341
15895874637
42979201011
21967952693
72808510787
92830600114
785117248
5017577653
74925011693
118230532734
1226665760
42360456282
34195817074
1357191347
82981388029
320571339
135457347324
13052549971
35811058848
137409502292
84665744754
14535904162
39285223472
58556165101
81120466066
333027337
9369602504
36292601802
29042780661
2605810450
2404137204
136014160334
65630141442
5583780175
72031145380
6003837610
29429762998
54009897642
31891049321
23260592312
55714729269
10105707212
64405891901
4531577250
56106669
14397141394
32031796
11143655333
82695090947
6185946407
42010946657
935979645
128030578172
23433175801
34083568880
101362141425
23196726388
178027598
22844006809
72730998252
109909321986
49068357560
78895621219
14672293053
53099144168
303897578
10572873082
9773745427
6159369531
27568074478
13648599762
30813660095
5470191
22752228852
93458657230
85262763717
88791283917
29011303357
42922370480
18487936875
27505970791
50741566148
4546883314
24590613804
75350626622
130634193353
5168769127
67489790856
102688883259
55709822703
63299708697
11631027010
249119835
117804865571
57689533106
11297213
34010419445
137045288770
51977432573
58632981598
80360476567
14182451009
21270744608
1077185725
50726376053
112270438205
106278212148
102661921251
1141791318
43757248871
998809572
14050234787
19260524028
122839814863
133587167957
21505093622
5650764847
60770375483
44443166828
19009119257
1696626290
364475234
64137644486
27253203987
17803588752
48657980356
88974205796
8118940801
22904269437
28001443775
108688945097
876284435
110204586107
1011229030
31596115371
30532065934
44647504019
4816711880
132840944962
45858051062
2714881055
37198272960
10215613803
101814595063
13809726272
6679344563
18750368543
132382364
37476444489
37093858407
1590840824
25790235299
94608165832
1766092901
66043601097
5136435172
11210171214
116970276339
36288672930
22685248717
11685428178
70726573603
13292016962
113932747785
2082175462
32510142756
32378633824
61761383600
25739280005
64608419172
46720490842
26457257703
41401689322
36255285548
13467376240
123942745858
34420898970
113979002165
165022999
53703782176
30402081179
474324992
8405948078
4892190099
31418246690
17421096621
10210027240
5291632742
26357393905
106403481171
110285023687
62150274674
87907656104
8237003706
79745985140
5970755474
6292423730
3309261953
1919991083
86140221315
32432315782
10922743269
2404137204
68786590036
85314783177
52687336639
8595784665
135908940164
133643172490
137986215726
21037
79527404180
60706229163
112523049050
99547714848
83342242006
19409187656
66298480705
55606834285
11803415936
120524691195
17177163920
114586527134
686551388
752058215
119171689206
79273787424
46980643172
5314374589
28151848522
52475511345
5883117707
11875827082
1434956515
82488952870
636374026
13120161268
22539325061
8006223698
109584816362
55407958
77628327415
37367645820
22096058540
40209711276
33346459904
37538403025
37685520472
127834182156
33091400226
23150049922
104639747133
4374771296
40861906363
52367389508
4164912359
70758519100
2579963012
5444556097
124485837780
114014588861
115568174491
28139800852
27678851576
69272077592
35360022750
28078741403
65892194
1582185231
100292109256
106041606848
8097323943
34663081659
4309731652
26874669720
128026799804
108753182180
20773913030
124940600128
2821621832
32702363909
6121553186
9776227058
134411096047
51214819144
70709909887
405087747
107890277866
58793084417
1158703748
136826234078
32300036745
35640604855
498367236
93317493550
20098533843
82669499554
45993450120
197082105
37506417167
75245903125
62887466602
138631130636
2648604419
4772880786
43138620
17509757837
26637508203
81879582310
120548496062
11168640892
419050494
37027313638
20249792794
113751374221
5256376952
103819497814
5686286286
2207108079
102184006601
149440311
6840845471
31602511094
12348177113
31041390463
15835822083
21343733552
4737760003
44635471608
29311021211
132066102451
3003380494
136970945312
2713353137
29872589521
118210589793
52404210791
8197087630
16241925937
20602333232
29246033723
9279026995
104609120913
27802695579
50653963579
61785975001
21492370273
109648495
8448238644
21451234900
78115863221
139076450074
52398271120
15146401058
20011944553
142083045304
4308111715
41968560603
15156999595
5348398863
89342182415
109790625458
30448661453
1049732757
17737163470
37830912321
33412270474
51801315062
124126740889
86736531890
845550425
85725443705
12955205090
92258920888
40382876213
51801315062
6458840
45737249339
7647282094
25835477124
105289092384
8938347813
9427017802
74386509230
52627789825
126506974317
68803017798
71849060860
13356176034
15857526193
3023005549
99489685793
92752243713
60325893082
90534512349
4817741779
58759027424
5233059719
34347374819
106955234144
30716338087
71132699299
135831025560
24188897303
23371411610
18180077400
35379404462
117681837811
69887627923
438245832
48599669939
30812758204
49121221668
101938780931
82050446078
39593849087
3391077033
78725246041
11436804763
63921363522
121695905213
112510676715
116068699578
117369137158
40088624619
50809367410
69347670661
135661640329
117898986585
2319352372
43399665594
106009052263
134411096047
25611896
81253204899
132590734684
138910839496
5465065133
141091729910
102538952856
132679241472
141250734774
60246652548
240007587
11462132538
8313035631
23858426040
93412127119
41292380914
1707401700
23252798850
84636788833
37161462897
4015070422
6332736152
39192165967
38639217382
114673963049
16003510557
4770489713
51150251313
4102427304
42925586049
139852687627
28000585552
17855868701
3904937631
125502713867
16114764106
26336611312
34899422833
47386992485
65544669998
5928190657
61008041398
81136865607
67478947382
47149263754
346865118
100817234547
125325165370
104189317654
10036123848
27892559668
104464559254
19189936454
51048210462
131341505071
100924085437
13777661766
37294866615
41746394225
44365701521
51288827865
92844996087
57938412417
95536021519
11919270713
1084737443
68274239929
933207096
68428415204
8452382319
30671335425
98528913786
139441561697
21031334
747637883
44852295192
66375039978
17828701001
12021325886
118975128696
102501911900
22000510358
14484704100
106781468891
95012416458
99476424699
168211313
51262977607
5728306698
135321238006
103181557697
49969816617
47540540153
119530656287
20702696861
21884039768
20182416871
2608699
11931934624
140676773763
93879600380
139291506431
12082777291
54550895209
26968837216
8755898176
3086348759
95208391937
498682193
22719111095
115516210842
38023879217
125794565279
40711632013
2368409956
129121068626
4663214823
141127498186
100498670702
115210043207
126229263877
7565406712
71422737635
63480740985
469837026
617888588
91457228714
6843319681
120949873343
37254022620
127539885560
13729041582
43300544562
23160158969
133465548886
71607097851
99029388537
93585478249
10166882
69729012590
1405167561
9059603644
101774335481
125618664167
16305374367
18039777669
23654343891
102822056492
2915468186
310332249
106707532122
37984640232
52235654245
917961253
14186668122
62746449006
89130699594
38179011697
129478035106
123217406547
97973828663
27900268897
118526263221
86502064272
222271
53656864675
49126969503
400768049
31565063153
14747801940
56285440643
9653509074
43894844164
15126461868
40311113
30665037806
21615268167
55267919630
9585073261
107401523535
464357212
506804294
58887744272
72890297789
2304133099
354555144
77321170146
12552514
3719113968
34383649291
11089536199
127085922617
115759999926
87693275812
39396842585
3450837625
120414851969
366083098
8908040871
117018967418
18300620
3136092765
5199074408
102596216130
55827644815
13720156329
26335780221
2123620252
3068684250
31015139896
42431816881
125416726431
91360450103
32322219511
85644145784
3907709500
2465265840
467397782
56178201000
136351564447
31083960238
35576433043
10033607305
75824940790
10458898439
3092611566
102854097661
15243170653
34165357412
37735625986
92211095660
7294645185
15440237903
5428470063
32612215994
75696869235
12685886771
142045158857
103110616175
133780334785
95488950186
2352072117
49102830626
436579311
430724817
136390599931
2145854681
5356015580
2129448102
16623230243
10171981499
4396672521
102412710299
45370292885
41377501445
66561932857
79402013479
57016901694
811453884
58056177733
131891475546
22446646302
68122965250
67020286365
140201043945
23494243207
70170828564
38208258974
38388026496
121640692477
301612
76474938
357372406
231486723
80752648327
103014382906
100865644870
24048343454
7417144455
80943157365
91182906193
42536311953
19574812189
68266058681
358344357
5721544096
15722460195
105695790300
95657816438
10468670770
104823592335
71945672987
96760763455
108775756833
52580177533
46562759689
47525059
1192423587
16444362065
6915299029
18899788505
7252922951
83867590171
66805724192
21246199841
2058745476
8163612052
54697803890
89948341529
133270687785
60208331346
1983854479
22491514
55172685390
2323810641
84467724768
3675989084
48382757979
33107310189
64040007838
68383371535
2343808762
117759628358
39676084899
138741400326
94934732160
42848668
16139254580
1705803260
2327568115
4110331037
954326404
14081428587
20927039304
819197383
2685428121
94456397676
9703890468
40024535267
91193997370
16067766671
113630542513
20729113089
49918810341
130302223707
18575203225
135196856886
56258311171
120080153336
23083230514
9577703474
151289636
2097722750
42325331997
24383337971
62973722296
24415289735
33859636456
41108799701
20524119723
69226743377
33138208134
19338325556
9280476358
98748430127
17191813868
10623606284
100954147693
16404679972
105340313604
15734540796
59806752321
140197082985
134105192575
11904413472
14310458091
17478835771
72557808753
37915270311
108120373665
69398546906
129519843038
39508623422
111224403037
48016327599
119990616111
7221927104
23118959182
90826777778
144125629
118011257807
2117130497
124601311914
39188078217
7726115592
9334183099
75298973522
2209851247
135795971702
18711368981
85475543534
13835882156
3711007277
83957087558
5710281584
72373590866
97769991531
34072163794
71173102128
90828358869
114720370945
75787516372
33673325851
25556432134
4766733626
1160663404
21915013361
47215673327
11410967037
75466907219
23150049922
12472417552
126173008327
45328387133
102695624299
67397647566
42513908388
23827638207
130044960176
19947840912
79839116549
339693905
70605808318
13838261168
15237543264
133189699711
93501990387
87101261796
1311116813
19535652854
106688623659
5541215244
87669989033
20060987965
23136827
27381133030
136523365277
4834578008
1678947351
68122965250
100215536908
46944712844
42925586049
1504647540
5153832545
18322308413
14160772025
10039144080
74091663111
1203393491
141553100886
39049219845
2699627287
7696280376
107553385817
748157089
15828804366
2415149492
42970619637
87341228311
114793573256
12665419093
128787355212
18274150129
47485189882
306088615
54159686502
38398526
26433107912
25102706645
17579098894
3988549745
11580007716
48834285508
118457286389
26194689083
79372527279
8054621720
97282668778
45288704681
564030253
8530398522
7698033660
31957287
6602985213
7845614389
21645301153
57087708867
43635014652
547018078
72871962202
73224974872
53422606664
50375328472
56907674682
93972921296
115500086479
47084026938
32588073648
12371734173
1334933089
65477942114
3532151679
31599769923
21783712597
78694426924
5586377296
125583125084
70702967508
129767039108
51043521504
130588379803
671121797
4102427304
73517974243
24605855173
129687147266
20572345619
4369876507
93997064871
6687903748
55443968430
31903903977
1193750061
57324069587
59902233474
2743730626
63635758303
38873951549
109553447
12111621623
36452903629
39921268639
107722628603
252491383
5826855
103697507280
11462132538
11131971261
31854335409
6086183695
11068878426
46435433007
52632552415
76879699570
70736295034
47485189882
90256935935
30576057693
125205624978
37857011877
25321296626
313533966
35270938404
127187562605
51113879014
3597339459
64008357560
32621504070
34350237768
68007244253
44530525648
66741025316
30481828696
1938094954
14925373148
126486323366
25492638042
14817352647
29262712902
82829135162
21871958510
28921351194
79825808508
8697838854
9966303885
136006364876
17902098947
117868212154
1470239519
56370576056
54050944580
119342900526
44159847148
134527360819
77867512981
45742787236
514889172
132617668102
660004264
13984369673
2965927346
9501720917
16050403638
34497374140
88351248329
65973929693
1222630064
29652065954
6125835821
112487701036
132569574393
21848559963
105966227008
437853336
50418770
7513806439
201110571
5520558470
76971079813
113664297204
6824361401
7037131
92007189402
9914736204
58794346044
58793084417
49676883018
112471796429
27676292583
77011709685
88906956801
63942447368
31277240489
140589496537
71621073467
141433701248
50648125992
41250383102
72664793395
16034334887
36228783763
32477703435
6038559752
5295599083
25630970291
84825847533
98533862741
30506044755
14172211916
127187562605
101869966452
12087767032
60356556
1386634856
29463229508
21358647318
5354564198
42470186699
117152473186
108281427628
132396510173
512648805
659761048
109315938
93630450655
18962823305
70983736958
60815300830
109408819719
2197746794
66389819841
40380800063
132454185849
87916983454
368501223
41234639263
109689439776
2278971213
12583723761
88446338688
87715012378
84061815479
261399839
71853259917
48226668990
34049359802
34341649207
4940408456
5644047931
8370180558
123178511018
300261795
147388
30394022810
14501152193
116593738292
6080751749
29117169334
44018551246
65389915192
57093922674
35441462958
1102628740
78417325163
104355779684
1885959184
89685832806
4141068558
21263305200
2210537344
76660902989
10760375623
134800781770
27383677869
13756899197
2720232062
40620260
34166309035
2612043245
7779796716
18221932135
79097095574
14637981445
91719285885
15127707608
64009676169
47555230542
6951429852
42854871329
50494144866
272301055
11374420965
23399547472
50729881252
4143608770
40130000757
39031879772
10925898255
66586155513
12382398838
6234166038
7900150762
16984635830
2776086882
10100151749
44075040398
24914156050
69236358222
682584264
79066194345
26710294056
3186514
50719365981
41375398465
105584638185
48156120590
3645014828
11459975888
58536024623
50496476176
13304836588
1670548
14742884472
119373878927
45783779139
67591488347
96594177777
86722638875
50773123435
29362886296
46413115841
67495212912
54835181665
55789581572
9867790402
368052914
829988604
81218891078
49619089728
14484704100
95049651597
47558620987
14612886568
2087055426
651516384
12787333885
54465995311
97809427241
115828165388
114715015698
36085655617
20505869796
132498412914
119142559216
7898818485
84524059201
40802389480
28856816786
113929190165
121416299417
125704727473
18823601038
761200499
41818264393
6972239000
23706263773
17414389359
93211684506
139248087257
23719647078
14146328123
51695078768
139477114515
26991564861
186515239
1322993233
47393761805
80293729664
22781516092
421448245
114591879159
55583552658
59528108
99502947847
4365963013
268033681
61225591
29904542197
12599586531
61429261065
5860271141
12191694611
34924448905
10507810752
106862312238
24182535509
28169107
10817317458
89461356489
70295364332
45159859218
122414826723
3710407161
40730399985
38528710827
11457280287
54696588957
29741413529
70108611071
69507239197
24111821196
8496187686
1098339031
26446430802
21307221269
114657900944
3700812499
39662715928
105017843505
46263725155
365636089
5026347248
61892170321
41747450668
69898668805
110082240617
12304484247
129426735167
108598699135
5617964413
164670749
9354550587
11639178623
15325216630
60341236234
38068169747
21716707782
47363304510
10423961181
80650049722
99206430152
41393275360
108796597197
3742882295
34778268953
70922532024
50921691498
263275674
52424407784
88452575836
17977686644
108146340978
66798983009
141833351
24840725225
25686737647
109149462932
99459849649
107285975680
12053416400
68600547450
17040289732
90000260570
55549251524
118121774750
91076781096
4061772117
115514419163
280633163
112742326514
1111555648
29247789161
13506697177
14741655200
55762578740
86637765194
15893955956
993983234
64427056525
47848397569
30882244397
139832907841
41727380673
61324788260
43624205890
114254945232
128793039797
1675775
25428109739
137962652600
1301724867
49550937677
40236645886
93863515594
10877570421
94756825482
13973608463
68953700916
79297361094
12245785452
69757964251
16031122294
39607206416
91622360156
1541361087
48931747683
3168298244
41774922572
42232796718
56265709371
52855441128
6616760797
22622980344
4573566672
9314326896
52007012540
26529775392
23227091033
76947022
63659652
48334877317
12697266049
17515138827
55274027305
6113381635
55962812657
68125689380
139234273348
228330860
66500051995
66805724192
128739989513
5656365120
1151207994
6327590479
23964368466
10790133656
107712263091
25373450156
60774225478
13017372122
9255372474
130557841903
22891900993
33711109123
43760496462
130519675279
23227091033
92953807251
34307305101
95860990899
3193458779
267200002
75514306782
132419578953
64243293314
77255737387
52020030331
25749959536
23471528154
139009403350
2953936653
72694370738
56510159099
33878583434
137045288770
112595528451
12314001070
30086830392
36737041625
77466667872
16585940036
76058353366
47549580135
4150915841
84708424470
95482458490
118842368727
21279674248
295289223
78082241264
14158364203
104837216819
28114852877
34920598235
52692101739
91717696552
79036769615
1481542646
59362195769
112159244850
2201169459
59541085598
3327917835
82364187283
53919410791
281799666
6544418940
134791081477
116140547830
5331011645
9639701784
116462370303
27818090535
4802991454
42170099953
31613477528
73325393243
6886292153
2485896037
7332651524
105719738174
230151918
70548935135
35863738476
1803750277
7750733348
54984915012
61792447344
88666331723
134354921896
36196405474
52507613470
37310812281
5545277989
33485679210
3131153599
12316800853
524764886
125785205704
114840007690
1347277083
110589529905
16728134489
64592522848
39781066999
441491899
57184683981
64885619665
105060468356
14767480038
38348600279
40640771209
1087260895
8692696641
132686939338
24574575728
96914404865
85892771868
28113132755
38737696941
53959215576
40520032069
39850102716
16090934487
77725995660
35894975732
6558933030
69788300247
15885003812
1484886012
37248047280
93254963529
6207485774
51089248153
109743515851
14335888255
20475228092
8195728797
92950605939
97742062938
111776675611
56689548538
17314605410
10959052444
24919809443
43559378726
52153852818
33094207535
38554041460
14493840943
83535831088
63988580547
7303604394
95766690697
133579444223
389429093
126105516261
113052168811
129453333491
63681778104
2480790226
46942467782
99519526947
2879099732
18717633736
30964477146
5415325807
81891566148
135016219807
107125700913
8556801307
136970945312
111112021955
153151117
10099646766
132969993103
24448066676
44343891509
11596819845
136021956014
140199063454
113575480472
4503699648
14218014652
51938399450
139084339060
21016388729
917527610
31934214406
1823974575
129308980853
10884393580
51077521411
141417785826
2553255760
126721097601
3906169361
3257247762
1570490268
106034752778
36580033278
262299143
114738222631
13837666395
65094270940
122357602718
7266531889
63690984535
14858664696
31784636013
33077365393
66997327678
3999146747
34928299749
139702397649
119499657516
12669965703
9684610993
79966335139
14362555171
58437884119
9061035087
40994667260
9014338637
54102883093
6897473796
159203827
22844778870
86643936258
52578987566
132735055841
13460925647
22482623105
10302668272
17515811530
129134350691
83485898473
60195560756
7712506601
67228442109
136869247744
16725507509
99959428214
102909760088
115113451117
29663558095
29413036935
5065022204
68642931453
2189091342
28977224968
285551120
72429811312
2885670561
1505770302
689534600
1937027605
96235371269
38350621715
11010194843
2139553771
63194882611
78558014957
140966576893
26231167011
19847224780
67510124901
21440023117
54373891001
980625319
33528064653
45569062069
90791997104
141523246747
6191816672
123502841391
16825488399
17158528490
5457736627
79123586362
736776451
11116048975
72628184327
27355692048
6652110
34495461106
114034164256
86656279388
41275579128
38946252458
40294688776
881367259
63589757794
53449007978
2770679587
124303432050
5902192559
10941679813
40319577694
23719647078
61646259245
69358669323
92088405477
49954743662
19537076186
624845455
11004388620
63270873153
8120743351
4249375723
111574230758
69426802
57829533118
139965460272
41881737307
34917710368
7741937114
18713457162
84277561811
31785552550
111838332792
39129852660
9067239978
1394897406
59217766393
14935269362
134277460032
6490827
135253210499
7921926287
119578072643
58502044570
29536392367
13843019906
29151329619
120867342098
417519408
123790450646
3338685299
2076194117
84017791504
90679794897
114752505195
824107095
2390767570
209559371
72479026213
101009274806
28433988353
7323675045
101995861849
132575345164
44824888487
58752721733
91117957038
36674785288
2085280102
77206318075
123306334899
93170016740
2182496743
4132818300
50949791854
63662052737
2939580501
1617725395
2929234448
124498872161
47373455609
11002805401
86135607160
1514015132
65182093138
315264937
106216462684
35423033709
72435434668
3522517280
133824782990
92447147886
83361892813
35314498991
122913801665
136252050612
36950917851
103675489313
107551659490
58731285600
34362645519
12082222974
77335714696
50203174426
340726183
7095673671
8969180334
64061111370
83000996502
977337509
112554866456
40059076
1725440524
97145093662
10472272427
2762192966
74273914713
107641445368
10869701034
123952035225
9784667355
45873577926
3856449919
42877365674
132631135857
26070538243
37122682454
12954055270
68097088949
20320192615
20757015243
140899059243
30687532313
13181593
103026198623
76802865231
101814595063
16265219655
32674470387
81792728330
1462298232
66085153188
30604803655
53628003827
12208966518
20384169255
10747857797
9711310565
32787053418
73312659050
46672356599
7778915262
76886949987
7429624086
53002309663
20358712034
57907113388
87234364474
17409695104
93126755807
28847230281
72176998330
46847110137
3339536206
25083253313
26794931853
490524925
95030223613
23075467780
133643172490
11726869070
3031627039
2588151223
37630443825
2016865195
29638809193
108229460296
7794789774
101422410645
15911227627
26597393525
51731659441
91129044175
84176145
136211086293
56682119876
13987359834
11869235158
16009287590
141543149221
84412933780
86838451958
31325421048
117450434703
1221118769
126259271693
135272645071
55349793885
4579247651
7170272440
29241645562
59971027106
93550151515
78120249220
132188996543
32517559934
2921023593
2016210860
44736153192
32273242274
141997310283
27114625989
34969710658
89819398471
90758803497
66188419541
135825182971
8357362804
84502741113
107217022360
84280602651
1457139662
58842297458
99899605180
9052448557
70964259810
1001227140
8302998949
41139191558
3300237059
27713839273
8800511901
61458943574
123916737710
5845826631
41128710452
11171300839
603049735
18471336379
38409264143
21339260484
64123125681
3836287887
92878592188
33732844902
61951784587
31190964460
22625285065
36064116261
53026210121
20120210851
17469429269
56432316624
88681945291
7406825765
23726734171
8998693
23970701020
141344244
27802695579
610971061
41499567893
8852779316
14466439188
45097158807
1932121772
112714020680
46297149345
3594979387
96852280445
71118769931
3870841838
1295656094
139094200515
1041384773
263125300
25379973530
37989679
93580660592
54365411258
13403526335
104685693510
18382944691
10508326373
77335714696
801993256
313698574
82625851553
880236541
858751192
117292599
26500588347
26812547184
27963695661
40898472482
34697616575
137705555755
237079624
28497168372
3121013116
4160138288
62554784801
41929373572
21427320124
66697911560
56361935493
12202278716
1069815926
1873355400
61958266292
1788145157
15663397060
660004264
60099824889
1817564508
24178559812
137150971986
116358045635
59358392562
4260960433
39372250423
19853683919
83972261544
44084820917
119972347335
23848160925
107672533100
25415867218
31389108482
11631027010
63999127909
64576627906
6263655737
65931073683
76137683979
141750218671
830536886
242737711
64626967882
84652028255
81454755936
69593978882
111278859758
1665339
131577068648
53087183884
103797466369
6339865172
58963527110
12287698023
11766748201
126240516477
42080932193
58687164013
14415966945
131113807712
17115306223
68387465732
5622431641
42580070268
83074924615
130966578525
12191694611
36052370419
19370195857
42441407760
104644851870
97722350670
4621131648
116030988073
21984606459
59691008492
8129308238
62733400752
6921936529
83484385616
100190576647
103350575399
76514740794
67301510961
14462787570
1572979335
93794368101
107361851608
67158118055
55719636009
23574224741
7195654180
42558721534
56415025520
27999727335
69962171265
66317280311
820969046
46116813153
14297751854
31597028960
10697338138
89564924047
18117045694
22340410733
60178960697
10721801241
16449570511
6716472274
6444509837
6932313760
109481988131
2513709239
116721579619
507122209
377433734
311479825
4680101891
117918901606
63373138491
125747771108
107091251899
5968834889
25341662309
60930908488
9987872098
9350668897
2381478297
4415674801
3534489537
90163984486
43572340526
38044007831
2702420346
10029581481
15431421553
106168448942
8663279326
105120157319
97243350008
86792116586
19799176649
15879889594
7924594791
84876198248
2246121605
2249348741
1218686
58522179746
95950452186
11288657073
80598031365
27860020736
102099990529
72394670695
4462707484
11574044775
127707743017
12839924751
59706264956
131856949546
119013335783
103291403102
45997892988
97699355500
86562191203
129989731605
8854665752
801723850
321404965
1305199623
73500970331
272071518
35989758557
105834385507
55673506
113479596980
125123474804
117271614500
131425747597
79882005606
107279079066
13071601420
7768341248
49093636658
52185854773
16558488290
45286500633
5574882427
17362116761
109149462932
34674591507
100762159934
110976894832
110589529905
28617667785
11303105704
507970475
140531989090
17472788466
2827080653
22037643039
128028688981
134597144453
36617654
18812432370
72157353952
250289181
61770442959
25553977051
3096698797
44806257774
108527573376
13091244930
41628157303
51043521504
33665771663
45996782261
141953455399
58444172652
61642380714
65774499896
79531137
2444722901
4440637369
8993885324
115466049946
34255825823
7954870177
91189243933
24669285830
62171984
68221069962
9256337458
9412404334
10037130558
91492147172
6541598847
115867639278
83104647
103162974904
26595722735
30487208882
101661986612
62399846540
7577138927
116739591107
6943531111
10197843922
9678682769
692025858
60815300830
2308576344
8226560893
4356512596
2072211835
10719718185
115426645886
90570821946
17356090142
545805579
53473015946
30192918223
49167213898
50254329284
18768489247
28351007339
71774892361
33186026
16200558521
14202939919
56222561410
30488105653
1298774774
58295850346
118833278432
15337763610
95623705781
25671149660
1590840824
135051172353
44279411
35734058343
103149461438
1323868766
44055482796
34969710658
725099002
474427209
3242423443
4220806150
7238053234
3968645673
65337928747
101571485514
86640850624
21607013150
29253933888
31972812700
637689055
141125510945
18256278399
35092163083
5212298047
57494810638
6227098248
36984641111
101757563113
23283981478
38030923636
192972863
1091368149
117228283070
51078693990
27829211568
11520989003
130271718747
63954308655
81212924192
16829441535
106183880899
555656640
1520026734
24702240641
57240667416
49367524412
105753954060
22464248249
96020102
105432542116
377070602
245990108
80106984102
72884655851
7047007297
97587704610
32966128114
5655244827
27787305237
131119545547
28999940840
44431161663
105606863736
91290679383
17266500352
4524267556
29804307122
670631137
88446081
26986513257
1018991067
83337707655
37984640232
63739657912
117253558788
1993381193
1938094954
76498830813
120656562883
193611359
5317989105
24806069220
925204225
110831335087
25754067815
20471581701
121315214784
188024357
90833102214
45030103154
320654638
2573768015
53129051513
97009264577
29599056816
81127920151
46844867757
130210719907
959792059
2731457900
44330808459
7333506712
129426735167
58793084417
47211169469
133183915796
38779359802
25334329612
23077020220
12851372411
127181914830
26281787106
25609662887
66298480705
19003504781
101660310229
116217814733
121182956396
113156735630
20209208694
31339062957
2713098544
716815289
1941512714
19383660264
10403950324
112470804
105342021155
10877570421
20462103016
125145876944
45976791423
5282985596
28952771984
4579581970
86054109481
67924258280
33434849636
21322864808
43209076069
111707996814
18642528870
100798874348
35339678361
48391881029
71984899087
57236934337
5820781861
132571497940
655268467
94663091344
56237352660
45875796312
130157359727
15981053676
73338128766
13683464213
792459603
7522033592
32108102687
67310986176
84726718820
45245735164
105807000661
8272471900
46193578642
9540409064
68580043949
92338656006
5456271463
114474162945
133386
81353201678
66805724192
6589227441
5870926429
51198379584
49060315587
12086658112
4372486429
92410444989
16042689452
110649081473
87505526277
5172328707
43246727918
29591992352
39005366698
134118737362
89312402984
94074346293
7481375576
10469185269
5880068633
17872858954
20527770990
114340467254
90972302614
1298774774
15098448163
1190766621
125200023035
65688935278
13525496063
22438229851
18606421430
93389667967
40312317467
88260881555
39663744231
4325948110
111767869078
7732705909
40818047767
127204507232
11216034247
62258099323
44404973205
1193252542
491149917
548784660
100850619923
9212484581
29419198626
16239985426
12278191030
127796432358
92680315734
114417110191
24279646747
6099385667
29214447041
110589529905
109743515851
86608456755
758843941
2709281939
2550789924
248900888
15516547936
17651960790
39252085
128450311404
103320141793
1074516836
48308668106
23526375966
134331680924
6992248036
3501546400
927674316
68844095618
8170391085
10869176537
64770156096
749716249
22741443690
59073502139
7474897029
9995904420
9115526101
32280834
15196308884
15321453640
14985426207
4611732346
87472964892
10740558815
70791861940
43279013990
42724311921
141004315082
70853010868
11386774162
78590273483
51372301760
68757846433
48095859241
29219710281
25502446734
2210908
74843461742
53457410331
93707571027
5474233726
90329442177
11246975455
73159958690
38193129789
72604253332
4836641650
127151795758
76318146508
4044502550
29830900974
25660486555
32475850267
107103308240
21502848045
5334993900
74959360797
1951570923
13913302380
141497374982
135192970842
35644496057
123191475567
38323337744
132750455277
10544966350
12290494934
78538955996
100977533529
27496619112
113076976547
793262917
57002000744
23216967516
23215410186
28683660959
95391597308
1342157388
5592316090
25526160657
91859197965
49568259490
3521350478
14585368221
76682621904
68042630023
115969943449
6765181143
53341043380
70960086559
79685404197
29032286151
19104477
81632095
100715442338
115682891215
98715404021
54680796436
475323
81399491827
25713002167
92179219592
22383943924
37548402061
7362615868
925059048
67499279655
89176107731
43679344153
11144717849
133004672237
6761081371
52694484353
13214656781
2249809999
71513494242
36150316387
67772027100
21097039570
34437142157
10312363837
84327741906
76380278743
14142718385
2260664304
6322447436
63508312978
1623365776
40035902462
15550665730
39374299457
39095139760
3207328371
75353496770
49492067546
133991057090
1803750277
65953839114
124923811401
63022105855
72753542826
136302778004
3007676486
24018223470
12174990683
93802407124
137215579137
48168633173
5392362878
7958436429
105167922941
17202472160
107053365137
10204442223
112549563229
69945602677
5107738593
111296429236
85438782688
4895305154
38277891137
22830884012
1998153377
129331767443
134134218088
88631987237
22202464518
48359954123
86063333705
39228966151
9214409789
6448905620
117231893700
28471195830
12097195609
35926227434
41312337769
463446897
87206497984
130588379803
47737361991
76959472963
140436826740
2273169524
5526455774
11555623605
1352760208
15596844939
111616461358
47379095634
68321974880
56789884393
93960045878
28518820277
118647925854
4400601131
95404574504
43399665594
7194451
31985683988
46280435384
23136827
5804493856
140119853676
90290032396
69314873
458507534
52521884170
38857669379
90877380414
1629601924
12716621531
27730915633
96294035093
70118286750
57524747306
15909947917
1334757098
43322080952
6348980529
136314485656
88346572984
705056082
99582541409
474324992
236865991
128632032694
26082112167
8899053902
32499018754
103526505195
98360726300
88769409985
98779810266
131519595178
18553712890
22836287089
47037940537
83174552717
10058787059
65178099789
90189187300
32047323587
95043175317
96083905778
66334739592
3096153667
36510974
123295216621
140070359431
81032532939
12940837059
49805297575
1524545166
57673294193
54978824113
5410583332
17123281837
64791382730
69558174398
5340064262
27706156512
83516159161
2171151765
39048199744
35634768761
16595749435
19213214193
136599541366
84554519707
6486534124
27458378277
107206681476
45137926
139560090271
11337396212
63211911264
22051291859
8954943324
138369432097
95435399835
50411424557
1265706346
20901968200
58002289396
57642070864
122313310732
9796093896
12545812734
5226611421
37128647514
48955840198
112231601419
3333015085
6609871100
37539402834
81218891078
134938564239
110722666731
6097054767
6986408236
48930600542
43842812496
21985363660
39839794684
39053300347
5925128835
11342222447
11532346632
53914586947
63891061517
13432796839
88671015572
48065174950
17874898335
15107782972
74850613173
153830707
379252158
94391854832
14437847317
51717498079
29754695284
5499577381
603630244
45914626449
109584816362
39529619
54527845350
871824
109199917325
33401924399
39287269988
90499791177
758320873
116465968415
53080008494
63826527606
8807096207
23153937757
4767074983
9477276943
41977035903
547018078
7563669326
140076298148
135459292261
11355633318
22586120852
2865457052
114731081701
83248557806
3209272736
66141469684
72611291411
59562673237
91881466789
140454667045
70049188560
24035659492
137786732
11614731502
90682954529
77568593578
101794464149
11198450222
115688270132
21770904564
19924817998
133228262391
502365700
23822903665
14761328924
96004148253
1147955876
61116108824
107522313663
67960983627
2427388459
6339072818
85004438626
71905058792
4504693733
118657007693
68457086299
115423064072
12997785020
92784221239
61910310563
21430308640
140605363189
7107025934
102538952856
4175743469
36714306846
141022192973
4367593496
78436370042
68759214980
276528160
22781720
41503780641
58029856076
122162041130
120477088107
84986111710
32332389194
52700441176
3388219341
6523886617
82427310325
3933323609
43453589508
76934811510
123041492074
107304942671
131498524603
18011788760
46840383115
296888467
54813285199
6986825259
100802212458
1511014444
12393632062
12256954798
97320359707
3087165354
25083253313
51478212692
50359032146
21139281941
2254425465
94477379663
20524849940
60414143647
42488312562
94619472507
141873737065
94522580433
25122168717
20897545474
140117873683
121515592377
36571156555
3260604
61397006198
28803681819
18015883170
87614114303
90149809681
4811907078
38813928308
39585203
1987964968
8903310067
13215237594
368232224
2357038150
15153258375
32115473995
20985351601
39096160557
1266561827
9983355497
6018485460
24702240641
112125722067
93842607183
1763652145
12427931621
42690098841
39413241797
1246448471
5768596467
58018578079
66812465865
23633908521
91387415246
118835096455
5630253568
29415677588
128461665446
101529600381
25094600263
74449257222
71457637470
59069707902
34422809712
518525854
39085981
142574043144
19446800675
12953480411
108550122869
35456986158
80877643449
31847912318
83163982980
8510509973
109015549247
13805567205
2007280313
20201965548
16208956682
45141154781
2012722876
90484011245
1746412724
2142027954
51601913477
62807797251
42491511577
13135209806
14408678325
100917405685
88063178368
36683675681
73360772826
56020617472
10986453364
39631872370
70067150463
43725862510
124236459968
71369704989
6583567153
107838411500
129202670195
55016592690
5291632742
18635582824
9360375405
73386252168
100510337505
126021179882
2822401297
12975335147
80491083729
17071471343
129915477996
70233081629
11484790642
48848038208
134851229100
31432821934
19176540697
50776630348
109534267227
9173061205
38332431255
740646521
5245968023
136363274495
87611010719
41835185515
5475701374
46380764886
14705417961
6126225258
74653361249
4830795819
133637378453
16380637901
23546765362
10079457896
1077028644
37806828777
15425125583
107672533100
69412300524
38658496921
11365293916
12439186435
811318351
7905036501
101320298118
138723674951
1491209994
1867487186
1378216477
48945514269
48880137866
135846606630
137158802280
137057029242
93783114238
1487488614
138989687642
89585331020
71804276404
36202291444
66871806121
43520503024
113385531505
27739455761
93355983334
117685455415
78462743328
14863601100
83741768532
62913598270
132725431746
2169792503
4341867587
112318112294
124083982158
50940424014
18977547968
23798448850
57927143826
116979292490
15861997116
43782149882
95135483794
1988614493
6749197992
2746290746
92397680491
139246113790
123896304555
54804771024
47394890056
908591736
3273231231
81885574114
13374286989
106465283205
72609883782
55551701306
721014730
129086919020
58302131263
36826079697
130508226283
96139265838
16096729412
102490127867
42999585636
130957021428
18953711490
72116673457
76041051220
107487794103
6050155376
1820457586
26655904055
12771350875
86960532755
4378689862
20662373346
107222193051
34320658939
20164324494
29060275363
12421180607
15782272553
33668604392
13142158514
610386576
121351967694
104447558742
14160772025
37886134736
133577513340
6641273
62848278572
64558086454
41375398465
7183381235
54995879229
85054849437
55822732771
69474209595
61371209080
59505540130
75441058817
4789635433
418093162
105788175798
60503739477
44307918210
17385562694
135064766474
123593729692
100095757726
13996332247
70306439930
63520132059
7191844429
86591491052
4813966008
101779367470
1329833780
985267622
11391609941
29043655300
43040367924
41683031231
131605809465
57794516330
141443649069
47511166679
37493427462
4234275436
82549114250
30228619245
6426919
98969859919
57733264723
97554879650
9753408864
1005162010
3886795820
24986899816
4484171169
118904192539
109213838055
818516454
22816222487
41874329600
121451230422
42141428714
92039033848
4037917615
129390642914
4623483085
81363652995
46229200880
137145048
6081915490
95007560275
24236638693
58481912428
16572865100
84075480660
19214625681
113073432383
107954262781
83969622
71160562083
103068403162
7136925197
6677307596
117062255814
156334595
16925777589
95273222731
105526521157
3883418183
119811640975
11281169497
306413945
1149093645
90847333113
77953660058
121480650588
12972458428
90812548395
11016002676
87949633769
12864542618
184700626
90485589186
50890087091
30097520320
25835477124
21576260763
3705008415
8075734007
140131733898
46301606973
1384841482
10606509135
93126755807
73441474603
98260222979
115288782783
44452990335
2046423704
69281696087
1365545484
97107445553
88677261018
42541647000
126461919667
1896072084
4181164096
3539752873
13166495182
89976658637
50678484832
22857133650
74879223719
31936970687
106564896321
75347756524
76575505338
2389337434
163791964
32185544455
47185276310
1480985733
122839814863
107762367532
128497623303
9573282929
139463287934
19568401350
29172360461
29941842039
4768782216
2305535531
56967239878
45890217067
8515133305
1569916235
128508979283
46001225283
1619279927
75306146561
9355035934
62612124033
102099990529
6597317589
19536364507
65523312988
70046425448
11369588592
49549783038
131073645447
1954572313
122060633001
52746916961
108142878474
37315796178
90156109447
45361469175
52860214080
140438808943
59907167
1533413569
60393673795
19460293318
90730355913
63693615031
6054023172
104726542052
96592545268
44673761409
110171974
48020870515
204323382
48480876313
33315459387
24637157410
5843927416
13185631699
6868918659
1634286624
117345656029
59752046224
15476159010
20794493228
71028266252
34500243913
82065443690
48768992091
129728992464
3840865532
65051715050
97317081865
26455591871
96349459629
77841240619
5178739877
73455637181
407823694
100368712430
40083453892
92263703945
54072682088
12024643560
2583683551
85424999833
24100706508
15972075902
5470198465
135533210787
41864806341
119200822098
379616514
117459469488
16422236795
138617350459
20401635265
4130598631
12111621623
28729726156
28194034973
27523827770
72330551
27077509099
579265820
68796172703
691153267
54763429792
78951474727
17356759693
26513094956
105499177273
571339716
9997410815
92689904468
1245429905
87305600088
14209571814
49170664199
35599762137
69085346610
4138211815
40954919796
21799539370
81918534236
62984453
15816687143
73632803722
3745293413
43583143368
116916186857
9667325462
22940622618
4541888779
56437257342
32929711527
3022467109
62781687251
55282578476
14275202
9950269089
110129421800
88246864064
54774371153
26165691070
116187263802
3034407
48325760257
60411584671
89621441977
15778451195
46075674262
21635537996
79843552852
18606421430
16145702194
134901685570
46975149
8099574524
107584461605
26909962484
98566858213
60749845083
628043022
51255928773
31518517726
14189078146
10201904152
27768501669
22446646302
43570180074
100800543397
10863408294
9998415167
21724230674
84114964650
8253363014
105277142707
29846863030
3474841910
22871037112
172990571
115213621589
69251468995
74952204166
68150209610
20237468519
3062718030
7907702175
2137305859
88172121462
40420256839
141833351
66508121541
73018713820
58632981598
100248825014
56906434123
124836153908
23965951528
32908245814
1231721520
13079110069
115759999926
6083467354
45217099172
10358358493
135831025560
79158914810
27956835073
126760562466
1266390696
141385958520
70206793050
898417749
98581708032
48220977107
118851459418
113762039269
54450501
82218500686
1402461348
130764039559
125532630839
13273382774
55548026637
27049688426
8663745809
128376523431
13272800691
91822620034
76092964788
44076127045
3041072414
87263737
66097219223
15995808961
81569823717
50940424014
715545543
62480546012
22776119725
134314251465
113785149226
24852013765
53866361033
86745794726
35154919236
917527610
46090126239
138613413379
4626171527
15266318452
30586223
80795789408
131751481215
478217108
133374852933
69507239197
95433777286
7459359623
61736797183
113929190165
26775645310
36682687770
47161641561
50974386617
31195502309
108319544272
60139385524
63049576782
7170272440
97479406982
65496622752
10814179058
64566032466
96633362295
105565833964
59263356327
93694715713
77663304857
25531068117
105846367644
52120677328
106882957524
406124466
2821362031
30703733899
21978775
17554849166
105412043292
45695172619
84528627776
4481526411
24157891530
8213857263
93014643091
26316668616
22022482451
48391881029
68556809994
26353236700
56255845213
87208046015
5035475108
5735073902
52356701835
9435304103
42186034508
6142981917
53889265976
36116016852
2681632216
7047426116
56576932837
16646148160
66175003649
42077749582
85749994425
8280212729
23689736988
22196377246
16900017762
56513867596
113025593504
13292016962
156277476
64812612520
66317280311
132473414023
18700930698
18103357858
39554818367
4677060048
5800709202
85213819243
87407858530
62536545955
48131101370
67662040299
79301781557
32760050881
4258384579
1105972003
72553587150
24356995116
88786596346
11205908384
73210838298
112397590543
25930198127
13342164690
7376335468
60611350293
107517135390
18377427913
3123478299
1384482952
33095143326
85241348885
102638332285
39761501072
46278207156
10169954523
1659392046
52076855241
52277171204
73989247083
11207506819
502787544
65304614750
91604887277
7439530361
82803522927
36786492177
114779287780
72611291411
8744646958
103342121136
10008462681
62187937361
60210885596
142793857016
11569166916
334900593
75899822880
10916960344
73216492802
28847230281
1249336512
20804051303
47296786051
31481125515
124232739838
94903989973
12933943403
476576272
35637686750
135712251059
54618862049
37904217394
10099646766
541958912
141664583944
58437884119
83982884307
85371412742
121607571931
7272064134
41621828495
42358305
65935090870
117152473186
122012710245
453397207
63340352536
38687933028
78945594487
20159983640
9924400
39309784224
107539575533
68804386849
68071217916
839196727
18539855842
1734298504
14446969250
763036477
89025833795
74367974785
66000722189
6643542423
48811370022
119264563435
114793573256
71175888942
5041096296
75053858471
2057423332
16941638787
135504029914
6696060086
88130092639
32641013213
76601554428
70640500335
92470939
38523645958
10184147699
96486461211
70390922281
48294500
3089071117
3438145353
1833923801
19000697921
48116320709
113961210841
9489983761
40066910730
10811041252
4583929055
29736986942
72754951997
129696656973
12375101307
22763787397
24993371700
97307775
17857907048
28222465972
78433439926
85255115172
33237558946
7280580660
33072687724
44784343990
132173631665
28859431617
20449711255
122669727683
34179633245
222271
10461469678
2750645663
20430036114
47452447387
78622539175
87019284817
80904441685
11207506819
14462787570
42646284348
111648141540
115190363278
13880519813
8203413
4480865433
795407457
38097376074
3422606533
91533424892
21194190511
4403876055
16961475485
109337420744
138341899929
116851297715
8315774275
44687987686
16541508022
31280875677
27483019164
80041826054
64530280351
52590887904
37641456136
5541584513
20570152248
18651561321
35516201197
73135938595
30200948844
12669397316
140066400349
133145359464
32492530693
36293584073
75225827275
85733115322
119767830457
117055040364
23503646165
4313620950
675669732
60212162743
2564365527
69349045422
108506760972
21862144455
95235941964
74464947669
41391172048
105239592289
103381014475
58641799933
30604803655
65138173621
139104062328
29128553843
103950045375
18325062305
17425350
2252809540
53182906988
20644790946
28281092570
4397981851
342622813
15930429691
82991946092
17034322387
96514200566
12042899191
29845089208
27825789428
118707873841
74761960965
78424649878
35482219270
13273382774
96329959
29835334339
114048401948
72871962202
19739739454
139562066262
89177673718
105637642136
5768973698
65738394853
36943976622
72066191153
30083267520
124959255148
87979180374
96413054100
18358815592
94745509875
15450946378
109490700522
74520590274
95062604907
32850418734
54301230509
11975483003
269249135
27413377124
2407007520
5223388920
84556042860
115451720388
7755133290
65067671668
11412581048
1303461735
9804046956
11760734496
103711058188
72259812805
89720851
102268057057
12160521599
82743273621
32110866792
54952029355
2205051632
85132785744
46282663736
41926197153
46759692045
72915689885
97571291138
869530953
10734304475
62622551891
10755159019
67213562140
76824607260
2085280102
53516245158
138912810369
25531886068
38077232536
85311722807
907873293
10482566273
14192091033
8282945493
1240343411
16877575706
35356147116
111744974597
2713353137
105945674416
75691326
28617667785
99531133138
121578134713
133154997967
38825115553
34827284414
30302769576
1241698677
103147080
31648220918
19058987504
74013421364
3877894295
34013267998
31048634211
20286790381
11315958226
4737760003
29980054136
63705453036
1994031574
87861027838
34782112121
960828264
1565137494
82032451334
36027906588
2166170059
94991374047
48518552834
1112514150
23239553625
23026593699
76397622319
58522179746
91774920622
5933167588
49135016862
18065059980
25306638838
24088800643
357990699
75655162860
21343733552
30125144027
30594022413
171668787
82436329831
368052914
72795823990
35370681971
52640887490
124480251855
3219561079
39544550227
32353
77215038091
2606557961
55269141153
296888467
10849779974
22345754786
6976404324
47900560003
75281759548
19237520
32147733902
6568215645
71175888942
100097420817
2369121609
52280730781
85083880140
58351136644
76289255828
140403131243
108364600152
123512114450
84950990671
70440802179
48969609658
140306030750
1419656291
132902572458
77692460427
12237970358
110883936059
12225695064
186703496
21806323715
22330487632
13835882156
93820093879
67637614543
116473164791
15937472928
31719594404
25939267896
356226141
14800719244
12292732796
96559897634
15311421158
1090419475
110003626302
27454960
213381288
90890033352
1749650502
2440865247
40348626064
4409118071
68018131195
33232869167
42680479128
103372558752
4948062950
22370956355
49748589656
86963624441
43913280041
31481125515
69555420602
2984896755
13707721890
5778786528
17498327150
50308994949
47647757
8003987061
87564463529
13058321511
1891433234
32701433926
67132432292
184638225
134589389631
56110464107
57005725731
128491945436
120984728808
19120183211
97666509852
91849655139
27051374058
42175411026
86321813529
17568992847
108768810433
2499294670
106702375013
34903272535
75058155384
9152422418
92158503563
14029259522
300261795
92803410749
75048129467
994887074
84632217364
89541381050
38455807785
74073165176
10132493095
23983369396
61068496037
119930334388
65275304922
73406073240
132325398534
26125124693
94324113702
5285506975
26493085922
35136568857
443860429
113872275477
250802100
1364655407
25270826172
18748974987
43880748927
95240804179
55371801721
111781959728
68169283428
8661880011
4013507949
133068261876
8248362399
137605528152
2282456834
6656141960
10407540779
24466463449
82077443282
63303641410
53362627288
106497909200
26976411707
28487644089
7528098404
103528197488
116824266904
5948111313
137385988860
4508008387
28827193730
75214356795
16066480197
867285223
2492956306
99441619540
98156481450
41333351749
106151303756
11477774669
12312321379
100292109256
119630972150
39190122043
34506940878
441886139
136349612820
97755205408
94687328177
136041446614
11226698115
92474280911
52676616070
25573621965
45884670370
32747019911
19771952349
69338047588
9436279171
136749999701
14927228389
86971353910
108447804048
241370844
66856968376
38338494157
155763849
17659390469
20004736485
1012444452
142278545908
33812296254
124528668033
115272674192
80184027196
5592687347
41780206791
73942332778
117783150879
113362464866
119428556839
35374558463
7889495718
24566559144
59590616261
32375858365
776484535
63206671452
77800382823
5569695453
86514396108
46871779605
74704792941
25603108113
86150987948
44684704451
21284139888
25754067815
42726450777
141244770423
97038713667
5862553437
21831208858
18744097940
1464696837
7647718811
16962136944
9689552519
50028975022
4655457140
2074467
19244277295
92365773227
2913353538
3057028725
22096817689
21700913557
49137316230
53713409200
39055340667
44999343922
97218780397
1292714303
83189653397
38970708142
71832265662
1104379365
59542355329
29195153407
19769804022
2398641463
131018194104
64867030641
8991033074
3464999702
53429806170
93113939521
25409338938
123506550597
112784792198
927092728
18881600621
17299228949
13958668902
65872169083
38398138944
124770896613
48356534182
99615716235
138290776609
78813345967
108300484947
31041390463
140928844124
94353142084
133423091990
32990416278
51684460493
758320873
14419004698
946230485
93960045878
16156665737
9782184524
28839388764
99198153915
9363288627
76448218316
96947109565
126430009984
25704792921
45170863660
285158949
1387890827
112452358890
117513685840
36642200203
30811856343
91343004492
50592104714
16221881366
66777414161
95450003246
117008146368
118696972733
90512415991
1352760208
46142394936
17040289732
3488761904
28030631277
53691749860
8894798849
18518387979
23042102981
22080878522
75375024045
43172514159
14991004742
92673923610
124117444878
44870449
71074205967
105593186148
126330556221
52995140489
26783191441
2451481205
132719657521
93245345275
30365378424
7961111651
83972261544
28897797391
23466046885
19918345461
1904309711
31412782054
76442434998
92745848937
147768365
119767830457
24787542847
116550539982
4664791
91347762179
13097603509
34261543587
70231697872
39364054983
100328741670
32650305071
3735352774
6902860601
105776197665
133934974783
1820044024
24573774019
98783113770
91736769430
76839103322
134697976213
850261651
85814459745
19123703316
2389814104
