56753951428
90370437399
894423581
11373883994
79394641358
5413866281
48419255523
21173405503
78829503512
26022615673
13150555
10148176850
1693441228
95231079941
902278842
40962239787
37921300239
109886625297
139973376002
30479138799
75119757077
132288888971
25908767817
10626197853
49457457002
1941085280
25522071312
34329244984
99986022274
59769197
44713162305
1014725569
79211923182
37715579800
33184113587
42358305
58176583259
32180932174
11214968143
96652957277
20356530711
9176423470
97651731321
86751970264
52023580970
883206534
3621580401
9729624880
10892793292
145885433
7393935933
22824710190
120790337648
5959236536
50657466318
129250124688
139560090271
5960004140
64070345279
16441758221
7858900489
68525380891
16339089239
482023929
52083960303
10710346873
55448862844
90152959537
37648464817
54858299306
10398309447
60512703136
123864729398
41092036393
28669761229
22972357873
63370515315
3963677723
47688684182
54812818
65461932758
16084497377
73603024361
13376040442
122956355978
42992075055
31570541399
73901117665
814845279
60775508831
5247403179
101290176216
81068296933
23132947762
956688078
70215094066
21558270477
17389583678
2638810678
96430995189
100493670909
128895384971
25448521092
7803174463
2935068348
60462772921
112908700920
34663081659
32589002047
123619703278
14512731642
90203365267
17098031209
28300071270
38398138944
104571695025
30673134855
5273987323
137141184481
97014172504
19853683919
36006977
112648577779
73380589602
23630765439
23236437687
30773090618
87093526273
73200943555
193995131
108574409559
141370046274
97479406982
44244737726
2359878542
45287007
98410175730
58294594239
1298774774
139597636394
75018056746
45743894855
112535421903
15655149603
106075880924
79505267473
3350893526
121258260335
85639545207
23356568065
672595099
136538989161
44083734126
71093700715
111806620918
117143450023
1292714303
44016379286
13697069304
126051161944
2630787460
22318278170
958313361
2594114111
50432389463
56194217429
330481969
114754290596
24223903317
51948536
8801922622
32887720680
123043343237
8809206
11495049513
92145756453
47023332534
9989377929
946083628
7559760865
80012217002
48668274807
39218741955
138013708964
26185573340
40536674577
8949725829
2517223
32417502214
24095150157
579379503
9104997511
131688219050
110948827278
6018871169
142538089204
29389276306
45400078858
800242943
42016246584
139844775551
16874936364
62184040618
86728813371
49820481
23613482419
131148236248
80001855127
108820913423
129637702930
86792116586
62588664461
113023821973
31331786879
127854946835
21781452074
26097823482
28930077132
146437761
17590557167
29090029015
35228372524
6471307806
31745236556
121037938809
43562618989
50899450363
41705203356
25803392709
25132714112
12648376261
26509759544
261624514
11421191058
4823236069
39331282111
2290833660
40637646478
98654321886
62136813
28857688383
2463813090
55839926237
464357212
20228771385
92971415556
5040042125
18265900801
17841603078
118606154227
128736200763
44241471261
79083851623
111618221205
28265568972
1260408861
10751508208
75660914894
59600778891
65319271895
16486705012
15803936819
87957408808
4767416406
13121318536
38880058309
34470597334
106153018213
126784996373
23492676247
58445430401
17486228034
125080543799
137121610841
16356610964
139882359872
43790813486
11775499123
139722167355
13876350750
37839945864
83052290740
26363214676
13455062889
8487878818
11209638295
123182215126
90817291400
135679158542
124433707474
75524363319
52113570038
9093040010
10221260
66105263743
44942250292
124044948067
42943810392
1918716725
2750133083
112549563229
138686259214
21924839134
1429665282
13997528857
47401659838
132377288369
27359931285
17568992847
93181234043
44910426267
9371545814
297449442
6814068422
60474293248
131477455432
2357748103
34368373111
17842282261
132736980702
85201585127
32852283354
758451602
580517001
2795187026
54542402600
3752531317
96004148253
3429219194
64375473682
3339536206
591266943
2051920015
339865769
12442001016
515423147
255220950
41672475575
206236445
69901429253
118902374000
11547501002
9492917287
34964894141
85771479999
5397825907
3021928699
31296326922
181595234
268261346
45097158807
26351573884
5918624868
35535625361
3878201104
33694588
33648778435
11389460547
60113861138
618359126
28397669659
47470510761
85671752098
117051432754
410758395
18845949810
38677781550
19430473978
121756654664
16845917430
50405601660
459814879
40684530989
1276337732
15636124637
3125122239
100762159934
29888564021
37769715598
2983826653
83972261544
8423860431
14038846114
138908868629
107738177868
11493969273
142194742740
143195736
19138490983
103602675992
84958624862
36417467071
125525151139
42024727222
76995746662
46031220778
85940388637
57304146813
63777819669
2716409469
14010695423
45849180216
46840383115
130601741142
90121464287
9917236483
51619596738
1074987549
20622092845
69027734442
85405093670
54342398777
14771171570
865883083
20784201874
38409264143
52028315324
87398559562
16857126321
131580900566
5983053976
82683047495
9390505455
81388021
91906921283
17994733505
65279301319
89332777847
100413688863
3521058801
2336739334
39475790864
28835032937
10761940868
142629980224
710859382
1036761841
14241550173
118862368798
65348329
55774851790
113022050466
133027794101
66369665918
69478337836
25062995732
29086527779
44338439960
108243316888
118301256269
55628895329
20535074884
9156260622
104207995723
77373536220
79895317975
88282688919
1901139470
56363169826
20589896331
36067053016
54706308645
35419154491
92673923610
5360007979
30077923650
77760996956
136097980281
15357851092
12954055270
134715431270
146825108
99458611
545145135
18477560848
39715179233
263802253
1522473411
72650711687
67717700350
8525308865
49339871148
68876967658
429462272
25916184792
4643665075
23929555776
78120249220
20616237311
65399248317
162624232
115993281988
14384394233
229520747
5480839414
34258836
26379016233
5111985139
52916864
849429329
49462071000
71961082024
108070179292
347821713
102357190724
116521745852
16684161104
49192518790
9648577054
36960834869
48145884637
334644866
58078745017
11628853780
9665844607
115263725659
3548826424
1290467328
72455118982
334304000
3062175960
110589529905
35404609144
14929083728
15385494830
16516705798
14122874794
76358602166
82394243175
2678091934
10149189234
27395555683
89586900879
42557654241
78847131972
40550199662
10346083351
138078527105
77628327415
15323962242
36495254368
23836319430
25685096547
21084449925
68349259254
122584731493
6071446969
103277880608
11317565311
62373825402
31422800899
51300580663
758843941
5466164872
61062063182
40654313370
66563278440
121392402736
39216697311
29513462731
26055660915
57948429737
126495709965
28513623071
6228275871
21196418120
9192761926
818516454
72228927551
61330320
21482643358
1967891217
6198865256
14816736440
16520620930
37234107366
44459539921
128021132413
7155910474
32215070137
40909968019
2975271147
10397796706
86398820281
35443403136
73764766629
64840481867
102825429008
38630086861
14145124803
5823435558
704930183
6777899084
30041424069
298813631
40387028759
955359271
14656357217
42470186699
939633774
25553158704
101695517196
105118451598
2955001325
102616430650
116889146990
87418707999
60449974129
238520
89000800181
42540579971
1848895479
136751954184
14822282599
10066851171
53860334350
41281879276
41710483151
54878798
84098258679
24833469710
788316620
69022248960
13129999769
129656718544
2081067145
8341812242
39465533690
72313178139
19775533134
81970984821
939194869
134570003759
1647402205
16851191592
129052773446
14851878367
126133635798
13015643243
59570293465
80514842867
6756982605
42080932193
16392982148
4077818482
2412274344
9259715141
49950106400
20966150571
830125633
261222
88125423318
15869024949
10689537247
1309549278
174076087
59552513805
53965247865
118811463312
69952505994
94375723452
138410735754
532348030
77823728541
48108362892
15945158950
20829794666
10603402053
3105429061
8374761164
74308111329
7945067629
121265608439
48780443807
89685832806
14997824601
100887349393
1924029536
56817151557
48247162228
73404657359
70407546953
115161741502
1344451481
16624539437
77971187652
22310648840
27042946360
99120371098
27449035264
68534945524
73835765781
65984646155
5292714259
8300262925
94195159884
23961876
684070382
25951638553
33673325851
7662575295
133573651638
13803784904
68926291176
98799632208
15744717156
108125566804
129592071716
133954312205
134944387716
33161625067
37457467626
140970549099
8546951
129432434490
58781730814
107848783786
91827390687
48581383635
6028904535
18416062761
11160663109
787916361
54725750789
41666142913
6795970880
9349698629
67571143226
719740874
3104064108
113032679826
25573621965
19298696116
41650313144
16527146862
66665585890
28402856561
65457930775
25770504483
2192505527
436383465
2810461013
5508038168
32326841906
34038910223
3560846791
32133906283
1275478703
45704028893
4449854129
95445959
27337891359
40997806287
23498160906
417519408
28334597316
58113857881
93299854933
3100516529
23696032304
71952676898
18077366286
3971441596
57309127111
116990112318
5347673931
14711556183
46880752253
128808199463
116036375054
16486053155
73338128766
8888181939
132419578953
2183405715
104311603280
31996719198
432184418
90267967464
34697616575
85587981
159550081
48070856501
95304025730
86226373833
21191202
74549132650
84333825426
141063912918
133490640221
12956929911
105096279381
38792575127
25826426093
43928465435
195020775
233107910
52452927454
2998821049
104879800924
8573962232
55442744861
85636478217
139137595653
111034794965
10759853900
67244676519
58176583259
29527572055
57990469
37452474473
80390150739
35188737147
47286642962
32469364502
3628691881
30650647040
32207687287
140276313111
4622475234
16968752266
11335787629
35910599844
19719708616
11816564124
78079317910
66187077864
106891560547
48568813656
38093346852
102054637516
4855924426
99458192228
32056528513
105567543351
100969181122
97148367842
84136229244
125813285457
60706229163
1160336674
139376393260
20896808391
20747467538
25150565412
139937757222
57830783919
36491313578
136121377751
1101197681
18129369366
2792085330
48160670394
109180778224
61594555121
64733017242
58273242880
43363018680
78763414539
28708861896
2137980068
514141975
47772471938
1129678225
6369615463
4812936499
5228044071
42993147974
94249953224
17438542109
90703493610
47728303231
9058172403
62930586965
88270227269
99806587610
72708457264
24513685254
9978024
125846985947
63869985559
54093217849
320238273
36747917296
61612649311
50946278751
25663767333
797689208
15546241049
44792013075
31468362141
23920065748
35377465990
95652943133
67747577720
59260823155
25106760534
115152798201
93770253546
125863698
61391846282
52376890718
56750234947
15879889594
98778158543
61862374596
97599194957
78200680105
1625118461
1044008856
75614904954
72397481567
646568471
22860222984
133778402432
1234422858
108004427028
5537154119
99126989830
383268668
38509466790
141915586096
82516022638
129377347295
99881329981
62545664934
5437241517
107788287999
88936668110
507228192
41097274680
9016242233
73164197935
15499501697
115283334
87845488422
29057650896
86297178287
2836192610
13806161324
25930198127
141702419249
44981772488
9819962976
63302330487
1639436
11369588592
70307824491
82571368
9304649252
114500911490
142314469518
17538690700
118766022875
1677164856
92838597725
3874213779
59360928012
21274464995
1288567679
7747214322
21401927336
56521284970
8579531372
2414190924
3115812751
874734702
25464856936
4912974017
1766499821
32663316005
2631538949
2708698
2425706800
26589875436
30290255138
83434469731
22370956355
8960636832
61931045761
2958996024
33354917535
29756466388
2936129670
86243302118
56437257342
87491570628
1007435355
9736559382
106702375013
67439645827
17515811530
108413131054
4764685652
109748749678
24764997191
11834657063
3013320163
107180832169
4354232785
90632406825
13272800691
231768249
119300995823
134409158786
3627802452
32965194113
24791569736
13794875763
75251639605
46147957153
34744651486
68076663908
14637369138
5112339078
57882080188
26793254529
11202711752
21128902201
59174722911
142633976132
62988104441
92613208672
3676287643
31757145689
27069076981
33118544167
2709536268
14210552
34320658939
22296156875
40961194024
71847661197
2103513764
1429847561
126561426892
75732834326
58294594239
48932894852
82301090945
132749725
137658479343
1478944624
95365645998
121489845221
28495436606
37188322556
132242780115
130676195413
17544076024
14677198425
37555402216
1802721548
133894371552
10325129104
13557833544
81620659839
1708201192
47614017220
94464467435
25146507673
2868602494
50332265527
15911227627
31002471092
107648353402
13897800586
17117964625
26468086524
102190729399
23788197825
98916959749
77078485725
5013020550
129864084673
42298732242
6301107614
64107288825
112860899277
13504348227
109710370950
51062278846
25608024107
6187511555
26100304625
1319319384
75650848985
24238230905
80620323006
48569956289
126803793757
26105267423
2292464355
31067653296
91003955800
6661022384
15524758223
58943313954
100528672316
29426241318
92993828480
1817151462
2571291977
133480989426
10378833777
109434947558
109897100407
31468362141
6283746094
24488068260
47625326726
34833053138
53111424
14228270903
4488470264
4295488740
129723285859
3582601627
57885834777
142508131139
62823465567
60152150216
927092728
68693537090
189034201
798898363
20255593852
63792298468
150896357
92568483492
63001180733
50833927043
21284884241
53158967692
1530769243
48679714713
55691424818
1397776540
137605528152
30497074467
57740763167
129892635226
118580731599
2706993654
68815339799
5845826631
315264937
109572613567
116604539
44889582392
44869839984
305519764
38664586213
36304389878
5289830557
5482675021
13701211443
1389865482
26274315139
107934
9076790972
47158265592
24986090897
79320938298
8685687176
128276619
27449035264
67136487655
445047139
101387251158
4703116557
17336010300
26055660915
2432196873
37856007850
90649781062
1642697901
4781425225
104886615394
21644550050
78074932923
110412725656
3803101564
46047888283
123145176334
8950674333
52399370
48582526444
8935978144
9045296506
87999398435
1217261320
102709107265
117425138985
2242436199
56654885362
10061306796
8443635898
46091238010
127466364061
94685712306
11754722099
118032016
8835810628
89641856002
20354349538
6561353932
103938174176
3267057437
27934544685
10114295333
115050868924
56571985369
312629391
33999026295
86212524968
38497314980
22325145557
48326899814
138676413935
134022004420
14830295458
112742326514
1356127071
322824454
17710766919
136789091675
86702573688
11175025230
127072749872
23121290325
27620024751
5459568300
98186116176
467397782
23213852910
131186495468
7670884230
89979805333
35022714151
36431073
103848312279
44164198478
18538470424
27206686784
59225363757
369309040
124836153908
753621637
20686562819
137648672656
33766883786
99012851037
44504308972
13011404
105101395724
107809027077
73246182681
15853694575
3696619195
11984312779
125762744316
13829340987
140706533938
6660208788
9101648600
103149461438
57492316272
40585584310
12421180607
31185519526
280788587
48133375570
59093739925
90033308683
96612136382
134628165893
15915067231
82186978391
32049164471
124580819963
1377143485
68270149246
67301510961
110782253249
3454014612
43532380013
17480179711
48571098940
93923035783
124720568970
2731457900
103294783882
5044259379
84385545056
93537307189
64951152
35075759072
4462377695
53103928728
437951437
29717513714
69074370940
113687395763
66149516840
45593385585
1192589336
33059592144
5765201988
5289470166
58412733649
42079871310
80491083729
51152598417
1054851784
37033270304
15048713151
18808942823
8090573824
114566904337
57031804828
16710406318
1385200050
3509402899
244180417
65329932579
18537777735
32699573986
42079871310
44253449038
1941726441
142108971323
22864857298
78944124464
61256478957
11818756424
20779057159
246643587
95297540364
85267353082
105521393946
49550937677
43450352965
76191076782
1128873130
48867525885
121741925960
19713987320
930875636
127036999091
40926691403
20963197321
40464929442
72780319369
97546674623
100787191671
44959472
598646953
4789293200
1123567177
52751684917
8892435354
20530692310
66152199356
81834651450
22039159407
3290096771
85457162134
1117632570
114566904337
6025430442
112832577271
3090977370
81268126031
75849416321
313533966
29405995875
32829911630
21908212296
2388384202
345823370
2830202781
2096165289
69762100658
21052624296
12489899593
28188867793
70622459282
3200666635
1301030375
16025983088
120902184905
275371699
73595934906
42065021158
9031001124
289176
142007278266
120599776100
3228194834
138993630680
16810339634
90798320246
1349044681
97023988652
1092000909
117956925457
123612282028
19051257575
1755527889
23591494321
1871049011
50554775078
7631569254
452199419
50060308255
25428925978
31430999794
63113699245
18464421961
3471076815
36147375658
137015940047
58916788837
666468141
129736601410
27702742400
21761866630
95646445595
92089998308
30042314006
68341073470
91549303320
31012424913
69426055822
43642581527
6442911689
29305749239
104724839863
3218726270
4243589685
135739505873
3915723612
36793418294
239935954
56931248359
22672172596
41290280452
1688271732
129592071716
71625266438
19197693667
20731315130
3515811167
133934974783
1563159
92015149923
10010975514
47039064314
79050009948
142524108431
49715043027
9287241594
27983424444
121677499351
58435368819
1556174071
19669675710
26982303908
28285106
64230081640
36321094075
3645906225
31470185331
82830641883
37814855715
11676169421
24287615143
138703981775
49925764231
4925118844
20386352122
96793443711
120750012662
42330652942
7949076986
7280154721
99858073325
79138305340
78714972072
4828389828
31657366892
60469172808
96777102981
16667770969
9926740220
27208377464
3479478930
115269094720
11671269564
18721811078
6774615984
1736516713
114178360187
14444536462
28579496509
1726646922
7120072371
27488118818
114591879159
107087807407
82060944159
6603795159
81999466318
71577753530
140260982
6134016268
5797682674
114636486058
7895266389
115887379127
781791387
293773702
220717512
50747409291
11463210964
3569069779
4932760090
45562429267
62930586965
108998163391
216422409
2302030220
78108553462
1477646317
23897139005
75342016526
116081271371
12111621623
8119391418
29637925502
39114536749
118114526126
3553807791
15224416717
26199661939
20660907816
19562895
78297252197
101526249951
57960952471
99502947847
786716200
119734977845
125961228130
37717584164
140623214028
120466104329
35446313527
12576362904
51828479965
33584622145
118744215187
66283711330
158224894
28875123349
136929870601
136289119787
7125547120
26165691070
122103034530
33043694431
36576087886
797823535
26802480550
95438644965
31565063153
104910468080
14218014652
40829532572
88627304404
11286517465
124793413
91773330851
39643180651
33810403384
1250526647
3065971596
21617519890
91162309812
6133626609
29793672782
14650230291
11159067988
55677935153
33771612845
20554071796
60834560167
131142497825
39285223472
60956613958
33010975192
1390224642
2991587934
56437257342
9277094815
91049864271
7210055864
11774952086
2068675525
6339072818
9370088323
126414995646
72788776297
58372503927
53223614790
2932681091
25533522034
7023572977
84836526790
84443370904
54083553513
318741505
72542330300
1107298
70996259575
32056528513
56573222196
5332821560
56662312372
68890666708
36124834717
121168266144
549005720
23039000591
37491429288
7536765984
5874734863
22364845559
3784590809
10246623036
3282220771
184264183
1496054442
53269132592
6634203456
7843401044
91649367805
81759796816
46942467782
364742929
13526083696
91358864062
67609123178
72511378038
8213857263
63270873153
863362345
58320976552
84105852142
88971077316
28091635638
135093898453
94185492046
68342437733
75963215414
75098265554
41537490739
176319726
91087865883
21061503172
13442170087
51127956752
35642550435
137215579137
107036146217
109445399820
25035458826
3296573780
715545543
118002201288
80737774801
91097367833
56777492187
46233654764
25273267009
52367389508
4003515095
128142060785
51052899660
79548068172
129559756049
46321668985
118982405718
33429204200
6998924826
19834309766
48928306298
26273484996
46928998656
61163740639
77204864808
47844996624
67459972944
126836493
134969624083
24782710937
89248158203
45268870085
82579204034
523362621
59265889531
120887513587
142438239716
140777969528
36086268
41536437122
39060441898
5546755975
62349110643
5365817617
15621546826
8582316564
91962617512
11638091519
15013330838
432574108
20959506160
58542318164
4613074488
44214254996
56159723733
8737149340
92309947690
2757057396
108056334636
84236516256
55142182591
50483655341
81277079179
14277191456
15702125101
83679656791
39662715928
32150499781
107562017590
108904305135
88794409027
1050352497
20713701414
27086785952
132779331698
106221607543
133849909971
726505231
57087708867
82066943571
47126762578
6519060297
44849005891
89011751894
14917953286
19888155483
3544141954
49049977028
119517891604
1893962860
39209541630
52623027463
26272654865
33057721626
1680136271
124929407560
131810922158
26892312949
88869433883
22689864725
119249992291
20443880661
21405660593
32891452080
85832883347
2858648782
74104470812
585421174
82921070497
47401659838
67182456647
1107087680
220443378
86556023409
65158134884
3266215918
2127224
2044666090
14442712023
56606623121
6111825717
84638312694
38718397028
131713138703
5428835420
48282466193
113179782259
1179453
10277174272
113096470650
33872898932
22965390018
775954829
4273205977
133193555701
66998678081
44467181594
119423088368
124899562760
109132067184
33495095840
76704343885
5303899222
292659462
94034091444
8207056722
74647648211
14780402299
10299097361
19516443429
56618996131
140619247086
43579902421
132087220348
87206497984
41096227009
84036006816
74633366437
127351412544
112413489692
55563950976
4345119761
138461881440
11674535986
60467892785
26766423419
30001392264
45937933076
41171693723
13297260685
84638312694
35972158465
722800484
24750508013
4781767178
370837325
121149905380
45967907957
82814068760
120092947445
35061288147
12815901693
39680199095
21073344838
5014422412
15582287516
502471137
3232097508
117712589200
9846849986
94521696
86935801273
69873828251
226100954
16676948563
14851878367
93056278551
4718722067
125745899505
89863418081
60393673795
39394792889
48065174950
97853802882
112221011045
107574102613
78747264358
6093171125
128359498718
4805390919
67499279655
119833549165
63764659281
5527193220
62792130477
133886638510
74607662727
1908753010
4723477631
115986100660
9585073261
17325306094
137076597732
65183424291
34775386804
111349147360
21545532430
881791514
37262986467
324834444
9925739634
81029552963
67791045636
10965899529
106153018213
34371237108
50166368
121600212265
137150971986
1459533541
118613418375
1274791689
71332036310
55551701306
13730718
21615268167
10290427332
107764095471
139098145207
92439168515
11651140119
132471491150
55792036828
592301788
55752761504
44516324179
12125501090
40829532572
15107160549
38776310519
72300536956
41970679295
69671127136
113696280508
42027907737
17861984140
11391072568
10376273018
1212574632
120065532416
38664586213
12557688611
24313918984
293455190
87916983454
3232376351
141668566310
5527930700
25735994393
101620082903
26353236700
77828106314
53567902247
7273767008
49801824718
89674837481
13824584717
35646441717
81961991985
41503780641
26727879581
82960273887
2553995705
1919991083
136564380196
65355255072
122320692168
13303670958
88010286034
6342638733
109740026689
4761955486
43463299885
31864429948
127741705621
533327365
125455392
48219838834
18962122312
135614931659
26857032629
15413166992
125457846967
203797350
35736980994
109982666682
41386965526
5777276304
9846849986
134486661928
2076194117
78225548576
8917979780
1704005763
16067766671
2397925092
5926276940
34091173088
21695650134
38052060705
22542392089
26303377914
64371506597
24158686223
129164712769
5055866992
88806910261
18430562410
98120266880
122040357136
20175178721
1468020995
13314163702
5770860093
22280907959
19888873976
3165539022
20710766412
9602771795
43803810422
2623281158
109825529450
34633358456
1568194974
84565182192
23653557724
43534539643
142807850977
52989166558
10617387796
112544260134
9312390888
39250441022
6936467010
19059690307
7289528855
128751356123
29743184283
13785377141
1200063117
91481035587
24165044537
75666667148
44097863563
140635115160
4579581970
56549724025
113618108150
138155152086
7991467827
134666947385
1454367
1993814771
116135158281
37226142744
2374344239
64752911883
22332014092
23886074669
49308771511
94446714712
65082300455
7334361952
128134500879
1822939876
23310503882
115507252687
21980063579
62282795910
40960148285
876425412
66855619583
80032942712
7437807143
100020932669
5841269119
33999026295
50331101886
23092548094
34316843229
47322712058
1167536172
5259968526
44742723002
245337657
2299928461
35514259057
31391839345
51116225116
55865721342
1692645432
1178213125
56126471392
110362624
106597540276
3094518525
32807253
8844292730
97590987420
54308494349
41715763326
77857295346
39036979345
56228724141
3650662901
520242026
12589387899
63010334926
109506383581
3293193866
63041727114
115767174264
34875369146
115856873104
16997878116
27995436618
140649000575
42008826803
132540723056
558552012
56815912028
108909518182
106970725693
47468252685
4472277309
1917443145
44535988459
56632608056
33975298134
2531354427
11064114355
6609465921
34801331661
2011851516
79546592083
87095073342
13962851237
2269460456
39703860256
30785709348
27944831441
42777797003
104789534991
125798309187
127253466980
879530192
67389520604
15363503317
29185509154
72843757984
1205525
110068262963
23461349103
104146873307
938463596
127898370622
4041679923
40826400151
70469906660
107477439347
5781052174
72470587707
26768099915
2684921805
12418930677
37911250707
21483391491
135414561826
36928113384
89282628369
23392511891
86534437691
17243808776
20847457306
117889934822
122902702127
82198985941
37091871015
132083380576
95129004562
34511724991
7814656871
3593209785
95295919081
34710092044
7106605321
70855791024
15695137314
86502064272
126341813375
46435433007
10035117192
115652413846
10289917453
129280500522
2893039893
78266517690
59116511005
37887139197
133324693783
89415871456
130191661713
77408455532
72794414441
129904056250
140871262911
52087513106
40735614180
43633933729
7249522841
14030457566
6279804044
32563940570
61014471221
13338663026
45206087890
62476639947
14797024342
37543402340
34093074316
34367418470
89778532209
5435779237
25995369868
25431374817
36822120021
5721544096
1085841010
19744748777
90058491889
13749191074
4295812153
75387941518
1410046418
30050324031
49516304135
134171450
473814021
58128908931
63667312441
16203788258
36063137378
135399005458
65094270940
18953010659
27807826809
8169487059
130838540070
25428925978
425976294
36724434
82077443282
91473099334
49591360504
773969988
32051925888
98925224402
47709157
107442928265
80632213176
43410447000
33255382803
639244748
124333203252
5865216684
20972796012
115865844851
4630541746
26085419415
128191205115
98585008132
26566494394
84507309026
1300683241
15269448083
99405164380
120003404940
109860439380
1097863064
44683
49486298161
15038777115
22360263001
91389001585
68809863205
83153413713
106123874054
146382470
39206475077
24994180751
98832674602
56658598827
63257768355
26880550115
65329932579
75254507897
8817917868
37918285232
65259321094
45721744691
133305404515
47138012478
10642792801
275833925
139720190288
74442125761
46871779605
22781720
94026041479
540533965
133863440808
41214701336
88617939144
36643187346
94322501165
67358372511
76007894205
97510576993
48613386673
6317702092
84880626
32302809052
25451787842
39596931352
36892434586
66878550916
66645386823
1035530723
73000361367
3705308222
18349168532
128066475175
2281991944
70454660837
25090547550
6874706911
97066530876
20516088664
95458116619
36839939781
21974764492
91355692012
121058124870
35622125514
40083453892
11984312779
81399491827
5585264099
14901884168
8664212326
9000542160
50189227182
90004981363
32265852726
12885742911
1735306619
32109945413
24700632539
30519502606
394150320
27410830879
38052060705
106839948831
17235136977
97781492764
137454575851
18431253017
29420959230
12834202877
29353213147
133936908464
26241950642
101166389876
32736783304
115278043531
8341812242
37616430225
21578510182
41121374431
141495384943
40117585697
20892386135
92271676112
136472594103
5714785290
43912195462
27384526190
26084592584
43489198657
3720315728
8129308238
46339505247
109151202573
7714261937
19231566993
90569243113
75784637900
63814677915
220169390
22739132991
32444354359
337121697
11354851
4156638649
5606060869
27306542616
62011429037
17020402480
30920182407
104823592335
1494935706
99539423755
1303114293
104134990542
441393366
36630355351
127887041772
42667654430
2513709239
242953854
15529180044
10921691727
92742651617
32499945675
33215988355
86985268037
6419761419
140730343904
81906547666
29729019903
111451108550
24852013765
64407214582
15883085895
8428456759
37862032160
12658943
90297913533
30191133767
1424565906
49843506638
81632623663
101422410645
84778563488
132959891
1532657829
27557008979
12020220116
7944622202
34501200546
4399946255
59059590586
60343793606
78726713820
49486298161
129563557589
106767711169
59052003112
126073651574
1096118559
133010452516
17923192248
58243106728
57469869816
12689443
29126802281
107931779544
176380585
41822494339
95700057440
38264767714
11859350816
6401431871
21607013150
8538730914
9066762595
7190151429
17426463501
92415231958
52623027463
5569695453
22829340462
15005886936
9118877376
3620395919
4284500878
16472366568
116127972399
81852622278
27305695573
12775916381
4832858659
98479430414
36571156555
35114362550
76007894205
125299011330
1467836218
6150782939
41214547
68860530440
32599215108
18765243
21909723510
82508502873
59129163351
7339922873
3985747456
3785196997
9449447764
10692657275
75522926608
73350865575
9172100793
123423107942
1316524030
108787913530
126433763884
141322315896
1382738
40432720813
43572340526
137333091347
48520836836
118807827690
69088090704
103885608849
58591418447
747767652
21505093622
75280325117
86274086090
21636288925
124314595906
62274996542
53620789917
487820647
88914774952
2313258778
76289255828
59754590182
46624250826
37113735935
41445876974
54041285238
4523271227
106314241251
65658199271
8353245111
36258230761
11709409758
125646724976
60208331346
36502151407
26610761699
42208349309
1580072966
39182968894
117065863734
9773249130
28585567624
116208828662
30788413687
29235502701
96654590284
137107910406
31587893820
11491268998
3804924580
72549365675
28215572182
69487970963
6667126477
49559020672
12787904886
86813738266
3854309022
56361935493
129219752736
98774855159
6368821099
30464794569
31972812700
15117121095
1144221905
300261795
83355846183
340467912
52424407784
4986775011
67674255550
68567743200
134626226944
135488467958
18262463986
65003856874
129805091262
21671595922
49170664199
80511872799
40479480384
6120385509
46045665777
2194327403
111762585549
76610238254
48307528753
31648220918
33183176380
3242982247
22228344514
96460357231
1267655
55462323869
61509293815
96809785639
57431223735
5200869
31369995683
87693275812
23050635568
36066074085
71467410841
1434043554
44013121485
5530881130
5301011496
108317811509
73343789416
8759650198
106017618720
59547434359
30665037806
18979652061
89599460457
12232389668
7457203060
37277928688
1486744800
50717029361
76059795315
113701611501
89940476354
31932376936
97755205408
96617034455
8757774052
121278468224
6084631391
1012140516
2193871817
16351418380
38250637042
73837186138
40812828074
3171610434
64890931291
49575189202
46822446891
6052862595
29826467965
22094540296
71153595880
29274127733
85431125309
8277935678
96142522782
70414474280
16784010074
9636251633
55814137038
98993007981
32407320197
139597636394
47050303090
94283805199
3492537011
50747409291
2853940610
32459173939
9355521285
3197338931
51108014067
102638332285
92015149923
234097550
5498106563
20530692310
113758484185
99247816317
3369673410
31077618113
97942581652
42167975725
62686440802
73932383127
58581345291
17926595493
10558398402
512755396
325590115
140908987148
5862553437
101410690012
19490846903
4622139317
30238441154
2117354074
134571942292
62939735622
30844332295
31247257406
42372167937
11530182674
12519250999
29822921791
2477875576
69178679060
1263654366
4504030997
5991131907
41606008884
104609120913
44531618141
23380007031
118829642402
84402282215
39131894976
140831559525
86238685135
102407662578
31735161387
38376904361
54163313483
28013459847
97673078544
54542402600
60747279035
51702158120
79892359585
21186766025
101648576116
2953404387
3268179611
39062482492
55739264631
18411466
21299029500
59091210083
101734084135
128798724524
86690227266
76711585612
12781099
69560928250
50691331157
12710926917
98852503202
38912637553
23997625156
19244983524
1156745844
71692371412
46281549543
29357609814
14222237129
811725014
1366435907
79341571868
78751668709
3218169800
91558831030
30029855912
129489436550
60889790140
99342209450
116363440740
1333349542
15224416717
73505221140
6985157193
57512272792
9145228839
139141540979
80655995756
620242848
141385958520
67258206419
7375048583
7234232055
30210765891
2111991730
3202886431
226656894
898703427
47075032702
4129330523
10126931060
33839749413
6171087321
3097243981
35920366516
68931772708
75688239571
5753141652
22126435126
25891465856
20668236032
66248808700
1039072108
270696382
93272598118
36942985075
52079223533
82603278916
105818981106
79402013479
49559020672
6313749228
13490258451
120863325
115555630500
56048916701
6928162066
11677802952
6832601447
23832373097
107160155929
23685016078
43068283158
47022208913
95368889690
1021890842
69081230603
33107310189
45695172619
20910077783
132479182746
104726542052
66692523474
55385252826
36122875067
102805194720
33191611803
108765337345
441787566
35348396532
15311421158
1098021711
22576910780
110152142923
2176819930
13619682975
9875773664
7528964942
25491003448
83797846237
135505975223
18382944691
135393172059
96256553330
15532338809
49367524412
88864744042
8361939304
31727835265
8213403736
62150274674
308206649
65070331254
4345445062
23552256111
49407869021
73263151909
104762292189
8849006998
16439805466
89568063373
67830450875
69813125229
3213719506
47232565928
10459412668
26002799177
68797541712
123623413988
114183702318
56532412347
5033367952
17668848663
23951706330
106180451447
70591934562
56322446531
73891171064
12677924723
51088075404
568296823
1857447492
8244726665
137227327583
7645972041
66843481300
22060393355
1953285671
93585478249
65994023678
80369378313
53074029467
67236559131
73331053363
98976473381
876707384
15163236141
79654383652
136802774988
118713324680
131487032053
3328113
11306317942
53381817692
101134246
58333542344
14017546
137968543053
22834743301
73479947
49172964479
56340954698
252932981
126431886933
67298803995
102318505011
26475584957
100798874348
441393366
52010562711
66141469684
10829877796
135146343402
111817191082
38188087376
9771264008
44945543151
16604907141
51076348838
34232006228
96871896655
10079457896
4289346413
45736141786
6692389181
32321295080
32612215994
26807513646
7858900489
15797563473
5131824207
68387465732
4603013838
12144949045
46767534416
84005649064
107120533126
50047541776
121521110270
97199127751
19919064604
88769409985
30692032292
1227844347
38981919725
3253608131
113245390464
25243171978
10324618311
11622878067
105103101205
28564754690
29999613732
90809386459
36968769657
118773781
128223342486
21750572403
45089461586
33600655536
6605010124
54641931544
37919290219
13900184912
92963411563
139076450074
46737288749
42762817793
20655778849
103751717014
114682886822
2948881426
35614346268
48913394937
70618296297
51358189072
131582816547
115736685391
62669487525
108044221493
51778878767
90526620448
66805724192
16067766671
53522250471
88056955108
21970980013
743232215
141784081278
47204413985
58990062153
3586430110
3856144052
1416932510
134686340079
31182797189
12714343515
51585411813
1725842592
44544729911
36079780557
83639734
21578510182
3009288454
89558645537
113962989894
32222454323
14607380355
129014839902
10079457896
3044584857
81260665318
63373138491
113575480472
33813242713
166790881
44993852441
5581554881
3273231231
53831412712
47800795345
788583518
30550915347
47558620987
204586716
111092712024
75354931867
12819332293
8842878817
11789179974
60806314313
2217174389
135707373
107836682841
80602489444
38453254
6540793207
17293215108
19278898676
95101470019
421832533
95132244126
80390150739
107089529648
484710339
89789534030
95527905042
90996041865
287516087
5234493099
64333162404
26321653626
60831992077
93269391640
141790057399
5803358321
83766015688
50632950289
12569570312
18556485048
39149256617
62455809671
41782320595
11568083126
73627131088
151289636
62207185
55459876319
110841853937
9862303879
28558685679
56407616086
33975298134
142162824510
32146811983
62207422894
43011389209
29976498482
25117302405
22669865467
412467413
38435567615
51486455093
1601837495
1704604826
13456235291
55056813353
104121410978
17861984140
19142429
52275984715
50517460392
32418427935
105608573503
99008537
7147468908
31736993107
42667654430
36671034
90280575736
58034869116
21624275915
5043556379
12759369496
133967849144
19486582067
6210622072
51342902397
1446301239
36877573619
142416277189
11119232591
46340620120
1196239570
33940197969
88486883814
32549094836
1132740214
51627849737
34964894141
44733963348
38598645698
36315198019
92083627052
18514926414
61874032765
31187334466
12980514210
391092339
6338676661
74773397291
17319286527
49975614608
686799752
99430019531
47177397405
125747771108
5229336
70393692955
142258590284
11754175620
40484677841
102392519791
21385505858
60767808949
341156824
64839154600
57075282913
11522611116
65203393544
6388297542
142166814066
2906750649
39354835984
18221932135
81433843628
13703578681
101457576770
113906066888
92479069624
8915612875
76808662727
79161859222
110512489299
257222913
2254656356
98090641442
73505221140
107163601789
68772901818
109888371110
3978901878
115170685267
34125402352
47410687022
74853473851
118851459418
27643888343
60635704322
96101815003
19140603872
16052975406
73085083803
37617431114
2170245545
6086183695
74179913055
16832077171
26088726893
104639747133
46671237606
47817793310
9457255606
90398824207
1403543474
33414151792
7845614389
102538952856
124787675352
12966130951
58705260
118301256269
60041143837
58221765657
174499362
140758124532
141857796185
8024577705
29293449595
137137269587
93501990387
66323995206
39223853872
6758622005
117033395888
52120677328
46400843716
48294500
42282775595
106094734019
106374302594
91306534221
114443851964
93837782550
17038963564
560226143
17668848663
102788334330
23410494098
70859961373
114178360187
121664616150
35985846995
77521990124
93744534786
15282596620
8377052093
4362051279
26054008155
106199313934
6886292153
130205002222
93069090971
4065544675
40559564655
128751356123
11711591516
1311988162
55241049814
29220587548
74031910275
7502123768
57504788744
301875269
20663106145
41901847318
26239461867
1625702920
104279325957
86634679814
29429762998
381623066
25988235
37543402340
8967756089
91230444699
134593266991
7884614377
64570005647
122936002789
63285290122
11389460547
133461688942
101979071869
32634509662
10681219361
46963798325
19318505810
91347762179
35137534504
2437492365
3982634982
22430579665
56843184830
28725378877
31393660075
26568998939
132016195261
141674540043
1185471671
95974857879
3259488580
1728479
18601563479
102904699165
19699687752
62524822722
74477786544
6731597491
100730457551
123391592823
117441400270
16753759214
79887922100
95329968878
67541309234
106539128884
35499694148
50206661527
1593
52086328815
34284419797
5911360449
11094306224
27083412416
63891061517
112251018502
22752999355
51472325599
105598315171
121353805483
74523444224
394986061
7909923862
65128859610
75794712759
43011389209
80698816
14947717
539767392
24875407488
24332261547
105567543351
102919882374
8555410690
132729281326
118867823715
33141954278
104733351000
72036752158
106497909200
3604424613
39577412681
12781624533
27176263880
39570222806
19331246110
85190881144
42401986929
35032355821
33278842564
106652529894
48107226125
21074085065
83251579100
5444556097
138830047135
24859272244
90126188148
9012911022
2932946298
76317974
140084216746
1198732477
81098105759
2555722676
86605371901
65392581736
1034300703
85041099616
115943017264
46973904590
87952743735
38617762
1420564908
121252749412
41039672549
17526576510
249557995
25113247614
6608655621
10906975309
1393458836
6035855573
32528687730
4111279956
4481195902
39069625041
88131649092
86250997425
91379483791
132475336914
134692158100
11588683038
78883864841
92391298687
157478865
92193563111
20170113026
16593787382
43440644006
174196957
3089615703
63806778783
63538519559
11383013813
93198862668
53896499982
4912974017
43326389020
33038084463
24138822632
40350701398
999111588
17102681188
104585303577
111683348234
104270832770
102725961845
424914305
803206381
309513769
1608415837
21991421816
18878803215
14935887981
107456731991
112108080137
16772826747
72470587707
45995671542
5870926429
67835886851
11725231717
121635172128
11197917589
7339067165
11317565311
9968810316
5491857524
37636450351
51116225116
111173472524
87218882618
33924077870
8192558926
2627032331
1900928223
8536878864
34305397695
74933598395
26017660863
57612104986
17832095764
20770239017
5991131907
2868602494
14006505218
3121013116
177294504
7668697173
111704475414
3838728845
19993927000
96455463230
12500620458
4736739006
136238395015
9953775700
6596508225
50467340929
86254075701
51061106417
73224974872
108800070783
34319704998
33307946473
132588810935
81626641669
2787693975
64507775554
24916578841
110265785892
16700561523
3252208924
132702335642
31160114984
52270052624
108033839493
46014555799
15169473571
13805567205
69443939867
5601600927
24317108468
39609261604
73584592612
120081981033
34712971355
7894378495
11696325614
54461145779
137019853045
34945631255
850816861
53774801977
27643888343
36445027599
16711062725
74870639795
96214191512
110833088180
48636252035
33225366105
5696404093
9607690945
108314346059
51299405292
106537411247
15844118364
103255908203
32742366718
35786683669
7646408714
128897280628
50941594913
135891407405
32247382154
133180059876
26967995675
500048608
45614397260
135920629212
126024927330
126051161944
19077967961
77625413007
72525446444
23099537455
1403363095
2126309082
69270703563
99425048284
8090123895
22546226130
21405660593
58782992241
31083960238
87739857948
60797328378
134234865912
103394544431
139277690544
34055060014
33857742102
128017354213
466078995
35338709768
136965077083
3088798848
121640692477
95615584990
8195728797
15907388637
22576143381
22112003589
4243911026
877835936
48503708285
61832585433
68170645939
68504887942
13908531728
110966369044
44236027438
17425121701
78565345878
22085432028
79325359527
129274804817
22222253750
109344385382
13364937293
28226775023
3431233559
73726441316
123944603687
104837216819
64226118405
85152658099
318658458
51421712760
82368695310
104525772910
7455046779
16624539437
110843607166
61020901440
33729064022
683450945
12819332293
56736608674
129620590303
92928198673
58549870850
27275209653
34444787729
65548675071
142901829244
14413537137
36338785093
6700956170
58390102861
87843934585
123122955216
27358235531
74497760168
41490090214
127196976094
81200990966
86057184175
27682263746
91352520046
92118671534
112657420396
140777969528
83239494406
65176768696
58930682274
112286328488
100142329568
12680767998
32062973132
20879122045
74609090606
4260316411
20231670291
33411329855
292898079
68146122589
34157744990
1919353830
3681364768
8738086376
31508483305
106760832627
73726441316
33198173804
90774609357
696396751
83799362118
25362851565
82256036813
60204500071
8197540613
42358327102
127934247755
3122108654
96876801046
2761936035
43644743639
98143311770
100850619923
29518753081
126952345900
136607355424
58567495638
61023473632
35394914108
123334133274
13129999769
47126762578
23304261752
85333146951
109389661514
85496991714
25917008975
24069756925
100430349227
120414851969
6521070944
3294883676
61897352941
8203430918
9603755503
32247382154
36245142
50770785571
1918292135
113018507484
75339895
3850334723
892430263
9434329133
7339922873
2291299486
40995713589
75270284494
20173007534
139206647466
19094847867
125618664167
19712557124
488236271
73595934906
25892289633
83150394093
324834444
32750742763
55412160170
59321635059
28033207546
63479428162
76200301
277146066
142677935112
31733329749
19880252878
5054107413
52153852818
43842812496
25289543305
45910187865
76308034157
142440236413
1058116141
3621580401
108912993654
139623329225
37948439934
111491554033
138694135782
40795083177
23397983872
86855445901
75981950047
45288704681
3440162936
3934250998
27707863660
28059835629
32563012569
103119060186
118700606377
109139025374
4914361063
55750307300
19153988589
55706753
4259994410
79678017626
9834397349
3554394087
14262083169
1900928223
11443268749
8765280334
15385494830
60585719557
1401019034
84530150709
1385738015
4891151966
106590667486
17439884429
33159751429
28044372693
39631872370
96421208913
28145824369
78992644371
513181900
104518970454
34531821984
87401659166
112265141644
17496982628
9940253005
1347630507
31537678945
111532008226
40708504442
19862298335
68637461663
32280834
85630344355
104951366114
6481723416
118107277722
80210704402
135014278148
17825306580
83195694095
23054514573
4701761143
76289255828
16866360213
37340941
122640160523
60622885934
750886756
142093016431
12855380218
1061073672
17878977393
9858314653
142160829767
73635640136
20319758
6409796778
44241471261
25754889556
49112025702
121230706726
97758491108
86702573688
15084140286
40511711713
11394834561
26540620943
27226979222
10913281101
3559379594
9448959891
14721380503
717450726
24023770631
26194689083
44986165002
39813000366
79491987420
133905971706
263651761
20562842140
22606082176
9399748826
9960790666
2170019014
1225319650
134110997392
475347568
44831465163
111184008778
36972737325
116420995486
36263139818
20311476191
96602340596
3115539200
30050324031
2616784896
13877541846
86517479280
12150509427
97796281159
114210415363
21681366543
31985683988
104762292189
8107228645
25218784430
42320011350
33134462144
23094905
20462832039
86625424262
61806688085
122926752050
6341449988
33853006601
105969652660
13116689718
911612597
18875306750
105453043040
11112335276
66418040442
7574965480
3594979387
34114941647
36103283129
26417290645
190872150
1663925239
134201957221
43717206032
98822761022
35324182375
22491813551
67144598671
64751585494
6679344563
126038044077
89279494479
62455809671
5434682642
57132455341
105535066822
2473507026
98098870287
28313878494
51591305038
1371606214
11771670206
40121723829
1777917273
91320804448
3099425461
577449124
8394475151
2073981367
61157302836
138843839456
868548094
114003912237
53546274669
68321974880
10345060727
85512313326
5774256308
85834418710
114107142123
45408906660
6727098914
2018610557
27449035264
51403613
74030487982
3865020439
35953586500
83398177281
64040007838
13848969436
8575354333
29347058292
65288626684
31342701357
2487112514
1620252164
72106856040
38232472190
4576907938
67788328538
4888730257
19040016761
16506267696
15938753760
25446887790
20893123152
19512176293
62698178895
105353974468
124024503794
100858967014
126225513133
129392542351
80129203571
105952524922
73232043719
66026180012
7004352249
1443368579
103362412252
40782559527
15908028394
12507957869
53536664357
2231167200
73591681427
120295915708
113115966395
129434334299
100645386516
62893998949
20829794666
85255115172
125704727473
30925604267
20520468930
56496563270
3569069779
21427320124
54306072999
11364220360
67891621400
135303743479
117553452734
43899181664
129837440773
100300434345
102926630870
93906947359
16214772259
134961858817
341070681
76728967292
18467187513
78747264358
100980874575
480890244
52042520006
39714150130
311479825
66039580636
2138429598
12461676
34645821429
85510781083
73309829576
46844867757
7295498141
127543656488
36282779958
2404137204
26186401989
37996711794
98849198264
9688564069
51597198545
55623992525
19051257575
60799895738
58848608379
4043247944
3070855370
56803517268
35306753051
31998558630
297609792
30535655920
60222380661
1932548168
4866961184
6596508225
27887420744
985267622
89868135076
3030279112
20004736485
113128373700
136671829227
107237705706
25686737647
17222467404
69034591825
6747150245
24337845236
86417307625
45425460693
11708319000
95086894454
115532336261
17505050412
9352124396
111129577653
12374540078
111752018811
2054120107
1746412724
4651749531
9283375508
25772970446
67674255550
1322117984
825063056
28296620068
50586271121
27025253283
71595918135
37335735066
83079451658
33577078267
60127898805
138304539382
775160597
52014112954
44308848
62514403448
2203681062
110919010259
4764110
66002061948
23622123160
45832549265
38034949294
6778719998
36874601878
658667017
18831282091
9299812078
1884697158
6569023131
42488312562
42541647000
130424280329
124043089436
19911154963
81498083841
49806455216
475040675
114972220962
64129724920
29854845895
96541943977
81852622278
11774952086
131142497825
264555451
88733480108
94829582501
80969965041
5916330208
86793660897
5526455774
12884023148
92233412884
34218670930
58674560871
206567264
32597358048
33761209328
88621060850
11510717830
106446397190
71972289440
110278027951
79621891004
47249660
14111455859
17614161134
121708790068
58570013700
14434807394
55701236664
42036389607
84207639709
18828488861
84880776369
365278645
136033650132
57321578903
12157740124
100277125195
100198896370
7906813593
4069633802
46762292
23791356
8361023938
10041157754
2475933518
73835765781
93934298996
18972012
893141834
6465303321
24575377461
127651149059
14733665983
57992266694
57056647332
28200925767
21705425575
8353245111
2826040485
43414759906
8675879371
8060907876
93958436577
802397481
94249953224
32500872632
130830897888
2690495353
2536758983
56282974011
43757248871
4116342852
29362886296
14256646866
98626263329
101626786805
2378147561
35372620193
72574696131
4098952193
625436814
105721448835
2060067948
129930707830
123634546556
20134669933
601889837
88260881555
120933364808
75908465868
122860158700
76673934030
72950963456
2697850604
6630442
31125653322
133854854
101179768608
9525218481
99527817034
5747115610
5098896998
1223470209
84341430239
90619772101
13558421837
54827882349
330566642
30100193027
8099574524
14056830410
9666338214
96209304177
75019488653
70773800367
85109859233
44002263003
88664770476
51524142195
17052227978
535070159
112206891559
1316524030
60942475347
908448025
6869745251
43091911424
37499422394
45809269802
132892942271
71556796803
13251854415
22302257981
853039561
75086804640
9595887177
134538990053
38752936978
3700213279
123961324934
108044221493
83863040814
114513395329
47210043538
8013383366
128605524166
125041352182
11011778634
112659188949
120003404940
19054068309
57035530845
5864455698
11016002676
37195287643
77925912869
81562349368
58304643737
86552939565
121214176451
37373630426
98988047482
12416680973
58728763944
95713057112
658181029
17263577
16221881366
84859412981
1303288006
5243098229
26846957107
45895764058
68585511289
24597030778
1713402828
29507794
139832907841
1287186805
5047775349
55081198051
208825842
33772558696
223193354
36543546671
118121774750
42376427105
674192956
12200050006
4428803093
31683897427
16846576651
50876044157
41465874889
96866992374
35556025992
29629972969
55841154430
1234591801
80261107380
32115473995
44865453484
137150971986
50055665665
103281261152
13977195101
7395654003
57002000744
44015293329
27224442053
30686632374
1936753
55226396634
40075181596
699026282
30260769223
291230404
56690
642869
87907656104
87249847922
2461150973
115122393002
1781595925
32019715959
33173805296
141113587799
52255817296
13090666973
101196493230
46296034984
1216926240
53690546699
65421918258
132966140135
116431788220
84382502268
90678215090
118842368727
435894112
4163957404
71332036310
1477646317
1156908953
59467467172
15008368048
81356187640
41487984214
3561433731
19519999898
21798031876
125379351015
4028207218
16983973869
58774162590
13504935428
49661854271
428201769
270086466
7634186864
120445968284
64360928037
123942745858
8290690386
115480380466
1033378789
8950200070
41454296572
44922496006
91203504616
4623483085
1613261400
37159473673
106848549890
13081421037
130203096401
137251866
12561648290
45447538307
116140547830
9828423233
2961127684
86974445818
74360846908
12575796773
99098862253
94745509875
1280981671
1210234786
40207639910
29760008818
6137134006
30905726877
12137167443
52400646964
38654437663
133807388987
84536242617
141183146410
44632190357
1008952021
3098607288
3482668783
38696055826
119444963180
52662323274
106266203757
92421614830
74852043494
35145260388
122560715920
52081591877
29303113380
14798255934
34821516254
70872473308
13399431092
79555448923
133569790026
10321553913
36351565158
103805939708
115213621589
137646711399
121863465140
17275848150
113914960183
24483266428
121701427234
2783306136
76892750607
22294631741
71493942038
228750430
78703231628
1072165229
34538522079
2079737563
76448218316
520456760
67902499438
9365231079
38569244825
37072000753
8046094505
3906169361
15422607587
90033308683
27860876797
59138020862
51034144700
66432825029
121683020948
20129608590
24134850829
14026863524
31049539762
63077054321
111298186269
292818530
122056946331
7545005117
14300776603
1170488034
73918170623
17436528714
16479535049
100064161981
27359931285
59895865835
17693858328
12239644813
71664407890
1411675543
126632797128
15354083518
104886615394
50635284871
1593538356
18681453562
96617034455
66285053921
34787877403
15273830132
29681242697
24726368241
20782731902
81026573039
106439530054
64245935810
62103541934
62975029713
52224981232
20257044242
22243573904
2146980810
11452967919
5675056254
73690963843
22274810021
98186116176
81011674511
5650764847
11148968427
100072476208
27062332227
34036060540
9790628099
1649756849
4578913354
14446969250
2549803884
103646699360
5717037844
4219524596
7165624057
8926502818
103656860062
57072797969
34684184395
91635069178
78910317675
27105344274
80456258
46109028604
13086621540
3902474823
42321075437
16276872739
125347585520
48740368572
868828876
589544658
55448862844
24037244838
66629229937
28835032937
117631197671
104534276259
26594051987
1118273244
23104974658
569985984
111431767505
1621030202
13587265872
124742564
109434947558
6827244918
116124379623
7215142320
108939062103
102037842680
11778234564
26758879956
69822780824
33456494805
113213470616
27037048069
2705468710
812131777
73587428110
11379254102
2630787460
38229445203
59718980046
68633359470
31325421048
106473868390
98156298
42088359040
77602099713
53985760438
27474521008
83631195467
47309184702
445640915
10508842012
41233589766
72109660938
86795205214
138113889599
14348006707
53656864675
26449761880
79595310416
15064272
60897498732
62606910369
23523240034
101203183308
121059960059
7883727001
45521538860
21628029660
8047440592
5620570136
6649637394
133840245542
28432258349
27217677081
6286900758
1890169120
39535310248
12274277467
35927204317
2445205379
40415063948
75154149863
5506198165
61333813065
6606225201
22674479841
37930345808
47402499
42609966764
24550530162
47736229582
14774248203
124067252479
129405838848
77521990124
1059049723
6094724409
33056786383
5624665907
84479903600
46181336669
26729554765
31568715269
83451106478
25414235050
55636249917
6489341385
18855033279
69149848305
23089442056
19798459978
70823822693
98525614526
3292067534
6475713169
99037658126
6198473545
88221946304
51989263757
142067092568
3014126708
47282135456
87570668801
131207540515
17344040820
11134626126
43503230256
15761260952
4327895988
121324402397
66642693861
76238713629
4238449453
46091238010
122581036699
68761952196
55711049326
96497882758
138837928365
48728921702
94524194900
407823694
96013913039
50988444007
38184053666
40376647903
88911647672
58587640906
57101379596
5635844215
18342968203
8642302683
1721623193
60302882008
9829916578
88053843540
111750257734
48066311237
58102570746
60038593177
14712783975
34383649291
2588647849
24929502971
11148968427
98670828342
26102785972
68919439595
269781840
28648049902
48966167141
11222965248
38181028449
121203157187
41537490739
111444075302
17743934626
23699180196
15225041634
53355432152
29508172959
122923051842
311069772
701535456
76214171632
56678405691
67091887336
81034022950
109321751159
38052060705
122517784
2383144430
58412733649
32316673039
3589377082
11936340922
1819010645
32602929432
6863133875
60217271589
67206799323
108544918908
41218898222
13216980133
38954403636
1085841010
48436369290
103709364267
33290106804
63213221263
18324373794
18614751034
6778719998
52626599214
54797474104
60458933150
135967390768
31923190592
14846327054
9217779460
10079457896
44682515703
81327823381
33643510
750756669
115720546038
6231416851
35906693552
69536146030
32793573163
88902266054
66455677952
65738394853
31861676729
6210229985
6707487242
70115522180
20311476191
9000066563
1876082939
1188117801
54125841634
138414669684
21812355395
36580033278
69919372970
5051292753
2912032291
49375591821
73821563145
26548131332
114536581026
108544918908
61683759398
84691656231
119062468710
66977072915
5372720832
74376528751
17463383738
28332006789
67197332236
23322991074
105730002290
87057947634
180176479
117804865571
106707532122
55247155887
43884001408
27489818806
91531837149
119251813644
23930346703
58174073675
11601703258
75866695881
80889553345
8136523394
100552009814
31521254755
15396812180
29349696037
134860931503
42114889419
1769350389
4961297910
52083960303
78327993798
2136856431
1312859769
57575906333
89467631497
23671643059
2599337056
123467607616
1550087739
33499804589
114130286076
297369275
87039388132
57052920661
44151144940
49422858492
71191283
73302756123
438638652
48940925277
599109905
111361450193
11662562694
96600707997
43191868609
49482836774
70629397825
52273611835
460822093
32488823549
27100282296
6569023131
58435368819
77469579092
7557155697
19273950941
57079010502
3331881949
138410735754
42442473469
62171984
29841412
20547494883
68117517174
9266955088
26608254880
47131262438
2676070010
959496173
97410524514
31579673463
12133277726
117920712137
125886309098
104298012270
42842020459
85282651772
1490465364
108598699135
74386509230
291865154
4008510297
120407531019
29158339101
7149578935
28832419736
68682593760
1501094957
40627231388
43031780608
12371734173
113229430033
2103959596
2750133083
123623413988
1962299895
142887830359
142514122546
15844118364
101566458769
115448138154
21692642702
117062255814
10975910424
115329954720
62287995772
48263104400
41511153518
1608996990
98335408
21081488225
852205667
101826339170
133616134288
10057779221
99775038635
25816553607
30854259344
69763479471
78995585519
39100243867
63538519559
77937595153
108366333229
35627960520
11369588592
73372096260
98639466827
73121810689
99373684527
115951992395
5349849095
8840051223
593222518
55763805981
53425006456
114450983642
3813438118
36670834588
1359143622
98779810266
5616847924
23678722448
109530781575
58416505892
30932834221
22698664
32699573986
132581116147
107682896768
114458115480
19947121223
10902246910
128408684766
67729922083
135332901588
73117572572
75491323420
129711873109
86152526115
46852716298
13879328573
35709707474
3379937848
127441861738
11330426609
88900702515
30066347561
17656013108
56057530902
32149577792
252564966
1255633559
25118113394
95090133290
26166519269
95480835623
35810083667
5508406227
22869492058
27515323840
53611172035
36624433463
25259830
101641871312
50585104444
92542931166
21946011734
30851551815
104058615225
13224532400
114706090585
20608918889
123424961929
121848729678
22843234790
737291921
104065403061
28358782164
28976351441
709848302
18926389849
37196282724
27189782892
35075759072
97727278583
1480985733
2076194117
38950327958
111516177447
56703169117
80528208962
24342631808
13539014702
5256017851
644883717
11510717830
25520435652
27152614654
35932088986
25068667087
43000658605
1785073446
9043866441
50580437916
52590887904
74175641786
15072947866
136285217537
17038963564
17773068205
79136833403
116311292695
14716467841
6148442183
94451556105
61589385909
31316093
1541740027
28690611949
10738473823
10756723844
1605318507
68278330790
8089673974
6639481043
5447117756
26479751270
19430473978
5291272281
39154363494
12190023798
4241019169
40194177211
47624195703
101129604974
39091056730
15235667697
20791552620
24268492829
1511201885
7492178645
1956931980
476986252
25953288175
98459640162
20945483123
46095685232
76130470282
11911565639
7375048583
46982889542
2293629808
233743799
97171289486
30568872935
34331153184
99833158984
121651733801
18954412327
18125260920
8340897938
48373635797
85025823260
13135209806
132281203569
8618098841
3076286838
60494776718
15738992593
96953651087
23003341529
2574015666
45531483273
29270615283
113130146231
120039948764
39327186693
44498848055
16576133385
19199104237
24119761562
94535496591
118691522404
5568213771
83384569712
107253219563
157937733
109400111220
46438781228
72228927551
33190674452
823424510
87463662634
55360797324
16103813485
14368619833
10352220133
119510597854
52329393034
65745079960
78190441240
24756947191
17064834697
36663921569
18492779864
67202741928
121263771378
15847948388
76127
136162328280
63920045893
339436204
114146309923
21944499080
50359032146
65552680270
3983879754
12827338369
5073479944
40319577694
376707762
100267136287
3334148665
14262687340
74750525533
2662696691
60726752257
36629368338
992176748
16652043785
142338421282
12285460751
67412548347
103293093489
30375223339
22745295143
360382292
17855189278
106585513033
68266058681
100543674631
975993934
33317337747
4933455142
142063104484
20891909
47617068
92878592188
5536785000
10537220465
25406075150
245192805
22203986430
42731798090
34939853621
26523936441
2597098035
35015002111
35724316843
116800949
54063020142
88218831818
103858483281
110120683707
19661106326
69636681033
115747445645
22137830851
49275379188
92648357360
162857446
48478593473
25179790904
30856064476
112279266036
912909124
64128405051
76085753245
87401659166
11814920083
37629442784
93429775288
126901565119
60611350293
11462132538
22112003589
8853250909
53515044131
107050018
52581367532
31315418611
4081284097
81411439561
62992027128
127645490358
67227089326
75222959593
42093664461
70926704311
18145122355
3308415264
64809958630
24725563768
142258590284
6098997168
41295531647
141240794247
142304490241
654056877
121499040180
15681802661
28967617037
45527063417
53976106910
87527237423
70220628384
22714491831
78872109291
55097051264
51828479965
11484790642
7942395575
133509942949
4356512596
8701111739
10954313057
3786754
50975557960
8016964636
33752698623
64612393659
21466936333
13099916253
47415201030
66018140184
98797980287
85521507040
47386992485
61323499081
31818559012
10951680532
4152822985
131131021483
25960712208
134225186543
1116671960
26908281272
14682717606
34179633245
10370128994
111198058200
83762984506
73275880544
17563604185
128278173633
14767480038
22069496861
1011836640
11978793719
26478084696
23902672066
297369275
82746285503
40667857823
123285951862
83588804883
126813193124
9427017802
7481375576
66200495144
9369602504
17056208424
40316465999
12273159469
67600983734
51052794
132484951637
136408167932
14086831222
3753436568
111136600347
65590069094
73496719688
34360736493
65476607881
16138609879
24429676823
106324536165
121714316
16955523090
17120309
15927228596
25825603332
115731305438
88440101836
61897352941
1973060595
18084204530
10703581626
126128011647
87614114303
30875021125
8681015964
10496986531
47249461923
2523692
308778226
99049236097
61496381369
132686939338
36349598856
48917982793
31610735671
14404986
185575514
47953886582
102026087293
62973722296
124989105330
32108102687
50748577984
139819063102
43453589508
77013160942
9305616792
22688325981
25754067815
35459897071
136332048773
130170699006
28540482382
65086290468
103699201087
4129964555
3470787304
10170967983
304951491
40563727293
131002899268
17054881524
26045744961
110232561025
9944759590
16323523865
7748533885
7427471449
1338278750
131745729436
13030630751
44446441201
2771966546
124793268595
16214772259
38867845337
29194276610
16774799876
40515871813
103978878970
44642034524
49181015782
7210479655
39124747097
6018485460
23787409376
80874666121
132046906011
48513984986
13092978911
12921884508
37412542775
785650032
49385965542
43138114797
96929121332
99542740159
16239338603
61871441989
30668636364
19014735035
1227170761
5044962425
863222424
69522380278
134083909562
91360450103
28327689686
40240790514
83958604897
19985282012
26317499417
79517073337
19802760180
141543149221
127932359356
31734245548
74469227198
115202886563
58071222061
31508483305
2212138619
10995946420
37872073754
11177153846
57429977258
89657560634
1903041265
20799639621
20546764204
109893608631
11693055928
98319529329
20416196619
141276581765
12217329269
77043641977
4769123693
120134989678
22473434615
10302158093
81927524598
19899653235
3689735270
103401309645
981971744
411232694
98461289273
13702395013
27061489234
87093526273
120069187562
66172320587
77252829935
4966526967
90211242464
79432981178
634106993
39211586040
2020793867
81908045945
63159521486
26519766340
139836863687
47057046828
58798130975
79480184274
83216838037
4881123079
19377990256
110482730630
13569013673
57339015237
27638773759
404522985
83929777812
3787015893
82313107289
31398212304
120909521045
57922687
56455786919
5518347846
8179434497
18673804603
110328751008
4977343696
134725128953
126589597117
43101579729
14955073352
15148271103
5463599087
128906759247
135303743479
122984113507
11725777490
1290812874
3586135481
31233633173
31027811420
76985589249
1040459363
111240211596
3133348131
65523312988
3777925127
108146340978
109253864252
24384136474
34907122373
122320692168
2778406165
138440241497
46942467782
67052704911
1564755518
1023113162
25645726023
38778343361
41954790230
34256778760
35042963014
38290007059
134145829192
28552617230
114465247566
90701913607
505427951
138483753
425589936
15761260952
111614701571
16201850365
110775242303
88123866905
1224478755
51260627931
2143153135
10021533001
124537980032
103342121136
44769007502
20535074884
2220611412
81776261363
97625461361
29172360461
32560228668
111417702157
19090627175
86012607724
6474110911
113429896708
2394106214
14971793719
70591934562
10702020581
41552243299
19365944977
77350260400
2970730974
105997059990
56626420605
48205043173
103294783882
57151105790
46789944712
130450993
3518602
80012217002
12582591127
32321295080
8267009738
40409871409
2033768
36266085507
126711702346
99891297945
59250690951
18465804705
102313459600
28395940813
140189161289
114310174593
21515574570
47786066244
129711873109
32565796664
2792085330
3998834850
793932800
4083175199
80956560712
87412508231
25281404399
69064767997
11334179192
20352895498
100242166804
7100718035
24008715640
90948566479
8197540613
65480610626
6669162212
72915689885
50574605001
52780296833
24046757702
118955118493
64840481867
18781039259
55831329114
2339094544
88820976298
137611411115
46713772604
3131427870
506168750
134116802355
34203434250
105393254827
44148969494
97801210844
11622334880
5652631336
140954660593
127187562605
7940169252
36386967014
2013812463
13623221989
25821489689
10558398402
51404063101
69387545164
42817396334
18496931342
61958266292
16880875139
4682468928
24553735520
542617424
2916261351
1964234000
3144335287
84242596246
6755343371
2627032331
36178750664
3939199002
42342360217
10760375623
28313878494
28371742255
2864670925
6845382062
60016915382
40772124473
3802494016
9152422418
51366421227
71633652890
28440908913
12111621623
39392743267
1089471371
37911250707
57792015510
37806828777
27500768
5400011863
89920029081
5209794920
118234158994
2343572913
951084016
46262611256
2154420387
59497924690
131427662520
24162659946
114007471049
7109970867
26422285055
101367163172
5278304949
107248048144
1389326797
27576587632
2366749829
87158515475
113076976547
14016083696
13607300352
44241471261
140096095118
27703595893
9520320585
20904179721
70730739838
11281704194
919262730
58981216492
18846648401
77081389887
46856080149
47753216855
104175734588
64844463756
327947251
6788985493
71863058190
31119307055
45715100595
11617446627
74654789608
26149957995
32869067350
6665498265
58091284403
16046546334
33415092483
59996517738
35654224971
37085909189
6105215216
2865769
61461524930
121756654664
9254407596
66483914221
86597660084
3368818881
67868508817
56580643728
123957609026
109316528314
98153188952
20267924209
2569311997
95615584990
127166854900
31879115038
262749521
128800619457
68897516961
69501733637
1523603297
4226255193
138212146087
28719293186
70053333403
76107388772
109137285813
15989392711
105353974468
5093242580
45670821931
130756399603
77175802938
23881333619
1584875553
133347842949
728809951
107849605
24218332678
83525238179
127758688732
9228961
29153081905
3539752873
17195810376
886039852
76012218598
22211596894
92680315734
50421906292
888167423
113408600418
111891196468
10255274275
50804690000
73750570837
122998919281
8901891228
42785287420
103645005999
21549278541
5107030989
6247526830
27533183685
186891861
118459101298
102496861473
37444486277
96418533
5346949039
66121353933
106539128884
129993540029
54840048043
77635613664
134888100209
17024378988
79706087883
8944984189
277609812
59945542886
827523918
72549365675
39108410933
36740996229
18915186711
31970054931
9474834248
38887183416
25819844301
2957930514
51677382557
55042185737
62278896175
49760160368
90788835592
20770973788
67899779818
15282596620
30307239749
104658464920
96401637937
84993747609
256406464
100750479593
98812848274
10201396563
81053394357
15927228596
16173440911
70074059732
100573683305
122989665516
684938131
123191475567
71418550180
75158449486
108295287368
4715666050
43640419463
58694726553
23991288774
77026223077
53010674194
2817512
94248341415
85963602
38204224152
26667613829
11106500889
10071892905
112305751369
40316465999
9279026995
50227586719
58699768503
134058758999
138349765939
1914685266
31083960238
36430261888
23144607755
2354436217
88780346588
11464289434
65957857003
5578588775
2606059593
133301546881
2566343509
2629034539
128501408587
25429742229
4163957404
32430730
32092442022
68432510715
122486836412
123593729692
1639565219
24839918992
80028501193
30923796917
5762939676
14053232624
3923746246
129119171265
16294359598
37856007850
66898787535
5221241338
47176271906
98695591195
54753704980
878965274
58577568024
88412038674
92753842456
97394127172
10578044944
34827908
61638502311
102384107550
9253925173
78582941438
11589767660
128813884598
46489020995
77574420178
20476640
4014132869
23479359686
82325124509
11427112237
99780019746
12285460751
82770382897
69339422285
102037842680
20270825965
1728054975
64177250540
86551397666
18719026066
118194274214
54047322253
27277749382
6791861182
48694588942
2890933509
4950151334
9829418777
39046159588
52771951124
26494753016
1957575779
102506962423
128480590064
79710520422
1175251607
6425345457
65167451423
50617776768
603514131
57617098726
48342855618
68019492138
36313232785
292818530
131881884473
20279532859
34568618
2436769884
77183067937
9292558823
121241727764
57742012966
114638270585
71266489393
81936515326
77677881839
5166989828
117883917
45923504595
66200495144
41377501445
7292086757
58806963054
59503001614
25921624
67702764491
3951272671
24636354537
1050972481
5307509978
111175228483
10154252130
2711571490
11914867403
54793825857
110106703479
74506321092
74154287541
89561784767
5098190036
136238395015
95091752763
22606850085
99952780332
131906822040
137568271637
136908357736
260801057
2364853205
51901745013
74016265660
10156277566
46871779605
11416347631
78594672876
53567902247
95091752763
2068675525
62533940641
4682807099
47750951753
38045014390
34712971355
24808486321
112339303860
29108413108
10571321823
10908026173
112945887887
136039497473
53182906988
120248358112
125863837994
2899363821
1635263409
105084341688
7775389820
38293036434
32836435925
64434994029
4234275436
449510064
987217841
44170725856
16684161104
21551526344
55186110123
129846956142
18351924626
741550980
762511609
108822650394
101388925265
76775330110
78995585519
81253204899
72739452146
88653842149
78854477845
109925036793
1024947686
18465113324
53640028217
26291751200
1608609540
28064131840
101863684
39382496141
34816709937
93783114238
77941976326
119594488330
42977055515
2332974252
22716801346
23031245791
38776310519
16716314515
118718775609
1637217895
137250826919
117569723047
47480673012
15733268956
112141600628
482952698
28637631252
75045265109
24348216973
118557127090
10426527960
86790572359
77879191481
37410546775
95828469063
92343441157
15628517971
35717498552
61008041398
48707176331
38044049
66933873667
28531816152
133108735803
72445100
5295599083
2030194818
21750572403
92667531750
25682635040
16228345728
90841008087
13534311842
2905430944
33984788272
73517974243
95380243051
37477443406
4076558656
76426532199
34571076177
26898195228
4852133359
5048127040
138253424070
58842297458
60996468543
67662040299
135470962203
511583887
596104395
101968998579
19063907311
60826856069
12638155653
23996041016
43399665594
29795445028
188970990
11622334880
116235787863
42417965634
43205849482
13216399274
11103849388
132792808427
59722794855
46762292
119510597854
30916568187
120303233404
25893113420
131081295059
103200142568
15301392344
56779970517
12163859723
7740618037
89660701742
234842
117248142299
52044979
73617204411
63783084507
8207056722
128954158196
22243573904
104433959488
2833848001
103763577035
34629524230
25712181176
52869760622
67610479801
71025482810
6525093536
56689548538
31932376936
41008270473
25422396300
54756136102
70085115342
13096447261
128302757722
112386991719
90556612767
89514702621
2603319488
131958623575
5555999762
76303700562
84479903600
14644717414
119211747858
61024759739
98066804
55437850691
117618539652
52305651956
5449313978
8257455799
6260900634
60988753761
576011
521424203
89331210486
7424458346
15011469715
3869922423
9013386881
5379991414
54973951729
1437696800
40212818513
14680877807
85725443705
3905861392
9618025854
11332034794
79394641358
62527427706
92061329156
988268676
54338765712
9742009245
112625588364
53158967692
9879267399
42556586978
12079451547
12379591871
110829582018
142472184869
57870817595
18167050903
15594312703
854570016
9578194725
126084897380
36267067426
1193086725
14916716776
38186070506
79225177971
93746142079
94903989973
23938256603
80999756591
43433093251
42512841719
39490153242
74739090877
68789327854
126527626998
68087556778
39968755293
103950045375
2562388615
126974917572
94722881189
24630734904
24373757033
16612758429
104000930679
2870700344
1052057892
35402670016
49750903706
109583073045
12862251814
31703115968
6240844891
3138015082
108598699135
51378182611
1837453026
2026038463
32836435925
57045467609
47831393916
1973491647
21465440671
18957916704
38907545936
101459251473
16518955
41669309178
21970223160
57367666898
132156347166
47877877325
120484410957
21227617906
89731390473
79670631685
3264813697
8608798477
36145415282
94882958712
196694535
122982262898
27616616503
134008464375
28657601917
34067412331
353589667
1013508671
127479558366
93648121428
18328505104
28797587766
105277142707
40320614955
140976507490
74540569100
18376738362
70505948776
28194896266
26390031
74131512761
99879668700
59904780602
7093151901
99770057766
12394193969
90784093425
28373470449
22166714449
22589191256
12070585145
102068074540
18550248085
48153845780
31399122775
46636554327
65277969168
27248127061
78782504414
3902474823
42376427105
123526951868
91339832874
3672408080
1265022154
68457086299
12000877557
44471548540
33128843566
31181889762
38535802168
50878384497
68369725315
39025760720
43985977654
583593888
1661756430
66821904682
17964055334
6480120442
82207992271
335583153
13765795808
140405113240
23304875
7972264408
2292231334
132235096063
123367495456
2917054694
10795358644
7057900059
89731390473
13624991642
2254656356
128914342399
46453292057
19016139179
64576627906
115690063123
137223411339
26344923172
41341759233
63737026478
331838027
91358864062
32438797783
137460455454
20288967972
33857742102
87045574264
139864556147
64282934660
55784671364
12847937623
6346998360
7796995753
131389367186
131343419394
4034784089
10573390211
3370813004
98194348815
48852623088
62621248374
72653527885
26708619596
93280614501
75570346113
44645316185
973756683
39162535074
1925093165
41685142591
4513484
49434390232
14034651431
10731178047
127526687821
132484951637
5469465005
14042442100
48552818516
18213694355
132463799786
516171238
128438957960
60775508831
1425293950
53908557490
105694225
94288641752
3695122176
16514748447
39734734472
34101630385
61718683541
14717081882
119625499171
4908467530
84155977961
62552179031
128291410894
1549327915
12180001030
52468379131
97888323187
36092510300
4041993512
94724497410
132606124958
32342560663
25441171795
14913625787
36321094075
131452557641
57879577264
54709953738
113142554298
459814879
15697042921
62476639947
139965460272
99887975245
5903719929
31650050048
105954237629
1502403122
13873968714
7425319150
8905202117
84311013759
28967617037
116975685986
45442018292
47962966532
2154871653
995037781
121102174130
31880032961
72010122187
8441335053
48106089376
455497422
277300602
72443870440
8059111516
6676492880
105381299326
25078390925
132891016264
140662886726
465470929
20433678935
53533060710
512648805
19404222585
2022541383
48310946886
10812087142
32461026649
54736688658
86960532755
138424504717
96818084
36093489591
87119828430
117558876043
6649637394
1708001303
4281272044
82045947231
4279980940
5574511856
50250840705
1257678861
111071649060
88572681641
43612317275
136929870601
1131611511
25325639
8567003225
56201610803
9804046956
98826065502
19085703718
6669162212
10333814845
86014144631
11189929416
30141189993
10124908868
123779311156
23057618113
139368495374
14256646866
852205667
122053259741
8755898176
15024499756
49231639618
22929017345
100853958713
7525498912
1125656032
110615800560
34878255111
1011380927
127298660
23781102176
891861355
21415368732
4735377898
68229248762
9593428974
10448102532
107767551363
142392319717
86080245688
123421253965
57867063700
72353918840
25167611445
336181056
75958892367
79725296442
127038880570
119466839730
26983987616
124746663436
49760160368
6420558949
47026703453
42049113841
18093095631
9314326896
3786712706
33235682986
305519764
121454907752
42348746585
90215968883
20232395038
58498269541
22406107919
22562332611
221266468
74020532243
136675737213
1512701863
140034729899
36917209801
77629784628
48999450458
42661242774
17040952859
31460158874
11060409632
113786927025
127658694141
11602245951
23973867646
43399665594
53620789917
97824217852
6203174783
33606315286
27906265838
73414568996
97145093662
61295140597
50141590351
10995946420
791924347
58444172652
10671865999
60885936027
50238050444
93669007179
56478026229
2816427996
5465431680
34003773286
28382976156
73312659050
48330318597
51472325599
4168096329
7246548530
48821681353
13225113447
47248335440
138631130636
81822672482
10984871603
19421958028
75544478847
58829676732
34457213536
14989764978
76101618994
4214720619
70889157660
31329058582
73938068523
115559214440
16404679972
2618033533
5226611421
65964553760
127001253580
100109062822
89571202807
59268422839
70119669059
2478604015
86255614894
105605153987
86552939565
60176407051
1200063117
51122090785
125540110841
113158508367
131031577729
53763965718
19453901099
13992742969
132937244136
9219705298
35402670016
5726427799
114757861446
561567417
1180849145
62870483789
4435046756
114906104961
126073651574
48926012096
36754839103
128094817348
85108330942
4689910756
90329442177
48999450458
38149774846
6337488332
39261692393
51074003756
33235682986
35917436359
36991814
121163385
129421036038
1552748603
51932486753
77201958344
21674602004
120061877374
138843839456
96688886123
42587543465
586221523
125807669202
41747450668
126006190602
67405775060
48836577462
8932187190
13366105803
59707536405
2686187840
67428806203
131324277390
13125948154
138410735754
13366105803
142484166371
79079437136
116410203110
130960844202
72616922057
134360732345
117222867247
141877722429
84766363128
66913964
130657102843
46144619738
3390505383
123783024176
65618118205
87507076978
1393638637
18887895472
50892427801
11168640892
15749170437
50308994949
74365123577
23736972566
140873248228
12928200275
6724645918
1610159562
60232599655
13799032920
45335002491
89769102613
3181004130
12770209583
726888996
535724313
17419084300
47621933759
63086214504
72941086133
88221946304
124133358
6216896724
3391934584
23179606138
70415859787
30066347561
690281436
28254359627
865182380
95253770887
38398138944
107883361702
15440867722
16750472765
60575468857
118926016257
3531859522
1991430468
23852108806
41430092851
8073486882
106009052263
1770980579
124176945452
13132894050
58890269612
3164711545
113882946017
71951276091
15036293601
30050324031
70925313540
30277743894
95049651597
109736537581
7819959575
2643328972
4873175380
6439715971
126038044077
24866532197
36258230761
1204226758
49683820174
54583659974
78861824022
2798031629
43603672041
3760380319
80086249020
113479596980
6613112938
5059739313
44295931437
39323091519
122342838006
17013285
43865572431
91079948102
94493521805
85330086085
111616461358
87087338217
94324113702
8083377082
183579558
2308576344
31593374648
125127208340
6512226126
51326441957
3539460380
68323338981
89681120485
43987063241
39511702183
16418334189
83299926174
9922738188
136070686319
7573227032
83661482155
66007421136
14072426356
6185163911
50041739371
18360883179
71291588691
24603448314
760021548
40888023584
111704475414
17714836
4296782456
77289177400
26945280370
27248973174
26112712848
93657760684
130235498856
112159244850
95852860012
48827410316
64601795465
8378426758
1146331452
46928998656
83242515458
31132000213
91208258459
77491415155
137519095
76205510680
74473506835
2443034780
27171195310
116889146990
18894890842
81247236891
56564564611
106613005005
84317096559
75849416321
127815306534
6297159760
94601705166
100153974235
50696002879
3251649378
59520772360
82844202888
80212186601
38805793030
105606863736
37452474473
115771706
68023575059
8839108797
43302697940
73292853886
12758228656
271383435
62926666312
1351167215
9248136713
100843942523
64592522848
42762817793
881932957
71569835
141302430392
123885159903
142182772932
59357124851
1266732988
2382668354
5531250003
77545289624
87359820489
59523311288
97858734071
54993442671
93596719900
76631949535
25053275072
26538952235
53487423576
87603251962
57973476833
52243956308
32783328204
1433678444
6463702511
13135209806
25472209331
36773631026
101362141425
62489259
34713931156
25059755316
72569066835
95812210013
104320098061
100715442338
79061780302
596566223
57814524458
108846968986
80563858588
94821496894
71214910576
72621145244
9987370187
28354853
13250691219
29173236940
21292328357
24222311661
136615169656
39156406314
13577254939
84632217364
10377809403
11762921148
57553443447
12561648290
10482051480
53420206928
15639928703
61212677957
1964234000
134331680924
21274464995
98331063590
22336593840
22696789740
26758879956
33402864900
132561880433
85411218284
9555612077
105376175651
3482378756
62520915369
2548078977
36512005489
8363770208
46735048841
1181343830
68818078183
1655259063
55215407989
85874342622
46633198628
670999104
65517974472
132646528511
39945008362
28004018488
84877724247
955949737
981971744
3722118700
68428415204
15569616
36730121568
4799564956
102337005790
50308994949
74932167256
1510639588
36184635044
109797605846
14578035279
332262458
8300797
16782694142
3562901466
1212240244
69314679531
9657455468
13222208352
8605079325
66211230068
98649370119
37317789866
58936997993
118967852016
317663064
2834368929
90171860021
7177882700
129808896924
52688527886
71433904729
34363600058
13626171496
43368407125
72373590866
76757942448
2022206
736132318
56178201000
83814521716
71046361197
93062684675
14659421188
12447067851
796078248
14089833017
23083230514
41548028025
1184645382
79362208194
1473570459
138881278755
18739918148
60002891501
37531404840
50832757396
57164784535
5866358337
62206123751
9048633713
40782559527
132484951637
8358278020
3002039085
34392243632
3852780199
29454420866
131697803255
6717289390
14445752830
37796796197
12918440248
97261369615
162974146
61553207415
40085522134
28251773082
86083320808
3471076815
89943622384
75535857483
97669794146
48355394231
137158802280
54472057490
7969586932
3245497400
138631130636
66263573993
1109639760
129219752736
92300379044
102054637516
8510047734
478935805
5435779237
10721801241
48860647373
45108165
1104697773
128527906721
16293711789
53587130925
100129022250
71695167976
10527928597
124149052801
3488471587
136170128988
8654885434
12487079044
314357548
84813643831
29734331171
81773267699
27718961687
36611604224
1175087188
229871318
96385330349
2654890932
28387297417
17053554708
80286314975
38558095412
868548094
66894739962
73046952920
67428806203
38382970783
37877095189
34377920227
2423545625
28904775387
135294024904
16913225582
131864621558
2948349508
82469405051
1718412369
3149285563
31488419923
93099522982
15245672083
34331153184
27617468534
68905446
3735954840
4974201981
9259715141
544595108
6656141960
38320306893
37583560
4538893586
561791079
81327823381
72125088877
124625531633
19214625681
51862742102
31464716055
21200873624
30292042756
47558620987
88491562637
16467154550
261399839
28001443775
15847948388
11527478255
15260685973
91260558952
82531063328
1177060870
35220636822
52786258542
17618884153
2802171311
125541980890
412847743
14071826345
29460586789
23430046723
23401892961
11352414108
111175228483
151852462
34707212865
8352787678
40496113704
35360022750
48324620708
4274496105
44999343922
97266284446
136421832763
12474672542
125742156353
69731769660
97453163176
94572635006
101561432134
3505037046
97190939610
2396970130
131937517842
34724106
8555410690
76652216223
3224572933
6645167461
10788044060
36704424440
94021211762
14077827233
102136953347
37024335541
55054375211
132098740086
122165729498
72443870440
138115854372
65271308739
93206876245
66267601184
5271110095
7785086690
773573285
12351541087
37310812281
45663075354
12728584642
77255737387
61123831618
27063175270
14206557107
35010182650
81492106821
717323603
86804471488
54635860193
42558721534
9565427061
70762686605
112360497346
61404746566
72094234555
5224820988
4040739202
118549864644
14566428514
18831282091
14063427481
80538605699
89263825835
115202886563
101504473474
125412988635
89802108060
131563657189
142727895697
53360228828
112915783708
110528245224
48438651312
93607962761
97374452662
111198058200
3259208441
81353201678
11863194243
111303457480
13823395781
106979332618
4593299077
63048268469
80341191506
115399783627
130668558235
10049214794
63125480586
19967997024
77593358175
100350391381
126480691583
605838833
27900268897
2596351886
121996123434
29576100844
16154730714
122003495216
20266473417
80146981961
28884715324
15220667683
26344923172
13613195982
5904101840
68201623
46559406656
18547476419
16286586640
66148175623
58073729647
98428310727
6695530
64886947554
7387494404
57229468659
749976297
3219839400
47324966768
14887676727
2434121809
4797167261
27552753578
56360701184
14534073895
31709523507
137538862490
68950959720
640682234
38771228632
47627588822
1636045057
685186129
6746740728
10932735644
82972338733
65272640786
142631978163
65309944480
141489414872
27614912479
42125504119
20194724114
10957999174
4295165357
11490729051
53609969852
21616769291
107101585863
42710411102
8393098956
142631978163
46730569203
5843167818
142308481909
139860599919
529091078
11036607897
25754067815
164436121
124256921579
4838017724
91373138993
7774949179
8395392731
82625851553
85814459745
18598094140
51691539209
427911214
26941074775
103989056400
4768782216
45992339441
125179483546
5016175193
50787151601
22892673914
11966656297
19319213499
36878564218
116041762137
100617036165
68063049330
710100980
104508767112
45679676087
1206561560
113151417483
12977636825
50378821005
80684242291
23260592312
1360564682
42858084452
62383408
82383722934
139856643741
33961065371
5462133217
124232739838
16848554370
24638763232
1823974575
8186221482
142606005952
37539402834
20981658238
5284786523
27454960
552326134
85389783244
73437226088
47402499
25685917088
6441713206
103804245007
8300797
9833401521
116379626731
499207374
101414038660
120065532416
91087865883
18829885451
97490890069
1864137838
28711469581
6533625
13167074855
1474125922
34888837906
68195173733
121478811719
35072864627
13732003901
98936795587
100727120687
28418420051
129075536618
28188867793
81468201195
5411677535
62955420614
37538403025
114875733766
5194075560
45949033496
17743934626
34780190509
110924271886
5466531479
33372775972
92625989242
78571941
48830847839
72273853883
442477927
71667204052
7004352249
32908245814
105002500590
69749691795
104661868348
60369370428
293773702
94230612400
3170506254
18013835905
38291016840
132000840991
5677301238
59869124952
93583872360
64409859964
91127460266
43965355107
105181572445
46189126818
419529491
354642997
129244429601
32558372936
49569414401
19914750050
46006779422
8146901433
7243574671
131985488243
79208977818
113804705781
14929083728
97769991531
115578926883
124649753816
57005725731
23571870400
138275048701
38379937536
24928695070
1902829916
106723004991
29757351977
89248158203
53042943735
25562161077
13178091252
29727249579
34324474855
25606385367
105195222761
12738272377
73100620962
130260280347
97323637597
140280275229
12633046852
108038181
6121942455
62652536600
13665139262
1058582894
78012093090
42893436205
28085618033
129734699141
55868178332
81849626966
10383444540
14164986292
1056871935
573938777
28336324392
93458657230
75675295790
99632305999
135488467958
129145736063
123041492074
10602884306
133755215370
82848723455
52721889144
95719557236
93574237172
73922434248
103379323286
125048816850
60205777154
39225898744
124389033062
75767368404
102278145523
655389726
73717925884
101183113452
10394207891
4572564549
91968984064
18418824169
44769007502
1319669034
98373911222
74315236634
38750904826
130804152478
54632217556
59513155990
8652088486
546466743
114807859520
36881536129
110057780307
86866261098
493131894
103602675992
115693649163
15440237903
77212131379
4329844314
8692229224
31915842632
16752444604
79583498452
46320554324
10523284198
86722638875
10490289466
119335612140
4858682602
44829272889
3179345384
2996677017
92776226350
1941940178
21296051016
25830540024
25304196291
36069010936
96452200634
356666628
25649825626
42105337512
18411921155
25196034928
233673090
528982701
11042423734
122034827595
99218017309
369848068
16732732134
45993450120
28839388764
698399753
2062052633
82311605196
5010567595
8083377082
1002890919
45277684961
3860121639
6931068157
104597211896
8321252793
507334189
42146737483
97911339989
67841323169
126743647949
13841235261
1506144606
23833951545
596566223
9447496388
393964710
127242167744
890155513
136855560783
68889296727
4708880272
2600332434
99813230210
34782112121
571452625
9968308999
26113540195
36110139448
97648447397
49805297575
47700002336
94813411719
96393483936
86007997061
98135081067
24723150467
110473978767
126521994195
1268959049
11569708843
135560448935
82493464205
127424900207
125200023035
2888827789
1457507816
70676589007
124072828928
34990907372
75617780174
8333128243
123573323575
131993164439
17731070461
140883175235
142837840356
134252289767
127308085843
1736516713
4963389230
117868212154
81994968801
39587684959
14956930659
2884881548
52305651956
115313843013
29735216422
81068296933
10314916138
15963101052
53226009826
13660412586
23221639712
15972717069
89896439196
134188407682
15759988010
136505789398
86094084351
18105410727
15024499756
14056830410
9004347286
251242202
641761301
139177051755
102611376843
38542894673
8255181878
37266970795
67685215
130746849960
56819630641
7091470923
52653986677
50678484832
288383006
22046741837
58761549800
128605524166
45565745592
137176421465
6570234518
140145594625
33729064022
17339356021
72466368688
131238154847
17679661703
11585429452
79369578921
19312844550
7360473297
131949029756
37938387192
55538227939
113893616889
116083067380
94472537470
10846112301
72132102350
4715326583
44637659174
24244600247
40777341862
13352088583
10952207015
35723342754
101318624575
45098258456
46423157844
32484189964
8751209392
64326552391
16981326099
47868805749
4570226740
122475756640
115284
97661583563
47977723001
3583484900
1480985733
26315007050
61575163
963198996
1540982185
60469172808
14167996765
13233249407
120151443759
12710926917
94156491354
22590726512
964237277
105203754708
22982424930
32354582876
108878241298
82835162096
10299097361
118966032893
67653897923
42692236671
35192602899
117226477771
95896770145
47480673012
115426645886
135334845581
10299607450
22147709842
752969998
80742236628
58047402966
49420552284
75162749249
33357736942
53629206190
122991516217
63869985559
3762495260
100298769302
4081599224
420812
3271546975
51207773346
11152157125
48701454622
88874123824
66805724192
16838667055
32461953026
50208986367
10370640927
26120987046
25941741835
131596228728
49110876275
6791861182
46978396894
114320865605
22589958879
55162923078
30156347520
627687247
17028355986
72112465908
3104883061
2781758286
1114112292
46284892156
13873968714
57882080188
15207549022
76167985680
94356367766
100768834744
73993512836
265007819
31501186789
530284011
88615621
83105107601
118459101298
141300441921
14586590557
12536767442
62759498806
128550621227
131989326323
21238766033
80010736701
1853064767
10917486015
84812118464
14901884168
111760824388
59268422839
130487237586
19839331777
129497037794
9949267269
8530861295
51349957463
109780155440
45735888
4972108185
16948249727
5584522043
19563416015
2840884782
759890621
59992693647
13728449153
38410275652
52991556090
9757871057
33879530883
54417632
18065059980
5785962819
67179752163
2910711500
70640500335
93960045878
123783024176
118529894051
919118063
50357868223
92619598804
10085690
36509049128
71554002733
24603448314
11768935633
135430119502
39480920005
15863913575
4537562760
12891476239
703797742
28608122844
38119540742
55208082905
47798529221
10433716588
2570301851
534307462
35976069139
111328058502
2656652351
106491040058
35446313527
39875879197
25122168717
73406073240
43604752630
97361337678
137927312390
142272559061
95177604822
15390524330
47221303594
12514733043
48781589076
141543149221
64096732285
142759874627
23490326006
137172505943
421832533
82017457332
118984225001
7448579812
119603608605
20336904112
94866782430
89158882728
123339693323
81806202629
137852718434
48164082953
10492349794
36846871074
48605385120
4519619072
88663209233
72310368879
103695813503
125125341561
33656330285
31802053254
7015630930
96020423113
70787693637
864482121
119696655406
50585104444
91868741229
118611602312
323828460
119570777267
85492395463
9182668941
50717029361
12294970872
4545218171
53074029467
55855893976
132812062007
31418246690
3429219194
10187190419
38060114759
90572400785
110061274473
1998587527
5967298633
72063698
115199308379
13371364886
31299054013
5720041852
96100186832
43003877592
16335197043
100600361069
1329658107
5346586608
30677633688
32245535336
125433547604
37380613323
760676415
104850842595
54104091312
39351763251
30340327492
60988753761
46217554
77644357786
48499141303
20062431289
21977792410
31074900240
99269340544
41537490739
5009516520
98746778670
26817581000
32692134850
102136953347
468006984
674561981
71217698244
56549724025
2531599960
93792760354
59036830204
7283136590
89350019890
19273950941
9059603644
13708905822
31901149198
117240920537
106896722462
14940218740
5419705407
1155930653
16975369220
11351877617
114196167935
3913873476
132271597192
27564669496
132448417688
13683464213
129875504463
5047775349
75035240316
73520808459
101660310229
98237164663
66745067995
95049651597
1008952021
130611285439
32385110245
53706188836
129519843038
524872827
36569184135
252932981
170890620
55563950976
67354198
119093409469
11510177369
78964706504
87203402002
112478864967
38857669379
71029658031
73966499069
90844170555
14627574182
61541580952
90258511804
32047323587
139747870690
7557589864
122765849235
52690910446
124774625107
10593566800
3752229606
83000996502
86994544813
19574812189
4451171447
27661793842
131759150433
70783525480
16171504686
51360541042
8944510088
2106412317
69060652688
118442767859
90940655208
3889253176
78716439701
130641829691
9742504772
95537644880
57322824234
9368630974
35895952171
2814351698
19517154688
81985974223
28865533252
74043289709
41011410076
10719718185
3447085072
17183156143
14752105187
55539452706
87640496954
33333306216
38835287279
138241629844
126523871768
137321337825
86331052695
138170873238
8691294454
6481723416
97530265749
23397983872
80471783154
43100505430
11492889093
14548720191
22730661310
119184434459
3768844191
61511876485
29626438943
59776215971
67436935859
54680796436
31677492530
112856526
132640756148
67106752079
86525187491
33956322028
5762939676
19486045
140278294148
81831656590
15225041634
116829672729
94367658325
71127127377
774366755
74523458
67436935859
66054323193
53464612627
85053321634
53464612627
129257954
31040485082
115561006429
24336249824
129919285338
16040118428
85556755655
76426532199
326094491
598878413
197728775
75205754423
129867891221
26240291428
10385494298
62595180600
50618943851
61763971898
12205622412
20843041028
2679608976
1187290552
19374447175
75375024045
13787751501
14466439188
380710372
35884236175
22674479841
140206985518
303654529
49030451381
85354574839
396008798
62245103271
89773817348
29805193405
2595854502
23136827
121576295016
102783276493
30453142278
55671803974
30326017516
1659982991
24505678852
23969117794
59860212625
36400739582
93291837884
28187145523
31606166228
106783188690
83413298091
111688629851
125022691488
104287819496
56977847
3258648191
4767074983
3114171659
35508432837
3207050668
112622051682
92018334249
2936129670
12244110569
112171596639
7702417984
116669354772
63776503526
93688288323
3020582804
30561689131
122536702149
19918345461
19259817481
54802338634
107446379073
37903212671
81296479226
4130281584
23751940549
12121058682
78972058023
1707401700
110155638813
91343004492
35848125338
81118975293
125601829124
135661640329
21212014551
75866695881
69302309766
114361853408
2397447586
138532716418
124899562760
50653963579
11646789771
21757348556
138227870397
22726811025
231768249
33183176380
2389575765
22105169178
84524059201
3644420648
4136307807
1972198605
132606124958
98098870287
18057541767
17419084300
2998552986
32123767856
45206087890
20255593852
73234871375
2138204827
114465247566
4790319913
93765431005
130351801379
12499491746
19456741935
108291822368
22854816801
40514831762
19890311000
98735219011
7914875
35326119217
111778436978
3463842716
273450270
83272729342
47407301711
75924312389
136449164455
26585699297
2993998091
56354529939
113818929587
2784080209
109168599539
51076348838
14417789542
8490186353
5655244827
25583448681
76553800893
5569695453
10472272427
59260823155
121719834718
106707532122
190047349
92611611183
65484613537
493654267
15691326704
51351133362
8823095377
15789279720
7870422819
4716005541
40830576733
464357212
70428330174
115351438500
15907388637
116786428891
3737761350
25071097868
29602924
659639457
45713993326
15137675456
20830530447
122531160934
1904309711
493445297
20699763003
4588947578
12478055504
59940446766
3497476426
13559598495
51445250566
2581202949
17885096562
39524018571
29821148755
43455747260
38937083379
131525342039
130764039559
103365794372
7249522841
99085627503
98033048121
65913667528
38851564621
80109946488
124968582981
23155492993
92886592439
16073556982
111744974597
103616220502
74243998566
24625115725
56375513886
69252842814
71906459071
38180020070
95864243337
90727195361
103443597146
3412269795
3835274
12324641951
129291892206
22199420806
21099261631
92705886664
6525495865
26016009375
66094537793
90252208478
117833822215
34105433341
50972043997
23867903402
73632803722
21530550946
21587509032
3390505383
20143347481
32349033966
47376839566
136252050612
1997719287
11807797826
133425021721
1207395861
123775598272
35768163090
1699615997
9914236195
52928252083
76959472963
688912581
97281030227
48338296488
615421743
133755215370
5691531668
36302425082
65650182227
65104912486
12729154439
111530249177
631963201
535070159
16214772259
21992936462
134635921797
8393098956
98177883897
69848992039
37954472186
14790866898
22270999498
40163117163
30175968230
113833154097
76721724623
24294787622
58957210219
66586155513
466687413
133789996690
96418533
62059424554
627213055
29077775381
23981785618
42993147974
11360463159
21122972433
117958736324
27694208342
69660103558
108485951040
18400190118
62760803867
69289941157
86014144631
20887964333
35693154635
59054532232
10793268506
51698
62629069662
115124181441
1801898916
2501002741
69802091367
62535243288
20572345619
77603556676
81093633956
127185679998
112291625445
65087620499
3400805175
18461656599
47600447874
23325906
450505208
1651720673
143141135
73644149626
64161406636
25962362106
13869205552
30823581650
130733481281
12665419093
97189302011
37903212671
3967403423
73732118506
122688209297
85047210520
54160895459
61732915444
3563488704
56395268012
13626171496
12260306450
39431694325
9254407596
50233399776
39876910488
129658620225
13163596979
65543335029
45219301612
5967682682
3783378545
60364254434
31890131212
75617780174
125963101401
24169019178
3144610196
116836880851
81241269007
95518165648
2566590818
28357054368
103403001004
45971239168
127853059078
61601016954
88273342571
10433716588
82144957055
80883598285
100438680022
38286977844
103943261747
17360107774
112945887887
14652068220
117663750725
89232492285
41392223697
84298848705
4286438760
61668240524
9791124940
78772224993
3977036118
1787325749
129801285720
69704201750
9145708328
19390040395
32865337230
52740957314
4080338788
55757670062
2875160957
111152402080
3439298191
140199063454
37539402834
99878007427
60249207828
90891615025
36131694058
10758810500
39672999476
15113385563
115525169321
306332596
126356823529
23085559733
59996517738
80071440028
15970152499
38277891137
129339363539
1838076175
95093372270
125399906844
104014502143
74115856426
89018010310
3666145653
17088069216
57304146813
2881989759
39391718484
124921946060
5165922399
115616563800
46980643172
23018066420
6244775101
40441031195
43389963519
21165984721
8089673974
90916923931
103041391452
13589622032
39804758202
18017930519
136400359788
285865092
133432740793
33926922291
137727134898
63429551640
122503457173
1681920478
12033493020
96607238449
1130483542
31344520625
52102909813
34500243913
3068412917
27993720414
3766424643
44475915770
7734463795
56291607534
104578593
142727895697
1228518167
65476607881
88596089022
10838779127
4836297687
12509086857
26176459271
45530378264
125873200749
137591801617
11116579542
15366015773
97977364
6578717323
29591109385
7309153029
55315568891
51124437139
8222022683
18821492
68761952196
86051034901
75347756524
88312290456
647894172
43723698318
8336784159
92332276104
140397185392
69536146030
104607419600
63048268469
71535842326
72595807910
80491083729
60403908193
103159596434
30538348557
65184755498
3089071117
3490213657
8182601256
12643833289
88254651389
86907982251
127232751989
116189060785
125656079257
14712783975
7768781691
35015002111
6333528026
124279245427
108324742659
3542678581
105952524922
13187952439
46149069636
27386222912
10050725881
32747019911
8730591496
80354542409
139927863997
67051354000
23213852910
6043196612
8358735641
8423860431
63758079570
65436588911
1745199460
864902240
46540408269
101042691840
1119715537
46978396894
59302627862
56647458872
118464546075
18528774120
86986814130
401188
103103861317
329974159
125822646246
18859925794
141712376778
7720406945
5700528440
41560674995
375801410
96953651087
42630259985
3288971069
35733084164
103653473068
74375103044
121186629158
43493515873
44733963348
79679494917
113110649208
34215813773
119009696719
61932341820
215541624
2530617860
10871799090
2899627442
53836232230
66977072915
1117312312
28788012797
42945954778
116927003457
59833479618
75816303540
110943565191
12648376261
16232871687
131998921830
19196283139
15003406000
493236353
290754768
68515816978
109588303056
40895337639
23723584253
90342055153
7680073517
44014207396
73240526851
109123369843
523362621
135301799736
174257406
26193860326
52018846800
61730327718
26371530914
134775561883
5017577653
103739857525
122590273760
25182227143
85010548082
2722781716
34852285290
3698416043
2708010532
48866379424
13697069304
41518527157
53654459191
114434937663
128825255144
26745471756
19868042633
2261820825
53949564654
28707123544
106338263483
75241600892
71630857346
104687395381
39822274041
34895573517
11814920083
1323518496
126491955265
105040007436
139329010294
41321793142
131646052504
7826590598
6755753152
4363029040
27467723352
82537079990
1603964380
80247763825
70022940429
8706723515
66759892308
27980850715
15206299942
76484368695
43526981124
49981413011
59584264994
8307559987
38276881564
119527009177
120098430764
50863173016
77351715033
50614275579
31658281549
219075210
133322764794
18153343785
59707536405
9535997645
108059795694
4390782691
57503541441
47696606777
99882991274
3488761904
135146343402
63095375357
14712783975
96051348434
90406710252
3675093611
96992905731
3762495260
33076429812
131567488989
18290653945
34956225188
60639550161
141644672876
59116082
12246902114
48293857403
77140935952
10860786911
16334548390
133444319771
63643645807
123010024321
17364795479
1906848063
40800301940
128927613596
72660568718
5421165667
71601507903
32981073540
41667198326
1313731692
91538188287
13256507761
112501839670
18372601594
104762292189
15725638810
39188078217
2364142182
70078205461
167559592
14592092022
14028061510
84355119678
36583978972
840851837
7800526027
137145048
733559170
97666509852
103149461438
60671602954
80880620821
89422144470
910317226
122278251979
129565458402
4856269145
103249147879
104274229988
64750259111
122660487588
118568021148
73178329523
7018974504
2914500
1143411364
45443122273
112659188949
136125277519
5323413014
18483786215
71664407890
14019676502
3125122239
7990574007
13377794091
8279757298
111850666249
5769728218
108229460296
13571368063
857635362
33498862818
61355733442
5974981781
130840450663
28862918205
1015638821
22557730095
14976130708
52976024845
21571012522
6923596385
35022714151
38618929038
11449195510
5060795630
23955662879
38804776181
77476857439
32619646362
4165867392
117318565056
27395555683
85114444200
33445200819
1530391651
42447802316
116347255833
87217334497
89223093675
51754085744
608051814
80086249020
140430880217
48354254310
23958828353
5698653553
118873278746
27525528662
49613312027
84705375606
138198387886
17901418698
71632255107
73356526789
133444319771
56751473768
56880385960
40329950780
1692247566
8715612002
96439150862
771327800
41164353298
74862056445
27202460345
29160967854
103070091489
27049688426
127822856604
6086571804
77255737387
16099305248
6744693335
89022704345
125882563760
7855356495
6433726352
72749315449
131935599271
107776191344
2689481565
26545627771
72825428275
36603710340
72639447449
58432853619
14733665983
2900682074
192717717
35984869146
57739513410
74238300834
1725842592
35599762137
42941666072
67501254
88301383721
457703854
126219887104
128736200763
43893759831
43967525597
50579271313
120339824460
30810052683
130376594404
54206846759
85796038553
5141048073
14056230747
18442996070
45177466932
96391853165
3004454138
2726863178
54860733002
60080686808
26484751318
23319868828
22356444690
15087872172
38639217382
116622541710
96049720671
24938390614
45622139911
112558401986
2734779081
105203754708
71579150719
1231939
95261875590
37903212671
31648220918
19875942840
26562320409
10488229678
317663064
124601311914
16842621561
65007844275
13926427142
54936199328
37085909189
83348288168
8323535888
79114755576
5032314601
7065865996
9192761926
2974736767
10680179891
1069659415
58244362205
28018610573
39783126879
20352895498
7626335686
88508719318
497947444
116117194301
134352985107
200327699
50018532629
123343400091
2053679987
53236788497
46880752253
97128724132
67323169671
3218726270
3962125866
20065318085
1924029536
91908512316
38221373709
94354754907
23412840081
2383144430
74956498113
115471423781
41633431826
48645400165
121465940112
71955478528
14824747867
28100233478
124005920122
23150827463
12545247341
15721824506
25180602961
10482051480
2091274647
1997936320
121144397407
112770635950
39362006247
50604939843
1861418187
15835822083
117622156164
2380288450
3992288135
2976072766
4501711712
25287915373
89817826548
688290862
3527186616
45201684112
19937766262
7619796529
49619089728
14573758674
97518780380
36135614088
11452428976
81978479292
2513709239
63458425192
78713504461
3703209921
45597808695
876143496
74854904232
26511427226
60252705
219690181
33342701358
71583342422
72793004898
88802222122
1325972284
110663095639
1944078474
11343295027
43197245668
11538840084
127502179276
20273002470
47644556009
22095299409
120913189181
111038304569
3914490126
118955118493
35165545969
14935269362
22849411478
55496596731
8364227997
13405866617
13880519813
118194274214
2641822512
7292939529
85079296107
117074883927
19951439495
39089015314
3176581822
24997417095
19769087959
140397185392
80601003387
15746625575
19178655560
35098918868
104114621398
132285046215
51638462244
2116012822
108633404247
67605053391
1551607857
23270726439
9844318
99502947847
27432052390
47906231480
20510249036
25398732439
22915094799
112827267302
88426069543
4531577250
40624107167
53939914568
24682143208
109246902774
97104172103
4985377365
9759358678
590003718
29415677588
42380686683
5861792597
37241076989
32382334550
103321832444
127372137247
77868972708
74932167256
77635613664
93960045878
17760191802
15972717069
4692617982
122623530404
97668151993
40563727293
136238395015
1648775484
113350045305
52086328815
66085153188
109536010088
117578762584
17405001433
34572033908
17078109621
17346048761
6887534164
107701898003
132559956970
20393629252
129384944697
42005647150
12377346455
2038520002
2712843987
18939697742
37291877236
57363929355
139070533521
7809356131
35089267954
3458349273
881084491
84061815479
5736578242
42339167204
86979083793
131745729436
104450958704
88564880248
16155375713
61098090906
73488218828
17517829797
3155616870
3565062
526060922
223814639
93791152641
39446300
92470939
3367964418
131263031648
15541816976
127336341118
92056551303
77229572493
124823101143
24387330572
16935690046
129075536618
82949717938
128751356123
52977219476
25499994331
7282284572
38791558486
42238112183
47806461104
122108565811
22527826116
83917641606
5759170406
2480304266
61478306151
2987305018
70150085167
32396214273
44575331943
2729925794
382038
24736646
51893470312
75685363103
75439622964
117201205419
88966384823
14589035497
45173064682
57169759057
33860583653
4453806911
76886949987
83606970881
1757354034
83755406929
40937145291
135189084902
6936882437
14984806414
7086849800
20427850529
79180999575
50564106332
37096839730
42009886726
91174984208
123822016569
23121290325
8416050142
15893316423
59992693647
31236357732
10197336461
119661987163
1641914399
73374927264
127364600765
73513723068
105606863736
2759110820
31114774438
19323459917
80598031365
107650080431
4692617982
48743802935
14864835326
3235444286
129799382963
54709953738
142801853450
66941972373
108044221493
124411369030
52668278409
55396259583
76523419788
8412835053
14464613335
783253870
76384614426
438736879
935541604
59992693647
4612403392
12769068333
58176583259
138109960157
325254117
84966259609
10108232789
67717700350
80902952784
122869406489
14825980595
7318120596
84783138789
16645493147
22906704
6151173100
115756412916
90814129382
17437870968
40434798301
23990496781
1278744452
33332366785
26804158170
51627849737
308043419
104878097351
6823537727
117993145373
124407646210
136755863160
111517936370
54423569582
2670262135
102506962423
129793674812
20042951354
82080750
49728923033
137621216294
18855033279
125343848654
11273684759
46408653033
5932784669
79206032498
23395638627
48834285508
126629040336
129856471791
83448081434
6536362912
6975154579
141682505163
134626226944
63923998870
90335748523
19543676
81001246308
15860080913
9432379253
46749609760
54300019912
61010613278
51377006420
9829418777
74114433183
12013586478
38536815321
11740518519
53578717858
50041739371
15784820403
32497164952
41271379294
29266224954
70188809201
108439135287
25898880171
31549543752
10697338138
2802947856
35459897071
72766225825
66626537293
44789821831
10353754560
6587302
8828745509
3485859700
19142716859
11145780417
133423091990
35506732
10906975309
106776309636
20752608403
13290578
11978793719
104612523641
12796471605
1407515226
16882854978
135117206229
50233399776
116358045635
52875727783
25906295732
133347842949
974203970
78717907374
408580018
80074401726
5444556097
81159231260
59628730191
75145102
107246324375
576088930
139182970642
74323787364
30927411659
125527021010
4641981662
1877342491
88226618181
18874607497
141407839391
71185643281
17555522577
5271469694
3583484900
5186582291
77239747184
3201776395
23204510394
26639180313
55271584213
123907449735
81022103290
277455172
112386991719
1157724624
1268102606
45036696036
87875014991
23627622561
11477235040
73855652339
73165611038
97751919734
2033917227
110572018361
50609607599
124552879976
83887102
34469641251
17918428247
56965998587
20745998862
12510215913
65135512417
5401105008
64937418550
23028919700
10607027036
9713784314
23717285023
699653115
90031734846
2789501772
7638114175
49419399211
21656568852
40607446709
17936807898
48101542500
59822023965
34633358456
101467625242
16533673946
46900944905
22098336029
50935740608
138833987705
7702417984
11248577212
79477233612
313780913
138554364585
12190023798
4774930666
31219104345
111861238403
137047245489
310332249
65403248538
9846849986
3224015841
60108756924
136826234078
49598291920
16126362718
20975011381
74006310849
139307296789
119148020873
19223801328
130720113148
9182188442
89655990115
13203623270
112133913
14631859099
40048304326
16096729412
26153269881
348082840
7054966564
22458125131
6579121404
84142305530
73011654909
5551561576
23765336998
65537995365
387216221
86762778159
126758683027
46444361991
7713823090
14035849835
15110272906
183517387
88116085058
119155303239
54083553513
137868420848
53673704181
62215218046
15739948
43679344153
101281809873
82226007233
8486494497
71475788461
3005921
22212358023
5399647514
26296733780
59552513805
21040049349
38724491236
30848844384
128126941625
5874734863
13716010816
389059835
17309924915
2661436924
17952472597
24478465074
69629792732
26960422968
74125819441
357372406
9135162690
116376029775
46731689074
750236391
85371412742
55160482704
456198813
140444755632
119057009069
63846279287
911036715
64261791524
120553989855
83319571525
77499676
8181696360
8804744380
60578031421
21646052276
70939221836
115027629329
60633140540
7635495793
134608777167
92487051143
17036311394
75174215975
9076790972
90809386459
22940622618
110615800560
11570250794
63814677915
95401858
6110658916
20764361245
85392845164
39120662789
95638323916
130424280329
18286527281
76410631168
97384289590
8975353389
2068012824
26869630028
41304984650
47124512842
139759734724
54769508143
52557570444
73699477607
12237412237
5033016819
110831335087
139082366801
103325213786
2590386448
29317172418
73794582032
141893664463
12362196516
1021432673
26876349742
306169922
30693832390
95838225099
111192789581
47340750994
821378101
114299484033
30074361462
65332597923
28417555294
36896398136
16471714981
44684704451
51990446920
8053723958
7282284572
18368465292
113362464866
1304504331
135373728457
37425518048
91230444699
118098217439
840575861
67312339855
87084244245
207495660
6407406328
2159161360
66215255829
67389520604
1759993397
123628980213
1673009373
28167342404
23032090
44592823121
76757942448
15943237199
133830581351
28339778788
14927228389
36606670483
50559440614
104501965286
63079671485
48953545432
100969181122
209092384
9354065276
53818160305
19408478319
68511718469
135910888303
68436606328
34600772864
10528444748
11395909677
61770442959
20886490485
98954980198
37185337747
2420905302
50424235772
24650808899
8279757298
84854835494
81884076131
10751508208
18107463704
195277683
16539549297
66107945309
71751109932
96698685799
3379937848
47849531228
10921165988
14164384211
128143950804
92876992211
24758329
75879657702
51417005900
16795856052
92875392274
15579756596
44705499820
40911013142
81032532939
77561310699
1903041265
252197151
68662077089
39177859887
6464903104
89507718
36387950631
29760008818
6707895513
81034022950
40215925848
80456938184
1355595128
132773556171
113550618086
70325825260
18523927033
139799285792
46928998656
318658458
47096395519
4360747739
20433678935
119069748444
14537124482
325590115
10626197853
69607752544
4659503946
309186753
79678017626
115993281988
47154889797
125575643828
46738408750
105164510699
3568482055
15315721
85414280700
518633025
66767978936
7486128067
43754001466
35150089531
9022906159
12691006830
4833546319
72010122187
12477491653
1632333854
60465332819
136043395775
2921288324
93009839472
107606907756
119368411776
2445687891
122381597949
53814546354
31651879208
11517745019
26578183490
2627032331
16076130824
5229476927
52714739372
29475563644
57321578903
26533112250
94857077314
1299468590
61606186720
3760682372
10709305975
116728783931
27996294731
44090255146
8717951763
72144727557
30623675430
14692532026
18114307732
37474446683
20158536780
124629257941
4081599224
25838768714
28906520027
5282265266
136859471271
469938797
69129259048
12389699473
8244272278
44003348804
27678851576
30550915347
110353240762
32856012738
26781514441
9486073173
4269981553
115573550614
121287654225
97568008656
11033964844
64164047134
5494797856
72125088877
21504345081
74687646929
7725237176
62349110643
30411036369
120202639783
103643312642
4441624386
29020919512
2404376323
105625672293
36853803067
612023694
51926574382
11511798808
14597594903
102427854506
35588096771
119246349641
72986245653
104068797067
14303801692
16245160320
89976658637
13926427142
1068095115
9763326230
2088609471
61972527399
1588145256
115181418497
8423860431
43360863432
131331933950
102083191929
19429764249
11903863399
56455786919
37896180000
25682635040
87507076978
1547049525
81577298424
117774103510
56491619746
121034268807
113291504776
88164337631
20652848347
10401386101
94878105635
25562979586
120403870675
21746055487
20202524
113344722838
104558087177
80820257
126426256284
93599932078
5708030242
133334339054
3322258683
122488683085
53930265220
441886139
141234830134
115695442210
62429777367
38786475477
59944268835
62709918044
21891592390
75807666970
41808748064
3500674039
13395921234
7800084678
20194000035
618241467
3836592980
95558749905
